,negativo
0,todo me gustó
3,el estacionamiento
5,todo súper bien
6,nada
15,no hay nada que comentar.
20,nada
27,nada
28,todo bien
31,me gusto todo.
34,nos gustó todo
41,piscina diminuta! gimnasio pequeño!
52,no me gustó la piscina
53,nada
57,nada
68,nada
71,todo ok
74,nada
77,todo ok
89,nada
99,no hay nada que no me gustara
107,no me gustó volver a casa jajajaja
113,todo me gustó
118,no tengo queja de nada.
123,nada
134,espíritu
136,nada
137,todo ok
138,toallas
151,nada
161,nada
164,nada que decir
166,nos gustó todo
167,nada
179,todo bueno.
190,"nada, todo perfecto."
192,todo estuvo ok
205,nada
208,me gustó todo. no tengo queja.
212,
221,nada
226,nada
233,me gustó todo
239,nada digno de comentar.
240,todo me gusto
241,las almohadas
252,nada
258,nada que decir
266,precio. mobiliario.
274,nada
286,absolutamente nada negativo.
373,Ojalá la azotea estuviera abierta todos los días a las 12:00 para el almuerzo.
374,¡No pudimos encontrar nada que criticar! ¡De principio a fin fue un regalo perfecto! ¡volveremos!
375,nada
376,Reemplace las viejas máquinas de café para el desayuno y ofrezca un café de última generación en una máquina de café Nexpresso. 20 por desayuno merece un buen café
378,"Lamento que la piscina estuviera cerrada porque eran las 23, lo cual para los británicos es cálido."
380,nada
381,
383,instalaciones del personal gran desayuno con muchas opciones
385,"Nada es indeseable, aunque creo que la insonorización podría ser mejor. Estaba en el sexto piso, puedo escuchar los autos cuando pasan por el lado del hotel, nada intrusivo, puede servir como un ruido blanco muy suave de fondo."
387,piscina pequeña
388,"Todo bien pero acceso limitado al área de la piscina. Quería sentarme allí en silencio, pero me sentí muy ajeno a comprar una bebida en el bar y el área de la piscina parecía cerrada."
389,"Los ascensores se sobrecargaban durante las horas punta, como la hora del bar a primera hora de la tarde."
390,"Excelente ubicación para visitar el nuevo complejo artístico, pero a cierta distancia del casco antiguo, demasiado lejos para caminar pero cubierto en un corto viaje en autobús. así que para aquellos que prefieren un lugar más tranquilo o visitan el complejo artístico. No hay muchos restaurantes alternativos para aquellos que quieran elegir, pero el restaurante del hotel es bueno y tiene una amplia variedad."
392,La puerta de medio vidrio de la ducha debería haber sido más larga para que el piso no se mojara.
393,un poco alejado del centro de la ciudad pero no está nada mal
394,el ridículo tamaño de la piscina
395,"algunos puertos USB serían una adición conveniente, junto con un par de ganchos para chaquetas para aquellos de nosotros que visitamos desde climas más fríos. Nunca entendí del todo el diseño de la pared de vidrio entre el dormitorio y el baño. Está bien si estás solo, pero especialmente de noche, el ruido y la luz que entran en el dormitorio no son prácticos."
396,"Los botones de las persianas de mi habitación no funcionaban, así que tuve que dormir con las luces de la ciudad brillando. El personal de recepción no fue amable en el momento del registro. Llegué temprano y tuve que esperar mucho tiempo para conseguir una habitación. Entiendo que esta es la política, pero podrían haber sido un poco más comprensivos, ¿tal vez ofrecer una bebida de cortesía, etc.? Al hacer el registro de salida, la recepcionista no me preguntó cómo fue mi estancia o si necesitaba un taxi o dejar el equipaje, etc., simplemente te marchaste, adiós... no fue una gran impresión final. En general, no parecía un 4 estrellas, sino más bien un 3 estrellas."
397,sin quejas
398,"El bar de la azotea estaba muy ocupado y tuvimos que esperar en una cola durante bastante tiempo ambas noches para acceder al área del bar antes de poder pedir una bebida. Me hubiera encantado poder tomar una copa o un café en el vestíbulo, pero no hay nada disponible allí. Un punto menor: los ascensores eran muy lentos a veces."
401,un poco alejado del centro tradicional de la ciudad
403,algo de ruido de las otras habitaciones
404,Sería bueno tener más ganchos para toallas en el baño. Lo más extraño fue la reproducción de música de Star Wars cada pocas horas desde algún lugar fuera de la propiedad. el hotel no pudo resolverlo. que extraño.
406,"Un poco de paseo hasta la playa o el casco antiguo, pero el taxi era razonable."
408,a poca distancia del metro.
410,nada
411,"La piscina era un poco pequeña y estaba llena, no pudimos usarla."
412,El restaurante no estaba abierto el domingo por la noche por alguna razón...
413,el desayuno estaba frio
414,"la piscina era pequeña y no terminamos usándola porque estaba bastante ocupada; Tampoco nos dieron ninguna información e inicialmente asumimos que estaba cerrado, pero lo encontramos después de uno o dos días. Si bien las vistas desde el bar son excelentes, las bebidas son más caras en comparación con los numerosos bares y restaurantes de los alrededores."
415,nada
416,ya
418,
419,nada que no me guste
421,the service is fantástica
424,¡La piscina fue decepcionante aunque hubo advertencias sobre su tamaño!
425,n / A
426,"Hay una guardería detrás del hotel, así que si tu habitación da a esa parte, oirás algunos ruidos si hay clases."
430,"faltaba cóctel en el bar de la azotea, la piscina era del tamaño de un jacuzzi"
431,la condición física podría ser mejor
433,recordatorios constantes para pagar por adelantado.
436,"Debido al poco espacio en el armario, sin saber cómo operar de forma segura en la habitación, nadie vino a ayudar."
437,nada
438,"Nuestra ventana no se cerró correctamente para que pudiéramos escuchar el tráfico afuera. El aire acondicionado no parecía enfriar mucho la habitación, pero es posible que no estuviera al máximo ya que era fuera de temporada."
439,everything was great cara sonriendo con ojos grandes
440,las colas para los ascensores y la puerta corredera de la habitación.
441,ver a través de las paredes del baño
442,"Aunque había muchas opciones para el desayuno, no estaba seguro de la calidad. la fruta fresca era excelente, pero me decepcionó encontrar los pasteles rancios y el panqueque masticable."
444,"Los cócteles en la azotea son caros, pero la vista desde allí es asombrosa. La piscina en la azotea estaba cerrada. Los ascensores son bastante lentos."
445,"Tener pantuflas en la habitación sería un buen toque, pero eso es sólo un pequeño detalle. Esos típicos hoteles que robas cada vez no ocupan espacio ni peso en tu equipaje, solo desearía traerlos conmigo. :d"
446,"Televisión con más de sesenta canales, ninguno de ellos estaba en inglés."
447,No hay bar para tomar una copa para hablar.
448,Aparcamiento difícil para aparcar un coche grande.
449,La cortina estaba un poco dañada.
450,la ubicación era genial.
452,absolutamente nada. Probablemente el mejor hotel en el que me he alojado en Valencia y me he alojado en unos cuantos.
455,"Como está en una rotonda muy transitada, podíamos escuchar el tráfico pero aún así dormimos bien."
458,No se me ocurre nada.
459,"El colchón es un poco duro para mi cuerpo, pero no hay nada que me moleste."
460,la piscina estaba cerrada
461,El área de la piscina era un poco más pequeña de lo esperado.
463,"La habitación era cómoda y estaba bien equipada con minibar, cafetera y caja fuerte, pero el diseño es ridículo. entras a la habitación por el baño sin privacidad alguna. el aseo tiene puerta de cristal pero el baño está completamente abierto a la entrada. Curiosamente, hay dos grandes puertas corredizas para separar el baño del dormitorio si lo desea, pero una ventana de vidrio significa que la luz del baño puede molestar a alguien que duerme en el dormitorio. El plan abierto puede hacer que el baño parezca más grande, pero el diseño es completamente disfuncional."
464,"no hay puerta del baño, solo un separador de ambientes. no es bueno para la privacidad. ¡Wc separado pero puerta transparente! arreglo extraño?"
469,"Sólo pequeñas críticas, los ascensores tardaron en llegar. Y pensábamos que el desayuno estaba incluido en el precio, pero no fue así. Probablemente sea culpa nuestra o un malentendido."
470,"La azotea podría mejorar, por ejemplo, césped sintético, ventiladores. El gimnasio no tiene el equipo adecuado y huele a goma. Insalubre. Pequeño incidente con la recepcionista al hacer el check out."
471,"El gimnasio no tiene ventilación y fuerte olor a goma, solo cuenta con equipamiento básico. La terraza de la azotea podría mejorar, p. césped sintético, falta de ventiladores pequeño incidente durante el check out probable falta de capacitación de la recepcionista"
473,El aparcamiento es estrecho para coches más grandes.
474,nada
475,La piscina de la azotea es un poco pequeña para llamarla piscina. es más bien una piscina profunda.
477,"La piscina es muy pequeña y no se puede nadar en ella; es poco profunda y se siente apretada con más de 2 parejas. Algunos niños vinieron el último día y no era adecuado para ellos. la azotea era un poco pequeña para las tumbonas y le vendrían bien sombrillas ya que el sol es fuerte allí arriba. La limpieza de los lavabos durante la estancia podría haber sido mejor, pero no fue una gran queja, ya que tuvieron que limpiar todas nuestras cosas."
478,"Nada, todo fue perfecto."
479,La piscina de la azotea es ideal para quienes usan el bar de la azotea; no es adecuada para familias mientras estuvimos allí en agosto.
481,"La piscina es pequeña y no muy apta para niños. En general, se necesita más mantenimiento."
483,No hay muchas comodidades complementarias en la habitación.
484,central para toda la ciudad
485,"un poco caro en mi opinión. Sin embargo, lo recomendaría a cualquiera que visite Valencia:"
486,tamaño de la piscina demasiado pequeña
487,"Podrían darnos una pequeña botella de agua todos los días, no solo una vez cuando nos registramos, porque no hay una máquina expendedora o algo en el piso para comprar agua y no hay ninguna tienda muy cerca. La ducha y el inodoro no están muy bien separados de la habitación, hay una puerta corredera y transparente, por lo que si no viajas con una familia, yo estaba con mi colega, no es muy conveniente. La ducha está ubicada de manera que quien entre a la habitación desde el exterior lo verá duchándose. Los ascensores son lentos y siempre se tarda mucho en esperar el ascensor."
488,ubicación
489,"El bar de la azotea tiene vistas fabulosas y no hay un costo mínimo de pedido para los huéspedes del hotel, pero tenga cuidado, en ciertos días cierra temprano para España: las 10 p. m. la noche que elegimos visitar. Después de esperar a que nos tomaran y nos sirvieran el pedido, no teníamos prisa, nos dijeron que teníamos 15 minutos antes de que cerrara el bar y no, no podíamos llevarnos los vasos: ¡nuestros g ts tuvieron que ponerse en vasos de plástico! No fue el final glamoroso del día que habíamos anticipado mientras bebíamos esto en el vestíbulo. Si tienes el sueño ligero, asegúrate de pedir una habitación en un piso más alto, ya que la rotonda exterior está muy concurrida y las ventanas no mantienen todo afuera. Si bien era un placer tener sábanas y toallas limpias todos los días, en realidad no era necesario y con todas las preocupaciones ambientales sobre el impacto del turismo, parecía que éramos parte del problema, pero no por elección propia. Sólo 2 de 3 ascensores funcionaron durante nuestra estancia."
492,El aparcamiento debajo del hotel era un poco estrecho.
493,"Si bien la piscina era acogedora, se hubiera agradecido un tamaño más grande. Además, la reserva previa podría haber simplificado aún más nuestra experiencia y aumentado la comodidad general."
494,"una zona bastante cara. Le vendría bien una alfombra en la ducha, ya que es muy resbaladiza para salir."
496,nada - todo fue genial
497,Ojalá la piscina estuviera abierta.
498,"No estuve en el hotel porque prefería comer fuera y salir al aire libre. Utilicé el bar de la terraza, pero no lo consideré una gran experiencia, principalmente debido a que tenía una máquina de pago en la cara cuando pedí bebidas. Podría haber hablado, pero el personal no parecía preocupado si yo me quedaba o alguien más. Al salir del hotel, le vendría bien una sonrisa y gracias por quedarse o espero volver a verlo, todo lo que obtuve fue nada que pagar. las cosas pequeñas importan."
501,esmalte de baño que se desprende
503,nos gustó todo
504,"Había una chica muy grosera en la recepción, solo una chica grosera y todos los demás estaban bien, pero desafortunadamente los 19 fuimos recibidos por la grosera. Es una pena que el bar de la azotea no permaneciera abierto hasta tarde, es increíble."
506,"Desafortunadamente, la piscina no estaba en uso, a pesar de que la temperatura era de 24 grados el sábado."
508,"Mal aislamiento acústico, especialmente entre la habitación y el pasillo."
509,"No me gusta el desayuno, no hay mucha variedad."
510,"El horario de trabajo del restaurante es un poco restrictivo, comienzan a las 8 p.m. para la cena y tuvimos algunos problemas para acomodar y atender las necesidades de nuestra hija."
511,ascensores
512,nada
513,el estacionamiento es de alto valor
514,El bar de la azotea no servía ningún tipo de comida. las bebidas eran muy caras. la vista del parque era la mejor.
515,nada.
516,poco
517,No puedo pensar en nada.
518,el check-in fue un poco lento
519,la vista y el hotel
521,"No hay enchufe eléctrico en el área del baño ni espejo al lado del escritorio para permitir secar el cabello, etc."
522,"El gimnasio era un poco pequeño y claustrofóbico, tal vez, pero con una buena selección de pesas. después de todo, en realidad era tal vez mejor que el gimnasio promedio de un hotel de cuatro estrellas..."
525,nada
526,la hora de entrada es demasiado tarde
527,nada.
529,nada en absoluto.
531,Pensamos que el desayuno era muy caro incluso si se reservaba con antelación. Hay un par de cafeterías en la misma calle que tienen una relación calidad-precio mucho mejor.
532,El personal fue en general servicial. Mal servicio en el bar de la azotea: esperó 20 minutos y no hubo bebidas ni bienvenida.
533,nada
534,olor en toda la propiedad
535,gimnasia
536,"La puerta del estacionamiento al hotel no funcionaba, por lo que estuvimos atrapados allí por un tiempo hasta que el personal la abrió."
538,"Tuvimos que esperar 20 minutos para que nos enviaran el gorro de ducha a nuestra habitación, pero solo un pequeño inconveniente."
539,"durante la primera noche el teléfono de la ducha estaba goteando, pero lo informé y lo arreglaron o cambiaron al día siguiente. Había ruido desde la plaza donde está ubicado el hotel, pero con tapones para los oídos se eliminó el ruido. Además, el personal de la recepción no fue flexible ya que no pude recibir una factura por el servicio de habitaciones antes de salir. Al menos logré pagar, para no tener que esperar al día siguiente para realizar el check out."
540,"el baño al lado del restaurante a menudo estaba sucio. En las habitaciones, el espacio abierto entre el baño y el aseo resulta incómodo cuando una familia o una pareja no ocupa la habitación."
542,El baño con ducha necesitaba una reforma. El ruido de la carretera puede ser un poco fuerte los fines de semana.
543,no tengo quejas.
544,nada que señalar
546,todo fue genial
547,"Nada, para ser honesto, lo único que tal vez hayan ampliado un poco la descripción de una piscina en la azotea: es un baño extra grande, para ser honesto, es bueno, pero no es una piscina."
548,nada realmente! Lo único menor fue que la limpieza de la habitación no siempre fue increíble: nuestra estación de té y café no se reponía y las tazas de café no se reemplazaban todos los días.
549,La administración podría hacer un mejor trabajo con el piso. Acabado con aspecto de madera barato. También hay un ligero olor.
550,nada
551,las camas eran estupendas y el desayuno era increíble! pero la piscina y el gimnasio fueron una decepción. El equipo del gimnasio era peligroso y estaba roto.
552,nada
553,"No había suficientes cosas para preparar té, el personal del bar de la azotea 270 estaba un poco de mal humor y no era muy servicial."
554,el gimnasio podría haber sido más grande
555,un poco ruidoso a veces con los asistentes a la fiesta que regresan si tiene una habitación en la parte delantera del hotel.
557,"El hotel estaba más ocupado de lo habitual porque era fin de semana, por lo que el tiempo de espera para los ascensores fue un poco más largo que antes, pero esto no fue un problema."
558,"La piscina sabíamos que sería pequeña, pero las fotos hacen que parezca más grande de lo que es. es diminuto. Los ascensores son los más lentos. Algunos miembros del personal de recepción fueron un poco inútiles y groseros con otros huéspedes a nuestra llegada. El wifi no es genial."
559,La distribución entre el dormitorio y el baño es un poco extraña. Sólo hay una puerta corredera y vidrio esmerilado que no permite mucha privacidad.
560,"El check-in en línea no funcionó, pero el check-in normal fue rápido y fácil. El check-out tomó más tiempo del que nos hubiera gustado y solo hubo una recepcionista durante parte del tiempo. era hora pico para pagar"
561,"La piscina no era tan grande como en las fotos, muy engañosa. Además, no había zona de sombra si quieres sentarte alrededor de la piscina."
562,nada
563,"La piscina es muy pequeña, aunque adecuada para refrescarse después de un día caluroso. Descubrimos que el personal era casi reacio a ayudar con la reserva de excursiones y nos dijeron que era mejor llegar en transporte público a las cuevas de San José y simplemente presentarnos en el acuario durante la temporada de verano de gran afluencia de gente. Finalmente reservaron el acuario y el museo de ciencias para nosotros, pero como resultado de un mal consejo, perdimos las entradas para entrar a las cuevas de San José."
564,tal vez un poco caro
566,absolutamente nada
567,No había muchas opciones para el desayuno y la comida caliente estaba un poco fría. La piscina es bastante pequeña para la cantidad de gente.
568,"nada, ¡fue una estancia estupenda en general!"
569,"Faltaba el gimnasio, el aire acondicionado no funcionaba muy bien allí. la cinta de correr estaba rota. Me hubiera gustado que me dieran un poco de agua embotellada en mi habitación."
570,la ducha de la bañera necesitaba algo para evitar resbalones cuando estaba mojado.
571,La piscina era muy pequeña y estaba muy ocupada. No pude ir con los niños.
572,todo fue perfecto
573,No me gustó el área de la piscina. La piscina era muy pequeña y tenía muy pocas tumbonas.
575,El difusor de aire era extremadamente fuerte.
576,"nada, todo fue increible"
577,No me gustó el cristal esmerilado del baño. Difícil entrada y salida de la bañera para personas mayores de baja estatura. el agua de la ducha pasó de la temperatura adecuada a fría.
578,nada
579,Había un olor proveniente de las tuberías del baño y uno de los lavabos tenía una fuga.
580,¡No hay sugerencias para mejorarlo! disfruté todo
581,El aparcamiento no está incluido en el precio de la habitación.
582,"El refrigerador de la habitación podría ser un poco más potente, ya que parece que estaba solo un par de grados más abajo en el interior que en la habitación."
583,b un
585,¡Solo la piscina para ser honesto!
586,no hay nada que no me haya gustado. fue perfecto
587,¡nada! fue increíble.
588,¡La vista desde la habitación daba a una escuela! ¡Mínimo de 10 por cada gasto en el bar de la azotea! ¡el desayuno era muy caro! ¡La piscina no estaba abierta mientras estuvimos allí!
589,todo fue genial. no tengo quejas.
590,nada todo era bueno
591,nada
592,"Habría preferido una ducha en lugar de una ducha sobre la bañera, ya que mi marido y yo tenemos artritis. Tampoco me gustó la puerta de cristal del baño."
595,El personal del desayuno muy grosero y el costo del desayuno.
596,el late check out que se solicitó durante el check-in no fue informado o no fue actualizado por lo que el proceso de check-out tuvo cierta confusión.
597,"un poco lejos del centro a 30-40 minutos, y Valencia no tiene buenas conexiones de transporte. pero el paseo hasta la ciudad es encantador: toma el camino desde el antiguo cauce del río y el tiempo volará"
598,El agua de la ducha no tenía mucha presión.
599,"Durante las horas de la tarde, las habitaciones que daban a la calle eran muy ruidosas. El tráfico y las motos eran horribles, no había manera de tomar una siesta. Las ventanas deben estar insonorizadas para esas habitaciones."
600,"La cama era demasiado dura, pero esa es sólo mi opinión. El verdadero problema era la fluctuación de la temperatura del agua. un minuto bien, luego asar caliente y luego enfriar. pero este era el único problema real"
601,nada
602,servicio de bar muy lento. secador de pelo no funciona
603,"Problemas con el agua caliente en nuestra ducha. Repararon el problema lo antes posible, pero tuvimos otro problema en momentos de agua tibia. No nos quedamos el tiempo suficiente para mencionarlo nuevamente. Repararon el problema principal muy rápido. Totalmente impresionado a pesar del problema. ¡Recomendaría quedarse allí!"
605,la piscina era extremadamente pequeña
606,A 25 minutos en autobús del centro de la ciudad.
607,piscina y terraza demasiado pequeñas
608,"El olor a productos de limpieza o desodorante es insoportable, tenía que mantener la ventana abierta todo el tiempo. Pedí una factura, me dijeron que me la enviarían por correo en un par de horas, pero no..."
609,"No había escobilla de baño en el baño y no podían proporcionárnosla. El baño tenía una puerta de cristal, por lo que había poca privacidad. No hay mini nevera en la habitación. mala insonorización"
610,"El aire acondicionado no funcionaba, tuvimos que abrir la ventana para mantenernos frescos, lo que significaba muchos ruidos fuertes entre la medianoche y las 4 de la mañana. Pedimos el desayuno ad hoc, que se explicó claramente a la llegada. sin embargo, cuando nos acercamos a la recepción por la mañana como nos aconsejaron, nos dijeron que teníamos que pagar el total al ingresar. esto fue contrario al consejo dado a la llegada. El personal dijo que esta vez lo renunciarían, lo que indicaba que no sabían de qué estaban hablando o... lo sabían y querían euros extra de su invitado.  Si es esto último, entonces es preocupante.  En última instancia, es información contradictoria y espero que la gerencia pueda brindarle a su personal toda la información consistente sobre los precios del desayuno."
611,El menú del restaurante necesita mejoras.
612,"Como encima de un bar nuestro menú lounge para bebidas calientes y comidas ligeras. Podría haber dos sillones en la habitación, especialmente porque las habitaciones del hotel no tienen balcón ni muebles."
613,"Dado que el hotel está lejos del centro de la ciudad, la plaza de aparcamiento se habría proporcionado gratuitamente al cliente del hotel. cobra demasiado. Me quedaría en otro lugar con estacionamiento gratuito, o en el centro de la ciudad, jeje, pagas la misma tarifa de estacionamiento pero evitas tomar otros autobuses o ubers."
614,nada
615,"Los ascensores del hotel eran muy pequeños, pero eso es un problema en toda España."
616,Estacionar demasiado apretado
617,"La ventana de nuestra habitación no aislaba bien de los sonidos de la calle. No es un gran problema, pero definitivamente notas el tráfico por la noche."
618,Tengo una necesidad especial de la almohada de la cama. las almohadas no eran buenas. Necesito una almohada de plumas.
619,El proceso de check-in fue totalmente prolongado e innecesario.
620,"Se proporcionó agua: 2 botellas de 330 ml a la llegada y no se repusieron. Tuve que comprar agua (solo botellas de 330 ml) en recepción por 1,50... parece mucho cuando pagas mucho por la habitación y te quedas 7 noches."
621,el baño no tiene puerta
622,olor en el dormitorio
623,"¡Nos cambiamos de habitación cuando una pequeña cucaracha nos saludó en la primera! Le vendría bien una cómoda zona de estar en el bar de la planta baja como alternativa al bar de la azotea. A pesar de registrarnos en línea de antemano, todavía tuvimos que registrarnos nuevamente. el servicio de limpieza estaba bien... las camas estaban hechas, las toallas dobladas pero el café, etc., no siempre se reemplazaban, las puertas de los armarios no estaban cerradas, etc. Esperaba un poco más por el precio de una suite junior."
624,ascensores - larga espera
625,"Fuimos a un gran evento deportivo. Era temprano, así que preguntamos si se anticiparía el desayuno, ya que muchos huéspedes del hotel asistirían a este evento. No estaba previsto, pero nos dijeron que una anfitriona no muy contenta de la recepción del hotel nos proporcionaría cajas de desayuno. la caja del desayuno era un sándwich de queso y jamón, una botella pequeña de agua, una mandarina vieja y una bolsa de oreos rotas. Planeo asistir nuevamente al Ironman el próximo año en Valencia, pero Barceló probablemente no será mi elección debido a esto."
626,nada
627,No hay quejas.
628,"No hay cubrecama en la cama, no hay suficientes toallas y la gente corre y hace ruido a las 5 am."
629,"La cama parecía que no estaba ni siquiera a 100. no fue un problema, simplemente no fue perfecto:"
630,"algo de ruido de la calle, pero teníamos una habitación que daba a la calle, así que no fue una sorpresa y no fue demasiado molesto."
631,"Honestamente, este lugar fue realmente genial por el dinero que pagamos. Me gustaría que el aire acondicionado pudiera estar a la temperatura que desees en cualquier época del año, pero aprecio que esta no sea la convención en España. Llevo mi propio ventilador para solucionar esto en invierno, ya que de lo contrario puede hacer demasiado calor en la habitación mientras duermo. La piscina en la terraza de la azotea estaba cerrada en ese momento. Esto estaba señalizado con anticipación. Hubiera sido bueno si pudieran haber abierto la terraza del bar a los huéspedes del hotel durante el día, incluso un área pequeña para poder disfrutar del sol en la terraza de la azotea."
632,"Se oía algo de ruido en las habitaciones de arriba a altas horas de la madrugada. Problemas menores que se resolvieron satisfactoriamente, la temperatura del agua en la ducha no era estable,"
633,- El aparcamiento en el hotel es demasiado caro. - El baño es muy antiguo y necesita una renovación.
634,el aire acondicionado no funcionó todo el tiempo
636,No es conveniente para recoger o dejar y está lejos del centro turístico del centro.
638,"Más tarde, al hablar con los lugareños, me di cuenta de que este hotel era algo elegante, especialmente el bar de la azotea, donde se tiene una hermosa vista de la parte científica de la ciudad. En realidad, se parece más a un jardín de infantes, lo que decimos en Alemania, o a una guardería, supongo, en inglés, o a un dormitorio de secundaria, lleno de aspirantes a estudiantes holandeses ricos de veintitantos años con o sin sus padres, ocupando la piscina de la azotea, con los chicos yendo juntos en ropa interior y pantalones cortos a la piscina, mostrando el borde de la ropa interior donde está escrito hugo boss o ck. la piscina, probablemente mide 5x2 m, pareciendo una bañera más grande, donde solo pueden entrar 6 personas y en total 16 en la azotea donde se encuentra la piscina. Está prohibido traer bebidas y comida del exterior, lo cual está bien de entender, pero también lo más interesante es que no hay agua fría en todas partes del hotel, sin importar si quieres beberla o ducharte con ella. Supongo que el hotel hizo que saliera agua tibia en todas partes para que los huéspedes pudieran comprar más bebidas. Al principio había un dispensador de agua en el gimnasio, donde la gente llenaba sus botellas con agua fría, pero después de unos días el dispensador de agua fue retirado del hotel. Las bebidas en el bar de la azotea me parecen un poco caras en general para Valencia o España, pero bueno, tienes que pagar por la vista y las fotos que tomas para poner en Instagram. Supongo que la reserva, para los que no son huéspedes del hotel, lo cual es imprescindible, porque de lo contrario no los dejan subir, vale la pena el dinero y todo ese disfraz solo para ir al Barceló, lo cual es un poco gracioso, considerando el ambiente de pueblo pequeño de Valencia. He visto que yo, como persona gay con algunas otras personas, definitivamente no me sentía cómodo rodeado de tanta gente str8, en su mayoría parejas, y también se podía sentir que de alguna manera no era tan amigable para los homosexuales por parte del hotel o tal vez este era mi sentimiento, pero estoy bastante seguro de que no estaba equivocado."
641,"No me gustó la forma en que estaban separadas la bañera y la habitación, puede resultar incómodo cuando viajas con amigos de diferentes géneros. El piso del baño no estaba lo suficientemente limpio. Hubo otro problema que me llevó a recibir una gran factura de teléfono, porque tuve que llamar a España y al hotel varias veces porque me cobraron dos veces y tuve que proteger mi tarjeta e ir al banco para detener la segunda transacción."
642,"La habitación necesitaría pequeñas reformas en las juntas cerca de la televisión, cambio de las juntas del suelo cerca de los baños."
643,"El café y el agua en la habitación solo a la llegada estaban bien, pero ¿por qué no volver a llenar el café?"
645,"La cama era demasiado sensible. Cada vez que alguno de nosotros se daba la vuelta o se sacudía un poco, se producía un mini terremoto que provocaba dificultades para dormir."
646,"Algunos aspectos básicos podrían haberse mejorado. El baño del restaurante en la planta baja se quedó sin papel higiénico dos veces. En invierno, el aire acondicionado es solo un calentador, por lo que debes tener la ventana abierta, esto está bien, pero hay una cortina transparente y las luces en un pasillo frente a la habitación dentro del hotel se encendieron y apagaron durante toda la noche durante tres noches. Lo ideal es que hagan una cortina más gruesa que puedas usar con la ventana abierta y apagues las luces de enfrente. La señora que nos atendió por la mañana fue brillante, pero cuando una señora con cabello muy rubio nos entregó la llave por la tarde fue increíblemente grosera, claramente estaba muy distraída y seguía mirando hacia otro lado mientras estábamos allí esperando una cantidad excepcional de tiempo para que ella nos entregara las llaves. Creo que hubo un problema ya que recibimos notas sobre nuestra partida más de un día antes de nuestra salida y luego nuestras tarjetas de acceso no funcionaron al día siguiente, por lo que hubo un pequeño problema con las fechas. En general, la estancia fue buena, pero en algunos casos el personal administrativo fue frustrante."
647,ruido exterior. Las ventanas estaban cerradas pero el ruido del tráfico era incómodo. Necesita insonorización.
648,"El ascensor fue bastante lento. La habitación tenía un baño abierto que no es ideal. ¿Por qué quieres escuchar a alguien en el baño? si se enciende una luz, inunda el dormitorio. Le vendría bien una papelera en la habitación y no solo en el baño. La ubicación requiere un taxi relativamente asequible para moverse en el calor abrasador."
649,"la cama era muy blanda para mí, tuve dolor de espalda después de algunas noches y desafortunadamente, aunque tenía ventanas para andar por ahí, era muy molesto si querías abrir una ventana y no usar el aire acondicionado."
650,Algunas instalaciones de la habitación parecen estar un poco gastadas.
651,El agua y la prensa deben incluirse en el precio de la habitación.
652,"Habíamos reservado este hotel dado que tenía una piscina en la azotea, sin embargo, no fue hasta que llegamos a la azotea que nos avisaron que la piscina no estaba abierta durante nuestra estancia. Hubiera sido bueno que me lo hubieran dicho de antemano. El aire acondicionado de nuestra habitación tuvo un error durante nuestra estancia. el vestíbulo de la planta baja necesita más enchufes para que los huéspedes carguen sus electrodomésticos."
653,Han hecho algo para manipular el funcionamiento del aire acondicionado. Se apaga automáticamente y no mantiene la temperatura de la habitación. Creo que hacen esto para ahorrar dinero y creó un escenario muy incómodo para mí y para los demás con los que estaba y que estaban en otras habitaciones. No puede ser solo una habitación ya que todos experimentamos el mismo problema.
654,"¡Hay ventanas muy sucias! ¿Por qué necesitas una habitación con buena vista si no puedes ver nada a través del cristal? la ventana no estaba bien cerrada y el tráfico en la calle era muy ruidoso. No había albornoz, ni zapatillas, ni cucharas para zapatos. Sólo se proporcionó agua potable el primer día. El hotel requiere reformas en las instalaciones. Las fotos promocionales no se corresponden con la realidad. Vestíbulo muy pequeño, no hay bar."
655,El miembro del personal de check-in no fue acogedor y las tarjetas de habitación no funcionaron.
656,"No me gustó que encontráramos a un hombre usando nuestra puerta de comunicación para secar su toalla. estaba completamente abierto. Tuvimos que perder el tiempo para solucionarlo. No me gustó que tuvieran que llamar al encargado de mantenimiento y tuvimos que esperar a que pusiera pilas nuevas en la caja fuerte. No me gustó que, después de un total de seis noches para nuestro grupo, no se nos permitiera hacer un check out tardío en nuestras tres habitaciones para ducharnos después de competir en Ironman. No creo que el hotel estuviera lleno el domingo 21 de abril."
657,"Habitaciones cansadas, la temperatura de la ducha subía y bajaba, puntos de tropiezo y raspaduras en los tobillos, trampas para los dedos en el armario. Las habitaciones eran grandes pero estaban mal diseñadas. Levante los tiempos de espera en las horas pico y por las noches no es genial."
658,Cobrar por una bata de baño es algo que hago por primera vez en mi vida.
659,"La ducha pasaba de caliente a fría cada 10 segundos, lo cual era muy molesto."
660,"Mi habitación tenía una vista espectacular de la ciudad de las artes y las ciencias, pero al estar orientada hacia el frente, era un poco ruidosa debido al tráfico. pero ésta es realmente una pequeña queja; Es poco probable que moleste a la mayoría de la gente. La única otra irritación fue cuando subí al bar de la azotea, donde las vistas son impresionantes. ¡Nadie vino a atenderme, lo cual fue una pena!"
661,"El precio en esta ocasión fue desorbitado pero al ser una visita de trabajo no supuso ningún problema. Las visitas anteriores han sido un precio mucho mejor. Fue suerte, lo sé, pero esta vez fue un aumento dramático."
662,"Muy decepcionado por la falta de información sobre los horarios de apertura de la piscina. clima caluroso de verano, por lo que esperábamos que abriera en mayo, ya que habíamos estado en otros hoteles en España en este momento que estaban abiertos. Debería haber dicho específicamente junio-agosto. No habríamos gastado el dinero extra eligiendo esto. la zona de la azotea, aparte del bar, era estrecha y poco atractiva. Los ascensores no siempre funcionaban y había largas esperas. El chef que preparaba comida caliente en el desayuno mantuvo su par de guantes puestos mientras cocinaba huevos, luego ponía la basura en el contenedor empujándola hacia abajo y luego se alejaba metiendo las manos en los bolsillos; no había señales de cambiarse los guantes ni una sola vez durante el tiempo que estuvimos allí durante el desayuno."
663,"Cuando me registré pagué la mitad del importe porque excedí el límite en mi banco. Acordé que pagaré el saldo antes de salir, pero luego me bloquearon sin previo aviso antes de salir, por lo que no pagué el saldo. Esto me pareció muy inconveniente ya que no me negué a pagar. Me sentí maltratada y avergonzada delante de mis hijos y nadie se disculpó por ello. No estaba totalmente satisfecho con este tipo de tratamiento."
664,Había productos químicos de limpieza. El final cuando entramos a la habitación nos provocó náuseas y dolores de cabeza durante aproximadamente dos días hasta que se disipó. Uno de nosotros estuvo muy enfermo durante esos dos días y nos tomó un tiempo descubrir qué pasaba. Ayudó a abrir la ventana. También es muy ruidoso durante la noche a pesar de que no hay mucho tráfico.
665,el agua estuvo completamente cortada durante todo un día y no hubo ninguna advertencia antes de llegar allí o cuando nos registramos. Solo un letrero en el ascensor que no notamos hasta la noche en que se cortó el agua. Envié un mensaje sobre este problema y no recibí respuesta. No es un buen servicio en esta parte en absoluto.
666,El estacionamiento era muy estrecho para un SUV.
667,"Reservé una habitación triple. Por las fotos de diseño no me di cuenta de que no hay puerta en el baño para acceder a la ducha, luego el inodoro es una puerta transparente. Pudiste usar un separador de ambientes para mayor privacidad."
668,La piscina era demasiado pequeña y estaba llena de gente y el agua de la ducha estaba demasiado caliente.
669,"Algunos miembros del personal de recepción fueron muy bruscos y groseros. La sección de comida caliente del desayuno es muy pobre, el ruido del tráfico exterior era constante. El bar de la azotea no abre hasta las 12. Hubiera sido agradable poder sentarse y tomar un café por las mañanas."
670,"Mal servicio en la entrada del hotel. Todos los demás que trabajaban en el camarero del hotel y el servicio de habitaciones fueron todos muy educados y sonrientes. pero los conserjes no podían sonreír ni ser agradables. Es realmente lamentable ya que es el primer contacto que tenemos al entrar al edificio, y muchas veces es lo que diferencia un hotel de 4 estrellas de uno de 5."
671,La ducha ubicada en el baño era francamente peligrosa. no hay asideros.
672,Alguien siempre hace mucho ruido por la mañana.
673,El baño no funcionaba y la habitación en general se sentía vieja y pequeña.
674,"La piscina no estaba abierta, no era higiénica, el aire acondicionado no funcionaba y el aparcamiento era muy caro."
676,"El personal para hacer reservas es muy antipático y no está centrado en el cliente. Gastamos más de 5.000 en reservas y no estaban dispuestos a cambiar ni una sola noche por uno de nosotros. absolutamente vergonzoso. Las habitaciones de los pisos inferiores, a la izquierda y al frente, son muy ruidosas por la noche, con el tráfico literalmente pasando por debajo de la ventana. ¡El bar de la azotea no quiso servirnos bebidas por más de 20 minutos!  antes de la hora de cierre? ¡Esto no es hospitalidad en absoluto!"
677,"Nuestro baño estaba desgastado. En la bañera dañada sólo hay una ducha. Los lados de esa bañera mostraban signos de moho. la temperatura del agua cambia constantemente, ¡fue horrible! La falta de calidad del papel higiénico no es satisfactoria para un hotel de cuatro estrellas. Había manchas de agua por todas partes en el suelo del baño que aparentemente ya no se pueden quitar. era imposible usar el jabón de manos o la crema hidratante del hotel sin que gotearan sobre el mueble del lavabo y los artículos de tocador. No hay forma de escapar de la luz cuando la pareja va al baño durante la noche. Había mucho ruido proveniente del exterior, tanto del tráfico como del viento. las paredes y la alfombra de los pasillos presentaban manchas. ¡A este hotel le vendría bien una renovación completa!"
678,"En general, la habitación es bastante antigua. La ducha de nuestra habitación no funciona como se esperaba desde el día 1. De repente hace mucho calor y mucho frío, a pesar de que no tocamos el control. El personal fue amable pero no registró la reserva de desayuno que solicitamos para el lunes por la mañana cuando regresamos el sábado por la noche, a pesar de que el personal nos dijo que el desayuno estaba reservado. Esto nos generó un extra cuando vamos a desayunar el lunes ya que nuestra reserva no está en el sistema."
679,La habitación era pequeña y las comodidades eran pobres. El hotel no irradiaba una sensación de bienvenida.
680,"Era hora de una renovación completa, la habitación olía muy mal y tan mal que era difícil estar en la habitación. Necesita limpiar el aire acondicionado o encontrar el motivo del tan mal olor."
681,"Las habitaciones triples para una familia pequeña 2 1 son demasiado pequeñas y tienen condiciones inferiores a la media. ¡El diseño moderno sacrifica la comodidad al 100! Para empezar, el baño tiene una pared de vidrio esmerilado transparente y una puerta separada del pasillo del baño, ¡ambos en una habitación! ¡Así que no hay puerta entre el baño y el vestíbulo! por lo tanto, la puerta principal se abre directamente al baño del pasillo. Otra forma de verlo es visualizarlo: el pasillo, el baño y el inodoro son en realidad una habitación separada solo por una pared corrediza del área de dormir. Así que si la limpiadora entra a tu habitación por la mañana por accidente, lo que me pasó a mí, corres el riesgo de quedar expuesto cuando estés desnudo. ¡O peor aún, sentado en el inodoro detrás de una pared de vidrio! Y aún peor que eso... el baño también comparte una pared de vidrio con el dormitorio a la altura de la cabeza, por lo que básicamente puedes vigilar a tu pareja o a tu hijo adolescente cuando tienen la oportunidad de hacer sus necesidades. No puedo imaginar quién estaría interesado en eso. Las imágenes adjuntas cuentan la historia hasta cierto punto. Finalmente, la tercera cama está colocada perpendicular a la cama doble principal, por lo que su hijo básicamente duerme a sus pies y si es tan alto como yo, debe asegurarse de no patearlo durante la noche. Las habitaciones triples son básicamente habitaciones dobles con vistas traseras que solo miran hacia la nada con una cama perpendicular al final de la cama doble principal. Un arreglo muy extraño, pero básicamente esto hace que las habitaciones triples no tengan una muy buena relación calidad-precio y a una familia pequeña se le cobra más por las peores condiciones en general y las peores vistas posibles. cuando el hotel, de hecho, disfruta de increíbles vistas hacia la ciudad de las artes solo desde las habitaciones del frente y el bar del último piso. pero las familias, por alguna razón, son castigadas. Me dijeron que no hay habitaciones triples con vistas al parque."
682,Una de mis habitaciones tenía ropa de cama sucia. Todo el hotel hace demasiado calor y las ventanas no se abren del todo. el personal era en su mayoría indiferente.
683,"la ventana no se abría, al piso le faltaban algunas piezas, el servicio de habitaciones estaba por debajo del promedio, el aislamiento acústico era muy pobre. Se escuchaban ruidos de otras habitaciones, ruido de la calle, las tuberías de agua en las paredes eran muy ruidosas."
684,"Muy ruidoso, a ambos lados del hotel, he probado en varias habitaciones y es imposible dormir ni siquiera con tapones para los oídos."
685,"El personal era antipático. La habitación tenía un bote de basura, el control remoto del televisor tenía poca batería. La cisterna del inodoro estaba rota."
686,"hotel que necesita una actualización. La limpieza no era brillante, tuvimos que pedir que nos cambiaran la sábana porque estaba sucia. No dormí durante 2 días ya que afuera del hotel me escapé de su control los viernes y sábados por la noche la música delirante en la calle debajo de nosotros el ruido fue horrendo hasta las 3.30 de la mañana el hotel debería asegurarse de estar al tanto de lo que sucede a su alrededor para poder advertir a los clientes o ubicarse en otras habitaciones para evitarlo porque créanme que fue malo cara cabreada"
687,"La habitación era muy ruidosa, no estaba insonorizada. Se podía oír todo desde la habitación de al lado y desde fuera. La habitación tenía pelos en la cama, el suelo y el baño. El segundo día, dejé una taza con té y no la limpiaron. Subí a la azotea para ver, estaba muy ocupado, había excelentes vistas y era muy caro para tomar una copa. El hotel nunca nos ofreció una salida tardía. Nuestro vuelo llegó tarde el sábado y nunca nos ofrecieron un vestuario. o tomar un té o un café. Estuvimos sentados en el área de recepción durante unas horas, mientras el guardia de seguridad caminaba de un lado a otro. el gimnasio era pequeño. piscina en la azotea cerrada. el desayuno estuvo bien"
688,"Dejé un libro en la habitación al salir que era muy importante para mí personalmente; le envié un mensaje de texto al hotel 1,5 horas después de partir diciendo que es muy querido para mi corazón y si podían asegurarlo de inmediato y enviármelo, pero simplemente lo tiraron. Nunca había experimentado algo como esto antes y es extremadamente irrespetuoso hacia los huéspedes simplemente tirar las pertenencias que dejaron solo porque es más fácil para el hotel."
689,La habitación necesitaría un poco de modernización.
693,el precio ya era alto. La piscina estaba cerrada por lo que no había zona para relajarse.
694,nada que no me guste
697,nada fue decepcionante
699,nada
705,Nada
706,
708,"Puede que haya hecho un poco de frío en la habitación, pero inmediatamente nos proporcionaron una manta extra. Por lo demás, toda la estancia en el hotel fue excelente."
711,relativamente mucho ruido exterior en la habitación. No sé si las ventanas son lo suficientemente insonorizantes.
712,Nada
714,de wifi
715,
718,"Ruido de la calle por la noche, ventanas de aislamiento."
722,realmente nada!
723,en realidad no fue así
724,en realidad el precio sigue siendo caro pero estos son los precios en Valencia
725,Las pilas del baño están un poco viejas.
726,No
728,"El precio del desayuno se suponía que era de 10 euros al hacer la reserva, pero resultó ser de 14 euros. Sigue teniendo una buena relación calidad-precio, pero una comunicación un poco extraña."
729,"El aparcamiento cuesta 18 € después, mientras que el aparcamiento era gratuito al realizar la reserva."
730,Ubicación un poco más alejada del casco antiguo pero muy cerca de la arquitectura.
732,"2 , .                                                                      .                             , .                                    ,"
734,Nada
735,la ducha: rociador que no conserva restos de cal ni signos de uso.
738,limpieza diaria de la habitación
740,me gustó todo
742,ruido del lado de la calle
743,"Lo único que era una pena del ksmer era que si querías darte una ducha por la mañana y encendías la luz del baño, inmediatamente se encendía la del dormitorio."
744,sin reservas.
746,Nada
747,nada que señalar.
750,El agua diaria en el frigorífico está sujeta a un cargo.
752,Nada
754,azotea un poco cara
755,"Algunos pequeños detalles: no hay percheros sueltos para colgar algo, ni escobas en el baño."
756,
757,r.a.s
758,todo excelente
760,
761,
762,", , .                                 , , .                 , .                                        , 80 .                     , ."
764,En las fotos no se ve claramente que el baño esté abierto.
766,"La piscina estaba cerrada, esto lo omitimos en la descripción. La piscina sólo está abierta durante los meses de verano."
767,La piscina sólo está abierta en los meses de verano. Estuvimos allí a finales de abril y principios de mayo.
768,Desayuno el día de la carrera con una cesta miserable.
769,nada
770,no hay cepillo de baño disponible. Servicios de habitaciones deficientes.
771,"... hmm ... el clima podría haber sido mejor, ¡pero afortunadamente el hotel nos proporcionó sombrillas!"
772,"Intentaría mejorar los capuchinos y el café con leche del desayuno. esas máquinas hacen demasiado café y, al menos para mí, era casi imbebible a pesar del azúcar. Luego opté por zumo de naranja recién exprimido, ¡que estaba delicioso!"
774,"el aislamiento de la habitación. El ruido del exterior se oía claramente, como en el pasillo. pero para ser honesto esto es algo que generalmente todos los hoteles tienen a menos que estén en la naturaleza."
775,Mi preferencia es una ducha y nos bañamos. pero ciertamente no fue gran cosa.
776,estructura un poco descentralizada del resto de las atracciones locales
777,un poco descentralizado del resto de la ciudad
778,"Hacía mucho calor en la habitación, no podíamos regularlo nosotros mismos, pero cuando preguntamos en recepción podían apagarlo de forma remota, lo cual mejoró rápidamente."
780,el cambio de gestion
781,leer sj
783,Vemos que el hotel está envejeciendo y ciertas zonas de la habitación sufrieron daños.
784,"En el baño había bañera y no ducha, era incómodo de usar."
786,Nada
787,estacionamiento muy estrecho
788,"No pasó nada malo, todo fue de primera"
789,"No son las mejores almohadas, mi habitación daba a la rotonda y había bastante ruido por la noche."
790,mayor atención al detalle al haber cogido una habitación de lujo al menos debería haber habido un kit de zapatillas
791,La iluminación del baño era un poco tenue.
793,"habitación superior, una ducha-bañera de estilo antiguo, incómoda de usar y que no llega a la altura de la habitación."
795,"Pequeños defectos aquí y allá, los bordes del sellador en el baño deben cambiarse"
796,todo estaría bien
797,"Falta de jabón en el bidé y toalla dedicada. la temperatura era demasiado alta, estabas sudando a pesar de que el aire estaba apagado."
798,"La siguiente estación de metro está un poco más lejos, por lo que la mejor manera de trasladarse desde y hacia el aeropuerto es en taxi o autobús."
800,El aparcamiento subterráneo es un poco estrecho para maniobrar.
802,"El bar del último piso es bonito por fuera, pero si hace demasiado frío hay que entrar y hay un desagradable olor químico a ambientador interior y esto no era algo temporal sino todas las noches. Realmente no es agradable pasar la noche. esto le provocará dolor de cabeza bizco."
805,"nada, todo me gusto"
806,no había zapatillas en la habitación
807,Nada
813,nada
814,El difusor de aromas en el vestíbulo y el olor de las habitaciones era desagradable.
815,Lamentablemente lo único que no me gustó mucho fue el baño y la ducha abierta. pero a algunas personas les puede gustar.
817,"No me gustó que a pesar de que había piscina el agua estaba fría, fuimos en septiembre y los días estaban nublados y algunos días llovió, hubiera sido bueno usarla si al menos hubiera estado calentita. también era muy bajo, al nivel del jacuzzi pero no era un jacuzzi."
818,nada. Definitivamente recomendado.
819,en realidad nada
820,todo estuvo fenomenal
821,una piscina muy pequeña
825,"La piscina de la azotea es demasiado pequeña, al igual que la zona para tomar el sol. Los invitados siguen bloqueando con el típico truco de la toalla: algunos mienten muy mal"
826,"El estacionamiento es caro y de mala calidad, para la calidad que presenta el hotel."
827,El precio y la piscina no son adecuados.
828,la piscina
829,La piscina exterior es pequeña y el espacio muy reducido.
830,"la habitación ya no estaba en buenas condiciones, la bañera estaba en muy malas condiciones, el suelo se movía, las tablas del suelo ya no aguantaban."
831,nada.
834,"Desafortunadamente, la señora de la limpieza volvió a entrar 2 días seguidos sin previo aviso después de que la habitación ya había sido limpiada. No es útil si sólo quieres darte una ducha."
835,poca privacidad en el baño del dormitorio.
836,r a s
837,todo fue perfecto
840,r a s
842,n / A
843,Nada.
844,Nada.
846,Me gustó todo.
847,"Pago anticipado mediante enlace de pago, eso no me gusta"
848,no tengo nada
851,"bar en la azotea, bebidas caras. El aseo de la habitación no tiene puerta que esté completamente cerrada desde el suelo hasta el techo."
852,El precio del desayuno de 20 euros en junio de 2024 es un poco caro.
855,Los ascensores funcionan muy lentamente.
860,Muy pocos ascensores.
861,"los ascensores. 3 ascensores para 10 pisos realmente no son suficientes durante las horas punta. Estábamos en el séptimo piso y éramos 4. Los ascensores también son bastante pequeños. Las escaleras no eran una opción real con el equipaje, por ejemplo. pero ese fue el único inconveniente."
862,El servicio en el bar de la azotea fue un poco desagradable.
864,El proceso hasta que haya agua tibia disponible en el grifo o en la ducha lleva demasiado tiempo. No hay suficiente espacio en el armario para el tamaño de la habitación.
866,"El baño no era tan seguro, prefiero la ducha."
867,nada
869,nada
870,"El precio de la azotea con los fuegos artificiales.  55,00 y luego tienes que pagar tu cerveza después del espectáculo, mientras que solo puedes sentarte media hora."
872,sin puntos negativos
873,El portarrollos de papel higiénico cuelga lejos.
874,todo fue genial
877,¿La calidad del WiFi podría ser mejor?
880,nada
881,nada
883,n / A
886,en realidad no te pierdes nada. Se podría haber hecho una piscina con un gimnasio más grande.
887,El año pasado todavía había canales de televisión en alemán y cuando se trata del personal hay que tener buena mano y entusiasmo.
889,"la temperatura de la ducha no era constante, agua fría, tibia y caliente que era difícil de regular."
890,Nada
891,
893,Podría ser interesante contar con empleados francófonos:
894,El aire acondicionado no funcionaba y no había transmisión.
895,en realidad nada
896,"la caja fuerte no funcionaba, estaba rota y aunque me quejé dos veces en recepción no la arreglaron ni me dieron ninguna satisfacción."
897,El garaje es muy estrecho y la rampa de acceso no está bien equilibrada.
898,Mucho ruido por la noche debido al tráfico y al viento.
899,"Si el precio es muy alto, entiendo que la prueba de media maratón, de todos modos los precios pueden estar inflados, es muy cara. el aislamiento de la habitación, algo de ruido del movimiento del ascensor así como del tráfico de la calle. El control remoto del televisor no funcionó muy bien. Por el precio, las aguas de cortesía deberían reponerse todos los días."
900,el estacionamiento
901,entrada desde el baño de ducha
902,Lamentablemente el desayuno es un poco ruidoso.
903,ascensores
904,Aislamiento acústico deficiente o nulo: ¡fuerte ruido de tráfico durante toda la noche!
906,todo perfecto
907,nada en absoluto
909,Nada
911,Piscina en la azotea algo limitada.
913,"El servicio de limpieza de habitaciones dejó mucho que desear en unos instantes. Nada crítico, pero algunos días no se reponían el refrigerador y los artículos de café."
917,algunas personas tuvieron un problema grande y vi poca atención en resolver la situación... un poco más de empatía con nosotros los italianos... también por el idioma... obviamente el hotel estaba lleno de ellos.
918,nada en absoluto.
919,La ridícula piscina. las almohadas de la cama eran muy incómodas
920,"Quizás la piscina de temporada sea un poco pequeña pero por lo demás hermosa, quizás las almohadas sean demasiado hinchadas y suaves, la primera noche tuve un poco de dificultad."
921,n / A
922,Nada
924,ascensores
926,nada
929,nic
931,1 de los ascensores estaba fuera de servicio por lo que tuvimos que esperar más
932,No todo fue genial
934,"Hay tres ascensores y rara vez funcionan, todos causan molestias a los clientes."
935,"En la piscina, una piscina pequeña de 86 cm de profundidad, nadar largos reales no era una opción. Personalmente tengo la impresión de que la gente se vuelve antipática si no hablas español. En cualquier caso, esa es mi propia impresión, así que quizás sea sólo mi percepción, hablo muy bien francés e inglés... es una pena."
936,"El desayuno era muy caro, así que decidimos no reservarlo. Fuera del hotel a la vuelta de la esquina. Buen desayuno por 8€."
937,nada
938,"La habitación no estaba bien limpiada cuando llegamos. Había una alfombra en la habitación frente a la cama que no parecía haber sido aspirada recientemente. No lo habían limpiado debajo y había algunos pelos en el suelo. Después de hablar con un encargado de la habitación, a petición nuestra, aspiró la alfombra correctamente y limpió la habitación a fondo. Gracias nuevamente al encargado de la habitación. La relación calidad-precio fue buena, ya que habíamos reservado con 7 meses de antelación. Si se reserva con poca antelación, sería demasiado caro: ¡aproximadamente el doble del precio! ."
941,pequeña piscina y bebidas por 20 euros en la azotea
942,"El desayuno debería ser más barato para los huéspedes del hotel, el precio es realmente demasiado alto."
943,"El precio del desayuno, era caro 20. 15 me parece más justo."
944,nada
946,todo fabuloso
947,"El personal de recepción podría haber sido un poco más amable, una señora con pelo largo y gafas."
948,"La señora de recepción es corta y poco amigable. Inicialmente habíamos reservado dos noches, luego se agregaron 4 noches, fueron un poco difíciles."
949,personal muy profesional.
950,"la habitación estaba amueblada de forma muy sencilla. No hay un gran espejo, ni una pared cuando te duchas, solo un pequeño panel que realmente no puede impedir que entre el agua, por lo que siempre hay una gran inundación. La luz del baño tampoco es muy buena."
954,me gustó todo
956,agua fresca disponible en el frigorífico todos los días
957,Lástima que la piscina no esté abierta y tengas que beber en el bar de la azotea para disfrutar de la vista de la ciudad de las artes.
960,Nada
961,¡nada!
962,Lamentablemente no había ventilación en la habitación hacía un poco de calor el termostato estaba puesto a 21 grados
963,"en la habitación hay varios ganchos en el baño medio sueltos, los controles de la ducha no funcionan según el dibujo encima de la bañera."
964,vecinos ruidosos poco aislamiento acústico de la habitación.
965,"- Las ventanas sólo se pueden abrir un poco y sólo con las persianas subidas - La vista de la habitación desde la parte trasera del hotel no es muy edificante - Se pueden alquilar bicicletas en el hotel, pero son más caras de lo habitual y un poco difíciles de alquilar. Consejo: hay otras empresas de alquiler cerca de la Av. francia"
969,"la indicación de las escaleras. no queda suficientemente claro cómo subir y bajar plantas por las escaleras. la ropa de cama demasiado gruesa, me hubiera gustado una silla simple sin relleno."
971,el colchón
972,azotea
973,"Prefiere una ducha en lugar de un baño con ducha. Los bordes del sellador también estaban mohosos en el baño, pero por lo demás todo estaba limpio. Precios terraza en la azotea muy altos."
975,Recibí información incorrecta sobre los horarios de apertura del bar.
978,gestión de ascensores
979,nada
980,la piscina
981,presión de agua
982,"La ubicación está a unos 35 minutos de la playa y aproximadamente a la misma distancia del casco antiguo. tienes que quererlo. Básicamente no hay problema, nos encanta correr, a 35 grados bajo un sol abrasador, eso es un largo camino."
983,todo estuvo bien
985,"la ventana no funcionó, la tarjeta de acceso no funcionó la tercera noche, tuve que hablar."
987,"El aire acondicionado de nuestra primera habitación estaba roto. Conseguimos otra habitación, pero era un poco más pequeña y la ducha no funcionaba correctamente. Frío, calor, difícil de regular. Camas buenas, pero no dobles."
988,La habitación insonorizada daba al gran bulevar y pudimos oír el ruido toda la noche.
989,La piscina sólo está abierta en verano.
990,aire acondicionado
991,", .        : , , , ,"
993,ras
994,"el check-in. ¿Por qué exigir la presentación del pasaporte cuando se puede viajar sin pasaporte por todo el espacio Schengen? cuando compra otros servicios o bienes, no se requiere pasaporte, basta con pagarlo usted mismo. El cajón de efectivo de la habitación era imposible de usar según las instrucciones que se encontraban al lado. El electricista vino y hizo una demostración, pero aun así no parecía seguro poner nada allí. el riesgo era demasiado grande como para que no se volviera a mencionar."
995,algunos signos de desgaste deben arreglarse y limpiarse un poco más
999,el ruido de los autos por la noche
1000,la cama era demasiado blanda
1001,"En los pasillos olía un poco a humedad, o mejor dicho, había olores muy desagradables en las habitaciones. En el bar de la azotea necesitabas un consumo mínimo de 15."
1002,ruidoso en términos de tráfico exterior. por lo demás no es ruidoso.
1003,El plato de ducha estaba muy dañado y las juntas alrededor del plato de ducha estaban mohosas y el botón de descarga del inodoro estaba roto.
1004,bañera: piso
1006,"El desgaste de la habitación que necesitaba reparación, las bisagras del armario rotas y el grifo de la ducha roto no se solucionaron durante nuestra estancia."
1007,el olor por toda la casa.
1009,nada que señalar
1010,1er juego de toallas de piscina gratis. Tienes que pagar cuando lo cambias.
1011,"Estantes del piso de la habitación flojos, refrigerador difícil de abrir"
1012,piscina demasiado pequeña
1013,"El bar de la azotea cerró temprano, también es muy variable en términos de horarios de apertura, aunque este es un entorno fantástico."
1014,"Un pequeño inconveniente en términos de calidad y precio, y el espacio para la piscina es realmente reducido."
1016,"No se permiten refrigerios ni almuerzos en la piscina. Lástima, pero siempre puedes traer patatas fritas o dulces."
1018,que la piscina estaba cerrada.
1020,"Lamentablemente, el bar de la azotea solo está abierto hasta las 23:00."
1021,Las habitaciones no pueden ventilarse adecuadamente. La ventana sólo se abre una rendija. La insonorización no funciona correctamente.
1022,"Está claro que el hotel ha pasado por sus mejores días, pero todavía se encuentra en un nivel realmente satisfactorio y no hay motivo para quejarse."
1023,"Het viel op dat relatief veel personeelsleden slecht engels preken, wat je wel meer mag verwachten in een hotel. No se trata de todo el personal. bij het inchecken vrij weinig informatie, ook de informatie vooraf via booking in the spaans. uiteindelijk na wat doorvragen de informatie gekregen die je verwacht bij de aankomst in een hotel."
1024,Los recepcionistas del hotel hablaban español muy rápido y también inglés muy rápido. Siempre hay una sirena tocando la bocina afuera por la mañana o algo que supongo tiene algo que ver con la escuela de al lado.
1026,"la ducha era un poco menos cómoda, alternaba de fría a caliente y viceversa sin una temperatura constante. El hotel también es ruidoso, pero afortunadamente estaba tranquilo, así que no fue un problema."
1028,Restaurante nocturno de calidad.
1029,"No había un flujo constante de agua caliente al ducharse. más a menudo frío que caliente. Aparte de eso, fue muy agradable."
1032,Ducharse en la bañera es un poco incómodo y peligroso. Los cócteles en el bar no son tan buenos.
1034,"El primer día los huevos todavía estaban recién horneados, pero los días siguientes ya no. Estaba allí, pero rápidamente hizo frío. y una gran desventaja: ¡no había escobilla de baño en las habitaciones!"
1039,"El ruido del tráfico es relativamente fuerte por la mañana, pero se puede dormir bastante en casa."
1040,"piscina muy pequeña y muy concurrida de invitados,"
1041,actitud empresarial ciclista de ducha de la mayoría de los empleados. excepto el desayuno.
1042,falta de encanto y decoración minimalista
1043,"La zona de la piscina con tumbonas se ha reducido considerablemente en comparación con el año pasado, lo que resulta muy incómodo en los días cálidos, ya que la piscina en sí ya es pequeña. El hotel también parece estar un poco viejo. En nuestra habitación, la puerta del baño no cerraba correctamente y al ajustar la altura del cabezal de la ducha, básicamente tenía toda la ducha en la mano. Probablemente todas las habitaciones deberían revisarse de vez en cuando o esto también debería notarse cuando se limpien las habitaciones."
1045,"la piscina, muy pequeña. y poco espacio en el área de la piscina, pocas hamacas para la capacidad del hotel"
1046,¡El estacionamiento debajo del hotel es un poco estrecho con un auto grande!
1047,todo muy bueno. Sólo los precios de los cócteles son bastante elevados.
1049,Un ascensor estuvo fuera de servicio durante los 5 días completos de nuestra estancia. los otros 2 no eran suficientes para los clientes y los invitados que iban al bar de la azotea.
1051,La bañera supone un reto para las personas mayores a la hora de ducharse. Al estar céntrico hay mucho ruido de tráfico. Las plazas de aparcamiento son bastante estrechas.
1052,"En realidad nada, excepto la ausencia de un hervidor para tomar café en la habitación."
1053,La gente se presenta o hay un acogedor rincón para tomar café. ese no es el caso. Puedes comprar café en la recepción. Pensé que esto era un verdadero punto negativo para un hotel así. la bañera debería sustituirse por una ducha a ras de suelo.
1055,Los ruidos del exterior son molestos y la cena fue mediocre.
1056,ver habitación
1057,Nada
1059,Servicio de bar en la azotea un poco malhumorado.
1060,"las instalaciones están algo dejadas, le falta mantenimiento y o reparación."
1061,El baño y el aseo no están separados del dormitorio por una puerta.
1062,todo positivo!
1063,"Uno de los lavabos ya estaba bloqueado, la señora de la limpieza lo vio y no hizo nada!! ¡Lo dejé como estaba!"
1064,Olor a aguas residuales en el baño.
1065,"todos los muebles no han cambiado desde 2013, la bañera está sucia. lamentablemente no hay minibar, si tienes sed tienes que bajar a recepción para elegir una de las pocas bebidas."
1068,"Sistema arcaico para pagos, Barceló no detectó doble pago, dijo que la reserva de pago rige, por lo que la bola fue devuelta erróneamente. El diseño del edificio no es precisamente práctico ni inteligente. Estacionamiento con poste de giro difícil en el medio, las camas se separan con demasiada facilidad, los ascensores tardan mucho, etc. El bar de la azotea no estaba abierto por una razón u otra."
1069,"Lamentablemente tuvimos un problema con la ducha. Mi marido resbaló gravemente al meterse en la ducha. Está muy resbaladizo, se lastimó la espalda y se rascó el brazo y la cabeza. estábamos muy asustados. Se lo explicamos en recepción pero no nos tomaron el tiempo. Que pena porque el hotel es muy bonito. Podría haberse convertido en una pesadilla para nosotros si mi marido hubiera tenido que ir al hospital o incluso algo peor."
1070,"siguiendo una diferencia en el número de desayunos, no hace falta poner queja a través de los mensajes de reserva, no funciona o no funciona bien porque suena como si tuviera sudor frío."
1071,"cuarto de baño, habitación"
1072,El lavabo de nuestra habitación no drenaba y no pudieron arreglarlo. Nos ofrecieron otra habitación pero por una noche no valía la pena cambiarlo todo.
1073,"La ducha no se podía ajustar a una temperatura constante, el agua caliente alternaba con la temperatura normal, se escuchaba mucho ruido de la carretera. debido a la hipercroi estaba prohibido usar los baños todo el día"
1074,"El personal de recepción no es acogedor, no sonríe y roza la amabilidad, excepto el guardia de seguridad que hablaba francés, que nos ayudó enormemente cuando llegamos, y el personal que conocimos a las 5 a. m. del día de nuestra partida, que fue muy amable y sonriente."
1075,"se oye todo desde fuera, está mal aislado. Había reservado deliberadamente un hotel con piscina, que lamentablemente no estaba en uso, fue bueno saberlo de antemano."
1076,precio
1077,los cojines
1078,"El personal era educado, pero no irradiaba una cultura acogedora. Pequeñas peticiones adicionales para comparar 2 categorías de habitaciones a la llegada, una manta extra, un suministro de té que se olvidó de rellenar, un vistazo rápido a la zona de la piscina todavía cerrada se cumplieron de mala gana, tarde o nunca."
1080,"No hay escobilla en los baños, no hay servicio de habitaciones."
1082,"- imposible abrir la ventana de la habitación - persiana rota - acceso al estacionamiento complicado con un todoterreno - el gimnasio es demasiado pequeño, no bromeo cuando digo que solo hay una bicicleta, una bicicleta elíptica, solo una cinta de correr y una máquina de pesas, el sábado éramos 6 esperando que las máquinas estuvieran disponibles. - Manejé más de 17 horas para llegar al hotel, sola con mi hija de 4 años. Llegué a las 2:00 am, ni siquiera me ayudaron con el equipaje. es decir, hay que tomar un ascensor hasta el aparcamiento y luego otro ascensor hasta la habitación. En recepción a esa hora no había ni un gato y ni siquiera se dignaron a ayudarme. es una pena. - 1,7 euros por café en recepción, porque eso sí no hay cafetera en la habitación. no es digno de sus estrellas. Sigue adelante, hay hoteles mucho mejores en la zona que no tienen tantas estrellas."
1083,retenerlo
1084,"No hay señal de radio en el baño, el suelo de la ducha goteaba, faltaba el tapón de desagüe de la bañera."
1085,la actitud antipática en la recepción
1086,"La cama era dura, pero eso, por supuesto, es una preferencia personal. La habitación daba a la calle. Entonces tienes una bonita vista, pero también mucho ruido a partir de las 7 de la mañana. Consejo para el hotel: limpia las ventanas para poder disfrutar realmente de la vista. estaban muy sucios. cara feliz con ojos sonrientes"
1087,"Mucha gente entra a este establecimiento porque está la azotea que da acceso a la gente del exterior. no se puede reservar una habitación de hotel en el lugar; debes reservar online previamente. Además, consulta siempre los precios en las páginas oficiales de los hoteles porque al hacer la reserva te salió mucho más caro. Mucho ruido de tráfico a pesar de tener las ventanas cerradas. Tráfico de coches en la parte inferior del hotel porque el centro de Valencia."
1089,"Baño, bañera vieja, ducha que no funciona muy bien."
1090,"empatía, acogida y pensamiento de soluciones. El alquiler de bicicletas es una lástima, las bicicletas están un poco desvencijadas, al otro lado de la calle hay un alquiler en buen estado, luego vimos que el gimnasio es demasiado limitado y pequeño."
1091,"En la primera sala el tráfico era bueno y, en nuestra opinión, inquietantemente audible. Invertir en ventanas aislantes no sería mala idea. Nos gustó mucho la habitación alternativa."
1092,"recepción cotización de recepción ¡vamos, vamos, entregad los papeles...!"
1093,La calidad de los materiales de la habitación era algo inferior. en el baño el esmalte estaba desgastado donde la gente se duchaba.
1094,"Cortinas que no bajan, faltan bombillas."
1095,olores extraños en la planta y happening montado en el hall de la planta por otros huéspedes
1096,No pudimos abrir la ventana cerrada. la puerta del baño no cierra. No hay jabón íntimo ni un colgador para el paño del bidé. 1 toalla de bidé para 2 personas únicamente. lámparas ruidosas. No pudimos encender el aire acondicionado caliente. no muy insonorizado. cerámica de la tina a reparar. ascensores lentos.
1097,"el ruido del tráfico. El hotel está situado en una gran rotonda con mucho tráfico. Las ventanas son dobles, pero no están suficientemente insonorizadas. ducharse en un baño."
1098,Hotel impersonal más bien de negocios para grupos grandes: economía de sistema.
1099,"pequeñas cosas, los desagües del fregadero no funcionaban correctamente. no hay escobilla de baño. Los ganchos para toallas han sido arrancados de la pared y cuelgan sueltos."
1100,sólo 2 ascensores lentos para un hotel ocupado de 10 pisos...
1101,amplio el objeto de reparación
1102,"Cuando regresamos a las 3 de la tarde, la habitación no había sido limpiada, nos contentamos con cambiar las toallas, no queríamos esperar más."
1103,Para un hotel de 4 estrellas hay pocas comodidades.
1104,"piscina cerrada toda la semana, precios ridículos para las bebidas en la terraza y después del excelente desayuno no hay lugar para relajarse o tomar una copa hasta las 4:00 p.m."
1105,ascensores a menudo saturados
1106,"El restaurante tiene horario limitado, no hay lugar para tomar una taza de café, la piscina cierra toda la semana a finales de mayo. El bar en el último piso solo abre a las 4:00 p.m. y es obligatorio un consumo de al menos 10 euros por persona y por lo tanto no hay café."
1107,"Las habitaciones parecen sucias pero no lo están. kit anticuado que hace que parezca sucio, la ducha no funciona, la ventana no cierra correctamente por lo que se escucha el tráfico continuo. Menú de restaurante deficiente, personal con prisa y que no toma pedidos parcialmente o no. si están en su mesa, se irán antes de que se dé cuenta y pasarán a la siguiente mesa. Comí dos veces y no completamente 2 veces. El personal pidió que se tomaran más tiempo para sus invitados, pero se ve muy desordenado. Se suponía que tenía una habitación con vistas, pero estaba situada en un lateral del edificio. ¡Las habitaciones necesitan mucho mantenimiento! eso para un hotel que quiere tener una apariencia cuidada."
1108,las camas se movían y las persianas estaban trabadas
1109,"Servicio y amabilidad en la azotea: evidentemente con exceso de trabajo, personal apático, fuertes portazos en el suelo y mal aislamiento acústico, tanto en el interior como en el exterior."
1110,"la ventana no cerraba bien, se oían los coches en la calle y los ronquidos de una persona en la habitación de al lado! imposible escuchar mi música, a un nivel adecuado, sin recibir llamadas de recepción para decirme que mi música estaba demasiado alta"
1111,"el ruido de los coches que parecían pasar por tu habitación debido al mal aislamiento de las ventanas. Anuncian su piscina en la azotea, pero no estaba abierta a pesar del hermoso clima. El personal no estaba interesado en su estancia. ¡Paga y deshazte de él!"
1112,habitación: la ventana tenía muchas corrientes de aire; las camas se movían gracias a las ruedas; mantenimiento de la habitación deficiente
1113,"cuatro habitaciones ruidosas después de haber solicitado una habitación tranquila. Nos vimos obligados a cambiar de habitación alrededor de la medianoche. El excelente apoyo de mantenimiento valió la pena para compensar la mala voluntad de los empleados arrogantes y los malos modales de la recepción, a excepción del miembro masculino que siempre fue amable, disponible y afable."
1114,"Las habitaciones del hotel necesitan urgentemente una renovación, la pintura del baño está suelta, el suelo está muy desgastado y los grifos cuelgan sueltos de la pared. Estábamos en el tercer piso y el ruido del tráfico era muy molesto."
1115,"el baño abierto está muy mal pensado y bastante descuidado, la válvula se está pelando, la puerta del baño cruje y hace un ruido fuerte, cualquier ruido llega a la habitación y el agua de la ducha sale cuando hace calor y cuando hace frío.  la piscina de la azotea es en realidad un jacuzzi más grande, las fotografías están tomadas desde ciertos ángulos para dar la impresión de que es más grande de lo que parece y las tumbonas están siempre ocupadas. la habitación no está aislada del ruido en absoluto, el sonido de los coches en la calle se escucha perfectamente dentro con la ventana cerrada, aquellos que tienen el sueño ligero pueden tener problemas para descansar. la ventana sólo se puede abrir parcialmente."
1116,Las camas se hacían todos los días pero no se cambiaban.
1117,bañeras muy altas y resbaladizas
1119,Las baldosas del suelo de la habitación estaban todas sueltas.
1120,"La estructura, aunque se encuentra en una posición muy estratégica, ahora está anticuada y objetivamente necesita renovación."
1121,"Las fotos de la habitación reservada no coincidían con la realidad de la habitación. Es triste que una red tan grande tenga esta postura. Me sentí engañado. foto de una habitación grande con armario, pero era pequeña. Foto de baño con dos lavabos y uno era mínimo y estaba obstruido. Mala ducha, desmantelada. El formato del baño estando abierto al dormitorio y solo cerrando la zona del baño fue una muy mala experiencia. Debido a que el diseño empeoró, se volvió estrecho. La zona de la ducha pierde agua por todo el suelo y ni siquiera tiene desagüe. No hay lugar para colgar toallas. Elegimos una cama de matrimonio y nos pusieron dos colchones individuales juntos, malos para dormir con un agujero en medio de la cama. Los acabados interiores del hotel parecían hechos sin cuidado. La azotea tiene una bonita vista, pero solo bebidas, no aperitivos y precios superiores a la media. Servicio frío y arrogante, como se ve a menudo en Europa. Coger un taxi no es tan rápido, de hecho Valencia en su conjunto nos lo pareció así. Hay que luchar y esperar mucho tiempo para tomar un taxi, en comparación con otras grandes ciudades de Europa."
1122,"Olor fuerte y malo en las 2 habitaciones que tomamos, baño sin puerta y puerta divisoria de ambientes sin función efectiva."
1123,"Bueno, una vez que llegué al hotel, me ayudaron tres empleados, después de esperar más de una hora la habitación estaba lista para ser utilizada. Una vez que llegué arriba, la ropa de cama todavía estaba en el pasillo, no era muy higiénica. relación de precio demasiado cara"
1124,el personal
1125,"limpieza de la habitación, cuando llegamos había pelos en el suelo y en el plato de ducha"
1126,habitación de 200 por noche y tanto ruido de los coches que pasaban que era imposible dormir bien
1127,Nada
1128,todo me gusto
1129,nada
1130,n / A
1131,nada
2116,nada
2118,nada
2121,nada
2124,todo me gustó
2125,nada
2129,nada
2132,n / A
2137,nada
2147,nada
2148,ventana a patio interior
2154,nada
2158,nada
2159,nada
2160,todo excelente
2167,me gustó todo
2172,nada
2175,nada
2180,nada
2181,no hay parking en el hotel
2182,nada todo me gusto
2195,nada. todo excelente.
2200,nada
2202,nada
2203,nada
2208,nada que objetar
2218,
2219,nada
2223,no hubo nada que ni me gustara
2226,no hay nada que no me haya gustado
2234,todo nos gusto. volveríamos
2240,nada
2241,todo estuvo excelente!
2245,nada
2247,todo nos gustó.
2248,no se me ocurre
2253,nada
2257,nada
2267,nada
2274,nada. todo perfecto.
2276,todo me gustos
2280,nada
2287,nada
2289,xxx
2301,todo excelente!
2309,nada.
2312,todo me gusto
2313,nada
2314,me gusto todo
2316,nada
2317,nada
2323,nada
2328,nada
2335,nos gustó todo
2341,nada
2342,todo me gusto
2343,"Viajé con mis tres hijos, una de mis hijas se siente muy mal, tiene fatiga, esto fue dos horas antes de que tuviéramos que salir. No me gustó que el personal del hotel me enviara mensajes de texto por whatsapp. y literalmente dijeron que iban a sacar todas nuestras cosas fuera de la habitación."
2356,nada
2361,nada para decir.
2365,nada
2369,todo estuvo genial
2370,nada. todo estuvo fantastico
2372,no tengo quejas
2373,nada
2374,nada
2375,nada
2376,el ascensor
2377,ninguno
2378,nada
2388,todo me agrado mucho
2391,todo me gustó
2392,"nada, todo está como debe ser."
2398,todo me gustó.
2404,No.
2410,No
2412,nada que no me haya gustado.
2414,nada
2415,nada
2416,nada. todo perfecto.
2418,me gustó todo.
2429,no tengo nada en negativo
2430,ningún punto negativo
2433,me gustó todo
2434,todo me gustó.
2438,nos gustó todo.
2439,"nada, todo perfecto"
2441,nada
2453,nada
2455,que no se pueda fumar
2458,me gustó todo.
2463,nada
2465,ninguna pega
2467,nada
2473,nada
2476,nada
2478,no hay pega posible
2483,nada nada
2484,nada
2492,nada
2493,nadie
2497,nada
2500,me ha gustado todo
2501,no hay nada negativo
2510,todo perfecto. volveremos
2515,no hay nada que no nos gustase.
2519,todo me gusto
2524,nada
2525,tranquilizar
2533,nada
2536,todo
2540,nada.
2548,nada
2550,nada
2559,0
2562,nada
2563,nada.
2565,nada.
2570,nada
2573,nada
2576,nada
2585,nada
2593,todo ok
2603,nada que destacar
2604,"nada, todo fue excelente."
2619,nada que argumentar
2620,nada
2627,no hubo nada que no nos gustara.
2632,me gusto todo
2636,me gustó todo.
2638,nada
2639,ninguna pega
2643,nada
2644,nada.
2645,no tener parking. cerca
2651,nada
2657,me gusto todo
2661,no hay nada que no me gustara
2664,nada
2665,nada.
2666,nada
2668,me ha gustado todo
2673,nada
2675,no tiene párking.
2677,nada
2685,nada
2693,me gusto todo
2695,nada
2702,nada
2708,el internet era intermitente
2717,me gusto todo
2718,nada
2720,nada negativo
2727,nada por agregar.
2729,nada
2736,nada
2737,nos gustó todo
2739,nada
2745,no tengo nada que opinar
2754,todo nos gustó.
2761,nada que objetar
2762,nada que decir
2764,nada
2765,nada
2767,no hay nada negativo
2774,la almohada no me gustó demasiado  x decir algo
2780,nada
2786,nada
2789,nada
2800,no tenia vistas mi habitacion
2801,nada
2809,todo ha sido bueno
2817,nada
2821,nada
2825,nos gustó todo
2831,"nada, me gusto todo mucho"
2834,nada que objetar
2852,el tema parquing
2857,nada
2860,nada
2863,nada
2868,no hubo nada que no me gustara
2870,nada que comentar
2876,excelente
2877,no encontré nada que no me gustara
2882,no hay nada que no me haya gustado :
2883,nada
2887,no dispone de parking
2888,nada
2896,nada
2897,no aplica
2898,me gustó todo
2901,creo que todo estuvo excelente
2909,"nada, todo perfecto."
2913,
2916,nada
2918,"nada, todo perfecto."
2920,nada q decir
2922,me gusto todo
2923,nada
2928,me gusto todo
2937,nada
2940,nada
2942,nada
2948,nada
2954,nada
2971,"la ventana daba a un pasillo interior, cero vista."
2990,nada
2995,bueno nada todo correcto
2999,un ascensor averiado
3002,ascensores no funcionaban
3007,incógnita
3020,nada.
3021,¡nada!
3036,todo ok
3041,muy antiguo
3049,nada que objetar
3051,nada
3053,nada
3058,caro
3060,res
3061,me gusto todo
3067,nada
3124,nada
3145,todo estupendo
3146,nada
3147,nada
3170,habitacion interior
3208,BIEN
3251,todo
3253,nada
3257,
3258,nada
3260,nada realmente. No puedo creer que sea solo un 2
3261,n / A
3262,todo fue fantástico
3263,nada...todo estuvo genial!
3264,absolutamente nada perfecto
3269,nada.
3271,No se ofrece desayuno al pagar cerca de 200 euros por 1 noche.
3272,nada
3273,"No hay nada que no me guste a menos que seas una persona quisquillosa. La caja fuerte no funcionaba pero no era un problema para nosotros. Teníamos amigos en la casa de al lado y nunca preguntamos, así que probablemente hubiera sido fácil solucionarlo."
3274,nada
3276,nada que reportar
3277,"El desayuno no valía la pena, hay opciones mejores y más razonables cerca."
3278,nada que no me guste.
3279,"nada, fue perfecto"
3281,la caja fuerte de la habitación es difícil de usar
3283,"La mayor parte del desayuno era bueno, pero el tocino, el huevo y las salchichas necesitan mejoras."
3284,nada
3285,el espacio de la habitación
3286,"un poco pequeña la habitación, pero por lo demás todo es increíble"
3287,Teníamos una habitación interior sin vistas al exterior. había una pequeña ventana con vista interna. Había muy poca luz natural. Por las mañanas tuve que ir a recepción para comprobar el tiempo exterior.
3289,sin quejas
3290,limpieza
3291,nada
3293,sin quejas
3296,nada
3299,nada. todo muy bien.
3300,¡Todo fue perfecto!
3301,"algo del desayuno. Para mi gusto, el tocino debe estar fresco y crujiente, no empapado de grasa."
3302,nada
3303,nada.
3304,el desayuno estaba frio
3306,El desayuno era caro para lo que ofrecía.
3307,nada
3308,nada
3309,no se me ocurre nada
3311,"El personal no fue muy amable y parecía molesto durante el check in y cuando tuvimos problemas para abrir la caja fuerte. Había un gran festival que atraía a miles de personas, lo que podría haber causado el olor a cloaca en nuestro baño. Era casi tóxico el último día. Mantuvimos la puerta del baño cerrada después del día 2. Era caro para lo que era la habitación. Nos alojamos en algunos otros lugares durante nuestra visita de dos semanas que eran más baratos y agradables."
3313,"La habitación no estaba bien aislada, por lo que podía escuchar mucho ruido del exterior."
3315,Hubiera preferido una habitación con vistas.
3316,difícil de criticar.
3318,nada
3319,Los colchones no eran cómodos.
3320,"La selección caliente en el desayuno no estaba caliente, las bandejas calientes ni siquiera estaban encendidas."
3323,nada
3324,¡nada!
3325,El personal de limpieza hace mucho ruido muy temprano en la mañana.
3327,ya
3328,nada
3329,"los ascensores son pequeños y lentos, por lo que la espera puede ser larga; pero solo subimos un tramo por las escaleras, así que realmente no nos molestó. Si tienes un piso más alto, querrás usar el ascensor."
3331,nada que no me haya gustado.
3333,nada
3334,instalaciones
3335,"No me puedo quejar de nada, se cumplieron todas las expectativas."
3336,no tengo quejas
3337,gran personal. bonita habitación
3338,"En retrospectiva, habríamos elegido una habitación más grande."
3339,No tengo quejas. Un gran lugar. Sin duda me alojaría aquí de nuevo.
3342,"La habitación estándar era demasiado pequeña para nosotros, sin embargo, estaba excepcionalmente limpia y tenía una buena relación calidad-precio."
3343,Hubo un problema con el olor a desagüe algunos días.
3345,La habitación era un poco pequeña pero no arruinó nuestro disfrute.
3346,¡nada!
3350,tal vez no haya zona de bar
3355,¡nada!
3356,habitación un poco pequeña
3357,nada
3359,nada
3360,nada
3362,nada. Todo fue perfecto para una propiedad de 1 estrella. ¡asombroso!
3363,"No había luz del día, así que las luces tenían que estar encendidas todo el tiempo, pero como la mayor parte del día lo pasé afuera, no me molestó mucho."
3364,todo fue perfecto. No hay nada negativo sobre este hotel.
3365,me gustó todo
3370,aparcar era un dolor
3371,"Señalización clara, ya que nos tomó un tiempo encontrar el hotel ya que el taxi no pudo dejarnos fuera del hotel."
3373,nada
3374,nada
3375,
3376,"Nada, todos estuvimos de acuerdo en que fue una elección perfecta para nuestro viaje."
3379,nada
3380,"Nada, perfecto."
3384,la habitación es un poco pequeña
3388,"Debido a que la habitación está ubicada justo al lado del almacén, hacía bastante ruido temprano en la mañana."
3389,"No había nada en particular que no me gustara de esta propiedad. La ubicación es excelente, las habitaciones son cómodas y el personal es amable y accesible. Cuando necesitábamos un taxi temprano en la mañana a las 5:00 a. m., el hotel lo organizó rápidamente y sin ningún inconveniente. En general, la experiencia fue muy positiva."
3390,"Se puede oír a la gente desde el pasillo, lo cual es común en muchos hoteles."
3393,pequeña habitación estándar
3394,nada
3396,personal amable.
3398,La habitación era adecuada pero de tamaño compacto.
3399,todo fue perfecto
3400,"El wifi era muy pobre, solo de 5 a 6 GB todo el tiempo, lo cual es muy lento, especialmente para una ciudad. No pude usar mi computadora portátil como almacenada en búfer y tuve que hacer un hotspot desde el teléfono"
3402,"Debido al aire acondicionado, no sé por qué mi cabello se seca tanto por la mañana. No quería apagar el aire acondicionado porque necesitaba mantener la habitación caliente, pero me secaba mucho el pelo. Por cierto, no había acondicionador para el cabello en la ducha y afortunadamente tenía el mío propio."
3407,todo
3409,nada
3410,todo está bien
3414,nada
3416,nada
3418,"El precio era muy alto para lo que en realidad es un hotel estándar, pero creo que fue porque era el fin de semana del maratón de Valencia y reservé bastante tarde. El wifi es muy lento y la mayor parte del tiempo no funcionaba en mi habitación. Además, hubo algo de ruido por la noche en la plaza, aunque esto no fue culpa del hotel. Las dos primeras noches me quedé en una habitación en la parte trasera que era muy tranquila. luego tuve que cambiar de habitación. Había hecho 2 reservas separadas debido a la disponibilidad limitada y mi siguiente habitación daba a la plaza, que era una vista muy bonita, pero desafortunadamente era el día de la Constitución y había miles de personas en la plaza, música y fuegos artificiales por la noche. No es genial porque solo dormí 4 horas antes del maratón de Valencia. No es culpa del hotel, el aislamiento acústico de las ventanas es muy bueno, pero no suficiente para los fuegos artificiales y una banda en vivo. Así que es algo que debes tener en cuenta si quieres un sueño súper tranquilo."
3420,"el desayuno está bien. Cuesta 13 euros que puedes gastar en uno mejor afuera. Excepto esto, preparé un sándwich para llevar, pero la señora que estaba allí no me dejó tomarlo. ok, es la política que no conocía pero el sándwich se fue a la basura..."
3421,porque el maratón era en el hotel era mucho más caro de lo que normalmente sería
3422,hubo notas que no nos gustaron.
3424,"La habitación era un poco pequeña, pero la ubicación lo compensó por completo."
3426,todo fue perfecto.
3429,nada
3431,¡nada!
3433,"la maquina de cafe no funciono. Además, el tapón de clic del lavabo del baño no selló correctamente, lo que permitió que el agua se filtrara fuera del lavabo. una molestia cuando intentas afeitarte en húmedo. en ambos casos el personal estuvo atento a ambos problemas. Además, las paredes son muy finas, hasta el punto de que se pueden oír los ruidos de las habitaciones de al lado."
3434,nulo
3440,"No mucho, pero el personal no fue muy amable. la única que fue de gran ayuda fue la señora mañanera de cabello rubio la mañana del 27 de noviembre. dijo más cerca del ascensor. No supe su nombre, pero ella me ayudó con ideas sobre cosas que hacer. Fue interrumpida al menos dos veces por clientes groseros del hotel que intentaron hablar con ella mientras me ayudaba y ella les dijo amablemente que estaría con ellos cuando terminara conmigo. Lo aprecié porque estas personas fueron bastante groseras y desconsideradas. ella no era la dama del cabello rubio y rizado. El resto del personal con el que traté no fue grosero, pero parecía molesto y nunca sonrió. tal vez sea una cosa cultural. No soy una persona demasiado sonriente, pero trabajo con el público y al menos trato de hacerlo sentir bienvenido."
3441,Su nombre
3442,la zona del vestíbulo no es genial
3443,nada. todo bien
3445,nada en absoluto
3446,nada en absoluto
3448,El ruido en los pasillos y las habitaciones se transmite con bastante facilidad.
3449,nada
3450,todo fue perfecto.
3451,nada
3452,n / A
3453,nada
3455,n / A
3456,nada honestamente
3458,nada
3459,"Nada, todo estuvo bien."
3461,la cama crujía
3462,nada
3463,No se me ocurre nada que no me haya gustado.
3467,un área social más grande para que las familias se reúnan y charlen
3468,no se me ocurre nada
3469,"Realmente nada, todo estuvo súper bien!"
3470,nada
3476,nada.
3477,nada
3478,nada
3479,habitación pequeña
3480,Me encantó el balcón de la habitación. Me encantó todo. Definitivamente regresaré.
3481,nada
3482,nada que no me guste!!
3483,"nada, lo pasamos genial"
3486,el café estaba malo.
3488,nada en absoluto.
3489,La televisión está colocada en un lugar tal de la pared que me golpeé la cabeza un par de veces al salir del baño. Podrían haber sido algunos cubiertos además de una cuchara mientras preparaba mi propio desayuno.
3490,cumplió todas nuestras expectativas.
3492,"Lo único que puedo comentar es que uno de los ascensores estaba fuera de servicio, por lo que tardaron un poco en subir y bajar en los demás ascensores."
3495,¡Fue una muy buena experiencia!
3496,Podría haber proporcionado café completo a las familias en la habitación.
3497,Las habitaciones no son grandes y pueden calentarse.
3498,nada fue negativo.
3502,Realmente no hay nada que cambiaría de este hotel.
3503,"nada, fue hermoso"
3504,nada
3505,"Nada, fue perfecto para nosotros."
3508,Una alfombra de baño antideslizante hubiera sido útil.
3510,ver arriba.
3511,No hay nada de qué quejarse aquí.
3512,¡El clima! Estuvo nublado o lluvioso durante todo el viaje a Valencia y aún así lo disfrutamos mucho. ¡Imagínense lo lindo que será volver con un clima soleado!
3513,no tengo ninguna queja muy impresionado
3514,nada
3515,limpio y excelente personal
3517,nada
3518,solo necesitaba un espejo de cuerpo entero
3519,Ojalá tuvieran hielo
3520,pequeña gama de canales de televisión
3522,Reservé una habitación sin vistas pero esperaba una habitación con vistas al aparcamiento o algo así. ¡No me gustó el hecho de que no había luz natural porque era un poco inquietante!
3523,"Nada, ¡fue casi perfecto!"
3524,"nada, todo estuvo genial"
3525,nada
3526,nada realmente. Ojalá hubiera reservado una habitación con vistas a la plaza.
3527,La pequeña mini nevera nunca funcionó. Teníamos que comprar leche todos los días porque en unas pocas horas estaba tibia o a temperatura ambiente.
3528,"Era un poco ruidoso, pero eso es de esperarse en un edificio antiguo. Terminamos en una habitación interior con un patio de luz a modo de ventana. así que si desea una ventana que dé a la plaza, debe consultar y probablemente cueste más."
3529,todo fue increible
3530,nada que no me guste
3531,"Teníamos 2 habitaciones. una era una habitación cuádruple que hacía esquina y daba a la plaza. Puedes oír todo lo que sucede en la plaza todo el día y toda la noche. Todavía pudimos dormir con algo de ruido blanco, pero puede ser prohibitivamente alto para personas con sueño ligero."
3532,la mayoría del personal de recepción fue muy bueno.
3533,"Nada, pero no hay muchas instalaciones, para ser justos, no probamos el desayuno, pero se veía fantástico."
3537,Literalmente no hay nada que no nos guste. Ojalá nos hubiéramos quedado más tiempo.
3538,todo estuvo bien
3539,tamaño de la habitación
3540,no aplicable
3541,"La habitación era pequeña, pero supongo que eso es lo que se espera cuando se viaja a Europa."
3542,no hay nada que no me guste.
3544,"Muy poco que criticar, sin embargo, hay tres pequeñas cosas que me gustaría señalar. En primer lugar, una cuestión de seguridad. mi baño tenía una ducha sobre la bañera, y aunque había una alfombra de toalla para colocar en el piso del baño para pisar, no había una alfombra de goma o algo similar para pararse en la bañera mientras me duchaba. El fondo de la bañera estaba extremadamente resbaladizo, así que terminé poniendo una camiseta en la bañera. Había hervidor de agua y cafetera en la habitación excelente, pero solo se proporcionaba una bolsita de té, una cápsula de café, una azúcar y no se proporcionaba leche todos los días; se cobraron los extras. Personalmente pensé que esto era un poco tacaño. Finalmente los ascensores fueron un poco impredecibles. frecuentemente uno o dos de los tres estaban temporalmente fuera de servicio. Todos estos son pequeños inconvenientes en una estancia que por lo demás sería perfecta."
3545,we loved everything cara feliz con ojos sonrientes
3547,Me encantó todo
3549,"Se proporcionó una máquina de café que debe usar cápsulas, pero con un poco de improvisación podría usarse solo para agua caliente para té, etc., pero la próxima vez agradeceríamos una tetera real."
3551,¡nada!
3554,Insonorización entre habitaciones.
3555,"Solo tenía una llave, lo que significaba que no podíamos dejar la electricidad encendida cuando salíamos de la habitación. Creo que hicieron esto deliberadamente, pero fue frustrante intentar enfriar agua en el refrigerador o cargar iPads en la habitación mientras estábamos fuera."
3556,nada que no me guste
3557,"una habitación más grande. pero en general no hubo quejas sobre el tamaño que recibimos. La llave de la habitación fallaba continuamente, lo cual era un poco molesto, pero nada importante que afectara nuestra estancia."
3558,nada
3559,no me puedo quejar
3561,El aire acondicionado hacía mucho ruido intermitentemente.
3562,Las instrucciones seguras eran ambiguas. Las instrucciones de estacionamiento podrían haber sido mejores.
3563,nada realmente.
3564,nada
3565,nada
3568,un gimnasio estaría bien
3569,todo fue genial
3570,las habitaciones son compactas
3571,Habitación un poco pequeña con 2 maletas.
3573,"El hecho de que el hotel solo tenga 2 estrellas, definitivamente un 3 plus."
3574,"No hay leche para el té y el café, sólo tazas pequeñas."
3575,no puedo pensar en nada
3577,No queríamos irnos.
3578,Es una pena que no tengan un patio exterior para la zona del bar.
3580,"la habitación era pequeña,"
3581,nada
3582,muy limpio. excelente ubicación
3583,nada
3584,no hubo nada que no me gustara.
3585,nada.
3586,todo fue perfecto.
3587,absolutamente nada
3588,nada...todo perfecto
3589,No muy buena insonorización del ruido exterior de la plaza principal. una llamada rápida a recepción y se tomaron medidas
3590,"El estacionamiento está a tres cuadras de distancia. No puedes conducir hasta la plaza, solo lo suficientemente cerca para dejar tus maletas."
3591,nada
3592,0
3593,baño pequeño
3594,el baño estaba muy estrecho
3595,Es mejor tener una ducha o bañera con puerta para personas mayores.
3596,nada
3597,"Debería haber más variedad en el desayuno, pero aparte de eso, no hay nada de qué quejarse."
3598,Necesito tener más opciones para el desayuno. No se debe dejar depósito por toallas de playa.
3599,lo malo no fue lo mejor
3602,"Tuve que estacionar a 10 minutos a pie, un poco molesto cuando tienes mucho equipaje."
3604,nada
3607,nada. Lo recomendaría altamente.
3615,"El baño era bastante pequeño, pero estaba limpio y cubría todas las necesidades básicas. El secador de pelo era bastante viejo y muy lento, no se calentaba lo suficiente. Por suerte yo tenía el mío. ;  Nos decepcionó más el desayuno. no estaba al nivel del hotel. poca variedad de comida, poco sabrosa, pocas opciones para niños. Por suerte, hay muchos lugares en los alrededores donde poder desayunar."
3616,nos gustó todo
3618,El baño de la habitación era pequeño.
3619,"Las habitaciones eran bastante pequeñas para una pareja con dos maletas. Hubiera sido bueno tener más espacio para colgar, etc."
3620,No encuentro nada de qué quejarme.
3621,nada
3622,nada
3623,n / A
3624,"Muy pequeña queja, pero realmente no me importó. Los vecinos de al lado hablaban en voz alta y la insonorización solo es válida para el exterior y ciertamente no para los vecinos ruidosos."
3625,no hubo nada que no nos gustara.
3627,no me gusto que no nos dejaron hacer late check out porque no pudimos ir a la playa el último día.
3629,nada
3630,1. Ubicación céntrica 2. Excelente desayuno 3. Personal servicial 4. Excelente aire acondicionado
3631,Había una fragancia abrumadora en el vestíbulo y en las habitaciones. Tuvimos que dejar las ventanas abiertas en las 3 habitaciones para ventilarlas.
3632,el wifi era muy malo
3637,camas un poco duras.
3638,el estacionamiento apesta
3639,¡¡No hay nada que no nos haya gustado!!
3644,todo fue genial.
3647,wifi súper lento que apenas funcionó
3649,Bañera muy alta para entrar a la ducha. era demasiado alto para mi anciana madre.
3651,nada
3652,me gustó todo
3657,No logré ver ni un poquito la vista de la plaza de espera. Estaba en la parte de atrás de la vista y era lo principal para mí.
3658,tamaño de la habitación
3660,"Habitaciones pequeñas, el aire acondicionado estaba dirigido hacia la cama debido al tamaño de la habitación, lo cual era desagradable."
3662,Ojalá nos hubiéramos quedado más tiempo.
3664,"La ducha a veces puede llenarse de agua, pero solo necesita desobstruirse, lo cual requiere un mantenimiento menor."
3665,al fuerte olor a limpieza
3666,nada.
3667,nada
3669,nada
3671,nada. todo estuvo bien.
3672,"Solicitamos dos camas separadas pero solo había cama cuando llegamos a la habitación. No fue un problema real, pero hubiera sido bueno tener una cama para cada uno. Dejamos algunas de las toallas para que las reemplazaran, pero nunca obtuvimos otras nuevas, nos dimos cuenta demasiado tarde para pedirlas."
3673,"Sin bar, solo una pequeña selección de bebidas."
3676,"Gran opción de desayuno, pero decepcionado porque no había huevos revueltos fritos. No soy muy fan de la tortilla española."
3678,¡nada!
3680,el ventilador del baño no extraía rápidamente
3681,Sólo estuve dos noches y no hubo nada que no me gustara.
3683,nada.
3684,nada.
3685,"En realidad, nada. Si tuviera que elegir, diría que los ascensores son lentos, pero es un edificio de 8 pisos, así que eso es de esperar."
3686,toallas viejas
3688,- fuga en la ducha que provoca que el agua inunde el suelo - sería bueno contar con más opciones de carne en el desayuno
3689,No pudieron acomodar una salida tardía de 1 hora.
3692,todo fue perfecto. ¡No hay quejas desde aquí!
3693,todo fue genial - gracias
3694,nada
3695,"Actualmente el hotel funciona muy bien, no tuvimos ningún problema durante nuestra estancia."
3696,"Excelente ubicación, lugar muy seguro y divertido."
3698,"No pude usar la caja fuerte, pero estaba bien y decidí no pedir ayuda, de lo contrario estoy seguro de que la habrían arreglado. Lo mismo para el wifi que no me funcionó."
3699,Hacía calor yendo a los ascensores pero sólo por un rato.
3700,habitación pequeña
3701,nada
3702,
3703,No hay mucho que no me haya gustado.
3704,el desayuno es mediocre. Los ascensores son lentos.
3705,información en avances para los diferentes tipos de habitaciones....
3706,el secador de pelo no funcionó
3707,incógnita
3713,no habia nada
3714,nada
3715,nada
3716,El bar es pequeño y tiene muy poca variedad de bebidas.
3717,"Nada que no nos haya gustado, todo genial."
3718,Todo fue perfecto... absolutamente nada negativo para nosotros.
3719,no hubo absolutamente nada que no nos gustara
3720,nada - ¡todo bien!
3721,"Es un edificio antiguo con pasillos estrechos y la habitación era pequeña, pero bueno, ¡no vas a Valencia a quedarte en tu habitación!"
3722,¡ninguno!
3723,"Ascensores, el desayuno necesita más variedad, menú limitado igual todos los días."
3724,nada que no me guste
3725,nada.
3726,Larga caminata hasta el zoológico desde la parada de autobús del zoológico.
3727,nada
3728,"Parecía una lástima ofrecer una terraza tan increíble, el lugar perfecto para relajarse, sin muebles adecuados que la acompañaran. Una silla cómoda y una mesa de mejor calidad habrían sido muy apreciadas y una tumbona habría sido muy bienvenida. la pequeña mesa era demasiado baja y las sillas provistas eran muy incómodas y cada vez que salía a usar una tenía que tomar una almohada de la cama."
3729,"Estás en el corazón de la plaza, por lo que puede haber un poco de animación después de las 11 p.m. Si eres estadounidense y estás acostumbrado a irte a la cama para entonces, trae tapones para los oídos."
3730,Me encantó todo
3731,nada
3732,nada
3733,nada.
3735,habitación un poco pequeña.
3738,no tengo quejas.
3739,nada
3740,absolutamente nada
3741,el servicio de televisión podría ser mejor
3742,La habitación era un poco más pequeña. la maquina de cafe no funciono
3743,"Desafortunadamente estuvimos allí el día que se cortó la electricidad en toda España. no teníamos euros y las máquinas de tarjetas no funcionaban, el hotel no nos dejaba comprar comida y bebida en el bar del hotel ni poner el importe en la factura, en mi opinión, esto fue un mal servicio al cliente."
3744,El único defecto es que los ascensores son bastante lentos.
3745,nada
3746,"El aire acondicionado de mi habitación no funcionaba. Lo informé, el personal vino a verificarlo y me dijeron que bajara la temperatura y aumentara la velocidad del ventilador. Dijeron que hacía un poco de calor pero que aún funcionaba y se ofrecieron a traerme un ventilador. Pasaron dos horas y el ventilador del aire acondicionado estaba funcionando pero no soplaba aire frío. Llamé al personal nuevamente e insistieron en que el aire acondicionado estaba funcionando y trajeron un ventilador, diciendo que eso era todo lo que podían hacer. Mencioné que el aire acondicionado de otra habitación frente a la mía estaba muy frío y no había forma de que mi aire acondicionado funcionara correctamente. Pedí un descuento. El gerente me llamó y me informó que su personal dijo que el aire acondicionado estaba funcionando. Cuando no estuve de acuerdo, me dijo que el hotel estaba lleno y que podía vender mi habitación fácilmente, ofreciéndome un descuento de 20 euros. Expresé mi decepción porque elegí específicamente ese hotel por su buen aire acondicionado. Dijo que lo máximo que podía ofrecer era un descuento de 50 euros. Además de este problema, el resto del personal fue agradable, las habitaciones eran agradables y la ubicación es excelente."
3747,"a c no funciona correctamente. Nuestra unidad da al sol y da a la calle lateral, por lo que hace calor y necesita aire acondicionado y ventilador."
3748,un poco cansado en los pasillos
3750,n / A
3751,"Al llegar con mucho equipaje, no previmos que los coches no pudieran llegar directamente al hotel. Tuvimos que caminar con bolsas en las calles en el momento del check in y del check out, y eso era un poco loco con niños corriendo de un lado a otro."
3753,habitación pequeña
3754,"El aire acondicionado fue un poco complicado de poner en marcha, pero fue genial una vez que lo conseguiste."
3755,nada
3757,"El único inconveniente fue el hecho de que uno de los ascensores no funcionaba y algunas veces había que esperar bastante, pero en general esto fue un inconveniente muy negativo."
3758,nada
3759,"Lamentablemente no pudimos fumar en la terraza, pero es comprensible, por supuesto."
3760,camas no muy comodas
3761,"Las paredes entre las habitaciones son un poco delgadas y puedes escuchar los ruidos de tus vecinos, pero de todos modos probablemente sea un problema común en el 98 de los hoteles."
3762,nada en absoluto
3763,¡nada!
3765,nada
3770,"El precio puede ser un poco más alto, pero dada la ocasión, es de esperar."
3774,todo está bien.
3775,nada que no me guste
3776,nada
3781,Sólo un ascensor funcionaba pero estaba pendiente de reparación.
3785,"El ahora infame corte de energía en toda España ocurrió en nuestro tercer día y confundió al hotel, pero se las arreglaron y lograron proporcionarnos un sándwich y una bebida para cada uno."
3786,entrar a la bañera para ducharse puede ser un problema para algunos huéspedes... estábamos bien
3787,Precio bastante alto para un dos estrellas.
3788,"Llegamos allí durante un corte de electricidad, ¡un evento inusual por supuesto! el alumbrado de emergencia era tremendamente inadecuado. el personal estaba bien pero limitado."
3792,nada
3793,Dos de cada tres ascensores estaban rotos todo el tiempo.
3795,las paredes eran delgadas
3796,nada.
3797,"Durante nuestra estancia, 2 de los 3 ascensores no funcionaban."
3799,"La zona del bar no era realmente como un bar, las habitaciones y el baño eran muy pequeños, el hecho de que las habitaciones estén tan cerca se puede escuchar a los demás residentes."
3800,un ascensor fuera de servicio durante las 2 noches que estuvimos allí. Hubiera sido bueno tener 2 sillas cómodas en la habitación.
3801,nada
3803,el wifi era terrible. La señal era bastante fuerte pero muy lenta y se desconectaba constantemente.
3804,¡nada!
3805,"todo fue genial. El mini refrigerador mantiene las bebidas frescas, pero no lo usaría para alimentos que necesitan refrigeración."
3806,No puedo encontrar nada para quejarme:
3807,El club nocturno en la azotea frente al hotel puede provocar que usted ponga algo de ruido a altas horas de la noche.
3808,No cambiarían moneda.
3809,no puedo pensar en nada
3810,Internet lento y ascensor roto.
3811,Es verdaderamente uno de los mejores hoteles en los que he estado. Recomiendo encarecidamente este lugar a cualquiera que busque una estancia estupenda en la zona.
3812,"La habitación y el hotel en general eran muy buenos para una estancia de dos noches, el personal era encantador, cortés y eficiente."
3813,Tuve una estancia perfecta en el hotel Venecia.
3815,Hubiera sido bueno tener una máquina de café tipo Nespresso en la habitación y algunas opciones más para bolsitas de té. En nuestra habitación número 200 solo teníamos un hervidor de agua.
3818,sin microondas
3822,Un poco caro para una habitación tan pequeña.
3823,"Las almohadas no eran muy buenas, así que no dormí muy bien."
3826,Fue un ligero inconveniente tener que esperar compartiendo un ascensor pequeño mientras el ascensor más grande estaba fuera de servicio y el nuevo no estaba terminado... pero creo firmemente que se trataba de una situación temporal.
3827,nada
3828,"Fue una pena que uno de los ascensores no funcionara durante mi estancia, lo que generó pequeñas colas en el vestíbulo. Pude usar las escaleras, pero eso no sería adecuado para todos."
3830,
