,comentario_general
4,una nit del foc inolvidable.
5,excepcional
6,extraordinario
8,magnífica
12,excepcional
13,excelente estancia. pra volver una vez màs.
14,excepcional
15,excepcional
17,excepcional
18,excepcional
19,perfecta!
20,excepcional
21,excepcional
23,excepcional
24,excepcional
28,"confort ,relax ,seguridad"
29,excepcional
30,excepcional
32,fin de semana valencia
33,todo exelente
35,todo fantástico
38,excelente
44,excepcional
45,excepcional
55,excepcional
56,excepcional
58,excepcional
59,todo de excelencia
60,genial
65,excepcional
68,excepcional
71,Valencia
73,excepcional
75,excepcional
78,excelente
80,excepcional
81,excepcional
83,excepcional
84,estancia valencia
88,excepcional
92,excepcional
96,excelente estancia.
99,excelente hotel
103,excepcional
104,excepcional
105,excepcional
106,inolvidable
111,excelente
112,excepcional
114,excepcional
117,excelente
121,excepcional
122,excepcional
123,excepcional
126,súper estancia en valencia.
133,genial
137,excepcional
138,linda azotea
140,excepcional
144,excepcional
150,volveria
153,maravillosa
156,volveremos
158,excelente
160,genial
163,excepcional
170,excelente
171,maravillosa
172,excepcional
177,superó mis expectativas
179,excepcional
180,excepcional
182,excepcional
185,excelente
189,excelente ubicación para visitar la ciudad de las artes y las ciencias
190,perfecto
192,comodidad total
195,la mejor
196,excepcional
197,excepcional
198,excepcional
199,excepcional
202,excepcional
205,perfecto
207,excepcional
210,excepcional
211,excepcional
212,excepcional
213,excepcional
215,buen hotel
217,excepcional
218,excepcional
219,excepcional
221,Fantástico
223,excelente
225,excepcional
226,excepcional
229,muy agusto
233,excelente
235,noche de opera sin correr
236,para repetir
237,excepcional
249,excelente
251,acogedor
254,excelente
256,BIEN
257,estancia para repetir
264,BIEN
269,excepcional
271,hotel increíble!!! hotel increible!!!
272,bueno
281,excepcional
283,"valencia, que maravilla de sitio"
285,Guay
290,sin comentarios
307,excepcional
312,BIEN
313,buen hotel
317,BIEN
318,recomendado
319,"normal, sin pretensiones"
320,regular
321,aceptable
325,una grata sorpresa.
326,BIEN
329,comodidad
339,BIEN
340,aceptable
341,BIEN
344,agradable pero mejorable.
347,necesita reformas
350,aceptable
352,BIEN
353,BIEN
354,aceptable
355,BIEN
356,aceptable
359,para no volver
360,BIEN
361,BIEN
365,BIEN
369,normal
370,excepcional
372,excepcional
373,Excelente apartamento y la mejor vista de la azotea para los fuegos artificiales de las Fallas.
374,absolutamente magnífico!
375,excepcional
377,hotel perfecto para conocer valencia
378,un acogedor hotel céntrico y moderno
379,"Volveremos, gran lugar para quedarse."
380,gran hotel bien ubicado
381,"Estancia encantadora en una buena ubicación en una habitación hermosa y limpia, personal amable y un amplio desayuno buffet."
382,¡He estado yendo al Barceló Valencia alrededor de las 17 de vez en cuando con mi hija pequeña! no tan joven ahora pero siempre
383,gran experiencia buena relación calidad-precio
384,buena relación calidad-precio
386,Bonito hotel en excelente ubicación con vistas impresionantes.
387,"hermoso hotel, excelente ubicación."
388,gran estancia - disfrutada
389,"Muy bonito hotel moderno con buen servicio, excelente desayuno y fabuloso acceso a la ciudad de las artes y las ciencias."
390,"Excelente hotel, con un buen restaurante a un precio razonable y un fantástico bar panorámico en la azotea."
391,excepcional
392,"Me encantó el hotel, la ubicación, las vistas y las tiendas cercanas."
393,"Me encantó, gran hotel para un viaje con amigos, me encantó la piscina y el techo."
394,un lugar cálido y acogedor bien situado
395,genial para una escapada de fin de semana....
396,ubicación básica pero conveniente
397,"excelente para una escapada a la ciudad, cerca de restaurantes y tiendas y frente al parque"
398,"Hotel moderno, limpio y confortable al lado del parque."
399,maravilloso ambiente relajado.
400,"Hermoso hotel con excelente desayuno, ubicación perfecta, bar en la azotea."
402,Muy buen hotel en una buena ubicación para visitar tanto la ciudad como la playa.
403,"muy buen hotel, excelente ubicación, personal amable"
404,excelente ubicación.
406,buenos restaurantes gente muy agradable y agradable y personal del hotel
407,buena ubicación para días de trabajo combinada con un ambiente agradable
408,excepcional
409,excelente hotel - super comodidad
410,fantástico hotel
411,muy buen hotel lo recomiendo
413,"Muy bueno, como siempre de barceló."
414,gran hotel y ubicación
415,excepcional
416,impresionante
417,Excelente hotel moderno al lado de la ciudad de las artes.
419,Super hotel en una excelente ubicación con un personal amable y servicial.
421,lugar donde te sientes muy cómodo
422,muy cómodo con un personal amable.
423,todo fue perfecto para nosotros.
424,Una experiencia muy agradable y que bien podemos repetir. gracias
425,excelente hotel en una ubicación perfecta
426,increíble elección de hotel
428,Hotel confortable y bien ubicado con bar en la azotea.
429,bonito hotel en excelente ubicación
430,cómodo en excelente ubicación
431,hotel superior
432,agradable estancia
434,excepcional
436,"Hotel bien ubicado, excelente desayuno, mal servicio del personal."
437,excepcional
438,"gran elección, cómodo y bien ubicado"
439,excepcional
440,gran hotel en una excelente ubicación.
445,muy satisfecho con mi elección.
446,me alojaría allí de nuevo
448,excelente hotel. personal de recepción amable buen desayuno
449,¡Fue un gran viaje familiar!
450,excepcional
453,Fue muy agradable y valió la pena pagar más por la vista: el Palau de les Arts se ve increíble por la mañana y por la noche.
455,gran hotel.
456,estancia perfecta! ¡Esperando con ansias mi próximo pronto!
457,excepcional
458,Gran lugar y excelente personal.
459,una verdadera joya a solo pasos de las maravillas hechas por caratrava
460,excepcional
461,lo recomiendo mucho
463,"Un hotel absolutamente excelente, perfecto para explorar Valencia."
465,"Este hotel tiene una ubicación perfecta, reservamos para una sorpresa número 50 con amigos. Este hotel cumplía muchos requisitos."
466,excepcional
467,excepcional
468,fabuloso hotel y ubicación
469,gran experiencia
470,simplemente un hotel de alto nivel
471,barceló cumplirá con sus expectativas
472,maravilloso
473,"Fue perfecto para una estancia de una noche, relación calidad-precio."
474,brillante estancia en el hotel
476,Hotel realmente bonito con buena ubicación y restaurantes cerca.
477,Precioso hotel con desayuno increíble.
478,"un gran hotel, ubicación perfecta en una hermosa ciudad"
480,relajante y amigable
481,"Bonito hotel en una gran zona de Valencia, moderno, limpio y cómodo."
484,fantástico
485,excelente ubicación y comodidad
486,excelente
487,cama cómoda y buenos desayunos
488,personal fantástico desayuno encantador estupenda ubicación
489,"buena ubicación, desayuno increíble, personal amable"
490,gran hotel
492,"Barceló Valencia superará sus expectativas con una gran habitación, ubicación y un fantástico desayuno."
493,Disfrutamos de una estancia encantadora y relajante en este hermoso hotel.
495,perfecto
496,Es una estancia obligada si estás en Valencia.
497,gran hotel se alojaría de nuevo
498,"Está bien, pero regresaría rápidamente, excepto por la vista."
499,excepcional
500,10 10 quédate.
501,"gente encantadora, gran servicio y excelente ubicación"
502,"Aunque tuve un accidente durante mi estancia en el hotel y me rompí el tobillo, no podrían haber estado más preocupados ni ayudados."
503,"Buen hotel, excelente ubicación, personal agradable en general, una gran experiencia."
504,Me alojaría en cualquiera de sus hoteles basándose en esta experiencia y viajo cada 6 semanas. la mejor experiencia hotelera
505,Excelente hotel y definitivamente volveremos a reservar.
507,excepcional
510,"Ubicación perfecta, excelente alojamiento y muy buen desayuno."
511,desayuno increíble! encantador hotel
512,excelente volvería a reservar
515,hermoso barceló
516,escapada perfecta a la ciudad con la diversión de las fallas.
517,"Realmente una excelente base, una zona preciosa muy cerca del antiguo paseo del río. Definitivamente me quedaría allí de nuevo."
518,excelente hotel moderno cerca de la Cité des Arts
519,excepcional
520,excepcional
521,"hermosa ciudad, excelente ubicación del hotel, ya lo he recomendado a otros"
522,excepcional
523,excepcional
524,la estancia fue fenomenal
525,el lugar ideal para descansar y estar cerca de los eventos de la ciudad.
526,estancia muy agradable
527,maravilloso hotel en una excelente ubicación.
528,"Bueno, lo recomendaría."
529,"excelente hotel - ubicación fantástica, decoración moderna."
532,agradable
533,"El personal fue increíble, la habitación era encantadora y el bar de la azotea lo remató todo."
534,gran lugar
536,Siempre nos encanta venir al Barceló en Valencia.
537,hotel fabuloso excelente ubicación
538,Ubicación ideal y el hotel estaba bien en todos lados.
539,una muy buena estancia!
540,recomiendo
541,"Excelente ubicación, muy cómodo, definitivamente regresaré."
542,excelente ubicación con excelente bar en la azotea
543,excelente desayuno es perfecto.
544,estancia de 4 noches
545,relajante con mucho que hacer
546,hotel moderno y elegante con increíble salón en la azotea
547,Muy buena relación calidad-precio: central para la ciudad y la playa.
548,"ubicación conveniente, estancia encantadora"
549,"Mi estancia fue estupenda, definitivamente me alojaría allí en mi próxima visita."
550,muy contento
551,hermoso
552,Absolutamente enamorado de este hotel y de Valencia.
554,increíble ubicación para una escapada a la ciudad
555,excelente hotel. Definitivamente lo usaría nuevamente.
556,La ubicación y el alojamiento tienen una buena combinación para el placer y el trabajo.
557,Posiblemente nuestro hotel favorito en España.
558,excelentes habitaciones en excelente ubicación
559,superó mis expectativas! Elegiría este hotel una y otra vez
560,estaremos de vuelta
561,"gran desayuno, muy limpio y gran hotel"
562,El hotel con la mejor relación calidad-precio en el que recuerdo haberme detenido
563,una estancia agradable
564,excelente ubicación y buen ambiente
565,todo acerca de este hotel fue bueno
566,estancia corta antes de pasar a quedarse con la familia
567,increíble ubicación y personal amable
568,"hotel excepcional, con un gran servicio de todo el personal!"
569,"impresionante ubicación, gran hotel"
570,excepcional
571,¡muy lindo!
572,magnífico
573,en general muy satisfecho
574,gran opción
576,excepcional
577,Me encantó la ubicación. Lo pasé muy bien. Recomendaría altamente este hotel.
578,excepcional
580,estancia con clase en valencia
581,excelente hotel.
582,excelente hotel
583,excelente estancia
584,Un lugar genial para alojarse en Valencia.
585,"Precioso, ubicación perfecta, el personal era agradable. Sin embargo, no fueron muy atentos en el bar de la azotea, parecían simplemente"
586,"gran servicio, excelente ubicación, excelente desayuno"
587,excepcional
588,"Precioso hotel, ubicación perfecta, ¡lo recomendaría a otros viajeros!"
589,excepcional
590,era más de lo esperado
591,"gran hotel, excelente ubicación y excelente desayuno"
592,genial para una escapada de fin de semana.
593,"a poca distancia de la ciudad de las artes y las ciencias, excelente personal y habitaciones modernas"
594,muy buen hotel
596,excelente ubicación para una estancia cómoda y estupenda
597,"Excelente relación calidad-precio, me alojaré aquí de nuevo."
598,comodidad y ubicación en ciudad de les arts
599,excepcional
600,navidad en valencia
603,encantadora estancia.
609,"La habitación estaba bien, pero no creo que debería costar 200 euros por noche."
610,bonito pero....
611,the place to stay in valencia pulgar hacia arriba
612,"El personal era agradable, servicial y amable. la ubicación era buena y las conexiones de autobús a otras partes e"
613,estancia corta - estancia agradable de 1 día en valencia
614,"excel hotel barceló, limpio y moderno con un desayuno razonable"
615,un muy buen hotel en una excelente ubicación.
616,estuvo bien
618,una muy buena experiencia
619,estancia agradable pero breve en la parte moderna de valencia
621,Valencia es una ciudad hermosa con magníficos edificios y museos.
623,"desayuno increíble, excelente ubicación, habitaciones grandes."
624,bien
626,excelente
628,desayuno increíble
629,excepcional
630,encantador hotel
631,Excelente estancia en un hotel acogedor.
632,una sensación de cuatro estrellas a un precio competitivo
633,hotel con gran desayuno y personal servicial
636,cómodo y agradable
637,ubicación conveniente
639,Felices vacaciones en general... el personal del hotel es muy servicial y servicial. La paella de comida estuvo deliciosa cara saboreando comida
640,estancia perfecta en la bonita ciudad de valencia
641,Lo visitaría una vez más.
642,hotel moderno junto a la ciudad de las ciencias y las artes
643,el hotel estaba bien
644,agradable sorpresa
646,hotel excelente ubicación
647,cómodo y excelente ubicación
648,buena cama y relativamente nueva
649,excepcional
650,gran desayuno
651,BIEN
652,"Preciosa habitación con vistas increíbles, sin embargo, ciertas partes de la estancia fueron decepcionantes."
653,bonito pero una c está manipulada
655,"Excelente ubicación, buenas instalaciones y delicioso desayuno. sin embargo, era demasiado caro y parte del personal era"
656,decepcionante
657,"Está bien para viajes de negocios durante la noche, pero es demasiado caro para lo que obtienes."
659,Preciosa ubicación y me alojaría de nuevo!
660,clase ejecutiva cuatro estrellas
661,un gran lugar para quedarse
662,"Buena ubicación, pero la información previa a la reserva necesita más precisión."
663,BIEN
664,BIEN
665,BIEN
666,BIEN
667,BIEN
668,BIEN
669,aceptable
670,lamentable para el servicio
672,BIEN
673,BIEN
674,¡Desafortunadamente fue decepcionante!
676,última vez para toda nuestra empresa
677,sentimientos encontrados
678,"Buena ubicación y precio, pero las instalaciones y el personal no son tan buenos como se esperaba."
679,BIEN
680,muy mal
681,comodidad comprometida por un mal diseño. no es un hotel familiar
682,caliente e inmundo
683,fue suficiente para nuestra estancia
684,mal
685,muy mal
687,vacaciones de semana santa a valencia
688,Estamos muy decepcionados de que hayan tirado el libro que dejamos atrás.
689,excepcional
690,excepcional
693,"estancia agradable, interesante y relajante."
694,excelente ubicación
695,excepcional
696,fantástico
698,excepcional
699,¡súper!
700,excepcional
702,excepcional
703,excepcional
704,"Barceló, nunca me engañes. Amo"
706,
707,excepcional
709,una estancia perfecta
710,excepcional
711,Hotel muy sólido en una ubicación única con una hermosa vista de los edificios de Calatrava.
712,estancia agradable en el hotel
713,gran hotel urbano con mucho confort
714,cómodo y todo a poca distancia.
715,¡¡¡Me encantaría volver!!!
716,todo fue perfecto.
717,excepcional
720,"bonitas habitaciones, buen desayuno, buena ubicación"
721,excepcional
722,¡Hotel superior con buena ubicación y desayuno fantástico!
723,todo fue genial
724,un buen hotel
725,"el hotel con su ubicación, el personal muy hospitalario, las buenas instalaciones, el completo desayuno son 9,5. 9,5 para"
726,"agradable, cálido,"
728,Fantástica ubicación si quieres descubrir la ciudad en bicicleta. tanto en relación con los puertos como con el centro
729,realmente recomendado
730,"Tuve una experiencia agradable en Valencia y volvería a reservar este hotel sin más, cara radiante con ojos sonrientes"
732,", ,"
733,excepcional
734,excepcional
735,Magnífico
736,Buen hotel para una semana en Valencia.
737,comodidad y tranquilidad
739,excepcional
740,excepcional
741,todo perfecto!
742,"estancia muy agradable, habitación limpia y espaciosa, personal amable"
744,¡maravilloso!
745,excepcional
746,excepcional
747,"Excelente hotel, con un equipo profesional."
749,excepcional
750,excepcional
752,hotel superior
754,¡arriba!
755,realmente recomendado!
756,¡arriba!
757,satisfecho con mi visita
760,Muy recomendable para cualquiera que quiera descubrir Valencia.
761,buen fin de semana!
763,excepcional
765,todo ok
766,"Gran experiencia, bien organizada, limpia y perfecta ubicación."
769,¡Un hotel de primera categoría para familias!
771,¡Unas vacaciones perfectas durante las fallas salvajes en un hotel agradablemente tranquilo!
772,hermosa estancia y delicioso desayuno!
773,Se lo recomiendo a todos
774,una ubicación perfecta
775,vale la pena repetir
778,¡Su desayuno y su amabilidad fueron de primera categoría!
779,estancia maravillosa
780,Perfecto
781,excepcional
782,hotel comodo y funcional
783,estancia muy agradable!
784,todo me parece bonito
785,"Lugar súper cómodo, limpio y bien ubicado! ¡Recomiendo quedarse aquí!"
786,Muy bien
788,valencia de gira con smici
789,"estancia agradable, muy buen hotel"
790,relax a valencia
791,absolutamente recomendado.
793,Maravillosa estancia para repetir lo antes posible.
794,excepcional
795,"buena ubicación, genial bar en la azotea"
798,¡Mega hotel urbano para un kueztrip!
800,lujo. Volveré.
802,buen hotel.
803,"barceló, una garantía."
804,Fin de semana muy agradable en Valencia.
806,buenas vacaciones en valencia
808,mejor
809,arriba
810,perfecto para un grupo o negocio
811,"Tuve una estancia estupenda, personal super amable y servicial."
812,dias maravillosos
813,se recomienda
814,"Estancia muy agradable al principio. Ubicación conveniente, personal amable y buena relación calidad-precio."
815,excepcional
817,"Limpio y acogedor, ¡súper desayuno!"
819,hermoso hotel de 4 estrellas en una hermosa ubicación
821,excelente
822,excepcional
823,
825,excelente. me sentí bien
826,excepcional
828,"Estancia perfecta, una pena lo de la piscina."
829,¡excelente!
830,"Bueno, pero planea trabajar en nuestra habitación."
831,excepcional
833,¡Me encantó el hotel y su ubicación!
834,¡Estancia muy agradable en un hotel de primera en una ubicación privilegiada!
835,Magnífico
836,Escapada muy agradable en Valencia.
837,fantástico
838,suite familiar superior
839,excepcional
840,el mejor agradecimiento a todos los equipos de este establecimiento gracias.
841,"Bonito hotel, buen desayuno y cerca del transporte público."
842,Tuve una gran estadía
843,"¡Todo fue perfecto, lo pasamos genial!"
844,"¡Todo fue perfecto, lo pasamos genial!"
845,excepcional
846,¡súper!
847,bonito hotel moderno
848,excelente
852,¡Recomiendo!
853,maravilloso dia
854,excepcional
856,excepcional
857,volvería otra vez
858,excepcional
859,Perfecto
860,agradable y practico
861,encantador hotel
866,excepcional
867,excepcional
868,recomendado
869,excepcional
872,¡fue genial!
873,excepcional
874,excepcional
875,excepcional
876,parfait
877,¡Fue una estancia estupenda!
878,excepcional
879,Ubicación perfecta para visitar Valencia.
881,excepcional
882,¡Todo estuvo bien!
883,"Gran hotel, personal perfecto y un bar impresionante en la terraza de la azotea con vistas a Valencia."
884,prima
885,excelente hotel para viaje a la ciudad
886,excelente estancia
889,¡súper!
890,perfecta estancia de maratón
891,recomendado
892,excepcional
895,excelente
896,"Estancia maravillosa, ubicación perfecta y desayuno excelente."
897,todo es genial cuando conduces un coche pequeño
898,la base ideal para un exitoso viaje a la ciudad.
899,excelente sorpresa en una ubicación fantástica
900,excepcional
902,"Perfectamente ubicado, bonito hotel, habitaciones amplias."
905,excelente
906,estancia fantástica
907,gran hotel
909,gran hallazgo!!
910,¡gracias!
912,"moderno, acogedor, sabroso, amable."
914,gran hotel en una ubicación perfecta
915,excepcional
916,todo perfecto
918,Precioso hotel con un super desayuno.
920,"maravilloso, lo haría de nuevo"
921,"Buen hotel, buena ubicación, empleados serviciales."
923,excelente hotel con altos estándares
925,vacaciones.
926,fantástico
927,Estancia muy agradable y recomendable para visitar la ciudad de Valencia.
928,perfecta!
929,excepcional
930,¡Definitivamente regresaré! limpieza y desayuno arriba arriba arriba
931,Ubicación privilegiada para 1 día en Valencia.
932,excepcional
933,excepcional
934,"posición excepcional del hotel al lado de la ópera, oceanográfico"
935,"Valencia es realmente una ciudad que debes visitar, una ciudad bonita y fresca con mucho que ver."
936,¡Definitivamente regresaremos otra vez!
937,gran estancia
939,excepcional
941,buen hotel
943,voy a volver
944,excepcional
945,fue un gran hotel.
946,excepcional
947,Nos lo pasamos genial con una bicicleta que alquilamos enfrente del hotel.
948,por lo demás lo disfrutamos
949,¡arriba!
950,En recepción tuvimos un poco de mala suerte cuando llegamos. Una recepcionista llamada Berta fue la persona antipática que conocimos.
952,arriba
954,excepcional
955,excepcional
956,hermoso y deportivo
957,comodidad y calidad
958,vaya genial.
960,"Nos lo pasamos muy bien, volveremos a la misma espléndida habitación y disfrutaremos de la fantástica vista."
961,"¡Buena estancia, Picco Bello!"
962,valencia hermosa
963,Precioso hotel con un bonito bar en el décimo piso y excelente ubicación.
965,Cómodo hotel urbano incluso para estancias más largas
966,¡excelente!
968,hotel perfecto a nivel personal
969,un hotel ideal para una noche de estancia en la ciudad
972,Está bien
973,"Bonito hotel, buena ubicación, gran desayuno!"
974,Óptimo
975,excepcional
976,werden das hotel freunden weiterempfohlen cara feliz con ojos sonrientes
977,muy bien
978,un éxito
979,hotel encantador y muy céntrico!
980,buena ubicación central del hotel
982,buena relación precio-rendimiento
983,excepcional
985,fue gratamente bueno.
987,Bien
989,agradable
990,"excelente relación precio-rendimiento, selección de desayuno buffet superior a la media"
993,excepcional
994,"Muy buen hotel, lo cual no empeoró por el hecho de que teníamos grandes fuegos artificiales justo afuera de la ventana."
996,excepcional
999,asombroso
1000,bien
1001,Gran hotel para un viaje a la ciudad de Valencia.
1002,"Excelente ubicación, bonitas habitaciones y un abundante desayuno."
1003,"El hotel no dispone de ventanas insonorizadas, pero sí de persianas enrollables que impiden la luz. El desayuno buffet era muy bueno. Se recomienda el hotel"
1006,Realmente disfruté de mi estancia en el Barceló y recomendaría este hotel en cualquier momento.
1007,"ambiente tranquilo, amigable y relajado"
1008,bonito hotel buena ubicación
1010,hotel confortable con buena ubicación
1011,"Muy bueno, excelente desayuno y camas maravillosas."
1013,¡súper!
1016,hotel superior
1017,¡¡fantástico!!
1021,excelente ubicación y con una vista maravillosa
1022,Fantástica elección a este precio y ubicación.
1023,"buena ubicación, bonitas habitaciones, hermosa vista."
1024,Gran viaje corto a Valencia. Nos encantaría volver.
1025,súper
1026,"buena relación calidad-precio, excelente desayuno!"
1029,Delicioso
1030,habitación bonita y limpia con una gran vista y un personal amable
1031,excepcional
1032,Gran hotel urbano para el fin de semana. ubicación perfecta!
1034,super hotel con ubicación perfecta
1036,sobre la ciudad de las ciencias
1039,repetir acto preprogramado.
1040,"Excelente desayuno, lugar limpio y excelente ubicación."
1041,Hotel con buena ubicación y posible vista al parque.
1042,bueno pero no es gran sorpresa...
1043,buen hotel con habitaciones grandes
1044,una estancia agradable y relajante
1046,estancia agradable en un buen hotel.
1048,buena relación calidad-precio
1050,Viaje corto Valencia
1052,Definitivamente volvería a reservar
1053,una estancia excelente en una habitación espaciosa y la cama lo mismo.
1056,excelente
1059,¡Excelente base para un fin de semana en Valencia!
1060,buena ubicación y mejor calidad precio.
1062,excepcional
1063,"bien, ¡excepto por el problema mencionado anteriormente!"
1064,excelente
1065,valencia es una hora muy bonita!
1068,"Buena ubicación, edificio de diseño presenta defectos."
1069,ducha resbaladiza.
1070,agradable estancia
1071,BIEN
1072,hotel campana!
1073,aceptable
1074,volver a ver al personal de recepción.. Martes a las 18 h. excepto el guardia de seguridad que fue genial
1076,BIEN
1077,estancia agradable. Recomiendo el hotel
1079,BIEN
1080,BIEN
1081,Buena ubicación si quieres visitar lugares con niños.
1082,No volveré allí. decepcionante.
1083,es repetir
1084,BIEN
1086,BIEN
1087,En general fue bien pero me quedé una noche y no dos.
1090,"¡Lo pasamos muy bien, excelente sala, ubicación y equipo de catering!"
1091,unos días estupendos en Valencia
1092,básicamente de nuevo
1093,Hermosa ciudad y un gran hotel desde el cual puedes visitar fácilmente la ciudad.
1094,BIEN
1095,BIEN
1096,agradable pero puede mejorar
1097,BIEN
1099,Bueno con pequeños obstáculos en la habitación del hotel.
1100,muy pocos ascensores
1101,mantente bien
1102,BIEN
1103,hotel sólido. tiendas y buenos restaurantes cercanos. Se tarda un poco en llegar a la ciudad y al centro de la ciudad.
1104,"excelente hotel, instalaciones mediocres"
1105,bueno en general
1106,Excelente ubicación pero todo el entretenimiento se buscó fuera del hotel.
1107,decepcionante
1108,BIEN
1109,La excelente ubicación no lo compensa...
1110,transitable para 4 estrellas
1111,¡Ruido ruido y más ruido de la concurrida intersección día y noche!
1112,un poco decepcionante; fue mejor
1113,"Si buscas un sueño tranquilo, no te arriesgues"
1114,gloria desvanecida
1115,mediocre
1116,muy bonito y acogedor!
1119,mal
1120,aceptable
1121,Parece una cosa pero ofrece otra.
1122,"¡Promedio, no pude dormir por el mal olor!"
1123,aceptable
1124,mal
1125,excelente ubicación
1126,mal
1127,bar270 un sueño
1129,Disfruté de esta maravillosa ciudad.
1130,súper
1133,excepcional
1135,excepcional
1140,excepcional
1141,excepcional
1142,excepcional
1143,excepcional
1145,excepcional
1150,excepcional
1151,excepcional
1155,excepcional
1158,excepcional
1159,excepcional
1160,excepcional
1162,excepcional
1163,excepcional
1166,excepcional
1167,excepcional
1169,excepcional
1171,excepcional
1172,excepcional
1175,excepcional
1176,excepcional
1178,excepcional
1180,excepcional
1182,excepcional
1183,excepcional
1184,excepcional
1185,excepcional
1186,excepcional
1187,excepcional
1190,excepcional
1192,excepcional
1193,excepcional
1194,excepcional
1195,excepcional
1196,excepcional
1197,excepcional
1199,excepcional
1202,excepcional
1205,excepcional
1207,excepcional
1208,excepcional
1209,excepcional
1211,excepcional
1213,excelente
1215,excepcional
1216,excepcional
1218,excepcional
1220,excepcional
1221,excepcional
1222,comodidad garantizada!
1223,excepcional
1224,excepcional
1225,excepcional
1226,excepcional
1227,excepcional
1233,excepcional
1235,excepcional
1236,excepcional
1238,excepcional
1239,excepcional
1241,excepcional
1242,excepcional
1244,excepcional
1245,excepcional
1246,excepcional
1247,excepcional
1248,excepcional
1250,excepcional
1251,excepcional
1252,excepcional
1253,excepcional
1254,excepcional
1255,excepcional
1256,excepcional
1258,excepcional
1261,excepcional
1263,excepcional
1264,excepcional
1266,excepcional
1267,excepcional
1268,excepcional
1272,excepcional
1273,excepcional
1274,excepcional
1276,excepcional
1277,excepcional
1278,excepcional
1281,excepcional
1282,excepcional
1285,excepcional
1286,excepcional
1287,excepcional
1292,excepcional
1293,excepcional
1295,excepcional
1296,excepcional
1297,excepcional
1299,excepcional
1304,excepcional
1305,excepcional
1306,excepcional
1308,excepcional
1309,excepcional
1310,excepcional
1311,excepcional
1312,excepcional
1313,excepcional
1317,excepcional
1319,excepcional
1323,excepcional
1324,excepcional
1326,excepcional
1328,excepcional
1332,excepcional
1333,excepcional
1334,excepcional
1337,excepcional
1339,excepcional
1343,excepcional
1344,excepcional
1346,excepcional
1347,excepcional
1348,excepcional
1353,excepcional
1355,excepcional
1357,excepcional
1358,excepcional
1360,excepcional
1361,excepcional
1363,excepcional
1364,excepcional
1366,excepcional
1367,excepcional
1369,excepcional
1375,excepcional
1377,excepcional
1378,excepcional
1379,excepcional
1380,excepcional
1383,excepcional
1384,excepcional
1385,excepcional
1389,excepcional
1390,excepcional
1391,excepcional
1394,excepcional
1402,excepcional
1407,excepcional
1409,excepcional
1422,excepcional
1436,excepcional
1456,excepcional
1458,excepcional
1463,BIEN
1466,BIEN
1467,BIEN
1468,BIEN
1471,BIEN
1472,BIEN
1473,BIEN
1475,BIEN
1476,BIEN
1478,BIEN
1479,BIEN
1480,aceptable
1481,BIEN
1483,BIEN
1484,BIEN
1485,aceptable
1486,BIEN
1487,BIEN
1488,BIEN
1489,BIEN
1490,BIEN
1491,BIEN
1492,BIEN
1493,BIEN
1494,BIEN
1495,BIEN
1497,mal
1498,BIEN
1499,aceptable
1502,mal
1503,BIEN
1504,pésimo
1505,pésimo
1506,pésimo
1507,BIEN
1514,excepcional
1516,excepcional
1517,excepcional
1518,excepcional
1519,excepcional
1521,excepcional
1524,excepcional
1526,excepcional
1528,excepcional
1529,excepcional
1530,excepcional
1532,excepcional
1533,excepcional
1536,excepcional
1537,excepcional
1538,excepcional
1539,excepcional
1540,excepcional
1541,excepcional
1542,excepcional
1544,excepcional
1547,excepcional
1550,excepcional
1553,excepcional
1554,excepcional
1556,excepcional
1557,excepcional
1558,excepcional
1560,excepcional
1561,buena ubicación!! Habitación muy cómoda y limpia con una hermosa vista.
1562,excepcional
1563,excepcional
1565,excepcional
1568,excepcional
1569,excepcional
1571,excepcional
1572,excepcional
1574,excepcional
1575,excepcional
1577,excepcional
1578,excepcional
1579,excepcional
1582,excepcional
1583,excepcional
1585,excepcional
1588,excepcional
1591,excepcional
1592,excepcional
1593,excepcional
1596,excepcional
1598,excepcional
1600,excepcional
1602,excepcional
1605,excepcional
1606,excepcional
1609,excepcional
1610,excepcional
1612,excepcional
1614,excepcional
1615,"excelente ubicación, cama cómoda"
1619,excepcional
1620,excepcional
1622,excepcional
1623,excepcional
1624,excepcional
1629,excepcional
1630,excepcional
1631,excepcional
1632,excepcional
1636,excepcional
1638,excepcional
1640,"Lugar limpio, personal amable y profesional, buena comida."
1641,excepcional
1642,excepcional
1646,excepcional
1649,excepcional
1650,excepcional
1651,excepcional
1652,excepcional
1655,excepcional
1656,excepcional
1657,excepcional
1659,excepcional
1660,excepcional
1665,excepcional
1666,excepcional
1690,excepcional
1692,excepcional
1709,BIEN
1710,BIEN
1712,BIEN
1713,BIEN
1714,BIEN
1715,BIEN
1716,BIEN
1717,BIEN
1718,BIEN
1719,BIEN
1720,BIEN
1721,BIEN
1722,aceptable
1724,BIEN
1725,BIEN
1726,BIEN
1727,BIEN
1728,BIEN
1729,aceptable
1730,BIEN
1738,excepcional
1739,excepcional
1742,excepcional
1744,excepcional
1751,excepcional
1753,excepcional
1756,excepcional
1757,excepcional
1758,excepcional
1759,excepcional
1765,excepcional
1771,excepcional
1772,excepcional
1774,excepcional
1777,excepcional
1778,excepcional
1779,excepcional
1780,excepcional
1784,excepcional
1785,excepcional
1788,excepcional
1790,excepcional
1791,excepcional
1794,excepcional
1795,excepcional
1796,excepcional
1798,excepcional
1799,excepcional
1807,excepcional
1809,excepcional
1812,excepcional
1814,excepcional
1815,excepcional
1817,excepcional
1822,excepcional
1824,excepcional
1826,excepcional
1828,excepcional
1829,excepcional
1830,excepcional
1831,excepcional
1837,superó mis expectativas.
1839,excepcional
1841,excepcional
1842,excepcional
1843,excepcional
1845,excepcional
1846,excepcional
1851,agradable
1852,excepcional
1856,excepcional
1859,excepcional
1862,excepcional
1866,excepcional
1868,excepcional
1871,perfecto
1872,excepcional
1877,excepcional
1880,excepcional
1882,excepcional
1883,excepcional
1885,excepcional
1886,excepcional
1888,excepcional
1897,excepcional
1902,excepcional
1903,excepcional
1905,excepcional
1909,excepcional
1910,excepcional
1913,excepcional
1917,¡Con mucho gusto otra vez!
1920,excepcional
1921,excepcional
1925,excepcional
1930,excepcional
1932,excepcional
1935,excepcional
1938,excepcional
1940,excepcional
1942,excepcional
1943,excepcional
1945,excepcional
1947,excepcional
1948,excepcional
1949,excepcional
1952,excepcional
1954,excepcional
1956,excepcional
1958,excepcional
1964,excepcional
1967,excepcional
1969,excepcional
1996,excepcional
2008,excepcional
2014,excepcional
2035,excepcional
2037,excepcional
2057,excepcional
2059,excepcional
2062,BIEN
2063,aceptable
2064,BIEN
2066,BIEN
2067,BIEN
2068,aceptable
2069,aceptable
2070,BIEN
2071,BIEN
2072,BIEN
2073,BIEN
2074,BIEN
2075,BIEN
2076,BIEN
2077,BIEN
2078,BIEN
2079,BIEN
2082,BIEN
2083,aceptable
2084,excelente... lo recomiendo
2085,BIEN
2086,BIEN
2087,BIEN
2088,BIEN
2089,BIEN
2093,BIEN
2095,BIEN
2096,BIEN
2097,BIEN
2098,BIEN
2099,BIEN
2100,pésimo
2101,BIEN
2105,excepcional
2106,excepcional
2108,un finde perfecto
2110,excepcional
2111,excepcional
2112,increíble
2113,excepcional
2123,excepcional
2124,magnífica la estancia
2126,estupendisimaaa
2130,fallas
2133,excepcional
2135,excepcional
2136,excepcional
2138,excepcional
2139,excepcional
2141,excepcional
2142,excepcional
2143,excepcional
2145,excelente
2146,excelente
2148,excepcional
2149,excepcional
2151,excepcional
2152,para volver
2156,buen hotel
2157,excelente
2158,excepcional
2161,excepcional
2163,excepcional
2165,excepcional
2168,excepcional
2169,increíble
2170,excepcional
2171,excepcional
2172,excepcional
2174,excelente
2175,excelente
2180,excelente
2181,excepcional
2182,excelente
2184,valencia genial
2185,excepcional
2187,excelente hotel
2189,excepcional
2190,excelente
2192,excepcional
2193,fenomenal
2197,excepcional
2198,excepcional
2200,excelente
2201,excelente
2206,excepcional
2207,excepcional
2208,excepcional
2210,excepcional
2211,excepcional
2214,excepcional
2217,genial
2218,excepcional
2220,excepcional
2223,descansar
2225,excepcional
2227,excepcional
2228,excepcional
2229,excepcional
2231,excelente todo
2233,excepcional
2234,volveríamos
2237,excelente
2241,gran hotel para visitar valencia
2242,excepcional
2243,¡excelente!
2244,excepcional
2245,excepcional
2246,excepcional
2249,excepcional
2251,valencia a tus pies
2260,¡excelente!
2261,excepcional
2264,excelente
2265,excelente
2268,excepcional
2270,excepcional
2271,excepcional
2272,100  recomendable. sin duda repetiré si vuelvo a valencia.
2274,comodidad
2276,recomendado 100
2277,excepcional
2279,excepcional
2280,excepcional
2282,excepcional
2285,excepcional
2286,genial
2287,valencia divina
2292,todo excelente
2293,exelente
2295,excepcional
2297,excepcional
2298,excepcional
2300,excepcional
2303,
2305,excepcional
2309,repetiré
2313,fenomenal
2314,excepcional
2318,excepcional
2322,excepcional
2328,excelente
2333,excepcional
2334,excepcional
2335,estancia excepcional
2338,excepcional
2341,excepcional
2343,lindo
2346,excepcional
2348,
2355,excelente
2356,excepcional
2357,excepcional
2358,buena relación calidad-precio
2360,estupendo!
2363,agradable
2364,excepcional
2365,excepcional
2368,¡excelente!
2371,estancia perfecta
2372,excepcional
2377,excelente
2379,excepcional
2382,perfecto
2389,excepcional
2390,excepcional
2391,excepcional
2392,maravillosa!
2395,excepcional
2396,estancia perfecta
2398,excepcional
2400,genial
2406,para repetir.
2407,ideal para visitar valencia
2408,"genial. para volver, seguro!!!!"
2410,excepcional
2411,excepcional
2414,excepcional
2416,una estancia perfecta
2417,excepcional
2425,excepcional
2426,excepcional
2428,excepcional
2432,OK
2433,excepcional
2435,excelente hotel
2437,excepcional
2439,excelente
2442,excepcional
2443,objetivo conseguido .calidad precio .
2445,perfecta
2446,perfecto
2447,sorpendente
2448,excepcional
2449,excelente
2450,excepcional
2453,excepcional
2458,excelente
2459,excepcional
2461,increíble
2463,excelente
2471,excelente
2474,excepcional
2479,perfecto
2481,inmejorable
2482,excepcional
2486,excelente
2492,excepcional
2494,excepcional
2497,excepcional
2503,excepcional
2504,excepcional
2507,perfecto
2508,excelente
2509,excepcional
2510,un lujo
2511,excepcional
2514,excepcional
2518,excelente
2521,¡¡excelente!!
2522,perfecto
2524,excepcional
2526,excepcional
2529,excepcional
2532,genial
2533,para repetir siempre
2536,genial
2540,demasiado buena.
2541,y 10
2546,excepcional
2547,genial
2549,excepcional
2551,excepcional
2552,excepcional
2553,excepcional
2559,súper estancia
2560,excepcional
2561,excelente
2562,excepcional
2564,excepcional
2565,excelente.volvere
2570,excepcional
2571,excepcional
2574,excepcional
2575,excepcional
2576,excepcional
2577,excelente hotel
2579,excepcional
2580,excepcional
2586,excepcional
2587,para repetir!!
2589,excepcional
2592,excepcional
2593,excepcional
2597,volveré sin dudas
2602,de carnaval en valencia
2604,inolvidable valencia
2605,excepcional
2610,excepcional
2613,excepcional
2615,excepcional
2616,excepcional
2618,excepcional
2624,excelente hotel
2626,excepcional
2628,excepcional
2629,excepcional
2634,genial
2638,excepcional
2639,excepcional
2640,excepcional
2648,excepcional
2650,estancia perfecta
2651,excepcional
2654,excepcional
2658,excepcional
2660,excepcional
2665,excepcional
2671,excepcional
2675,excepcional
2679,volvería a repetir.
2681,maravilloso!
2682,excepcional
2685,excelente
2687,genial
2688,excelente
2691,excelente
2693,estancia para repetir
2694,excepcional
2697,excelente
2698,excepcional
2703,excepcional
2707,excepcional
2709,excelente
2710,repetiremos
2713,bien en general
2714,perfecto
2715,excepcional
2717,increible volveria
2720,excepcional
2721,¡genial!
2723,excepcional
2724,comodidad
2729,excelente
2730,excelente estancia
2733,excepcional
2735,excepcional
2736,excepcional
2739,excepcional
2741,genial
2742,maravillosa
2743,excepcional
2745,excepcional
2753,excepcional
2755,excepcional
2756,excepcional
2757,excepcional
2759,excepcional
2763,excepcional
2764,para volver
2765,excepcional
2773,buenísimo
2774,excepcional
2775,excepcional
2778,excepcional
2780,excelente
2781,ha sido excelente.
2783,recomendadisimo....
2785,inmejorable
2792,excepcional
2801,excepcional
2802,excelente
2807,excepcional
2808,excepcional
2809,maravillosa
2811,inmejorable
2812,excepcional
2813,excepcional
2814,maravillosa
2819,excepcional
2822,excepcional
2824,muy satisfecha
2825,excepcional
2828,excepcional
2832,perfecto
2834,excepcional
2838,excepcional
2842,excepcional
2843,excepcional
2844,estancia genial
2845,excepcional
2850,excepcional
2855,excepcional
2863,excelente lugar
2867,excepcional
2868,excepcional
2873,excepcional
2874,disfrutando
2876,excepcional
2877,excepcional
2878,excepcional
2881,"bueno,bonito,barato"
2883,excepcional
2886,excepcional
2888,genial
2889,excepcional
2892,excepcional
2893,excepcional
2896,genial
2897,excepcional
2898,excepcional
2899,excelente
2902,excepcional
2904,excepcional
2905,excepcional
2909,perfecto
2911,excepcional
2913,excepcional
2916,excepcional
2917,excepcional
2919,excepcional
2920,excepcional
2923,excepcional
2927,excepcional
2932,hotel para disfrutar de tu estancia en valencia
2933,excepcional
2934,"buena, agradabker"
2936,excepcional
2941,hotel en valencia
2946,excepcional
2948,excelente
2950,excepcional
2958,corta visita a valencia
2967,"valencia i hotel venecia, mes i mes mellor."
2971,recomendado
2981,hotel muyy vomodo
2985,bueno
2994,perfecta
3004,bueno
3007,OK
3011,excepcional
3020,excepcional
3025,excepcional
3028,BIEN
3033,excepcional
3037,satisfactorio
3057,excelente
3061,visita a valencia
3066,valencia ...una delicia
3084,excepcional
3092,relajada
3103,excelente hotel
3113,excepcional
3118,genial
3145,excepcional
3146,excepcional
3150,BIEN
3157,cómodo
3161,BIEN
3164,BIEN
3169,BIEN
3170,céntrico
3173,pre-fallas
3175,BIEN
3177,BIEN
3178,BIEN
3180,aceptable
3182,BIEN
3188,BIEN
3190,BIEN
3191,BIEN
3193,BIEN
3198,normal
3199,BIEN
3201,BIEN
3205,BIEN
3207,BIEN
3213,BIEN
3214,aceptable
3216,pésimo
3218,no repetiremos.
3219,aceptable
3223,BIEN
3224,transitable.
3225,muy mal
3226,mal
3227,muy mal
3229,aceptable
3230,normal
3231,en galeras
3232,aceptable
3235,BIEN
3238,aceptable
3240,no regreso
3241,mal
3247,pésimo
3248,a disgusto
3249,aceptable
3250,aceptable
3252,BIEN
3253,excelente
3254,satisfactoria
3259,encantador hotel moderno y limpio
3260,perfecto y bien ubicado!!
3261,Tuvimos una estancia excelente como se indicó anteriormente. El personal de recepción era amable y muy acogedor.
3262,vale dinero!
3263,excepcional
3264,hotel perfecto en todos los sentidos
3265,excepcional
3266,excepcional
3267,excelentes instalaciones y ubicación
3268,perfecto.
3269,"Tuvimos un personal fantástico en Valencia, mejorado por la ubicación del hotel."
3271,excelente realmente lo disfruté
3272,estancia muy cómoda y agradable
3273,excelente ubicación con dos excelentes restaurantes justo afuera
3275,la estancia perfecta para una escapada a la ciudad.
3276,Lo pasé muy bien en este hotel.
3277,Recomendaría encarecidamente este hotel si quieres estar en el corazón de Valencia y cerca de todo.
3278,Ubicación ideal para una breve escapada.
3279,Me encantó y no quería volver a casa.
3280,excepcional
3281,ubicación y personal
3282,excepcional
3283,Gran hotel que recomendaré y volveré. gracias
3284,fabuloso hotel en una ubicación impresionante
3285,hotel moderno
3286,habitaciones increíbles pero pequeñas
3288,"Excelente hotel, excelente relación calidad-precio. Estaría encantado de recomendar a mis amigos que se queden allí."
3289,buena ubicación. vibraciones limpias y de ciudad
3290,"gran viaje, gran hotel"
3291,el mejor hotel de valencia
3292,Estancia de fin de semana realmente agradable y recomendaríamos este hotel sin dudarlo. excelente ubicación.
3293,Un pequeño hotel maravilloso para una estancia en Valencia.
3294,cliente muy feliz
3297,loved valencia
3298,"Excelente ubicación, limpio y muy cómodo."
3299,excelente. Volvería seguro.
3300,excepcional
3301,"Gran hotel y definitivamente regresaré allí. De hecho, volveré la semana que viene."
3302,excepcional
3303,espectacular
3304,en general perfecto
3305,un excelente hallazgo
3306,Si alguna vez vuelvo a Valencia me alojaría allí de nuevo:
3307,estancia perfecta en una hermosa ciudad
3308,gran estancia
3309,"Excelente ubicación, personal amable, habitaciones muy limpias y cómodas."
3311,Este hotel es una excelente ubicación para las personas que desean simplemente salir por la puerta y comenzar a explorar.
3312,excepcional
3313,Buen hotel por los precios pero el aislamiento podría ser mejor.
3315,Recomendaría este hotel especialmente por su ubicación.
3316,gran hotel
3317,maravillosa estancia en el centro de la ciudad
3318,gran fin de semana
3319,"El hotel está limpio, excelente ubicación y personal amable."
3320,encantador hotel limpio en una excelente ubicación
3322,excepcional
3323,"excelente ubicación, hotel muy cómodo"
3324,excepcional
3325,Recomiendo encarecidamente este cómodo hotel muy céntrico. perfecto para una escapada a la ciudad. a poca distancia de todos los atractivos
3326,excepcional
3327,"Perfecta ubicación, personal y limpieza."
3328,Excelente ubicación para explorar una ciudad maravillosa.
3329,"La comodidad, la relación calidad-precio, la ubicación y observar a la gente hicieron que nuestra estancia fuera una delicia."
3330,excepcional
3331,excepcional
3332,excepcional
3333,"Excelente ubicación, hotel limpio y moderno con buena relación calidad-precio y personal amable."
3334,muy limpio y excelente ubicación
3335,"Excelente relación calidad-precio, excelente ubicación, personal amable, nada que criticar."
3336,simplemente maravillosa estancia en el hotel
3337,excepcional
3338,Excelente base para una estancia corta. ¡volveremos!
3339,excepcional
3340,Un brillante hotel céntrico para un viaje a Valencia.
3341,excepcional
3342,ubicación absolutamente fabulosa. Precioso hotel con un desayuno increíble y una excelente relación calidad-precio. un lugar perfecto para quedarse
3343,"personal servicial, excelente ubicación"
3344,Recomiendo encarecidamente este hotel para un fin de semana en valencia.
3346,hermoso
3347,gran hotel y ubicación
3348,ubicación perfecta
3349,brillante hotel con personal agradable.
3350,perfección
3352,excepcional
3353,Excelente relación calidad-precio para una ubicación de edificio tan encantadora.
3354,excepcional
3355,El mejor hotel en el que me he alojado hasta ahora en Europa.
3356,un buen lugar para quedarse por una semana
3357,encantadora estancia
3358,excepcional
3359,excelente ubicación
3360,alojamiento perfecto para un breve descanso
3361,Bien situado. Todo a poca distancia y una parada de taxi enfrente del hotel.
3362,"Nos encantó la ubicación, el personal super amable, las habitaciones limpias y bien equipadas. este es un gran h a un precio razonable"
3364,excepcional
3365,excepcional
3366,excepcional
3367,excepcional
3368,la ubicación es excelente
3369,excelente personal y una excelente ubicación
3371,"Excelente ubicación, dormitorio y baño muy limpios y cómodos."
3372,Precioso hotel con personal amable y una ubicación fantástica.
3373,Gran hotel en una ubicación fantástica. Buen desayuno buffet.
3374,excepcional
3375,excepcional
3376,fantástica relación calidad-precio en el centro de valencia
3377,excepcional
3378,excepcional
3379,excepcional
3380,"hotel encantador, excelente ubicación."
3381,Ubicación perfecta para hacer turismo!
3383,excepcional
3384,gran vista todo está cerrado hasta el hotel
3385,excepcional
3386,excepcional
3387,excepcional
3389,"Muy recomendado por su ubicación privilegiada, atracciones transitables y servicio confiable y amigable."
3390,maravillosa experiencia de víspera de año nuevo
3391,Ubicación fantástica y hotel muy limpio y personal amable.
3392,excepcional
3394,"la ubicación es excelente en el corazón de valecia, el personal es buena atención y el hotel es hermoso"
3395,¡la ubicación perfecta en valencia!
3396,buena relación calidad-precio.
3397,excepcional
3399,encantadora estancia en el centro de valencia
3400,La habitación perfecta y el hotel se reservarán para el próximo año.
3401,"Buen hotel en general, la hora de salida tardía a las 12:30 fue una ventaja. buena bañera para relajarse!"
3402,Estoy contento con mi estadía ya que la ubicación del hotel era excelente y estaba a poca distancia de las atracciones.
3403,"Excelente, ¡lo recomendaría a otros!"
3404,gran estancia
3406,Ubicación perfecta con excelente servicio.
3407,"Ubicación central, habitaciones tranquilas, personal agradable."
3408,Definitivamente me quedaría de nuevo.
3409,excepcional
3411,perfecto
3412,excepcional
3413,excepcional
3415,Estancia de 5 estrellas en un hotel de 2 estrellas.
3416,fabulosa habitación con balcón con vista a la plaza
3419,"excelente ubicación personal, limpio, tranquilo, cómodo"
3420,muy bueno pero...
3422,España es un país maravilloso y alojarse en uno maravilloso lo hace aún más especial.
3423,excepcional
3424,maravillosa ubicación!
3426,valencia es una ciudad que vale la pena visitar.
3427,Todos quedamos gratamente sorprendidos de lo bueno que estaba todo por ubicación y precio.
3429,excepcional
3430,gran valor
3431,Una maravillosa estancia de 5 días en una hermosa ciudad.
3432,una estancia estupenda en una ciudad maravillosa
3433,En general fue una estancia agradable y sin duda volveremos.
3434,impresionante
3435,encantador hotel con excelente personal en una ubicación perfecta
3436,excepcional
3437,excepcional
3438,gran hotel en el centro de valencia
3439,excepcional
3440,"Camas cómodas, excelente ubicación, hermosa ciudad."
3441,"Días emocionantes, caminando y visitando lugares."
3442,"gran valor, me quedaré allí de nuevo"
3443,Excelente ubicación y buena relación calidad-precio.
3444,excepcional
3445,excepcional
3446,Excelente lugar y cerca de todos los lugares de encuentro para nuestros tours.
3447,excelente ubicación!
3448,"Excelente ubicación, las habitaciones necesitan estar un poco más insonorizadas ya que los estudiantes que comíamos en nuestro piso éramos bastante ruidosos, ¡bang!"
3449,base perfecta en valencia
3450,la mejor estancia en españa
3451,Recomiendo encarecidamente este hotel por su ubicación y limpieza.
3452,Excelente elección para nuestra primera visita a Valencia.
3453,excepcional
3454,excepcional
3455,gran estancia de último minuto volvería a ir
3456,hermoso hotel en una ubicación perfecta
3457,pequeño gran hotel en el corazón de la ciudad
3458,excepcional
3459,breve escapada en valencia
3460,lugar perfecto en medio de toda la acción
3462,pequeño y maravilloso descanso en una hermosa ciudad
3463,hermosa estancia en el centro.
3464,"Ubicación perfecta para recorrer el centro histórico, personal muy servicial."
3465,excepcional
3466,hermoso hotel en una excelente ubicación.
3467,"Ubicación increíble, excelente relación calidad-precio para habitaciones muy cómodas y bien equipadas, personal encantador"
3468,excepcional
3469,excepcional
3470,Definitivamente reserve de nuevo
3471,"hermoso hotel, excelente ubicación!"
3472,Excelente relación calidad-precio estancia central!
3473,excepcional
3474,excepcional
3475,Definitivamente volveremos otra vez.
3476,Tuve una estancia fabulosa en este hermoso hotel. volvería otra vez 100
3477,la excelente ubicación nos permite visitar los principales atractivos de la ciudad con facilidad. Tuvimos una estancia muy cómoda y divertida.
3480,fantástico hotel
3481,excepcional
3482,"Excelente ubicación, personal amable, limpio y sencillo, buena cama."
3483,asombroso
3485,"La ubicación era excelente, nos sentimos como si estuviéramos en el medio de todo."
3486,un placer para nosotros en un hermoso hotel
3487,¡fantástico!
3488,excepcional
3489,muy agradable y me encantó tener el balcón
3490,Precioso hotel en una ubicación perfecta.
3491,excepcional
3492,Una excelente ubicación central con habitaciones amplias y limpias. muy impresionado!
3493,Me encantó este hotel. ¡la ubicación era excelente!
3494,100 recomendado.
3497,"Ubicación perfecta y habitaciones limpias, cómodas y modernas."
3498,un gran refugio para un alojamiento cómodo y conveniente cuando se hace turismo
3499,brillante ubicación
3500,excepcional
3501,"impresionante ubicación, gran habitación"
3502,brillante ubicación. personal brillante. habitaciones brillantes
3503,gran estancia en todos los sentidos
3504,Ubicación perfecta para una escapada a la ciudad de Valencia.
3505,maravilloso hotel en el centro de valencia
3506,cómodo y conveniente
3507,"Hay mucho que hacer cerca, gran selección de comida y un ambiente muy agradable."
3508,excepcional
3509,¡asombroso!
3510,Me encanta Valencia y por eso he reservado un hotel que estaré encantado de volver a utilizar.
3511,superó nuestras expectativas.
3512,La mejor estancia en un hotel que hemos tenido.
3513,Excelente relación calidad-precio y la ubicación fue brillante.
3514,tiene una experiencia maravillosa con el personal de recepción. Fue increíble al ayudarnos a llegar a la estación de tren. mucha aplicación
3515,estancia maravillosa
3516,maravilloso y ambos estuvimos de acuerdo en que nos alojaríamos en el mismo hotel nuevamente.
3517,Nos lo pasamos genial. Me encantó Valencia.
3519,maravillas estancia lo recomendaría altamente
3521,"Excelente experiencia, volvería siempre."
3522,"Gran hotel, ubicación perfecta, pero reserva una habitación con vistas."
3523,"una hermosa ciudad con un gran ambiente, mejorado por una cómoda habitación en un hotel bien mantenido. todos fueron muy amables"
3524,Nos encantó nuestra estancia en este hotel. ¡Teníamos un balcón que no esperábamos! la ubicación era increíble y tan buena va
3525,"Fantástica ubicación, limpio, cómodo y con preciosas vistas a la plaza. cerca de todo."
3526,Tuve una estancia encantadora y lo recomendaré altamente.
3527,impresionante .
3528,estancia fantástica! ¡Excelente servicio y valor!
3529,superó todas las expectativas
3530,gran hotel
3532,Lo recomendaría y me alojaría allí de nuevo si volviéramos a Valencia.
3533,excepcional
3534,"Quedamos satisfechos con la comodidad, las instalaciones y la ubicación. el personal"
3536,hotel muy céntrico para visitar valencia
3537,cómoda ubicación central en valencia
3538,excepcional
3540,Excelente estancia en la hermosa Valencia: una ciudad preciosa en todos los sentidos.
3541,estancia perfecta en el centro de valencia
3542,"muy cómodo, tranquilo y agradable."
3543,asombroso
3544,"Precioso hotel, preciosa habitación, preciosas vistas, disfrutamos muchísimo de nuestra estancia en Valencia."
3545,Lo pasamos genial en el mejor hotel posible.
3546,excepcional
3547,quédate aquí
3548,excelente servicio e instalaciones
3549,"excelente precio, excelente calidad de servicio, excelente ubicación"
3550,maravilloso
3551,Excelente estancia en el centro de Valencia.
3552,"Excelente ubicación, personal amable y las mejores toallas de hotel."
3553,una parada en boxes perfecta
3554,una excelente ubicación en valencia.
3555,increíble ubicación en el corazón de valencia
3556,super hotel - excelente ubicación
3557,hotel con excelente ubicación y personal muy amable y servicial
3558,"El brillante personal de la propiedad fue fantástico, no pudo hacer más para ayudar, especialmente el personal de recepción."
3559,simplemente una estancia encantadora e inolvidable en un hermoso hotel que ofrecía una excelente relación calidad-precio
3560,preciosas vistas en el corazón de valencia
3561,"Ubicación muy céntrica, ideal para explorar el casco antiguo a pie."
3562,¡Definitivamente regresaremos!
3563,¡volveremos!
3564,excepcional
3565,Excelente hotel y el personal fue muy agradable. la ubicación era excelente
3566,excepcional
3567,excepcional
3568,la mejor ubicación en la ciudad
3570,excelente ubicación para una estancia en la ciudad
3571,excepcional
3572,nuestra estancia fue maravillosa. El personal fue muy atento y el lugar está perfectamente ubicado. Qué maravillosa ubicación y hotel.
3573,excepcional
3574,excelente ubicación - bonito hotel
3575,"Hotel de gran valor, limpio y cómodo en una ubicación perfecta."
3576,"a beautiful hotel, we ll be back cara radiante con ojos sonrientes"
3577,short break in valencia
3578,excepcional
3579,hotel increíble
3580,excepcional
3581,Volvería a reservar y lo recomendaría a mis amigos.
3582,lugar perfecto para alojarse en valencia
3583,perfecto para una estancia de tres noches en valencia
3584,"Hermoso lugar para quedarse, ¡definitivamente merece más de 2 estrellas! volveré"
3585,excepcional
3586,excepcional
3587,un hermoso hotel en una hermosa ciudad
3588,hotel perfecto en lugar perfecto
3589,hermoso hotel
3590,excepcional
3591,"cómodo, buena ubicación"
3592,excepcional
3593,gran hotel en una ubicación central
3596,"absolutamente increíble, volveré"
3597,estancia perfecta. 10 sobre 10 seguro. debería ser una calificación de cinco estrellas
3598,excepcional
3599,"gran estancia, gran valor"
3600,increíble hotel céntrico
3601,"Tuvimos unas vacaciones muy agradables en Valencia, estoy muy contento con mi elección de hotel y también con su ubicación."
3602,gran hotel en una ubicación maravillosa
3603,me encanta
3604,fabuloso
3605,excepcional
3606,excepcional
3607,gran hotel
3608,excepcional
3609,magnífico hotel en el corazón de la ciudad vieja
3610,Recomendaría este hotel
3611,excepcional
3612,excepcional
3613,excepcional
3614,gran hotel para una estancia perfecta
3615,gran estancia en valencia
3616,"gran hotel, limpio y fantástica ubicación"
3617,agradable estancia sin ningún problema
3618,gran hotel con excelente ubicación. Me alojaría aquí de nuevo.
3619,"Excelente relación calidad-precio, excelente ubicación."
3620,excepcional
3621,gran hotel
3622,perfecto para unas noches de estancia en valencia.
3623,limpio amable y bien ubicado
3624,maravillosa ubicación en valencia.
3625,excepcional
3626,excepcional
3627,Una estancia maravillosa en el venezia plaza centro.
3628,excepcional
3629,Nos alojamos por dos días y no podríamos haber elegido mejor: ¡simplemente reserve este hotel!
3630,quédate aquí
3633,excepcional
3634,gran estancia en la ciudad
3635,excepcional
3636,"bien administrado, ubicación conveniente y excelente vista si tienes un balcón y eres cómodo."
3637,"Excelente ubicación en el corazón de la plaza. central para muchas cosas, personal muy amable."
3638,no alquiles un auto
3639,excepcional
3640,excelente ubicación
3641,excelente ubicación para explorar las zonas centrales
3642,increíble relación calidad-precio y ubicación
3643,"Excelente ubicación, habitación limpia y bien equipada."
3644,un hotel de calidad en una excelente ubicación.
3645,Ubicación fabulosa cerca del casco antiguo.
3646,excepcional
3649,Gran lugar para alojarse cerca de todos los sitios.
3650,excepcional
3651,"Unos días fabulosos con mi familia después de mi cumpleaños, el hotel lo hizo muy especial con una encantadora botella de tarjeta burbujeante."
3652,fantástica ubicación y valor
3653,estancia absolutamente perfecta
3654,ubicación perfecta
3655,excepcional
3656,excelente ubicación buena relación calidad-precio
3657,sí
3658,experiencia muy agradable
3659,excepcional
3660,gran hotel en el centro de la ciudad
3661,Ubicación perfecta para una estancia de una noche en Valencia.
3662,Definitivamente nos hospedaríamos aquí de nuevo. fue excelente.
3663,excepcional
3664,¡una estancia perfecta en el corazón de valencia!
3666,"Gran hotel, nos encantó nuestra estancia."
3667,un hotel céntrico y tranquilo perfecto para una escapada a la ciudad
3668,excepcional
3669,excepcional
3670,excepcional
3671,hotel absolutamente bueno.
3672,¡Un hotel encantador en la ubicación perfecta para explorar Valencia!
3673,lugar perfecto para dormir en el centro de valencia
3674,¡la mejor ubicación!
3676,Excelente habitación con una gran vista y excelente ubicación.
3677,"una habitación cómoda, todo el personal muy amable, bien ubicado"
3678,"Es un hermoso hotel, toallas, ropa de cama y colchones de primera calidad. Teníamos un hermoso balcón con vistas a la plaza."
3679,excepcional
3680,Preciosas instalaciones bien mantenidas con un personal amable y servicial. maravillosa estancia.
3681,Realmente disfruté mi estancia allí. Definitivamente me quedaría de nuevo.
3682,excepcional
3683,lo mejor de valencia
3685,¡La ubicación de este hotel es perfecta! Fantásticas vistas sobre la ciudad.
3686,excepcional
3687,Lo recomendaría.
3688,excelente ubicación en el centro de valencia
3689,ubicación muy central
3690,excepcional
3692,todo fue excelente!!
3693,fantástica estancia familiar x
3694,¡Me encantaría volver!
3695,"Excelente, realmente disfrutamos nuestra estadía."
3696,valencia trip
3697,hotel con una excelente relación calidad-precio situado en una magnífica ubicación central; sigan con el buen trabajo
3698,"Maravilloso hotel, volveremos seguro."
3699,impresionante
3701,Precioso hotel impecablemente limpio en una ubicación muy céntrica. Disfruté de mi estancia allí.
3702,estancia increíble:
3703,"excelente ubicación, limpio y cómodo. personal amable."
3704,hermosa habitación
3705,¡excepcional! Sería mejor que otros hoteles supieran cómo organizar este tipo de negocios...
3706,Ubicación perfecta para aprovechar al máximo una hermosa ciudad.
3707,excepcional
3708,"Disfrutamos de la habitación cuádruple superior y de la vista desde ella, ¡la ubicación del hotel era excelente!"
3709,gran viaje
3710,excepcional
3711,excepcional
3712,¡perfecto!
3713,"ubicación fabulosa, personal fabuloso y muy limpio"
3714,aventuras en la ciudad de valencia
3715,excepcional
3716,"La estancia fue cómoda y relajante, con un personal agradable y muy servicial."
3717,"Excelente personal, excelente ubicación y habitación."
3718,Fantástico. Volveremos.
3719,excepcional
3720,"Gran hotel, perfectamente situado en el corazón de la ciudad, en la plaza del Ayuntamiento."
3721,exactamente lo que necesitas para una escapada a la ciudad
3722,lugar muy acogedor
3723,Sin duda me alojaría aquí de nuevo cuando esté en Valencia!
3725,excepcional
3727,bien vale la pena una visita
3728,Segunda visita a este maravilloso hotel en el centro de la bella Valencia.
3729,la mejor ubicación en valencia
3730,"Fue una estancia encantadora, con todas las comodidades que pudiéramos desear, en una ubicación muy conveniente y con un personal excelente."
3731,excelente
3732,"absolutamente fantástico, me encantó este hotel"
3733,¿Por qué es sólo un hotel de dos estrellas?
3734,una estancia maravillosa
3735,estancia agradable justo en el centro.
3736,"Primera vez en Valencia, volveremos y definitivamente reservaremos el mismo hotel."
3737,viaje perfecto a valencia
3738,¡maravilloso!
3739,encantador hotel en una buena ubicación
3740,excepcional
3741,excepcional
3742,excelente ubicación
3743,corte de corriente
3744,increíble hallazgo... excelente relación calidad-precio en el centro de valencia
3745,¡Este hotel de 2 estrellas era mejor que el de 3 o 4 estrellas en el que me he alojado!
3746,excelente ubicación
3747,"Ubicación privilegiada muy céntrica en el centro de la ciudad, a pie de la estación con todas las instalaciones."
3749,"guau, ubicación perfecta, estancia estupenda"
3750,"fabuloso hotel, central. Fácil acceso a lugares de interés y transporte."
3751,un hermoso lugar y establecimiento en el corazón de valencia. cerca de todas las atracciones principales w
3752,perfecto
3754,"Genial, se lo recomendaría a cualquiera que quiera visitar Valencia."
3755,excepcional
3756,"Perfecto, me alojaría aquí de nuevo."
3757,una estancia muy agradable
3758,excelente hotel y gran valor
3759,¡Volvería aquí!
3760,maravilloso hotel con excelente ubicación!! muy recomendable
3761,Definitivamente recomendaría este hotel para una estancia de 3 a 5 días en Valencia.
3762,ubicación perfecta y hotel perfecto
3763,una vivienda céntrica en valencia!
3764,"Excelente ubicación, recepción luminosa, limpia y amigable."
3765,fin de semana de chicas
3766,mi favorito en valencia!!!
3767,excepcional
3768,¡súper satisfecho!
3769,excepcional
3770,perfecto
3771,muy recomendado
3774,excepcional
3776,"Buen hotel en excelente ubicación, cerca de todo."
3777,excelente...esta es una experiencia de 4 estrellas
3778,¡Nos lo pasamos genial!
3779,Gran hotel en el corazón de la ciudad con hermosas vistas desde el balcón.
3780,excepcional
3781,"Lugar perfecto para habitaciones preciosas, excelente ubicación y buena relación calidad-precio."
3782,una estancia muy agradable
3783,excepcional
3784,excepcional
3785,lugar perfecto para explorar valencia
3788,excelente ubicación a precios asequibles
3789,me alojaría aquí de nuevo
3790,muy muy bueno
3791,"excelentes vistas, personal amable, buena ubicación"
3792,Ubicación perfecta y vista desde la habitación en un hotel encantador y limpio.
3793,excelente
3794,personal encantador y un hotel fabuloso
3795,Gran hotel para explorar el centro de Valencia.
3796,fue maravilloso. muy cómodo cerca de todo lo que queríamos ver.
3797,estancia muy agradable
3798,excepcional
3799,"No me puedo quejar del personal ni de la limpieza, ni de la ubicación. Nos lo pasamos genial en Valencia y me pareció muy caro. si"
3800,Estancia cómoda y agradable en una ciudad maravillosa.
3801,maravilloso
3802,excepcional
3803,gran hotel en una ubicación fantástica
3804,"Desayuno acogedor, cómodo, hermoso y increíble."
3805,encantadora visita a valencia en el corazón de todo
3806,"excelente ubicación, gran desayuno y espectacular vista desde la habitación de la plaza"
3807,Excelente ubicación en venecia plaza.
3809,excelente ubicación!!! absolutamente con el dinero
3811,excepcional
3812,Me alojaría allí de nuevo si volviéramos a Valencia. la ciudad era genial con mucho que ver y hacer.
3813,¡perfecto!
3814,excepcional
3815,relajante y para todos.
3816,muy recomendado
3817,excepcional
3818,excelente estancia por su dinero
3820,súper hotel
3821,hotel fabuloso en una excelente ubicación
3823,Fantástica relación calidad-precio y en una ubicación privilegiada. el personal era encantador y amable y la habitación estaba muy limpia! yo lo haría
3824,"Precioso hotel justo en el corazón de Valencia. Fácil acceso, excelente personal, muy recomendable."
3825,gran hotel en una ubicación privilegiada.
3826,excepcional
3827,excepcional
3828,"Perfecto en todos los sentidos, a excepción del problema de elevación mencionado anteriormente."
3830,alojamiento perfecto en valencia. ¡Solo puedo recomendarlo! :
3831,¡Un hotel increíble en el que alojarse!
3832,gran hotel en el centro de valencia
3833,gran estancia encantador hotel
3834,La ubicación perfecta significaba que podía caminar a todas partes y la habitación era cómoda e insonorizada.
3835,"Fantástico hotel limpio y ordenado, en el corazón de una hermosa ciudad."
3836,hotel perfectamente ubicado con personal amable y servicial
3837,increíble ubicación por el precio
3838,Fantástica ubicación y cama cómoda.
3839,"Primera categoría con balcón, gran servicio."
3841,¡Un hotel realmente excelente para una escapada a la ciudad!
3842,estancia muy cómoda
3844,fantástica ubicación e instalaciones en valencia!
3845,excelente
3848,excepcional
3849,bonita y perfecta ubicación
3850,Definitivamente regresaría aquí
3851,excepcional
3852,excelente ubicación
3853,"muy agradable, lo recomiendo ampliamente."
3855,excepcional
3856,¡Un lugar maravilloso para alojarse en Valencia!
3858,Planeé quedarme 3 noches y terminé quedándome 7. Genial
3859,¡¡Libro del que no te arrepentirás!!
3860,excepcional
3861,excepcional
3862,excepcional
3863,Valencia
3864,excepcional
3865,"maravilloso hotel, perfectamente ubicado."
3866,experiencia increíble
3867,"No podría ser mejor. Las reseñas ya publicadas son precisas. excelente ubicación, atención al cliente"
3868,excepcional
3869,simplemente perfecto.
3870,maravilloso
3871,fabuloso lugar para quedarse!
3872,Brillante hotel para una escapada a la ciudad de Valencia.
3873,el mejor lugar para alojarse en valencia!
3874,todo fue perfecto!!
3875,excepcional
3876,la ubicación es genial.
3877,maravilloso.
3878,excepcional
3880,Habitaciones limpias y bonitas en el centro de la ciudad.
3881,excepcional
3882,"Excelente ubicación, excelente lugar para hospedarse y visitar muchas de las atracciones de Valencia, obtenga una valencia travel card"
3883,¡Volvería otra vez!
3884,excepcional
3885,lugar perfecto para alojarse en la hermosa valencia
3886,refugio acogedor y confortable en el centro de la ciudad.
3887,"lugar increíble, texto completo recomendado"
3888,excepcional
3889,La segunda estancia lo dice todo.
3894,fantástica ubicación
3895,preciosa estancia en pleno centro de valencia.
3896,Recomendaría este hotel. Definitivamente me quedaré allí de nuevo.
3897,Nos encantó la zona y el hotel era agradable y muy limpio.
3898,como arriba
3899,top spot in central valencia
3902,"Ubicación ideal, impecablemente limpio, ¡muy recomendable!"
3903,excepcional
3905,buena relación calidad-precio
3906,"¡Nos encantó todo! La ubicación, la habitación, las cosas, ¡todo superó nuestras expectativas! el personal era muy amable"
3907,Nos lo pasamos de maravilla.
3908,magnífico
3911,¡Excelente lugar para alojarse en el corazón de Valencia!
3912,increíble ubicación
3913,ubicación perfecta
3914,"muy buena, grata experiencia"
3915,venecia plaza centro es simplemente la mejor!!!
3916,una joya en la corona de valencia
3917,¡Todo fue perfecto!
3918,una vista maravillosa en el centro de valencia
3919,escapada a la ciudad
3920,Disfrutamos mucho de nuestra estancia y nos alojaremos aquí de nuevo.
3921,increíble nunca cambies
3922,excelente hotel bien ubicado
3923,absolutamente fabuloso
3925,excepcional
3926,excepcional
3927,gran estancia en el corazón de la ciudad
3928,gran hotel en valencia
3929,todo fue genial
3933,"Excelente ubicación, bonita habitación limpia y personal amable."
3934,excepcional
3935,"La habitación del hotel era cómoda, espaciosa y con una gran vista."
3936,muy recomendable
3937,Excelente ubicación y la habitación del hotel era enorme. cerca de estación de tren y parada de autobús. playa a 20 minutos.
3938,Experiencia perfecta por primera vez en Valencia.
3939,vacaciones
3940,buen lugar para quedarse
3941,excepcional
3942,lugar perfecto para una breve escapada a la ciudad
3943,excelente ubicación en una ciudad encantadora
3944,hotel perfecto para una escapada a la ciudad
3945,excepcional
3946,agradable estancia
3947,excepcional
3949,buena estancia
3950,cerca del hospital donde necesitaba estar
3952,fabuloso
3953,gran estancia
3954,breve escapada a valencia
3955,Ubicación increíble y personal amable.
3956,excelente relación calidad-precio y la mejor ubicación
3957,"Ubicación perfecta, persona que viajaba sola tenía un personal encantador."
3958,excepcional
3959,Volvería a reservar este hotel
3960,memorable
3961,excepcional
3962,"Lo compré para el cumpleaños número 75 de mi madre, no es barato, pero la ubicación es excelente y la habitación era grande. El personal fue servicial y genial."
3963,"Sin duda me alojaría aquí de nuevo, me encantó"
3964,"excelente ubicación, muy recomendable"
3965,hotel bien ubicado con buen desayuno
3966,encantadora estancia en valencia
3967,excepcional
3968,"fabuloso, un gran lugar para quedarse."
3969,excepcional
3970,excelente estancia en valencia
3972,"Excelente ubicación, muy limpio buen desayuno."
3973,Pregunte por un piso alto frente a la plaza.
3974,"Ubicación increíble, personal amable y literalmente en el centro de la ciudad."
3976,excepcional
3977,"Este es un lugar fantástico donde alojarse. excelente ubicación, personal encantador y servicial, desayuno fabuloso,"
3978,excepcional
3979,perfecto
3981,Excelente ubicación en el corazón de la antigua Valencia.
3982,"increíble, fantástico, brillante!!!"
3983,cumplió el propósito de nuestra visita
3985,ubicado en el centro
3986,Gran hotel limpio y cómodo en una fabulosa ubicación central.
3988,Super hotel en una excelente ubicación.
3989,excelente ubicación en el corazón de valencia
3990,"Excelente ubicación, buen personal, buena relación calidad-precio, pero la habitación un poco pequeña no arruinó nuestra estancia."
3991,gran par de días en valencia
3992,sobresaliente en todos los sentidos
3993,brillante hotel central
3994,magnífico hotel en todos los sentidos.
3995,"El hotel era muy céntrico, justo en el medio de todo, estaba muy limpio y por el precio tenía una relación calidad-precio excepcional."
3996,Hotel con una excelente relación calidad-precio. Nos hemos alojado allí dos veces y lo recomendaríamos totalmente.
3997,excepcional
3999,"perfecto, lo recomiendo!"
4000,excepcional. Muy recomendable.
4001,excepcional
4002,excelente
4003,¿Por qué te quedarías en otro lugar?
4005,"¡Aquí está el lugar perfecto para desempacar, relajarse y descubrir la joya que es Valencia!"
4006,muy agradable
4007,Ubicación fabulosa hotel muy cómodo. hotel muy limpio. personal donde muy amable
4008,"La ubicación era perfecta, justo en el medio de todo y en todas partes. el personal fue amable y servicial. lo hicimos"
4009,ubicación ubicación ubicación
4010,excelente ubicación y personal fabuloso
4011,"Todo lo mejor, ubicación, buen sueño, desayuno, amables chicas y chicos en la recepción."
4012,excelente hotel céntrico
4013,genial para pasar unas cuantas noches
4015,nos vemos pronto
4016,hermoso tiempo soleado. en un hotel muy amigable
4017,excepcional
4018,ubicación ideal para una escapada a la ciudad
4019,brillante ubicación
4020,"Nos alojamos en Valencia por 3 noches. El hotel era absolutamente perfecto, los edificios alrededor de la plaza son preciosos. yo"
4021,escapadas perfectas a la ciudad
4022,Ubicación el mejor lugar para quedarse y habitación muy cómoda.
4023,confortable hotel clásico justo en el corazón de valencia
4024,un hermoso hotel con una ubicación increíble
4025,gran hotel para alojarse para turistas
4026,breve escapada en valencia.
4027,"Excelente precio, personal agradable y no podría haber una mejor ubicación para el centro de Valencia y las atracciones Old Twon."
4028,fantástica ubicación
4029,hermoso
4030,gran lugar para quedarse
4031,el personal es muy servicial y servicial
4032,"Excelente ubicación, fantástica habitación con una gran terraza y personal amable."
4033,perfecto
4034,bonito hotel con excelente ubicación
4036,"Excelente ubicación, habitaciones limpias y bien equipadas y camas cómodas."
4037,excepcional
4038,Me quedaría de nuevo.
4039,Solo estuve una noche pero definitivamente regresaría si volviera a Valencia cara feliz con ojos sonrientes
4040,muy recomendable
4041,hermosa ubicación! La perspectiva desde la habitación parecía una imagen.
4042,"Gran hotel, súper limpio, súper amable y en una excelente ubicación."
4043,una hermosa experiencia valenciana
4046,"Súper lugar para hospedarse en la hermosa Valencia, definitivamente regresaremos."
4047,"Precioso hotel, preciosa ubicación y volveremos."
4048,perfecta ubicación central
4049,excepcional
4050,gran hotel en una excelente ubicación
4051,Definitivamente muy recomendable.
4052,Estancia fabulosa en una hermosa habitación con extras gratuitos. Muy recomendable.
4053,"Excelente ubicación, pero el personal necesita capacitación de actualización."
4054,propiedad perfecta en una ubicación perfecta
4055,guay guay guay
4057,estancia encantadora en este encantador hotel
4058,excepcional
4059,excepcional
4060,Fue una estancia muy cómoda y una excelente relación calidad-precio.
4061,"ubicado en el centro de la ciudad, cerca de las principales atracciones"
4062,asombroso
4063,muy buen lugar para alojarse en valencia
4064,fantástico hotel!
4065,"Excelente ubicación, habitación grande, personal agradable."
4066,alojamiento perfecto en una hermosa ciudad
4067,Ubicación central y personal muy servicial.
4068,"Excelente ubicación, limpio y amigable."
4069,"maravilloso ! habitación increíble, ubicación perfecta, personal encantador"
4070,fantástico hotel en una ubicación increíble
4072,espléndido. volveremos
4073,excepcional
4074,ubicación perfecta
4075,todo fue genial.
4076,Pequeño y encantador hotel céntrico para todo.
4077,"El hotel está subestimado con 2 estrellas, en realidad es un hotel de 3 estrellas. Me impresionó mucho tener un microondas en la habitación."
4078,ideal para una estancia corta de 1 o 2 noches
4080,hotel excepcional en una ubicación fantástica
4081,"Gran hotel para familias, me encantó."
4082,"hotel brillante, en una ubicación brillante"
4084,excepcional
4085,excepcional
4087,excepcional
4088,excelente ubicación y habitaciones.
4089,excelente ubicación para una estancia en el centro de valencia
4090,estancia maravillosa!
4091,excelente ubicación en el corazón de valencia
4092,¡Un hermoso hotel en una ubicación perfecta!
4093,excepcional
4094,En general mi experiencia en el hotel fue buena. Muy limpio preciosas vistas a la plaza.
4095,gran estancia en valencia!
4096,Tuvimos una estancia fantástica en Valencia. El hotel era cómodo y le dio a la familia un buen descanso.
4097,Impresionante ubicación del hotel en la plaza. Cerca de paradas de autobús para visitar otras partes de la ciudad y playa.
4098,agradable
4099,¡Guau! muy recomendable!!
4100,excelente ubicación y delicioso desayuno
4101,"maravillosa ubicación, área de recepción fresca y contemporánea."
4102,excelente ubicación.
4103,excepcional
4104,excepcional
4105,10 10 se quedará aquí una y otra vez.
4106,excepcional
4107,maravilloso
4108,excelente ubicación y súper habitaciones
4109,Ubicación muy central en la hermosa Valencia. volvería
4110,en general un buen lugar para quedarse
4111,"El personal era amable y acogedor, excelente ubicación, limpio y los ventiladores eran geniales en el calor."
4114,excepcional
4115,Marido y mujer ancianos encontrando su camino en la gran ciudad
4116,excepcional
4118,"Estancia verdaderamente encantadora en una ubicación fabulosa, justo en el corazón de la zona turística."
4119,buena estancia
4121,"Excelente hotel, personal maravilloso y acogedor."
4122,excelente. Me alojaría aquí de nuevo y lo recomendaría.
4123,excepcional
4124,¡brillante!
4125,excelente. Definitivamente regresaré a este hotel cuando esté en Valencia.
4126,excepcional
4127,lugar encantador
4128,El lugar perfecto para alojarse por precio y ubicación.
4130,semana fantástica en valencia
4131,Estancia céntrica y limpia en Valencia.
4132,excepcional
4133,El lugar perfecto para alojarse en Valencia. ¡Ojalá nos hubiéramos quedado más tiempo!
4134,Solo hotel de 2 estrellas pero con la mejor ubicación y vista.
4135,El personal hace que el lugar sea más cómodo. Siempre están dispuestos a complacer lo que necesites. Siempre elijo este lugar
4136,"Tuve una estancia estupenda aquí, cómoda y relajada."
4137,perfecta escapada corta a la ciudad
4138,Ubicación perfecta pero habitación pequeña.
4139,excelente experiencia
4140,Precioso hotel con excelentes vistas y personal muy amable justo en el corazón de Valencia.
4141,excepcional
4142,excepcional
4143,excelente valor!
4144,Nos lo pasamos genial en Valencia y nuestra estancia aquí fue perfecta. Realmente apreciamos los refrigerios de cortesía y
4145,en el corazón de la ciudad
4146,Disfrutamos nuestra estancia y fue fácil caminar a todos lados.
4147,Hotel muy céntrico: ubicación increíble para experimentar el centro de la ciudad de Valencia.
4148,fabulosa ubicación
4149,justo lo que queríamos
4150,excepcional
4151,excelente ubicación y cama cómoda!
4152,Gran hotel para una corta escapada familiar de fin de semana en Valencia.
4153,"Excelente ubicación, perfecta para una escapada a la ciudad."
4154,increíble el personal del hotel es excepcional!
4155,¡asombroso! Nos encantó Valencia y el hotel y estamos ansiosos por volver el año que viene para explorar más.
4156,excepcional
4157,excepcional
4158,excepcional
4160,excepcional
4161,lindo
4162,"Buen sueño, comodidad en todos los sentidos con camas y ropa de cama preciosa."
4164,Nuestra estancia fue encantadora y definitivamente nos hospedaríamos en este hotel nuevamente. La ubicación era la mejor que podías conseguir.
4166,recomendaría a todos
4167,"Vistas absolutamente increíbles e impresionantes, no puedo esperar a volver."
4168,gran hotel y personal justo en la plaza
4169,Soy un oasis de calma en una ciudad ocupada.
4170,a
4172,"Fue realmente bueno, limpio, muy bonito hotel."
4174,una excelente estancia en valencia
4175,"Ubicación fantástica, habitaciones estupendas y limpias."
4176,escapada a la ciudad fabulosa.
4177,excepcional
4178,central
4179,excepcional
4180,excelente hotel urbano
4181,"Hotel estupendo y limpio, personal amable, ubicación increíble. fácilmente accesible en transporte público."
4182,"Me encantó el hotel, pero la habitación se quedó corta."
4183,Me encantó este hotel. Definitivamente regresaré allí el año que viene.
4184,perfecto para un breve descanso
4185,gran lugar.
4186,excepcional
4187,Ubicación perfecta para hacer una parada en Valencia.
4188,excepcional
4189,gran hotel
4190,"excelente ubicación, excelente personal, excelente precio!"
4191,excelente ubicación buena vibra
4192,Ubicación perfecta del hotel y un precio razonable para una escapada a la ciudad.
4193,excepcional
4194,"Un gran lugar para quedarme, mi tercera vez, ¡volveré! desayuno increíble relación calidad-precio, personal maravilloso, muy servicial"
4195,fantástico hotel
4196,No hay mejor ubicación en mi opinión.
4197,súper alojamiento! no puede ser mejor:
4198,"Vaya, Venecia, superaste nuestras expectativas con creces. Pasamos 4 días fantásticos explorando esta hermosa ciudad y o"
4199,hermosas y especiales habitaciones en una ubicación muy central
4200,excepcional
4201,"Genial, me alojaré de nuevo en este hotel."
4202,increíble y muy relajante. personal fabuloso
4203,hotel perfecto en la mejor ubicación de valencia
4204,"un personal muy servicial garantizó la mejor estancia, nada era demasiado problema y todo el personal de recepción hablaba bien inglés."
4205,una noche. buen hotel
4206,"Excelente ubicación, hotel confortable, buen desayuno variado."
4207,maravilloso lugar para alojarse al explorar la ciudad
4208,excepcional
4210,hermosa ciudad
4211,viaje perfecto para nuestra primera vez en valencia
4212,excepcional
4213,no hay nada mejor
4214,excelente
4215,perfecto
4216,tuvimos una gran estancia
4217,agradable estancia
4218,el lugar perfecto para comenzar a descubrir la ciudad
4219,excepcional
4220,excepcional
4221,excepcional
4224,excepcional
4225,"Cómodo, asequible, ¡volveremos!"
4226,Nos encanta la ubicación central donde todas las atracciones del casco antiguo están cerca. el estacionamiento está a sólo un par de cuadras de distancia
4227,excelente ubicación
4228,Definitivamente vale la pena alojarse en este fantástico hotel del centro de la ciudad.
4229,Reserve una habitación con balcón con vistas al ayuntamiento: son excelentes.
4230,No busques más para tu estancia en Valencia.
4231,excepcional
4232,una visita memorable!
4233,Excelente ubicación con personal súper servicial para apoyar. Genial poder dejar las maletas.
4234,excepcional
4235,Valencia es preciosa. Nuestro hotel no podría estar mejor ubicado.
4236,Excelente ubicación e instalaciones.
4237,excelente
4238,fantástico hotel
4240,Me encantó este lugar y volvería a ir allí!
4241,gran hotel y vista espectacular
4242,fabuloso hotel en una excelente ubicación con un personal maravilloso
4244,hotel de lujo en el corazón de valencia a precio asequible
4245,"estancia agradable, en excelente entorno"
4246,Hotel perfecto para un corto viaje a la ciudad de Valencia. excelente relación calidad-precio.
4247,estancia perfecta justo en el centro de la ciudad
4248,gran experiencia
4249,Cuando vaya a Valencia este hotel será mi primera opción.
4251,excepcional
4252,buena ubicación
4253,Lugar perfecto para alojarse en Valencia.
4254,excelente ubicación
4255,excepcional
4256,un excelente hotel justo en el centro del centro histórico a poca distancia de las principales
4257,excepcional
4258,¡Fabuloso hotel en el casco antiguo del centro de la ciudad!
4259,excepcional
4260,Sencillo pero sofisticado con excelente ubicación.
4261,excepcional
4262,excelente estancia! vale la pena.
4263,"excepcionalmente limpio, excelente ubicación y relación calidad-precio."
4266,"La ubicación, la habitación, las comodidades y el desayuno fueron perfectos."
4267,excelente estancia en una excelente ubicación
4268,la mejor ubicación
4269,increíble
4270,¡Nos hemos alojado aquí dos veces antes y sin duda nos alojaríamos aquí de nuevo!
4271,una ciudad muy grande muy comercial
4272,dos noches estupendas.
4273,excepcional
4274,excepcional
4275,excelente estancia corta. muy muy limpio. ¡Enhorabuena por la limpieza de la casa!
4276,un buen lugar cómodo en el centro de la ciudad
4277,excepcional
4278,fabulosa ubicación
4279,gran hotel en una excelente ubicación.
4280,No esperaba esto de un hotel de dos estrellas. Rivales con un buen 3-4 estrellas.
4282,"Hotel muy cómodo, precio muy razonable, muy céntrico."
4283,¡brillante!
4284,excepcional
4285,Gran base para pasar unos días en Valencia.
4286,excelente superó las expectativas
4287,excepcional
4288,"Ubicación perfecta, muy buena relación calidad-precio."
4289,excepcional
4290,Realmente disfruté de este hotel. Excelente ubicación lo que te da mucha flexibilidad. muy hermoso edificio!
4292,excepcional
4293,"Excelente ubicación, las habitaciones son perfectas y excelente relación calidad-precio."
4294,excepcional
4295,¡excelente!
4296,maravillosa estancia en una excelente ubicación. excelente valor. Nos alojaríamos de nuevo.
4297,Definitivamente me quedaré aquí de nuevo.
4298,Gran hotel en una ubicación muy central.
4299,excepcional
4300,excelente ubicación y excelente desayuno
4301,habitación doble estándar
4302,muy centrico
4303,gran hotel
4304,gran hotel en el corazón de la ciudad.
4305,"Gran estancia, buena relación calidad-precio, excelente ubicación, personal amable y habitación limpia y cómoda."
4307,excepcional
4308,excepcional
4309,"Nos encantó nuestra breve escapada a Valencia y recomendamos encarecidamente una visita a Mestalla, incluso si no te gusta el fútbol."
4310,excepcional
4311,excepcional
4312,Increíble ubicación en el centro de Valencia. personal muy agradable.
4314,perfecto
4315,excepcional
4316,súper recomendado!
4317,excepcional
4318,Ubicación perfecta en el centro de la ciudad de Valencia. Las habitaciones eran preciosas con hermosos geles de ducha.
4319,excelente hotel
4320,Perfecto para la primera visita a Valencia con nuestro hijo.
4321,"No puedo esperar a volver, nuestro lugar favorito, cuando visitamos Valencia."
4323,excepcional
4324,estancia increíble
4326,Me encanta tanto que volveré con mi familia la próxima vez.
4327,Excelente hotel céntrico en la preciosa Valencia.
4328,buen hotel
4329,excepcional
4330,Felizmente me quedaría aquí de nuevo
4331,perfecto
4332,No puedo esperar a volver y me alojaría allí de nuevo en un abrir y cerrar de ojos.
4333,Me encantó este hotel increíble cara sonriendo con estrellas 5 estrellas muchas gracias
4334,podría hacer un poco más de calor por dentro
4335,excepcional
4336,"ubicación, ubicación, ubicación"
4337,"excelente ubicación, personal muy agradable"
4338,una estancia elegante en el centro de valencia
4339,Este hotel es sencillamente fantástico y su ubicación es excelente. personal amable y servicial.
4340,¿Cuándo puedo volver?
4341,Nuestra estancia fue muy agradable. Condujimos en coche desde La Zenia y por la carretera de peaje. Las direcciones que nos diste fueron perfectas.
4342,agradable
4343,genial
4344,"Experiencia increíble, perfeccionó nuestro viaje de compras navideñas."
4345,excepcional
4346,magnífico hotel boutique en un edificio histórico
4348,increíble estancia en la ciudad justo en la plaza del ayuntamiento de valencia
4349,la mejor ubicación posible en el corazón del casco antiguo
4351,"Fue un gran descanso, volveremos."
4352,reserva de última hora después de la cancelación de un vuelo nocturno
4353,limpio buena ubicación
4354,gran lugar para quedarse.
4355,El lugar para alojarse cuando esté en Valencia.
4356,gran estancia en una excelente ubicación
4357,mejor ubicación
4358,"Precioso hotel, excelente ubicación, gran habitación."
4359,excelente hotel
4360,maravilloso
4361,"impresionante, limpio y cálido"
4362,realmente bueno.
4363,excepcional
4364,lugar increíble! Altamente recomendado.
4365,Un hotel fantástico en el mejor lugar de la ciudad.
4366,ubicación increíble!
4367,"En general, una estancia agradable. Excelente ubicación, excelente desayuno y hotel muy limpio."
4368,brillante
4369,excepcional
4370,"bien situado, justo en el corazón de valencia"
4371,excelente
4372,base perfecta para un fin de semana largo
4373,excepcional
4375,Nos encantó y volveríamos.
4376,excelente ubicación central
4377,Ubicación fabulosa en una ciudad singularmente fascinante.
4378,"Excelente ubicación central, fácil acceso al metro, cómodo, limpio y con buena relación calidad-precio."
4380,el mejor hotel de valencia
4384,maravilloso hotel en una hermosa ciudad.
4385,"valencia una ciudad tranquila y hermosa, planeando volver en marzo"
4386,excepcional
4387,gran loxación de propiedad
4388,excepcional
4389,"gran hotel, gran tiempo en valencia"
4390,simplemente encantador
4391,el descanso perfecto
4392,volveremos.
4393,Fácil de encontrar en el centro de la ciudad.
4394,"Hotel perfecto para visitar la ciudad, ¡repetiremos!"
4395,confortable hotel situado en el corazón de valencia.
4396,"Me he alojado aquí numerosas veces durante muchos años. Cada vez ha sido excelente, pero de alguna manera se las arregla para mejorar cada vez."
4397,excepcional
4398,excepcional
4399,Un excelente hotel con vistas increíbles y cerca de todos los lugares de interés del casco antiguo.
4401,gran hotel en una excelente ubicación!
4402,"¡¡Me encantó!! Un poco decepcionado con la cama, pero eso no nos impediría regresar."
4403,excepcional
4404,un gran hotel con la ubicación perfecta.
4405,excelente ubicación
4406,"Gran hotel, se lo recomendaría a cualquiera."
4407,excepcional
4408,¡El hotel perfecto definitivamente regresará!
4409,impresionante
4410,excelente ubicación hotel pequeño actualizado
4411,"La ubicación es increíble, la habitación era pequeña pero perfecta, con todo lo que necesitas, las 2 mejores que hemos visto."
4412,Un pequeño hotel maravilloso con un personal excelente en una excelente ubicación. lo recomendaría altamente
4413,una estancia muy agradable! Recomendaría altamente este hotel.
4414,excepcional
4416,"conveniente, cómodo con un personal al que le encantaba ayudar en todo lo que podía."
4417,estancia perfecta en el centro de valencia
4419,fin de semana de chicas
4420,perfecto
4421,Me gusta la ubicación.
4422,"excelente ubicación, estancia confortable."
4423,excelente ubicación!
4424,Valencia es una ciudad preciosa y fácil de recorrer.
4426,"muy agradable, agradable, excelente ubicación, personal. ciudad."
4427,Me quedaré allí de nuevo. ¡Excelente relación calidad-precio!
4428,"Muy buena relación calidad-precio, vale la pena considerar volver otra vez."
4429,"excelente ubicación, personal agradable."
4430,excepcional
4432,En general disfruté mucho de mi estancia.
4433,100 volvería
4434,Tener ascensor en el casco antiguo es una ventaja y podríamos vivir en una habitación pequeña para la comodidad del hotel.
4435,Ubicación central perfecta y personal servicial.
4436,"¡Base perfecta para explorar, con cómodas habitaciones impecables!"
4437,Alojamiento acogedor en una gran ciudad.
4438,excepcional
4439,encantadora escapada familiar a la ciudad en un hotel fantástico
4440,excelente ubicación!
4442,"habitación cómoda, ubicación central y excelente desayuno"
4443,La propiedad estaba muy limpia y en una excelente ubicación.
4444,hazlo
4445,Sentarse en el balcón para disfrutar de las vistas de la plaza fue lo más destacado de nuestras vacaciones.
4446,excepcional
4447,excepcional
4448,una base excelente para visitar los lugares de interés de la ciudad y para viajes a la playa
4449,"fabuloso hotel en una excelente ubicación central, moderno, limpio y cómodo, agradable estadía nocturna"
4450,que esta fue mi segunda visita - lo dice todo
4452,"la ubicación era magnífica. hermoso hotel, preciosa habitación. personal excepcional"
4453,un gran hotel para una escapada a la ciudad
4454,Ubicación perfecta en una bonita ciudad para explorar.
4455,personal encantador y muy servicial y cortés.
4456,excepcional
4457,un hotel increíble
4458,excelente ubicación.
4459,"La ubicación, la limpieza y la cómoda habitación con una enorme cama tamaño king disfrutaron de nuestra estancia."
4460,excepcional
4462,buen hotel limpio en una ubicación fantástica
4463,todo está bien
4466,cómodo y céntrico
4467,siempre pregunto que esto era el sol
4470,habitación grande y cómoda; excelente ubicación
4471,lujoso hotel céntrico a precio módico
4472,gran hotel que era más como un 4 estrellas
4473,¡Lo recomiendo encarecidamente y definitivamente me quedaré allí de nuevo!
4474,bastante bonito.
4475,excepcional
4476,excepcional
4478,una ubicación perfecta para una escapada a la ciudad de Balencia con 2 niños
4479,excelente ubicación!
4480,un fabuloso hotel en el corazón de valencia
4481,"Impresionante ubicación, excelente personal, servicial y amable."
4482,excepcional
4484,Increíble estancia en un hotel muy equipado y perfectamente ubicado.
4487,el mejor lugar para moverse por valencia
4489,excepcional
4490,"Estancia muy agradable, me alojaría aquí de nuevo, muy cerca de restaurantes, tiendas, etc. Definitivamente al menos un 3 estrellas."
4491,Realmente no puedo pedir más de un hotel en el centro de la ciudad.
4495,excepcional
4496,"Excelente ubicación, personal amable y educado, la habitación estaba limpia y tenía todo lo necesario. Sin duda me alojaría de nuevo!"
4498,excepcional
4499,ubicación perfecta
4500,Lo recomendaría y 100 me alojaría de nuevo.
4502,¡lo más divertido!
4503,hermoso.
4504,excelente
4505,"excelente ubicación, gran hotel."
4506,estancia increíble
4507,una joya en la ciudad.
4508,Hotel moderno extremadamente limpio con personal amable y servicial ¡ubicación increíble! Definitivamente me quedaría de nuevo! que
4509,"Me encantó alojarme aquí en Valencia, muy cerca de todo y no reservaría en ningún otro lugar si volviera a Valencia."
4510,un hotel bellamente elegante en la bulliciosa valencia
4511,Tuvimos una estancia estupenda y realmente disfrutamos de la zona.
4512,excelente hotel
4513,excepcional
4514,muy recomendado
4515,excepcional
4516,Precioso hotel en una hermosa y céntrica ubicación.
4517,bonita
4518,Este hotel debería tener una calificación más alta.
4519,muy cerca de la estación de tren y excelente ubicación
4520,una estancia encantadora rodeada de una arquitectura gloriosa
4521,"La habitación estaba lista a la llegada a las 10.30, lo cual fue una ventaja."
4523,Realmente disfrutamos de nuestra estancia y definitivamente volveremos.
4524,gran hotel para quedarse
4525,"Un par de días fantásticos en Valencia, un clima extremadamente caluroso, pero disfrutamos mucho de nuestra visita."
4526,mejor ubicación
4528,"excelente estancia, 2 habitaciones una doble y una doble"
4529,¡¡impresionante!!
4530,"excelente ubicación, cuesta cada centavo de hotel"
4531,Se lo recomendaría a cualquiera. ¡No dudaría en volver a reservar!
4532,una verdadera joya en una ubicación fabulosa
4533,¡asombroso! lo recomendaría altamente
4534,muy comodo tranquilo
4535,100 satisfechos estancia centro de valencia
4536,excelente ubicación y personal agradable
4537,excepcional
4538,ubicación perfecta en valencia!
4539,excepcional
4540,excelente
4541,Esperamos volver a alojarnos allí.
4542,Gran estancia en el corazón de una ciudad fantástica. Definitivamente visitaré valencia nuevamente.
4543,el mejor lugar para alojarse en valencia
4544,un hotel perfecto!
4545,muy recomendable
4546,Ubicación perfecta y una habitación con suficientes instalaciones.
4547,hermosa valencia
4548,Lo recomendaría altamente.
4550,Excelente ubicación y personal excelente y amable. El hotel estaba bien gestionado.
4552,"Aunque no teníamos aire acondicionado, me quedaría y volvería."
4554,excelente para un breve descanso en el centro histórico
4555,"personal amable y servicial y fácil acceso a pie a muchas atracciones, tiendas y restaurantes"
4556,¡excelente!
4557,Gran lugar para alojarse en una hermosa ciudad.
4560,hotel perfecto en todos los sentidos en una hermosa ciudad
4561,"gran lugar, gran valor"
4562,simplemente perfecto
4563,Muy buen hotel en excelente ubicación en Valencia.
4564,maravilloso
4565,"Excelente ubicación, personal encantador, buen desayuno."
4566,"Muy contento con todo y lo recomendaré, feliz de volver."
4567,"Buen hotel, excelente ubicación y limpieza de la habitación excelente."
4568,fabuloso
4569,Ubicación central fabulosa.
4570,"excelente ubicación para hacer turismo, hacer turismo y comer"
4571,excepcional
4572,"personal amable, muy limpio y muy buena ubicación"
4573,excepcional
4574,maravillosa ciudad
4575,excelente !
4576,valencia tiene todo lo que necesitas para unas estupendas vacaciones.
4577,"Bonita propiedad, cerca de sitios interesantes y buena relación calidad-precio."
4578,la ubicación y el personal son de primera categoría
4579,"fabuloso, nos alojaríamos aquí de nuevo. gran valor."
4580,"Lo recomendaría altamente, excelente relación calidad-precio."
4581,Disfrutamos muchísimo de nuestra estancia en este encantador hotel.
4582,la mejor ubicación justo en el casco antiguo: habitaciones silenciosas
4583,excepcional
4584,"excelente ubicación, mucho para mirar afuera"
4585,excepcional
4587,una buena opción para experimentar valencia
4588,"Gran ciudad, buena relación calidad-precio en comparación con otras ciudades y fácil de navegar."
4589,breve descanso
4590,excepcional
4591,excepcional
4593,excepcional
4594,¡Gran valor lo recomendaría altamente!
4595,un regalo especial para mi bebe
4596,hotel confortable en una excelente ubicación en valencia. Definitivamente lo recomendaría para una escapada corta a la ciudad.
4599,lindo
4600,"gran hotel, excelente ubicación"
4601,excelente
4602,bonito hotel en excelente ubicación
4605,Excelente ubicación para explorar la ciudad!
4606,"tranquilo, cómodo y amigable"
4607,excepcional
4608,debería haberse quedado más tiempo.
4609,la ubicación del hotel era fabulosa.
4610,Este hotel fue fantástico para hacer turismo.
4612,estancia fantástica volveremos
4614,excepcional
4615,excepcional
4616,alojamiento maravilloso
4617,gran lugar para quedarse.
4618,excepcional
4620,"excelente ubicación, súper limpio y cómodo"
4621,"gran hotel, personal amable y ubicación fantástica"
4622,perfecto
4623,Ubicación con una excelente relación calidad-precio para un viaje a la ciudad de Valencia.
4624,"Una excelente estancia de 3 noches en una ubicación central. Caminé a todas partes, a los principales lugares de interés."
4625,"excelente ubicación, gran ciudad"
4626,excepcional
4628,estancia de placer en el hotel.
4629,hotel perfecto para valencia
4630,gran escapada a la ciudad en una excelente ubicación
4632,Estancia muy agradable pero me siento decepcionado por el robo.
4633,¡fabuloso!
4634,lugar perfecto para alojarse en valencia. Ubicado en el centro y tiene todo lo que necesitas a un excelente precio. si tuviera un pequeño ex
4635,Fantástica estancia en un hotel céntrico.
4636,viaje de muchachos.
4637,un lugar fabuloso para alojarse justo en el corazón de la ciudad con fácil acceso a todo
4638,excepcional
4639,excepcional
4642,excelente ubicación. una habitación un poco anticuada pero cómoda
4643,"centro de la ciudad, estilo clásico, buen precio, casillero para maletas, hora de salida a las 12:30."
4644,una escapada perfecta a la ciudad
4645,excelente ubicación
4648,para ocasión especial
4651,"Buena estancia, pero la factura es confusa ya que el importe es diferente del total cuando se reserva en booking.com"
4652,"Desearía tener más tiempo para explorar la ciudad y tomarla. ventaja de la ubicación del hotel,"
4653,volvería a reservar
4654,"Excelente ubicación, muy céntrico y excelentes vistas desde el balcón."
4657,"buena ubicación, decente"
4659,hotel muy limpio y bien ubicado
4661,bueno como se esperaba
4663,hotel céntrico con habitación limpia
4665,un hotel encantador en el centro de valencia.
4666,Un pequeño y encantador hotel en el centro de la ciudad con vistas a una maravillosa fuente.
4667,excepcional
4668,"habitación cómoda, el personal del hotel fue excelente, la ubicación era perfecta"
4669,"encantadora parada de un día en valencia, ciudad con un ambiente cálido"
4670,"excelente ubicación, buena relación calidad-precio"
4672,"3 grandes noches 4 días. valencia es un maravilloso bioparque urbano, oceanógrafo, viaje en autobús descapotable, genial"
4673,regresará
4675,excepcional
4676,ubicación conveniente
4677,agradable estancia confortable
4678,excelente ubicación y hotel limpio
4679,"En general, fue una estancia corta muy agradable por motivos de trabajo. Definitivamente me quedaría aquí de nuevo."
4681,excepcional
4682,muy recomendable para un viaje a la ciudad
4683,excelente ubicación para ver la ciudad
4684,Espero volver a Valencia y elegiré el mismo hotel.
4685,hotel muy bonito con ubicación perfecta
4686,excelente ubicación
4687,lugar perfecto como base para hacer turismo
4688,"El hotel está en una ubicación excelente, cerca del casco antiguo y de los principales lugares de interés."
4690,excelente ubicación para un viaje a la ciudad
4691,Hotel en excelente ubicación con habitación y baño de buen tamaño.
4692,excelente ubicación y personal!
4693,"Nuestra estancia fue agradable en general, aunque encontramos algunos inconvenientes menores en el camino."
4694,gran lugar en el casco antiguo
4695,"buena estancia por precio, excelente ubicación"
4696,magnífico
4697,recomendar; ¡Me encantaría quedarme otra vez!
4699,un hotel con encanto en la mejor ubicación.
4700,excelente
4701,Gran hotel en la mejor ubicación de Valencia y por lo tanto bastante caro.
4702,bien
4705,el personal fue muy amable y cortés. explica bien las cosas en ingles.
4710,excelente ubicación!
4713,"hotel encantador. Teníamos una habitación con balcón y vistas a la plaza, lo cual era excelente, pero la habitación podía ser muy cálida incluso con aire acondicionado."
4714,"Ubicación excelente, habitaciones muy pequeñas pero, en general, es un buen lugar para alojarse en Valencia."
4715,Probablemente me alojaría aquí de nuevo si no hubiera nada más disponible en la misma zona.
4716,buen hotel en excelente ubicación
4718,Excelente lugar para una breve escapada urbana.
4719,Gran vista desde el balcón y tuve una estancia agradable.
4721,"Excelente ubicación, gran desayuno y súper limpio."
4728,cumplió con nuestras necesidades y expectativas.
4729,estancia perfecta en el centro
4733,excelente ubicación y personal amable
4734,excelente ubicación. buen valor.
4735,Está bien para estancias cortas y ubicación si quieres estar en el corazón de las cosas.
4737,El hotel está bien situado para una primera visita a Valencia.
4738,una excelente ubicación a buen precio con un personal servicial y amable
4739,fantástica ubicación
4741,"ocupado y vibrante con mucho que hacer, sentimos que quedaba mucho por ver y hacer después de 3 noches en"
4742,muy recomendable
4743,fantástico
4749,excepcional
4750,¡sorpresa grata!
4751,Hotel muy bonito con ubicación perfecta.
4752,¡En conjunto una buena relación calidad-precio y una excelente ubicación!
4753,"excelente ubicación, muy buena relación calidad-precio"
4754,excelente ubicación
4756,gran lugar para alojarse en valencia
4761,"Hotel fantástico, limpio y acogedor, ubicación central ideal para explorar Valencia."
4763,gran valor por la ubicación.
4764,elección de dios para una visita corta en valencia
4766,"Hermoso hotel cerca del casco antiguo, personal amable y excelente desayuno."
4767,excelente ubicación y personal amable
4768,buen hotel por el precio
4770,ningún problema
4772,buena ubicación
4774,Excelente ubicación con margen de mejora.
4775,estancia fantástica en una ubicación increíble!
4776,Bonito hotel por no mucho dinero en el corazón de Valencia.
4778,Excelente ubicación y buena relación calidad-precio.
4779,encantadora estancia en valencia
4780,"Tenía una buena relación calidad-precio, con una ubicación perfecta y un desayuno muy bueno."
4781,¡la mejor ubicación y vista!
4783,excepcional
4784,estancia realmente agradable.
4786,Ubicación perfecta. Me alojaría aquí de nuevo en futuras visitas.
4787,"Excelente ubicación, personal amable en el check-in, comodidades funcionales en la habitación."
4788,excepcional
4789,excelente ubicación para una escapada a la ciudad
4790,buen hotel en el centro de la ciudad
4792,estancia perfecta en una excelente ubicación
4793,bien
4794,En general muy satisfecho con este hotel. El personal fue muy agradable y servicial.
4795,"hotel confortable con personal amable, en una excelente ubicación"
4796,excelente ubicación y personal agradable
4797,muy satisfecho con el hotel. Lo recomendaría.
4798,excelente ubicación
4799,muy agradable
4800,una buena estancia
4803,"Excelente ubicación, limpio y amigable. perfecto para una escapada a la ciudad."
4804,excelente ubicación y servicio. verdadera relación calidad-precio
4805,Ubicación perfecta. buenas instalaciones personal amable
4806,gran momento en valencia
4807,Bonito hotel en buena ubicación para recorrer la ciudad. ¡Si viaja en coche no es fácil de encontrar!
4808,salto de la ciudad de chas gill
4813,personal excelente y muy amable
4814,ubicación perfecta
4816,impresionante habitación y vista
4817,fue una estancia agradable
4820,"Excelente ubicación, pero con algunas desventajas notables."
4822,La próxima vez volveré a alojarme en este hotel con un gran placer.
4824,excelente ubicación
4828,"Excelente ubicación, habitaciones limpias y personal amable. Venecia Plaza Centro hizo que nuestro viaje a Valencia fuera perfecto."
4829,excelente ubicación
4830,Nos encantó nuestra estancia y nos alojaríamos allí de nuevo.
4833,Preciosa introducción a Valencia.
4834,Buen local pero no vale la pena el precio pagado.
4835,"La ubicación era central, el hotel estaba bastante limpio en general y el personal era amable. pero antes de hacer una reserva b"
4836,"bonita propiedad, mal servicio"
4837,bastante comodo y buen precio
4838,"Buen hotel, pero el check-in fue decepcionante."
4839,BIEN
4841,habitación de hotel de corta estancia en excelente ubicación en la plaza
4842,sala de celda de prisión
4843,ubicación perfecta en la ciudad
4844,BIEN
4845,BIEN
4846,El hotel se adaptaba perfectamente a mis necesidades y un excelente desayuno.
4847,brillante escapada a la ciudad con la familia
4848,no es la mejor opción
4849,pequeño pero bueno
4850,Para un hotel de 2 estrellas ofrece una buena relación calidad-precio y está idealmente situado en el centro de la ciudad.
4851,"Buena ubicación, pero el hotel tenía algunas cosas que necesitaban atención."
4852,"Excelente ubicación, habitaciones limpias pero camas incómodas."
4853,Está bien para un par de noches debido a su excelente ubicación.
4854,Bonito hotel con personal agradable. habitación muy pequeña.
4855,genial aparte de la falta de balcón
4856,"estancia agradable en valencia, con una ubicación céntrica y excelentes vistas."
4857,"Se necesitan mejoras en el servicio al cliente, especialmente para adaptarse a situaciones únicas."
4858,Excelente ubicación para una estancia corta.
4859,"bonito y limpio, ubicación perfecta"
4860,BIEN
4861,la ubicación es inmejorable.
4862,"excelente ubicación, hotel encantador con un buen desayuno disponible"
4863,"decepcionado, el personal no fue tan amable"
4864,BIEN
4866,pequeño gran hotel.
4867,"Está bien, excepto la situación del desayuno."
4868,"Muy buena ubicación, habitación pequeña, pero muy limpia."
4869,BIEN
4870,buen hotel en excelente ubicación
4873,BIEN
4874,BIEN
4875,y se preguntan por qué la gente reserva apartamentos
4876,"Buen precio por la ubicación, a poca distancia de todas las zonas principales."
4877,BIEN
4878,buena ubicación pero demasiado caro para lo que ofrece
4879,corto pero bonito
4880,aceptable
4881,dias felices
4882,buena ubicación
4884,bien.
4885,"excelente ubicación, buen desayuno."
4886,BIEN
4887,BIEN
4888,valencia una hermosa escapada a la ciudad pero arruinada por la falta de empatía.
4890,Excelente ubicación pero obtienes lo que pagas con instalaciones.
4891,BIEN
4892,ok si lo necesitas también
4893,funcional
4894,"Está ubicado en el centro, pero es una gran molestia llegar sin estacionamiento y tuvimos que esperar 10 minutos para el ascensor."
4895,La ubicación es excelente. La habitación que nos asignaron no tenía ventana para mirar afuera. Estaba oscuro.
4896,"Bien, pero las expectativas no fueron satisfactorias."
4897,BIEN
4898,Sólo por una noche pero muy buena ubicación y la habitación.
4899,BIEN
4901,excelente ubicación con personal agradable. El hotel debería mostrar fotografías de todos los tipos de habitaciones. Reservé el tipo económico que por definición
4902,BIEN
4903,La estancia cumplió nuestro propósito.
4904,"Después de nuestro decepcionante check-in, todo fue excelente."
4905,"Las dos recepcionistas me parecieron bastante groseras y definitivamente poco acogedoras. Cuando hicimos el check out, el recepcionista masculino estaba"
4906,"Muy malos modales en recepción, no recomendable."
4907,Bonito hotel en el centro de la ciudad.
4908,BIEN
4909,breve escapada en valencia.
4910,Hotel semimoderno de bajo nivel y baja calidad.
4911,BIEN
4912,horrible olor a detergente en la habitación; ubicación perfecta
4913,"Ubicación increíble, aunque nuestra habitación se sentía un poco oscura y estrecha."
4914,BIEN
4915,nada especial
4916,BIEN
4917,"Buen hotel, el servicio debería mejorar."
4918,Estoy feliz por mi estadía
4919,ubicación central
4920,BIEN
4921,"Excelente ubicación cerca de todos los sitios. hotel muy básico. habitaciones pequeñas y muy básicas, me quedaría para una estancia muy corta en"
4922,Ten cuidado con lo que miras y lo que obtienes.
4924,¡La ubicación era genial! El hotel era básico y no había comodidad. ¡Los ascensores eran terribles!
4925,BIEN
4926,La peor estancia de mi vida. nunca empezará de nuevo. Nunca debería recomendar esto a buenos viajeros.
4927,buen valor pero definitivamente no de alta calidad
4928,BIEN
4929,aceptable
4930,OK
4931,gran recepcionista
4932,Excelente ubicación pero ruidosa e incómoda.
4934,"La ubicación es excelente, pero probablemente puedas encontrar un lugar mejor para hospedarte en esta parte de la ciudad."
4935,Las habitaciones muy pequeñas no reservan una habitación interna sin vistas porque es demasiado cara y oscura.
4937,excepcional
4938,maravilloso hotel!!! ¡Lo haría y espero quedarme otra vez!
4939,maravillosa habitación con vistas en una excelente ubicación
4941,"¡clase! gran equipo, excelente ubicación, buena relación calidad-precio"
4942,aceptable
4943,BIEN
4944,agradable
4945,excepcional
4946,excelente
4948,perfecto para un viaje a la ciudad y cerca de todos los puntos destacados
4949,excepcional
4950,excepcional
4951,excepcional
4953,para recomendar.
4954,¡recomendado!
4955,Fantástico
4957,excepcional
4958,muy bien
4959,"Ubicación muy central, excelente hotel."
4960,excepcional
4961,excepcional
4963,Precioso hotel en una ubicación fantástica.
4964,excelente hotel en una buena ubicación central
4965,super centrico con vista a la plaza principal
4966,estancia maravillosa!
4967,excepcional
4969,hermosa estancia en esta propiedad
4970,excepcional
4972,excepcional
4974,excepcional
4975,"Tuve una estancia maravillosa, muy recomendable."
4976,excepcional
4977,"Excelente hotel, ubicación muy céntrica cerca de todos los servicios de transporte, comercios, restaurantes y bares."
4978,¡arriba!
4979,Hermoso
4980,hermoso alojamiento en una ubicación muy central
4981,excepcional
4983,gran hotel en una excelente ubicación
4984,"Habitaciones cómodas, sumamente limpias, tranquilas, zonas comunes bien distribuidas, servicios 4-5 estrellas. definitivamente uno"
4985,muy recomendado
4986,excepcional
4987,"Excelente ubicación, personal amable y muy capacitado, definitivamente regresaré."
4988,excepcional
4989,mucho más allá de las expectativas
4991,excelente ubicación para cualquier atracción
4992,excelente precio calidad no esperaba un hotel tan lindo por lo que pagué
4993,excepcional
4994,excepcional
4995,gran estancia
4997,Hermoso
4998,excelente hotel en una ubicación perfecta!
5000,mujeres muthi
5002,estancia excepcional
5003,excepcional
5005,excepcional
5007,fabuloso
5008,"¡Perfecto, más allá de las expectativas!"
5010,"A pesar del mal tiempo, una estancia agradable."
5011,gran estancia en valencia
5012,"hermoso hotel, gran calidad."
5013,"impresión general buena; Excelente ubicación, limpio y muy buen servicio."
5014,excepcional
5015,agradable
5016,"Nos lo pasamos genial, realmente no podríamos pedir nada mejor."
5017,excepcional
5018,buen hotel buen precio y excelente ubicación
5019,Hotelli me gustó mucho. Lo recomiendo.
5020,inolvidable
5021,recomendar
5022,excepcional
5023,muy buena estancia agradable y confortable
5024,excepcional
5025,excepcional
5026,"servicio, localiza la relación calidad-precio del alojamiento"
5028,¡Valencia es magnífica! hotel venezia plaza ubicación excepcional!
5029,excepcional
5030,excepcional
5031,¡fantástico!
5032,excepcional
5033,excepcional
5034,súper
5035,"Hotel con ambiente, sabroso desayuno."
5036,excepcional
5037,"Hotel urbano, muy cómodo y mejor ubicación."
5038,excepcional
5039,excepcional
5040,maravilloso en todos los sentidos
5043,valencia relax y belleza
5045,Excelente ubicación y muy buena reputación. calidad precio
5046,excepcional
5047,"Nos lo pasamos muy bien, ubicación excepcional y hotel, no 2 estrellas."
5048,¿Quién leerá la reseña con más sinceridad?
5049,"El hotel causará una muy buena impresión desde la entrada. El vestíbulo se ve bien, el hotel tiene 3 ascensores, así que no lo necesitas."
5050,"La mejor ubicación, personal profesional y limpieza de las habitaciones."
5051,excepcional
5053,excepcional
5054,excepcional
5055,excelente estructura
5056,muy bien
5057,"Hermosa estructura, excelente ubicación y muy limpio."
5058,"maravilloso, repítelo!"
5059,excepcional
5062,excepcional
5063,superó mis expectativas
5064,Fantástico
5065,gran estancia en valencia
5066,gran vista
5067,quedarse en valencia
5068,una estancia muy agradable. hotel digno de recomendar
5069,"Todo perfecto, días soleados. ¡Lo recomiendo mucho!"
5070,muy recomendado
5071,¡Perfecto!
5072,excelente elección
5073,excepcional
5074,excepcional
5075,"ubicación, comodidad, limpieza."
5076,ubicación superior
5077,excepcional
5078,fin de semana
5079,excelente estancia
5080,excepcional
5081,¡Fue muy agradable y estoy deseando volver a visitarlo!
5082,excepcional
5083,excelente
5084,excepcional
5085,agradable y satisfactorio
5086,excepcional
5087,excepcional
5088,Perfecto
5089,excepcional
5092,Yo mismo vengo del sector hotelero y podemos recomendar encarecidamente la casa.
5093,excepcional
5094,excepcional
5095,excepcional
5096,excepcional
5097,Se puede sostener sin pensar.
5098,excepcional
5099,Sólo estuve una noche en el hotel. Me encantó la ubicación y la posibilidad de dejar las maletas en
5100,excepcional
5101,excepcional
5103,gran estancia nada de qué quejarse
5104,hotel muy recomendado
5107,excelente ubicación - gran habitación con balcón
5108,gran hotel en la mejor ubicación
5110,Un hotel excelente con un gran desayuno en una ubicación perfecta para visitar Valencia.
5111,excepcional
5112,excepcional
5113,¡maravilloso!
5115,tres tres bien
5116,"¡Un hotel para sentirse bien en una ubicación privilegiada, fantásticamente tranquila!"
5117,¡¡¡¡¡¡¡¡¡¡¡¡¡¡Fantástico!!!!!!!!!!!!!!
5118,justo en el centro a poca distancia de todo
5119,cuatro días espléndidos
5120,"estancia maravillosa, el personal nos recibió con amabilidad y preocupación"
5121,buenas vacaciones en valencia
5122,"agradable y fácil y justo enfrente de la oficina, ¡tan perfecto!"
5123,Perfecto
5124,excepcional
5125,¡por encima de las expectativas!
5126,excepcional
5128,"!             .                                   - .              ,"
5129,hotel perfecto en una ubicación privilegiada estrella
5130,experiencia extraordinaria
5131,excepcional
5132,perfecto para unas vacaciones en la ciudad. excelente ubicación
5133,buena ubicación para una visita corta
5135,maravillosa estancia con la familia en el centro
5137,"Hotel céntrico, perfecto para un viaje a Valencia."
5138,bonito hotel en el centro.
5139,excepcional
5140,conveniente y confortable
5142,excepcional
5143,excepcional
5144,excepcional
5145,Fantástico
5146,arriba !
5149,Por lo demás quedamos muy satisfechos y ¡volveríamos!
5150,"todo perfecto, recomendado!"
5151,No podría haber elegido mejor.
5152,excepcional
5153,excelente hotel. Excelente ubicación y habitaciones grandes y limpias.
5154,excepcional
5155,excepcional
5156,Excelentes días de Nochevieja en un hermoso lugar con ventanales al corazón histórico y actual de Valencia...
5157,personal amable y buena ubicación
5158,excepcional
5159,Excelentes servicios hoteleros y estructura superior a las 2 estrellas declaradas.
5161,excepcional
5163,Todo bien
5164,estancia perfecta
5166,Hermoso.
5167,estupendo. muy recomendado
5168,excepcional
5169,excepcional
5170,"un hotel muy céntrico, hermoso"
5171,excepcional
5173,válido para repetir
5174,excepcional
5175,excepcional
5176,excepcional
5177,excepcional
5180,excepcional
5181,fin de año en valencia
5182,dos estrellas son muy pocas
5183,corto pero intenso
5184,excepcional
5185,excepcional
5186,Ubicación muy céntrica y al mismo tiempo tranquila. excelente relación precio-rendimiento.
5187,Ampliamos nuestra estancia en este hotel porque la relación calidad-precio era muy buena.
5188,estancia cómoda pulgar hacia arriba
5189,hotel más allá de las expectativas
5190,excelente ubicación y personal agradable
5191,excepcional
5192,maravilloso hotel
5193,excepcional
5194,excelente.
5195,excepcional
5197,excepcional
5198,perfecto
5199,un sueño para revivir
5200,maravilloso
5201,estancia perfecta y cómoda para todo
5202,excepcional
5203,vale la pena repetirlo.
5205,excepcional
5207,excepcional
5208,muy agradable querida con las manos abrazadas
5209,el mejor hotel de todos los tiempos
5210,todo perfecto!
5211,excepcional
5212,¡Perfecto!
5213,¡la estancia perfecta en valencia!
5214,"personal extremadamente servicial, estructura muy limpia y cómoda, ubicación estratégica"
5215,"Gran hotel, excelente ubicación, muy bien decorado y muy limpio."
5216,Habitaciones de hotel en una hermosa ubicación.
5217,excepcional
5218,excepcional
5219,excepcional
5220,¡Fantástico!
5221,vacaciones especiales
5222,"Nos alojamos en este hotel por dos noches y lo pasamos genial. la ubicación es muy céntrica, en plaza d"
5223,excepcional
5224,estupendo
5225,magnífica estancia
5226,gran estancia
5227,excepcional
5228,súper hotel
5229,excepcional
5230,excepcional
5232,excepcional
5233,excelente ubicación
5236,excepcional
5237,muy buen hotel
5238,excepcional
5239,Hotel céntrico con buenas instalaciones y servicio amable. ¡Con mucho gusto otra vez!
5240,excelente
5241,excelente
5243,gran hotel con excelente ubicación
5244,excepcional
5245,hotel en el centro
5246,excepcional
5247,Me gustó mucho Valencia fue una agradable sorpresa.
5248,excepcional
5249,"Valencia es absolutamente preciosa. Aunque el hotel está catalogado como 2 estrellas, le daría al menos 4. La ubicación es"
5251,3 días en Valencia llenos de diversión y buena comida. Nos alojamos en el hotel venecia que recomiendo.
5252,excelente op en valencia
5254,"en una excelente ubicación para peatones, con buen desayuno, habitación limpia."
5257,experiencia verdaderamente especial. esperamos volver
5258,excepcional
5259,¡divertirse!
5261,excepcional
5262,¡Ya reservé para regresar a esta propiedad en dos semanas!
5263,excepcional
5264,"Nos lo pasamos muy bien, quién sabe tal vez volvamos en el futuro."
5265,4 amigos descubriendo Valencia
5266,mejor hotel en la mejor ciudad
5267,¡La estancia fue genial!
5268,perfecta
5269,hotel muy bien situado en el casco antiguo y cerca de todo
5270,estancia excepcional situada en el centro
5271,excepcional
5272,Un hotel céntrico y limpio. preferible
5273,excepcional
5275,
5278,muhte en el hotel
5279,Óptimo
5280,Recuerdo mi estancia con mucho cariño.
5281,excepcional
5282,excepcional
5283,estancia agradable
5284,ubicación fantástica y camas maravillosas
5285,dos noches en valencia
5286,"Limpio, cómodo y muy céntrico."
5287,excepcional
5288,hotel muy céntrico
5289,excepcional
5290,precio - calidad fantástica si la cama fuera mejor 100 puntos
5291,estancia perfecta en valencia
5292,"excelente hotel. todo perfecto desde la belleza de la estructura, comodidad, limpieza y ubicación."
5293,excepcional
5294,Volveré en cualquier momento.
5295,perfecto para un viaje corto a la ciudad
5296,gran alojamiento para mi viaje corto
5299,Fantástico
5300,encantador lugar justo en el centro
5302,"buena ubicación, limpio, todo salió muy bien"
5303,excepcional
5304,¡El hotel es ideal para un viaje a la ciudad de Valencia!
5305,excepcional
5307,excepcional
5308,excepcional
5309,excelente hotel
5310,10 10
5311,gran viaje a la ciudad
5312,excepcional
5313,excelente hotel valencia siempre hermoso.
5314,excepcional
5315,mucho mejor de lo que pensaba
5316,Fantástica estancia en un hotel muy agradable.
5317,estancia perfecta
5318,excepcional
5319,¡Lo mejor localiza lo imposible!
5320,"No os dejéis engañar por las dos estrellas, vale más."
5321,hotel perfecto para experimentar la ciudad
5323,"excelente estancia, muy recomendable"
5324,
5325,excepcional
5326,Valencia es hermosa y este hotel ayudó a que fuera maravillosa.
5327,todo fantástico! Hotel súper céntrico apto para familias que quieran pasar un fin de semana en Valencia
5328,Perfecto
5332,excepcional
5333,maravilloso hotel en una ubicación central con un personal educado.
5334,excepcional
5335,muy satisfactorio
5336,hotel perfecto para visitar valencia
5337,¡joya!
5339,estancia agradable
5340,excepcional
5341,simplemente perfecto
5343,excepcional
5344,una escapada urbana muy exitosa
5345,excepcional
5346,súper
5347,"gran hotel, céntrico"
5348,Excelente ubicación justo en el corazón de Valencia. AMPLIO Y HERMOSO LIVING CON SALIDA A LA PLAZA DE LA CASA!!! todo estuvo bien
5349,hotel muy céntrico
5350,todo excelente
5351,sentirse como en casa en una ciudad desconocida cara sonriendo con corazones
5352,ideal
5353,excelente
5354,impresionante
5355,Bonito hotel en el corazón de Valencia.
5356,comodidad y calidad en valencia
5357,buen hotel en una buena ubicación
5358,sorprendente.
5359,excepcional
5360,Magnífico .....
5362,mejor hotel en la mejor ubicación
5364,precio calidad excelente
5365,muy buena estancia.
5367,excepcional
5368,excepcional
5369,excelente estancia
5370,¡perfecto!
5371,Super hotel en medio de una ciudad bulliciosa.
5372,El hotel está muy céntrico con respecto a todas las atracciones.
5373,Está bien
5374,excepcional
5375,excelente
5377,vaya genial!
5378,excepcional
5379,¿Me quedaría de nuevo?
5381,"Ubicación excepcional, habitaciones sencillas pero limpias, personal muy amable."
5382,excepcional
5383,excepcional
5384,¡Como sentirte como en casa! hermosa y acogedora estructura!
5386,gracias a todos los chicos de la recepción! muy amable!
5387,estancia fantástica en un gran lugar.
5388,recomendado. Definitivamente regresaría.
5389,¡¡excelente!!
5391,súper céntrico y definitivamente recomendado!
5392,
5394,excepcional
5395,estancia muy agradable
5397,excepcional
5398,¡arriba!
5399,¡Perfecto!
5400,"más allá de las expectativas, estancia perfecta"
5401,excelente
5402,excepcional
5403,"Muy agradable, volveré a este hotel."
5404,estancia muy agradable en una ciudad magnífica
5405,excepcional
5406,Bonito hotel con una ubicación perfecta!
5407,cumplió con las expectativas.
5408,el mejor
5409,arriba
5410,"Ubicación perfecta, gran habitación en el lugar que vale la pena."
5412,excepcional
5413,"Ubicación muy central, excelente limpieza y personal servicial."
5414,absolutamente recomendado
5415,súper
5416,sorpresa grata
5417,hotel por encima de las expectativas
5418,gran base para explorar Valencia
5419,perfecto
5420,"Precioso hotel, muy recomendable."
5422,En el
5424,muy bueno aun asi. buena calidad precio
5425,buena ubicación. habitación ordenada
5426,¡Gran hotel en una excelente ubicación con un excelente desayuno!
5427,habitación ordenada y limpia
5428,Hotel céntrico y bonito.
5429,excepcional
5430,aconsejado
5431,excepcional
5432,muy lindo
5433,excepcional
5434,excepcional
5437,gran hotel con una excelente ubicación
5438,excepcional
5439,"cómodo, céntrico y moderno"
5440,estancia excepcional en un entorno de lujo
5442,¡Se lo recomiendo a todos!
5443,"Nos sorprendió, es mucho más que un 2 estrellas."
5444,comodidad y ubicación excepcionales
5447,Perfecto
5448,excepcional
5450,excepcional
5451,"Hermosas vacaciones, Valencia es una ciudad maravillosa."
5452,lugar ideal para alojarse en valencia
5453,excepcional
5455,"Fue una estancia relajante, cultural pero también culinaria y divertida con mi familia."
5458,"muy buena estancia, lo recomiendo!"
5459,excepcional
5460,básico
5462,para hacerlo de nuevo otro día
5463,excepcional
5466,excelente
5467,oltre le mie aspettative cara feliz con ojos sonrientes
5468,perfección
5469,excelente estancia
5470,excepcional
5471,4 días en valencia
5472,"hotel en el centro, super comodo"
5473,"Todo perfecto, desde la ubicación, hasta la habitación y el desayuno. Volveré y definitivamente lo recomendaré a cualquiera."
5474,gracias a todo el equipo del hotel. y los restaurantes sugeridos son de muy buena calidad.
5475,excepcional
5476,excepcional
5477,excepcional
5478,excepcional
5479,"¡Gran hallazgo en el centro de Valencia! excelente personal, limpieza, servicios!"
5480,el mejor
5481,excelente experiencia
5483,realmente recomendado!
5484,excepcional
5485,Muy bonito hotel en el centro de Valencia.
5486,Creo que no se puede pedir nada mejor a este precio.
5487,todo perfecto
5488,excepcional
5489,"estancia fantástica, definitivamente vale la pena."
5490,Recomiendo este hotel
5491,Maravillosas vacaciones en una ubicación privilegiada para explorar la ciudad y el personal está al tanto de todo.
5492,maravilloso
5494,excepcional
5495,excepcional
5497,¡Excelente ubicación y por un buen precio!
5498,excepcional
5499,excepcional
5500,gran estancia para descubrir la ciudad
5501,"Todo fue muy bonito, hotel en el centro, personal amable y capacitado, habitación espaciosa y limpia."
5503,excepcional
5504,excepcional
5506,un hotel fantástico para visitar valencia
5507,lo pasé muy bien
5508,"Hotel en una ubicación fantástica, personal amable, excelente desayuno a un precio asequible."
5509,excepcional
5510,un hotel de dos estrellas que vale mucho más..
5511,"Estuvo muy bien, faltaba la piscina."
5512,estancia inolvidable
5513,la ubicación perfecta de este hotel para explorar la ciudad de valencia
5514,Fantástico hotel tanto en términos de estética como de ubicación. Excelente habitación también y la vista era interna. La habitación era hermosa.
5515,"Gran semana en Valencia, este hotel es muy recomendable!"
5516,estancia agradable
5517,base perfecta para descubrir Valencia!
5519,alojamiento perfecto
5522,super hotel con buen desayuno en la ubicación perfecta
5523,estancia espectacular. muy recomendable!
5524,Valencia es fantástica y el Hotel Venecia ayuda a que así sea
5526,me sentí absolutamente cómodo
5527,excepcional
5528,"Ubicación muy céntrica, muy limpia y muy cómoda además la habitación con lockers para dejar tu equipaje en caso de necesidad."
5531,limpio y cómodo. enfriar.
5532,una maravilla!
5533,"Ubicación perfecta, desayuno de alta calidad y habitaciones bien cuidadas, bien amuebladas y limpias."
5536,excepcional
5537,Hotel en Venecia en el corazón de la ciudad.
5538,recomendado
5539,excelente
5540,excepcional
5541,excepcional
5542,excepcional
5543,excepcional
5544,Está bien
5545,"Excelente, se lo recomiendo a todos."
5547,perfecto y acogedor hotel urbano en Valencia
5548,Fue un gran viaje a la ciudad y puedo recomendar el hotel con la conciencia tranquila.
5549,estancia perfecta. Volvería a reservar la próxima vez.
5550,excepcional
5552,excepcional
5553,excepcional
5554,ideal para explorar el centro
5556,excepcional
5557,"ubicación, desayuno, cama, ducha todo es excelente"
5558,excepcional
5559,perfecto
5560,excepcional
5561,excepcional
5562,excelente
5563,excelente
5564,escapada de pareja a la ciudad.
5565,excepcional
5566,excelente lo recomiendo 100
5567,excepcional
5568,excepcional
5569,¡excelente!
5571,hotel super bonito y limpio en muy buena ubicación
5572,Alojamiento limpio y fresco en el centro de la ciudad con un personal amable y servicial. Lo recomendaré a otras personas.
5573,maravillosa estancia en el corazón de valencia
5574,grasias perfectas
5578,excepcional
5579,"Lo pasé muy bien en Valencia. El hotel es muy bonito, bonita habitación espaciosa y delicioso desayuno."
5581,genial para un viaje a la ciudad
5583,todo perfecto
5584,estupendo
5585,hotel muy bonito y muy limpio. personal extremadamente amable.
5586,"hotel ideal, casi perfecto de clase media"
5587,¡La estancia fue genial!
5588,excelente estancia
5589,.          - !
5590,vale más estrellas
5591,Tuvimos una estancia maravillosa!!!!
5592,excepcional
5593,excepcional
5594,mamá de vacaciones y su chica!
5595,excepcional
5596,¡No podríamos haber elegido un hotel mejor!
5598,excelente
5599,super hotel en una ubicación perfecta
5600,"Espectacular sala, habitación grande y tranquila en el 7mo piso, agua gratis en el pasillo."
5601,nosotros con 2 niños valencia centro
5602,fin de semana de padre e hija
5603,excepcional
5604,Bien
5605,excelente ubicación hotel limpio
5606,maravillosa estancia en Venecia Plaza Centro
5607,¡¡súper!!
5608,hermoso hotel en el corazón de la hermosa ciudad de valencia
5609,gran hotel
5610,excepcional
5611,Buen hotel tanto para uso privado como de negocios.
5613,"excelente hotel, aparte de los incómodos colchones y almohadas, excelente ubicación y personal amable"
5614,excepcional
5615,excepcional
5616,Está bien
5617,recomendar
5618,estancia agradable y confortable.
5619,estancia muy agradable a un precio asequible!
5620,excelente hotel muy bien ubicado y limpio
5621,"bien ubicado, gran servicio"
5622,excepcional
5624,hotel con una excelente ubicación.
5625,perfecto
5626,hermoso hotel en una hermosa ubicación. habitaciones muy limpias y cómodas. ¡¡¡recomendado!!!
5628,"valencia, una ciudad que te sorprende absolutamente."
5629,Hermoso y agradable hotel en una ubicación privilegiada.
5630,Hermoso
5631,excepcional
5632,Óptimo
5633,excepcional
5634,"perfecto, para cultura, playa, ideal para 3-5 días."
5635,Todo el confort en una excelente ubicación y buenos empleados.
5636,excelente estructura elegante
5638,excepcional
5639,experiencia increíble!
5642,Viajo con familiares y amigos.
5643,central y puedes llegar a todas partes
5644,excepcional
5646,muy satisfecho
5647,"Excelente ubicación, limpieza y muy buen servicio por parte del personal de recepción."
5648,estancia ideal en el centro de la ciudad
5649,El hotel está en una ubicación perfecta para explorar Valencia a pie.
5650,excepcional
5651,excelente hotel justo en el centro.
5652,hermoso hotel en excelente ubicación!
5653,estancia perfecta en valencia
5654,excepcional
5655,muy amable
5656,"genial, muy recomendable!"
5657,excepcional
5658,excepcional
5659,"todo estuvo bien. Realmente se puede recomendar, pero la próxima vez elegiré un hotel con un poco más de espacio."
5660,una curiosidad por que el hotel tiene 2 estrellas y no mas?
5661,vivir en el corazón de valencia
5662,fabuloso
5663,hermosa ciudad hotel perfecto
5664,excelente hotel.
5665,"Muy buen hotel, lo reservaré más a menudo."
5666,súper
5667,Definitivamente vendré aquí de nuevo.
5668,Nos sentimos muy cómodos aquí y definitivamente regresaremos.
5670,excepcional
5671,excepcional
5672,excepcional
5673,súper !
5675,¡perfecto! :
5676,excelente viaje
5677,excelente hotel
5678,"Estructura impecable, ideal para visitar Valencia!"
5680,directo al corazón de la ciudad
5682,excepcional
5683,ottimo hotel in plaza del ayuntamiento
5684,Disfrutamos de Valencia desde Venice Plaza.
5685,fantástico
5686,excepcional
5688,excelente hotel
5689,¡excelente! vale la pena repetir
5691,ubicación perfecta
5692,fin de semana con amigos
5693,excepcional
5695,excepcional
5697,una estancia muy agradable
5698,¡La ubicación no podría ser mejor! encantador hotel en el centro de la ciudad
5699,arriba
5700,Perfecto.
5701,Fantástico y muy recomendado para muchos.
5703,excelente.. muy recomendable cerca del centro.
5704,Hostal de 2 estrellas pero vale 4
5705,escapada a valencia
5707,hotel superior en una buena ubicación
5708,excepcional
5710,Hermoso
5712,¡perfecto!
5713,dentro de la ciudad histórica y con la comodidad de un gran hotel.
5715,Gran hotel en una ubicación perfecta.
5716,hotel asequible en el centro de valencia
5717,excelente ubicación para visitar la ciudad
5718,excelente estancia
5719,muy satisfecho
5720,excepcional
5721,bonito hotel y buena ubicación
5723,ubica y cordialidad
5724,"Hotel perfecto en el centro del casco antiguo, en la plaza central, a muy buen precio."
5725,absolutamente genial!
5726,excepcional
5727,estancia en el corazón de valencia
5728,Bonito hotel en una gran plaza.
5729,"centro tranquilo, a poca distancia de todas las atracciones"
5730,"un hotel comodo, bonito y acogedor"
5731,excelente
5732,"bonito hotel, buena ubicación!"
5733,excepcional
5734,excepcional
5735,¡Simplemente perfecto para un fin de semana!
5736,excelente estancia
5737,¡secuestros!
5738,estancia maravillosa
5741,hotel a un paso de todo
5742,Hotel de 2 estrellas con aire de 4 estrellas.
5743,excepcional
5744,personal y limpieza
5747,arriba
5748,¡aconsejado!
5749,hermosa estancia en valencia con mi hijo de 8 años
5752,excepcional
5753,solo puedo recomendarlo
5754,excepcional
5755,¡Gran ciudad pero amigable para los viajeros! tantas atracciones y tanto arte
5757,me encantó
5758,Preciosa casa modernista en pleno centro
5759,merece la tercera estrella!
5760,excelente hotel en la mejor ubicación
5761,Muy buen hotel y personal.
5762,excepcional
5764,excepcional
5765,el hotel perfecto para un viaje a la ciudad
5766,excelente ubicación del hotel
5767,arriba
5768,excelente en todo!
5769,muy recomendable!
5771,excepcional
5772,Excelente estancia en una ubicación privilegiada.
5773,habitaciones muy cómodas en un bonito hotel
5776,excepcional
5777,¡la solución perfecta!
5778,muy lindo!
5779,Maravilloso
5780,Fantástico
5781,excepcional
5782,"excelente hotel para visitar la ciudad, prácticamente todo a un máximo de 10-15 minutos a pie"
5783,excelente hotel
5785,excepcional
5789,un hotel de dos estrellas que realmente merece más
5790,"en el centro de Valencia, con excelente relación calidad-precio."
5791,excelente
5793,Hotel de 2 estrellas con calidad de 3 o más.
5794,excepcional
5795,excepcional
5796,arriba
5797,excelente
5798,Muy recomendable por ubicación y limpieza.
5799,todo bien!
5802,lo recomendaría
5803,fantástico hotel en una hermosa ubicación en la pl. del ayuntamiento
5804,bonito hotel en una ubicación fantástica
5805,"Excelente hotel, definitivamente recomendado."
5806,simplemente perfecto
5809,Recomendado: buena ubicación y muy limpio.
5810,súper recomendado
5811,excepcional
5812,excelente hotel muy bien ubicado.
5813,perfecto
5814,excepcional
5815,"excelente ubicación, muy amable, limpio, muy ruidoso"
5816,fantástico
5817,Hermoso
5818,momento emocionante e impresionante durante las pre-fallas
5819,muy buena ubicación
5820,¡Dos días fabulosos!
5821,Tuve una estancia fantástica.
5822,excepcional
5823,Óptimo
5824,maravillosa aventura
5825,excepcional
5827,el mejor hotel en una excelente ubicación
5828,apariencia lujosa en el corazón del centro
5829,"céntrico, lujoso y económico!"
5830,excepcional
5831,fantástico
5832,céntrico y moderno con una vista increíblemente linda.
5833,
5834,viaje a la ciudad
5835,"Excelente ubicación, limpieza impecable y muy buen desayuno."
5836,Gran hotel para una visita de fin de semana!
5838,dos palabras todo perfecto
5839,hermoso fin de semana
5840,excepcional
5841,excepcional
5842,Lo he visto porque no es frecuente en España. La próxima vez intentaré algo diferente.
5843,estancia excepcional!
5844,maravilloso hotel en el centro de valencia
5845,viaje a la ciudad después de unas largas vacaciones
5846,una estancia especial
5847,au ubicación excepcional en el centro.
5849,¡Todo lo que necesitas!
5850,excepcional
5851,excepcional
5852,Recomiendo el hotel a todo el mundo.
5853,¡excelente!
5854,excepcional
5856,arriba
5857,excepcional
5859,mucho más que un 2 estrellas
5861,enmarcar
5862,excepcional
5864,excepcional
5865,lo recomiendo
5867,todo está bien
5868,si vuelvo volveré aquí
5872,personal super limpio y amable
5873,"Hotel perfecto, lástima que llovió toda la semana."
5874,
5875,gran estancia cara sonriendo
5876,excepcional
5877,"En general podemos recomendar el hotel. La limpieza está al más alto nivel, al igual que la cama."
5878,"pulgar hacia arriba .       ,                      !"
5879,fue fantástico.
5880,excepcional
5881,¡agradable!
5882,muy bien
5883,"Ubicación perfecta, hermosa habitación con vistas, muy limpia."
5884,muy bien
5885,Excelente ubicación en el corazón de Valencia!
5886,fin de semana en valencia
5887,Muy buen hotel en una bonita ubicación central.
5888,excepcional
5889,increíble... un 2 estrellas que vale al menos 4
5890,excepcional
5891,"Ubicación ideal. Habitaciones muy limpias y espaciosas, con todas las comodidades. hermosa vista de la plaza"
5892,fantástico hotel en una hermosa ubicación!
5893,excepcional
5894,excepcional
5895,¡muy lindo!
5896,excepcional
5898,excepcional
5899,excelente
5901,schön
5902,justo en el centro. todo a tu alcance. cortesía y limpieza.
5903,excepcional
5904,"Con mucho gusto volveré en cualquier momento, este hotel supera incluso mis experiencias de 3 o 4 hoteles en VLC."
5905,todo perfecto!
5906,excepcional
5907,Teníamos una habitación para 4 personas con una hermosa vista. La ubicación no podría ser mejor. cerca del metro y comercios.
5908,arriba
5909,no podríamos haber pedido algo mejor
5910,excepcional
5911,fantástica ubicación
5912,excepcional
5914,un cuento de hadas
5915,una joya en el centro
5916,excepcional
5917,un fin de semana feliz
5919,"Muy lindo hotel con cómodas habitaciones, delicioso desayuno para empezar el día."
5920,excepcional
5921,excelente experiencia
5922,"Excelente ubicación no podría ser mejor, habitación siempre impecable, personal profesional y muy amable. desayunos"
5924,Disfruté de Valencia en un bonito hotel en una ubicación privilegiada.
5925,maravillosa estancia para deshacerse de la tristeza del invierno
5927,"Muy recomendable, ¡no se puede estar más céntrico!"
5928,excepcional
5929,excepcional
5930,hotel muy recomendado
5931,excepcional
5932,súper
5933,¡Un lugar digno de recomendar! ¡Nos gustaría volver aquí de nuevo!
5934,muy exitoso
5935,excepcional
5936,", !"
5937,excelente hotel en el centro de valencia
5938,Todo el hotel luce fenomenal y la estadía fue perfecta.
5939,excepcional
5940,gran lugar
5941,excepcional
5942,gran hotel en una ubicación fantástica!
5943,5 días en valencia
5944,quédate en el centro
5945,Fin de semana perfecto en la maravillosa Valencia y una estructura para recomendar.
5946,¡Gran estancia en Valencia durante la víspera de Año Nuevo!
5950,excepcional
5951,increíble relación calidad-precio
5952,muy buen hotel
5953,"¡Perfecto, ubicación perfecta, personal perfecto, habitación perfecta y perfectamente limpio en la cima!"
5954,excepcional
5956,4 días en valencia
5957,Fantástico
5959,lo que esperábamos
5960,excepcional
5961,excepcional
5962,práctico
5963,¡Gracias a la ubicación y cortesía mi hija y yo disfrutamos nuestra visita a Valencia!
5964,fenomel a
5965,¿Por qué sólo dos estrellas?
5966,súper hotel
5967,bonito hotel en una ubicación central
5968,Valencia vale la pena el viaje.
5969,excepcional
5970,Óptimo
5971,excepcional
5972,arriba
5973,muy bien situado
5974,excepcional
5975,excelente ubicación
5976,excepcional
5977,excepcional
5978,"El hotel se puede recomendar, relación calidad-precio."
5979,súper hotel en súper ubicación
5980,excelente.
5981,"Aspecto muy atractivo, por dentro y por fuera. equipamiento y diseño de primer nivel."
5982,excelente ubicación en el centro
5983,parte superior del emplazamiento
5984,un fin de semana de relax
5985,"¡¡Unos agradables días pasados ​​en Valencia entre sol, mar y tapas!!"
5986,Perfecto
5987,una estancia inolvidable
5988,Hotel cómodo y bien ubicado.
5989,Perfecto para interrumpir tus vacaciones
5990,excepcional
5991,3 grandes dias
5992,"Hermosa estructura en el centro, personal muy limpio, amable y capacitado. nuestra habitación era espaciosa y estaba equipada con"
5993,excepcional
5994,maravilloso
5996,Fantástico
5997,Valencia a tu alcance
5998,estancia superior
5999,Perfecto. merece más de 2 estrellas!
6000,hotel per repetir
6002,vista impresionante y ubicación muy central
6003,exitosas vacaciones de Año Nuevo.
6004,excepcional
6005,excepcional
6007,lo disfruté muchísimo
6008,excepcional
6009,realmente bueno.
6010,excepcional
6011,excepcional
6012,"Estancia perfecta, más allá de las expectativas."
6013,¡súper!
6014,excepcional
6015,"Excelente alojamiento, excelente ubicación, todo limpio como debe estar un apartamento."
6016,"Ubicación 10, limpieza 9, sábanas de calidad, se agradece el microondas y la cafetera."
6017,excepcional
6020,excelente experiencia
6021,estancia de 5 estrellas
6023,parfait
6024,un dos estrellas que merece cuatro
6025,todo excelente
6026,un fin de semana perfecto en el corazón de valencia
6027,Hotel bellamente renovado en el corazón del centro de la ciudad.
6028,", , , 5"
6029,muy divertido
6030,muy bien
6031,gran hotel en una ubicación privilegiada!
6032,fin de semana de diciembre
6033,excelente pero...
6034,¡Un auténtico 4 estrellas!
6035,punta superior
6036,semana en valencia
6038,gran estancia en valencia
6039,", , ."
6040,"en la plaza central de Valencia, cerca de todo"
6041,Óptimo
6042,"Un super hotel, ¡dos estrellas no son suficientes!"
6043,excepcional
6045,excepcional
6046,muy buena estancia de fin de semana
6050,"Ve allí con los ojos cerrados, ¡no te decepcionarás! ¡Recomiendo mucho este hotel!"
6051,fantástico
6052,excepcional
6053,excepcional
6054,hermosa estancia
6055,todo impecable! ubicación perfecta para visitar valencia!
6056,"estancia maravillosa, personal increíblemente amable"
6058,excepcional
6059,excelente
6060,¡más allá de las expectativas!
6061,"Absolutamente recomendado, si vuelvo a Valencia volveré a reservar este hotel."
6062,excepcional
6063,estancia de 5 estrellas
6064,un agradable descanso en la ciudad en un bonito hotel en una buena ubicación.
6065,estancia muy agradable
6066,¡Me sentí muy cómodo y estaría feliz de volver y recomendarlo a otros!
6067,¡Me encantaría volver!
6069,hotel ideal para una estancia en Valencia!
6070,excepcional
6071,escapar de la monotonía
6072,excepcional
6073,"Lamentablemente es demasiado breve, definitivamente vale la pena repetirlo."
6074,En general quedamos muy satisfechos.
6075,excepcional
6078,"Recomiendo este hotel. en cuanto a ubicación, limpieza y servicio.  Desayuno sin reservas: gran selección y sabroso. pequeño"
6080,No esperaba un precio tan bueno para un hotel en el punto 0 de Valencia.
6081,excepcional
6083,excepcional
6084,Está bien
6085,simplemente perfecto!!!
6086,excepcional
6087,perfecto
6089,agradable y hermoso en el centro
6095,mejor hotel en el centro de valencia
6097,¡arriba!
6098,"Hotel perfecto para visitar Valencia, cerca de todo."
6099,estancia en el corazón de valencia
6100,excepcional
6101,super hotel en una ubicación increíble
6102,Gran estancia en esta hermosa ciudad.
6104,muy bien
6105,excepcional
6106,excepcional
6108,una de las mejores opciones de alojamiento en Valencia
6109,hotel muy recomendado
6110,hermosa valencia
6111,"Hotel muy bonito, céntrico en el centro de la ciudad."
6112,excelente hotel céntrico
6113,perfección
6114,excepcional
6115,"excelente ubicación. todos los lugares de interés están a pocos minutos a pie. hotel limpio, excelente desayuno variado."
6117,maravilloso
6119,maravilloso
6120,"hermosa estancia. Hotel bonito, limpio y moderno con comodidades que no encontré ni en el 3s4."
6123,muy buen hotel en el centro de valencia
6124,excepcional
6125,excepcional
6126,excepcional
6127,unos dias pero buenos y preciosos
6128,en una palabra; gran hotel! precio calidad excelente!
6129,hotel ideal para visitar la ciudad a pie
6130,muy buen hotel en una ubicación fantástica
6131,"Gran estancia en una ciudad muy agradable, lo recomiendo."
6132,yo volveria
6134,excepcional
6135,maravilloso
6136,muy buen hotel vale cada centavo
6137,excepcional
6138,
6140,¡maravilloso!
6141,"Hotel en posición estratégica, muy céntrico y con parking de taxis muy cerca."
6143,excepcional
6144,súper
6145,Podemos recomendar este hotel con seguridad y estaremos encantados de volver.
6147,"por encima de todas las expectativas, especialmente para un hotel de dos estrellas."
6148,Pasamos un rato agradable.
6149,Ubicación perfecta en un hermoso hotel!
6150,excepcional
6151,excepcional
6153,buena ubicación cerca
6154,Fantástico
6155,Delicioso
6157,arriba
6158,fantástico fin de semana en valencia
6159,mucho mejor que dos estrellas
6161,Me gustó mucho. especialmente la ubicación.
6162,perfecto para una estancia en el centro de la ciudad
6163,hotel perfecto
6164,hotel básico en excelente ubicación
6165,"Hotel en una excelente ubicación, habitación muy pequeña, pero ideal para 1-2 noches."
6166,"Genial, aprovechamos al máximo esta preciosa ciudad de Valencia llena de encanto."
6167,
6168,Gran hotel para un viaje a la ciudad de Valencia.
6169,hermoso hotel
6170,excepcional
6171,Un hotel muy recomendable en un bello entorno.
6172,encuentra el perfecto.
6173,gran estancia
6174,una muy buena elección
6175,prima
6176,imperdible
6177,¡Un hotel de primera en una ubicación privilegiada!
6178,¡Perfecto y cómodo para un viaje a la ciudad!
6179,hotel para recomendar
6180,una excelente estancia.
6181,desayuno delicioso súper agradable y buena ubicación central
6182,comodidad y ocio!
6183,bonito hotel y muy céntrico
6184,un viaje agradable y memorable
6185,¡Un lugar privilegiado para un viaje a la ciudad de Valencia!
6187,excepcional
6188,excepcional
6189,excepcional
6190,excepcional
6191,excelente
6192,en el corazón de valencia
6193,hotel
6194,completamente satisfecho cara sonriendo
6196,regresar
6197,¡fantástico!
6198,Citibreak muy agradable en el hotel venecia plaza.
6200,¡Ubicado en el centro y conveniente para todo!
6203,excepcional
6204,agradable
6206,súper
6207,ser repetido
6208,súper
6209,excelente hotel en una hermosa ubicación.
6210,fantástica ubicación
6211,excepcional
6212,excepcional
6213,elección perfecta!
6214,absolutamente recomendado!
6215,Fantástico
6216,excepcional
6218,disfrutamos la estancia
6219,Definitivamente merece más de dos estrellas.
6220,¡Delicioso!
6222,excelente ubicación para visitar la ciudad
6223,excelente
6224,más que un dos estrellas
6226,"maravilloso, volver otra vez pulgar hacia llegar"
6227,excepcional
6228,excepcional
6229,excepcional
6230,perfecto
6231,excepcional
6232,muy linda experiencia en este hotel
6233,semana de vacaciones en valencia
6235,excepcional
6236,vacaciones españolas
6238,¡excelente!
6240,hermosa estructura en el centro
6241,¡dirección perfecta para una estancia agradable en pleno centro de la ciudad!
6244,excepcional
6245,ubicación perfecta!
6246,hotel estratégico
6248,excepcional
6249,vista superior
6250,Bonito hotel en una ubicación privilegiada.
6251,muy linda experiencia
6253,estancia muy agradable con excelente alojamiento
6254,estancia agradable en un bonito hotel urbano en el centro de valencia
6255,quedarse en valencia
6256,simplemente genial! todo es accesible a pie. Los principales monumentos están muy cerca a pie.
6257,excepcional
6259,excepcional
6261,magnífico hotel
6262,"bolso: belleza, hospitalidad, amabilidad."
6264,perfecto para turistas que visitan la ciudad por poco tiempo. todo lo que hay que ver está cerca
6265,excepcional
6267,excepcional
6268,"Atropello y fuga por una noche, difícil de evaluar, pero durante el corto tiempo que estuve allí, ¡todo estuvo bien!"
6269,excepcional
6270,Fue impresionante y loco. ¡recomendado!
6271,hotel ideal para visitar valencia
6272,"vale más de 2 estrellas, muy bonito y bien ubicado!"
6273,¡Una mejora de mi fin de semana en Valencia!
6275,estancia muy agradable en valencia
6276,Excelente hotel con una ubicación muy central.
6277,excepcional
6278,hotel verdaderamente excelente desde todos los puntos de vista
6279,"Recomiendo la estructura, para mí no puede ser un dos estrellas... faltan algunas"
6280,mejor hacer
6282,excepcional
6284,hermosa valencia
6285,fue una estancia agradable.
6286,central - cerca de todo
6288,magnífico
6289,hotel perfecto para unas vacaciones en la ciudad
6290,excepcional
6291,Muy buen hotel idealmente ubicado.
6293,"muy céntrico, buen hotel"
6294,Hermoso
6295,hotel compatible. muy buen lugar para alojarse en valencia pulgar hacia arriba
6296,buena elección. repetiría
6298,"Excelente hotel, céntrico, seguro y limpio. Genial para un viaje a la ciudad."
6299,"El hotel está en una ubicación excelente y muy bien cuidado, la habitación limpia y cómoda."
6300,"Todo estuvo genial, nos encantaría volver."
6301,valencia top!
6302,"Bonito hotel en una ubicación perfecta en el casco antiguo, buenas camas."
6303,corta estancia en valencia
6304,disfruta de una hermosa ciudad en un maravilloso hotel
6305,gran hotel fantástica ubicación
6306,excepcional
6308,lo recomiendo 100
6309,excepcional
6310,excepcional
6311,gran hotel - ubicación central
6312,fácil desde el centro de la ciudad y relajante al mismo tiempo.
6313,"Muy recomendable. Ubicación céntrica, limpia y con bonitas vistas."
6314,gran elección de hotel
6315,estancia fantástica!
6316,excepcional
6318,excepcional
6319,especial
6320,muy buen hotel en una buena ubicación
6321,excepcional
6322,perfecto para una estancia en valencia.
6324,¡arriba!
6325,¡Me encantaría volver!
6326,excepcional
6327,excepcional
6328,"Ubicado en el centro, a poca distancia de varias tiendas, restaurantes y lugares de interés."
6329,¡Vuelvo enseguida!
6330,Fueron unas estupendas vacaciones cortas en un hotel muy bonito.
6331,excepcional
6332,Bonito hotel en una excelente ubicación.
6333,gran hotel en una ubicación perfecta
6334,Precioso hotel en el corazón de Valencia.
6335,"excelente sorpresa, estructura en el centro. Lo encontré muy bien para un viaje con mi esposa y dos hijos."
6336,excepcional
6337,¡Perfecto!
6338,¡¡recomendado!!
6339,hotel perfecto para un viaje a la ciudad
6341,perfecto para el viaje de fin de semana.
6342,una estancia perfecta: habitación hecha cada mañana y cambio de toallas a diario. tuvimos un pequeño problema
6343,excepcional
6344,perfecto para volver
6345,
6346,maravillosa estancia en el centro de valencia
6347,súper hotel.
6348,valencia ma ville de c ur
6349,arriba
6351,hermoso hotel
6353,excepcional
6354,estancia muy agradable y totalmente equipada
6355,encuentra el perfecto.
6356,¡fantástico!
6357,súper amenaza
6358,excepcional
6359,disfruté mucho
6360,excepcional
6361,excepcional
6362,¡¡¡Pasamos un gran fin de semana con nuestra familia!!!
6363,mejor hotel en la mejor ubicación
6364,excepcional
6365,"Apreciamos especialmente los servicios adicionales, como la disponibilidad de sombrillas y un"
6366,excepcional
6367,excepcional
6368,Hotel perfecto para un viaje a la ciudad de Valencia.
6369,inolvidable
6370,muy bonito y agradable
6371,"Después de la primera noche, todo ok, recomendable."
6372,excepcional
6373,Bonito hotel céntrico.
6374,excepcional
6375,localiza el excelente
6377,¡fantástico!
6378,"Excelente ubicación, buen servicio y habitaciones limpias, lo recomiendo ampliamente."
6379,hermoso hotel en una ubicación privilegiada
6380,en el corazón de valencia
6381,positivo.
6382,gran alojamiento con una excelente ubicación
6383,muy satisfecho con nuestra elección.
6385,fantástico hotel céntrico de la ciudad
6386,maravillosamente recomendado!
6387,excelente
6388,un hotel muy bonito
6389,excepcional
6390,hermosa estancia
6391,tranquilidad y centralidad
6392,¡excelente!
6393,¡Lo recomiendo!
6395,encuentra lo fantástico. Recomiendo.
6397,Perfecto
6398,excepcional
6399,"¡Estoy deseando volver a Valencia, una ciudad maravillosa y este lugar es un 11 sobre 10!"
6400,ideal para viajes de fin de semana
6401,excepcional
6402,ubicación excepcional justo en el centro!!!!!
6403,"céntrico, limpio."
6405,alojamiento perfecto para hacer turismo
6406,yo regresaría
6407,muy agradable
6409,"Excelente ubicación, limpio y cómodo: ¡muy recomendable!"
6410,Hice la elección correcta de hotel.
6411,ubicación privilegiada! Hotel bonito y limpio con buen servicio y gran desayuno.
6412,gracias a la posición del establecimiento pudimos visitar la ciudad cómodamente
6414,excepcional
6415,fabuloso
6416,excepcional
6417,Hotel muy bonito en una ubicación perfecta.
6418,buen hotel
6419,hotel relajado en el centro!
6420,¡arriba!
6421,muy céntrico. Volveríamos a reservar el hotel.
6422,¡Con mucho gusto otra vez!
6423,"Excelente ubicación y un gran hotel, lo recomiendo."
6424,ciudad muy hermosa y ubicación ideal del hotel
6426,agradable sorpresa en valencia
6427,estancia perfecta en lista perfecta
6428,parfait
6430,fantástico
6432,Excelente relación calidad-precio y la ubicación más céntrica de Valencia.
6433,excepcional
6434,una estancia inolvidable en valencia
6435,Excelente estancia y ubicación para una maravillosa mitad de semana en Valencia.
6436,excelente
6438,excepcional
6439,excepcional
6440,excepcional
6441,gran hotel en una buena ubicación
6444,excepcional
6446,"Muy recomendable, bonito y en una ubicación privilegiada."
6449,Delicioso
6450,excepcional
6451,buen viaje a la ciudad
6453,inolvidable sería demasiado abreviado. maravilloso
6454,excepcional
6455,estancia superior
6456,excepcional
6458,muy recomendado
6460,hotel muy limpio y muy bonito; camas muy cómodas; ubicación excepcional
6462,estancia absolutamente agradable :-
6463,estructura recomendada!!
6464,excepcional
6465,excepcional
6466,perfecto
6468,excepcional
6469,¡excepcional!
6472,¡¡maravilloso!! todo arriba!
6473,Estructura con una excelente ubicación y equipada con todas las comodidades necesarias para disfrutar de unas vacaciones.
6474,fantástico fin de semana
6475,valencia super!
6476,experiencia para repetir!
6478,¡excelente!
6481,muy céntrico a buen precio!
6482,Excelente relación calidad-precio si la ausencia de luz natural no te molesta
6483,muy recomendable en todos los sentidos
6484,¡Disfruté de la ciudad desde un súper hotel!
6486,¡perfecto! buena relacion precio y calidad
6487,excepcional
6488,excelente disponibilidad
6489,un excelente bromista
6490,gran estancia llena de recuerdos
6491,excepcional
6492,gran hotel en una ubicación fantástica
6493,arriba.
6495,excelente ubicación en una ubicación central
6496,perfecto
6497,preciosa y tranquila habitación en pleno centro de valencia
6499,excepcional
6501,", ,"
6502,excelente desde todos los puntos de vista
6504,excepcional
6505,muy recomendado
6506,¡¡¡Hay que probarlo!!!
6507,excepcional
6508,¡fantástico! recomendado
6509,excepcional
6510,Disfruté de este hotel con un delicioso desayuno.
6512,excepcional
6514,excelente hotel en el centro
6515,¡Estancia relajante en un acogedor hotel en Valencia!
6516,gran estancia
6519,arriba
6520,gran fin de semana en valencia
6522,Se lo recomiendo a todos
6523,excepcional
6524,excepcional
6525,genial para un fin de semana
6526,gran estancia!!!!
6527,hotel por encima de las expectativas
6528,buen hotel urbano
6529,excepcional
6530,¡Ubicado en el centro de Valencia! perfecto para un viaje a la ciudad.
6531,excelente estancia. Me alojaría de nuevo!!!
6532,hotel perfecto para un viaje corto
6534,excepcional
6535,Perfecto
6537,gran elección en valencia
6538,estancia de 5 estrellas
6539,maravilloso viaje a la ciudad
6540,muy lindo
6541,punto de partida ideal para un viaje a la ciudad
6542,hotel encantador!
6544,excepcional
6545,excepcional
6549,"hotel de primera, muy céntrico"
6552,excepcional
6553,excepcional
6554,súper !
6555,estupendo
6557,estancia fantástica!!
6558,"excelente ubicación, hotel encantador"
6559,"estancia agradable en un hermoso hotel, excelente ubicación. personal muy agradable y servicial. desayuno por la mañana."
6560,Ubicación muy central y habitación amplia.
6561,excepcional
6563,"increíble, lo recomiendo"
6564,excepcional
6565,¡¡Es un lugar al que me encantaría volver!!
6566,excepcional
6567,tener la impresión de estar de vacaciones cuando estábamos en un viaje de negocios
6568,"en coche es complicado encontrarlo, hay que preguntar cuando el navegador te dice: has llegado, pero ni siquiera el hotel"
6569,excepcional
6571,estancia que superó las expectativas!
6572,extra
6573,excepcional
6574,hotel situado en una posición excepcional para cualquier viaje con habitaciones muy amplias y una limpieza nunca antes vista
6575,excepcional
6576,excepcional
6577,permanecer
6578,excepcional
6580,tuvimos una gran estancia
6581,excepcional
6582,Lugar ideal para visitar Valencia. No hay nada más céntrico que este.
6583,excepcional
6584,excepcional
6585,gran hotel - gran precio
6586,El mejor hotel definitivamente recomendado.
6587,Precioso fin de semana en la preciosa Valencia.
6588,"Excelente ubicación, habitaciones limpias con espacio suficiente tanto en el baño como para la ropa. excelente relación calidad/precio"
6589,valencia maravillosa ciudad
6590,excepcional
6591,hermoso hotel en una excelente ubicación
6593,una ciudad extraordinaria.
6594,clase primera
6595,perfecto
6597,excelente experiencia
6598,"fantástico, muy recomendado"
6599,"Nos gustó todo, volvería felizmente, muy recomendable especialmente por la ubicación."
6602,Perfecto
6604,El hotel era genial y la ubicación también. Puedo recomendar este hotel a todo el mundo.
6605,excelente para visitar la ciudad en el centro y cerca del metro
6606,Increíble y hermoso corazón rojo.
6607,hola valencia
6608,estancia muy agradable y mucho que visitar
6609,genial. relación calidad-precio inmejorable
6611,excelente hotel en una excelente ubicación
6613,unas buenas vacaciones
6614,La mejor opción de hotel para explorar Valencia
6615,"A pesar de perderse el té, fue otra estancia estupenda."
6616,gran estancia en valencia
6617,maravilloso
6618,Fantástico
6619,"hotel ubicado en el centro, conveniente para quienes se hospedan solos, hermosa habitación con todos los servicios"
6620,volvería
6623,"stupendo, tutto perfetto cara sonriendo con ojos de corazón"
6624,excepcional
6625,¡en la cima!
6626,"excelente hotel lo recomiendo. cerca del metro, en el centro, personal amable"
6627,una estancia maravillosa
6628,Si quieres una gran estancia
6629,"hotel súper recomendado. habitación cuádruple con vistas a la plaza principal de Valencia, personal super servicial"
6630,excepcional
6631,excepcional
6632,prima
6633,excelente situación. precio razonable habitación interior.
6635,Mimados en Valencia
6636,una palabra: perfecto!!
6637,excelente elección
6640,"Ubicación ideal, habitaciones amplias."
6641,excepcional
6643,Visité la ciudad en 2 días y la ubicación del hotel es estratégica.
6645,muy recomendado
6646,estancia perfecta
6648,excepcional
6649,Valencia es una ciudad preciosa y el hotel tenía una muy buena ubicación.
6650,fantástico
6652,Es la segunda vez que voy a Valencia y siempre he elegido este establecimiento. Siempre cumple con todas mis expectativas.
6653,muy limpio
6655,absolutamente perfecto!
6656,excepcional
6657,absolutamente fabuloso
6658,"Definitivamente recomendaría el hotel, el personal fue amable y servicial. el hotel está ubicado en el centro de diana, si vuelvo en el futuro lo haré uva ov"
6659,excelente estancia
6661,"Muy buena relación precio-rendimiento, ubicación muy central. genial para un viaje a la ciudad."
6663,Todo bien
6664,Fantástico
6665,excepcional
6667,"un lugar fantástico, no podrías imaginar una mejor ubicación"
6668,excepcional
6669,buen costo beneficio
6671,¡Recomiendo este hotel a todo el mundo!
6672,excepcional
6674,muy buen momento y hotel bien ubicado
6675,¡¡¡Fantástico!!!
6677,"Céntrico, tranquilo, limpio, cómodo, recomendado."
6680,hotel superior
6681,Yo lo recomendaría
6682,estancia perfecta en el corazón del casco antiguo
6684,excepcional
6685,Excelente ubicación y muy buen hotel.
6686,excepcional
6688,Perfecto.
6690,maravillosa vista!
6691,tres bien
6692,muy buen hotel
6693,excepcional
6694,genial 10
6695,estupendo
6697,excelente !
6698,todo perfecto! nos lo pasamos genial
6699,gran lugar!!
6700,excepcional
6701,Fantástica estancia con muy buena relación calidad-precio.
6702,excepcional
6703,", , ,"
6704,¡maravilloso!
6705,agradable sorpresa en el corazón de valencia
6706,Recomendado para estancia corta y por su ubicación para visitar la ciudad.
6707,súper
6708,excepcional
6709,excepcional
6710,"perfectamente ubicado, limpio amigable"
6711,limpieza centralizada. ¡una y otra vez!
6712,"excelente ubicación, excelente desayuno"
6713,hotel muy bonito
6714,excepcional
6716,gran hotel en una ubicación fantástica
6717,bonito hotel en excelente ubicación
6718,excepcional
6721,fin de semana en valencia
6722,perfecta ubicación en el centro
6723,fin de semana en valencia
6724,excepcional
6725,unas horas en valencia
6726,excepcional
6727,todo perfecto
6728,perfecto para un fin de semana en valencia
6729,Vacaciones de Navidad en Valencia
6730,una burbuja de valencia
6731,todo perfecto
6732,excepcional
6733,fantástico como siempre
6735,increíblemente hermoso todo en un ambiente navideño
6736,Lo recomiendo por su excelente ubicación.
6737,maravillosa ubicación!
6738,muy recomendado
6739,fabuloso
6740,calidad/precio excepcional
6741,especial
6742,¡arriba!
6743,excepcional
6744,excepcional
6745,hotel muy bonito y agradable con una excelente ubicación!
6746,estancia excepcional
6747,excepcional
6748,Ubicación y hotel perfectos! pulgar hacia arriba
6749,hermosa experiencia
6750,estancia muy agradable
6752,excepcional
6754,excelente
6755,una gran estancia en una hermosa ciudad
6757,¡Perfecto!
6758,Hotel perfecto para unos días en Valencia en pleno centro.
6759,excepcional
6760,excepcional
6761,fin de semana superior
6762,gran hotel justo en el centro
6763,prima
6764,fantástico
6765,excelente hotel
6766,"hermosas vacaciones, hermoso hotel"
6767,gracias por todo
6768,estancia maravillosa
6769,"Gasta unos euros más pero quédate aquí, no te arrepentirás."
6771,excepcional
6772,¡El mejor hotel en una excelente ubicación! ¡recomendado!
6773,excepcional
6774,excepcional
6775,muy recomendado
6776,excelentes vacaciones
6777,"La mejor ubicación, limpio, amigable."
6778,excepcional
6779,gran hotel justo en el centro
6780,"buena ubicación, hotel limpio."
6781,"excelente ubicación, personal maravilloso, éxito total"
6782,"excelente ubicación, personal maravilloso, éxito total"
6783,excepcional
6784,excepcional
6785,céntrico y conveniente para visitar la ciudad.
6786,excepcional
6787,excepcional
6788,estupendo
6790,Valencia
6791,"Muy buena estadía, segura y excelente ubicación. recomendar"
6792,excelente ubicación. personal atento.
6794,excepcional
6796,"muy agradable, cómodo, acogedor, definitivamente regresaré!"
6797,"Se merece por su ubicación, limpieza y desayuno."
6798,excepcional
6799,excepcional
6800,excepcional
6801,excepcional
6802,excelente experiencia
6803,hotel muy céntrico y cerca del metro y estación
6804,excepcional
6805,fue una excelente experiencia
6810,"Habitación, llamada económica, ¡pero que es perfecta!"
6811,siempre es un placer
6812,"Limpio, agradable y tranquilo con una buena ubicación."
6814,buen hotel cerca del centro de valencia
6817,"Precio-calidad superior, lástima por el ruido."
6818,2 estrellas sobre el papel pero nada que envidiar a un buen 4 estrellas
6819,excepcional
6820,"Muy céntrico, muy limpio, personal acogedor y amable."
6822,soñar sobre los tejados de Valencia
6823,excepcional
6824,un lugar ideal para coger fuerzas y poder soportar el invierno letón.
6827,excepcional
6828,excepcional
6829,estilo y centralidad
6830,excepcional
6831,excelente ubicación y bonita habitación
6832,Hermoso
6833,hotel increíble
6835,excepcional
6836,una agradable estancia
6837,"Gran estancia y ciudad, muy recomendable!!"
6839,Buen hotel en una ubicación central cerca de la estación de tren.
6840,fenomenal
6842,todo perfecto
6844,Hotel muy bonito en una ubicación perfecta.
6845,todo perfecto
6846,excepcional
6847,Hotel super bonito en el corazón de Valencia!!
6848,perfecto para un viaje a la hermosa ciudad de Valencia
6849,excepcional
6850,muy bien
6851,"Inolvidable, fantástico, un hotel de ensueño."
6852,excepcional
6854,simplemente un gran hotel!
6855,excepcional
6856,estancia agradable
6857,excepcional
6858,excelente ubicación
6860,Precioso hotel para pasar unos días en Valencia.
6861,excepcional
6862,"que ciudad tan hermosa, definitivamente regresaremos"
6865,muy céntrico!
6866,Hermosa vista a la plaza.
6867,¡El mejor hotel para un viaje a la ciudad!
6868,excepcional
6869,excepcional
6870,muy buena solucion
6872,vida en la ciudad española
6873,¡súper!
6874,4 días en el paraíso
6875,excepcional
6876,perfecto para nuestra estancia
6877,Ubicación excepcional en un hotel de lujo. Perfecto
6878,excepcional
6879,excepcional
6881,excepcional
6882,excepcional
6883,hotel céntrico - ideal para un viaje a la ciudad
6884,"Precioso hotel justo en el centro, cerca de los principales lugares de interés y cerca del metro, estaciones y autobuses."
6885,satisfactorio
6886,"Habitación fabulosa en una excelente ubicación, literalmente en el centro de Valencia, a pesar de estas habitaciones tranquilas."
6888,excepcional
6889,Ubicación perfecta para todo lo que se puede hacer para experimentar una ciudad muy hermosa.
6891,excepcional
6892,Excelente ubicación en valencia
6893,"Excelente hotel, limpio y personal muy amable. Está situado en una posición muy central directamente en la plaza del ayuntamiento."
6894,simplemente preciosa!
6895,valencia para el relax y la cultura
6896,excepcional
6897,hermoso hotel
6898,¡arriba! Volvería y lo recomendaría a todo el mundo.
6899,excepcional
6901,muy recomendable para todos!
6903,excelente hotel
6904,hotel superior!
6906,mejor de lo esperado!!
6907,excepcional
6908,excepcional
6909,posición
6911,volveremos cara sonriente
6912,el personal del hotel es muy amable. las habitaciones muy limpias. el desayuno fue muy variado. Si alguna vez vuelvo lo volveré a elegir.
6913,con mucho gusto otra vez
6915,hotel muy bonito con hermosa ubicación
6916,excepcional
6917,todo perfecto!
6918,vacaciones valencia
6920,Perfecto
6921,Gran hotel en una ubicación privilegiada con buena relación calidad-precio.
6922,excepcional
6924,excepcional
6925,excepcional
6926,muy agradable
6927,"excelente hotel, excelente ubicación!"
6928,excepcional
6929,simplemente genial con hermosos momentos
6930,excepcional
6931,parfait
6932,estancia superior
6933,hotel céntrico.
6934,No puedo esperar a volver
6935,excelente elección
6937,súper peaje
6938,Óptimo
6940,excepcional
6941,No puedo esperar a volver
6942,"Tuve unas buenas vacaciones,"
6943,¡Totalmente bien para visitar la ciudad!
6944,excepcional
6945,hotel superior
6946,bonito hotel céntrico en el centro
6948,muy recomendado
6949,estancia muy agradable
6950,estancia impecable
6951,Fantástica ubicación y gran hotel.
6952,excelente elección
6953,excepcional
6954,excepcional
6955,excepcional
6956,más allá de mis expectativas!
6957,excepcional
6958,"aparte del clima, 2 días de lluvia pero por lo demás muy bonito"
6959,excepcional
6960,¡¡Delicioso!!
6961,excepcional
6962,maravillosas vacaciones turísticas y relajantes basadas en un hotel muy céntrico en una posición estratégica
6963,todo perfecto
6964,en el corazón de la ciudad un hermoso hotel
6965,excepcional
6966,excepcional
6967,5 noches en valencia
6968,Muy recomendable.
6969,"en el centro, servicio de primera"
6970,bonito hotel.
6971,excelente ubicación en solo hotel
6972,¡súper!
6973,excelente
6975,excepcional
6976,que olor!!!
6977,excepcional
6978,buen hotel en una excelente ubicación
6980,gran relación calidad-precio.
6981,Valencia ciudad espléndida y animada. Extremadamente hermosa
6983,2 estrellas...y las demás?!?
6984,"todo perfecto, estructura en una posición muy central, habitación súper limpia, personal muy amable"
6985,"Excelente hotel, ideal para visitar el centro. metro, estación y taxi a sólo unos cientos de metros."
6988,Excelente ubicación en pleno centro de Valencia.
6989,espectacular hotel
6990,excepcional
6992,Está bien
6994,¡gran elección!
6995,excepcional
6996,excepcional
6997,simplemente te sentiste cómodo.
6998,quedarse en valencia
6999,excepcional
7000,fabuloso
7001,Ubicación ideal para visitar la ciudad. en el centro cerca de la parada de autobús y a un paso de la estación. más
7002,excepcional
7003,"La habitación cuádruple premium era muy cómoda, limpia, grande y cómoda. excelente desayuno"
7005,Hotel perfecto para visitar valencia.
7006,gran hotel bien ubicado
7007,precio de baja calidad
7008,excepcional
7010,Perfecto
7011,Perfecto ! para hacerlo de nuevo!
7014,alrededor de valencia
7015,¡recomendado!
7018,"idealmente ubicado, recomendado"
7019,Super estancia y definitivamente vale la pena repetir.
7020,todo fue genial
7021,excepcional!
7022,excepcional
7023,impresionante
7024,excepcional
7026,un viaje al centro de valencia
7027,excepcional
7028,top top pulgar hacia arriba
7029,"Para un hotel urbano, excelente ubicación y buenas instalaciones."
7030,excepcional
7031,arriba
7033,excepcional
7034,excepcional
7035,excelente
7036,Hotel perfecto y ubicación ideal para visitar Valencia.
7037,excepcional
7038,"Ubicación perfecta en el centro, recepción siempre abierta y personal súper servicial."
7039,Hotel súper moderno y céntrico.
7040,"Gran ambiente en la mejor ubicación, perfecto para recuperarse después de un viaje extenuante."
7041,excepcional
7042,bonito hotel
7043,¡Hermoso!
7044,Precioso hotel con una excelente ubicación en el centro de Valencia.
7045,nuestro hotel en valencia
7048,excepcional
7050,excepcional
7051,excepcional
7052,excepcional
7053,todo perfecto
7054,Fue un hotel de escala para nosotros y fue una agradable sorpresa.
7055,excepcional
7056,con mucho gusto otra vez
7057,todo perfecto y más allá de las expectativas
7058,excepcional
7059,excepcional
7060,un gran hotel en una ubicación privilegiada. un delicioso desayuno abundante por poco dinero. nosotros también tuvimos suerte
7061,perfecto
7063,dos estrellas que valen el doble.
7064,excepcional
7065,La estancia fue todo lo que esperaba.
7067,Definitivamente me quedaría aquí de nuevo
7068,excepcional
7069,muy buen hotel para recomendar
7070,excepcional
7071,gran hotel en una ubicación perfecta.
7072,"Buen hotel, especialmente por el precio."
7073,excepcional
7074,excepcional
7076,excelente ubicación para visitar valencia
7077,aconsejado
7078,excepcional
7079,más allá de las expectativas
7080,excelente ubicación
7082,Excelente elección en una ciudad sorprendente.
7083,súper hotel
7084,¡Fantástico!
7085,vale la pena repetirlo.
7086,"fue una excelente ubicación y un personal amable. La habitación era un poco pequeña, pero estaba bien y muy limpia."
7087,ubicación perfecta
7088,base perfecta para descubrir Valencia. Gran hotel con buen desayuno.
7089,Fantástico
7090,gran estancia!
7091,excepcional
7092,estancia maravillosa!
7095,"En general una experiencia positiva, volvería."
7096,"¡Ubicación para recordar, vacaciones para repetir!"
7097,Maravilloso
7098,estancia maravillosa!
7100,muy bien.
7102,excepcional
7103,hermoso hotel en el centro antiguo
7104,agradable y reconfortante.
7106,ubicación perfecta
7108,¡Me encantó!
7109,perfecto
7110,nos lo pasamos genial
7112,súper ubicación
7113,Largo fin de semana valencia.
7114,fantástica ubicación
7115,¡Bien!
7116,excepcional
7117,¡¡excelente!!
7119,excepcional
7120,excepcional
7121,yo volveria
7124,excepcional
7125,¡Vale la pena volver!
7126,¡arriba!
7127,"gran hotel limpio, todo fue genial"
7129,excepcional
7130,excelente relación calidad-precio
7131,"Definitivamente vale la pena repetirlo, quiero volver allí."
7133,bonito lugar en la plaza
7135,excepcional
7136,excepcional
7137,excepcional
7139,excepcional
7140,"excelente experiencia, recomendado"
7142,"Nos lo pasamos genial, muy recomendable!"
7144,Fantástico
7145,El Hotel Venecia Centro tiene una ubicación óptima y es muy recomendable.
7146,el dulce cumpleaños de mi papá
7149,vale la pena repetir
7150,encantador hotel en una ubicación privilegiada
7151,excepcional
7152,simplemente fantástico
7153,gran hotel en el centro
7155,excelente
7156,muy hermoso y bueno
7158,"muy agradable y acogedor, super recomendado"
7160,excelente ubicación y alojamiento
7163,Tuve una estancia súper agradable y cómoda.
7165,excepcional
7167,"excelente ubicación, muy bien mantenido y limpio"
7168,Ubicación y calidad al máximo.
7169,recomendado para un viaje a la ciudad!
7171,estancia fabulosa
7172,excepcional
7173,y una estructura recomendable por su buena relación calidad-precio.
7174,Valencia es hermosa y definitivamente vale la pena un viaje.
7175,"central, muy limpio, buena relación precio-rendimiento"
7176,excepcional
7177,Fantástico
7179,excepcional
7180,"Nos lo pasamos muy bien, el personal súper servicial y la ubicación no podría ser mejor. en la habitación no m"
7181,Hotel definitivamente subestimado con estrellas.
7184,excepcional
7185,excepcional
7186,¡¡¡Una necesidad absoluta en todos los sentidos!!!
7188,excepcional
7189,excepcional
7190,fantástico
7191,arriba
7192,excepcional
7194,excelente estancia. Lo recomiendo y volvería.
7195,lugar maravillosamente agradable.
7196,excelente estructura
7198,excelentes vacaciones
7200,excepcional
7201,estupenda ubicación - hotel encantador.
7202,excepcional
7205,hotel ideal para un viaje a la ciudad de Valencia
7207,Precioso hotel limpio en una excelente ubicación.
7208,"ubicación, vista y habitación superior!"
7209,maravillosa estancia en un hermoso hotel. ubicación perfecta
7211,genial para un fin de semana!
7214,vacaciones perfectas...yo diría magníficas
7215,una palabra excepcional
7216,¡Una estancia maravillosa y bien cuidada!
7217,excepcional
7218,súper
7220,excepcional
7221,excepcional
7222,
7223,excepcional
7224,excepcional
7226,excepcional
7227,hotel muy bonito y agradable
7228,excepcional
7229,gran estancia en valencia
7230,lo pasé muy bien
7231,ir arriba
7232,Muy buena ubicación y comodidad.
7233,¡Una estancia estupenda en una Valencia muy bonita!
7234,Tuvimos una estancia muy agradable y volveríamos a reservar en cualquier momento.
7236,excepcional
7237,excelente
7238,Hotel atractivo en una ubicación muy central.
7239,Delicioso
7240,excepcional
7242,prima
7243,excelente ubicación excepcional
7244,¡excelente!
7245,Cumple con las expectativas y tiene un refrigerio para quienes viajan temprano.
7246,excepcional
7247,una excelente opción para una estancia en valencia
7248,súper acogedor...excelente ubicación!
7249,"Tuvimos una estancia maravillosa en este hotel. en el corazón del centro, personal amable y la habitación y toda la casa."
7250,buena estancia
7252,¡arriba!
7253,excepcional
7256,"Excelente ubicación, merece más de 2."
7258,excelente ubicación
7260,"habitación con balcón, vista inolvidable y ubicación en la plaza central de Valencia"
7261,hermoso hotel y habitación en una ubicación muy agradable
7262,¡excelente!
7263,excelente ubicación en una gran ciudad
7264,excepcional
7265,excepcional
7267,"Bonito hotel en el centro, muy recomendable."
7269,Está bien
7271,excepcional
7272,"Tuve un gran fin de semana, ¡realmente lo disfruté!"
7273,muy centrico
7274,buena relación calidad-precio
7275,excepcional
7276,"Muy bien, volveremos con mucho gusto."
7277,Instalaciones y ubicación que le permitirán aprovechar al máximo su viaje.
7278,excepcional
7279,estancia perfecta! volver a hacerlo pero sin desayunar.
7280,Delicioso
7281,hermoso y lujoso hotel en una ubicación privilegiada
7282,excelente
7283,"Nos alojamos 3 noches para unas vacaciones cortas, la ubicación es conveniente y la estructura es muy hermosa. prácticas burocráticas"
7287,Hotel confortable con una ubicación excepcional en el que te sentirás bien acogido.
7288,excepcional
7290,elección perfecta!
7292,"Personal muy amable, ubicación perfecta y habitaciones limpias y bonitas."
7293,estancia agradable y recomendable
7294,¿Qué más quieres?
7301,¡¡¡maravilloso!!!
7302,Era comodo y limpio
7303,ser
7305,"ciudad espectacular, ubicación espectacular"
7306,experiencia superior! para ser rehecho
7307,"hotel idealmente situado, personal muy agradable, muy buena relación calidad-precio"
7308,excepcional
7309,Delicioso
7312,las habitaciones están limpias. y la calidad precio es muy buena
7315,excepcional
7318,todo perfecto
7321,"Hermoso hotel tanto interna como externamente, ubicación perfecta."
7325,"Por lo demás todo estuvo bien, es una pena que nos hubieran dado una habitación mejor."
7328,excelente ubicación. hermosas habitaciones
7331,Nochevieja en Valencia
7332,en una próxima reserva; ¡Baño con ducha de verdad!
7335,vale la pena repetir!
7338,excepcional
7339,todo hermoso
7340,agradable y agradable acogedor
7341,satisfecho
7343,Muy buen hotel y perfectamente situado.
7345,Buen hotel para visitar Valencia.
7348,excelente ubicación definitivamente recomendada
7350,perfecto
7351,"hermoso, cómodo y acogedor"
7352,excepcional
7355,maravilloso
7356,"hotel en la plaza principal, limpio, excelente desayuno. absolutamente recomendado"
7358,con mucho gusto otra vez
7364,¡Buen precio y ciertamente vale una estrella extra!
7365,"Buen hotel, no una bonita habitación."
7366,prima !
7367,"Superó las expectativas, ¡volvería a ser feliz en cualquier momento!"
7368,prima
7369,¡Una ciudad esperando ser descubierta!
7370,"Lugar muy bien ubicado, práctico y limpio."
7372,agradable y satisfactorio
7373,Alojamiento en hotel recomendado.
7376,gran hotel en el corazón de valencia
7378,Bonito hotel en el centro de la ciudad.
7381,"En resumen, todo fue genial."
7382,Todo bien. La ubicación del hotel era perfecta para visitar la ciudad.
7383,Hermoso
7384,una excelente elección
7386,Excelente ubicación en el centro de Valencia.
7387,"Todo fue perfecto, ubicación, personal, desayuno, un poco menos la habitación ya que era interna y pequeña."
7388,"Hotel muy bonito, base ideal para explorar la ciudad."
7390,excelente estancia
7391,excepcional
7393,excepcional
7394,Excelente ubica. bueno pa. amabilidad del personal.
7395,excepcional
7396,Disfrutamos de la ubicación y del personal amable.
7397,fueron unas vacaciones maravillosas
7400,"Muy bonito, con un pequeño margen de mejora."
7401,"Estaba en un lugar agradable en términos de ubicación, estaba limpio, pero el aislamiento acústico era malo y las habitaciones eran muy pequeñas, especialmente el inodoro y el baño tenían sobrepeso."
7402,hermoso hotel en una ubicación privilegiada!
7405,¡Lo pasamos muy bien aquí!
7407,en el corazón de valencia
7408,que pena lo de la habitación
7410,excepcional
7412,excelentes vacaciones en un hermoso hotel
7413,atropello y fuga en valencia
7414,gran hotel para un viaje corto a la ciudad
7415,"Buen hotel, excelente ubicación y buen desayuno."
7418,vives aquí por la ubicación
7419,excelente ubicación
7421,ubicación del hotel
7425,hotel ideal para visitar valencia!
7427,Gran hotel en el mejor lugar de Valencia.
7428,volvería en cualquier momento.
7429,
7431,corta estancia en valencia!
7433,maravillosa estancia en el corazón de la ciudad en un hotel con una buena relación calidad-precio
7434,muy buen recuerdo
7439,ubicación perfecta
7441,perfecto
7443,"Lo pasé fantástico, tuve una actualización de la habitación. personal amable, buen desayuno"
7444,Volveríamos a reservar este hotel.
7445,perfecto para una estancia relajada en la ciudad
7447,¡arriba! todo bien.
7448,"muy céntrico, moderno y limpio."
7449,bene
7451,Precioso hotel en el centro histórico de Valencia.
7452,buenas vacaciones
7453,un dos estrellas vestido de tres.
7454,excepcional
7455,¡la vista era fantástica! excelente ubicación y cálida bienvenida
7456,hotel perfecto para explorar la ciudad
7457,bonito hotel en excelente ubicación
7459,comodidad y hospitalidad
7460,un Valencia entre semana con mi hija
7461,"Nos lo pasamos bien, volvería."
7463,"Ubicación perfecta, personal agradable y buenas instalaciones."
7466,muy bien.
7467,una gran estancia. Es una pena lo de esos turistas ruidosos.
7469,Esta es nuestra segunda vez aquí y todo está bien.
7471,"excelente ubicación, muy buena relación precio-rendimiento"
7472,Recomendado para un viaje a la ciudad de Valencia.
7473,"excelente estancia en valencia, espléndida"
7475,"el hotel está situado en un lugar muy céntrico de valencia, muy buen desayuno, ¡no tengáis miedo del 2 estrellas!"
7476,excelente hotel en el centro de valencia
7477,Muy buen hotel con buena ubicación. personal amable y servicial
7478,recomendar
7479,muy agradable
7480,hotel muy agradable en el centro de la ciudad
7481,comodidad
7485,excepcional
7489,buena relación calidad-precio
7490,gran estancia
7491,ver la mascletà desde el balcón...
7495,Ubicación perfecta. excelente relación calidad-precio
7496,excepcional
7497,Buenos hoteles y muy bien ubicados. perfecto para un viaje a la ciudad
7499,"excelente, recomendado"
7500,vacaciones en la ciudad
7502,Comodidad y practicidad en el corazón de Valencia.
7505,"Excelente ubicación, ¡vale la pena repetir!"
7506,"es un hotel en el centro con una excelente relación calidad-precio, no le falta de nada"
7507,comodidad
7508,"Excelente ubicación, personal amable, tranquilo con todo lo necesario para una estancia relajante."
7509,fantástico
7510,excepcional
7511,Lo pasé muy bien.
7513,"buen hotel, buena ubicación."
7514,estancia agradable hotel muy bien ubicado
7515,", !"
7516,excepcional
7517,No podríamos haber tenido un hotel mejor por este precio.
7518,Buena solución en el centro.
7519,"excelente ubicación conveniente para llegar a todo, habitaciones estándar simples pero limpias, pero también tienen otras mejores. g personal"
7520,buena decisión para hacer turismo
7523,todo esta bien
7526,"Ubicación perfecta, edificio histórico y muy bonito."
7527,un fin de semana muy agradable en un hotel muy bien ubicado para actividades culturales y entretenimiento
7528,ideal para viajes a la ciudad
7530,ubicación muy central
7532,una visita muy exitosa y agradable y la ubicación del hotel fue la mejor posible
7533,excepcional
7534,súper
7535,excelente ubicación
7536,descanso agradable
7537,Excelente hotel en una ubicación hermosa pero sobre todo central en Valencia.
7538,volveré a este hotel
7540,"Bonito hotel en el centro, habitación un poco pequeña."
7541,excepcional
7545,Excelente solución para unas vacaciones en Valencia.
7547,"Me gustó mucho, la próxima vez preferiría una habitación con vista a la ventana."
7550,¡la mejor ubicación posible en el centro de Valencia!
7551,ideal para un viaje a la ciudad de Valencia.
7552,"estancia estupenda, gente agradable, personal amable y sencillo."
7553,buen hotel con ubicación perfecta
7556,muy recomendable!!!
7558,"excelente, el mejor hotel en valencia"
7560,excepcional
7561,ir arriba
7562,excelente ubicación y servicio de equipaje
7565,Buen hotel a precios justos en una ubicación de ensueño absoluta.
7566,súper
7567,parfait pulgar hacia arriba
7568,hotel muy agradable en el corazón del centro de la ciudad
7569,"hermosa ciudad, hotel en el centro"
7570,¡adorno!
7573,buen viaje a la ciudad
7575,Bonito hotel para una estancia maravillosa en Valencia.
7576,"Ubicación perfecta en el centro, personal agradable y habitaciones bonitas, ¡absolutamente recomendado!"
7579,2 dagen valencia
7580,excelente hotel
7581,"Fantástica vista, precio calidad es superior."
7582,¡aconsejado!
7583,¡Este hotel está en una ubicación muy buena para descubrir Valencia!
7585,buen hotel en una buena ubicación
7586,un hotel que vale la pena considerar pulgar hacia arriba
7587,la ubicación es genial
7589,"Lo recomiendo mucho, especialmente en familia, fue realmente una gran sorpresa."
7591,buena elección - para un viaje a la ciudad
7593,encantador hotel en una buena ubicación
7594,corto pero bonito
7600,Precio razonable para el centro de Valencia.
7601,Cuando reservé no vi las dos estrellas. ¿Me pregunto por qué? y absolutamente en una categoría superior
7603,buen hotel en el centro!
7604,excepcional
7606,calidad precio excelente.
7607,ideal para descubrir valencia
7608,¡Feliz de volver en su próxima visita!
7610,"Bonito hotel, justo en el centro!"
7612,estancia agradable
7615,"Definitivamente no es un hostal, pero sí un buen hotel."
7618,vale la pena repetir!
7619,excelente
7623,Ubicación privilegiada a un precio razonable.
7625,"La ubicación y la habitación eran fantásticas, comodidad y limpieza presentes. Yo diría que siempre será nuestro hotel en Valèn."
7627,La ubicación y la amabilidad son muy agradables.
7629,adecuado para familias con niños
7631,el mejor hotel para un viaje a la ciudad
7635,Nos gustó mucho y podemos recomendar el alojamiento.
7636,habitación con vista
7637,excelente hotel en una ubicación privilegiada
7638,"lugar agradable y tranquilo cerca del centro,"
7640,Bonito hotel en una excelente ubicación.
7641,buen hotel en una ubicación privilegiada
7642,gran hotel en muy buena ubicación manos aplaudendo
7643,valencia es muy bonita
7645,excelente
7646,Excelente hotel para un viaje a Valencia.
7647,siempre es un placer!
7648,muy agradable.
7650,fin de semana valencia
7651,un hotel confortable con una ubicación perfecta para visitar Valencia.
7656,súper
7657,buen hotel en una ubicación privilegiada
7658,Pasamos días maravillosos en este hotel.
7659,Precioso hotel con una bonita ubicación central.
7660,Altamente recomendado para un viaje a la ciudad.
7661,sombrero de copa
7663,perfecto en todo.
7665,parte superior del emplazamiento
7666,este hotel es muy recomendable
7667,"una ciudad limpia, transporte público, el metro desde y hacia el aeropuerto, todo perfecto"
7668,una agradable sorpresa
7673,encuentra el perfecto
7676,Buen hotel en Ben Situat.
7677,Recomendado sin lugar a dudas.
7678,fantásticas vacaciones.
7679,bonito hotel de 2 estrellas
7681,práctico.
7682,Excelente solución para visitar Valencia.
7683,Disfruté de la ubicación central del hotel y del personal amable y servicial.
7684,hermoso hotel en una ubicación perfecta.
7685,hotel en una muy buena ubicación para explorar la hermosa ciudad
7686,prima!
7690,todo esta bien
7692,La habitación la limpiaban muy bien todos los días.
7693,Con mucho gusto otra vez pero ya no en el primer piso.
7694,reserva una habitación en la parte delantera y disfruta!
7696,Óptimo
7697,Buena ubicación para explorar la ciudad desde este hotel.
7698,"Excelente elección, personal amable, desayuno abundante y de calidad."
7699,"Mi novio y yo nos alojamos 3 noches en esta propiedad, el personal nos pareció muy amable y conocedor."
7700,divertido y sorprendente
7701,excepcional
7702,excepcional
7703,muy recomendado
7704,excelente estancia
7706,estancia agradable
7707,absolutamente recomendable
7708,"Todo bien, genial para una estancia corta y excelente ubicación."
7709,excelente ubicación y muy buen desayuno!
7710,burbuja de oxígeno española
7711,fue súper
7712,"Estructura con una ubicación estratégica, en pleno centro de Valencia. Éramos dos adultos y dos niños."
7714,estancia agradable en el centro de valencia
7718,¡aconsejado! ¡Realmente no parece un dos estrellas!
7720,excepcional
7724,hotel perfecto para hacer turismo
7727,Excelente ubica.
7728,super pulgar hacia arriba
7729,Si volviera a Valencia no elegiría otro hotel.
7730,emplazamiento ideal
7731,buen hotel en una ubicación central
7734,Estancia inolvidable en este hotel... ¡Valencia una ciudad magnífica!
7735,genial para descubrir valencia.
7737,hotel limpio y céntrico
7738,excepcional
7741,Vale la pena repetirlo como la última vez.
7743,No podría ser más céntrico.
7744,excepcional
7746,"Todo perfecto, muy bueno como hotel."
7747,prima
7748,absolutamente bien
7749,excelente
7751,marca superior
7755,título superior en la mejor ubicación
7756,"Fantástica ubicación, habitación con vistas a la plaza."
7758,"Muy céntrico, instalaciones óptimas en las habitaciones, personal muy amable."
7759,súper
7760,súper
7761,el mejor alojamiento para un fin de semana en valencia
7762,Muy buen hotel para un viaje corto a la ciudad.
7763,¡maravilloso!
7764,Recomiendo esta ciudad a aquellos que aún no han estado allí. hermosa y de tamaño humano
7765,"gran hotel urbano, ubicación óptima"
7770,hotel céntrico en valencia
7773,¡estupendo!
7776,cómodo y conveniente
7777,perfecto para unas noches en la hermosa Valencia
7778,super central para turismo slow
7779,estancia agradable. servicio de calidad. Idealmente situado para visitar la antigua Valencia.
7780,Buen hotel en el centro de la ciudad de Valencia.
7782,maravillosa estancia de una noche en una ciudad fantástica
7785,excelente ubicación
7786,¡Realmente disfrutamos del alojamiento y lo recomendamos absolutamente!
7789,"excelente desayuno, excelente ubicación y excelente habitación."
7795,excepcional
7796,Se recomienda el hotel.
7799,¡muy lindo!
7801,muy bien
7802,muy bueno para explorar la ciudad
7804,cititrip valencia
7805,Excelente ubicación en el corazón de Valencia.
7807,"Muy bueno, recomendado nuevamente. ubicación central, todo a poca distancia"
7809,gran estancia en el centro de la ciudad
7814,simplemente genial!
7818,prima ligging
7819,perfecto para un viaje a la ciudad
7821,Hotel muy bien ubicado y agradable en una hermosa ciudad.
7822,valencia hermosa
7823,el mejor compromiso que encontramos por estar en el centro a un precio asequible
7827,fin de semana perfecto
7828,excelente hotel y excelente ubicación
7838,excepcional
7839,perfecto para una estancia en valencia
7840,excepcional
7841,hotel directamente en la ciudad. buena ubicación.
7843,buena relación calidad-precio
7845,buen descubrimiento
7846,excepcional
7848,5 días en valencia
7849,Pasamos unos días agradables con 6 amigos en un hotel excelente.
7850,Ubicación excepcional en Piazza Municipio y a pocos pasos de Piazza della Regina y della Vergine.
7852,muy buen hotel para visitar valencia
7854,Bonita ubicación central en un edificio elegante.
7856,agradable en la ciudad
7857,Excelente hotel pero habitación muy pequeña.
7858,"Buen lugar, precio un poco alto."
7859,fantástico para un viaje a la ciudad
7860,excepcional
7861,Delicioso
7865,muy recomendado
7866,"ubicación perfecta, buen hotel"
7868,"Buena ubicación, pero tenga cuidado con la elección de su habitación."
7871,excelente ubicación
7873,En Valencia vas a Venezia Plaza Centro
7874,buena ubicación pero habitación pequeña
7875,bonito hotel céntrico
7883,estancia agradable.
7884,OK
7885,recomendado.
7886,", , ,"
7887,"Excelente ubicación, habitación un poco pequeña para una estancia más larga, bien para 2 o 3 noches."
7888,definitivamente vale la pena regresar
7895,razonable
7896,excelente ubicación en el centro de la ciudad
7898,¡arriba!
7899,excepcional
7900,3 días en valencia
7903,BIEN
7904,BIEN
7905,BIEN
7906,maravilloso
7907,BIEN
7908,el personal de recepción que necesita ser cambiado arruina absolutamente la percepción que uno tiene del hotel
7909,BIEN
7910,campana alnwrgomper estancia en el centro
7911,aceptable
7913,BIEN
7914,Hermoso
7915,hotel muy bien ubicado pero con algunos inconvenientes
7917,BIEN
7919,Ubicación ideal en el centro de Valencia.
7920,BIEN
7921,Habíamos preguntado si podíamos reservar una habitación adicional para el último día para poder ducharnos para nuestro vuelo nocturno.
7922,hotel limpio directamente en el centro
7923,excelente ubicación en el centro. Valencia es genial y el personal muy amable.
7924,hotel muy bien situado pero muy decepcionado por la habitación: ventana que da a una pared y un fuerte olor a humedad en el
7925,"Excepto por la ventana que faltaba, ¡todo estuvo genial!"
7927,no vale la pena los altos precios
7928,BIEN
7929,BIEN
7930,"En general bien, pero es necesario revisar el aire acondicionado."
7931,BIEN
7932,"Se salvó por la ubicación pero la habitación es estrecha, incómoda para dos personas."
7933,expectativas cumplidas
7934,BIEN
7935,BIEN
7936,¡No volveremos a reservar este hotel en nuestro próximo viaje a Valencia!
7937,BIEN
7938,excelente estancia
7939,"La estancia en sí fue buena, pero el precio es demasiado alto."
7940,muy bonito hotel en el centro
7941,Bonito hotel en el centro del casco antiguo.
7943,cómodo
7944,Ubicación perfecta y limpia!
7945,"muy hermosa ciudad, agradable"
7946,BIEN
7947,BIEN
7948,lamentablemente.....
7949,buen hotel céntrico para una estancia temporal
7950,muy buen hotel
7951,¡Gran estancia en el corazón de Valencia!
7952,BIEN
7953,pésimo
7954,BIEN
7955,BIEN
7956,Bien
7957,BIEN
7958,"Excelente ubicación, pero hay hoteles más baratos en el mismo lugar."
7959,súper divertido
7960,BIEN
7962,"buena ubicación, pero ruidosa."
7963,agradable
7964,PROMEDIO
7966,
7967,BIEN
7968,BIEN
7969,experiencia positiva
7970,Está bien para un fin de semana en Valencia.
7972,cómoda habitación en pleno consumo de valència
7973,Bonito hotel pero mala insonorización entre habitaciones.
7974,más o menos
7975,estancia agradable y recomendable.
7976,está bien
7977,buena ubicación perfecta
7979,prima
7980,BIEN
7981,BIEN
7982,hotel funcional bien ubicado
7983,BIEN
7984,la ubicación es genial.
7986,"En general, una estancia de razonable a buena."
7987,"La excelente ubicación, pero la habitación sin ventanas genera bastante ansiedad."
7988,BIEN
7989,Buen recorrido por la ciudad gracias a la ubicación.
7990,BIEN
7992,BIEN
7993,BIEN
7994,¡Gran hotel en una excelente ubicación en Valencia!
7995,BIEN
7996,aceptable
7997,BIEN
7998,BIEN
7999,"Hotel muy limpio, excelente ubicación, recomendado para un viaje a la ciudad."
8000,"Habitaciones buenas, ubicación muy buena."
8001,Bonito hotel céntrico con un servicio amable y habitaciones amplias y limpias.
8002,Muy decepcionado por la ausencia de desayuno en el hotel.
8003,maravilloso con pequeños inconvenientes
8004,No volveremos y ya no pasaremos por la reserva.
8005,BIEN
8006,"Alojamiento funcional, limpio y agradable."
8007,aceptable
8010,"En general, la estancia fue buena, la ubicación era realmente conveniente."
8011,mal
8012,BIEN
8013,buena ubicación en la ciudad
8014,"hermosa ciudad, mala habitación"
8015,BIEN
8016,Cochmard realmente desaconsejó
8017,"Fantástica ubicación, pero ruidosa."
8018,Ubicación del hotel para explorar Valencia.
8019,bien por una noche
8020,BIEN
8021,"Recomendado para un recorrido por la ciudad, excelente ubicación."
8022,aceptable
8023,BIEN
8024,gran relación calidad-precio
8026,ubicación privilegiada
8027,"Fue genial, gente amable, estancia cómoda y ubicación perfecta."
8028,ubicación superior
8030,BIEN
8032,Desastre por 200 euros. ¡Para mí un fraude!
8033,contento pero se puede mejorar
8034,Intenté estar lo menos posible en mi habitación que no tenía ventana.
8035,excelente ubicación y desayuno habitación pequeña y oscura
8036,BIEN
8038,arriba por la habitación y la bienvenida de la recepcionista.
8039,valencia 2025
8041,mal
8042,"Buen lugar, muy ruidoso."
8043,"Decepcionante, no respetan la privacidad y es demasiado ruidoso."
8045,quisiera pero no puedo
8046,BIEN
8047,malo
8049,BIEN
8051,"Normalmente, este parece un gran lugar para quedarse, siempre y cuando no haya mantenimiento."
8052,Ubicación central pero ten cuidado con el tipo de habitación.
8053,BIEN
8054,ubicación central
8055,Disfruté de la hermosa y acogedora Valencia.
8056,Esperaba más de la habitación en cuanto a tamaño.
8057,PROMEDIO
8058,.              150
8060,aceptable
8061,"Excelente ubicación, limpio, personal agradable, pero claustrofóbico en la habitación económica."
8062,"Gran lugar, pero nada especial."
8063,El hotel está situado justo en el centro. ubicación genial!
8064,agradable
8065,prima
8066,BIEN
8067,BIEN
8068,"ubicación perfecta, precio-rendimiento bien"
8069,BIEN
8070,BIEN
8071,BIEN
8072,BIEN
8074,La relación precio-rendimiento no es buena
8075,"Buen hotel, la calidad de tu estancia depende de ti!!"
8076,BIEN
8077,"excelente ubicación, elija habitación con vista a la plaza"
8078,mal
8079,BIEN
8080,aceptable
8081,aceptable
8082,aceptable
8083,valencia top
8084,aceptable
8087,pésimo
8088,excepcional
8089,arriba
8090,tuvimos dias maravillosos
8091,muy recomendado
8092,excelente ubicación. ideal para explorar Valencia.
8093,¡la ubicación es el punto fuerte!
8094,mi estancia fue realmente fantástica
8096,Ubicación y vista impresionante. bonita decoración
8097,bien ubicado y hermoso!
8098,excelente ubicación
8099,Bien
8100,fue realmente fantástico
8106,excepcional
8110,excepcional
8111,excepcional
8112,excepcional
8113,excepcional
8114,excepcional
8115,excepcional
8117,excepcional
8121,excepcional
8123,excepcional
8125,excepcional
8127,excepcional
8128,excepcional
8130,excepcional
8131,excepcional
8133,excepcional
8134,excepcional
8135,excepcional
8137,excepcional
8139,excepcional
8142,excepcional
8143,excepcional
8147,excepcional
8148,excepcional
8150,excepcional
8151,excepcional
8152,excepcional
8154,excepcional
8156,excepcional
8157,excepcional
8164,excepcional
8165,excepcional
8166,excepcional
8167,excepcional
8168,excepcional
8169,excepcional
8171,excepcional
8172,excepcional
8173,excepcional
8174,excepcional
8175,excepcional
8177,excepcional
8178,excepcional
8179,excepcional
8180,excepcional
8182,excepcional
8183,excepcional
8185,genial
8186,excepcional
8187,excepcional
8188,excepcional
8189,excepcional
8190,excepcional
8191,excepcional
8193,excepcional
8196,excepcional
8197,excepcional
8205,excepcional
8207,excepcional
8208,excepcional
8210,excepcional
8211,excepcional
8212,excepcional
8214,excepcional
8215,excepcional
8216,excepcional
8221,excepcional
8222,excepcional
8225,excepcional
8226,excepcional
8227,excepcional
8228,excepcional
8232,excepcional
8235,excepcional
8237,excepcional
8238,excepcional
8239,excepcional
8240,excepcional
8245,excepcional
8246,excepcional
8247,excepcional
8250,excepcional
8251,excepcional
8254,excepcional
8255,excepcional
8256,excepcional
8259,excepcional
8260,excepcional
8263,excepcional
8264,excepcional
8267,excepcional
8269,excepcional
8270,excepcional
8273,excepcional
8276,excepcional
8279,excepcional
8281,excepcional
8283,excepcional
8284,excepcional
8285,excepcional
8287,excepcional
8288,excepcional
8291,excepcional
8293,excepcional
8294,excepcional
8295,excepcional
8297,excepcional
8298,excepcional
8299,excepcional
8301,excepcional
8302,excepcional
8307,excepcional
8308,excepcional
8309,excepcional
8311,excepcional
8312,excepcional
8313,excepcional
8315,excepcional
8316,excepcional
8317,excepcional
8318,excepcional
8320,excepcional
8323,excepcional
8324,excepcional
8326,excepcional
8327,excepcional
8328,excepcional
8332,excepcional
8333,excepcional
8334,excepcional
8338,excepcional
8339,excepcional
8341,excepcional
8344,excepcional
8346,excepcional
8347,excepcional
8348,excepcional
8351,excepcional
8353,excepcional
8354,excepcional
8355,excepcional
8356,excepcional
8360,perfecto
8361,excepcional
8362,excepcional
8363,excepcional
8365,excepcional
8367,excepcional
8370,excepcional
8371,excepcional
8374,excepcional
8375,excepcional
8377,excepcional
8378,excepcional
8380,excepcional
8381,excepcional
8383,excepcional
8384,excepcional
8385,excepcional
8386,excepcional
8389,excepcional
8391,excelente
8392,¡excelente!
8393,excepcional
8394,excepcional
8397,excepcional
8399,excepcional
8401,excepcional
8403,excepcional
8405,excepcional
8406,excepcional
8407,excepcional
8408,excepcional
8412,excepcional
8414,excelente
8415,excepcional
8416,excepcional
8419,excepcional
8420,excepcional
8421,excepcional
8422,excepcional
8424,excepcional
8426,excepcional
8429,excepcional
8430,excepcional
8431,excepcional
8432,excepcional
8438,excepcional
8439,excepcional
8444,excepcional
8445,excepcional
8446,excepcional
8450,excepcional
8451,excepcional
8452,excepcional
8455,excepcional
8458,excepcional
8461,excepcional
8464,excepcional
8466,excepcional
8468,excepcional
8470,excepcional
8471,excepcional
8473,excepcional
8474,excepcional
8475,excepcional
8477,excepcional
8478,excepcional
8479,excepcional
8481,excepcional
8482,excepcional
8484,excepcional
8485,excepcional
8486,excepcional
8488,excepcional
8489,excepcional
8490,excepcional
8491,excepcional
8496,excepcional
8498,genial
8500,excepcional
8501,excepcional
8502,excepcional
8503,excepcional
8505,excepcional
8506,excepcional
8508,excepcional
8510,excepcional
8511,excepcional
8512,excepcional
8513,excepcional
8515,excepcional
8519,excepcional
8520,excepcional
8521,excepcional
8522,excepcional
8524,excepcional
8525,excepcional
8526,excepcional
8527,excepcional
8528,excepcional
8529,excepcional
8531,excepcional
8532,excepcional
8533,excepcional
8534,excepcional
8535,excepcional
8539,excepcional
8544,excepcional
8545,excepcional
8548,excepcional
8549,excepcional
8550,excepcional
8551,muy bi en
8552,excepcional
8553,excepcional
8556,excepcional
8557,excepcional
8558,excepcional
8559,excepcional
8562,excepcional
8565,excepcional
8566,excepcional
8568,excepcional
8569,excepcional
8570,excepcional
8571,excepcional
8572,excepcional
8573,excepcional
8574,excepcional
8575,excepcional
8578,excepcional
8580,excepcional
8581,excepcional
8582,perfecto
8583,excepcional
8587,excepcional
8588,excepcional
8589,excepcional
8590,excepcional
8594,excepcional
8595,excepcional
8596,excepcional
8598,excepcional
8600,excepcional
8603,excepcional
8626,excepcional
8629,excepcional
8638,excepcional
8654,excepcional
8656,excepcional
8661,excepcional
8680,excepcional
8694,excepcional
8710,excepcional
8715,excepcional
8716,excepcional
8718,excepcional
8724,excepcional
8734,excepcional
8747,excepcional
8757,excepcional
8770,excepcional
8771,excepcional
8787,BIEN
8788,BIEN
8789,BIEN
8790,BIEN
8791,BIEN
8792,BIEN
8793,BIEN
8795,BIEN
8796,BIEN
8797,BIEN
8799,BIEN
8800,BIEN
8801,BIEN
8802,BIEN
8803,aceptable
8804,BIEN
8805,BIEN
8806,BIEN
8807,BIEN
8808,BIEN
8809,BIEN
8810,BIEN
8811,BIEN
8812,aceptable
8813,BIEN
8814,BIEN
8816,BIEN
8817,BIEN
8818,BIEN
8820,BIEN
8821,aceptable
8822,BIEN
8823,aceptable
8824,BIEN
8825,BIEN
8826,BIEN
8827,BIEN
8828,BIEN
8829,BIEN
8830,BIEN
8831,BIEN
8833,BIEN
8835,BIEN
8837,BIEN
8838,aceptable
8841,aceptable
8842,aceptable
8843,BIEN
8844,BIEN
8845,aceptable
8846,pésimo
8848,BIEN
8849,BIEN
8850,BIEN
8851,excepcional
8853,excepcional
8854,excepcional
8857,BIEN
8859,excepcional
8860,excepcional
8862,excepcional
8864,excepcional
8866,excepcional
8867,excepcional
8868,excepcional
8870,excepcional
8871,excepcional
8872,excepcional
8873,excepcional
8874,fantástico
8875,excepcional
8876,excepcional
8879,excepcional
8881,magnífico alojamiento! excelente ubicación y excelente relación calidad-precio!
8882,excepcional
8883,excepcional
8884,excepcional
8885,excepcional
8888,excepcional
8891,excepcional
8892,excepcional
8896,excepcional
8898,excepcional
8899,excepcional
8900,excepcional
8902,excepcional
8905,excepcional
8910,excepcional
8915,excepcional
8916,excepcional
8918,Gran hotel de lujo justo en el corazón de Valencia.
8919,excepcional
8921,excepcional
8922,excepcional
8923,excepcional
8927,excepcional
8928,excepcional
8929,excepcional
8930,excepcional
8931,excepcional
8932,excepcional
8933,excepcional
8935,excepcional
8936,excepcional
8937,¡Todo fue perfecto!
8938,excepcional
8941,excepcional
8942,excepcional
8944,excepcional
8945,excepcional
8947,excepcional
8948,excepcional
8949,excepcional
8950,excepcional
8951,excepcional
8953,excepcional
8955,excepcional
8957,excepcional
8959,excepcional
8960,excepcional
8961,excepcional
8962,excepcional
8964,excepcional
8965,excepcional
8967,excepcional
8969,excepcional
8970,excepcional
8972,excepcional
8976,excepcional
8977,excepcional
8978,excepcional
8979,excepcional
8980,excepcional
8981,excepcional
8982,excepcional
8983,excepcional
8985,excepcional
8986,excepcional
8987,excepcional
8991,excepcional
8993,excepcional
8995,excepcional
8996,excepcional
8998,excepcional
8999,excepcional
9000,Habitación impecablemente limpia y encantadoras instalaciones. El personal es muy amable y no me puedo quejar de su relación calidad-precio. la ubicación es de primera clase
9001,excepcional
9002,excepcional
9005,excepcional
9006,excepcional
9007,excepcional
9009,excepcional
9010,excepcional
9011,excepcional
9013,excepcional
9014,excepcional
9017,excepcional
9018,excepcional
9020,excepcional
9022,excepcional
9023,excepcional
9025,excepcional
9027,excepcional
9028,excepcional
9029,excepcional
9030,excepcional
9032,excepcional
9033,excepcional
9036,excepcional
9037,excepcional
9039,excepcional
9042,excepcional
9043,excepcional
9044,excepcional
9045,excepcional
9046,excepcional
9048,excelente estancia. Me encantó nuestra habitación
9049,excepcional
9050,excepcional
9051,excepcional
9053,excepcional
9054,excepcional
9055,excepcional
9056,excepcional
9057,excepcional
9058,"Fantástica ubicación central, perfecta para explorar una ciudad encantadora."
9059,excepcional
9060,excepcional
9062,excepcional
9068,excepcional
9069,excepcional
9070,excepcional
9071,excepcional
9075,excepcional
9079,excepcional
9082,excepcional
9084,Gran habitación y ubicación y vista perfectas.
9085,excepcional
9086,excepcional
9091,excepcional
9095,excepcional
9100,excepcional
9102,excepcional
9105,excepcional
9107,Excelente ubicación con un personal encantador. muy servicial y alegre
9108,excepcional
9111,excepcional
9112,excepcional
9113,excepcional
9116,excepcional
9118,"Perfecta ubicación, instalaciones y personal."
9119,"fue genial. Calidad increíble, cosas realmente bonitas, ubicación y vista perfectas."
9120,excepcional
9124,excepcional
9125,excepcional
9127,excepcional
9129,excepcional
9130,excepcional
9131,excepcional
9132,excepcional
9136,excepcional
9137,excepcional
9138,excepcional
9141,excepcional
9142,excepcional
9143,excepcional
9144,excepcional
9147,excepcional
9149,excepcional
9151,excepcional
9152,excepcional
9153,"Personal amable, ubicación increíble, habitación cómoda."
9154,excepcional
9155,excepcional
9160,excepcional
9161,excepcional
9163,excepcional
9164,excepcional
9165,excepcional
9166,excepcional
9168,excepcional
9170,excepcional
9171,excepcional
9172,excepcional
9173,excepcional
9175,excepcional
9178,excepcional
9179,excepcional
9187,excepcional
9189,excepcional
9190,excepcional
9191,excepcional
9192,excepcional
9193,excepcional
9195,excepcional
9196,excepcional
9201,excepcional
9203,excepcional
9208,excepcional
9209,excepcional
9210,excepcional
9213,excepcional
9214,excepcional
9215,excepcional
9221,excepcional
9222,excepcional
9223,excepcional
9224,excelente ubicación e impecablemente limpio
9225,excepcional
9226,excepcional
9227,excepcional
9228,excepcional
9230,excepcional
9233,Ubicación perfecta.
9234,excepcional
9237,excepcional
9238,excepcional
9240,excepcional
9242,excepcional
9246,excepcional
9248,un lugar tan hermoso y central
9251,excepcional
9254,excepcional
9256,excepcional
9257,excepcional
9260,excepcional
9261,excepcional
9263,excepcional
9264,"Ubicación perfecta, muy conveniente para la estación de tren, tiendas, bares, restaurantes, etc."
9266,excepcional
9268,excepcional
9269,excepcional
9270,excepcional
9271,excepcional
9272,excepcional
9277,excepcional
9278,excepcional
9279,excepcional
9283,excepcional
9286,excepcional
9287,excepcional
9288,excepcional
9289,excepcional
9290,excepcional
9291,excepcional
9293,excepcional
9294,excepcional
9296,excepcional
9303,excepcional
9304,excepcional
9305,excepcional
9306,excepcional
9307,"¡Era un hotel muy bonito, personal amable y excelente ubicación! ¡Definitivamente nos hospedaremos aquí nuevamente!"
9309,excepcional
9310,excepcional
9311,excepcional
9313,excepcional
9314,excepcional
9319,excepcional
9324,excepcional
9326,excepcional
9328,excepcional
9330,excepcional
9332,excepcional
9338,excepcional
9339,excepcional
9340,excepcional
9341,excepcional
9342,excepcional
9343,bonito y pequeño hotel justo en la plaza principal
9344,excepcional
9345,excepcional
9348,excepcional
9349,excepcional
9350,excepcional
9352,excepcional
9353,excepcional
9359,excepcional
9361,excepcional
9362,excepcional
9365,excepcional
9366,excepcional
9368,excepcional
9369,excepcional
9370,excepcional
9371,excepcional
9372,excepcional
9376,excepcional
9378,excepcional
9380,excepcional
9381,excepcional
9383,excepcional
9385,excelente ubicación y valor
9391,excepcional
9393,excepcional
9394,excepcional
9395,excepcional
9396,excepcional
9398,excepcional
9399,excepcional
9401,excepcional
9403,excepcional
9404,excepcional
9405,excepcional
9406,excepcional
9408,estancia perfecta!
9412,excepcional
9418,excepcional
9420,excepcional
9423,excepcional
9424,excepcional
9426,excepcional
9427,excepcional
9428,excepcional
9429,excepcional
9431,excepcional
9432,"muy limpio, cómodo y espacioso."
9433,excepcional
9434,excepcional
9438,excepcional
9439,excepcional
9442,excepcional
9443,excepcional
9444,excepcional
9447,excepcional
9448,excepcional
9449,excepcional
9453,excepcional
9454,excepcional
9456,excepcional
9457,excepcional
9460,excepcional
9462,excepcional
9463,excepcional
9464,excepcional
9466,excepcional
9467,excepcional
9470,excepcional
9471,excepcional
9472,excepcional
9473,excepcional
9475,excepcional
9478,excepcional
9479,excepcional
9480,excepcional
9481,excepcional
9484,excepcional
9485,excepcional
9486,excepcional
9487,excepcional
9488,excepcional
9490,excepcional
9491,excepcional
9492,excepcional
9493,excepcional
9495,excepcional
9499,excepcional
9500,"Excelente ubicación, fácil de caminar por el casco antiguo."
9505,excepcional
9506,excepcional
9508,excepcional
9509,excepcional
9512,excepcional
9513,excepcional
9515,excepcional
9518,excepcional
9520,excepcional
9523,excepcional
9525,excepcional
9526,excepcional
9532,excepcional
9535,excepcional
9537,excepcional
9538,excepcional
9539,excepcional
9540,excepcional
9541,excepcional
9542,excepcional
9546,excepcional
9569,Excelente ubicación y cómodas habitaciones con excelente vista.
9589,excepcional
9622,excepcional
9630,excepcional
9634,excepcional
9645,good location pulgar hacia arriba
9669,excepcional
9678,excepcional
9680,excepcional
9683,excepcional
9686,excepcional
9687,excepcional
9690,excepcional
9692,excepcional
9694,excepcional
9695,excepcional
9696,excepcional
9698,excepcional
9699,excepcional
9700,BIEN
9701,BIEN
9702,BIEN
9703,BIEN
9704,BIEN
9705,BIEN
9706,BIEN
9707,BIEN
9708,BIEN
9709,BIEN
9710,BIEN
9711,BIEN
9712,BIEN
9713,BIEN
9714,pésimo
9715,BIEN
9716,BIEN
9717,BIEN
9718,BIEN
9719,BIEN
9720,BIEN
9721,BIEN
9723,aceptable
9727,BIEN
9728,BIEN
9729,BIEN
9730,BIEN
9731,BIEN
9732,BIEN
9734,BIEN
9735,excelente ubicación
9737,BIEN
9738,BIEN
9739,BIEN
9740,BIEN
9741,BIEN
9743,BIEN
9744,BIEN
9745,BIEN
9747,BIEN
9748,muy mal
9749,mal
9750,BIEN
9753,excepcional
9756,excepcional
9757,excepcional
9759,BIEN
9760,excepcional
9764,excepcional
9765,excepcional
9766,excepcional
9767,excepcional
9769,excepcional
9770,excepcional
9772,excepcional
9774,excepcional
9775,excepcional
9777,excepcional
9780,excepcional
9782,excepcional
9785,excepcional
9786,excepcional
9789,excepcional
9792,excepcional
9795,excepcional
9798,excepcional
9799,excepcional
9800,excepcional
9801,excepcional
9802,excepcional
9806,excepcional
9807,excepcional
9808,excepcional
9809,excepcional
9814,excepcional
9816,excepcional
9817,excepcional
9818,excepcional
9819,excepcional
9821,excepcional
9825,excepcional
9826,excepcional
9827,excepcional
9830,excepcional
9831,excepcional
9832,excepcional
9833,excepcional
9835,excepcional
9836,excepcional
9837,excepcional
9840,excepcional
9841,Todo fue perfecto desde la bienvenida hasta la limpieza y la amabilidad del personal. Lo recomiendo.
9843,excepcional
9844,excepcional
9845,excepcional
9846,excepcional
9847,excepcional
9849,excepcional
9851,excepcional
9852,excepcional
9854,excepcional
9856,Mis expectativas fueron superadas. quedé muy satisfecho
9857,excepcional
9859,excepcional
9860,excepcional
9861,excepcional
9863,excepcional
9865,excepcional
9867,excepcional
9868,excepcional
9869,excepcional
9875,excepcional
9877,excepcional
9878,excepcional
9879,excepcional
9880,excepcional
9881,excepcional
9882,excepcional
9883,Precioso hotel justo en el centro de Valencia.
9884,excepcional
9886,excepcional
9888,excepcional
9889,excepcional
9894,excepcional
9898,excepcional
9900,excepcional
9902,excepcional
9903,excepcional
9905,excepcional
9906,excepcional
9907,excepcional
9908,excepcional
9909,excepcional
9912,excepcional
9913,excepcional
9914,excepcional
9915,excepcional
9918,excepcional
9919,excepcional
9920,excepcional
9923,excepcional
9924,excepcional
9925,excepcional
9927,excepcional
9928,excepcional
9931,excepcional
9932,excepcional
9933,excepcional
9934,excepcional
9937,excepcional
9940,excepcional
9941,excepcional
9942,excepcional
9945,excepcional
9946,excepcional
9947,excepcional
9948,excepcional
9949,Excelente limpieza y ubicación.
9950,excepcional
9953,excepcional
9955,excepcional
9956,excepcional
9957,excepcional
9959,excepcional
9960,excepcional
9961,excepcional
9962,excepcional
9964,excepcional
9965,excepcional
9966,excepcional
9971,excepcional
9972,excepcional
9973,excepcional
9974,excepcional
9977,excepcional
9978,realmente todo excelente
9980,"Hotel en el centro histórico, en una posición estratégica. La habitación con terraza es muy cómoda."
9981,excepcional
9985,excepcional
9986,excepcional
9988,excepcional
9989,excepcional
9991,excepcional
9992,excepcional
9993,excepcional
9994,excepcional
9995,excepcional
9996,excepcional
9997,excepcional
9998,excepcional
9999,excepcional
10002,excepcional
10004,excepcional
10006,excepcional
10007,excepcional
10008,súper
10009,excepcional
10011,excepcional
10012,excepcional
10016,excepcional
10019,excepcional
10020,excepcional
10022,excepcional
10023,excepcional
10025,excepcional
10027,"la ubicación es excepcional, así como las vistas y el personal que es muy atento y discreto. desayuno"
10028,excepcional
10030,excepcional
10031,excepcional
10034,excepcional
10035,excepcional
10039,excepcional
10040,excepcional
10042,excepcional
10043,excepcional
10044,excepcional
10045,excepcional
10048,excepcional
10050,excepcional
10052,excepcional
10054,excepcional
10055,excepcional
10056,excepcional
10057,excepcional
10058,excepcional
10060,excepcional
10061,excepcional
10062,excepcional
10064,excepcional
10065,excepcional
10066,excepcional
10068,excepcional
10071,excepcional
10075,excepcional
10076,excepcional
10077,excepcional
10078,excepcional
10079,excepcional
10081,excepcional
10082,excepcional
10083,excepcional
10085,excepcional
10087,excepcional
10088,excepcional
10090,excepcional
10091,excepcional
10095,excepcional
10099,excepcional
10101,"Excelente ubicación, personal muy limpio y acogedor. muy recomendado"
10104,excepcional
10108,excepcional
10109,excepcional
10110,excepcional
10111,excepcional
10113,excepcional
10119,excepcional
10122,excepcional
10125,excepcional
10126,excepcional
10127,excepcional
10128,excepcional
10132,digno de un 4 estrellas
10133,excepcional
10135,excepcional
10137,excepcional
10138,excepcional
10139,excepcional
10147,excepcional
10149,excepcional
10153,excepcional
10154,excepcional
10155,excepcional
10157,excepcional
10158,excepcional
10159,excepcional
10161,excepcional
10162,excepcional
10163,excepcional
10165,excepcional
10166,excepcional
10168,excepcional
10169,excepcional
10171,excepcional
10172,excepcional
10178,excelente
10179,excepcional
10180,excepcional
10185,excepcional
10186,excepcional
10188,excepcional
10189,excepcional
10190,excepcional
10192,excepcional
10195,excepcional
10197,excepcional
10198,excepcional
10199,excepcional
10201,excepcional
10202,muy satisfecho. Limpio pero con mucho espacio para una habitación para 4 personas. con mucho gusto otra vez
10203,excepcional
10204,excepcional
10205,excepcional
10206,excepcional
10207,¡Este hotel es definitivamente recomendado!
10213,excepcional
10214,excepcional
10218,excepcional
10219,excepcional
10220,excepcional
10221,excepcional
10222,excepcional
10224,excepcional
10225,excepcional
10226,excepcional
10228,excepcional
10231,excepcional
10232,excepcional
10233,excepcional
10234,excepcional
10237,excepcional
10239,excepcional
10240,excepcional
10242,excepcional
10243,excepcional
10245,excepcional
10246,excepcional
10248,excepcional
10249,excepcional
10250,excepcional
10251,excepcional
10254,excepcional
10255,excepcional
10257,excepcional
10259,excepcional
10260,excepcional
10264,excepcional
10265,excepcional
10267,excepcional
10268,gran estancia en un muy buen hotel
10273,excepcional
10275,excepcional
10277,excepcional
10278,excepcional
10282,excepcional
10283,excepcional
10284,excepcional
10285,excepcional
10287,excepcional
10289,excepcional
10290,excepcional
10292,excepcional
10293,excepcional
10294,excepcional
10297,excepcional
10300,excepcional
10301,excepcional
10302,excepcional
10304,excepcional
10307,excepcional
10308,excepcional
10309,excepcional
10310,excepcional
10311,excepcional
10312,excelente ubicación y buena relación calidad-precio
10318,excepcional
10321,excepcional
10322,excepcional
10324,no podría ser mejor
10325,excepcional
10328,excepcional
10336,excepcional
10337,excepcional
10346,"hermoso hotel, elegimos la vista de la plaza que es maravillosa"
10347,excepcional
10348,excepcional
10351,excepcional
10352,excepcional
10356,"ubicación fantástica. Habitación muy bonita, limpia y bien decorada. Gran estancia que vale la pena repetir."
10357,excepcional
10362,excepcional
10363,excepcional
10364,excepcional
10365,excepcional
10367,excepcional
10369,fantástico
10373,excepcional
10376,excepcional
10378,excepcional
10379,excepcional
10380,excepcional
10381,excepcional
10382,excepcional
10384,excepcional
10385,excepcional
10386,excepcional
10387,excepcional
10388,excepcional
10389,excepcional
10390,excepcional
10395,excepcional
10396,excepcional
10397,buenas camas y ubicación
10398,excepcional
10403,excepcional
10404,excepcional
10405,excepcional
10407,excepcional
10409,excepcional
10410,excepcional
10411,excepcional
10412,excepcional
10413,excepcional
10414,excepcional
10416,excepcional
10417,excepcional
10421,excelente
10422,excepcional
10427,excepcional
10428,excepcional
10429,excepcional
10433,excepcional
10434,excepcional
10435,excepcional
10437,excepcional
10438,excepcional
10440,excepcional
10443,excepcional
10446,excepcional
10447,excepcional
10450,excepcional
10451,excepcional
10452,excepcional
10453,excepcional
10454,excepcional
10456,excepcional
10457,excepcional
10458,excepcional
10462,excepcional
10463,excepcional
10465,excepcional
10468,excepcional
10474,excepcional
10476,excepcional
10478,excepcional
10480,excepcional
10481,excepcional
10484,excepcional
10485,excepcional
10486,excepcional
10487,excepcional
10488,excepcional
10492,Muy buena habitación con balcón. Me alojaré aquí de nuevo.
10493,"todo limpio, organizado, con espacio para dejar tu maleta en un locker seguro."
10494,excepcional
10497,excepcional
10498,excepcional
10499,excepcional
10500,excepcional
10503,excepcional
10506,excepcional
10508,excepcional
10509,excepcional
10513,excepcional
10514,excepcional
10522,excepcional
10525,excepcional
10526,excepcional
10527,excepcional
10528,excepcional
10529,excepcional
10532,excepcional
10535,excepcional
10538,Es muy bueno para ver todos los lugares de interés del casco antiguo.
10539,excepcional
10540,excepcional
10544,excepcional
10545,excepcional
10546,excepcional
10547,excepcional
10548,excepcional
10549,excepcional
10550,excepcional
10551,excepcional
10553,excepcional
10555,excepcional
10565,excepcional
10569,excepcional
10572,excepcional
10573,excepcional
10574,excepcional
10579,excepcional
10580,excepcional
10583,excepcional
10584,excepcional
10586,excepcional
10589,excepcional
10590,excepcional
10591,excepcional
10592,¡aconsejado!
10593,excepcional
10596,excepcional
10597,excepcional
10598,excepcional
10601,excepcional
10602,excepcional
10603,excepcional
10606,excepcional
10607,excepcional
10618,excepcional
10619,excepcional
10620,excepcional
10621,excepcional
10623,excepcional
10625,excepcional
10626,excepcional
10628,excepcional
10629,excepcional
10630,excepcional
10635,excepcional
10639,excepcional
10641,excepcional
10643,excepcional
10645,excepcional
10647,excepcional
10649,excepcional
10650,el arbol
10652,excepcional
10653,excepcional
10656,excepcional
10657,excepcional
10659,excepcional
10660,excepcional
10661,excepcional
10662,parfait
10665,excepcional
10667,excepcional
10669,excepcional
10670,excepcional
10673,excepcional
10674,excepcional
10676,excepcional
10677,excepcional
10678,excepcional
10679,excepcional
10686,excepcional
10687,excepcional
10688,excepcional
10689,excepcional
10690,excepcional
10693,excepcional
10695,excepcional
10696,excepcional
10699,excepcional
10700,excepcional
10701,excepcional
10704,excepcional
10706,excepcional
10708,excepcional
10709,"Ubicación muy central, personal excelente, desayuno muy rico. muy recomendable!"
10713,excepcional
10714,excepcional
10716,excepcional
10718,excepcional
10722,excepcional
10723,excepcional
10724,excepcional
10725,excepcional
10726,excepcional
10727,excepcional
10728,excepcional
10729,excepcional
10730,excepcional
10732,excepcional
10734,"genial, como siempre"
10735,excepcional
10736,excepcional
10737,excepcional
10739,excepcional
10740,excepcional
10741,excepcional
10742,excepcional
10745,excepcional
10748,excepcional
10749,excepcional
10750,excepcional
10752,todo perfecto! excelente ubicación
10753,excepcional
10754,excepcional
10755,excepcional
10756,excepcional
10758,excepcional
10761,excepcional
10765,excepcional
10766,excepcional
10767,excepcional
10768,excepcional
10772,excepcional
10773,excepcional
10774,excepcional
10778,excepcional
10779,excepcional
10781,excepcional
10782,excepcional
10783,excepcional
10785,excepcional
10787,excepcional
10792,excelente ubicación limpia y acogedora
10795,excepcional
10797,excepcional
10798,excepcional
10800,excepcional
10801,excepcional
10802,excepcional
10803,excepcional
10804,excepcional
10805,excepcional
10807,excepcional
10808,excepcional
10809,excepcional
10810,excepcional
10816,excepcional
10817,excepcional
10819,excepcional
10821,excepcional
10823,excepcional
10824,excepcional
10825,excepcional
10828,excepcional
10830,excepcional
10833,".     - 100 100. .                , ,"
10835,excepcional
10836,excepcional
10837,excepcional
10839,excepcional
10840,excepcional
10841,excepcional
10842,excepcional
10845,excepcional
10846,excepcional
10847,excepcional
10848,excepcional
10850,excepcional
10852,excepcional
10853,excepcional
10856,excepcional
10857,excepcional
10859,excepcional
10860,excepcional
10861,excepcional
10862,excepcional
10863,excepcional
10864,excepcional
10866,excepcional
10867,excepcional
10868,excepcional
10869,excepcional
10870,excepcional
10871,excepcional
10877,excepcional
10879,excepcional
10880,excepcional
10882,excepcional
10885,excepcional
10886,excepcional
10887,excepcional
10890,excepcional
10893,excepcional
10894,excepcional
10895,excepcional
10898,excepcional
10901,excepcional
10903,excepcional
10906,excepcional
10908,excepcional
10912,excepcional
10915,excepcional
10916,excepcional
10919,excepcional
10920,excepcional
10921,excepcional
10927,excepcional
10930,excepcional
10931,excepcional
10936,excepcional
10937,excepcional
10938,excepcional
10940,excepcional
10941,excepcional
10942,excepcional
10944,excepcional
10946,excepcional
10947,excepcional
10950,excepcional
10952,excepcional
10955,excepcional
10956,excepcional
10957,excepcional
10961,excepcional
10962,excepcional
10963,excepcional
10966,excepcional
10972,excepcional
10975,excepcional
10976,excepcional
10978,excepcional
10981,excepcional
10982,excepcional
10989,excepcional
10991,excepcional
10993,excepcional
10994,excepcional
10995,excepcional
10997,excepcional
10999,"Excelente ubicación, personal agradable, bonita habitación."
11000,excepcional
11002,excepcional
11005,excepcional
11006,excepcional
11017,excepcional
11019,excepcional
11022,excepcional
11024,excepcional
11025,excepcional
11029,"Perfecto, céntrico y con una vista impresionante."
11030,excepcional
11032,excepcional
11033,excepcional
11034,excepcional
11035,super centrico y limpio
11036,excepcional
11038,"Gran hotel, ubicación perfecta, increíblemente limpio, personal amable, buen desayuno."
11040,excepcional
11042,fantástico
11044,excepcional
11046,excepcional
11048,excepcional
11050,excepcional
11054,excepcional
11055,excepcional
11058,excepcional
11059,excepcional
11060,excepcional
11062,excepcional
11066,excepcional
11067,excepcional
11068,excepcional
11069,excepcional
11072,excepcional
11073,excepcional
11074,excepcional
11075,excepcional
11078,excepcional
11083,excepcional
11084,excepcional
11085,excepcional
11087,excepcional
11091,excepcional
11092,excepcional
11093,excepcional
11098,excepcional
11100,"buena ubicación, súper céntrico. habitación limpia y personal amable. ¡aconsejado!"
11104,excepcional
11105,excepcional
11106,excepcional
11107,excepcional
11109,excepcional
11110,excepcional
11111,excepcional
11112,excepcional
11113,excepcional
11118,excepcional
11119,excepcional
11120,excepcional
11125,excepcional
11126,excepcional
11127,excepcional
11130,excepcional
11132,excepcional
11136,excepcional
11140,excepcional
11141,excepcional
11143,excepcional
11144,excepcional
11145,excepcional
11149,excepcional
11150,excepcional
11152,excepcional
11155,níquel
11161,excepcional
11162,excepcional
11164,excepcional
11166,excepcional
11167,excepcional
11170,excepcional
11171,excelente
11173,excepcional
11174,excepcional
11180,excepcional
11181,excepcional
11183,excepcional
11184,excepcional
11186,excepcional
11188,excepcional
11189,excepcional
11192,excepcional
11195,excepcional
11196,excepcional
11197,excepcional
11198,excepcional
11199,excepcional
11200,excepcional
11205,excepcional
11206,excepcional
11207,excepcional
11208,excepcional
11211,excepcional
11213,excepcional
11214,excepcional
11222,excepcional
11226,excepcional
11227,excepcional
11230,excepcional
11234,excepcional
11235,excepcional
11236,excepcional
11237,excepcional
11238,excepcional
11241,excepcional
11245,excepcional
11246,excepcional
11247,excepcional
11248,excepcional
11251,"Excelente ubicación, en el centro de la ciudad y muy limpio."
11252,excepcional
11254,maravilloso
11255,excepcional
11259,excepcional
11261,"La ubicación del hotel es excelente, las habitaciones son pequeñas pero cómodas. ¡el personal es muy amable!"
11262,excepcional
11264,excepcional
11267,excepcional
11270,excepcional
11276,excepcional
11278,excepcional
11279,excepcional
11280,excepcional
11282,excepcional
11284,excepcional
11285,excepcional
11290,excepcional
11291,excepcional
11296,excepcional
11297,excepcional
11298,excepcional
11300,excepcional
11302,excepcional
11306,Recomiendo el hotel
11308,excepcional
11310,excepcional
11320,excepcional
11325,excepcional
11326,satisfacción por encima del promedio
11351,excepcional
11377,excepcional
11378,excepcional
11383,excepcional
11388,excepcional
11390,excepcional
11408,excepcional
11409,excepcional
11411,excepcional
11416,interesante y completo
11426,excepcional
11431,excepcional
11432,excepcional
11443,excepcional
11449,muy bien
11452,excepcional
11463,Precioso hotel en una excelente ubicación justo en el centro.
11464,excepcional
11475,excepcional
11490,excepcional
11497,excepcional
11527,excepcional
11534,excepcional
11578,excepcional
11590,excepcional
11600,excepcional
11604,excepcional
11613,excepcional
11632,excelente
11636,excepcional
11640,excepcional
11643,excepcional
11654,excepcional
11657,excepcional
11664,excepcional
11684,personal agradable. ubicación superior. gran hotel!!!
11689,excepcional
11691,excepcional
11707,excepcional
11721,excepcional
11724,excepcional
11749,excepcional
11756,bueno
11780,excepcional
11808,excepcional
11818,excepcional
11819,excepcional
11820,excepcional
11823,excepcional
11824,"maravilloso hotel en la plaza del ayuntamiento, a un paso de las otras plazas importantes de la ciudad"
11827,excepcional
11828,excepcional
11834,excepcional
11836,excepcional
11840,BIEN
11841,BIEN
11842,BIEN
11844,BIEN
11845,BIEN
11846,BIEN
11847,BIEN
11848,BIEN
11849,BIEN
11851,BIEN
11852,BIEN
11853,BIEN
11854,BIEN
11855,BIEN
11856,BIEN
11858,BIEN
11860,BIEN
11861,BIEN
11862,BIEN
11863,BIEN
11864,BIEN
11865,BIEN
11866,BIEN
11867,BIEN
11868,"Estructura ubicada en la plaza central, cerca de la estación y del resto de atracciones, fácilmente accesible con"
11869,BIEN
11870,BIEN
11872,BIEN
11873,BIEN
11874,BIEN
11875,BIEN
11876,BIEN
11877,BIEN
11878,BIEN
11879,BIEN
11881,BIEN
11882,BIEN
11883,BIEN
11884,BIEN
11885,BIEN
11886,BIEN
11888,BIEN
11889,BIEN
11890,BIEN
11891,BIEN
11892,BIEN
11894,BIEN
11895,BIEN
11896,BIEN
11897,BIEN
11898,BIEN
11899,La ubicación es buena y la gente es amigable.
11901,BIEN
11902,BIEN
11903,BIEN
11904,BIEN
11905,BIEN
11906,Buen hotel en una buena ubicación.
11907,BIEN
11908,BIEN
11909,BIEN
11910,BIEN
11911,BIEN
11912,BIEN
11913,BIEN
11914,BIEN
11915,BIEN
11916,BIEN
11917,BIEN
11918,BIEN
11919,BIEN
11920,BIEN
11921,aceptable
11922,BIEN
11924,BIEN
11925,BIEN
11926,BIEN
11927,BIEN
11929,BIEN
11930,BIEN
11931,BIEN
11932,BIEN
11933,BIEN
11934,BIEN
11935,BIEN
11936,BIEN
11937,BIEN
11938,BIEN
11939,BIEN
11940,BIEN
11941,BIEN
11942,aceptable
11943,BIEN
11944,agradable
11945,BIEN
11946,aceptable
11947,BIEN
11949,BIEN
11951,aceptable
11953,aceptable
11954,BIEN
11955,hotel muy céntrico
11956,BIEN
11959,BIEN
11960,aceptable
11961,BIEN
11962,BIEN
11963,BIEN
11965,BIEN
11966,aceptable
11967,pésimo
11968,BIEN
11971,excepcional
11976,excepcional
11984,BIEN
11986,excepcional
11987,excepcional
11988,brillante
11989,genial
11990,excepcional
11991,excepcional
11992,excelente espero volver.
11994,así da gusto viajar
11995,excepcional
11997,todo excelente!!
12000,excepcional
12001,perfecto
12004,volveré
12006,excepcional
12008,excepcional
12010,cómodo
12012,excepcional
12018,aoectacular
12021,un hotel para repetir.
12022,las vistas muy lindas!!!
12023,excepcional
12024,¡excelente!
12027,excepcional
12030,excepcional
12031,y 11
12032,un sitio para recordar
12033,perfecta
12034,perfecta
12036,excelente
12041,bastante bien
12042,excepcional
12043,excepcional
12045,excepcional
12046,excepcional
12048,excepcional
12049,excepcional
12050,excepcional
12053,excelente
12056,excepcional
12057,gracias por vuestra amabilidad
12062,excelente
12072,prevengan
12080,inolvidable
12081,excepcional
12085,excelente
12097,estuvo genial
12099,excepcional
12102,excepcional
12105,buen hotel
12114,BIEN
12117,demasiado grande
12118,súper súper limpio me gusto todo
12119,BIEN
12120,BIEN
12123,BIEN
12124,aceptable
12128,genial
12130,lo pasamos genial
12133,para repetir estancia
12134,BIEN
12135,BIEN
12136,mal
12139,lugar
12140,mejorable
12146,aceptable
12148,excepcional
12149,Una estancia maravillosa con mi hijo en este encantador hotel.
12150,hermosa estancia
12151,"lugar encantador, vale la pena visitarlo."
12152,muy satisfecho con toda la experiencia.
12153,gran lugar
12154,excepcional
12155,Excelentes instalaciones y estancia confortable en una habitación limpia.
12157,Fantástico servicio y personal en un alojamiento cómodo y conveniente. Excelente relación calidad-precio para una propiedad encantadora tan cerca del Wat.
12158,un hotel ideal para una salida previa al vuelo
12159,espléndido
12160,excepcional
12161,nuestra estancia fue muy agradable
12162,gran hotel muy limpio
12164,excepcional
12165,lugar perfecto para una escapada femenina.
12166,perfecto para viajeros solitarios
12169,increíble hotel con vistas espectaculares
12171,excelente ubicación. excelentes instalaciones
12172,"Muy bien situado en la playa y no lejos de la concurrida Palma, fácil acceso a la ciudad y al aeropuerto."
12173,Gran hotel y ubicación para explorar el área local y Palma.
12174,excepcional
12175,gran hotel en una excelente ubicación
12176,muy buen hotel
12177,estancia encantadora y muy cerca de la playa.
12178,excepcional
12179,encantadora escapada relajante con preciosas vistas al mar
12180,agradable estancia
12181,gran hotel con una vista increíble
12182,Claramente era un hotel de 4 estrellas con piscinas en el tejado superior.
12183,estancia relajada justo en primera línea de playa
12185,Impresionante con algo de espacio para mejorar.
12186,encantadora estancia en la playa en mallorca
12188,"Ubicación perfecta justo al lado de una hermosa y amplia playa, limpia y conveniente para una estadía corta."
12189,agradable y fácil
12191,excepcional
12192,Buen hotel cerca de la playa y del aeropuerto.
12193,perfecto
12194,"excelente ubicación,"
12195,Gran descanso relajante en una zona tranquila de Mallorca con encantadores restaurantes que sirven comida mediterránea con especialidades mallorquinas.
12197,excelente como siempre
12198,"great stay, recommended estrella brillante estrella brillante estrella brillante estrella brillante estrella brillante"
12199,excelente elección
12200,excepcional
12201,"muy, muy hermoso!"
12202,"Fantástico hotel de playa, con personal amable."
12203,gran valor
12204,excepcional
12206,excellent hotel with amazing rooftop terrace. love manos formando un corazón
12207,"Excelente ubicación, personal y habitaciones. Lástima del desayuno."
12209,ubicación fabulosa y hotel increíble
12210,Una estancia encantadora en un gran hotel. ¡Gracias!
12211,buen hotel en general razonable
12212,excepcional
12213,excelente hotel
12214,las mejores notas
12215,una estancia estupenda cerca del aeropuerto y del mar: un hotel limpio y cómodo con un personal atento
12216,¡Gran hotel con increíble área en la azotea!
12217,arriba
12218,Mezmorizante azotea y habitaciones con vistas.
12219,maravilloso descanso relajante
12220,una estancia encantadora y relajada
12221,excelente
12222,hermoso hotel hermosas piscinas y ubicación
12224,Gran lugar pero falta el lujo de un hotel de 4 estrellas.
12225,personal muy agradable y servicial. Buen desayuno buffet y buena vista de la bahía para sentarse y tomar una copa.
12226,100 por ciento recomendado
12229,bonito hotel satisfizo mis necesidades
12230,semana increíble
12231,agradable descanso relajante.
12232,cerca de la playa!
12233,un lugar perfecto para quedarse..
12234,"El servicio es excelente, el hotel realmente ofrece muchas actividades. la terraza de la azotea es increíblemente buena. lo creo"
12235,una estancia breve pero agradable
12236,excepcional
12237,excelente
12238,Muy recomendable.
12239,"Fantástico hotel, excelente ubicación y magníficas instalaciones. gran relación calidad-precio"
12241,Un buen descanso sería mejor en temporada o si extendieran el entretenimiento a la última semana de la temporada.
12242,Vuelvo enseguida
12244,lugar perfecto para quedarse
12245,El bar de la azotea y el desayuno estaban fuera de combate.
12246,excepcional
12247,excelente
12250,Precioso hotel en una excelente ubicación. Lo recomiendo encarecidamente.
12251,"Mezcla de gran sensación debido a la vista de la habitación, pero el ruido temprano en la mañana a partir de las 6 am es malo."
12252,¡Hotel de playa absolutamente fantástico!
12253,Me encantó
12254,Viajo sola aquí y me encantó la ubicación de este hotel. cerca del aeropuerto con un corto trayecto en autobús.
12255,estancia encantadora con preciosas vistas!
12257,hotel increíble!
12258,fantástico lugar para alojarse en can pastilla
12259,"gran vista, ubicación"
12260,excepcional
12261,excepcional
12262,relajante pacífico
12263,Excelente habitación con vistas brillantes.
12264,estancia encantadora para nuestra sexta visita a este hotel
12265,El fabuloso hotel volverá el año que viene para una estancia más larga.
12266,vacaciones perfectas en un paraíso turístico
12267,fabulosa estancia de cuatro noches. Definitivamente lo recomendaría.
12268,¡Definitivamente regresaría! gran desayuno también!
12269,"Definitivamente me alojaría aquí de nuevo, el personal fue muy servicial y amable."
12270,"bien ubicado. actividades de deportes acuáticos, supermercados y posibilidades gastronómicas están a la vuelta de la esquina"
12271,habitaciones con vista
12272,está bien
12273,"el mejor hotel en can pastilla, con el mejor confort, comida y diversión"
12274,increíble definitivamente se quedará de nuevo
12275,"Bonito hotel, muy conveniente para el aeropuerto, encantadora piscina y bar en la azotea."
12276,simplemente el mejor
12277,buenas instalaciones y bien ubicado
12278,conveniente escala en el hotel.
12279,excelente hotel por una excelente relación calidad-precio
12280,Nuestra habitación doble era espaciosa y las camas eran cómodas. Teníamos vistas de doble aspecto. Visitamos a principios de julio un
12281,Mi mejor elección si quieres un lugar donde pasar la noche antes de volar a casa.
12282,una estancia perfecta
12283,Me gustó mucho haber estado aquí.
12284,El hotel de lujo más hermoso... con las vistas más excepcionales. estancia maravillosa!
12285,excepcional
12286,estancia estupenda y cómoda
12288,estancia fácil muy cómoda
12289,excepcional
12290,"Volvería a utilizar este hotel, ¡fue increíble!"
12291,estancia muy agradable.
12292,perfecto
12293,una excelente manera de relajarse y descansar
12294,"En general, tuvimos una gran experiencia y volveríamos en cualquier momento."
12295,¡Me encantó!
12296,excelente valor
12297,Gran hotel con un personal brillante en una hermosa ubicación.
12298,"gran hotel, útil para el aeropuerto también"
12299,excepcional
12300,"Tuvimos una hermosa estadía aquí, ojalá nos hubiéramos quedado más tiempo. la ubicación es perfecta. cerca del aeropuerto y de palma pero"
12301,excepcional
12302,relajante y todo lo que podría haber pedido
12303,Disfruté mi estadía y llegué al aeropuerto en el momento oportuno.
12304,seguro para viajeros solitarios. amigable y limpio.
12305,encantador hotel y personal
12306,Tuvimos una estancia encantadora.
12307,el clima estaba demasiado frio
12308,Me sentí seguro y pude descansar y relajarse.
12310,excelente ubicación excelente relación calidad-precio
12311,las arenas es un ganador
12312,"Excelente ubicación, brillante piscina en la azotea y desayuno increíble."
12314,excepcional
12315,Justo lo que quería.
12316,"Esta es una joya de hotel. Nos alojamos en casa y la comida era excepcional, pescado fresco todas las noches."
12317,relajante disfrutamos de nuestra estancia.
12318,Estancia cómoda e increíble cerca de Palma.
12319,encantador hotel céntrico con mucho que ofrecer
12320,"estancia fantástica. Gran servicio, cómodas habitaciones, ubicación."
12321,hotel perfecto y gran personal
12322,estancia agradable en un hotel con una buena relación calidad-precio
12324,hermosas vistas desde un hotel encantador
12325,encantadora ubicación; habitaciones muy bonitas; gran desayuno
12327,"hotel perfecto, justo lo que necesitábamos!"
12328,encantador hotel en una excelente ubicación.
12329,excepcional
12330,"Estancia muy cómoda, personal excelente y buena comida. gracias"
12331,"Bonito lugar para alojarse, pero algunas cosas pequeñas que agregar."
12332,perfecto
12333,buena propiedad. mala comida.
12336,hermoso lugar
12337,excepcional
12338,"Buena ubicación, gran patio en la azotea, buen restaurante."
12339,hermoso
12340,estancia encantadora!
12343,"encantador hotel relajante, excelente servicio y comida"
12344,Precioso descanso en un hotel muy bonito frente a la playa y cerca de tiendas.
12346,"Está bien, último lugar para pasar una noche antes de volver a casa."
12347,excepcional
12348,atención al detalle requerida
12349,estancia fantástica
12352,"Elegimos este hotel por el vuelo temprano por la mañana y la proximidad al aeropuerto, al paseo marítimo y a la playa."
12353,no me puedo quejar del hotel
12354,excepcional
12355,Vista muy relajante e impresionante desde la piscina de la azotea.
12356,excepcional
12358,Ubicación fantástica y personal increíble.
12359,excepcional
12360,amazing. 5 stars estrella brillante
12361,buena ubicación
12362,un lugar encantador.
12363,"Parada perfecta para pasar la noche al tomar un vuelo temprano, el hotel y la zona superaron nuestras expectativas."
12364,maravillosamente
12365,excepcional
12366,ideal para una puerta de entrada relajante
12369,bonito lugar
12370,excepcional
12371,¡asombroso!
12372,increíble experiencia hotelera. nos encantó
12373,gran lugar con buena comida
12375,"fabuloso hotel, volveremos"
12376,"brillante, excepto de una persona."
12377,excepcional
12378,excepcional
12379,unos días estupendos con amigos hotel impecable ubicación genial
12380,excepcional
12381,maravillosas vacaciones - volveremos
12382,encantadora estancia relajante!
12383,buenas vacaciones
12384,encantadora estancia relajante
12386,corto y bueno. !
12387,excepcional
12388,excepcional
12389,excelente hotel
12390,excepcional
12391,"vista a la playa, piscina y servicio amable"
12393,bien
12395,vacaciones increíbles sin grandes problemas
12398,hermoso y céntrico lugar para quedarse!
12399,excepcional
12400,excepcional
12401,perfecto si llegas tarde a palma
12402,gran hotel con vistas fabulosas
12403,Disfrutamos de nuestra estancia. Consideraríamos volver.
12404,hotel perfecto para nuestro breve descanso
12405,excepcional
12407,Realmente lo disfrutamos y volveremos.
12408,excepcional
12409,Volvería a ir.
12410,fin de semana de despedida de soltera perfecto para nuestro amigo
12411,buen hotel
12412,excepcional
12413,pacífico y tranquilo.
12414,"En general, pedidos de taxi muy cómodos y convenientes desde la recepción y amables; nos alojaríamos allí de nuevo."
12415,"gran hotel, relación calidad-precio"
12416,excepcional
12417,excelente breve descanso
12418,Lo recomiendo definitivamente
12419,"excelente ubicación, amigable y buena relación calidad-precio"
12420,casi perfecto.
12421,"Estancia maravillosa, compre solo algunos problemas para un hotel excelente."
12422,brillante
12423,excepcional
12424,cómodas habitaciones en una zona bastante turística
12425,hotel realmente bonito con hermosas vistas al mar
12426,descanso perfecto de 5 noches
12428,muy lindo
12429,bonito lugar
12430,Realmente disfruté de mi estancia en este hotel y me alojaría aquí de nuevo en un futuro próximo.
12433,convenientemente cerca del aeropuerto y del mar
12434,excelente ubicación junto a la playa. gran desayuno. Me quedaría de nuevo.
12435,"encantador hotel, en perfecta ubicación"
12436,Buena ubicación pero en una zona turística muy concurrida que atrae a cierto tipo de personas.
12438,"En general, un lugar fantástico para pasar sus vacaciones."
12439,Excelente ubicación cerca de la playa de palma.
12440,bonito hotel para vocación
12443,"satisfactorio, disfruté la comida"
12444,buen precio en excelente ubicación
12445,Está bien para una aventura de una noche.
12446,El hotel en su conjunto es fantástico y está en una buena ubicación. Las piscinas en la azotea son mucho más pequeñas de lo que aparecen en la imagen.
12447,OK
12448,fue una buena estancia.
12449,Excelente alojamiento justo en frente con vista a la playa. desayuno muy bueno mucho en oferta para su
12450,gran lugar.
12452,"Gran hotel, sólo algunas decepciones."
12455,excepcional
12457,gran hotel
12462,"gran personal, hotel acogedor"
12463,"En general, valió la pena la visita y una estancia agradable."
12464,hotel limpio y moderno con vistas increíbles
12465,gran estancia
12467,Encantadora estancia relajante perfecta para hacer turismo en el centro de Palma.
12475,Disfruté de mi estancia. Modificar algunas cosas podría ser brillante.
12477,Precioso hotel moderno en una excelente ubicación.
12478,Nos encantó nuestra estancia en este hotel y ya lo hemos recomendado a mis amigos.
12480,"En general, fue agradable, pero no estoy seguro de si regresaríamos."
12481,excepcional
12484,Gran base para nuestra corta estancia en Mallorca.
12485,excelente ubicación
12487,"Excelente ubicación para una escapada corta, ya sea caminando por el paseo marítimo hasta Arenal o andando en bicicleta hasta Palma."
12488,"buen vfm, buena ubicación. la comida estaba bien"
12489,en general bien
12491,Buena relación calidad-precio en una habitación limpia y recién amueblada.
12492,estancia muy agradable
12493,excepcional
12494,"estancia familiar corta, conveniente cerca de la playa y el aeropuerto"
12495,"bonito hotel, cerca de la playa"
12496,un buen lugar para pasar la noche antes del vuelo o unos días en la isla
12498,BIEN
12499,"Buen hotel para una estancia cerca del aeropuerto, cerca de la playa y restaurantes."
12500,estancia en el hotel empañada por una terrible experiencia de check-in.
12501,"Personal limpio y acogedor, pero un poco desanimado por otros huéspedes."
12502,Excelente ubicación para llegar a palma y otras zonas. Excelente relación calidad-precio y para unas vacaciones y preciosas vistas a la playa.
12503,Bonito hotel arruinado por la falta de opciones vegetarianas en la cena: esto se comentó la primera noche.
12504,"Agradable, excelente ubicación y desayuno, pero revisa la habitación con vista al mar."
12505,"En general, es un hotel agradable con un encantador bar en la azotea."
12506,Disfrutamos de nuestra estancia en Las Arenas y sin duda volveremos.
12507,Hermoso hotel con una bonita vista y buena ubicación.
12509,BIEN
12510,BIEN
12511,cómodo limpio cerca del aeropuerto y un gran desayuno.
12512,agradable para un viaje corto
12513,No lo recomendaría. muchos hoteles mejores. ¡Esto era caro para el estándar!
12514,"Gran hotel, excelente comida, excelente ubicación. ¡Lo visitaría de nuevo!"
12515,BIEN
12516,fabulosa estancia de 4 noches. lo recomendaría a mis amigos
12518,bonita vista junto a la playa
12519,good location pulgar hacia arriba
12520,caro limpio básico
12521,nada especial
12522,"Bonito hotel, fantástico para los servicios locales, justo en la playa, alquilar una bicicleta para 8 personas al lado, fácil ciclo de 6 millas hasta Palma. gramo"
12524,hotel solido
12525,Excelente ubicación y piscina en la azotea. El personal fue muy amable. agradable y rápido al aeropuerto y palma.
12526,BIEN
12527,no para nosotros otra vez
12528,BIEN
12529,"Buena ubicación, habitaciones extremadamente pequeñas y una mala experiencia de desayuno."
12530,"personal agradable y servicial, hotel limpio. tal vez se necesite un poco más de atención a los requisitos actuales para las alergias"
12531,Demasiado caro para lo que se ofrece pero no terrible.
12533,agradable por una noche
12534,relajante
12535,Buenas opciones de desayuno en el bar de la azotea. Está bien para una estancia corta. Es caro para lo que ofrece.
12536,Mala calidad de la comida y comportamiento poco profesional de las amas de casa.
12537,ubicación ubicación
12538,una ubicación encantadora el desayuno era bueno pero el personal era grosero.
12539,Gran hotel con preciosas instalaciones. sólo decepcionado por el mal servicio
12540,BIEN
12541,"Buena ubicación, habitaciones limpias y cómodas pero desayuno decepcionante."
12542,Buen hotel con algunos inconvenientes menores.
12543,"Hotel promedio, ni el peor ni el mejor."
12544,decepcionado con la calidad de la comida
12545,lamentablemente muy decepcionado.
12546,"Me encantó la ubicación del hotel, las instalaciones, la habitación excelente, demasiado pequeña."
12547,El hotel tenía overbooking y trasladó nuestra reserva a otro hotel el día de. No teníamos la habitación ni el balcón que teníamos.
12548,BIEN
12549,corto y bueno..
12550,"En recepción me costó mucho hacer el check-out con 20 minutos de retraso, a pesar de las largas colas para hacer el check-out."
12551,mal valor
12552,BIEN
12553,"No fue la mejor experiencia, no pudimos disfrutar mucho. No recomiendo a otros que se queden aquí."
12554,aceptable
12555,BIEN
12556,"Gran destino de vacaciones, cerca de todos los servicios y, en general, una gran experiencia."
12557,Ubicación y bonitas y amplias zonas del vestíbulo del hotel. preciosa piscina en la azotea
12558,en general un buen lugar para quedarse
12559,aceptable
12560,"Agradable durante unos días, lo he probado pero no volveré. muchas gracias por todo."
12561,decepcionado
12562,bolsa mixta. podría haber sido excepcional.
12563,"hotel conveniente, pero sin aparcamiento cercano"
12564,lugar decente para quedarse. La azotea es realmente agradable y el desayuno fue increíble.
12566,No se proporcionará ninguna cuna después de la confirmación.
12567,pasar por este hotel
12568,no te quedes aquí
12569,"Excelente ubicación, el hotel era relativamente nuevo y los extras mencionados anteriormente habrían mejorado nuestra estadía. Habiendo dicho eso, lo haría"
12570,horrendo
12571,"Camas muy incómodas, el personal necesita una mejor cohesión."
12572,"hotel cambió de habitación, recepcionista muy grosero, pésimo servicio"
12573,"sólo dos piscinas para un hotel tan grande, no hay tumbonas"
12574,nuestras vacaciones casi se arruinaron
12575,pésimo
12576,"Gran estancia, volveré a reservar."
12577,gran estancia gran hotel
12582,fin de semana de cumpleaños
12583,genial para unas cortas vacaciones
12584,excepcional
12585,Si Palma entonces sólo este hotel.
12586,"comida deliciosa, excelente ubicación"
12587,bonito y cerca del aeropuerto
12588,excepcional
12589,Volveremos el año que viene.
12590,fue genial
12591,"Hotel moderno en primera línea de playa, muy buena relación calidad-precio. Nos encantaría volver."
12592,excepcional
12593,
12596,unas buenas vacaciones
12597,"Es un buen hotel, a un precio aceptable."
12598,nuevamente una gran estadía
12599,excepcional
12604,excepcional
12605,buena ubicación y buen servicio
12607,excepcional
12608,excepcional
12609,simplemente perfecto!
12610,agradable estancia
12611,Bonito hotel con una excelente ubicación al principio de Playa de Palma Can Pastilla
12612,Sólo puedo recomendarlo;
12613,excelente ubicación
12614,excepcional
12615,Realmente disfruté mi estadía
12616,absolutamente vale la pena hacerlo de nuevo
12617,bonito lugar de descanso
12619,muy satisfecho con la estancia.
12620,una estancia agradable
12621,lo recomiendo ampliamente
12622,excepcional
12624,muy buena estancia lo recomiendo!
12625,gran hotel en una zona tranquila
12626,excepcional
12627,excepcional
12628,excepcional
12629,excepcional
12630,buena ubicación. fresco. ideal para noches de n gra cerca de palma.
12631,excepcional
12632,excepcional
12633,Buen hotel con una muy bonita terraza en la azotea.
12634,un lugar para disfrutar para todas las edades
12635,"el desayuno y la cena también estuvieron deliciosos, el alojamiento es muy exigente y limpio, está en una buena ubicación"
12636,gran hotel
12637,fue simplemente maravilloso.
12638,excepcional
12639,Bonito hotel junto a la playa con excelente cocina.
12640,excepcional
12641,excepcional
12642,excepcional
12643,increíble
12644,Pensé que el hotel era genial para unas vacaciones cortas.
12645,gran semana para descansar
12646,"En nuestra primera vez en Mallorca, nos encontramos con este hotel reservado en mayo, ¡y qué agradable sorpresa! eso"
12648,excepcional
12650,excepcional
12652,gran punto de partida para las posibilidades de Palma
12653,excepcional
12654,excepcional
12656,Óptimo
12657,muy buena estancia
12658,una gran habitación limpia con una gran vista y la piscina en la azotea también era muy agradable.
12659,"no está nada mal, lo recomiendo"
12660,vacaciones encantadoras en una ubicación privilegiada
12662,excepcional
12663,"Muy buena estancia, salvo algunas instalaciones defectuosas."
12664,excelente
12666,Excelente relación calidad-precio en una ubicación fantástica.
12668,"amabilidad, limpieza, pero la cocina es débil."
12670,"Hotel de primera, muy recomendable."
12671,hotel muy bonito
12672,descubrimiento agradable y personal agradable.
12673,gran hotel cerca del aeropuerto
12674,excepcional
12675,gran hotel a un precio justo
12676,nos encantó
12678,gran lugar para relajarse
12679,excepcional
12680,excepcional
12681,excepcional
12682,peaje
12685,gran hotel en una ubicación perfecta
12687,excepcional
12688,Bonitas vacaciones en un hotel limpio y ordenado con buen servicio.
12689,excepcional
12690,Recomendado para un viaje corto.
12691,Agradable hotel en una excelente ubicación para los fanáticos de los aviones.
12692,¡Recomiendo mucho este lugar!
12694,gran lugar!
12695,excelente estancia
12696,Hay margen de mejora por el precio.
12697,relax y comodidad
12698,ubicación superior
12699,vacaciones tranquilas y buena relación calidad-precio
12700,un hermoso hotel en un hermoso lugar
12701,"Muy buena ubicación y azotea excepcional, pero espacio y equipamiento pequeños para mejorar."
12702,excepcional
12703,breve descanso relajante en un hotel encantador
12705,¡buen momento!
12706,¡volveremos!
12707,kiffance
12709,Vuelvo enseguida
12711,consejos para mejorarte a ti mismo
12712,excepcional
12713,excepcional
12715,excelente hotel en can pastilla
12717,excepcional
12718,impresionante
12719,", , ."
12720,perfecto
12721,relajante. cómodo. maravilloso
12723,gerne wieder   pulgar hacia arriba
12725,moderno y bonito como hotel de negocios
12726,excepcional
12727,Hotel muy bonito y bien ubicado con maravilloso desayuno buffet.
12728,a 10 minutos de palma
12730,excepcional
12731,el primer mar del año
12732,"Quedé muy satisfecho, para mí fueron unas vacaciones relajantes con todo lo que necesitaba. Alquiler de bicicletas a la vuelta de la esquina, muchas tiendas."
12733,parfait
12734,¡Relajante y definitivamente vale la pena visitarlo nuevamente!
12735,Gran hotel en una ubicación privilegiada con piscina en la azotea.
12736,Me encantaría volver para un viaje corto.
12738,¡Volveré!
12739,hotel agradable y amigable
12740,agradable estancia con mi madre con una hermosa vista y buen desayuno.
12742,excelentes vacaciones
12743,siempre muy recomendable
12744,muy recomendado
12745,Óptimo
12746,fue perfecto en todos los sentidos
12748,Fantástico
12749,¡Tuve una estancia maravillosa!
12751,parfait
12752,impecable
12753,"buena ubicación a poca distancia del centro y del aeropuerto, con vistas al mar"
12754,gran estancia
12755,estancia corta pero disfrutamos del hotel como se describe
12756,una y otra vez las arenas
12758,Nos alojamos en el hotel por 2 noches y quedamos muy satisfechos. Lo volvería a reservar en cualquier momento.
12759,excepcional
12760,hotel bien ubicado
12761,buen alojamiento
12762,excelente
12766,lo pasé muy bien
12767,"estuvo genial, alojamiento, comida, piscina en la calle no hay falla pulgar hacia arriba cara guiñando el ojo"
12769,excepcional
12770,vista perfecta - habitación 415
12772,volveremos
12773,dejo unas ganas enormes de volver
12775,días perfectos - gran paseo marítimo para llegar a Palma
12776,excepcional
12777,¡Con mucho gusto otra vez!
12778,puesta de sol sobre el mar
12780,"Gran hotel, pero habitación diferente la próxima vez."
12781,encantador hotel
12784,estancia muy buena y agradable.
12786,excepcional
12787,excepcional
12789,Tuvimos un buen fin de semana.
12791,vacaciones de ensueño
12793,Cómodo y hermoso hotel con una excelente ubicación si deseas hospedarte cerca del aeropuerto.
12794,excepcional
12796,excepcional
12798,excepcional
12799,todo perfecto
12800,Bonito hotel en una excelente ubicación con una gran terraza en la azotea.
12801,las arenas - ¡genial como siempre!
12802,estancia muy agradable con un personal muy amable.
12803,mágico
12804,excepcional
12805,Fue una estancia muy agradable y nos gustaría volver.
12806,excepcional
12807,excepcionalmente genial!
12809,excepcional
12810,excepcional
12811,gran hotel.
12812,"Muy buena estancia, el personal es genial! Hotel bien situado, bien mantenido, buen desayuno."
12813,¡Recomiendo!
12814,simplemente súper sk nt. todo el dinero v rd.
12817,Volvemos cada verano porque este hotel es simplemente genial.
12818,un paréntesis encantado
12819,excepcional
12820,"Excelente opción para pasar la noche cerca del aeropuerto, incluso por solo 1 noche"
12822,¡¡¡Sólo recomendado!!!
12825,excelente relación calidad-precio
12826,perfecto no hay nada mas que decir cara sonriendo
12827,excepcional
12828,absolutamente recomendado
12831,estancia agradable
12832,hotel muy bonito!
12833,excepcional
12835,muy buena relación precio-rendimiento.
12836,excepcional
12837,disfrutamos nuestra estancia en este hotel
12840,muy gran hotel
12841,Está bien.
12843,Gran hotel para un viaje corto o incluso estancias más largas.
12845,excepcional
12847,Magnífico hotel con infraestructura de calidad y excelente relación calidad-precio.
12848,muy buena estancia
12849,excepcional
12851,"Excelente ubicación del hotel, excelente bar en la azotea con piscina en la azotea y maravillosas vistas"
12852,bien por una noche
12853,ambiente agradable con un ambiente agradable.
12854,"¡Todo estuvo genial, nos encantaría volver!"
12856,Gran estancia con pequeñas deficiencias que no arruinaron lo que era muy bueno!
12858,increíble
12859,Bien
12860,"muy relajante y maravilloso en general, ¡con mucho gusto otra vez!"
12861,Gran hotel con fantásticas instalaciones y un servicio amable.
12864,excepcional
12865,excepcional
12866,Bueno para una parada o un fin de semana.
12867,"Muy buena estancia, hotel de calidad."
12868,el mejor hotel en el que he estado
12869,para ser rehecho
12870,el mejor hotel en el que he estado
12872,Fueron unas vacaciones maravillosas precisamente porque todo fue excelente en este hotel.
12873,hermosa experiencia
12874,gran hotel realmente lo recomiendo muy elegante y limpio
12876,excepcional
12877,buen hotel para vacaciones cortas
12878,"Hotel muy bonito, moderno y limpio."
12879,excepcional
12880,Magnífico
12881,¡vale la pena! ¡Lo mejor en relación precio-rendimiento!
12882,inolvidable
12883,buena estancia
12884,siempre es un placer
12885,"Una estadía más que maravillosa, todo es nuevo y limpio, la ubicación es excelente, cerca de tiendas."
12886,"muy bonito, buena ubicación"
12887,"Gran hotel con buen servicio, buen desayuno y buena ubicación."
12888,un hotel perfecto en todos los niveles
12889,gran hotel con aspectos destacados especiales
12891,"estancia corta, fue consistente"
12892,equipe e o hotel aconselho a todos cara sonriendo con ojos grandes cara sonriendo con ojos grandes
12893,puedes hacerlo
12894,¡Días agradables y relajantes en un gran hotel!
12895,excepcional
12897,estancia tranquila con excelentes vistas!
12898,excepcional
12900,excelente ubicación con habitaciones modernas
12903,maravillosas vacaciones en un gran hotel
12904,Hotel elegante en una buena ubicación con impresionantes vistas desde la azotea.
12905,"La ubicación es excelente, las habitaciones y la comida se pueden mejorar."
12907,"Siempre feliz, pero solo como suite con desayuno."
12908,cumpleaños en mallorca
12909,Magnífico
12911,excelente
12912,excepcional
12913,Maravilloso para una estancia corta.
12915,un maravilloso hotel para unas relajantes vacaciones en Mallorca.
12916,estancia familiar perfecta ;-
12918,excepcional
12919,fantástico hotel
12921,todo es genial
12922,Ubicación ideal para tomar un avión al día siguiente.
12924,excelente relación precio-rendimiento
12925,siempre es un placer
12926,Fue una estancia muy agradable. ¡El ruido de los aviones era limitado!
12927,excepcional
12928,"Realmente disfruto pasar tiempo con mi familia. Una cama muy cómoda, buenos y variados desayunos y ambos."
12929,Hotel muy recomendable en la playa.
12930,excepcional
12931,Bonito hotel con vistas directas al pequeño puerto.
12932,en medio de la vida
12933,"Un hotel excelente, comida deliciosa y estándar. hermosa vista desde la piscina de la azotea"
12935,excepcional
12938,excepcional
12939,excepcional
12941,aconsejado
12942,el mejor hotel cerca del aeropuerto
12944,excepcional
12950,Estuvimos allí por segunda vez y estamos deseando volver una tercera vez.
12954,excepcional
12955,parfait
12956,máxima satisfacción
12957,estupendos 3 días con amigos
12958,excepcional
12959,perfecto
12960,súper
12962,excepcional
12963,excepcional
12966,"En general excelente servicio, ubicación, amabilidad y limpieza."
12971,excepcional
12972,En general estaría muy satisfecho
12973,
12974,estancia agradable en un ambiente agradable
12975,buena estancia
12976,Buena estancia. No me lo esperaba en Can Pastilla.
12977,sensacional
12978,muy buen hotel lo recomiendo
12980,relación calidad-precio superior
12981,"Cómodo, gran hotel en la playa con buena comida."
12982,gran hotel en una ubicación privilegiada
12983,Hermoso hotel en una ubicación privilegiada con una vista fantástica.
12984,excepcional
12985,parfait
12986,excepcional
12987,"A pesar de los problemas con el check-in, la estancia fue un éxito."
12988,excepcional
12989,excepcional
12990,excepcional
12991,gran momento
12993,hotel superior! :
12994,¡Se lo recomiendo a todos!
12995,dias relajantes
12996,excepcional
12998,relajación.
12999,muy sorprendido!
13000,maravillosas vacaciones.
13004,excepcional
13005,"mejores vacaciones! Gran hotel, servicio y ubicación: 100% de satisfacción."
13006,excepcional
13007,excepcional
13009,excelente ubicación en un hotel fresco
13010,Estancia muy agradable justo en la playa en un ambiente tranquilo.
13011,excepcional
13012,Me encantaría
13013,"osmor, za po eleti"
13014,excepcional
13015,hermoso hotel moderno en una excelente ubicación
13016,Me encantaría volver aquí de nuevo. todo estuvo genial pulgar hacia arriba
13019,parfait
13020,"Hermoso y moderno hotel, excelente ubicación junto al mar."
13021,"Hotel en una ubicación privilegiada, muy bien cuidado, desayuno muy sabroso y personal muy amable."
13022,vacaciones
13023,excelentes vacaciones
13024,realmente genial!
13025,Volveremos muy pronto porque todo fue perfecto.
13026,excepcional
13027,gran estancia en este hotel
13028,"Muy buen hotel, nuestra estancia fue perfecta."
13029,bastante agradable
13030,excelente estancia
13031,Un bonito hotel que le gustaría volver a visitar.
13032,Mallorca ¡volveré!
13033,experiencia extraordinaria
13034,hotel campana
13035,gran hotel en la playa
13036,parfait
13037,"Genial, nos sentimos muy cómodos."
13039,agradable estancia
13040,lo recomiendo mucho
13042,Fin de semana relajante y agradable.
13044,"Fue realmente maravilloso alojarse en este apartamento. con una vista muy linda en la azotea, con comida muy rica. Dr. del personal"
13045,excepcional
13047,lo pasé muy bien
13048,piscina doble y vista espectacular con acceso prácticamente directo al mar
13049,impresionante
13050,exitosas vacaciones de una semana en Mallorca
13052,"Muy buen hotel para relajarse, explorar los alrededores y pasar un buen rato."
13053,excepcional
13054,Serían otras vacaciones en Mallorca y en este hotel. todo estaría bien.
13055,toppenhotell puedo pastilla
13057,Se lo recomendaría a cualquiera.
13058,muy buena estancia
13059,excepcional
13060,maravilloso pero con algunos defectos
13061,unas relajantes vacaciones en familia.
13062,excepcional
13063,"buena ubicación, buena comida, buen transporte público"
13064,excepcional
13065,"un momento maravilloso con comida deliciosa, vista al mar, en cómodas condiciones."
13066,"Las vacaciones fueron geniales y la ubicación era muy buena para nosotros; de lo contrario, había caca de perro por todas partes."
13067,excepcional
13068,ubicación perfecta
13069,"excelente, una estancia de ensueño"
13072,simplemente perfecto
13074,Hotel de lujo con personal muy agradable y siempre disponible.
13076,gran personal! gran estancia
13077,excepcional
13078,excepcional
13079,limpio y relajante
13080,"Es un muy buen hotel para descubrir, muy limpio, muy acogedor, la gente es muy amable. lo recomendaré"
13081,parfait
13083,"Como siempre genial, pero notablemente más caro en términos de precio."
13084,Gran hotel con una hermosa terraza en la azotea y piscinas.
13085,excepcional
13088,unas vacaciones en palma palmera
13089,excepcional
13090,Excelente ubicación justo al lado de la playa y excelente servicio.
13092,súper !
13093,fabuloso
13094,excepcional
13095,", !"
13098,buen viaje sin sorpresas negativas
13100,gran hotel
13101,perfecto nada ha cambiado
13102,¡volveremos!
13103,estupendas vacaciones cortas
13105,excepcional
13106,excepcional
13108,lindo
13109,excepcional
13110,encantadoras vacaciones en can pastilla en la habitación con vistas al mar
13112,", !"
13113,estancia familiar
13114,excepcional
13115,"Estuvimos muy satisfechos con nuestra estadía en el hotel Las Arenas: seguridad personalizada, personal muy amable y desayuno perfecto. púrpura"
13117,arriba tu arriba
13118,excepcional
13119,excepcional
13120,excepcional
13121,La mejor estancia en Can Pastilla hasta ahora noveno g ngen.
13122,excepcional
13123,muy buen desayuno y cena
13126,precio muy buena calidad
13129,Volveríamos a reservar.
13130,excepcional
13132,excepcional
13134,"A pesar del mal tiempo, buen fin de semana"
13135,excelente estancia. Recomiendo.
13136,volveríamos
13137,"Muy buenas vacaciones, valió la pena!"
13139,hotel moderno y económico que incluye terraza en la azotea con piscina
13140,excepcional
13141,óptimo
13142,bonito hotel en una buena ubicación
13143,excepcional
13144,excepcional
13145,muy recomendable!
13146,súper
13148,excepcional
13149,agradable.
13150,arriba
13151,relax mallorca
13152,excepcional
13153,excelente !
13154,excelente estancia
13155,Gran hotel cerca de la amplia playa.
13156,vacaciones relajantes! ¡volveremos!
13157,"Tuvimos una buena estadía, es posible que regresemos."
13158,excepcional
13159,"Buen alojamiento, ¡con mucho gusto lo recomendaría!"
13160,hotel para recomendar
13161,Encantadora estancia en el hotel las arenas.
13162,"Limpio y elegante, ¡pero preste atención a los costos adicionales!"
13163,excepcional
13164,"Hotel muy bueno, pero las habitaciones dobles súper pequeñas para uso individual con mini balcón se venden a un precio elevado."
13165,la relación calidad-precio es fantástica
13166,todo bien
13171,excepcional
13172,super top pulgar hacia arriba
13173,excepcional
13175,¡Tengo muchas ganas de que volvamos!
13176,excepcional
13177,excepcional
13178,Muy buena estancia en hotel que merece sus 4 estrellas.
13179,excepcional
13180,excepcional
13183,el rendimiento del precio es muy bueno
13185,calidad-precio muy buena.
13187,excepcional
13189,Buen hotel en una excelente ubicación y buena relación precio-rendimiento.
13190,Está bien para unas vacaciones cortas.
13191,perfecto y feliz de nuevo
13194,perfecto para una estancia corta
13195,fue genial
13196,ajuste a la forma fácil sobre el tránsito
13197,buen hotel cerca del aeropuerto
13198,"excelente ubicación, maravilloso hotel, tranquilo!"
13199,Puedo recomendar altamente este hotel.
13200,Muy buena relación calidad-precio en un bonito y moderno hotel en Playa de Palma
13201,siempre es un placer
13202,en un hotel muy bonito con excelente relación calidad-precio
13203,excelente hotel. ¡Lo recomiendo mucho!
13204,guau guau
13205,gran vista al mar desde la habitación
13206,Siempre nos gusta volver. El mejor personal de la isla.
13208,hotel modernamente renovado en primera línea de playa
13209,hermoso hotel en una excelente ubicación
13210,Bonito hotel con una gran terraza en la azotea.
13211,Frío
13213,vacaciones perfectas con la vista más hermosa de playa de palma y palma.
13215,excelente propiedad en una buena ubicación
13216,Un hotel que se puede recomendar..
13217,excepcional
13218,"Estancia muy agradable, tanto que estoy pensando en volver a hacerlo."
13220,bueno para una estancia corta
13221,Muy buen hotel con excelentes servicios.
13225,perfecto para una escapada de unos días en Mallorca
13226,buena estancia
13229,"Aparte del ruido de los aviones, estuvimos muy contentos."
13232,muy bien
13235,Gran hotel con buenas conexiones y accesibilidad para fiestas y cultura.
13239,bonito hotel con un gran desayuno
13240,gran hotel con una buena ubicación
13242,mejores perspectivas para tus vacaciones
13243,bonito hotel
13244,perfecto
13245,todo estuvo bien
13247,genial para unas cortas vacaciones
13249,buen hotel cerca del aeropuerto
13251,vacaciones de primavera en la playa
13252,"Excelente ubicación, personal muy amable y servicial."
13253,vacaciones agradables con amigos
13254,fresco con vistas
13258,buenas vacaciones en can pastilla
13259,buena relación calidad-precio y agradable ubicación
13260,"Bonito hotel, ubicación frente al puerto deportivo."
13261,Excelente ubicación moderna.
13264,la mejor vista sobre la Platja de Palma
13267,amplias habitaciones con balcon
13268,"hermoso hotel, bien equipado, buen desayuno y cena, el mejor sky bar con vista al mar y sus alrededores"
13271,La ubicación era realmente genial y el hotel estaba bien.
13272,un hotel fabuloso justo al lado de la playa
13273,muy agradable
13276,"gran hotel, con una buena ubicación"
13280,funcional
13281,super lage am strand
13283,mejor ubicación y buenas instalaciones
13284,Buen momento para visitar Palma y la playa.
13285,Muy buen viaje de fin de semana bajo el sol.
13286,Ubicación privilegiada en todos los aspectos. volveremos.
13288,gran viaje corto... con mucho gusto de nuevo
13289,muy bien
13291,Muy adecuado para nuestra corta estancia.
13292,Un hotel muy bonito al que nos encantaría volver.
13293,Hotel bonito y céntrico.
13295,excepcional
13296,"Unas excelentes vacaciones, con mucho gusto de nuevo."
13298,siempre feliz!
13299,fue maravilloso. con mucho gusto otra vez
13300,Bonito hotel céntrico con pequeños inconvenientes.
13303,satisfecho
13307,Bonito hotel con piscina en la azotea y fácil acceso a Palma en autobús.
13309,Muy bueno y algunos puntos que merecen ser mejorados.
13310,estuvo bien
13311,prima
13314,vacaciones perfectas
13316,muy agradable estancia relajante
13318,excepcional
13319,relajante
13322,rosa y arroz.
13323,Bien
13325,bastante bueno
13330,Bonito hotel y hermosa vista al mar.
13331,"Buena ubicación, bonita piscina en la azotea y muy buena selección en el desayuno buffet."
13332,buena relación calidad-precio
13335,Estaba delicioso
13336,descanso perfecto
13340,"Bonito hotel en una ubicación de playa con una gran terraza en la azotea, piscina y bar."
13342,con mucho gusto otra vez
13344,¡fue hermoso!
13345,Bonito hotel con inconvenientes!
13346,fue una estancia agradable
13347,Fueron unas vacaciones encantadoras y relajantes.
13350,buena ubicación cerca de todo.
13353,súper !
13354,buen hotel
13355,Fin de semana relajante fuera de temporada...
13356,excepcional
13358,bonito hotel para unas cortas vacaciones
13359,Bonito hotel cerca del aeropuerto justo en la playa.
13360,perfecto si usas el aeropuerto... bueno para una estancia corta
13361,muy exitoso
13362,disfruté
13364,"Muy buena estancia, si vuelvo a Baleares volveré."
13369,Gran hotel para alejarse rápidamente de la vida cotidiana en la playa.
13371,gran hotel
13373,mucho mejor de lo esperado!
13374,Buen hotel para unas vacaciones cortas cerca de Palma.
13376,excepcional
13379,hotel recomendado
13380,Gran hotel con una vista brillante.
13382,relajante
13383,schön
13384,precio un poco alto en comparación con los servicios
13388,Unas instalaciones bien cuidadas para unas agradables vacaciones.
13389,¡Definitivamente regresaré!
13393,buena relación calidad-precio
13395,vacaciones cortas maravillosamente relajadas
13396,Considerándolo todo uno de mis hoteles favoritos en Can Pastilla. muy céntrico y chic.
13399,una estancia muy agradable con un personal muy servicial
13400,una experiencia simplemente para repetir
13401,excepcional
13402,El excepcional personal de Michela nos asesoró y nos recibió de una manera extraordinaria.
13403,tiempo de relax
13404,"estancia estupenda, buen desayuno."
13408,hotel muy bonito
13417,Nos encantaría volver.
13418,"una y otra vez es necesario mejorar la alimentación,"
13419,¡La estancia fue muy agradable para mi esposa y para mí!
13420,muy buena estancia! recomiendo
13421,agradable estancia
13422,Días de relax mezclados con playa y gran ciudad.
13423,agradable estancia en un ambiente agradable
13426,Gran hotel para unos días de relax justo en el paseo marítimo.
13428,"agradable estancia, a quince minutos del aeropuerto, recomendado"
13429,yo volveria
13431,BIEN
13432,Gran hotel en una excelente ubicación y una gran terraza en la azotea.
13433,en cualquier momento
13436,Buena relación calidad-precio con bonitas habitaciones en una buena ubicación.
13437,excepcional
13441,Muy buen hotel para una estancia corta!
13444,súper
13447,vacaciones súper agradables! ¡Lo reservaría de nuevo!
13448,bonitas vistas al mar y bonito hotel
13449,Recomendado por unos días Pulgar Hacia Arriba
13452,capullo de hotel
13453,genial
13454,BIEN
13456,estuvo bien
13457,excelente ubicación y el personal muy servicial
13460,Definitivamente lo recomiendo por su buena relación precio-rendimiento.
13461,buena estancia
13462,excepcional
13463,servicios y recepcion
13466,BIEN
13468,Me encantaría volver aquí otra vez.
13470,muy buena ubicacion! buen desayuno! hermosas habitaciones
13473,excepcional
13474,falta estacionamiento
13475,"estancia agradable, pero muy mala habitación"
13476,BIEN
13477,"Excelente ubicación, muy limpio y acogedor."
13478,"Mi segunda estancia, estoy decepcionado con la habitación."
13479,BIEN
13480,BIEN
13481,ideal para vacacionistas Ballermann
13482,puede ir
13483,diferencia de precio decepcionante
13484,BIEN
13485,intestino
13486,No es digno de 4 estrellas.
13487,no como se esperaba
13488,BIEN
13489,"La mitad de la estadía fue buena, ¡pero tuve problemas para conseguir la habitación solicitada!"
13490,muy bien.
13491,"Está bien por 2-3 días, definitivamente no más"
13492,un hotel con buena ubicación en el paseo marítimo de Can Pastilla
13493,adecuado para una estancia corta
13494,BIEN
13495,"hotel tranquilo, cerca del mar y del aeropuerto"
13496,BIEN
13497,¡Volvería a reservar el hotel en cualquier momento!
13498,Ideal para tres noches máximo.
13499,BIEN
13500,quedaron satisfechos en general
13501,BIEN
13502,fabuloso
13503,Lamentablemente esta vez fue muy decepcionante porque las fotos no correspondían con la reserva deseada.
13504,BIEN
13505,BIEN
13506,BIEN
13508,vete a otra ciudad!
13509,Estuve allí en la misma época el año pasado y fue simplemente genial. El hotel ha cambiado en todo en un año.
13510,BIEN
13511,"¡Fue agradable, pero en parte demasiado caro!"
13512,BIEN
13513,BIEN
13514,BIEN
13515,"Califico el hotel como bueno, un lugar ideal como base."
13516,nos encantaría volver
13517,BIEN
13519,viaje corto
13520,BIEN
13521,"Muy buena estancia en el hotel Arenas por mi cumpleaños, un pequeño guiño a nuestra señora de la limpieza que fue un encanto."
13522,Está bien para unas cortas vacaciones en octubre en Mallorca.
13523,Altamente recomendado para unas vacaciones cortas.
13526,"Buena ubicación en la playa, pero un poco ruidosa."
13529,BIEN
13530,BIEN
13531,"mala memoria porque el primer día me robaron la cartera, al tercer día me robaron un estuche"
13532,"Fue hermoso, la ubicación es hermosa, podría ser mejor, los servicios en este hotel fueron mejores en los últimos años."
13533,hotel bueno para unas vacaciones de fiesta
13534,"Bueno, pero no perfecto. Volvería, pero no por el precio que pagué."
13535,BIEN
13536,Estuvo realmente bien para una reserva a corto plazo.
13537,Está bien para una estancia corta.
13538,"relajante, hermosa"
13539,Bien por dos noches.
13540,Estancia mediocre.
13541,BIEN
13542,bonito hotel con una excelente ubicación
13544,Muy bueno para una estancia de 4 a 5 días.
13545,Ubicación genial y buena para unas vacaciones cortas.
13546,"Buena pernoctación, comida de mala calidad."
13547,una buena base cerca de palma
13548,La relación calidad-precio estuvo perfectamente bien.
13549,estancia agradable
13550,BIEN
13551,muy mal
13552,Buena oportunidad para pasar la última noche de tus vacaciones cerca del aeropuerto.
13553,BIEN
13554,aceptable
13555,BIEN
13556,"bueno, asequible y agradable!"
13557,Rendimiento de precio bien. No quería tomarme una semana de vacaciones allí.
13558,demasiada gente
13559,BIEN
13560,sencillo y bien situado
13561,BIEN
13562,agradable y buena ubicación
13563,"Ok, pero por lo demás no más."
13564,Hotel con una excelente ubicación pero aún mejorable en algún rincón u otro.
13565,aceptable
13566,"sin riesgo, sin diversión;  Está bien para una estancia corta y el precio."
13567,Buen hotel para una noche y para llegar al aeropuerto.
13568,decepción
13569,"Cuidado con el personal de limpieza, durante nuestra ausencia faltaron 50 euros del bolso."
13570,BIEN
13571,BIEN
13572,encantador hotel
13573,"Está bien durante unos días, especialmente si quieres estar a poca distancia del aeropuerto."
13574,no esta mal pero hay mejores
13575,"estuvo bien, pero no volvería a elegir este establecimiento"
13576,nacido
13577,buen descanso familiar
13578,BIEN
13579,Es una tontería.
13580,grandes rodamientos aunque
13581,exitoso
13582,aceptable
13583,BIEN
13585,estuvo bien por este precio
13586,OK
13587,Necesito calidez y seguridad
13588,BIEN
13589,aceptable
13590,aceptable
13591,BIEN
13592,aceptable
13593,BIEN
13594,Recomendado por el precio.
13595,BIEN
13596,Muy adecuado para una estancia corta.
13598,estuvo bien
13599,BIEN
13600,ya estaba mejor
13601,no es un 4 estrellas
13602,Volveríamos para un viaje corto.
13603,Bonito hotel para una estancia corta con un aspecto pragmático debido a su buena ubicación. muy bonita zona del vestíbulo!
13604,aceptable
13605,mal
13606,Un buen hotel con una ubicación perfecta en el pueblo de Can Pastilla.
13607,"Hotel, las habitaciones están bien hasta el momento. La limpieza en algunos rincones es mejorable y hay que trabajar en la comida."
13608,BIEN
13609,BIEN
13610,mal
13611,pésimo
13612,Excelente ubicación con habitaciones limpias y modernas pero caras y el desayuno deja mucho que desear.
13613,guapo pero no baila
13614,aceptable
13615,criada ladrona
13616,"Bonito hotel para un viaje corto, cerca del aeropuerto. No es un punto culminante culinario."
13617,Tuvimos una estancia agradable y tranquila.
13618,"Buena estancia, podría haber sido mejor con un buffet digno de un hotel de 4 estrellas."
13619,"Está bien, pero no merece sus estrellas."
13620,una vez pero nunca más
13621,bastante decepcionado
13622,aceptable
13624,BIEN
13625,BIEN
13626,agradable por unos días
13627,BIEN
13628,aceptable
13629,Esperaba más por las bellas fotografías del hotel.
13630,BIEN
13632,BIEN
13633,estancia agradable pero
13634,prima
13636,"La ubicación es muy buena, un ascensor no es suficiente para un hotel grande. Falta personal en recepción, lo que provoca una larga espera."
13637,BIEN
13638,evitar
13639,"Estaba bien, ¡pero liquidación!"
13640,felices fiestas
13641,simplemente malo
13643,Lo único que falta: ¡limpieza! Lástima que sea sólo fundamental.
13646,Lamentablemente no me sentí bien
13647,aceptable
13648,aceptable
13649,no lo recomiendo en absoluto
13650,BIEN
13651,¡Tengo una mala habitación! ¡El personal de recepción es un desastre!
13652,no más veces aquí
13653,aceptable
13655,aceptable
13656,BIEN
13657,BIEN
13658,Está bien por unos días.
13659,BIEN
13660,personal amable y servicial. el hotel desgastado y las piscinas así como el desayuno no experimentaron amigo
13661,Reservé y pagué una habitación con vista frontal y me dieron una habitación pequeña con vista lateral.
13663,ninguna recomendación
13664,sigue siendo demasiado caro para lo que es
13665,pobre
13666,¡Nos decepcionó!
13669,aceptable
13671,BIEN
13673,Bonitos espacios comunes pero una habitación lúgubre.
13674,querido y desagradable
13675,No forn yd con esta estancia.
13676,"Buena estancia a pesar de no tener buena comida, no hay aparcamiento y es más céntrico, lo cual no es nada práctico."
13677,aceptable
13678,"Buen hotel en una buena ubicación, pero la limpieza podría ser mejor."
13680,No recomiendo este hotel para nada
13681,PROMEDIO
13682,Todavía estuvo bien durante los dos días.
13683,Hotel aceptable con muy buena ubicación pero precio demasiado elevado para las carencias que tiene.
13684,aceptable
13685,pro: hermosa terraza en la azotea; Desventaja: comida mediocre y cama demasiado pequeña.
13686,está bien
13687,Puedes hacerlo por unos días.
13688,No volvería a reservar este hotel
13689,más o menos. La ubicación y el diseño eran buenos. De lo contrario no volvería a reservar aquí.
13690,"Era práctico, cerca de la playa, pero esperaba más del desayuno."
13691,BIEN
13692,Para nosotros a estos precios no otra vez.
13693,suficiente para 2 días
13694,decepcionante
13695,no tan genial
13696,aceptable
13697,lugar tranquilo y estancia maravillosa
13698,ya no tiene que serlo
13699,"Está bien, pero no es una recomendación."
13700,¡Qué decepción!
13701,"En general no está mal, pero no volvería."
13702,Hotel cerca del aeropuerto ideal para hacer escala
13703,podría mejorarse solo con personal diferente
13704,BIEN
13705,"La estadía fue muy mala, nos molestó la historia de pedir más dinero."
13706,demasiado caro
13707,pésimo
13708,¡Por favor no reserve una habitación estándar!
13709,"Podemos recomendar el hotel y los pequeños detalles son de alto nivel. casi no tiene sentido usarlos por turnos, son lentos"
13710,PROMEDIO
13711,mal
13712,personal grosero
13713,mal
13714,experiencia de terror catastrófica
13715,sin responsabilidad
13716,fueron trasladados a otro hotel
13717,pésimo
13718,¡Absolutamente no hay 4 estrellas para mí!
13719,No volveré.
13721,pésimo
13722,Estuvo bien por las 2 noches y aceptamos la situación.
13723,"El hotel tiene potencial, pero la limpieza..."
13724,te estoy engañando
13725,nunca más. no recomendado!!!
13726,nunca más en este hotel
13727,¡¡Nunca fue tan malo como en todos mis innumerables viajes!! Espero que me contactes dentro de 100 euros.
13728,BIEN
13729,caro y no agradable
13731,aceptable
13732,fue simplemente genial.
13733,Maravilloso alojamiento en la playa que satisface todas las necesidades.
13734,Perfecto para una estancia corta
13735,"Considerándolo todo, creemos que fue una estancia agradable."
13736,BIEN
13737,básicamente todo estuvo bien
13738,BIEN
13739,aceptable
13740,excepcional
13745,excepcional
13749,excepcional
13751,excepcional
13752,excepcional
13753,excepcional
13755,excepcional
13756,excepcional
13757,excepcional
13758,excepcional
13761,excepcional
13763,excepcional
13765,excepcional
13766,excepcional
13767,excepcional
13769,excepcional
13771,excepcional
13773,excepcional
13775,excepcional
13776,excepcional
13777,excepcional
13779,excepcional
13780,excepcional
13781,excepcional
13782,excepcional
13785,excepcional
13786,excepcional
13787,excepcional
13791,excepcional
13809,excepcional
13817,excepcional
13819,BIEN
13820,BIEN
13821,BIEN
13822,BIEN
13823,BIEN
13824,BIEN
13825,BIEN
13826,BIEN
13827,aceptable
13828,BIEN
13829,BIEN
13830,BIEN
13834,pésimo
13835,excepcional
13836,excepcional
13841,excepcional
13843,excepcional
13844,excepcional
13845,excepcional
13847,excepcional
13848,excepcional
13850,excepcional
13851,excepcional
13853,excepcional
13854,excepcional
13855,excepcional
13862,excepcional
13863,excepcional
13864,excepcional
13866,excepcional
13868,excepcional
13869,excepcional
13870,excepcional
13871,excepcional
13872,excepcional
13873,excepcional
13875,excepcional
13876,excepcional
13877,excepcional
13879,excepcional
13880,excepcional
13881,"Todo fue excepcional. El personal fue muy servicial, especialmente Carmen fue tan encantadora. Muchas gracias."
13882,excepcional
13884,excepcional
13887,excepcional
13893,excepcional
13894,excepcional
13896,excepcional
13897,excepcional
13898,excepcional
13899,excepcional
13900,excepcional
13905,excepcional
13906,excepcional
13908,excepcional
13910,excepcional
13914,excepcional
13915,excepcional
13916,excepcional
13917,excepcional
13918,excepcional
13919,de primera categoría
13922,excepcional
13923,excepcional
13924,excepcional
13925,excepcional
13926,excepcional
13930,excepcional
13932,excepcional
13933,excepcional
13939,excepcional
13944,excepcional
13946,excepcional
13947,excepcional
13949,excepcional
13953,excepcional
13955,excepcional
13962,excepcional
13963,excepcional
13969,excepcional
13970,excepcional
13972,excepcional
13973,excepcional
13974,excepcional
13978,excepcional
13980,excepcional
13981,"estancia maravillosa, ubicación perfecta y hermoso hotel!"
13982,excepcional
13983,excepcional
13984,excepcional
13989,excepcional
13996,excepcional
14007,excepcional
14012,excepcional
14030,excepcional
14032,BIEN
14033,BIEN
14034,BIEN
14035,BIEN
14036,BIEN
14037,BIEN
14039,BIEN
14040,BIEN
14043,BIEN
14044,BIEN
14045,BIEN
14048,BIEN
14049,BIEN
14050,BIEN
14051,aceptable
14052,BIEN
14053,mal
14054,aceptable
14055,pésimo
14057,pésimo
14058,BIEN
14062,Precioso hotel con un gran desayuno y una gran terraza en la azotea.
14064,excepcional
14066,excepcional
14068,excepcional
14074,excepcional
14076,excepcional
14077,excepcional
14078,excepcional
14080,excepcional
14081,excepcional
14085,excepcional
14093,excepcional
14096,excepcional
14097,excepcional
14100,excepcional
14102,excepcional
14104,excepcional
14110,excepcional
14111,excepcional
14113,excepcional
14114,excepcional
14116,excepcional
14117,excepcional
14120,excepcional
14124,excepcional
14125,excepcional
14126,increíble establecimiento con el mejor personal
14127,excepcional
14128,excepcional
14130,excepcional
14131,excepcional
14132,excepcional
14135,excepcional
14137,excepcional
14138,excepcional
14139,excepcional
14140,excepcional
14142,excepcional
14144,excepcional
14145,excepcional
14149,excepcional
14150,excepcional
14151,excepcional
14155,excepcional
14156,excepcional
14157,excepcional
14159,excepcional
14160,excepcional
14162,excepcional
14163,excepcional
14166,excepcional
14168,excepcional
14171,excepcional
14172,excepcional
14174,excepcional
14175,ubicación increíble!
14179,excepcional
14180,excepcional
14182,gran hotel
14186,excepcional
14188,excepcional
14189,excepcional
14190,excepcional
14191,excepcional
14195,excepcional
14197,excepcional
14198,excepcional
14199,excepcional
14200,excepcional
14201,excepcional
14207,excepcional
14208,excepcional
14211,excepcional
14213,excepcional
14215,excepcional
14218,excepcional
14219,excepcional
14221,excepcional
14225,excepcional
14226,excepcional
14228,excepcional
14230,excepcional
14233,excepcional
14236,excepcional
14237,excepcional
14239,excepcional
14243,excepcional
14247,excepcional
14248,excepcional
14251,excepcional
14252,excepcional
14256,excepcional
14258,excepcional
14260,excepcional
14262,excepcional
14263,excepcional
14264,excepcional
14266,excepcional
14271,excepcional
14273,excepcional
14274,excepcional
14279,excepcional
14283,excepcional
14287,excepcional
14288,excepcional
14289,relajantes vacaciones cortas
14292,excepcional
14293,excepcional
14304,excepcional
14305,excepcional
14306,excepcional
14309,excepcional
14313,excepcional
14314,"Disfruté mi estadía con la vista desde la azotea, lo recomiendo mucho."
14315,excepcional
14316,excepcional
14317,excepcional
14318,excepcional
14319,excepcional
14320,excepcional
14322,excepcional
14323,excepcional
14327,excepcional
14328,excepcional
14329,excepcional
14330,excepcional
14337,excepcional
14339,excepcional
14340,excepcional
14342,excepcional
14343,excepcional
14344,excepcional
14347,excepcional
14348,excepcional
14353,excepcional
14354,excepcional
14356,excepcional
14357,¡Unas cortas vacaciones muy agradables en un gran hotel!
14358,excepcional
14359,absolutamente recomendado
14361,excepcional
14362,excepcional
14363,excepcional
14373,excepcional
14378,excepcional
14379,excepcional
14383,excepcional
14389,excepcional
14390,excepcional
14391,excepcional
14393,excepcional
14400,excepcional
14404,excepcional
14405,excepcional
14406,excepcional
14407,excepcional
14411,excepcional
14414,excepcional
14415,excepcional
14418,excepcional
14420,excepcional
14421,excepcional
14423,perfecto
14431,excepcional
14435,excepcional
14436,excepcional
14438,excepcional
14439,excepcional
14440,excepcional
14443,excepcional
14445,excepcional
14446,excepcional
14447,excepcional
14448,excepcional
14450,excepcional
14452,Magnífico
14455,excepcional
14457,excepcional
14458,excepcional
14459,excepcional
14460,excepcional
14461,excepcional
14462,excepcional
14466,excepcional
14467,excepcional
14471,excepcional
14473,excepcional
14474,excepcional
14476,excepcional
14480,excepcional
14485,excepcional
14489,excepcional
14490,excepcional
14491,excepcional
14494,excepcional
14495,excepcional
14496,excepcional
14498,excepcional
14503,excepcional
14504,en definitiva muy bien!!!
14505,excepcional
14509,excepcional
14512,excepcional
14514,excepcional
14516,excepcional
14517,excepcional
14518,excepcional
14519,excepcional
14521,excepcional
14522,excepcional
14525,excepcional
14527,siempre es un placer
14528,Bonito hotel con personal amable.
14531,excepcional
14535,excepcional
14537,excepcional
14540,excepcional
14541,excepcional
14542,excepcional
14543,excepcional
14547,excepcional
14552,excepcional
14553,excepcional
14555,excepcional
14558,excepcional
14561,excepcional
14562,excepcional
14567,excepcional
14568,excepcional
14569,excepcional
14571,excepcional
14575,excepcional
14578,excepcional
14610,"El hotel es bonito. Sin embargo, en la zona de descanso del tejado hay muy pocas zonas de sombra. no puedes acostarlos"
14612,excepcional
14614,excepcional
14616,una estancia agradable en un hotel agradable
14640,excepcional
14649,excepcional
14675,excepcional
14693,excepcional
14701,excepcional
14709,excepcional
14731,excepcional
14732,excepcional
14736,excepcional
14752,excepcional
14753,excepcional
14754,excepcional
14757,excepcional
14760,"Todo fue genial, hotel exactamente como se describe, excelente ubicación"
14764,excepcional
14775,excepcional
14807,excepcional
14834,excepcional
14835,excepcional
14843,BIEN
14844,BIEN
14845,BIEN
14846,BIEN
14847,BIEN
14848,BIEN
14849,BIEN
14850,BIEN
14851,BIEN
14852,BIEN
14853,BIEN
14855,BIEN
14856,BIEN
14857,BIEN
14858,BIEN
14859,BIEN
14860,BIEN
14861,BIEN
14862,BIEN
14863,BIEN
14865,BIEN
14866,BIEN
14867,BIEN
14868,BIEN
14870,BIEN
14871,BIEN
14872,BIEN
14873,BIEN
14874,BIEN
14877,BIEN
14878,BIEN
14879,BIEN
14880,BIEN
14881,BIEN
14882,BIEN
14883,aceptable
14884,BIEN
14885,pésimo
14886,BIEN
14889,BIEN
14890,BIEN
14893,BIEN
14894,BIEN
14896,BIEN
14897,aceptable
14898,BIEN
14899,BIEN
14900,aceptable
14903,BIEN
14904,BIEN
14905,BIEN
14909,BIEN
14911,adecuado para una estancia corta - 4 es un poco excesivo
14912,BIEN
14913,BIEN
14914,BIEN
14915,BIEN
14917,BIEN
14918,BIEN
14920,BIEN
14921,BIEN
14922,BIEN
14923,BIEN
14924,BIEN
14925,aceptable
14926,BIEN
14927,BIEN
14928,BIEN
14929,BIEN
14930,aceptable
14932,aceptable
14933,BIEN
14934,mal
14935,BIEN
14937,mal
14940,pésimo
14941,agradable
14943,BIEN
14945,pésimo
14946,BIEN
14947,aceptable
14948,BIEN
14949,BIEN
14950,muy mal
14951,aceptable
14952,BIEN
14953,BIEN
14954,mal
14955,aceptable
14956,aceptable
14957,BIEN
14958,aceptable
14959,aceptable
14960,BIEN
14961,mal
14962,pésimo
14964,BIEN
14965,BIEN
14966,BIEN
14967,BIEN
14968,aceptable
14969,BIEN
14973,excepcional
14974,todo fue genial
14975,excepcional
14979,excepcional
14984,BIEN
14992,genial
14993,estuvo genial
14994,recomendado ñ
15003,excelente hotel
15006,muy buena
15007,regular
15013,BIEN
15014,BIEN
15019,vuevo
15024,Valencia
15042,BIEN
15048,simple
15057,BIEN
15068,BIEN
15083,repetiré
15089,inmejorable
15106,BIEN
15115,buen lugar
15125,volvería
15126,BIEN
15130,BIEN
15133,BIEN
15150,gratísima.
15159,perfecto para un kit kat de finde
15161,excelente
15165,BIEN
15176,BIEN
15182,amigos
15183,bueno
15192,una estancia genial.
15197,seguro vuelvo
15200,hotel genial
15210,bueno
15211,buen hotel
15215,genial
15218,perfecta
15235,valencia vintage informal
15247,relajarse
15248,para repetir!
15256,valencia entre vintage
15257,BIEN
15259,satisfactoria
15261,BIEN
15274,satisfecho
15283,BIEN
15291,BIEN
15295,BIEN
15299,excelente
15302,BIEN
15306,BIEN
15324,excelente
15328,repetible sin duda
15329,faltan detalles
15334,satisfecho
15335,buen sitio
15342,BIEN
15356,BIEN
15362,Fantástico
15364,opciones
15371,BIEN
15372,BIEN
15375,BIEN
15378,hotel causal vintage en valencia
15381,bonito hotel
15383,todo super
15384,BIEN
15385,BIEN
15389,fin de semana valencia
15393,BIEN
15401,BIEN
15403,súper
15409,BIEN
15416,BIEN
15423,BIEN
15425,valencia vintage informal
15426,excelente
15427,BIEN
15429,BIEN
15430,BIEN
15432,BIEN
15435,BIEN
15442,pacífico
15444,sin duda repetiré
15445,solo 1 noche para dormir
15448,estuvo bien
15453,BIEN
15454,BIEN
15462,increible!!!
15466,BIEN
15470,excelente lugar
15477,BIEN
15478,BIEN
15484,zona genial
15487,valencia antigua
15491,bueno
15496,BIEN
15497,BIEN
15498,BIEN
15499,BIEN
15500,satisfactoria
15508,BIEN
15509,BIEN
15511,BIEN
15512,BIEN
15515,BIEN
15517,BIEN
15521,BIEN
15522,BIEN
15525,BIEN
15526,BIEN
15529,BIEN
15530,BIEN
15531,BIEN
15532,BIEN
15533,BIEN
15540,excepcional
15542,"estancia breve, pero perfecta, seguro que volveremos."
15543,excepcional
15544,excepcional
15546,excepcional
15548,lo he recomendado
15551,excepcional
15552,excepcional
15553,excepcional
15554,maravilloso
15556,excepcional
15557,excepcional
15558,excepcional
15559,excepcional
15560,excelente
15561,excepcional
15563,excepcional
15564,excepcional
15565,trabajo
15566,excepcional
15567,excepcional
15568,excepcional
15569,excepcional
15571,excepcional
15572,excepcional
15573,excepcional
15574,excepcional
15575,excelente lugar.
15576,excelente
15577,perfecto
15579,¡¡súper!!
15580,excepcional
15581,excepcional
15582,excepcional
15584,excelente hotel
15585,excepcional
15586,excepcional
15588,excepcional
15589,excepcional
15591,excepcional
15592,excepcional
15594,excepcional
15595,excepcional
15597,excepcional
15598,excepcional
15600,excepcional
15607,excepcional
15608,excepcional
15609,excepcional
15610,excepcional
15611,excepcional
15613,excepcional
15614,excepcional
15616,excepcional
15618,excepcional
15619,excepcional
15620,excelente
15621,excepcional
15622,excepcional
15623,excepcional
15627,excepcional
15632,excepcional
15633,excepcional
15635,excepcional
15636,fenomenal
15637,excepcional
15639,excepcional
15640,excepcional
15641,excepcional
15643,excepcional
15644,extraordinario.
15645,excepcional
15646,excepcional
15647,excepcional
15649,excepcional
15652,increíble
15655,todo excelente
15656,excepcional
15657,excepcional
15658,excepcional
15660,excepcional
15661,excepcional
15662,excepcional
15667,excepcional
15668,excepcional
15669,excepcional
15670,excepcional
15673,excepcional
15675,excelente
15677,excepcional
15681,excepcional
15682,excepcional
15683,excepcional
15684,excepcional
15685,excepcional
15688,excepcional
15690,excepcional
15691,excepcional
15692,excepcional
15693,excepcional
15694,excelente
15697,excepcional
15699,excepcional
15703,perfecta
15708,excepcional
15710,bueno
15711,excepcional
15713,excepcional
15714,perfecto
15716,¡¡¡Fantástico!!!
15718,excepcional
15724,excepcional
15726,quiero volver
15730,excepcional
15735,excepcional
15739,¡excelente!
15740,excepcional
15741,excepcional
15744,excepcional
15745,perfecta
15746,excepcional
15749,excepcional
15750,disfruta del centro de valencia
15751,perfecto
15752,excepcional
15753,excepcional
15755,reparadora
15757,excepcional
15758,excepcional
15759,excepcional
15760,excepcional
15761,excepcional
15764,excepcional
15767,excepcional
15770,excepcional
15771,excepcional
15775,excepcional
15776,excepcional
15779,súper
15781,excepcional
15785,perfecto
15786,excepcional
15787,excepcional
15788,excepcional
15789,excepcional
15791,excepcional
15792,excepcional
15794,excepcional
15796,excepcional
15800,excepcional
15804,inmejorable
15806,genial
15807,excepcional
15808,excepcional
15809,excepcional
15810,excepcional
15811,excepcional
15813,excepcional
15814,mal
15815,excepcional
15816,excepcional
15817,excepcional
15820,excepcional
15823,excepcional
15824,maravilloso  otra vez!
15825,excepcional
15827,excepcional
15828,excepcional
15830,excepcional
15831,excepcional
15833,excepcional
15834,excepcional
15839,excepcional
15841,excepcional
15842,excepcional
15843,excepcional
15844,excepcional
15845,excepcional
15846,formidable
15849,excepcional
15852,¡genial!
15853,excepcional
15854,excepcional
15855,excepcional
15858,excepcional
15859,excelente
15865,terraza inmejorable
15866,excepcional
15867,excepcional
15868,excepcional
15870,excelente
15871,excelente lugar
15872,excepcional
15873,excepcional
15874,excepcional
15875,un sitio diferente!
15876,excepcional
15878,excepcional
15879,excepcional
15883,excepcional
15884,magnifico alojamiento.
15887,recomendado 100
15889,te amo casual vintage
15890,excepcional
15891,excelente
15892,excepcional
15893,bueno
15894,excepcional
15895,excepcional
15896,excepcional
15897,excepcional
15899,excepcional
15902,excepcional
15903,excelente
15904,genial
15906,excepcional
15907,excepcional
15909,excelente hotel
15910,excepcional
15911,excepcional
15913,volvería
15914,excepcional
15915,excepcional
15916,excepcional
15917,mediocre
15918,excepcional
15919,excepcional
15923,aceptable
15924,volveremos!
15927,excepcional
15928,excepcional
15931,BIEN
15932,mal
15933,excepcional
15934,frío
15938,aceptable
15943,aceptable
15944,aceptable
15945,excepcional
15946,excepcional
15948,buen hotel
15950,excepcional
15951,excepcional
15952,mejorable
15953,no volvería
15956,mal
15957,aceptable
15958,aceptable
15962,excepcional
15964,excepcional
15966,excepcional
15967,normalita
15968,excepcional
15972,excepcional
15973,pésimo
15974,aceptable
15975,aceptable
15977,excepcional
15978,excepcional
15979,repetiré
15991,excelente
15995,muy mal
15996,agradable
15997,no volvería
16005,excepcional
16007,muy mal
16008,excepcional
16009,aceptable
16011,aceptable
16014,aceptable
16016,agradable
16017,OK
16020,aceptable
16022,aceptable
16026,BIEN
16027,aceptable
16029,aceptable
16030,podría ser mejor
16034,aceptable
16035,aceptable
16037,aceptable
16038,regular
16047,aceptable
16048,aceptable
16049,"desafortunadamente, no volveré"
16052,mal
16054,horrible.
16060,limpieza a mejorar.
16062,no volveré nunca jamás
16068,aceptable
16069,pésimo
16071,pésimo
16076,excelente
16077,perfecta- excelente
16079,excepcional
16083,excepcional
16084,bueno
16086,BIEN
16087,excepcional
16089,"estancia fabulosa, en la ubicación perfecta."
16090,Recomendaría este lugar a las personas que buscan un lugar más barato pero agradable en el centro de la ciudad.
16091,"Buena estancia, pero la situación del agua caliente y el mantenimiento del patio necesitan mejoras."
16093,"ubicación perfecta, excelente precio"
16094,"Ubicación perfecta, delicioso desayuno y personal amable."
16095,estancia confortable en el corazón de valencia
16097,"increíble ubicación, vale la pena"
16099,céntrico y acogedor
16100,excelente.
16104,"Excelente ubicación, muy central."
16107,"agradable escapada a la ciudad, personal muy amable y excelente ubicación."
16108,muy bien
16109,estancia muy agradable.
16111,Fantástica estancia en Valencia y magnífica ubicación en un estilo vintage informal en el centro de esta increíble ciudad.
16113,Precioso hotel con personal amable en una zona muy céntrica.
16114,muy agradable para una estancia corta
16115,Ubicación perfecta en el corazón del casco antiguo de Valencia.
16117,Este hotel tiene una excelente ubicación y quedamos satisfechos con nuestra mejora gratuita.
16121,"Excelente hotel, hotel limpio y confortable en el centro de Valencia. el personal de recepción fue excelente"
16122,bonito lugar en el centro de la ciudad
16125,Muy recomendable para cualquiera que visite Valencia.
16126,ubicación perfecta y super personal
16127,"Solo pasamos una noche en Valencia y esta fue la estancia ideal para nosotros, ya que pudimos caminar y ver muchas de las atracciones de Valencia."
16130,Idealmente ubicado para todo lo que probablemente quieras ver en el centro de la ciudad.
16131,buen hotel
16132,"Si volviéramos a visitar valencia, sin duda nos alojaríamos de nuevo en este hotel."
16133,BIEN
16134,unas vacaciones muy cómodas con un personal súper servicial en una ubicación perfecta
16135,¡muy bien!
16137,muy bonito hotel en el corazón de valencia
16138,en el centro de la ciudad
16139,"Este era un hotel ideal para 2 adultos y 2 mayores de 19 a 17 años. La ubicación central era magnífica, con muchos lugares turísticos."
16140,Una ciudad increíble y tener un hotel con una ubicación tan ideal definitivamente nos ayudó a disfrutar nuestro viaje.
16141,"Excelente ubicación, ligero ambiente de albergue en lugar de hotel."
16143,"Excelente ubicación, personal amable con increíbles vistas de la ciudad."
16146,base perfecta para una escapada a la ciudad
16148,paella de marisco y mucha sangría cada día es la vida. Me encanta Valencia y los hoteles informales. ¡¡nos vemos pronto!!
16151,Bonito hotel. Excelente ubicación.
16152,agradable estancia
16153,"Interior moderno y peculiar, ubicación fabulosa, personal excelente. Lo recomendaría."
16154,gran lugar para el centro de valencia
16156,muy limpio. calle demasiado ruidosa
16158,"Ubicación fantástica, personal encantador, habitaciones bonitas y cómodas."
16159,buen lugar para alojarse en valencia
16161,excelente ubicación central
16164,muy útil
16165,agradable y peculiar hotel en una buena ubicación.
16167,bien
16168,"En general, un hotel fabuloso en medio de la acción."
16170,Un bonito y espacioso lugar para alojarse en el corazón de Valencia.
16171,Todo el personal fue muy amable y servicial. La ubicación es excelente pero no hay área de descanso en este hotel.
16172,excelente
16173,estancia fantástica para una escapada a la ciudad
16174,gran lugar.
16175,cómoda ubicación perfecta
16176,Precioso hotel con amplias habitaciones y excelentes vistas.
16177,Lugar ideal para una escapada en pleno centro de Valencia.
16179,gran cama lástima del desayuno
16180,Es difícil superar la comodidad y la ubicación a este precio.
16181,"Me alojaría aquí de nuevo. conveniente, cómodo y limpio."
16183,asombroso
16184,"En general, ¡ha sido una experiencia increíble!"
16187,base perfecta en la impresionante Valencia
16188,estancia muy cómoda
16192,excelente ubicación y personal encantador
16193,ralph de inglaterra
16197,excelente ubicación
16198,¡Estancia inolvidable en el corazón de Valencia!
16199,Buena relación calidad-precio para el centro de Valencia.
16200,Ubicación central perfecta para personas que viajan solas. A sólo unos minutos a pie de la estación de tren.
16202,el personal es gente encantadora
16204,Me alojaría en el hotel una vez que esté en Valencia nuevamente.
16205,"Excelente estadía, definitivamente regresaría debido a su excelente relación calidad-precio y ubicación."
16206,excelente ubicación muy limpio
16207,"Vista increíble desde las habitaciones de las esquinas. Nos hospedamos en el 608, por lo que ni siquiera necesitas salir de tu habitación, solo puedes abrir el viento."
16211,"Hermosas vistas, excelente personal y estancia confortable."
16213,¡Tres camas individuales eran perfectas para un viaje entre hermanos!
16214,Soy un cliente habitual aquí porque tiene una excelente ubicación y el personal también es excelente.
16215,Me encantó y definitivamente regresaría.
16216,Nos encantó el casco antiguo de Valencia.
16217,1 noche
16218,estancia fantástica
16219,días maravillosos.
16220,Un hotel de gran valor en una ubicación perfecta lo recomendaría.
16221,en general bien
16222,excelente propiedad. Buen desayuno teniendo en cuenta las dos estrellas. tal vez más opciones sin gluten
16223,"absolutamente fantástico, todos muy acogedores"
16226,excelente ubicación y personal.
16229,"ubicación, ubicación, ubicación! Este lugar es una pequeña joya, es exactamente lo que dice y ¡muy limpio y cómodo!"
16230,muy recomendable
16232,Recomiendo altamente esta propiedad
16233,gran propiedad ubicada en el corazón de valencia
16235,"excelente ubicación, bonita habitación"
16238,"Excelente ubicación, excelente personal, muy servicial."
16239,"Ubicación perfecta del hotel, personal muy encantador y amable, excelente tejido de la habitación."
16240,buena relación calidad-precio
16241,Excelente lugar central con todo lo necesario para una estancia confortable.
16243,estancia perfecta
16245,"Lo recomendaría, teníamos una habitación en el octavo piso con una gran terraza, la vista era fabulosa"
16246,El hotel es bueno y puedes quedarte aquí.
16247,por favor no experimentes
16248,excelente ubicación!
16250,"Ubicación central, habitación limpia y cómoda."
16251,excelente ubicación para el centro de la ciudad
16252,"Excelente ubicación, buen hotel, el personal fue genial."
16253,"Excelente ubicación, limpio, personal amable y buenas almohadas."
16254,Muy recomendable por su ubicación en la plaza de ayumiento y la vista desde la sala de desayunos.
16255,"céntrico, espacioso, acogedor. una estancia estupenda en el corazón de valencia"
16256,Excelente ubicación con excelente desayuno y personal muy amable y servicial.
16258,"excelente ubicación, valor decente"
16259,una brillante estancia en valencia
16261,perfecto para visitar la ciudad de valencia
16262,Cómodo hotelito muy céntrico.
16263,gran estancia
16264,BIEN
16265,Gran lugar en el centro.
16266,"excelente viaje, hermoso hotel en una excelente ubicación"
16267,"una muy buena ubicación y buen desayuno,"
16268,"Un bonito hotel en el centro, a poca distancia de todos los lugares interesantes. todos los recepcionistas fueron muy serviciales"
16269,Tuvimos una estancia maravillosa y relajante en este hotel.
16270,excelente
16271,muy agradable y cómodo con una excelente ubicación.
16272,"estancia acogedora, cómoda y encantadora"
16273,BIEN
16274,"Acceso cómodo y fácil, nos gusta bastante."
16275,Posición perfecta para solicitudes de comodidad básicas.
16276,una gran estancia
16279,muy agradable
16281,excelente personal y ubicación.
16282,excelente ubicación para una estancia de fin de semana larga
16283,Disfruté de la estancia.
16284,valor por dinero
16286,personal amable y servicial y excelente ubicación para ver los lugares de interés.
16288,"En general, tuvimos una estancia estupenda y estuvimos muy contentos."
16290,Volveremos en septiembre pero en una habitación diferente.
16291,estancia fantástica
16292,¡Excelente lugar para quedarse!
16293,cómoda y excelente ubicación en el centro de la ciudad
16294,Me alojaría aquí de nuevo. Hay muchos sitios a poca distancia.
16295,¡asombroso!
16297,vista increíble y eso es todo
16298,Este es un gran hotel en una excelente ubicación. Altamente recomendado.
16299,muy bien
16301,el lugar perfecto para visitar valencia
16302,Me alojé aquí una semana y disfruté cada minuto.
16304,Tuvimos un descanso maravilloso para ver las luces navideñas y nos encantó.
16305,estuvo bien
16306,"Increíble ubicación en el centro de la ciudad, excelente relación calidad-precio."
16307,"Ubicación perfecta por el precio y personal muy servicial, con algunas mejoras necesarias."
16309,más allá de las expectativas
16310,bien
16313,estancia agradable para !
16314,impresionante ubicación en una hermosa ciudad
16315,personal amable en una excelente ubicación.
16317,ubicación fantástica. Lástima que faltaba agua caliente.
16318,"Gran hotel, personal encantador y ubicación increíble."
16321,estancia muy agradable en excelente ubicación.
16322,estancia que admite perros en excelente ubicación.
16325,decepcionado con el engaño con respecto a la habitación reservada
16328,Disfruté de la ubicación de este hotel perfecta.
16330,ubicación perfecta con personal amable
16332,"excelente ubicación, personal amable, relación calidad-precio"
16333,"Excelente, volvería."
16334,Perfectamente ubicado y buena relación calidad-precio.
16335,"Excelente ubicación, cama cómoda, personal amable."
16336,excelente ubicación.
16340,encantador me alojaría de nuevo
16341,excelente ubicación central
16344,asombroso
16345,"Reserva fácil y rápida. estética fea. Bien situado, pero entorno ruidoso por la noche."
16349,"el hotel cumple su propósito. limpio, cómodo y céntrico"
16350,"personal amable, buena ubicación."
16352,hotel céntrico a buen precio
16353,¡Justo en el centro con mucha personalidad!
16354,muy buena ubicación.
16355,Hotel perfectamente ubicado en el centro de la ciudad de Valencia.
16356,En general fue agradable y volvería a ir.
16357,estancia perfecta en valencia
16358,escala en valencia
16359,Un gran momento con amigos en una ciudad encantadora.
16362,excelente ubicación céntrica.
16364,¡Quedamos muy satisfechos con el alojamiento!
16365,Fantástica ubicación y vista desde la terraza.
16366,Bonito lugar en una ubicación perfecta.
16369,Excelente ubicación para que los turistas vean Valencia.
16371,excelente zona para hospedarse
16372,gran valor en el corazón de valencia
16373,excelente
16374,Este hotel es perfecto si te vas a quedar sólo unas pocas noches en Valencia.
16376,"personal amable y servicial, excelente ubicación para hacer turismo"
16377,el hotel está en el centro de la ciudad
16380,BIEN
16383,excelente ubicación y personal
16384,BIEN
16386,yo
16388,gran experiencia
16389,BIEN
16393,precio razonable - buenas condiciones
16395,Segunda vez aquí y con mucho gusto me alojaría de nuevo.
16397,cómodo y buena ubicación
16399,Este hotel ofrece una experiencia mixta pero aún así es un buen momento.
16400,Una excelente opción de relación calidad-precio para el centro de Valencia.
16401,perfecto para una estancia de 4 días
16402,gran lugar en el corazón de valencia
16403,excelente ubicación hotel encantador me alojaría de nuevo
16404,en general bien
16405,excelente ubicación en un hotel histórico
16407,BIEN
16409,un fabuloso fin de semana en familia. Definitivamente me quedaría de nuevo
16410,"Básicamente, fue genial por el precio, la ubicación y la habitación."
16411,BIEN
16412,"Este es un hotel informal y sencillo en una ubicación perfecta, justo en el medio de toda la actividad."
16413,feliz
16417,centrico y comodo
16418,BIEN
16420,buen hotel en el centro de la ciudad
16421,Buen hotel en una ubicación privilegiada.
16423,buena eleccion
16424,Gran estancia en Valencia informal y vintage.
16425,genial por su valor!
16427,No hay aire acondicionado como se muestra en el sitio de reserva.
16430,BIEN
16431,BIEN
16432,"excelente ubicación, buena relación calidad-precio!"
16433,"buena ubicación, personal agradable."
16434,excelente ubicación
16435,bien
16436,muy recomendable! El miembro del personal fue muy amable y servicial.
16437,recomiendo.
16440,la vista es perfecta. la ubicación es perfecta.
16441,excelente ubicación
16443,Recomiendo encarecidamente el hotel como una gran opción para una escapada a la ciudad.
16444,buena estancia por el valor
16445,BIEN
16446,"Mi segunda estancia aquí, y cuarta en el grupo casual de Valencia. todos son buenos lugares para quedarse."
16447,muy agradable
16449,bonito hotel
16450,BIEN
16451,"Justo en el corazón de la acción, ¡pero es necesario reemplazar el aire acondicionado!"
16452,BIEN
16453,BIEN
16454,ubicación superior
16455,sobre todo bien
16456,es lindo
16457,"Pequeño y encantador hotel en una excelente ubicación, perfecto para una estancia corta en Valencia."
16458,"muy agradable, volvería a reservar"
16459,perfecto para nuestra estancia familiar.
16460,"Buen hotel, pequeño y céntrico."
16461,excelente ubicación con algunas peculiaridades
16463,excelente ubicación
16465,Hotel algo espartano en una ubicación espléndida.
16466,estancia agradable en una excelente ubicación
16467,no pagues por el desayuno
16468,Definitivamente consideraría hospedarme en este hotel cuando visite Valencia.
16469,Buena estancia pero se podrían hacer algunas mejoras.
16470,"en el corazón de valencia, personal realmente amable y servicial - desayuno con buena relación calidad-precio"
16471,relación calidad-precio excepcional.
16473,gran valor en una excelente ubicación
16475,Bonito hotel económico y bien situado en el centro de la ciudad.
16476,bien
16477,OK
16478,Una bonita experiencia de 2 días por Valencia y sus alrededores.
16479,"muy conveniente. Excelente ubicación, personal muy servicial."
16481,"excelente ubicación, personal súper amable"
16482,BIEN
16483,"la habitación era pequeña y no estaba insonorizada, la ubicación y el personal eran realmente buenos y agradables."
16485,buena experiencia
16486,Excelente ubicación y buena relación calidad-precio.
16487,Ubicación muy central y excelente relación calidad-precio.
16488,BIEN
16489,recomendado para unas vacaciones cortas
16490,Cumplió su trabajo. ubicado en el centro. todavía demasiado caro.
16491,"Perfectamente adecuado para unas vacaciones cortas en una ubicación excelente, el personal es realmente amable... habitaciones cansadas"
16492,la mejor estancia en españa
16493,bonito hotel en el centro
16494,lo mejor para los viajeros.
16495,la ubicación era genial.
16497,excelente ubicación.
16498,excelente ubicación. buen valor
16499,BIEN
16500,escapada urbana muy agradable
16505,"El hotel está en muy buena ubicación, el desayuno era bueno y el personal muy servicial."
16506,Hotel perfectamente ubicado con excelentes vistas y delicioso desayuno. excelente valor.
16507,Excelente ubicación para explorar una ciudad magnífica.
16510,estancia de una noche.
16511,BIEN
16514,reservar con ventanas exteriores
16515,muy bien
16516,Gran lugar para visitar y la ubicación del hotel en el centro de la ciudad es maravillosa.
16518,gran valor en la ciudad
16519,mejor ubicación en valencia!
16520,Precio justo en buena ubicación en Valencia.
16521,estancia muy agradable.
16522,Gran lugar a buen precio en muy buena ubicación.
16524,gran relación calidad-precio
16526,excelente ubicación
16527,el personal y la ubicación lo hacen bueno
16528,BIEN
16529,"Viaje increíble, más o menos lo que esperaba de manera realista. la ubicación del hotel y el personal agregado"
16532,Recomiendo este hotel
16533,Magnífica estancia en Valencia. ¡Sin duda volveremos!
16534,BIEN
16535,una propiedad bien ubicada con un personal increíblemente solidario
16536,hotel encantador y acogedor
16538,"Ubicación fabulosa, buen precio, personal muy agradable."
16539,alojamiento razonable en excelente ubicación
16540,¡la ubicación es perfecta!
16541,Ubicación increíble y ciertamente mejor que un 2 estrellas.
16543,"Excelente ubicación, habitación bien, desayuno bien."
16544,una buena opción para una estancia corta
16545,muy agradable
16546,BIEN
16549,la estancia estuvo bien
16550,buena ubicación central
16551,normal
16552,"muy agradable, personal encantador"
16553,excelente ubicación y desayuno
16556,"Gran lugar para pasar el fin de semana, con una excelente ubicación para todos los sitios principales. cerca de tiendas de alquiler de bicicletas para explorar t"
16557,Estancia limpia y cómoda en una buena ubicación con un personal amable y servicial.
16558,gran posición!
16561,BIEN
16562,"buena ubicación, precio aceptable."
16563,estancia agradable
16564,"excelente ubicación, excelentes cosas y camas cómodas; Con algunas renovaciones, esta bien podría ser la mejor opción."
16565,"Cambiaría de habitación la próxima vez, el primer piso estaba limpio pero olía mal y era ruidoso."
16566,"Si te quedas poco tiempo y priorizas el centro, buena opción."
16567,"Excelente ubicación, bonito hotel pequeño, recomendado."
16569,"Sobrevalorado, habitación mediocre, muy buena ubicación."
16570,excelente ubicación central
16571,BIEN
16572,BIEN
16573,la ubicación era perfecta
16574,BIEN
16575,"José fue excelente, se merece un bono, muy útil."
16576,BIEN
16577,buena ubicación
16579,buena ubicación con personal amable
16582,excelente ubicación
16584,"Excelente ubicación, habitaciones decentes."
16585,"excelente. Si volviéramos, optaría por una ventana con vista exterior."
16586,"buena ubicación y precio, aire acondicionado en la habitación"
16587,excepcional
16588,¡magnífico!
16589,excepcional
16590,Tuve una estancia fabulosa. Recomiendo encarecidamente Valencia vintage informal.
16591,excepcional
16592,¡fantástico!
16593,excepcional
16594,Reservamos una habitación con terraza y fue increíble a pesar del clima. Pudimos ver el ayuntamiento desde la terraza.
16595,excepcional
16596,excepcional
16597,personal increíble. Gran hotel en una ubicación increíble. Altamente recomendado.
16598,excepcional
16599,excepcional
16600,tarifa tok peculiar y divertida
16601,bueno para una estancia corta
16602,volveremos
16603,Realmente no podría haber pedido algo mejor. ¡Muy recomendable!
16604,estancia acogedora y confortable
16605,excepcional
16606,excepcional
16607,gran lugar para alojarse en valencia
16608,excepcional
16609,excepcional
16610,encantador hotel con ubicación perfecta
16611,excepcional
16612,excepcional
16613,"Se siente genial estar en la ciudad, y aún mejor cuando te hospedas en un hotel como este."
16614,lindo
16615,excepcional
16616,excepcional
16617,excepcional
16618,"Excelente relación calidad-precio por la ubicación, el tamaño de la habitación y las instalaciones y el personal muy amable, la mitad del precio del Michelin."
16619,excepcional
16620,estancia perfecta en el corazón de la ciudad
16621,mejor en valencia
16622,valor excepcional en valencia
16623,"Limpio, excelente ubicación, el personal fue muy servicial. Recomendaría este hotel."
16624,Gran lugar para nuestra escapada urbana de 4 noches.
16625,what a great place to stay! amazing in all aspects exclamación de corazón
16626,abril oscar muy útil con direcciones y sugerencias. hicieron que nuestra estancia fuera muy agradable.
16627,Recibí lo que pagué. el personal fue excelente.
16628,estancia increíble en el corazón de valencia!
16629,"estancia maravillosa, personal estupendo, excelente ubicación"
16630,el lugar para regresar.
16631,ubicado en el mismo centro de la ciudad. valencia y este hotel fueron dos gratas sorpresas para mí!
16632,excepcional
16633,relajado y sin ningún problema. desayuno muy buena relación calidad-precio
16634,excepcional
16635,"lugar feliz, con gente amigable."
16636,excelente ubicación
16637,perfecto
16638,El personal es servicial y ofrece consejos sobre cómo navegar por la ciudad.
16639,excepcional
16640,gran estancia en el corazón de valencia
16641,"Me encantó el hotel. Era cómodo, el personal era encantador y la ubicación era estupenda."
16642,excepcional
16643,excepcional
16644,muy recomendable!
16645,excepcional
16646,excepcional
16647,valencia ciudad y vida de playa
16648,fantástico lugar para alojarse en valencia!
16649,excepcional
16650,agradable estancia en valencia
16651,"encantadora bienvenida por parte del personal, amable y servicial, tenía mucho conocimiento sobre qué ver y cómo encontrar atracciones turísticas."
16652,excelente hotel
16653,excepcional
16654,definitivamente volveremos
16655,excelente ubicación segura y cómoda
16656,excelente hotel
16657,fabuloso hotel recientemente remodelado en el corazón de valencia
16658,excepcional
16659,excepcional
16660,excepcional
16661,Habitación de tamaño confortable en el corazón de Valencia.
16662,elección perfecta en valencia
16663,estancia perfecta
16664,hotel excepcional - ¡una visita obligada! 10 10
16665,excepcional
16666,excepcional
16667,"Ubicación muy conveniente, habitación limpia y diseño conceptual atractivo."
16668,hotel en el centro de la ciudad
16669,hermoso edificio y ubicación divertida
16670,"hermoso hotel, vista impresionante"
16671,gran lugar muy céntrico personal amable
16672,¡Vuelvo enseguida!
16673,excepcional
16674,perfecto
16675,Ubicación perfecta y excelente personal.
16676,muy recomendable!
16677,excepcional
16678,valor y ubicación excepcionales
16679,"En general, por un par de días para un viaje a Soli y esa vista, está bien."
16680,ubicación perfecta
16681,excepcional
16682,¡Esperando las próximas vacaciones de invierno en Valencia!
16683,"Todo fue genial, habitaciones hermosas y modernas, el mejor personal de recepción, ubicación increíble."
16684,perfecto
16685,brillante
16686,excepcional
16687,gran estancia
16688,Volveríamos para quedarnos aquí.
16689,excepcional
16690,excelente
16691,"Nos encantó alojarnos aquí. Es nuestra quinta vez. El personal es fabuloso, al igual que la ubicación y las habitaciones temáticas."
16692,regresando
16693,Para mí fue el lugar perfecto para hacer turismo y acceder a todos los servicios.
16694,ubicación perfecta
16695,"excelente ubicación, personal agradable, habitación espaciosa a un precio competitivo"
16696,bien
16697,excepcional
16698,OK
16699,La ubicación estaba a poca distancia de todos los lugares de interés.
16700,¡recomendar!
16701,totalmente recomendado
16702,excepcional
16703,excepcional
16704,muy buen hotel...ubicación perfecta
16705,amado. Me quedaría de nuevo.
16706,excepcional
16707,¡recomiendo!
16708,excelente ubicación central
16709,"elección perfecta para personas que viajan solas, parejas o amigos; Gran punto de partida para descubrir Valencia."
16710,Hotel impecablemente limpio con excelente personal en una excelente ubicación.
16711,excepcional
16712,excelente
16713,hermosa ubicación
16714,excepcional
16715,"José, el recepcionista fue una excelente elección, en el lugar correcto, sabiendo cómo hacer que los clientes se sintieran como en casa. señor"
16716,muy bien
16717,buena relación calidad-precio en una excelente ubicación.
16718,"Ubicación perfecta, delicioso desayuno."
16719,excepcional
16720,fantástica habitación en excelente ubicación
16721,bueno pero ruidoso
16722,excelente
16723,excepcional
16724,"estancia increíble m! ¡Realmente lo disfruté! Buen personal amable, limpio, renovado y cómodo."
16725,ganas de volver otra vez
16726,excepcional
16727,muy recomendado
16728,valencia travel
16729,excepcional
16730,excepcional
16731,"Excelente ubicación y personal muy servicial, muy servicial y un buen desayuno para comenzar el día."
16732,excepcional
16735,"gran hotel, excelente ubicación y excelente relación calidad-precio"
16736,excepcional
16737,excepcional
16738,"Ubicación increíble, excelente relación calidad-precio, ¡lo recomendaría!"
16739,excepcional
16740,fantástica ubicación
16741,excepcional
16742,"Ubicación increíble, personal encantador, excelente relación calidad-precio."
16743,excepcional
16744,Ubicación perfecta en el centro de Valencia.
16745,maravillosa ubicación
16746,"Excelente ubicación, personal super amable y habitaciones espaciosas y extravagantes."
16747,"genial, lo disfrutamos!"
16748,pequeño pero perfecto
16749,excepcional
16750,completamente feliz.
16751,"Excelente ubicación, personal encantador, habitación limpia, cama cómoda y excelente visita."
16752,fin de semana en valencia
16753,¡excelente!
16754,excepcional
16755,excepcional
16756,"Excelente ubicación, habitación familiar muy limpia y espaciosa. no ruidoso"
16757,vale cada centavo
16758,Buena ubicación si te gusta el espacio pequeño y ruidoso.
16759,Excelente hotel boutique con un personal amable. fueron de gran ayuda. muy limpio.
16760,excepcional
16761,personal fabuloso y la mejor ubicación de la ciudad
16762,"precio razonable, personal amable, excelente ubicación"
16763,estancia perfecta
16764,excepcional
16765,excepcional
16766,un lugar perfecto para alojarse en valencia
16767,"estancia perfecta, volvería"
16768,hermoso lugar
16769,excepcional
16770,fantástico
16771,estancia increíble! gracias :
16772,vacaciones perfectas
16773,súper ubicación. Fácil acceso a todo.
16774,excepcional
16775,buena opción para visitar la ciudad
16776,¡¡¡No tomes una habitación que dé a la calle!!!
16777,excepcional
16778,estancia maravillosa!!
16779,estancia perfecta para una estancia corta
16780,excepcional
16781,OK
16782,Increíble estancia en un hotel vintage informal en el centro de la ciudad para las Fallas.
16783,excepcional
16784,Muy buena calidad a un precio razonable.
16785,excepcional
16787,las mejores camas de todos los tiempos
16788,una excelente ubicación y un gran valor
16789,Viví absolutamente Valencia y mi estancia aquí fue la culminación. hotel de calidad.
16790,una habitación con unas preciosas vistas en valencia
16791,excepcional
16792,estancia perfecta!
16793,excepcional
16794,experiencia hotelera única
16795,excepcional
16796,9.80 10
16797,¡Volvería en un abrir y cerrar de ojos!
16798,asombroso
16799,hotel súper genial
16800,muy recomendable
16801,mejor ubicación. A 20 min andando de valencia nord o joaquin sorella. Lugar conveniente para caminar o tomar un autobús a cualquier lugar.
16802,excepcional
16803,una buena inversión
16804,excepcional
16805,Estancia perfecta y acogedora.
16806,magnífico
16807,Buena opción para familias en el centro de Valencia.
16808,"era encantador, cómodo, soleado y agradable"
16809,Realmente disfrutamos de este hotel. Realmente fue perfecto para nuestra estancia en Valencia.
16810,gran hotel con excelentes vistas
16811,"excelente servicio, relación calidad-precio."
16812,¡Un lugar para volver otra vez!
16813,relación calidad-precio.
16814,¡Absolutamente perfecto para una escapada a la ciudad!
16815,excepcional
16816,excepcional
16817,excepcional
16818,lo pasamos bien. el personal es agradable. Hubo confusión en la habitación pero al final se acomodaron.
16819,excepcional
16820,"¡Me encantó lo céntrico que estaba este lugar! El personal era amable y servicial, todo estaba súper limpio y cómodo."
16821,
16822,gran lugar en valencia
16823,increíble definitivamente regresará
16824,excepcional
16825,excepcional
16826,excepcional
16827,excepcional
16828,un hotel increíble en el centro de la ciudad
16829,excepcional
16830,negocio
16831,excepcional
16832,"La mejor ubicación, hotel increíble y personal amable."
16833,"Estancia brillante, excelente ubicación central, personal amable y servicial y habitaciones amplias, tranquilas, cómodas y limpias."
16834,alojarse aquí fue un verdadero placer
16835,excepcional
16836,¡Pasé un gran momento allí y elegiría nuevamente para mi próximo viaje allí!
16837,excepcional
16838,excepcional
16839,excepcional
16840,excepcional
16841,Semana muy agradable en una hermosa ciudad amigable.
16842,excelente disfrutamos nuestra estancia
16843,¡todo estuvo bien!
16844,fue relajante y una hermosa estancia
16845,excepcional
16846,excepcional
16847,excepcional
16848,pequeño hotel fantástico con un personal fantástico
16849,"Personal encantador, siempre dispuesto a ayudar."
16850,gran lugar con una gran vista de valencia
16851,excelente ubicación
16852,centro
16853,fantástico
16854,"mejor ubicación, excelente vista"
16855,una experiencia maravillosa
16856,fantástico
16857,"Gran estancia en Valencia, muy buena relación calidad-precio. Definitivamente recomiendo este hotel."
16858,Hotel perfecto para una escapada a la ciudad de Valencia.
16859,¡Una excelente ubicación para visitar la hermosa Valencia!
16860,muy fácil encontrar el hotel. Habitación y baño limpios y luminosos. El hotel realmente tiene espíritu.
16861,nuestra segunda visita y nos alojaremos de nuevo
16862,Buen lugar para unas vacaciones de dos noches. ¡Tres habrían sido demasiado!
16863,cuarto de mierda
16865,"Es un alojamiento con una buena relación calidad-precio y mucho potencial. Si se reestructura bien, el edificio podría ser extraordinario."
16866,Me sentí muy bienvenido. personal muy atento. experiencia muy agradable.
16867,aceptable
16868,bien
16869,Por el dinero que pagué podría haberme alojado en un hotel mejor.
16870,"excelente ubicación y vista, habitación anticuada"
16871,Ubicación central con personal agradable pero equipamiento de habitación deficiente. demasiado caro
16872,una estancia maravillosa en valencia
16873,"Ok, compre para aquellos. Iría a otro lugar."
16876,"Excelente ubicación, mala calidad de las habitaciones y mal funcionamiento del aire acondicionado."
16878,aceptable
16879,excepcional
16880,¡Definitivamente volvería a reservar!
16881,aceptable
16882,aceptable
16883,"Demasiado ruidoso, mala relación calidad-precio."
16884,Tienes potencial para más de 2 estrellas. problemas con aire acondicionado y error
16886,Excelente ubicación pero nada más para un fin de semana.
16887,un buen trato económico.
16888,Es un gran hotel para quedarse por corto o largo tiempo.
16889,estuvo bien
16891,"Sin embargo, la ubicación es excelente, después de un día de trabajo, no puedes descansar debido al ruido."
16892,aceptable
16893,Cumplió su propósito como lugar de descanso en la ciudad.
16894,"Si su objetivo principal es una ubicación muy céntrica a un precio económico, entonces vale la pena considerar este botel."
16895,Evite las habitaciones en la parte trasera del hotel.
16896,"Buen hotel a un precio razonable, práctico para el centro de Valencia."
16897,Pasable pero no tiene buena relación calidad-precio.
16899,"Malas instalaciones, habitaciones viejas, personal del hotel maravilloso, excepto una de las amas de llaves."
16900,"En general, fue una buena estancia, nos decepcionó al principio cuando vimos las habitaciones, pero poco a poco nos acostumbramos."
16901,simplemente bien
16903,hotel muy normalito
16904,fotos donde pescando gato
16905,OK
16906,"En general muy agradable, sin embargo."
16907,no me alojaría allí de nuevo
16908,"Muy mal, no pudimos descansar por el ruido. absolutamente todo es audible al comenzar los sonidos de la ducha de la habitación de al lado y termina con"
16909,la ubicación es buena
16910,"Preciosa ubicación, personal agradable, camas horribles y habitaciones muy calurosas."
16911,demasiado caro y decepcionado.
16913,"Buena ubicación, pero la habitación incómoda y ruidosa."
16914,excepcional
16915,cuarto de aguas residuales maloliente s
16916,agradable
16917,ubicación muy buena habitación no tan buena
16918,"excelente ubicación, habitaciones promedio"
16919,aceptable
16920,"Bien, pero demasiado ruidoso para nosotros."
16922,evitar evitar evitar.
16923,Buena ubicación pero el precio no lo vale por el mal estado de la habitación.
16924,Excelente ubicación pero demasiado caro y extremadamente ruidoso.
16925,"Creo que es demasiado caro para lo que es, especialmente cuando llegas y te dan una habitación horrible."
16926,malas condiciones en excelente ubicación
16930,no está mal por el precio pero tiene problemas
16931,"Fuerte contraste, algo es genial, otras cosas están muy por debajo de las expectativas."
16932,aceptable
16933,último recurso
16934,aceptable
16935,No volveremos allí. pero todo fue muy agradable y amigable.
16936,Buena ubicación para ir de compras y lugares de interés turístico.
16938,aceptable
16939,"Buena relación calidad-precio, pero algunos problemas que informar."
16940,cuarto de caja de zapatos
16941,"buena ubicación, terriblemente ruidoso"
16942,Ubicación increíble con algunas mejoras menores necesarias.
16943,excelente ubicación pero ruidoso y anticuado
16944,Buen hotel para pasar una noche.
16945,La ubicación era estupenda para nosotros. Nos lo recomendaron desde Irlanda y a un precio muy razonable.
16946,el personal fue fabuloso
16947,Me encantó la ubicación pero me decepcionó la habitación.
16949,Bueno pero podría ser mucho mejor.
16950,aceptable
16951,promedio
16953,estancia básica pero excelente ubicación
16954,cubrió lo que necesitábamos
16955,"Excelente ubicación y el desayuno estaba bien, solo esperaba más comodidad en la habitación."
16956,"Personal muy profesional y servicial, excelente ubicación, todo a la vuelta de la esquina."
16957,"Está bien para una noche, limpio y una buena ubicación."
16959,6
16960,Buen viaje con excepción de los problemas con la habitación.
16961,excelente personal alojamiento por debajo del promedio
16962,por favor sirva café de verdad
16964,"aceptable, pero no excelente."
16965,horrible
16966,"La ubicación y la vista eran excepcionales, justo en el centro, pero las instalaciones eran normales."
16967,Las dos primeras noches han sido una pesadilla.
16970,"Ubicación increíble, hotel decepción total."
16971,aceptable
16972,"Excelente ubicación, pero caro para lo que obtienes."
16973,"Si bien está ubicado en el centro, este hotel necesita mantenimiento. no tiene una buena relación calidad-precio."
16974,imprevisible
16975,Buena ubicación pero no me alojaré allí de nuevo.
16976,aceptable
16977,decepcionante
16979,actualizar a piso en renovación
16981,No me alojaría aquí de nuevo.
16982,No me quedaría de nuevo.
16983,"Excelente ubicación si quieres estar en el centro de todo y tienes un presupuesto limitado, no podrías"
16984,la próxima vez tomaré una habitación más grande
16985,mal
16986,pésimo
16987,"Me quedé porque era prepago, pero el hotel de 4 estrellas al otro lado de la calle estaba disponible a un precio más bajo."
16988,Excelente ubicación y cama cómoda. El descanso no es recomendable.
16989,pésimo
16990,moho en el techo que apesta
16992,"La ubicación no es muy buena para dormir mal, desayuno barato, estancia maloliente y ruidosa."
16993,pésimo
16994,aceptable
16995,experiencia horrible viajando hoteles mucho peores en los que me he alojado
16996,aceptable
16997,"Excelente ubicación, hotel horrible!"
16998,excepcional
16999,excepcional
17001,básico pero adecuado.
17002,"Está bien para un viaje de negocios corto, pero comodidad limitada."
17003,"No me quedé, sospecho que había overbooking. Mala organización considerando que reservé hace más de 3 meses."
17004,aconsejado
17006,genial para un viaje a la ciudad
17007,Buen hotel y funcional con gran relación calidad-precio.
17008,agradable pero nos hubiera gustado tener vistas al bulevar o una habitación con balcón y mini bar
17012,salón vintage en valencia
17013,BIEN
17014,"simplemente fabuloso, personal de recepción, desayuno, habitación y excelente ubicación"
17015,BIEN
17016,"Excelente ubicación para llegar a cualquier necesidad o atracción a pie, personal realmente amable, algunos detalles agradables."
17020,genial para durante las fallas
17021,"una estancia con estilo en el corazón de Valencia, perfecta para explorar la ciudad a pie."
17022,personal muy amable
17025,"Si volviéramos a Valencia me referiría a esta estructura, limpia, cómoda para moverse a pie y en transporte público."
17030,valencia..simplemente fantástico!
17033,"muy bonito, acogedor, cerca del centro"
17034,"excelente desayuno, personal amable y ubicación central"
17038,BIEN
17039,BIEN
17040,"Valencia nos sorprendió, una ciudad que merece la pena visitar mujer bailando tono de piel oscura"
17045,amabilidad
17047,"agradable, céntrico y limpio!"
17048,muy agradable
17049,fabuloso !
17051,ideal para una estancia corta y urbana
17052,agradable
17053,quedarse en valencia
17058,¡muy bien!
17065,regular
17066,excelente ubicación y estadía
17067,quedarse en valencia
17069,agradable
17070,Excelente propiedad para un fin de semana en Valencia.
17074,Bonito hotel acogedor en el centro de Valencia.
17075,"El hotel está situado en una ubicación perfecta para las personas que quieran explorar. cerca de todas las atracciones, tiendas, restaurantes y pueblos"
17076,"Ubicación céntrica, personal disponible para cada petición, desayuno variado incluso para personas con intolerancias. elige"
17077,hermoso y comodo
17078,gita a valencia
17079,"estancia superior, ideal para un fin de semana maratoniano"
17081,"Excelente ubicación para viajar a Valencia, personal amable y servicial."
17082,excelente estancia
17084,hotel superior! muy recomendable!
17085,muy buena ubicación
17086,absolutamente central con una buena relación precio-rendimiento
17087,excelente estancia. Lo recomiendo. gracias al personal muy amable y servicial
17088,lo pasé muy bien
17090,Fue una experiencia agradable.
17091,Ubicación perfecta para descubrir Valencia.
17092,excelente ubicación y habitación increíble.
17095,"Habitación perfecta para dos personas que quieran visitar Valencia en tres días, súper cómoda por su ubicación estratégica."
17097,excelente ubicación excelente personal
17102,"Sencillo, excelente ubicación, personal amable y buen desayuno."
17108,excelente estancia.
17110,fue una estancia agradable
17113,agradable
17114,Así pude disfrutar realmente del estilo de Valencia.
17115,Estancia muy agradable pero lástima que el domingo por la mañana todos los sitios turísticos estuvieran cerrados.
17116,gracias a francesca recepcionista
17119,Precioso hotel en el centro de Valencia.
17122,súper habitación de hotel con una hermosa vista y un personal amable
17123,excelente ubicación y desayuno
17124,Buen hotel en una excelente ubicación a un precio justo.
17125,excelente ubicación! Lo recomiendo para una estancia en Valencia.
17128,BIEN
17129,"Como viajero frecuente de negocios, me he alojado en muchos hoteles y fue mejor en términos de comodidad."
17132,"muy céntrico, no hay aparcamiento cerca"
17133,bello
17134,bien situado para visitar la ciudad
17136,"Gran hotel en el corazón de la ciudad, pero reserve sin desayuno."
17137,ideal como base para desplazarse por la ciudad tanto a pie como en transporte público
17138,reservar en este hotel. Muy recomendable.
17139,"Ubicación perfecta, empleados amables, por lo demás genial para pasar una noche en Valenci."
17140,perfecto
17141,Muy central y excelente vista.
17142,Idealmente situado para descubrir Valencia.
17146,Yo lo recomendaría
17148,excelente relación calidad-precio
17149,aconsejado
17150,hotel en una posición muy conveniente para visitar la ciudad
17151,agradable
17152,en resumen todo fue perfecto.
17158,hotel fabuloso!!!
17160,excelente relación calidad-precio
17161,inesperado
17162,una base excelente.
17163,¡Lo pasé muy bien en vintage informal!
17164,buena relación calidad-precio
17165,BIEN
17167,excelente ubicación para visitar valencia
17168,"muy bonita ciudad, muy buena comida"
17169,gran hotel en el corazón de valencia
17170,una estancia caracterizada por la comodidad y la cortesía.
17171,ubicación privilegiada en valencia
17172,ideal para un viaje a la ciudad
17173,- .
17175,"proximidad a tiendas, shopping, restaurante, metro, hotel ubicado en el centro de la ciudad de Valencia"
17177,Perfecto
17179,estancia muy agradable.
17180,excelente experiencia
17181,"estancia perfecta, ubicación, buena habitación familiar y hermosa vista"
17183,Un gran momento en Valencia justo en el centro de la ciudad.
17184,personal educado y amable. Muy recomendable por ubicación y comodidad.
17187,BIEN
17188,excelente ubicación y bonita habitación
17189,hermoso hotel ubicado en una ubicación privilegiada
17190,BIEN
17191,bien
17194,gran hotel
17195,¡recomendado!
17197,
17198,bonita vista y personal amable
17201,excelente eleccion lo recomiendo
17203,la estancia fue muy buena
17209,Ubicación perfecta para un viaje a la ciudad!
17211,buen hotel en el centro
17212,"sin una buena noche de estadía, la habitación habría estado oscura y lúgubre y casi sin ventanas, escapada para una estadía corta."
17214,Buen hotel en el centro de la ciudad.
17218,justo en el centro de la ciudad en la plaza principal
17219,"En general, excelente alojamiento, ubicación, desayuno 5. Hubo problemas con el aislamiento acústico y h."
17220,perfecto para explorar el centro de Valencia
17221,gran hotel en una ubicación privilegiada!
17222,maravilloso hotel para un viaje a la ciudad!!
17224,que tengas una buena estancia
17225,"Lo recomiendo, estancia agradable."
17226,en el centro.
17227,absolutamente bien!
17228,hotel schönes altstadt
