,comentario_general
4,una nit del foc inolvidable.
5,excepcional
6,extraordinario
8,magnífica
12,excepcional
13,excelente estancia. pra volver una vez màs.
14,excepcional
15,excepcional
17,excepcional
18,excepcional
19,perfecta!
20,excepcional
21,excepcional
23,excepcional
24,excepcional
28,"confort ,relax ,seguridad"
29,excepcional
30,excepcional
32,fin de semana valencia
33,todo exelente
35,todo fantástico
38,excelente
44,excepcional
45,excepcional
55,excepcional
56,excepcional
58,excepcional
59,todo de excelencia
60,genial
65,excepcional
68,excepcional
71,Valencia
73,excepcional
75,excepcional
78,excelente
80,excepcional
81,excepcional
83,excepcional
84,estancia valencia
88,excepcional
92,excepcional
96,excelente estancia.
99,excelente hotel
103,excepcional
104,excepcional
105,excepcional
106,inolvidable
111,excelente
112,excepcional
114,excepcional
117,excelente
121,excepcional
122,excepcional
123,excepcional
126,súper estancia en valencia.
133,genial
137,excepcional
138,linda azotea
140,excepcional
144,excepcional
150,volveria
153,maravillosa
156,volveremos
158,excelente
160,genial
163,excepcional
170,excelente
171,maravillosa
172,excepcional
177,superó mis expectativas
179,excepcional
180,excepcional
182,excepcional
185,excelente
189,excelente ubicación para visitar la ciudad de las artes y las ciencias
190,perfecto
192,comodidad total
195,la mejor
196,excepcional
197,excepcional
198,excepcional
199,excepcional
202,excepcional
205,perfecto
207,excepcional
210,excepcional
211,excepcional
212,excepcional
213,excepcional
215,buen hotel
217,excepcional
218,excepcional
219,excepcional
221,Fantástico
223,excelente
225,excepcional
226,excepcional
229,muy agusto
233,excelente
235,noche de opera sin correr
236,para repetir
237,excepcional
249,excelente
251,acogedor
254,excelente
256,BIEN
257,estancia para repetir
264,BIEN
269,excepcional
271,hotel increíble!!! hotel increible!!!
272,bueno
281,excepcional
283,"valencia, que maravilla de sitio"
285,Guay
290,sin comentarios
307,excepcional
312,BIEN
313,buen hotel
317,BIEN
318,recomendado
319,"normal, sin pretensiones"
320,regular
321,aceptable
325,una grata sorpresa.
326,BIEN
329,comodidad
339,BIEN
340,aceptable
341,BIEN
344,agradable pero mejorable.
347,necesita reformas
350,aceptable
352,BIEN
353,BIEN
354,aceptable
355,BIEN
356,aceptable
359,para no volver
360,BIEN
361,BIEN
365,BIEN
369,normal
370,excepcional
372,excepcional
373,Excelente apartamento y la mejor vista de la azotea para los fuegos artificiales de las Fallas.
374,absolutamente magnífico!
375,excepcional
377,hotel perfecto para conocer valencia
378,un acogedor hotel céntrico y moderno
379,"Volveremos, gran lugar para quedarse."
380,gran hotel bien ubicado
381,"Estancia encantadora en una buena ubicación en una habitación hermosa y limpia, personal amable y un amplio desayuno buffet."
382,¡He estado yendo al Barceló Valencia alrededor de las 17 de vez en cuando con mi hija pequeña! no tan joven ahora pero siempre
383,gran experiencia buena relación calidad-precio
384,buena relación calidad-precio
386,Bonito hotel en excelente ubicación con vistas impresionantes.
387,"hermoso hotel, excelente ubicación."
388,gran estancia - disfrutada
389,"Muy bonito hotel moderno con buen servicio, excelente desayuno y fabuloso acceso a la ciudad de las artes y las ciencias."
390,"Excelente hotel, con un buen restaurante a un precio razonable y un fantástico bar panorámico en la azotea."
391,excepcional
392,"Me encantó el hotel, la ubicación, las vistas y las tiendas cercanas."
393,"Me encantó, gran hotel para un viaje con amigos, me encantó la piscina y el techo."
394,un lugar cálido y acogedor bien situado
395,genial para una escapada de fin de semana....
396,ubicación básica pero conveniente
397,"excelente para una escapada a la ciudad, cerca de restaurantes y tiendas y frente al parque"
398,"Hotel moderno, limpio y confortable al lado del parque."
399,maravilloso ambiente relajado.
400,"Hermoso hotel con excelente desayuno, ubicación perfecta, bar en la azotea."
402,Muy buen hotel en una buena ubicación para visitar tanto la ciudad como la playa.
403,"muy buen hotel, excelente ubicación, personal amable"
404,excelente ubicación.
406,buenos restaurantes gente muy agradable y agradable y personal del hotel
407,buena ubicación para días de trabajo combinada con un ambiente agradable
408,excepcional
409,excelente hotel - super comodidad
410,fantástico hotel
411,muy buen hotel lo recomiendo
413,"Muy bueno, como siempre de barceló."
414,gran hotel y ubicación
415,excepcional
416,impresionante
417,Excelente hotel moderno al lado de la ciudad de las artes.
419,Super hotel en una excelente ubicación con un personal amable y servicial.
421,lugar donde te sientes muy cómodo
422,muy cómodo con un personal amable.
423,todo fue perfecto para nosotros.
424,Una experiencia muy agradable y que bien podemos repetir. gracias
425,excelente hotel en una ubicación perfecta
426,increíble elección de hotel
428,Hotel confortable y bien ubicado con bar en la azotea.
429,bonito hotel en excelente ubicación
430,cómodo en excelente ubicación
431,hotel superior
432,agradable estancia
434,excepcional
436,"Hotel bien ubicado, excelente desayuno, mal servicio del personal."
437,excepcional
438,"gran elección, cómodo y bien ubicado"
439,excepcional
440,gran hotel en una excelente ubicación.
445,muy satisfecho con mi elección.
446,me alojaría allí de nuevo
448,excelente hotel. personal de recepción amable buen desayuno
449,¡Fue un gran viaje familiar!
450,excepcional
453,Fue muy agradable y valió la pena pagar más por la vista: el Palau de les Arts se ve increíble por la mañana y por la noche.
455,gran hotel.
456,estancia perfecta! ¡Esperando con ansias mi próximo pronto!
457,excepcional
458,Gran lugar y excelente personal.
459,una verdadera joya a solo pasos de las maravillas hechas por caratrava
460,excepcional
461,lo recomiendo mucho
463,"Un hotel absolutamente excelente, perfecto para explorar Valencia."
465,"Este hotel tiene una ubicación perfecta, reservamos para una sorpresa número 50 con amigos. Este hotel cumplía muchos requisitos."
466,excepcional
467,excepcional
468,fabuloso hotel y ubicación
469,gran experiencia
470,simplemente un hotel de alto nivel
471,barceló cumplirá con sus expectativas
472,maravilloso
473,"Fue perfecto para una estancia de una noche, relación calidad-precio."
474,brillante estancia en el hotel
476,Hotel realmente bonito con buena ubicación y restaurantes cerca.
477,Precioso hotel con desayuno increíble.
478,"un gran hotel, ubicación perfecta en una hermosa ciudad"
480,relajante y amigable
481,"Bonito hotel en una gran zona de Valencia, moderno, limpio y cómodo."
484,fantástico
485,excelente ubicación y comodidad
486,excelente
487,cama cómoda y buenos desayunos
488,personal fantástico desayuno encantador estupenda ubicación
489,"buena ubicación, desayuno increíble, personal amable"
490,gran hotel
492,"Barceló Valencia superará sus expectativas con una gran habitación, ubicación y un fantástico desayuno."
493,Disfrutamos de una estancia encantadora y relajante en este hermoso hotel.
495,perfecto
496,Es una estancia obligada si estás en Valencia.
497,gran hotel se alojaría de nuevo
498,"Está bien, pero regresaría rápidamente, excepto por la vista."
499,excepcional
500,10 10 quédate.
501,"gente encantadora, gran servicio y excelente ubicación"
502,"Aunque tuve un accidente durante mi estancia en el hotel y me rompí el tobillo, no podrían haber estado más preocupados ni ayudados."
503,"Buen hotel, excelente ubicación, personal agradable en general, una gran experiencia."
504,Me alojaría en cualquiera de sus hoteles basándose en esta experiencia y viajo cada 6 semanas. la mejor experiencia hotelera
505,Excelente hotel y definitivamente volveremos a reservar.
507,excepcional
510,"Ubicación perfecta, excelente alojamiento y muy buen desayuno."
511,desayuno increíble! encantador hotel
512,excelente volvería a reservar
515,hermoso barceló
516,escapada perfecta a la ciudad con la diversión de las fallas.
517,"Realmente una excelente base, una zona preciosa muy cerca del antiguo paseo del río. Definitivamente me quedaría allí de nuevo."
518,excelente hotel moderno cerca de la Cité des Arts
519,excepcional
520,excepcional
521,"hermosa ciudad, excelente ubicación del hotel, ya lo he recomendado a otros"
522,excepcional
523,excepcional
524,la estancia fue fenomenal
525,el lugar ideal para descansar y estar cerca de los eventos de la ciudad.
526,estancia muy agradable
527,maravilloso hotel en una excelente ubicación.
528,"Bueno, lo recomendaría."
529,"excelente hotel - ubicación fantástica, decoración moderna."
532,agradable
533,"El personal fue increíble, la habitación era encantadora y el bar de la azotea lo remató todo."
534,gran lugar
536,Siempre nos encanta venir al Barceló en Valencia.
537,hotel fabuloso excelente ubicación
538,Ubicación ideal y el hotel estaba bien en todos lados.
539,una muy buena estancia!
540,recomiendo
541,"Excelente ubicación, muy cómodo, definitivamente regresaré."
542,excelente ubicación con excelente bar en la azotea
543,excelente desayuno es perfecto.
544,estancia de 4 noches
545,relajante con mucho que hacer
546,hotel moderno y elegante con increíble salón en la azotea
547,Muy buena relación calidad-precio: central para la ciudad y la playa.
548,"ubicación conveniente, estancia encantadora"
549,"Mi estancia fue estupenda, definitivamente me alojaría allí en mi próxima visita."
550,muy contento
551,hermoso
552,Absolutamente enamorado de este hotel y de Valencia.
554,increíble ubicación para una escapada a la ciudad
555,excelente hotel. Definitivamente lo usaría nuevamente.
556,La ubicación y el alojamiento tienen una buena combinación para el placer y el trabajo.
557,Posiblemente nuestro hotel favorito en España.
558,excelentes habitaciones en excelente ubicación
559,superó mis expectativas! Elegiría este hotel una y otra vez
560,estaremos de vuelta
561,"gran desayuno, muy limpio y gran hotel"
562,El hotel con la mejor relación calidad-precio en el que recuerdo haberme detenido
563,una estancia agradable
564,excelente ubicación y buen ambiente
565,todo acerca de este hotel fue bueno
566,estancia corta antes de pasar a quedarse con la familia
567,increíble ubicación y personal amable
568,"hotel excepcional, con un gran servicio de todo el personal!"
569,"impresionante ubicación, gran hotel"
570,excepcional
571,¡muy lindo!
572,magnífico
573,en general muy satisfecho
574,gran opción
576,excepcional
577,Me encantó la ubicación. Lo pasé muy bien. Recomendaría altamente este hotel.
578,excepcional
580,estancia con clase en valencia
581,excelente hotel.
582,excelente hotel
583,excelente estancia
584,Un lugar genial para alojarse en Valencia.
585,"Precioso, ubicación perfecta, el personal era agradable. Sin embargo, no fueron muy atentos en el bar de la azotea, parecían simplemente"
586,"gran servicio, excelente ubicación, excelente desayuno"
587,excepcional
588,"Precioso hotel, ubicación perfecta, ¡lo recomendaría a otros viajeros!"
589,excepcional
590,era más de lo esperado
591,"gran hotel, excelente ubicación y excelente desayuno"
592,genial para una escapada de fin de semana.
593,"a poca distancia de la ciudad de las artes y las ciencias, excelente personal y habitaciones modernas"
594,muy buen hotel
596,excelente ubicación para una estancia cómoda y estupenda
597,"Excelente relación calidad-precio, me alojaré aquí de nuevo."
598,comodidad y ubicación en ciudad de les arts
599,excepcional
600,navidad en valencia
603,encantadora estancia.
609,"La habitación estaba bien, pero no creo que debería costar 200 euros por noche."
610,bonito pero....
611,the place to stay in valencia pulgar hacia arriba
612,"El personal era agradable, servicial y amable. la ubicación era buena y las conexiones de autobús a otras partes e"
613,estancia corta - estancia agradable de 1 día en valencia
614,"excel hotel barceló, limpio y moderno con un desayuno razonable"
615,un muy buen hotel en una excelente ubicación.
616,estuvo bien
618,una muy buena experiencia
619,estancia agradable pero breve en la parte moderna de valencia
621,Valencia es una ciudad hermosa con magníficos edificios y museos.
623,"desayuno increíble, excelente ubicación, habitaciones grandes."
624,bien
626,excelente
628,desayuno increíble
629,excepcional
630,encantador hotel
631,Excelente estancia en un hotel acogedor.
632,una sensación de cuatro estrellas a un precio competitivo
633,hotel con gran desayuno y personal servicial
636,cómodo y agradable
637,ubicación conveniente
639,Felices vacaciones en general... el personal del hotel es muy servicial y servicial. La paella de comida estuvo deliciosa cara saboreando comida
640,estancia perfecta en la bonita ciudad de valencia
641,Lo visitaría una vez más.
642,hotel moderno junto a la ciudad de las ciencias y las artes
643,el hotel estaba bien
644,agradable sorpresa
646,hotel excelente ubicación
647,cómodo y excelente ubicación
648,buena cama y relativamente nueva
649,excepcional
650,gran desayuno
651,BIEN
652,"Preciosa habitación con vistas increíbles, sin embargo, ciertas partes de la estancia fueron decepcionantes."
653,bonito pero una c está manipulada
655,"Excelente ubicación, buenas instalaciones y delicioso desayuno. sin embargo, era demasiado caro y parte del personal era"
656,decepcionante
657,"Está bien para viajes de negocios durante la noche, pero es demasiado caro para lo que obtienes."
659,Preciosa ubicación y me alojaría de nuevo!
660,clase ejecutiva cuatro estrellas
661,un gran lugar para quedarse
662,"Buena ubicación, pero la información previa a la reserva necesita más precisión."
663,BIEN
664,BIEN
665,BIEN
666,BIEN
667,BIEN
668,BIEN
669,aceptable
670,lamentable para el servicio
672,BIEN
673,BIEN
674,¡Desafortunadamente fue decepcionante!
676,última vez para toda nuestra empresa
677,sentimientos encontrados
678,"Buena ubicación y precio, pero las instalaciones y el personal no son tan buenos como se esperaba."
679,BIEN
680,muy mal
681,comodidad comprometida por un mal diseño. no es un hotel familiar
682,caliente e inmundo
683,fue suficiente para nuestra estancia
684,mal
685,muy mal
687,vacaciones de semana santa a valencia
688,Estamos muy decepcionados de que hayan tirado el libro que dejamos atrás.
689,excepcional
690,excepcional
693,"estancia agradable, interesante y relajante."
694,excelente ubicación
695,excepcional
696,fantástico
698,excepcional
699,¡súper!
700,excepcional
702,excepcional
703,excepcional
704,"Barceló, nunca me engañes. Amo"
706,
707,excepcional
709,una estancia perfecta
710,excepcional
711,Hotel muy sólido en una ubicación única con una hermosa vista de los edificios de Calatrava.
712,estancia agradable en el hotel
713,gran hotel urbano con mucho confort
714,cómodo y todo a poca distancia.
715,¡¡¡Me encantaría volver!!!
716,todo fue perfecto.
717,excepcional
720,"bonitas habitaciones, buen desayuno, buena ubicación"
721,excepcional
722,¡Hotel superior con buena ubicación y desayuno fantástico!
723,todo fue genial
724,un buen hotel
725,"el hotel con su ubicación, el personal muy hospitalario, las buenas instalaciones, el completo desayuno son 9,5. 9,5 para"
726,"agradable, cálido,"
728,Fantástica ubicación si quieres descubrir la ciudad en bicicleta. tanto en relación con los puertos como con el centro
729,realmente recomendado
730,"Tuve una experiencia agradable en Valencia y volvería a reservar este hotel sin más, cara radiante con ojos sonrientes"
732,", ,"
733,excepcional
734,excepcional
735,Magnífico
736,Buen hotel para una semana en Valencia.
737,comodidad y tranquilidad
739,excepcional
740,excepcional
741,todo perfecto!
742,"estancia muy agradable, habitación limpia y espaciosa, personal amable"
744,¡maravilloso!
745,excepcional
746,excepcional
747,"Excelente hotel, con un equipo profesional."
749,excepcional
750,excepcional
752,hotel superior
754,¡arriba!
755,realmente recomendado!
756,¡arriba!
757,satisfecho con mi visita
760,Muy recomendable para cualquiera que quiera descubrir Valencia.
761,buen fin de semana!
763,excepcional
765,todo ok
766,"Gran experiencia, bien organizada, limpia y perfecta ubicación."
769,¡Un hotel de primera categoría para familias!
771,¡Unas vacaciones perfectas durante las fallas salvajes en un hotel agradablemente tranquilo!
772,hermosa estancia y delicioso desayuno!
773,Se lo recomiendo a todos
774,una ubicación perfecta
775,vale la pena repetir
778,¡Su desayuno y su amabilidad fueron de primera categoría!
779,estancia maravillosa
780,Perfecto
781,excepcional
782,hotel comodo y funcional
783,estancia muy agradable!
784,todo me parece bonito
785,"Lugar súper cómodo, limpio y bien ubicado! ¡Recomiendo quedarse aquí!"
786,Muy bien
788,valencia de gira con smici
789,"estancia agradable, muy buen hotel"
790,relax a valencia
791,absolutamente recomendado.
793,Maravillosa estancia para repetir lo antes posible.
794,excepcional
795,"buena ubicación, genial bar en la azotea"
798,¡Mega hotel urbano para un kueztrip!
800,lujo. Volveré.
802,buen hotel.
803,"barceló, una garantía."
804,Fin de semana muy agradable en Valencia.
806,buenas vacaciones en valencia
808,mejor
809,arriba
810,perfecto para un grupo o negocio
811,"Tuve una estancia estupenda, personal super amable y servicial."
812,dias maravillosos
813,se recomienda
814,"Estancia muy agradable al principio. Ubicación conveniente, personal amable y buena relación calidad-precio."
815,excepcional
817,"Limpio y acogedor, ¡súper desayuno!"
819,hermoso hotel de 4 estrellas en una hermosa ubicación
821,excelente
822,excepcional
823,
825,excelente. me sentí bien
826,excepcional
828,"Estancia perfecta, una pena lo de la piscina."
829,¡excelente!
830,"Bueno, pero planea trabajar en nuestra habitación."
831,excepcional
833,¡Me encantó el hotel y su ubicación!
834,¡Estancia muy agradable en un hotel de primera en una ubicación privilegiada!
835,Magnífico
836,Escapada muy agradable en Valencia.
837,fantástico
838,suite familiar superior
839,excepcional
840,el mejor agradecimiento a todos los equipos de este establecimiento gracias.
841,"Bonito hotel, buen desayuno y cerca del transporte público."
842,Tuve una gran estadía
843,"¡Todo fue perfecto, lo pasamos genial!"
844,"¡Todo fue perfecto, lo pasamos genial!"
845,excepcional
846,¡súper!
847,bonito hotel moderno
848,excelente
852,¡Recomiendo!
853,maravilloso dia
854,excepcional
856,excepcional
857,volvería otra vez
858,excepcional
859,Perfecto
860,agradable y practico
861,encantador hotel
866,excepcional
867,excepcional
868,recomendado
869,excepcional
872,¡fue genial!
873,excepcional
874,excepcional
875,excepcional
876,parfait
877,¡Fue una estancia estupenda!
878,excepcional
879,Ubicación perfecta para visitar Valencia.
881,excepcional
882,¡Todo estuvo bien!
883,"Gran hotel, personal perfecto y un bar impresionante en la terraza de la azotea con vistas a Valencia."
884,prima
885,excelente hotel para viaje a la ciudad
886,excelente estancia
889,¡súper!
890,perfecta estancia de maratón
891,recomendado
892,excepcional
895,excelente
896,"Estancia maravillosa, ubicación perfecta y desayuno excelente."
897,todo es genial cuando conduces un coche pequeño
898,la base ideal para un exitoso viaje a la ciudad.
899,excelente sorpresa en una ubicación fantástica
900,excepcional
902,"Perfectamente ubicado, bonito hotel, habitaciones amplias."
905,excelente
906,estancia fantástica
907,gran hotel
909,gran hallazgo!!
910,¡gracias!
912,"moderno, acogedor, sabroso, amable."
914,gran hotel en una ubicación perfecta
915,excepcional
916,todo perfecto
918,Precioso hotel con un super desayuno.
920,"maravilloso, lo haría de nuevo"
921,"Buen hotel, buena ubicación, empleados serviciales."
923,excelente hotel con altos estándares
925,vacaciones.
926,fantástico
927,Estancia muy agradable y recomendable para visitar la ciudad de Valencia.
928,perfecta!
929,excepcional
930,¡Definitivamente regresaré! limpieza y desayuno arriba arriba arriba
931,Ubicación privilegiada para 1 día en Valencia.
932,excepcional
933,excepcional
934,"posición excepcional del hotel al lado de la ópera, oceanográfico"
935,"Valencia es realmente una ciudad que debes visitar, una ciudad bonita y fresca con mucho que ver."
936,¡Definitivamente regresaremos otra vez!
937,gran estancia
939,excepcional
941,buen hotel
943,voy a volver
944,excepcional
945,fue un gran hotel.
946,excepcional
947,Nos lo pasamos genial con una bicicleta que alquilamos enfrente del hotel.
948,por lo demás lo disfrutamos
949,¡arriba!
950,En recepción tuvimos un poco de mala suerte cuando llegamos. Una recepcionista llamada Berta fue la persona antipática que conocimos.
952,arriba
954,excepcional
955,excepcional
956,hermoso y deportivo
957,comodidad y calidad
958,vaya genial.
960,"Nos lo pasamos muy bien, volveremos a la misma espléndida habitación y disfrutaremos de la fantástica vista."
961,"¡Buena estancia, Picco Bello!"
962,valencia hermosa
963,Precioso hotel con un bonito bar en el décimo piso y excelente ubicación.
965,Cómodo hotel urbano incluso para estancias más largas
966,¡excelente!
968,hotel perfecto a nivel personal
969,un hotel ideal para una noche de estancia en la ciudad
972,Está bien
973,"Bonito hotel, buena ubicación, gran desayuno!"
974,Óptimo
975,excepcional
976,werden das hotel freunden weiterempfohlen cara feliz con ojos sonrientes
977,muy bien
978,un éxito
979,hotel encantador y muy céntrico!
980,buena ubicación central del hotel
982,buena relación precio-rendimiento
983,excepcional
985,fue gratamente bueno.
987,Bien
989,agradable
990,"excelente relación precio-rendimiento, selección de desayuno buffet superior a la media"
993,excepcional
994,"Muy buen hotel, lo cual no empeoró por el hecho de que teníamos grandes fuegos artificiales justo afuera de la ventana."
996,excepcional
999,asombroso
1000,bien
1001,Gran hotel para un viaje a la ciudad de Valencia.
1002,"Excelente ubicación, bonitas habitaciones y un abundante desayuno."
1003,"El hotel no dispone de ventanas insonorizadas, pero sí de persianas enrollables que impiden la luz. El desayuno buffet era muy bueno. Se recomienda el hotel"
1006,Realmente disfruté de mi estancia en el Barceló y recomendaría este hotel en cualquier momento.
1007,"ambiente tranquilo, amigable y relajado"
1008,bonito hotel buena ubicación
1010,hotel confortable con buena ubicación
1011,"Muy bueno, excelente desayuno y camas maravillosas."
1013,¡súper!
1016,hotel superior
1017,¡¡fantástico!!
1021,excelente ubicación y con una vista maravillosa
1022,Fantástica elección a este precio y ubicación.
1023,"buena ubicación, bonitas habitaciones, hermosa vista."
1024,Gran viaje corto a Valencia. Nos encantaría volver.
1025,súper
1026,"buena relación calidad-precio, excelente desayuno!"
1029,Delicioso
1030,habitación bonita y limpia con una gran vista y un personal amable
1031,excepcional
1032,Gran hotel urbano para el fin de semana. ubicación perfecta!
1034,super hotel con ubicación perfecta
1036,sobre la ciudad de las ciencias
1039,repetir acto preprogramado.
1040,"Excelente desayuno, lugar limpio y excelente ubicación."
1041,Hotel con buena ubicación y posible vista al parque.
1042,bueno pero no es gran sorpresa...
1043,buen hotel con habitaciones grandes
1044,una estancia agradable y relajante
1046,estancia agradable en un buen hotel.
1048,buena relación calidad-precio
1050,Viaje corto Valencia
1052,Definitivamente volvería a reservar
1053,una estancia excelente en una habitación espaciosa y la cama lo mismo.
1056,excelente
1059,¡Excelente base para un fin de semana en Valencia!
1060,buena ubicación y mejor calidad precio.
1062,excepcional
1063,"bien, ¡excepto por el problema mencionado anteriormente!"
1064,excelente
1065,valencia es una hora muy bonita!
1068,"Buena ubicación, edificio de diseño presenta defectos."
1069,ducha resbaladiza.
1070,agradable estancia
1071,BIEN
1072,hotel campana!
1073,aceptable
1074,volver a ver al personal de recepción.. Martes a las 18 h. excepto el guardia de seguridad que fue genial
1076,BIEN
1077,estancia agradable. Recomiendo el hotel
1079,BIEN
1080,BIEN
1081,Buena ubicación si quieres visitar lugares con niños.
1082,No volveré allí. decepcionante.
1083,es repetir
1084,BIEN
1086,BIEN
1087,En general fue bien pero me quedé una noche y no dos.
1090,"¡Lo pasamos muy bien, excelente sala, ubicación y equipo de catering!"
1091,unos días estupendos en Valencia
1092,básicamente de nuevo
1093,Hermosa ciudad y un gran hotel desde el cual puedes visitar fácilmente la ciudad.
1094,BIEN
1095,BIEN
1096,agradable pero puede mejorar
1097,BIEN
1099,Bueno con pequeños obstáculos en la habitación del hotel.
1100,muy pocos ascensores
1101,mantente bien
1102,BIEN
1103,hotel sólido. tiendas y buenos restaurantes cercanos. Se tarda un poco en llegar a la ciudad y al centro de la ciudad.
1104,"excelente hotel, instalaciones mediocres"
1105,bueno en general
1106,Excelente ubicación pero todo el entretenimiento se buscó fuera del hotel.
1107,decepcionante
1108,BIEN
1109,La excelente ubicación no lo compensa...
1110,transitable para 4 estrellas
1111,¡Ruido ruido y más ruido de la concurrida intersección día y noche!
1112,un poco decepcionante; fue mejor
1113,"Si buscas un sueño tranquilo, no te arriesgues"
1114,gloria desvanecida
1115,mediocre
1116,muy bonito y acogedor!
1119,mal
1120,aceptable
1121,Parece una cosa pero ofrece otra.
1122,"¡Promedio, no pude dormir por el mal olor!"
1123,aceptable
1124,mal
1125,excelente ubicación
1126,mal
1127,bar270 un sueño
1129,Disfruté de esta maravillosa ciudad.
1130,súper
1133,excepcional
1135,excepcional
1140,excepcional
1141,excepcional
1142,excepcional
1143,excepcional
1145,excepcional
1150,excepcional
1151,excepcional
1155,excepcional
1158,excepcional
1159,excepcional
1160,excepcional
1162,excepcional
1163,excepcional
1166,excepcional
1167,excepcional
1169,excepcional
1171,excepcional
1172,excepcional
1175,excepcional
1176,excepcional
1178,excepcional
1180,excepcional
1182,excepcional
1183,excepcional
1184,excepcional
1185,excepcional
1186,excepcional
1187,excepcional
1190,excepcional
1192,excepcional
1193,excepcional
1194,excepcional
1195,excepcional
1196,excepcional
1197,excepcional
1199,excepcional
1202,excepcional
1205,excepcional
1207,excepcional
1208,excepcional
1209,excepcional
1211,excepcional
1213,excelente
1215,excepcional
1216,excepcional
1218,excepcional
1220,excepcional
1221,excepcional
1222,comodidad garantizada!
1223,excepcional
1224,excepcional
1225,excepcional
1226,excepcional
1227,excepcional
1233,excepcional
1235,excepcional
1236,excepcional
1238,excepcional
1239,excepcional
1241,excepcional
1242,excepcional
1244,excepcional
1245,excepcional
1246,excepcional
1247,excepcional
1248,excepcional
1250,excepcional
1251,excepcional
1252,excepcional
1253,excepcional
1254,excepcional
1255,excepcional
1256,excepcional
1258,excepcional
1261,excepcional
1263,excepcional
1264,excepcional
1266,excepcional
1267,excepcional
1268,excepcional
1272,excepcional
1273,excepcional
1274,excepcional
1276,excepcional
1277,excepcional
1278,excepcional
1281,excepcional
1282,excepcional
1285,excepcional
1286,excepcional
1287,excepcional
1292,excepcional
1293,excepcional
1295,excepcional
1296,excepcional
1297,excepcional
1299,excepcional
1304,excepcional
1305,excepcional
1306,excepcional
1308,excepcional
1309,excepcional
1310,excepcional
1311,excepcional
1312,excepcional
1313,excepcional
1317,excepcional
1319,excepcional
1323,excepcional
1324,excepcional
1326,excepcional
1328,excepcional
1332,excepcional
1333,excepcional
1334,excepcional
1337,excepcional
1339,excepcional
1343,excepcional
1344,excepcional
1346,excepcional
1347,excepcional
1348,excepcional
1353,excepcional
1355,excepcional
1357,excepcional
1358,excepcional
1360,excepcional
1361,excepcional
1363,excepcional
1364,excepcional
1366,excepcional
1367,excepcional
1369,excepcional
1375,excepcional
1377,excepcional
1378,excepcional
1379,excepcional
1380,excepcional
1383,excepcional
1384,excepcional
1385,excepcional
1389,excepcional
1390,excepcional
1391,excepcional
1394,excepcional
1402,excepcional
1407,excepcional
1409,excepcional
1422,excepcional
1436,excepcional
1456,excepcional
1458,excepcional
1463,BIEN
1466,BIEN
1467,BIEN
1468,BIEN
1471,BIEN
1472,BIEN
1473,BIEN
1475,BIEN
1476,BIEN
1478,BIEN
1479,BIEN
1480,aceptable
1481,BIEN
1483,BIEN
1484,BIEN
1485,aceptable
1486,BIEN
1487,BIEN
1488,BIEN
1489,BIEN
1490,BIEN
1491,BIEN
1492,BIEN
1493,BIEN
1494,BIEN
1495,BIEN
1497,mal
1498,BIEN
1499,aceptable
1502,mal
1503,BIEN
1504,pésimo
1505,pésimo
1506,pésimo
1507,BIEN
1514,excepcional
1516,excepcional
1517,excepcional
1518,excepcional
1519,excepcional
1521,excepcional
1524,excepcional
1526,excepcional
1528,excepcional
1529,excepcional
1530,excepcional
1532,excepcional
1533,excepcional
1536,excepcional
1537,excepcional
1538,excepcional
1539,excepcional
1540,excepcional
1541,excepcional
1542,excepcional
1544,excepcional
1547,excepcional
1550,excepcional
1553,excepcional
1554,excepcional
1556,excepcional
1557,excepcional
1558,excepcional
1560,excepcional
1561,buena ubicación!! Habitación muy cómoda y limpia con una hermosa vista.
1562,excepcional
1563,excepcional
1565,excepcional
1568,excepcional
1569,excepcional
1571,excepcional
1572,excepcional
1574,excepcional
1575,excepcional
1577,excepcional
1578,excepcional
1579,excepcional
1582,excepcional
1583,excepcional
1585,excepcional
1588,excepcional
1591,excepcional
1592,excepcional
1593,excepcional
1596,excepcional
1598,excepcional
1600,excepcional
1602,excepcional
1605,excepcional
1606,excepcional
1609,excepcional
1610,excepcional
1612,excepcional
1614,excepcional
1615,"excelente ubicación, cama cómoda"
1619,excepcional
1620,excepcional
1622,excepcional
1623,excepcional
1624,excepcional
1629,excepcional
1630,excepcional
1631,excepcional
1632,excepcional
1636,excepcional
1638,excepcional
1640,"Lugar limpio, personal amable y profesional, buena comida."
1641,excepcional
1642,excepcional
1646,excepcional
1649,excepcional
1650,excepcional
1651,excepcional
1652,excepcional
1655,excepcional
1656,excepcional
1657,excepcional
1659,excepcional
1660,excepcional
1665,excepcional
1666,excepcional
1690,excepcional
1692,excepcional
1709,BIEN
1710,BIEN
1712,BIEN
1713,BIEN
1714,BIEN
1715,BIEN
1716,BIEN
1717,BIEN
1718,BIEN
1719,BIEN
1720,BIEN
1721,BIEN
1722,aceptable
1724,BIEN
1725,BIEN
1726,BIEN
1727,BIEN
1728,BIEN
1729,aceptable
1730,BIEN
1738,excepcional
1739,excepcional
1742,excepcional
1744,excepcional
1751,excepcional
1753,excepcional
1756,excepcional
1757,excepcional
1758,excepcional
1759,excepcional
1765,excepcional
1771,excepcional
1772,excepcional
1774,excepcional
1777,excepcional
1778,excepcional
1779,excepcional
1780,excepcional
1784,excepcional
1785,excepcional
1788,excepcional
1790,excepcional
1791,excepcional
1794,excepcional
1795,excepcional
1796,excepcional
1798,excepcional
1799,excepcional
1807,excepcional
1809,excepcional
1812,excepcional
1814,excepcional
1815,excepcional
1817,excepcional
1822,excepcional
1824,excepcional
1826,excepcional
1828,excepcional
1829,excepcional
1830,excepcional
1831,excepcional
1837,superó mis expectativas.
1839,excepcional
1841,excepcional
1842,excepcional
1843,excepcional
1845,excepcional
1846,excepcional
1851,agradable
1852,excepcional
1856,excepcional
1859,excepcional
1862,excepcional
1866,excepcional
1868,excepcional
1871,perfecto
1872,excepcional
1877,excepcional
1880,excepcional
1882,excepcional
1883,excepcional
1885,excepcional
1886,excepcional
1888,excepcional
1897,excepcional
1902,excepcional
1903,excepcional
1905,excepcional
1909,excepcional
1910,excepcional
1913,excepcional
1917,¡Con mucho gusto otra vez!
1920,excepcional
1921,excepcional
1925,excepcional
1930,excepcional
1932,excepcional
1935,excepcional
1938,excepcional
1940,excepcional
1942,excepcional
1943,excepcional
1945,excepcional
1947,excepcional
1948,excepcional
1949,excepcional
1952,excepcional
1954,excepcional
1956,excepcional
1958,excepcional
1964,excepcional
1967,excepcional
1969,excepcional
1996,excepcional
2008,excepcional
2014,excepcional
2035,excepcional
2037,excepcional
2057,excepcional
2059,excepcional
2062,BIEN
2063,aceptable
2064,BIEN
2066,BIEN
2067,BIEN
2068,aceptable
2069,aceptable
2070,BIEN
2071,BIEN
2072,BIEN
2073,BIEN
2074,BIEN
2075,BIEN
2076,BIEN
2077,BIEN
2078,BIEN
2079,BIEN
2082,BIEN
2083,aceptable
2084,excelente... lo recomiendo
2085,BIEN
2086,BIEN
2087,BIEN
2088,BIEN
2089,BIEN
2093,BIEN
2095,BIEN
2096,BIEN
2097,BIEN
2098,BIEN
2099,BIEN
2100,pésimo
2101,BIEN
2105,excepcional
2106,excepcional
2108,un finde perfecto
2110,excepcional
2111,excepcional
2112,increíble
2113,excepcional
2123,excepcional
2124,magnífica la estancia
2126,estupendisimaaa
2130,fallas
2133,excepcional
2135,excepcional
2136,excepcional
2138,excepcional
2139,excepcional
2141,excepcional
2142,excepcional
2143,excepcional
2145,excelente
2146,excelente
2148,excepcional
2149,excepcional
2151,excepcional
2152,para volver
2156,buen hotel
2157,excelente
2158,excepcional
2161,excepcional
2163,excepcional
2165,excepcional
2168,excepcional
2169,increíble
2170,excepcional
2171,excepcional
2172,excepcional
2174,excelente
2175,excelente
2180,excelente
2181,excepcional
2182,excelente
2184,valencia genial
2185,excepcional
2187,excelente hotel
2189,excepcional
2190,excelente
2192,excepcional
2193,fenomenal
2197,excepcional
2198,excepcional
2200,excelente
2201,excelente
2206,excepcional
2207,excepcional
2208,excepcional
2210,excepcional
2211,excepcional
2214,excepcional
2217,genial
2218,excepcional
2220,excepcional
2223,descansar
2225,excepcional
2227,excepcional
2228,excepcional
2229,excepcional
2231,excelente todo
2233,excepcional
2234,volveríamos
2237,excelente
2241,gran hotel para visitar valencia
2242,excepcional
2243,¡excelente!
2244,excepcional
2245,excepcional
2246,excepcional
2249,excepcional
2251,valencia a tus pies
2260,¡excelente!
2261,excepcional
2264,excelente
2265,excelente
2268,excepcional
2270,excepcional
2271,excepcional
2272,100  recomendable. sin duda repetiré si vuelvo a valencia.
2274,comodidad
2276,recomendado 100
2277,excepcional
2279,excepcional
2280,excepcional
2282,excepcional
2285,excepcional
2286,genial
2287,valencia divina
2292,todo excelente
2293,exelente
2295,excepcional
2297,excepcional
2298,excepcional
2300,excepcional
2303,
2305,excepcional
2309,repetiré
2313,fenomenal
2314,excepcional
2318,excepcional
2322,excepcional
2328,excelente
2333,excepcional
2334,excepcional
2335,estancia excepcional
2338,excepcional
2341,excepcional
2343,lindo
2346,excepcional
2348,
2355,excelente
2356,excepcional
2357,excepcional
2358,buena relación calidad-precio
2360,estupendo!
2363,agradable
2364,excepcional
2365,excepcional
2368,¡excelente!
2371,estancia perfecta
2372,excepcional
2377,excelente
2379,excepcional
2382,perfecto
2389,excepcional
2390,excepcional
2391,excepcional
2392,maravillosa!
2395,excepcional
2396,estancia perfecta
2398,excepcional
2400,genial
2406,para repetir.
2407,ideal para visitar valencia
2408,"genial. para volver, seguro!!!!"
2410,excepcional
2411,excepcional
2414,excepcional
2416,una estancia perfecta
2417,excepcional
2425,excepcional
2426,excepcional
2428,excepcional
2432,OK
2433,excepcional
2435,excelente hotel
2437,excepcional
2439,excelente
2442,excepcional
2443,objetivo conseguido .calidad precio .
2445,perfecta
2446,perfecto
2447,sorpendente
2448,excepcional
2449,excelente
2450,excepcional
2453,excepcional
2458,excelente
2459,excepcional
2461,increíble
2463,excelente
2471,excelente
2474,excepcional
2479,perfecto
2481,inmejorable
2482,excepcional
2486,excelente
2492,excepcional
2494,excepcional
2497,excepcional
2503,excepcional
2504,excepcional
2507,perfecto
2508,excelente
2509,excepcional
2510,un lujo
2511,excepcional
2514,excepcional
2518,excelente
2521,¡¡excelente!!
2522,perfecto
2524,excepcional
2526,excepcional
2529,excepcional
2532,genial
2533,para repetir siempre
2536,genial
2540,demasiado buena.
2541,y 10
2546,excepcional
2547,genial
2549,excepcional
2551,excepcional
2552,excepcional
2553,excepcional
2559,súper estancia
2560,excepcional
2561,excelente
2562,excepcional
2564,excepcional
2565,excelente.volvere
2570,excepcional
2571,excepcional
2574,excepcional
2575,excepcional
2576,excepcional
2577,excelente hotel
2579,excepcional
2580,excepcional
2586,excepcional
2587,para repetir!!
2589,excepcional
2592,excepcional
2593,excepcional
2597,volveré sin dudas
2602,de carnaval en valencia
2604,inolvidable valencia
2605,excepcional
2610,excepcional
2613,excepcional
2615,excepcional
2616,excepcional
2618,excepcional
2624,excelente hotel
2626,excepcional
2628,excepcional
2629,excepcional
2634,genial
2638,excepcional
2639,excepcional
2640,excepcional
2648,excepcional
2650,estancia perfecta
2651,excepcional
2654,excepcional
2658,excepcional
2660,excepcional
2665,excepcional
2671,excepcional
2675,excepcional
2679,volvería a repetir.
2681,maravilloso!
2682,excepcional
2685,excelente
2687,genial
2688,excelente
2691,excelente
2693,estancia para repetir
2694,excepcional
2697,excelente
2698,excepcional
2703,excepcional
2707,excepcional
2709,excelente
2710,repetiremos
2713,bien en general
2714,perfecto
2715,excepcional
2717,increible volveria
2720,excepcional
2721,¡genial!
2723,excepcional
2724,comodidad
2729,excelente
2730,excelente estancia
2733,excepcional
2735,excepcional
2736,excepcional
2739,excepcional
2741,genial
2742,maravillosa
2743,excepcional
2745,excepcional
2753,excepcional
2755,excepcional
2756,excepcional
2757,excepcional
2759,excepcional
2763,excepcional
2764,para volver
2765,excepcional
2773,buenísimo
2774,excepcional
2775,excepcional
2778,excepcional
2780,excelente
2781,ha sido excelente.
2783,recomendadisimo....
2785,inmejorable
2792,excepcional
2801,excepcional
2802,excelente
2807,excepcional
2808,excepcional
2809,maravillosa
2811,inmejorable
2812,excepcional
2813,excepcional
2814,maravillosa
2819,excepcional
2822,excepcional
2824,muy satisfecha
2825,excepcional
2828,excepcional
2832,perfecto
2834,excepcional
2838,excepcional
2842,excepcional
2843,excepcional
2844,estancia genial
2845,excepcional
2850,excepcional
2855,excepcional
2863,excelente lugar
2867,excepcional
2868,excepcional
2873,excepcional
2874,disfrutando
2876,excepcional
2877,excepcional
2878,excepcional
2881,"bueno,bonito,barato"
2883,excepcional
2886,excepcional
2888,genial
2889,excepcional
2892,excepcional
2893,excepcional
2896,genial
2897,excepcional
2898,excepcional
2899,excelente
2902,excepcional
2904,excepcional
2905,excepcional
2909,perfecto
2911,excepcional
2913,excepcional
2916,excepcional
2917,excepcional
2919,excepcional
2920,excepcional
2923,excepcional
2927,excepcional
2932,hotel para disfrutar de tu estancia en valencia
2933,excepcional
2934,"buena, agradabker"
2936,excepcional
2941,hotel en valencia
2946,excepcional
2948,excelente
2950,excepcional
2958,corta visita a valencia
2967,"valencia i hotel venecia, mes i mes mellor."
2971,recomendado
2981,hotel muyy vomodo
2985,bueno
2994,perfecta
3004,bueno
3007,OK
3011,excepcional
3020,excepcional
3025,excepcional
3028,BIEN
3033,excepcional
3037,satisfactorio
3057,excelente
3061,visita a valencia
3066,valencia ...una delicia
3084,excepcional
3092,relajada
3103,excelente hotel
3113,excepcional
3118,genial
3145,excepcional
3146,excepcional
3150,BIEN
3157,cómodo
3161,BIEN
3164,BIEN
3169,BIEN
3170,céntrico
3173,pre-fallas
3175,BIEN
3177,BIEN
3178,BIEN
3180,aceptable
3182,BIEN
3188,BIEN
3190,BIEN
3191,BIEN
3193,BIEN
3198,normal
3199,BIEN
3201,BIEN
3205,BIEN
3207,BIEN
3213,BIEN
3214,aceptable
3216,pésimo
3218,no repetiremos.
3219,aceptable
3223,BIEN
3224,transitable.
3225,muy mal
3226,mal
3227,muy mal
3229,aceptable
3230,normal
3231,en galeras
3232,aceptable
3235,BIEN
3238,aceptable
3240,no regreso
3241,mal
3247,pésimo
3248,a disgusto
3249,aceptable
3250,aceptable
3252,BIEN
3253,excelente
3254,satisfactoria
3259,encantador hotel moderno y limpio
3260,perfecto y bien ubicado!!
3261,Tuvimos una estancia excelente como se indicó anteriormente. El personal de recepción era amable y muy acogedor.
3262,vale dinero!
3263,excepcional
3264,hotel perfecto en todos los sentidos
3265,excepcional
3266,excepcional
3267,excelentes instalaciones y ubicación
3268,perfecto.
3269,"Tuvimos un personal fantástico en Valencia, mejorado por la ubicación del hotel."
3271,excelente realmente lo disfruté
3272,estancia muy cómoda y agradable
3273,excelente ubicación con dos excelentes restaurantes justo afuera
3275,la estancia perfecta para una escapada a la ciudad.
3276,Lo pasé muy bien en este hotel.
3277,Recomendaría encarecidamente este hotel si quieres estar en el corazón de Valencia y cerca de todo.
3278,Ubicación ideal para una breve escapada.
3279,Me encantó y no quería volver a casa.
3280,excepcional
3281,ubicación y personal
3282,excepcional
3283,Gran hotel que recomendaré y volveré. gracias
3284,fabuloso hotel en una ubicación impresionante
3285,hotel moderno
3286,habitaciones increíbles pero pequeñas
3288,"Excelente hotel, excelente relación calidad-precio. Estaría encantado de recomendar a mis amigos que se queden allí."
3289,buena ubicación. vibraciones limpias y de ciudad
3290,"gran viaje, gran hotel"
3291,el mejor hotel de valencia
3292,Estancia de fin de semana realmente agradable y recomendaríamos este hotel sin dudarlo. excelente ubicación.
3293,Un pequeño hotel maravilloso para una estancia en Valencia.
3294,cliente muy feliz
3297,loved valencia
3298,"Excelente ubicación, limpio y muy cómodo."
3299,excelente. Volvería seguro.
3300,excepcional
3301,"Gran hotel y definitivamente regresaré allí. De hecho, volveré la semana que viene."
3302,excepcional
3303,espectacular
3304,en general perfecto
3305,un excelente hallazgo
3306,Si alguna vez vuelvo a Valencia me alojaría allí de nuevo:
3307,estancia perfecta en una hermosa ciudad
3308,gran estancia
3309,"Excelente ubicación, personal amable, habitaciones muy limpias y cómodas."
3311,Este hotel es una excelente ubicación para las personas que desean simplemente salir por la puerta y comenzar a explorar.
3312,excepcional
3313,Buen hotel por los precios pero el aislamiento podría ser mejor.
3315,Recomendaría este hotel especialmente por su ubicación.
3316,gran hotel
3317,maravillosa estancia en el centro de la ciudad
3318,gran fin de semana
3319,"El hotel está limpio, excelente ubicación y personal amable."
3320,encantador hotel limpio en una excelente ubicación
3322,excepcional
3323,"excelente ubicación, hotel muy cómodo"
3324,excepcional
3325,Recomiendo encarecidamente este cómodo hotel muy céntrico. perfecto para una escapada a la ciudad. a poca distancia de todos los atractivos
3326,excepcional
3327,"Perfecta ubicación, personal y limpieza."
3328,Excelente ubicación para explorar una ciudad maravillosa.
3329,"La comodidad, la relación calidad-precio, la ubicación y observar a la gente hicieron que nuestra estancia fuera una delicia."
3330,excepcional
3331,excepcional
3332,excepcional
3333,"Excelente ubicación, hotel limpio y moderno con buena relación calidad-precio y personal amable."
3334,muy limpio y excelente ubicación
3335,"Excelente relación calidad-precio, excelente ubicación, personal amable, nada que criticar."
3336,simplemente maravillosa estancia en el hotel
3337,excepcional
3338,Excelente base para una estancia corta. ¡volveremos!
3339,excepcional
3340,Un brillante hotel céntrico para un viaje a Valencia.
3341,excepcional
3342,ubicación absolutamente fabulosa. Precioso hotel con un desayuno increíble y una excelente relación calidad-precio. un lugar perfecto para quedarse
3343,"personal servicial, excelente ubicación"
3344,Recomiendo encarecidamente este hotel para un fin de semana en valencia.
3346,hermoso
3347,gran hotel y ubicación
3348,ubicación perfecta
3349,brillante hotel con personal agradable.
3350,perfección
3352,excepcional
3353,Excelente relación calidad-precio para una ubicación de edificio tan encantadora.
3354,excepcional
3355,El mejor hotel en el que me he alojado hasta ahora en Europa.
3356,un buen lugar para quedarse por una semana
3357,encantadora estancia
3358,excepcional
3359,excelente ubicación
3360,alojamiento perfecto para un breve descanso
3361,Bien situado. Todo a poca distancia y una parada de taxi enfrente del hotel.
3362,"Nos encantó la ubicación, el personal super amable, las habitaciones limpias y bien equipadas. este es un gran h a un precio razonable"
3364,excepcional
3365,excepcional
3366,excepcional
3367,excepcional
3368,la ubicación es excelente
3369,excelente personal y una excelente ubicación
3371,"Excelente ubicación, dormitorio y baño muy limpios y cómodos."
3372,Precioso hotel con personal amable y una ubicación fantástica.
3373,Gran hotel en una ubicación fantástica. Buen desayuno buffet.
3374,excepcional
3375,excepcional
3376,fantástica relación calidad-precio en el centro de valencia
3377,excepcional
3378,excepcional
3379,excepcional
3380,"hotel encantador, excelente ubicación."
3381,Ubicación perfecta para hacer turismo!
3383,excepcional
3384,gran vista todo está cerrado hasta el hotel
3385,excepcional
3386,excepcional
3387,excepcional
3389,"Muy recomendado por su ubicación privilegiada, atracciones transitables y servicio confiable y amigable."
3390,maravillosa experiencia de víspera de año nuevo
3391,Ubicación fantástica y hotel muy limpio y personal amable.
3392,excepcional
3394,"la ubicación es excelente en el corazón de valecia, el personal es buena atención y el hotel es hermoso"
3395,¡la ubicación perfecta en valencia!
3396,buena relación calidad-precio.
3397,excepcional
3399,encantadora estancia en el centro de valencia
3400,La habitación perfecta y el hotel se reservarán para el próximo año.
3401,"Buen hotel en general, la hora de salida tardía a las 12:30 fue una ventaja. buena bañera para relajarse!"
3402,Estoy contento con mi estadía ya que la ubicación del hotel era excelente y estaba a poca distancia de las atracciones.
3403,"Excelente, ¡lo recomendaría a otros!"
3404,gran estancia
3406,Ubicación perfecta con excelente servicio.
3407,"Ubicación central, habitaciones tranquilas, personal agradable."
3408,Definitivamente me quedaría de nuevo.
3409,excepcional
3411,perfecto
3412,excepcional
3413,excepcional
3415,Estancia de 5 estrellas en un hotel de 2 estrellas.
3416,fabulosa habitación con balcón con vista a la plaza
3419,"excelente ubicación personal, limpio, tranquilo, cómodo"
3420,muy bueno pero...
3422,España es un país maravilloso y alojarse en uno maravilloso lo hace aún más especial.
3423,excepcional
3424,maravillosa ubicación!
3426,valencia es una ciudad que vale la pena visitar.
3427,Todos quedamos gratamente sorprendidos de lo bueno que estaba todo por ubicación y precio.
3429,excepcional
3430,gran valor
3431,Una maravillosa estancia de 5 días en una hermosa ciudad.
3432,una estancia estupenda en una ciudad maravillosa
3433,En general fue una estancia agradable y sin duda volveremos.
3434,impresionante
3435,encantador hotel con excelente personal en una ubicación perfecta
3436,excepcional
3437,excepcional
3438,gran hotel en el centro de valencia
3439,excepcional
3440,"Camas cómodas, excelente ubicación, hermosa ciudad."
3441,"Días emocionantes, caminando y visitando lugares."
3442,"gran valor, me quedaré allí de nuevo"
3443,Excelente ubicación y buena relación calidad-precio.
3444,excepcional
3445,excepcional
3446,Excelente lugar y cerca de todos los lugares de encuentro para nuestros tours.
3447,excelente ubicación!
3448,"Excelente ubicación, las habitaciones necesitan estar un poco más insonorizadas ya que los estudiantes que comíamos en nuestro piso éramos bastante ruidosos, ¡bang!"
3449,base perfecta en valencia
3450,la mejor estancia en españa
3451,Recomiendo encarecidamente este hotel por su ubicación y limpieza.
3452,Excelente elección para nuestra primera visita a Valencia.
3453,excepcional
3454,excepcional
3455,gran estancia de último minuto volvería a ir
3456,hermoso hotel en una ubicación perfecta
3457,pequeño gran hotel en el corazón de la ciudad
3458,excepcional
3459,breve escapada en valencia
3460,lugar perfecto en medio de toda la acción
3462,pequeño y maravilloso descanso en una hermosa ciudad
3463,hermosa estancia en el centro.
3464,"Ubicación perfecta para recorrer el centro histórico, personal muy servicial."
3465,excepcional
3466,hermoso hotel en una excelente ubicación.
3467,"Ubicación increíble, excelente relación calidad-precio para habitaciones muy cómodas y bien equipadas, personal encantador"
3468,excepcional
3469,excepcional
3470,Definitivamente reserve de nuevo
3471,"hermoso hotel, excelente ubicación!"
3472,Excelente relación calidad-precio estancia central!
3473,excepcional
3474,excepcional
3475,Definitivamente volveremos otra vez.
3476,Tuve una estancia fabulosa en este hermoso hotel. volvería otra vez 100
3477,la excelente ubicación nos permite visitar los principales atractivos de la ciudad con facilidad. Tuvimos una estancia muy cómoda y divertida.
3480,fantástico hotel
3481,excepcional
3482,"Excelente ubicación, personal amable, limpio y sencillo, buena cama."
3483,asombroso
3485,"La ubicación era excelente, nos sentimos como si estuviéramos en el medio de todo."
3486,un placer para nosotros en un hermoso hotel
3487,¡fantástico!
3488,excepcional
3489,muy agradable y me encantó tener el balcón
3490,Precioso hotel en una ubicación perfecta.
3491,excepcional
3492,Una excelente ubicación central con habitaciones amplias y limpias. muy impresionado!
3493,Me encantó este hotel. ¡la ubicación era excelente!
3494,100 recomendado.
3497,"Ubicación perfecta y habitaciones limpias, cómodas y modernas."
3498,un gran refugio para un alojamiento cómodo y conveniente cuando se hace turismo
3499,brillante ubicación
3500,excepcional
3501,"impresionante ubicación, gran habitación"
3502,brillante ubicación. personal brillante. habitaciones brillantes
3503,gran estancia en todos los sentidos
3504,Ubicación perfecta para una escapada a la ciudad de Valencia.
3505,maravilloso hotel en el centro de valencia
3506,cómodo y conveniente
3507,"Hay mucho que hacer cerca, gran selección de comida y un ambiente muy agradable."
3508,excepcional
3509,¡asombroso!
3510,Me encanta Valencia y por eso he reservado un hotel que estaré encantado de volver a utilizar.
3511,superó nuestras expectativas.
3512,La mejor estancia en un hotel que hemos tenido.
3513,Excelente relación calidad-precio y la ubicación fue brillante.
3514,tiene una experiencia maravillosa con el personal de recepción. Fue increíble al ayudarnos a llegar a la estación de tren. mucha aplicación
3515,estancia maravillosa
3516,maravilloso y ambos estuvimos de acuerdo en que nos alojaríamos en el mismo hotel nuevamente.
3517,Nos lo pasamos genial. Me encantó Valencia.
3519,maravillas estancia lo recomendaría altamente
3521,"Excelente experiencia, volvería siempre."
3522,"Gran hotel, ubicación perfecta, pero reserva una habitación con vistas."
3523,"una hermosa ciudad con un gran ambiente, mejorado por una cómoda habitación en un hotel bien mantenido. todos fueron muy amables"
3524,Nos encantó nuestra estancia en este hotel. ¡Teníamos un balcón que no esperábamos! la ubicación era increíble y tan buena va
3525,"Fantástica ubicación, limpio, cómodo y con preciosas vistas a la plaza. cerca de todo."
3526,Tuve una estancia encantadora y lo recomendaré altamente.
3527,impresionante .
3528,estancia fantástica! ¡Excelente servicio y valor!
3529,superó todas las expectativas
3530,gran hotel
3532,Lo recomendaría y me alojaría allí de nuevo si volviéramos a Valencia.
3533,excepcional
3534,"Quedamos satisfechos con la comodidad, las instalaciones y la ubicación. el personal"
3536,hotel muy céntrico para visitar valencia
3537,cómoda ubicación central en valencia
3538,excepcional
3540,Excelente estancia en la hermosa Valencia: una ciudad preciosa en todos los sentidos.
3541,estancia perfecta en el centro de valencia
3542,"muy cómodo, tranquilo y agradable."
3543,asombroso
3544,"Precioso hotel, preciosa habitación, preciosas vistas, disfrutamos muchísimo de nuestra estancia en Valencia."
3545,Lo pasamos genial en el mejor hotel posible.
3546,excepcional
3547,quédate aquí
3548,excelente servicio e instalaciones
3549,"excelente precio, excelente calidad de servicio, excelente ubicación"
3550,maravilloso
3551,Excelente estancia en el centro de Valencia.
3552,"Excelente ubicación, personal amable y las mejores toallas de hotel."
3553,una parada en boxes perfecta
3554,una excelente ubicación en valencia.
3555,increíble ubicación en el corazón de valencia
3556,super hotel - excelente ubicación
3557,hotel con excelente ubicación y personal muy amable y servicial
3558,"El brillante personal de la propiedad fue fantástico, no pudo hacer más para ayudar, especialmente el personal de recepción."
3559,simplemente una estancia encantadora e inolvidable en un hermoso hotel que ofrecía una excelente relación calidad-precio
3560,preciosas vistas en el corazón de valencia
3561,"Ubicación muy céntrica, ideal para explorar el casco antiguo a pie."
3562,¡Definitivamente regresaremos!
3563,¡volveremos!
3564,excepcional
3565,Excelente hotel y el personal fue muy agradable. la ubicación era excelente
3566,excepcional
3567,excepcional
3568,la mejor ubicación en la ciudad
3570,excelente ubicación para una estancia en la ciudad
3571,excepcional
3572,nuestra estancia fue maravillosa. El personal fue muy atento y el lugar está perfectamente ubicado. Qué maravillosa ubicación y hotel.
3573,excepcional
3574,excelente ubicación - bonito hotel
3575,"Hotel de gran valor, limpio y cómodo en una ubicación perfecta."
3576,"a beautiful hotel, we ll be back cara radiante con ojos sonrientes"
3577,short break in valencia
3578,excepcional
3579,hotel increíble
3580,excepcional
3581,Volvería a reservar y lo recomendaría a mis amigos.
3582,lugar perfecto para alojarse en valencia
3583,perfecto para una estancia de tres noches en valencia
3584,"Hermoso lugar para quedarse, ¡definitivamente merece más de 2 estrellas! volveré"
3585,excepcional
3586,excepcional
3587,un hermoso hotel en una hermosa ciudad
3588,hotel perfecto en lugar perfecto
3589,hermoso hotel
3590,excepcional
3591,"cómodo, buena ubicación"
3592,excepcional
3593,gran hotel en una ubicación central
3596,"absolutamente increíble, volveré"
3597,estancia perfecta. 10 sobre 10 seguro. debería ser una calificación de cinco estrellas
3598,excepcional
3599,"gran estancia, gran valor"
3600,increíble hotel céntrico
3601,"Tuvimos unas vacaciones muy agradables en Valencia, estoy muy contento con mi elección de hotel y también con su ubicación."
3602,gran hotel en una ubicación maravillosa
3603,me encanta
3604,fabuloso
3605,excepcional
3606,excepcional
3607,gran hotel
3608,excepcional
3609,magnífico hotel en el corazón de la ciudad vieja
3610,Recomendaría este hotel
3611,excepcional
3612,excepcional
3613,excepcional
3614,gran hotel para una estancia perfecta
3615,gran estancia en valencia
3616,"gran hotel, limpio y fantástica ubicación"
3617,agradable estancia sin ningún problema
3618,gran hotel con excelente ubicación. Me alojaría aquí de nuevo.
3619,"Excelente relación calidad-precio, excelente ubicación."
3620,excepcional
3621,gran hotel
3622,perfecto para unas noches de estancia en valencia.
3623,limpio amable y bien ubicado
3624,maravillosa ubicación en valencia.
3625,excepcional
3626,excepcional
3627,Una estancia maravillosa en el venezia plaza centro.
3628,excepcional
3629,Nos alojamos por dos días y no podríamos haber elegido mejor: ¡simplemente reserve este hotel!
3630,quédate aquí
3633,excepcional
3634,gran estancia en la ciudad
3635,excepcional
3636,"bien administrado, ubicación conveniente y excelente vista si tienes un balcón y eres cómodo."
3637,"Excelente ubicación en el corazón de la plaza. central para muchas cosas, personal muy amable."
3638,no alquiles un auto
3639,excepcional
3640,excelente ubicación
3641,excelente ubicación para explorar las zonas centrales
3642,increíble relación calidad-precio y ubicación
3643,"Excelente ubicación, habitación limpia y bien equipada."
3644,un hotel de calidad en una excelente ubicación.
3645,Ubicación fabulosa cerca del casco antiguo.
3646,excepcional
3649,Gran lugar para alojarse cerca de todos los sitios.
3650,excepcional
3651,"Unos días fabulosos con mi familia después de mi cumpleaños, el hotel lo hizo muy especial con una encantadora botella de tarjeta burbujeante."
3652,fantástica ubicación y valor
3653,estancia absolutamente perfecta
3654,ubicación perfecta
3655,excepcional
3656,excelente ubicación buena relación calidad-precio
3657,sí
3658,experiencia muy agradable
3659,excepcional
3660,gran hotel en el centro de la ciudad
3661,Ubicación perfecta para una estancia de una noche en Valencia.
3662,Definitivamente nos hospedaríamos aquí de nuevo. fue excelente.
3663,excepcional
3664,¡una estancia perfecta en el corazón de valencia!
3666,"Gran hotel, nos encantó nuestra estancia."
3667,un hotel céntrico y tranquilo perfecto para una escapada a la ciudad
3668,excepcional
3669,excepcional
3670,excepcional
3671,hotel absolutamente bueno.
3672,¡Un hotel encantador en la ubicación perfecta para explorar Valencia!
3673,lugar perfecto para dormir en el centro de valencia
3674,¡la mejor ubicación!
3676,Excelente habitación con una gran vista y excelente ubicación.
3677,"una habitación cómoda, todo el personal muy amable, bien ubicado"
3678,"Es un hermoso hotel, toallas, ropa de cama y colchones de primera calidad. Teníamos un hermoso balcón con vistas a la plaza."
3679,excepcional
3680,Preciosas instalaciones bien mantenidas con un personal amable y servicial. maravillosa estancia.
3681,Realmente disfruté mi estancia allí. Definitivamente me quedaría de nuevo.
3682,excepcional
3683,lo mejor de valencia
3685,¡La ubicación de este hotel es perfecta! Fantásticas vistas sobre la ciudad.
3686,excepcional
3687,Lo recomendaría.
3688,excelente ubicación en el centro de valencia
3689,ubicación muy central
3690,excepcional
3692,todo fue excelente!!
3693,fantástica estancia familiar x
3694,¡Me encantaría volver!
3695,"Excelente, realmente disfrutamos nuestra estadía."
3696,valencia trip
3697,hotel con una excelente relación calidad-precio situado en una magnífica ubicación central; sigan con el buen trabajo
3698,"Maravilloso hotel, volveremos seguro."
3699,impresionante
3701,Precioso hotel impecablemente limpio en una ubicación muy céntrica. Disfruté de mi estancia allí.
3702,estancia increíble:
3703,"excelente ubicación, limpio y cómodo. personal amable."
3704,hermosa habitación
3705,¡excepcional! Sería mejor que otros hoteles supieran cómo organizar este tipo de negocios...
3706,Ubicación perfecta para aprovechar al máximo una hermosa ciudad.
3707,excepcional
3708,"Disfrutamos de la habitación cuádruple superior y de la vista desde ella, ¡la ubicación del hotel era excelente!"
3709,gran viaje
3710,excepcional
3711,excepcional
3712,¡perfecto!
3713,"ubicación fabulosa, personal fabuloso y muy limpio"
3714,aventuras en la ciudad de valencia
3715,excepcional
3716,"La estancia fue cómoda y relajante, con un personal agradable y muy servicial."
3717,"Excelente personal, excelente ubicación y habitación."
3718,Fantástico. Volveremos.
3719,excepcional
3720,"Gran hotel, perfectamente situado en el corazón de la ciudad, en la plaza del Ayuntamiento."
3721,exactamente lo que necesitas para una escapada a la ciudad
3722,lugar muy acogedor
3723,Sin duda me alojaría aquí de nuevo cuando esté en Valencia!
3725,excepcional
3727,bien vale la pena una visita
3728,Segunda visita a este maravilloso hotel en el centro de la bella Valencia.
3729,la mejor ubicación en valencia
3730,"Fue una estancia encantadora, con todas las comodidades que pudiéramos desear, en una ubicación muy conveniente y con un personal excelente."
3731,excelente
3732,"absolutamente fantástico, me encantó este hotel"
3733,¿Por qué es sólo un hotel de dos estrellas?
3734,una estancia maravillosa
3735,estancia agradable justo en el centro.
3736,"Primera vez en Valencia, volveremos y definitivamente reservaremos el mismo hotel."
3737,viaje perfecto a valencia
3738,¡maravilloso!
3739,encantador hotel en una buena ubicación
3740,excepcional
3741,excepcional
3742,excelente ubicación
3743,corte de corriente
3744,increíble hallazgo... excelente relación calidad-precio en el centro de valencia
3745,¡Este hotel de 2 estrellas era mejor que el de 3 o 4 estrellas en el que me he alojado!
3746,excelente ubicación
3747,"Ubicación privilegiada muy céntrica en el centro de la ciudad, a pie de la estación con todas las instalaciones."
3749,"guau, ubicación perfecta, estancia estupenda"
3750,"fabuloso hotel, central. Fácil acceso a lugares de interés y transporte."
3751,un hermoso lugar y establecimiento en el corazón de valencia. cerca de todas las atracciones principales w
3752,perfecto
3754,"Genial, se lo recomendaría a cualquiera que quiera visitar Valencia."
3755,excepcional
3756,"Perfecto, me alojaría aquí de nuevo."
3757,una estancia muy agradable
3758,excelente hotel y gran valor
3759,¡Volvería aquí!
3760,maravilloso hotel con excelente ubicación!! muy recomendable
3761,Definitivamente recomendaría este hotel para una estancia de 3 a 5 días en Valencia.
3762,ubicación perfecta y hotel perfecto
3763,una vivienda céntrica en valencia!
3764,"Excelente ubicación, recepción luminosa, limpia y amigable."
3765,fin de semana de chicas
3766,mi favorito en valencia!!!
3767,excepcional
3768,¡súper satisfecho!
3769,excepcional
3770,perfecto
3771,muy recomendado
3774,excepcional
3776,"Buen hotel en excelente ubicación, cerca de todo."
3777,excelente...esta es una experiencia de 4 estrellas
3778,¡Nos lo pasamos genial!
3779,Gran hotel en el corazón de la ciudad con hermosas vistas desde el balcón.
3780,excepcional
3781,"Lugar perfecto para habitaciones preciosas, excelente ubicación y buena relación calidad-precio."
3782,una estancia muy agradable
3783,excepcional
3784,excepcional
3785,lugar perfecto para explorar valencia
3788,excelente ubicación a precios asequibles
3789,me alojaría aquí de nuevo
3790,muy muy bueno
3791,"excelentes vistas, personal amable, buena ubicación"
3792,Ubicación perfecta y vista desde la habitación en un hotel encantador y limpio.
3793,excelente
3794,personal encantador y un hotel fabuloso
3795,Gran hotel para explorar el centro de Valencia.
3796,fue maravilloso. muy cómodo cerca de todo lo que queríamos ver.
3797,estancia muy agradable
3798,excepcional
3799,"No me puedo quejar del personal ni de la limpieza, ni de la ubicación. Nos lo pasamos genial en Valencia y me pareció muy caro. si"
3800,Estancia cómoda y agradable en una ciudad maravillosa.
3801,maravilloso
3802,excepcional
3803,gran hotel en una ubicación fantástica
3804,"Desayuno acogedor, cómodo, hermoso y increíble."
3805,encantadora visita a valencia en el corazón de todo
3806,"excelente ubicación, gran desayuno y espectacular vista desde la habitación de la plaza"
3807,Excelente ubicación en venecia plaza.
3809,excelente ubicación!!! absolutamente con el dinero
3811,excepcional
3812,Me alojaría allí de nuevo si volviéramos a Valencia. la ciudad era genial con mucho que ver y hacer.
3813,¡perfecto!
3814,excepcional
3815,relajante y para todos.
3816,muy recomendado
3817,excepcional
3818,excelente estancia por su dinero
3820,súper hotel
3821,hotel fabuloso en una excelente ubicación
3823,Fantástica relación calidad-precio y en una ubicación privilegiada. el personal era encantador y amable y la habitación estaba muy limpia! yo lo haría
3824,"Precioso hotel justo en el corazón de Valencia. Fácil acceso, excelente personal, muy recomendable."
3825,gran hotel en una ubicación privilegiada.
3826,excepcional
3827,excepcional
3828,"Perfecto en todos los sentidos, a excepción del problema de elevación mencionado anteriormente."
3830,alojamiento perfecto en valencia. ¡Solo puedo recomendarlo! :
3831,¡Un hotel increíble en el que alojarse!
3832,gran hotel en el centro de valencia
3833,gran estancia encantador hotel
3834,La ubicación perfecta significaba que podía caminar a todas partes y la habitación era cómoda e insonorizada.
3835,"Fantástico hotel limpio y ordenado, en el corazón de una hermosa ciudad."
3836,hotel perfectamente ubicado con personal amable y servicial
3837,increíble ubicación por el precio
3838,Fantástica ubicación y cama cómoda.
3839,"Primera categoría con balcón, gran servicio."
3841,¡Un hotel realmente excelente para una escapada a la ciudad!
3842,estancia muy cómoda
3844,fantástica ubicación e instalaciones en valencia!
3845,excelente
3848,excepcional
3849,bonita y perfecta ubicación
3850,Definitivamente regresaría aquí
3851,excepcional
3852,excelente ubicación
3853,"muy agradable, lo recomiendo ampliamente."
3855,excepcional
3856,¡Un lugar maravilloso para alojarse en Valencia!
3858,Planeé quedarme 3 noches y terminé quedándome 7. Genial
3859,¡¡Libro del que no te arrepentirás!!
3860,excepcional
3861,excepcional
3862,excepcional
3863,Valencia
3864,excepcional
3865,"maravilloso hotel, perfectamente ubicado."
3866,experiencia increíble
3867,"No podría ser mejor. Las reseñas ya publicadas son precisas. excelente ubicación, atención al cliente"
3868,excepcional
3869,simplemente perfecto.
3870,maravilloso
3871,fabuloso lugar para quedarse!
3872,Brillante hotel para una escapada a la ciudad de Valencia.
3873,el mejor lugar para alojarse en valencia!
3874,todo fue perfecto!!
3875,excepcional
3876,la ubicación es genial.
3877,maravilloso.
3878,excepcional
3880,Habitaciones limpias y bonitas en el centro de la ciudad.
3881,excepcional
3882,"Excelente ubicación, excelente lugar para hospedarse y visitar muchas de las atracciones de Valencia, obtenga una valencia travel card"
3883,¡Volvería otra vez!
3884,excepcional
3885,lugar perfecto para alojarse en la hermosa valencia
3886,refugio acogedor y confortable en el centro de la ciudad.
3887,"lugar increíble, texto completo recomendado"
3888,excepcional
3889,La segunda estancia lo dice todo.
3894,fantástica ubicación
3895,preciosa estancia en pleno centro de valencia.
3896,Recomendaría este hotel. Definitivamente me quedaré allí de nuevo.
3897,Nos encantó la zona y el hotel era agradable y muy limpio.
3898,como arriba
3899,top spot in central valencia
3902,"Ubicación ideal, impecablemente limpio, ¡muy recomendable!"
3903,excepcional
3905,buena relación calidad-precio
3906,"¡Nos encantó todo! La ubicación, la habitación, las cosas, ¡todo superó nuestras expectativas! el personal era muy amable"
3907,Nos lo pasamos de maravilla.
3908,magnífico
3911,¡Excelente lugar para alojarse en el corazón de Valencia!
3912,increíble ubicación
3913,ubicación perfecta
3914,"muy buena, grata experiencia"
3915,venecia plaza centro es simplemente la mejor!!!
3916,una joya en la corona de valencia
3917,¡Todo fue perfecto!
3918,una vista maravillosa en el centro de valencia
3919,escapada a la ciudad
3920,Disfrutamos mucho de nuestra estancia y nos alojaremos aquí de nuevo.
3921,increíble nunca cambies
3922,excelente hotel bien ubicado
3923,absolutamente fabuloso
3925,excepcional
3926,excepcional
3927,gran estancia en el corazón de la ciudad
3928,gran hotel en valencia
3929,todo fue genial
3933,"Excelente ubicación, bonita habitación limpia y personal amable."
3934,excepcional
3935,"La habitación del hotel era cómoda, espaciosa y con una gran vista."
3936,muy recomendable
3937,Excelente ubicación y la habitación del hotel era enorme. cerca de estación de tren y parada de autobús. playa a 20 minutos.
3938,Experiencia perfecta por primera vez en Valencia.
3939,vacaciones
3940,buen lugar para quedarse
3941,excepcional
3942,lugar perfecto para una breve escapada a la ciudad
3943,excelente ubicación en una ciudad encantadora
3944,hotel perfecto para una escapada a la ciudad
3945,excepcional
3946,agradable estancia
3947,excepcional
3949,buena estancia
3950,cerca del hospital donde necesitaba estar
3952,fabuloso
3953,gran estancia
3954,breve escapada a valencia
3955,Ubicación increíble y personal amable.
3956,excelente relación calidad-precio y la mejor ubicación
3957,"Ubicación perfecta, persona que viajaba sola tenía un personal encantador."
3958,excepcional
3959,Volvería a reservar este hotel
3960,memorable
3961,excepcional
3962,"Lo compré para el cumpleaños número 75 de mi madre, no es barato, pero la ubicación es excelente y la habitación era grande. El personal fue servicial y genial."
3963,"Sin duda me alojaría aquí de nuevo, me encantó"
3964,"excelente ubicación, muy recomendable"
3965,hotel bien ubicado con buen desayuno
3966,encantadora estancia en valencia
3967,excepcional
3968,"fabuloso, un gran lugar para quedarse."
3969,excepcional
3970,excelente estancia en valencia
3972,"Excelente ubicación, muy limpio buen desayuno."
3973,Pregunte por un piso alto frente a la plaza.
3974,"Ubicación increíble, personal amable y literalmente en el centro de la ciudad."
3976,excepcional
3977,"Este es un lugar fantástico donde alojarse. excelente ubicación, personal encantador y servicial, desayuno fabuloso,"
3978,excepcional
3979,perfecto
3981,Excelente ubicación en el corazón de la antigua Valencia.
3982,"increíble, fantástico, brillante!!!"
3983,cumplió el propósito de nuestra visita
3985,ubicado en el centro
3986,Gran hotel limpio y cómodo en una fabulosa ubicación central.
3988,Super hotel en una excelente ubicación.
3989,excelente ubicación en el corazón de valencia
3990,"Excelente ubicación, buen personal, buena relación calidad-precio, pero la habitación un poco pequeña no arruinó nuestra estancia."
3991,gran par de días en valencia
3992,sobresaliente en todos los sentidos
3993,brillante hotel central
3994,magnífico hotel en todos los sentidos.
3995,"El hotel era muy céntrico, justo en el medio de todo, estaba muy limpio y por el precio tenía una relación calidad-precio excepcional."
3996,Hotel con una excelente relación calidad-precio. Nos hemos alojado allí dos veces y lo recomendaríamos totalmente.
3997,excepcional
3999,"perfecto, lo recomiendo!"
4000,excepcional. Muy recomendable.
4001,excepcional
4002,excelente
4003,¿Por qué te quedarías en otro lugar?
4005,"¡Aquí está el lugar perfecto para desempacar, relajarse y descubrir la joya que es Valencia!"
4006,muy agradable
4007,Ubicación fabulosa hotel muy cómodo. hotel muy limpio. personal donde muy amable
4008,"La ubicación era perfecta, justo en el medio de todo y en todas partes. el personal fue amable y servicial. lo hicimos"
4009,ubicación ubicación ubicación
4010,excelente ubicación y personal fabuloso
4011,"Todo lo mejor, ubicación, buen sueño, desayuno, amables chicas y chicos en la recepción."
4012,excelente hotel céntrico
4013,genial para pasar unas cuantas noches
4015,nos vemos pronto
4016,hermoso tiempo soleado. en un hotel muy amigable
4017,excepcional
4018,ubicación ideal para una escapada a la ciudad
4019,brillante ubicación
4020,"Nos alojamos en Valencia por 3 noches. El hotel era absolutamente perfecto, los edificios alrededor de la plaza son preciosos. yo"
4021,escapadas perfectas a la ciudad
4022,Ubicación el mejor lugar para quedarse y habitación muy cómoda.
4023,confortable hotel clásico justo en el corazón de valencia
4024,un hermoso hotel con una ubicación increíble
4025,gran hotel para alojarse para turistas
4026,breve escapada en valencia.
4027,"Excelente precio, personal agradable y no podría haber una mejor ubicación para el centro de Valencia y las atracciones Old Twon."
4028,fantástica ubicación
4029,hermoso
4030,gran lugar para quedarse
4031,el personal es muy servicial y servicial
4032,"Excelente ubicación, fantástica habitación con una gran terraza y personal amable."
4033,perfecto
4034,bonito hotel con excelente ubicación
4036,"Excelente ubicación, habitaciones limpias y bien equipadas y camas cómodas."
4037,excepcional
4038,Me quedaría de nuevo.
4039,Solo estuve una noche pero definitivamente regresaría si volviera a Valencia cara feliz con ojos sonrientes
4040,muy recomendable
4041,hermosa ubicación! La perspectiva desde la habitación parecía una imagen.
4042,"Gran hotel, súper limpio, súper amable y en una excelente ubicación."
4043,una hermosa experiencia valenciana
4046,"Súper lugar para hospedarse en la hermosa Valencia, definitivamente regresaremos."
4047,"Precioso hotel, preciosa ubicación y volveremos."
4048,perfecta ubicación central
4049,excepcional
4050,gran hotel en una excelente ubicación
4051,Definitivamente muy recomendable.
4052,Estancia fabulosa en una hermosa habitación con extras gratuitos. Muy recomendable.
4053,"Excelente ubicación, pero el personal necesita capacitación de actualización."
4054,propiedad perfecta en una ubicación perfecta
4055,guay guay guay
4057,estancia encantadora en este encantador hotel
4058,excepcional
4059,excepcional
4060,Fue una estancia muy cómoda y una excelente relación calidad-precio.
4061,"ubicado en el centro de la ciudad, cerca de las principales atracciones"
4062,asombroso
4063,muy buen lugar para alojarse en valencia
4064,fantástico hotel!
4065,"Excelente ubicación, habitación grande, personal agradable."
4066,alojamiento perfecto en una hermosa ciudad
4067,Ubicación central y personal muy servicial.
4068,"Excelente ubicación, limpio y amigable."
4069,"maravilloso ! habitación increíble, ubicación perfecta, personal encantador"
4070,fantástico hotel en una ubicación increíble
4072,espléndido. volveremos
4073,excepcional
4074,ubicación perfecta
4075,todo fue genial.
4076,Pequeño y encantador hotel céntrico para todo.
4077,"El hotel está subestimado con 2 estrellas, en realidad es un hotel de 3 estrellas. Me impresionó mucho tener un microondas en la habitación."
4078,ideal para una estancia corta de 1 o 2 noches
4080,hotel excepcional en una ubicación fantástica
4081,"Gran hotel para familias, me encantó."
4082,"hotel brillante, en una ubicación brillante"
4084,excepcional
4085,excepcional
4087,excepcional
4088,excelente ubicación y habitaciones.
4089,excelente ubicación para una estancia en el centro de valencia
4090,estancia maravillosa!
4091,excelente ubicación en el corazón de valencia
4092,¡Un hermoso hotel en una ubicación perfecta!
4093,excepcional
4094,En general mi experiencia en el hotel fue buena. Muy limpio preciosas vistas a la plaza.
4095,gran estancia en valencia!
4096,Tuvimos una estancia fantástica en Valencia. El hotel era cómodo y le dio a la familia un buen descanso.
4097,Impresionante ubicación del hotel en la plaza. Cerca de paradas de autobús para visitar otras partes de la ciudad y playa.
4098,agradable
4099,¡Guau! muy recomendable!!
4100,excelente ubicación y delicioso desayuno
4101,"maravillosa ubicación, área de recepción fresca y contemporánea."
4102,excelente ubicación.
4103,excepcional
4104,excepcional
4105,10 10 se quedará aquí una y otra vez.
4106,excepcional
4107,maravilloso
4108,excelente ubicación y súper habitaciones
4109,Ubicación muy central en la hermosa Valencia. volvería
4110,en general un buen lugar para quedarse
4111,"El personal era amable y acogedor, excelente ubicación, limpio y los ventiladores eran geniales en el calor."
4114,excepcional
4115,Marido y mujer ancianos encontrando su camino en la gran ciudad
4116,excepcional
4118,"Estancia verdaderamente encantadora en una ubicación fabulosa, justo en el corazón de la zona turística."
4119,buena estancia
4121,"Excelente hotel, personal maravilloso y acogedor."
4122,excelente. Me alojaría aquí de nuevo y lo recomendaría.
4123,excepcional
4124,¡brillante!
4125,excelente. Definitivamente regresaré a este hotel cuando esté en Valencia.
4126,excepcional
4127,lugar encantador
4128,El lugar perfecto para alojarse por precio y ubicación.
4130,semana fantástica en valencia
4131,Estancia céntrica y limpia en Valencia.
4132,excepcional
4133,El lugar perfecto para alojarse en Valencia. ¡Ojalá nos hubiéramos quedado más tiempo!
4134,Solo hotel de 2 estrellas pero con la mejor ubicación y vista.
4135,El personal hace que el lugar sea más cómodo. Siempre están dispuestos a complacer lo que necesites. Siempre elijo este lugar
4136,"Tuve una estancia estupenda aquí, cómoda y relajada."
4137,perfecta escapada corta a la ciudad
4138,Ubicación perfecta pero habitación pequeña.
4139,excelente experiencia
4140,Precioso hotel con excelentes vistas y personal muy amable justo en el corazón de Valencia.
4141,excepcional
4142,excepcional
4143,excelente valor!
4144,Nos lo pasamos genial en Valencia y nuestra estancia aquí fue perfecta. Realmente apreciamos los refrigerios de cortesía y
4145,en el corazón de la ciudad
4146,Disfrutamos nuestra estancia y fue fácil caminar a todos lados.
4147,Hotel muy céntrico: ubicación increíble para experimentar el centro de la ciudad de Valencia.
4148,fabulosa ubicación
4149,justo lo que queríamos
4150,excepcional
4151,excelente ubicación y cama cómoda!
4152,Gran hotel para una corta escapada familiar de fin de semana en Valencia.
4153,"Excelente ubicación, perfecta para una escapada a la ciudad."
4154,increíble el personal del hotel es excepcional!
4155,¡asombroso! Nos encantó Valencia y el hotel y estamos ansiosos por volver el año que viene para explorar más.
4156,excepcional
4157,excepcional
4158,excepcional
4160,excepcional
4161,lindo
4162,"Buen sueño, comodidad en todos los sentidos con camas y ropa de cama preciosa."
4164,Nuestra estancia fue encantadora y definitivamente nos hospedaríamos en este hotel nuevamente. La ubicación era la mejor que podías conseguir.
4166,recomendaría a todos
4167,"Vistas absolutamente increíbles e impresionantes, no puedo esperar a volver."
4168,gran hotel y personal justo en la plaza
4169,Soy un oasis de calma en una ciudad ocupada.
4170,a
4172,"Fue realmente bueno, limpio, muy bonito hotel."
4174,una excelente estancia en valencia
4175,"Ubicación fantástica, habitaciones estupendas y limpias."
4176,escapada a la ciudad fabulosa.
4177,excepcional
4178,central
4179,excepcional
4180,excelente hotel urbano
4181,"Hotel estupendo y limpio, personal amable, ubicación increíble. fácilmente accesible en transporte público."
4182,"Me encantó el hotel, pero la habitación se quedó corta."
4183,Me encantó este hotel. Definitivamente regresaré allí el año que viene.
4184,perfecto para un breve descanso
4185,gran lugar.
4186,excepcional
4187,Ubicación perfecta para hacer una parada en Valencia.
4188,excepcional
4189,gran hotel
4190,"excelente ubicación, excelente personal, excelente precio!"
4191,excelente ubicación buena vibra
4192,Ubicación perfecta del hotel y un precio razonable para una escapada a la ciudad.
4193,excepcional
4194,"Un gran lugar para quedarme, mi tercera vez, ¡volveré! desayuno increíble relación calidad-precio, personal maravilloso, muy servicial"
4195,fantástico hotel
4196,No hay mejor ubicación en mi opinión.
4197,súper alojamiento! no puede ser mejor:
4198,"Vaya, Venecia, superaste nuestras expectativas con creces. Pasamos 4 días fantásticos explorando esta hermosa ciudad y o"
4199,hermosas y especiales habitaciones en una ubicación muy central
4200,excepcional
4201,"Genial, me alojaré de nuevo en este hotel."
4202,increíble y muy relajante. personal fabuloso
4203,hotel perfecto en la mejor ubicación de valencia
4204,"un personal muy servicial garantizó la mejor estancia, nada era demasiado problema y todo el personal de recepción hablaba bien inglés."
4205,una noche. buen hotel
4206,"Excelente ubicación, hotel confortable, buen desayuno variado."
4207,maravilloso lugar para alojarse al explorar la ciudad
4208,excepcional
4210,hermosa ciudad
4211,viaje perfecto para nuestra primera vez en valencia
4212,excepcional
4213,no hay nada mejor
4214,excelente
4215,perfecto
4216,tuvimos una gran estancia
4217,agradable estancia
4218,el lugar perfecto para comenzar a descubrir la ciudad
4219,excepcional
4220,excepcional
4221,excepcional
4224,excepcional
4225,"Cómodo, asequible, ¡volveremos!"
4226,Nos encanta la ubicación central donde todas las atracciones del casco antiguo están cerca. el estacionamiento está a sólo un par de cuadras de distancia
4227,excelente ubicación
4228,Definitivamente vale la pena alojarse en este fantástico hotel del centro de la ciudad.
4229,Reserve una habitación con balcón con vistas al ayuntamiento: son excelentes.
4230,No busques más para tu estancia en Valencia.
4231,excepcional
4232,una visita memorable!
4233,Excelente ubicación con personal súper servicial para apoyar. Genial poder dejar las maletas.
4234,excepcional
4235,Valencia es preciosa. Nuestro hotel no podría estar mejor ubicado.
4236,Excelente ubicación e instalaciones.
4237,excelente
4238,fantástico hotel
4240,Me encantó este lugar y volvería a ir allí!
4241,gran hotel y vista espectacular
4242,fabuloso hotel en una excelente ubicación con un personal maravilloso
4244,hotel de lujo en el corazón de valencia a precio asequible
4245,"estancia agradable, en excelente entorno"
4246,Hotel perfecto para un corto viaje a la ciudad de Valencia. excelente relación calidad-precio.
4247,estancia perfecta justo en el centro de la ciudad
4248,gran experiencia
4249,Cuando vaya a Valencia este hotel será mi primera opción.
4251,excepcional
4252,buena ubicación
4253,Lugar perfecto para alojarse en Valencia.
4254,excelente ubicación
4255,excepcional
4256,un excelente hotel justo en el centro del centro histórico a poca distancia de las principales
4257,excepcional
4258,¡Fabuloso hotel en el casco antiguo del centro de la ciudad!
4259,excepcional
4260,Sencillo pero sofisticado con excelente ubicación.
4261,excepcional
4262,excelente estancia! vale la pena.
4263,"excepcionalmente limpio, excelente ubicación y relación calidad-precio."
4266,"La ubicación, la habitación, las comodidades y el desayuno fueron perfectos."
4267,excelente estancia en una excelente ubicación
4268,la mejor ubicación
4269,increíble
4270,¡Nos hemos alojado aquí dos veces antes y sin duda nos alojaríamos aquí de nuevo!
4271,una ciudad muy grande muy comercial
4272,dos noches estupendas.
4273,excepcional
4274,excepcional
4275,excelente estancia corta. muy muy limpio. ¡Enhorabuena por la limpieza de la casa!
4276,un buen lugar cómodo en el centro de la ciudad
4277,excepcional
4278,fabulosa ubicación
4279,gran hotel en una excelente ubicación.
4280,No esperaba esto de un hotel de dos estrellas. Rivales con un buen 3-4 estrellas.
4282,"Hotel muy cómodo, precio muy razonable, muy céntrico."
4283,¡brillante!
4284,excepcional
4285,Gran base para pasar unos días en Valencia.
4286,excelente superó las expectativas
4287,excepcional
4288,"Ubicación perfecta, muy buena relación calidad-precio."
4289,excepcional
4290,Realmente disfruté de este hotel. Excelente ubicación lo que te da mucha flexibilidad. muy hermoso edificio!
4292,excepcional
4293,"Excelente ubicación, las habitaciones son perfectas y excelente relación calidad-precio."
4294,excepcional
4295,¡excelente!
4296,maravillosa estancia en una excelente ubicación. excelente valor. Nos alojaríamos de nuevo.
4297,Definitivamente me quedaré aquí de nuevo.
4298,Gran hotel en una ubicación muy central.
4299,excepcional
4300,excelente ubicación y excelente desayuno
4301,habitación doble estándar
4302,muy centrico
4303,gran hotel
4304,gran hotel en el corazón de la ciudad.
4305,"Gran estancia, buena relación calidad-precio, excelente ubicación, personal amable y habitación limpia y cómoda."
4307,excepcional
4308,excepcional
4309,"Nos encantó nuestra breve escapada a Valencia y recomendamos encarecidamente una visita a Mestalla, incluso si no te gusta el fútbol."
4310,excepcional
4311,excepcional
4312,Increíble ubicación en el centro de Valencia. personal muy agradable.
4314,perfecto
4315,excepcional
4316,súper recomendado!
4317,excepcional
4318,Ubicación perfecta en el centro de la ciudad de Valencia. Las habitaciones eran preciosas con hermosos geles de ducha.
4319,excelente hotel
4320,Perfecto para la primera visita a Valencia con nuestro hijo.
4321,"No puedo esperar a volver, nuestro lugar favorito, cuando visitamos Valencia."
4323,excepcional
4324,estancia increíble
4326,Me encanta tanto que volveré con mi familia la próxima vez.
4327,Excelente hotel céntrico en la preciosa Valencia.
4328,buen hotel
4329,excepcional
4330,Felizmente me quedaría aquí de nuevo
4331,perfecto
4332,No puedo esperar a volver y me alojaría allí de nuevo en un abrir y cerrar de ojos.
4333,Me encantó este hotel increíble cara sonriendo con estrellas 5 estrellas muchas gracias
4334,podría hacer un poco más de calor por dentro
4335,excepcional
4336,"ubicación, ubicación, ubicación"
4337,"excelente ubicación, personal muy agradable"
4338,una estancia elegante en el centro de valencia
4339,Este hotel es sencillamente fantástico y su ubicación es excelente. personal amable y servicial.
4340,¿Cuándo puedo volver?
4341,Nuestra estancia fue muy agradable. Condujimos en coche desde La Zenia y por la carretera de peaje. Las direcciones que nos diste fueron perfectas.
4342,agradable
4343,genial
4344,"Experiencia increíble, perfeccionó nuestro viaje de compras navideñas."
4345,excepcional
4346,magnífico hotel boutique en un edificio histórico
4348,increíble estancia en la ciudad justo en la plaza del ayuntamiento de valencia
4349,la mejor ubicación posible en el corazón del casco antiguo
4351,"Fue un gran descanso, volveremos."
4352,reserva de última hora después de la cancelación de un vuelo nocturno
4353,limpio buena ubicación
4354,gran lugar para quedarse.
4355,El lugar para alojarse cuando esté en Valencia.
4356,gran estancia en una excelente ubicación
4357,mejor ubicación
4358,"Precioso hotel, excelente ubicación, gran habitación."
4359,excelente hotel
4360,maravilloso
4361,"impresionante, limpio y cálido"
4362,realmente bueno.
4363,excepcional
4364,lugar increíble! Altamente recomendado.
4365,Un hotel fantástico en el mejor lugar de la ciudad.
4366,ubicación increíble!
4367,"En general, una estancia agradable. Excelente ubicación, excelente desayuno y hotel muy limpio."
4368,brillante
4369,excepcional
4370,"bien situado, justo en el corazón de valencia"
4371,excelente
4372,base perfecta para un fin de semana largo
4373,excepcional
4375,Nos encantó y volveríamos.
4376,excelente ubicación central
4377,Ubicación fabulosa en una ciudad singularmente fascinante.
4378,"Excelente ubicación central, fácil acceso al metro, cómodo, limpio y con buena relación calidad-precio."
4380,el mejor hotel de valencia
4384,maravilloso hotel en una hermosa ciudad.
4385,"valencia una ciudad tranquila y hermosa, planeando volver en marzo"
4386,excepcional
4387,gran loxación de propiedad
4388,excepcional
4389,"gran hotel, gran tiempo en valencia"
4390,simplemente encantador
4391,el descanso perfecto
4392,volveremos.
4393,Fácil de encontrar en el centro de la ciudad.
4394,"Hotel perfecto para visitar la ciudad, ¡repetiremos!"
4395,confortable hotel situado en el corazón de valencia.
4396,"Me he alojado aquí numerosas veces durante muchos años. Cada vez ha sido excelente, pero de alguna manera se las arregla para mejorar cada vez."
4397,excepcional
4398,excepcional
4399,Un excelente hotel con vistas increíbles y cerca de todos los lugares de interés del casco antiguo.
4401,gran hotel en una excelente ubicación!
4402,"¡¡Me encantó!! Un poco decepcionado con la cama, pero eso no nos impediría regresar."
4403,excepcional
4404,un gran hotel con la ubicación perfecta.
4405,excelente ubicación
4406,"Gran hotel, se lo recomendaría a cualquiera."
4407,excepcional
4408,¡El hotel perfecto definitivamente regresará!
4409,impresionante
4410,excelente ubicación hotel pequeño actualizado
4411,"La ubicación es increíble, la habitación era pequeña pero perfecta, con todo lo que necesitas, las 2 mejores que hemos visto."
4412,Un pequeño hotel maravilloso con un personal excelente en una excelente ubicación. lo recomendaría altamente
4413,una estancia muy agradable! Recomendaría altamente este hotel.
4414,excepcional
4416,"conveniente, cómodo con un personal al que le encantaba ayudar en todo lo que podía."
4417,estancia perfecta en el centro de valencia
4419,fin de semana de chicas
4420,perfecto
4421,Me gusta la ubicación.
4422,"excelente ubicación, estancia confortable."
4423,excelente ubicación!
4424,Valencia es una ciudad preciosa y fácil de recorrer.
4426,"muy agradable, agradable, excelente ubicación, personal. ciudad."
4427,Me quedaré allí de nuevo. ¡Excelente relación calidad-precio!
4428,"Muy buena relación calidad-precio, vale la pena considerar volver otra vez."
4429,"excelente ubicación, personal agradable."
4430,excepcional
4432,En general disfruté mucho de mi estancia.
4433,100 volvería
4434,Tener ascensor en el casco antiguo es una ventaja y podríamos vivir en una habitación pequeña para la comodidad del hotel.
4435,Ubicación central perfecta y personal servicial.
4436,"¡Base perfecta para explorar, con cómodas habitaciones impecables!"
4437,Alojamiento acogedor en una gran ciudad.
4438,excepcional
4439,encantadora escapada familiar a la ciudad en un hotel fantástico
4440,excelente ubicación!
4442,"habitación cómoda, ubicación central y excelente desayuno"
4443,La propiedad estaba muy limpia y en una excelente ubicación.
4444,hazlo
4445,Sentarse en el balcón para disfrutar de las vistas de la plaza fue lo más destacado de nuestras vacaciones.
4446,excepcional
4447,excepcional
4448,una base excelente para visitar los lugares de interés de la ciudad y para viajes a la playa
4449,"fabuloso hotel en una excelente ubicación central, moderno, limpio y cómodo, agradable estadía nocturna"
4450,que esta fue mi segunda visita - lo dice todo
4452,"la ubicación era magnífica. hermoso hotel, preciosa habitación. personal excepcional"
4453,un gran hotel para una escapada a la ciudad
4454,Ubicación perfecta en una bonita ciudad para explorar.
4455,personal encantador y muy servicial y cortés.
4456,excepcional
4457,un hotel increíble
4458,excelente ubicación.
4459,"La ubicación, la limpieza y la cómoda habitación con una enorme cama tamaño king disfrutaron de nuestra estancia."
4460,excepcional
4462,buen hotel limpio en una ubicación fantástica
4463,todo está bien
4466,cómodo y céntrico
4467,siempre pregunto que esto era el sol
4470,habitación grande y cómoda; excelente ubicación
4471,lujoso hotel céntrico a precio módico
4472,gran hotel que era más como un 4 estrellas
4473,¡Lo recomiendo encarecidamente y definitivamente me quedaré allí de nuevo!
4474,bastante bonito.
4475,excepcional
4476,excepcional
4478,una ubicación perfecta para una escapada a la ciudad de Balencia con 2 niños
4479,excelente ubicación!
4480,un fabuloso hotel en el corazón de valencia
4481,"Impresionante ubicación, excelente personal, servicial y amable."
4482,excepcional
4484,Increíble estancia en un hotel muy equipado y perfectamente ubicado.
4487,el mejor lugar para moverse por valencia
4489,excepcional
4490,"Estancia muy agradable, me alojaría aquí de nuevo, muy cerca de restaurantes, tiendas, etc. Definitivamente al menos un 3 estrellas."
4491,Realmente no puedo pedir más de un hotel en el centro de la ciudad.
4495,excepcional
4496,"Excelente ubicación, personal amable y educado, la habitación estaba limpia y tenía todo lo necesario. Sin duda me alojaría de nuevo!"
4498,excepcional
4499,ubicación perfecta
4500,Lo recomendaría y 100 me alojaría de nuevo.
4502,¡lo más divertido!
4503,hermoso.
4504,excelente
4505,"excelente ubicación, gran hotel."
4506,estancia increíble
4507,una joya en la ciudad.
4508,Hotel moderno extremadamente limpio con personal amable y servicial ¡ubicación increíble! Definitivamente me quedaría de nuevo! que
4509,"Me encantó alojarme aquí en Valencia, muy cerca de todo y no reservaría en ningún otro lugar si volviera a Valencia."
4510,un hotel bellamente elegante en la bulliciosa valencia
4511,Tuvimos una estancia estupenda y realmente disfrutamos de la zona.
4512,excelente hotel
4513,excepcional
4514,muy recomendado
4515,excepcional
4516,Precioso hotel en una hermosa y céntrica ubicación.
4517,bonita
4518,Este hotel debería tener una calificación más alta.
4519,muy cerca de la estación de tren y excelente ubicación
4520,una estancia encantadora rodeada de una arquitectura gloriosa
4521,"La habitación estaba lista a la llegada a las 10.30, lo cual fue una ventaja."
4523,Realmente disfrutamos de nuestra estancia y definitivamente volveremos.
4524,gran hotel para quedarse
4525,"Un par de días fantásticos en Valencia, un clima extremadamente caluroso, pero disfrutamos mucho de nuestra visita."
4526,mejor ubicación
4528,"excelente estancia, 2 habitaciones una doble y una doble"
4529,¡¡impresionante!!
4530,"excelente ubicación, cuesta cada centavo de hotel"
4531,Se lo recomendaría a cualquiera. ¡No dudaría en volver a reservar!
4532,una verdadera joya en una ubicación fabulosa
4533,¡asombroso! lo recomendaría altamente
4534,muy comodo tranquilo
4535,100 satisfechos estancia centro de valencia
4536,excelente ubicación y personal agradable
4537,excepcional
4538,ubicación perfecta en valencia!
4539,excepcional
4540,excelente
4541,Esperamos volver a alojarnos allí.
4542,Gran estancia en el corazón de una ciudad fantástica. Definitivamente visitaré valencia nuevamente.
4543,el mejor lugar para alojarse en valencia
4544,un hotel perfecto!
4545,muy recomendable
4546,Ubicación perfecta y una habitación con suficientes instalaciones.
4547,hermosa valencia
4548,Lo recomendaría altamente.
4550,Excelente ubicación y personal excelente y amable. El hotel estaba bien gestionado.
4552,"Aunque no teníamos aire acondicionado, me quedaría y volvería."
4554,excelente para un breve descanso en el centro histórico
4555,"personal amable y servicial y fácil acceso a pie a muchas atracciones, tiendas y restaurantes"
4556,¡excelente!
4557,Gran lugar para alojarse en una hermosa ciudad.
4560,hotel perfecto en todos los sentidos en una hermosa ciudad
4561,"gran lugar, gran valor"
4562,simplemente perfecto
4563,Muy buen hotel en excelente ubicación en Valencia.
4564,maravilloso
4565,"Excelente ubicación, personal encantador, buen desayuno."
4566,"Muy contento con todo y lo recomendaré, feliz de volver."
4567,"Buen hotel, excelente ubicación y limpieza de la habitación excelente."
4568,fabuloso
4569,Ubicación central fabulosa.
4570,"excelente ubicación para hacer turismo, hacer turismo y comer"
4571,excepcional
4572,"personal amable, muy limpio y muy buena ubicación"
4573,excepcional
4574,maravillosa ciudad
4575,excelente !
4576,valencia tiene todo lo que necesitas para unas estupendas vacaciones.
4577,"Bonita propiedad, cerca de sitios interesantes y buena relación calidad-precio."
4578,la ubicación y el personal son de primera categoría
4579,"fabuloso, nos alojaríamos aquí de nuevo. gran valor."
4580,"Lo recomendaría altamente, excelente relación calidad-precio."
4581,Disfrutamos muchísimo de nuestra estancia en este encantador hotel.
4582,la mejor ubicación justo en el casco antiguo: habitaciones silenciosas
4583,excepcional
4584,"excelente ubicación, mucho para mirar afuera"
4585,excepcional
4587,una buena opción para experimentar valencia
4588,"Gran ciudad, buena relación calidad-precio en comparación con otras ciudades y fácil de navegar."
4589,breve descanso
4590,excepcional
4591,excepcional
4593,excepcional
4594,¡Gran valor lo recomendaría altamente!
4595,un regalo especial para mi bebe
4596,hotel confortable en una excelente ubicación en valencia. Definitivamente lo recomendaría para una escapada corta a la ciudad.
4599,lindo
4600,"gran hotel, excelente ubicación"
4601,excelente
4602,bonito hotel en excelente ubicación
4605,Excelente ubicación para explorar la ciudad!
4606,"tranquilo, cómodo y amigable"
4607,excepcional
4608,debería haberse quedado más tiempo.
4609,la ubicación del hotel era fabulosa.
4610,Este hotel fue fantástico para hacer turismo.
4612,estancia fantástica volveremos
4614,excepcional
4615,excepcional
4616,alojamiento maravilloso
4617,gran lugar para quedarse.
4618,excepcional
4620,"excelente ubicación, súper limpio y cómodo"
4621,"gran hotel, personal amable y ubicación fantástica"
4622,perfecto
4623,Ubicación con una excelente relación calidad-precio para un viaje a la ciudad de Valencia.
4624,"Una excelente estancia de 3 noches en una ubicación central. Caminé a todas partes, a los principales lugares de interés."
4625,"excelente ubicación, gran ciudad"
4626,excepcional
4628,estancia de placer en el hotel.
4629,hotel perfecto para valencia
4630,gran escapada a la ciudad en una excelente ubicación
4632,Estancia muy agradable pero me siento decepcionado por el robo.
4633,¡fabuloso!
4634,lugar perfecto para alojarse en valencia. Ubicado en el centro y tiene todo lo que necesitas a un excelente precio. si tuviera un pequeño ex
4635,Fantástica estancia en un hotel céntrico.
4636,viaje de muchachos.
4637,un lugar fabuloso para alojarse justo en el corazón de la ciudad con fácil acceso a todo
4638,excepcional
4639,excepcional
4642,excelente ubicación. una habitación un poco anticuada pero cómoda
4643,"centro de la ciudad, estilo clásico, buen precio, casillero para maletas, hora de salida a las 12:30."
4644,una escapada perfecta a la ciudad
4645,excelente ubicación
4648,para ocasión especial
4651,"Buena estancia, pero la factura es confusa ya que el importe es diferente del total cuando se reserva en booking.com"
4652,"Desearía tener más tiempo para explorar la ciudad y tomarla. ventaja de la ubicación del hotel,"
4653,volvería a reservar
4654,"Excelente ubicación, muy céntrico y excelentes vistas desde el balcón."
4657,"buena ubicación, decente"
4659,hotel muy limpio y bien ubicado
4661,bueno como se esperaba
4663,hotel céntrico con habitación limpia
4665,un hotel encantador en el centro de valencia.
4666,Un pequeño y encantador hotel en el centro de la ciudad con vistas a una maravillosa fuente.
4667,excepcional
4668,"habitación cómoda, el personal del hotel fue excelente, la ubicación era perfecta"
4669,"encantadora parada de un día en valencia, ciudad con un ambiente cálido"
4670,"excelente ubicación, buena relación calidad-precio"
4672,"3 grandes noches 4 días. valencia es un maravilloso bioparque urbano, oceanógrafo, viaje en autobús descapotable, genial"
4673,regresará
4675,excepcional
4676,ubicación conveniente
4677,agradable estancia confortable
4678,excelente ubicación y hotel limpio
4679,"En general, fue una estancia corta muy agradable por motivos de trabajo. Definitivamente me quedaría aquí de nuevo."
4681,excepcional
4682,muy recomendable para un viaje a la ciudad
4683,excelente ubicación para ver la ciudad
4684,Espero volver a Valencia y elegiré el mismo hotel.
4685,hotel muy bonito con ubicación perfecta
4686,excelente ubicación
4687,lugar perfecto como base para hacer turismo
4688,"El hotel está en una ubicación excelente, cerca del casco antiguo y de los principales lugares de interés."
4690,excelente ubicación para un viaje a la ciudad
4691,Hotel en excelente ubicación con habitación y baño de buen tamaño.
4692,excelente ubicación y personal!
4693,"Nuestra estancia fue agradable en general, aunque encontramos algunos inconvenientes menores en el camino."
4694,gran lugar en el casco antiguo
4695,"buena estancia por precio, excelente ubicación"
4696,magnífico
4697,recomendar; ¡Me encantaría quedarme otra vez!
4699,un hotel con encanto en la mejor ubicación.
4700,excelente
4701,Gran hotel en la mejor ubicación de Valencia y por lo tanto bastante caro.
4702,bien
4705,el personal fue muy amable y cortés. explica bien las cosas en ingles.
4710,excelente ubicación!
4713,"hotel encantador. Teníamos una habitación con balcón y vistas a la plaza, lo cual era excelente, pero la habitación podía ser muy cálida incluso con aire acondicionado."
4714,"Ubicación excelente, habitaciones muy pequeñas pero, en general, es un buen lugar para alojarse en Valencia."
4715,Probablemente me alojaría aquí de nuevo si no hubiera nada más disponible en la misma zona.
4716,buen hotel en excelente ubicación
4718,Excelente lugar para una breve escapada urbana.
4719,Gran vista desde el balcón y tuve una estancia agradable.
4721,"Excelente ubicación, gran desayuno y súper limpio."
4728,cumplió con nuestras necesidades y expectativas.
4729,estancia perfecta en el centro
4733,excelente ubicación y personal amable
4734,excelente ubicación. buen valor.
4735,Está bien para estancias cortas y ubicación si quieres estar en el corazón de las cosas.
4737,El hotel está bien situado para una primera visita a Valencia.
4738,una excelente ubicación a buen precio con un personal servicial y amable
4739,fantástica ubicación
4741,"ocupado y vibrante con mucho que hacer, sentimos que quedaba mucho por ver y hacer después de 3 noches en"
4742,muy recomendable
4743,fantástico
4749,excepcional
4750,¡sorpresa grata!
4751,Hotel muy bonito con ubicación perfecta.
4752,¡En conjunto una buena relación calidad-precio y una excelente ubicación!
4753,"excelente ubicación, muy buena relación calidad-precio"
4754,excelente ubicación
4756,gran lugar para alojarse en valencia
4761,"Hotel fantástico, limpio y acogedor, ubicación central ideal para explorar Valencia."
4763,gran valor por la ubicación.
4764,elección de dios para una visita corta en valencia
4766,"Hermoso hotel cerca del casco antiguo, personal amable y excelente desayuno."
4767,excelente ubicación y personal amable
4768,buen hotel por el precio
4770,ningún problema
4772,buena ubicación
4774,Excelente ubicación con margen de mejora.
4775,estancia fantástica en una ubicación increíble!
4776,Bonito hotel por no mucho dinero en el corazón de Valencia.
4778,Excelente ubicación y buena relación calidad-precio.
4779,encantadora estancia en valencia
4780,"Tenía una buena relación calidad-precio, con una ubicación perfecta y un desayuno muy bueno."
4781,¡la mejor ubicación y vista!
4783,excepcional
4784,estancia realmente agradable.
4786,Ubicación perfecta. Me alojaría aquí de nuevo en futuras visitas.
4787,"Excelente ubicación, personal amable en el check-in, comodidades funcionales en la habitación."
4788,excepcional
4789,excelente ubicación para una escapada a la ciudad
4790,buen hotel en el centro de la ciudad
4792,estancia perfecta en una excelente ubicación
4793,bien
4794,En general muy satisfecho con este hotel. El personal fue muy agradable y servicial.
4795,"hotel confortable con personal amable, en una excelente ubicación"
4796,excelente ubicación y personal agradable
4797,muy satisfecho con el hotel. Lo recomendaría.
4798,excelente ubicación
4799,muy agradable
4800,una buena estancia
4803,"Excelente ubicación, limpio y amigable. perfecto para una escapada a la ciudad."
4804,excelente ubicación y servicio. verdadera relación calidad-precio
4805,Ubicación perfecta. buenas instalaciones personal amable
4806,gran momento en valencia
4807,Bonito hotel en buena ubicación para recorrer la ciudad. ¡Si viaja en coche no es fácil de encontrar!
4808,salto de la ciudad de chas gill
4813,personal excelente y muy amable
4814,ubicación perfecta
4816,impresionante habitación y vista
4817,fue una estancia agradable
4820,"Excelente ubicación, pero con algunas desventajas notables."
4822,La próxima vez volveré a alojarme en este hotel con un gran placer.
4824,excelente ubicación
4828,"Excelente ubicación, habitaciones limpias y personal amable. Venecia Plaza Centro hizo que nuestro viaje a Valencia fuera perfecto."
4829,excelente ubicación
4830,Nos encantó nuestra estancia y nos alojaríamos allí de nuevo.
4833,Preciosa introducción a Valencia.
4834,Buen local pero no vale la pena el precio pagado.
4835,"La ubicación era central, el hotel estaba bastante limpio en general y el personal era amable. pero antes de hacer una reserva b"
4836,"bonita propiedad, mal servicio"
4837,bastante comodo y buen precio
4838,"Buen hotel, pero el check-in fue decepcionante."
4839,BIEN
4841,habitación de hotel de corta estancia en excelente ubicación en la plaza
4842,sala de celda de prisión
4843,ubicación perfecta en la ciudad
4844,BIEN
4845,BIEN
4846,El hotel se adaptaba perfectamente a mis necesidades y un excelente desayuno.
4847,brillante escapada a la ciudad con la familia
4848,no es la mejor opción
4849,pequeño pero bueno
4850,Para un hotel de 2 estrellas ofrece una buena relación calidad-precio y está idealmente situado en el centro de la ciudad.
4851,"Buena ubicación, pero el hotel tenía algunas cosas que necesitaban atención."
4852,"Excelente ubicación, habitaciones limpias pero camas incómodas."
4853,Está bien para un par de noches debido a su excelente ubicación.
4854,Bonito hotel con personal agradable. habitación muy pequeña.
4855,genial aparte de la falta de balcón
4856,"estancia agradable en valencia, con una ubicación céntrica y excelentes vistas."
4857,"Se necesitan mejoras en el servicio al cliente, especialmente para adaptarse a situaciones únicas."
4858,Excelente ubicación para una estancia corta.
4859,"bonito y limpio, ubicación perfecta"
4860,BIEN
4861,la ubicación es inmejorable.
4862,"excelente ubicación, hotel encantador con un buen desayuno disponible"
4863,"decepcionado, el personal no fue tan amable"
4864,BIEN
4866,pequeño gran hotel.
4867,"Está bien, excepto la situación del desayuno."
4868,"Muy buena ubicación, habitación pequeña, pero muy limpia."
4869,BIEN
4870,buen hotel en excelente ubicación
4873,BIEN
4874,BIEN
4875,y se preguntan por qué la gente reserva apartamentos
4876,"Buen precio por la ubicación, a poca distancia de todas las zonas principales."
4877,BIEN
4878,buena ubicación pero demasiado caro para lo que ofrece
4879,corto pero bonito
4880,aceptable
4881,dias felices
4882,buena ubicación
4884,bien.
4885,"excelente ubicación, buen desayuno."
4886,BIEN
4887,BIEN
4888,valencia una hermosa escapada a la ciudad pero arruinada por la falta de empatía.
4890,Excelente ubicación pero obtienes lo que pagas con instalaciones.
4891,BIEN
4892,ok si lo necesitas también
4893,funcional
4894,"Está ubicado en el centro, pero es una gran molestia llegar sin estacionamiento y tuvimos que esperar 10 minutos para el ascensor."
4895,La ubicación es excelente. La habitación que nos asignaron no tenía ventana para mirar afuera. Estaba oscuro.
4896,"Bien, pero las expectativas no fueron satisfactorias."
4897,BIEN
4898,Sólo por una noche pero muy buena ubicación y la habitación.
4899,BIEN
4901,excelente ubicación con personal agradable. El hotel debería mostrar fotografías de todos los tipos de habitaciones. Reservé el tipo económico que por definición
4902,BIEN
4903,La estancia cumplió nuestro propósito.
4904,"Después de nuestro decepcionante check-in, todo fue excelente."
4905,"Las dos recepcionistas me parecieron bastante groseras y definitivamente poco acogedoras. Cuando hicimos el check out, el recepcionista masculino estaba"
4906,"Muy malos modales en recepción, no recomendable."
4907,Bonito hotel en el centro de la ciudad.
4908,BIEN
4909,breve escapada en valencia.
4910,Hotel semimoderno de bajo nivel y baja calidad.
4911,BIEN
4912,horrible olor a detergente en la habitación; ubicación perfecta
4913,"Ubicación increíble, aunque nuestra habitación se sentía un poco oscura y estrecha."
4914,BIEN
4915,nada especial
4916,BIEN
4917,"Buen hotel, el servicio debería mejorar."
4918,Estoy feliz por mi estadía
4919,ubicación central
4920,BIEN
4921,"Excelente ubicación cerca de todos los sitios. hotel muy básico. habitaciones pequeñas y muy básicas, me quedaría para una estancia muy corta en"
4922,Ten cuidado con lo que miras y lo que obtienes.
4924,¡La ubicación era genial! El hotel era básico y no había comodidad. ¡Los ascensores eran terribles!
4925,BIEN
4926,La peor estancia de mi vida. nunca empezará de nuevo. Nunca debería recomendar esto a buenos viajeros.
4927,buen valor pero definitivamente no de alta calidad
4928,BIEN
4929,aceptable
4930,OK
4931,gran recepcionista
4932,Excelente ubicación pero ruidosa e incómoda.
4934,"La ubicación es excelente, pero probablemente puedas encontrar un lugar mejor para hospedarte en esta parte de la ciudad."
4935,Las habitaciones muy pequeñas no reservan una habitación interna sin vistas porque es demasiado cara y oscura.
4937,excepcional
4938,maravilloso hotel!!! ¡Lo haría y espero quedarme otra vez!
4939,maravillosa habitación con vistas en una excelente ubicación
4941,"¡clase! gran equipo, excelente ubicación, buena relación calidad-precio"
4942,aceptable
4943,BIEN
4944,agradable
4945,excepcional
4946,excelente
4948,perfecto para un viaje a la ciudad y cerca de todos los puntos destacados
4949,excepcional
4950,excepcional
4951,excepcional
4953,para recomendar.
4954,¡recomendado!
4955,Fantástico
4957,excepcional
4958,muy bien
4959,"Ubicación muy central, excelente hotel."
4960,excepcional
4961,excepcional
4963,Precioso hotel en una ubicación fantástica.
4964,excelente hotel en una buena ubicación central
4965,super centrico con vista a la plaza principal
4966,estancia maravillosa!
4967,excepcional
4969,hermosa estancia en esta propiedad
4970,excepcional
4972,excepcional
4974,excepcional
4975,"Tuve una estancia maravillosa, muy recomendable."
4976,excepcional
4977,"Excelente hotel, ubicación muy céntrica cerca de todos los servicios de transporte, comercios, restaurantes y bares."
4978,¡arriba!
4979,Hermoso
4980,hermoso alojamiento en una ubicación muy central
4981,excepcional
4983,gran hotel en una excelente ubicación
4984,"Habitaciones cómodas, sumamente limpias, tranquilas, zonas comunes bien distribuidas, servicios 4-5 estrellas. definitivamente uno"
4985,muy recomendado
4986,excepcional
4987,"Excelente ubicación, personal amable y muy capacitado, definitivamente regresaré."
4988,excepcional
4989,mucho más allá de las expectativas
4991,excelente ubicación para cualquier atracción
4992,excelente precio calidad no esperaba un hotel tan lindo por lo que pagué
4993,excepcional
4994,excepcional
4995,gran estancia
4997,Hermoso
4998,excelente hotel en una ubicación perfecta!
5000,mujeres muthi
5002,estancia excepcional
5003,excepcional
5005,excepcional
5007,fabuloso
5008,"¡Perfecto, más allá de las expectativas!"
5010,"A pesar del mal tiempo, una estancia agradable."
5011,gran estancia en valencia
5012,"hermoso hotel, gran calidad."
5013,"impresión general buena; Excelente ubicación, limpio y muy buen servicio."
5014,excepcional
5015,agradable
5016,"Nos lo pasamos genial, realmente no podríamos pedir nada mejor."
5017,excepcional
5018,buen hotel buen precio y excelente ubicación
5019,Hotelli me gustó mucho. Lo recomiendo.
5020,inolvidable
5021,recomendar
5022,excepcional
5023,muy buena estancia agradable y confortable
5024,excepcional
5025,excepcional
5026,"servicio, localiza la relación calidad-precio del alojamiento"
5028,¡Valencia es magnífica! hotel venezia plaza ubicación excepcional!
5029,excepcional
5030,excepcional
5031,¡fantástico!
5032,excepcional
5033,excepcional
5034,súper
5035,"Hotel con ambiente, sabroso desayuno."
5036,excepcional
5037,"Hotel urbano, muy cómodo y mejor ubicación."
5038,excepcional
5039,excepcional
5040,maravilloso en todos los sentidos
5043,valencia relax y belleza
5045,Excelente ubicación y muy buena reputación. calidad precio
5046,excepcional
5047,"Nos lo pasamos muy bien, ubicación excepcional y hotel, no 2 estrellas."
5048,¿Quién leerá la reseña con más sinceridad?
5049,"El hotel causará una muy buena impresión desde la entrada. El vestíbulo se ve bien, el hotel tiene 3 ascensores, así que no lo necesitas."
5050,"La mejor ubicación, personal profesional y limpieza de las habitaciones."
5051,excepcional
5053,excepcional
5054,excepcional
5055,excelente estructura
5056,muy bien
5057,"Hermosa estructura, excelente ubicación y muy limpio."
5058,"maravilloso, repítelo!"
5059,excepcional
5062,excepcional
5063,superó mis expectativas
5064,Fantástico
5065,gran estancia en valencia
5066,gran vista
5067,quedarse en valencia
5068,una estancia muy agradable. hotel digno de recomendar
5069,"Todo perfecto, días soleados. ¡Lo recomiendo mucho!"
5070,muy recomendado
5071,¡Perfecto!
5072,excelente elección
5073,excepcional
5074,excepcional
5075,"ubicación, comodidad, limpieza."
5076,ubicación superior
5077,excepcional
5078,fin de semana
5079,excelente estancia
5080,excepcional
5081,¡Fue muy agradable y estoy deseando volver a visitarlo!
5082,excepcional
5083,excelente
5084,excepcional
5085,agradable y satisfactorio
5086,excepcional
5087,excepcional
5088,Perfecto
5089,excepcional
5092,Yo mismo vengo del sector hotelero y podemos recomendar encarecidamente la casa.
5093,excepcional
5094,excepcional
5095,excepcional
5096,excepcional
5097,Se puede sostener sin pensar.
5098,excepcional
5099,Sólo estuve una noche en el hotel. Me encantó la ubicación y la posibilidad de dejar las maletas en
5100,excepcional
5101,excepcional
5103,gran estancia nada de qué quejarse
5104,hotel muy recomendado
5107,excelente ubicación - gran habitación con balcón
5108,gran hotel en la mejor ubicación
5110,Un hotel excelente con un gran desayuno en una ubicación perfecta para visitar Valencia.
5111,excepcional
5112,excepcional
5113,¡maravilloso!
5115,tres tres bien
5116,"¡Un hotel para sentirse bien en una ubicación privilegiada, fantásticamente tranquila!"
5117,¡¡¡¡¡¡¡¡¡¡¡¡¡¡Fantástico!!!!!!!!!!!!!!
5118,justo en el centro a poca distancia de todo
5119,cuatro días espléndidos
5120,"estancia maravillosa, el personal nos recibió con amabilidad y preocupación"
5121,buenas vacaciones en valencia
5122,"agradable y fácil y justo enfrente de la oficina, ¡tan perfecto!"
5123,Perfecto
5124,excepcional
5125,¡por encima de las expectativas!
5126,excepcional
5128,"!             .                                   - .              ,"
5129,hotel perfecto en una ubicación privilegiada estrella
5130,experiencia extraordinaria
5131,excepcional
5132,perfecto para unas vacaciones en la ciudad. excelente ubicación
5133,buena ubicación para una visita corta
5135,maravillosa estancia con la familia en el centro
5137,"Hotel céntrico, perfecto para un viaje a Valencia."
5138,bonito hotel en el centro.
5139,excepcional
5140,conveniente y confortable
5142,excepcional
5143,excepcional
5144,excepcional
5145,Fantástico
5146,arriba !
5149,Por lo demás quedamos muy satisfechos y ¡volveríamos!
5150,"todo perfecto, recomendado!"
5151,No podría haber elegido mejor.
5152,excepcional
5153,excelente hotel. Excelente ubicación y habitaciones grandes y limpias.
5154,excepcional
5155,excepcional
5156,Excelentes días de Nochevieja en un hermoso lugar con ventanales al corazón histórico y actual de Valencia...
5157,personal amable y buena ubicación
5158,excepcional
5159,Excelentes servicios hoteleros y estructura superior a las 2 estrellas declaradas.
5161,excepcional
5163,Todo bien
5164,estancia perfecta
5166,Hermoso.
5167,estupendo. muy recomendado
5168,excepcional
5169,excepcional
5170,"un hotel muy céntrico, hermoso"
5171,excepcional
5173,válido para repetir
5174,excepcional
5175,excepcional
5176,excepcional
5177,excepcional
5180,excepcional
5181,fin de año en valencia
5182,dos estrellas son muy pocas
5183,corto pero intenso
5184,excepcional
5185,excepcional
5186,Ubicación muy céntrica y al mismo tiempo tranquila. excelente relación precio-rendimiento.
5187,Ampliamos nuestra estancia en este hotel porque la relación calidad-precio era muy buena.
5188,estancia cómoda pulgar hacia arriba
5189,hotel más allá de las expectativas
5190,excelente ubicación y personal agradable
5191,excepcional
5192,maravilloso hotel
5193,excepcional
5194,excelente.
5195,excepcional
5197,excepcional
5198,perfecto
5199,un sueño para revivir
5200,maravilloso
5201,estancia perfecta y cómoda para todo
5202,excepcional
5203,vale la pena repetirlo.
5205,excepcional
5207,excepcional
5208,muy agradable querida con las manos abrazadas
5209,el mejor hotel de todos los tiempos
5210,todo perfecto!
5211,excepcional
5212,¡Perfecto!
5213,¡la estancia perfecta en valencia!
5214,"personal extremadamente servicial, estructura muy limpia y cómoda, ubicación estratégica"
5215,"Gran hotel, excelente ubicación, muy bien decorado y muy limpio."
5216,Habitaciones de hotel en una hermosa ubicación.
5217,excepcional
5218,excepcional
5219,excepcional
5220,¡Fantástico!
5221,vacaciones especiales
5222,"Nos alojamos en este hotel por dos noches y lo pasamos genial. la ubicación es muy céntrica, en plaza d"
5223,excepcional
5224,estupendo
5225,magnífica estancia
5226,gran estancia
5227,excepcional
5228,súper hotel
5229,excepcional
5230,excepcional
5232,excepcional
5233,excelente ubicación
5236,excepcional
5237,muy buen hotel
5238,excepcional
5239,Hotel céntrico con buenas instalaciones y servicio amable. ¡Con mucho gusto otra vez!
5240,excelente
5241,excelente
5243,gran hotel con excelente ubicación
5244,excepcional
5245,hotel en el centro
5246,excepcional
5247,Me gustó mucho Valencia fue una agradable sorpresa.
5248,excepcional
5249,"Valencia es absolutamente preciosa. Aunque el hotel está catalogado como 2 estrellas, le daría al menos 4. La ubicación es"
5251,3 días en Valencia llenos de diversión y buena comida. Nos alojamos en el hotel venecia que recomiendo.
5252,excelente op en valencia
5254,"en una excelente ubicación para peatones, con buen desayuno, habitación limpia."
5257,experiencia verdaderamente especial. esperamos volver
5258,excepcional
5259,¡divertirse!
5261,excepcional
5262,¡Ya reservé para regresar a esta propiedad en dos semanas!
5263,excepcional
5264,"Nos lo pasamos muy bien, quién sabe tal vez volvamos en el futuro."
5265,4 amigos descubriendo Valencia
5266,mejor hotel en la mejor ciudad
5267,¡La estancia fue genial!
5268,perfecta
5269,hotel muy bien situado en el casco antiguo y cerca de todo
5270,estancia excepcional situada en el centro
5271,excepcional
5272,Un hotel céntrico y limpio. preferible
5273,excepcional
5275,
5278,muhte en el hotel
5279,Óptimo
5280,Recuerdo mi estancia con mucho cariño.
5281,excepcional
5282,excepcional
5283,estancia agradable
5284,ubicación fantástica y camas maravillosas
5285,dos noches en valencia
5286,"Limpio, cómodo y muy céntrico."
5287,excepcional
5288,hotel muy céntrico
5289,excepcional
5290,precio - calidad fantástica si la cama fuera mejor 100 puntos
5291,estancia perfecta en valencia
5292,"excelente hotel. todo perfecto desde la belleza de la estructura, comodidad, limpieza y ubicación."
5293,excepcional
5294,Volveré en cualquier momento.
5295,perfecto para un viaje corto a la ciudad
5296,gran alojamiento para mi viaje corto
5299,Fantástico
5300,encantador lugar justo en el centro
5302,"buena ubicación, limpio, todo salió muy bien"
5303,excepcional
5304,¡El hotel es ideal para un viaje a la ciudad de Valencia!
5305,excepcional
5307,excepcional
5308,excepcional
5309,excelente hotel
5310,10 10
5311,gran viaje a la ciudad
5312,excepcional
5313,excelente hotel valencia siempre hermoso.
5314,excepcional
5315,mucho mejor de lo que pensaba
5316,Fantástica estancia en un hotel muy agradable.
5317,estancia perfecta
5318,excepcional
5319,¡Lo mejor localiza lo imposible!
5320,"No os dejéis engañar por las dos estrellas, vale más."
5321,hotel perfecto para experimentar la ciudad
5323,"excelente estancia, muy recomendable"
5324,
5325,excepcional
5326,Valencia es hermosa y este hotel ayudó a que fuera maravillosa.
5327,todo fantástico! Hotel súper céntrico apto para familias que quieran pasar un fin de semana en Valencia
5328,Perfecto
5332,excepcional
5333,maravilloso hotel en una ubicación central con un personal educado.
5334,excepcional
5335,muy satisfactorio
5336,hotel perfecto para visitar valencia
5337,¡joya!
5339,estancia agradable
5340,excepcional
5341,simplemente perfecto
5343,excepcional
5344,una escapada urbana muy exitosa
5345,excepcional
5346,súper
5347,"gran hotel, céntrico"
5348,Excelente ubicación justo en el corazón de Valencia. AMPLIO Y HERMOSO LIVING CON SALIDA A LA PLAZA DE LA CASA!!! todo estuvo bien
5349,hotel muy céntrico
5350,todo excelente
5351,sentirse como en casa en una ciudad desconocida cara sonriendo con corazones
5352,ideal
5353,excelente
5354,impresionante
5355,Bonito hotel en el corazón de Valencia.
5356,comodidad y calidad en valencia
5357,buen hotel en una buena ubicación
5358,sorprendente.
5359,excepcional
5360,Magnífico .....
5362,mejor hotel en la mejor ubicación
5364,precio calidad excelente
5365,muy buena estancia.
5367,excepcional
5368,excepcional
5369,excelente estancia
5370,¡perfecto!
5371,Super hotel en medio de una ciudad bulliciosa.
5372,El hotel está muy céntrico con respecto a todas las atracciones.
5373,Está bien
5374,excepcional
5375,excelente
5377,vaya genial!
5378,excepcional
5379,¿Me quedaría de nuevo?
5381,"Ubicación excepcional, habitaciones sencillas pero limpias, personal muy amable."
5382,excepcional
5383,excepcional
5384,¡Como sentirte como en casa! hermosa y acogedora estructura!
5386,gracias a todos los chicos de la recepción! muy amable!
5387,estancia fantástica en un gran lugar.
5388,recomendado. Definitivamente regresaría.
5389,¡¡excelente!!
5391,súper céntrico y definitivamente recomendado!
5392,
5394,excepcional
5395,estancia muy agradable
5397,excepcional
5398,¡arriba!
5399,¡Perfecto!
5400,"más allá de las expectativas, estancia perfecta"
5401,excelente
5402,excepcional
5403,"Muy agradable, volveré a este hotel."
5404,estancia muy agradable en una ciudad magnífica
5405,excepcional
5406,Bonito hotel con una ubicación perfecta!
5407,cumplió con las expectativas.
5408,el mejor
5409,arriba
5410,"Ubicación perfecta, gran habitación en el lugar que vale la pena."
5412,excepcional
5413,"Ubicación muy central, excelente limpieza y personal servicial."
5414,absolutamente recomendado
5415,súper
5416,sorpresa grata
5417,hotel por encima de las expectativas
5418,gran base para explorar Valencia
5419,perfecto
5420,"Precioso hotel, muy recomendable."
5422,En el
5424,muy bueno aun asi. buena calidad precio
5425,buena ubicación. habitación ordenada
5426,¡Gran hotel en una excelente ubicación con un excelente desayuno!
5427,habitación ordenada y limpia
5428,Hotel céntrico y bonito.
5429,excepcional
5430,aconsejado
5431,excepcional
5432,muy lindo
5433,excepcional
5434,excepcional
5437,gran hotel con una excelente ubicación
5438,excepcional
5439,"cómodo, céntrico y moderno"
5440,estancia excepcional en un entorno de lujo
5442,¡Se lo recomiendo a todos!
5443,"Nos sorprendió, es mucho más que un 2 estrellas."
5444,comodidad y ubicación excepcionales
5447,Perfecto
5448,excepcional
5450,excepcional
5451,"Hermosas vacaciones, Valencia es una ciudad maravillosa."
5452,lugar ideal para alojarse en valencia
5453,excepcional
5455,"Fue una estancia relajante, cultural pero también culinaria y divertida con mi familia."
5458,"muy buena estancia, lo recomiendo!"
5459,excepcional
5460,básico
5462,para hacerlo de nuevo otro día
5463,excepcional
5466,excelente
5467,oltre le mie aspettative cara feliz con ojos sonrientes
5468,perfección
5469,excelente estancia
5470,excepcional
5471,4 días en valencia
5472,"hotel en el centro, super comodo"
5473,"Todo perfecto, desde la ubicación, hasta la habitación y el desayuno. Volveré y definitivamente lo recomendaré a cualquiera."
5474,gracias a todo el equipo del hotel. y los restaurantes sugeridos son de muy buena calidad.
5475,excepcional
5476,excepcional
5477,excepcional
5478,excepcional
5479,"¡Gran hallazgo en el centro de Valencia! excelente personal, limpieza, servicios!"
5480,el mejor
5481,excelente experiencia
5483,realmente recomendado!
5484,excepcional
5485,Muy bonito hotel en el centro de Valencia.
5486,Creo que no se puede pedir nada mejor a este precio.
5487,todo perfecto
5488,excepcional
5489,"estancia fantástica, definitivamente vale la pena."
5490,Recomiendo este hotel
5491,Maravillosas vacaciones en una ubicación privilegiada para explorar la ciudad y el personal está al tanto de todo.
5492,maravilloso
5494,excepcional
5495,excepcional
5497,¡Excelente ubicación y por un buen precio!
5498,excepcional
5499,excepcional
5500,gran estancia para descubrir la ciudad
5501,"Todo fue muy bonito, hotel en el centro, personal amable y capacitado, habitación espaciosa y limpia."
5503,excepcional
5504,excepcional
5506,un hotel fantástico para visitar valencia
5507,lo pasé muy bien
5508,"Hotel en una ubicación fantástica, personal amable, excelente desayuno a un precio asequible."
5509,excepcional
5510,un hotel de dos estrellas que vale mucho más..
5511,"Estuvo muy bien, faltaba la piscina."
5512,estancia inolvidable
5513,la ubicación perfecta de este hotel para explorar la ciudad de valencia
5514,Fantástico hotel tanto en términos de estética como de ubicación. Excelente habitación también y la vista era interna. La habitación era hermosa.
5515,"Gran semana en Valencia, este hotel es muy recomendable!"
5516,estancia agradable
5517,base perfecta para descubrir Valencia!
5519,alojamiento perfecto
5522,super hotel con buen desayuno en la ubicación perfecta
5523,estancia espectacular. muy recomendable!
5524,Valencia es fantástica y el Hotel Venecia ayuda a que así sea
5526,me sentí absolutamente cómodo
5527,excepcional
5528,"Ubicación muy céntrica, muy limpia y muy cómoda además la habitación con lockers para dejar tu equipaje en caso de necesidad."
5531,limpio y cómodo. enfriar.
5532,una maravilla!
5533,"Ubicación perfecta, desayuno de alta calidad y habitaciones bien cuidadas, bien amuebladas y limpias."
5536,excepcional
5537,Hotel en Venecia en el corazón de la ciudad.
5538,recomendado
5539,excelente
5540,excepcional
5541,excepcional
5542,excepcional
5543,excepcional
5544,Está bien
5545,"Excelente, se lo recomiendo a todos."
5547,perfecto y acogedor hotel urbano en Valencia
5548,Fue un gran viaje a la ciudad y puedo recomendar el hotel con la conciencia tranquila.
5549,estancia perfecta. Volvería a reservar la próxima vez.
5550,excepcional
5552,excepcional
5553,excepcional
5554,ideal para explorar el centro
5556,excepcional
5557,"ubicación, desayuno, cama, ducha todo es excelente"
5558,excepcional
5559,perfecto
5560,excepcional
5561,excepcional
5562,excelente
5563,excelente
5564,escapada de pareja a la ciudad.
5565,excepcional
5566,excelente lo recomiendo 100
5567,excepcional
5568,excepcional
5569,¡excelente!
5571,hotel super bonito y limpio en muy buena ubicación
5572,Alojamiento limpio y fresco en el centro de la ciudad con un personal amable y servicial. Lo recomendaré a otras personas.
5573,maravillosa estancia en el corazón de valencia
5574,grasias perfectas
5578,excepcional
5579,"Lo pasé muy bien en Valencia. El hotel es muy bonito, bonita habitación espaciosa y delicioso desayuno."
5581,genial para un viaje a la ciudad
5583,todo perfecto
5584,estupendo
5585,hotel muy bonito y muy limpio. personal extremadamente amable.
5586,"hotel ideal, casi perfecto de clase media"
5587,¡La estancia fue genial!
5588,excelente estancia
5589,.          - !
5590,vale más estrellas
5591,Tuvimos una estancia maravillosa!!!!
5592,excepcional
5593,excepcional
5594,mamá de vacaciones y su chica!
5595,excepcional
5596,¡No podríamos haber elegido un hotel mejor!
5598,excelente
5599,super hotel en una ubicación perfecta
5600,"Espectacular sala, habitación grande y tranquila en el 7mo piso, agua gratis en el pasillo."
5601,nosotros con 2 niños valencia centro
5602,fin de semana de padre e hija
5603,excepcional
5604,Bien
5605,excelente ubicación hotel limpio
5606,maravillosa estancia en Venecia Plaza Centro
5607,¡¡súper!!
5608,hermoso hotel en el corazón de la hermosa ciudad de valencia
5609,gran hotel
5610,excepcional
5611,Buen hotel tanto para uso privado como de negocios.
5613,"excelente hotel, aparte de los incómodos colchones y almohadas, excelente ubicación y personal amable"
5614,excepcional
5615,excepcional
5616,Está bien
5617,recomendar
5618,estancia agradable y confortable.
5619,estancia muy agradable a un precio asequible!
5620,excelente hotel muy bien ubicado y limpio
5621,"bien ubicado, gran servicio"
5622,excepcional
5624,hotel con una excelente ubicación.
5625,perfecto
5626,hermoso hotel en una hermosa ubicación. habitaciones muy limpias y cómodas. ¡¡¡recomendado!!!
5628,"valencia, una ciudad que te sorprende absolutamente."
5629,Hermoso y agradable hotel en una ubicación privilegiada.
5630,Hermoso
5631,excepcional
5632,Óptimo
5633,excepcional
5634,"perfecto, para cultura, playa, ideal para 3-5 días."
5635,Todo el confort en una excelente ubicación y buenos empleados.
5636,excelente estructura elegante
5638,excepcional
5639,experiencia increíble!
5642,Viajo con familiares y amigos.
5643,central y puedes llegar a todas partes
5644,excepcional
5646,muy satisfecho
5647,"Excelente ubicación, limpieza y muy buen servicio por parte del personal de recepción."
5648,estancia ideal en el centro de la ciudad
5649,El hotel está en una ubicación perfecta para explorar Valencia a pie.
5650,excepcional
5651,excelente hotel justo en el centro.
5652,hermoso hotel en excelente ubicación!
5653,estancia perfecta en valencia
5654,excepcional
5655,muy amable
5656,"genial, muy recomendable!"
5657,excepcional
5658,excepcional
5659,"todo estuvo bien. Realmente se puede recomendar, pero la próxima vez elegiré un hotel con un poco más de espacio."
5660,una curiosidad por que el hotel tiene 2 estrellas y no mas?
5661,vivir en el corazón de valencia
5662,fabuloso
5663,hermosa ciudad hotel perfecto
5664,excelente hotel.
5665,"Muy buen hotel, lo reservaré más a menudo."
5666,súper
5667,Definitivamente vendré aquí de nuevo.
5668,Nos sentimos muy cómodos aquí y definitivamente regresaremos.
5670,excepcional
5671,excepcional
5672,excepcional
5673,súper !
5675,¡perfecto! :
5676,excelente viaje
5677,excelente hotel
5678,"Estructura impecable, ideal para visitar Valencia!"
5680,directo al corazón de la ciudad
5682,excepcional
5683,ottimo hotel in plaza del ayuntamiento
5684,Disfrutamos de Valencia desde Venice Plaza.
5685,fantástico
5686,excepcional
5688,excelente hotel
5689,¡excelente! vale la pena repetir
5691,ubicación perfecta
5692,fin de semana con amigos
5693,excepcional
5695,excepcional
5697,una estancia muy agradable
5698,¡La ubicación no podría ser mejor! encantador hotel en el centro de la ciudad
5699,arriba
5700,Perfecto.
5701,Fantástico y muy recomendado para muchos.
5703,excelente.. muy recomendable cerca del centro.
5704,Hostal de 2 estrellas pero vale 4
5705,escapada a valencia
5707,hotel superior en una buena ubicación
5708,excepcional
5710,Hermoso
5712,¡perfecto!
5713,dentro de la ciudad histórica y con la comodidad de un gran hotel.
5715,Gran hotel en una ubicación perfecta.
5716,hotel asequible en el centro de valencia
5717,excelente ubicación para visitar la ciudad
5718,excelente estancia
5719,muy satisfecho
5720,excepcional
5721,bonito hotel y buena ubicación
5723,ubica y cordialidad
5724,"Hotel perfecto en el centro del casco antiguo, en la plaza central, a muy buen precio."
5725,absolutamente genial!
5726,excepcional
5727,estancia en el corazón de valencia
5728,Bonito hotel en una gran plaza.
5729,"centro tranquilo, a poca distancia de todas las atracciones"
5730,"un hotel comodo, bonito y acogedor"
5731,excelente
5732,"bonito hotel, buena ubicación!"
5733,excepcional
5734,excepcional
5735,¡Simplemente perfecto para un fin de semana!
5736,excelente estancia
5737,¡secuestros!
5738,estancia maravillosa
5741,hotel a un paso de todo
5742,Hotel de 2 estrellas con aire de 4 estrellas.
5743,excepcional
5744,personal y limpieza
5747,arriba
5748,¡aconsejado!
5749,hermosa estancia en valencia con mi hijo de 8 años
5752,excepcional
5753,solo puedo recomendarlo
5754,excepcional
5755,¡Gran ciudad pero amigable para los viajeros! tantas atracciones y tanto arte
5757,me encantó
5758,Preciosa casa modernista en pleno centro
5759,merece la tercera estrella!
5760,excelente hotel en la mejor ubicación
5761,Muy buen hotel y personal.
5762,excepcional
5764,excepcional
5765,el hotel perfecto para un viaje a la ciudad
5766,excelente ubicación del hotel
5767,arriba
5768,excelente en todo!
5769,muy recomendable!
5771,excepcional
5772,Excelente estancia en una ubicación privilegiada.
5773,habitaciones muy cómodas en un bonito hotel
5776,excepcional
5777,¡la solución perfecta!
5778,muy lindo!
5779,Maravilloso
5780,Fantástico
5781,excepcional
5782,"excelente hotel para visitar la ciudad, prácticamente todo a un máximo de 10-15 minutos a pie"
5783,excelente hotel
5785,excepcional
5789,un hotel de dos estrellas que realmente merece más
5790,"en el centro de Valencia, con excelente relación calidad-precio."
5791,excelente
5793,Hotel de 2 estrellas con calidad de 3 o más.
5794,excepcional
5795,excepcional
5796,arriba
5797,excelente
5798,Muy recomendable por ubicación y limpieza.
5799,todo bien!
5802,lo recomendaría
5803,fantástico hotel en una hermosa ubicación en la pl. del ayuntamiento
5804,bonito hotel en una ubicación fantástica
5805,"Excelente hotel, definitivamente recomendado."
5806,simplemente perfecto
5809,Recomendado: buena ubicación y muy limpio.
5810,súper recomendado
5811,excepcional
5812,excelente hotel muy bien ubicado.
5813,perfecto
5814,excepcional
5815,"excelente ubicación, muy amable, limpio, muy ruidoso"
5816,fantástico
5817,Hermoso
5818,momento emocionante e impresionante durante las pre-fallas
5819,muy buena ubicación
5820,¡Dos días fabulosos!
5821,Tuve una estancia fantástica.
5822,excepcional
5823,Óptimo
5824,maravillosa aventura
5825,excepcional
5827,el mejor hotel en una excelente ubicación
5828,apariencia lujosa en el corazón del centro
5829,"céntrico, lujoso y económico!"
5830,excepcional
5831,fantástico
5832,céntrico y moderno con una vista increíblemente linda.
5833,
5834,viaje a la ciudad
5835,"Excelente ubicación, limpieza impecable y muy buen desayuno."
5836,Gran hotel para una visita de fin de semana!
5838,dos palabras todo perfecto
5839,hermoso fin de semana
5840,excepcional
5841,excepcional
5842,Lo he visto porque no es frecuente en España. La próxima vez intentaré algo diferente.
5843,estancia excepcional!
5844,maravilloso hotel en el centro de valencia
5845,viaje a la ciudad después de unas largas vacaciones
5846,una estancia especial
5847,au ubicación excepcional en el centro.
5849,¡Todo lo que necesitas!
5850,excepcional
5851,excepcional
5852,Recomiendo el hotel a todo el mundo.
5853,¡excelente!
5854,excepcional
5856,arriba
5857,excepcional
5859,mucho más que un 2 estrellas
5861,enmarcar
5862,excepcional
5864,excepcional
5865,lo recomiendo
5867,todo está bien
5868,si vuelvo volveré aquí
5872,personal super limpio y amable
5873,"Hotel perfecto, lástima que llovió toda la semana."
5874,
5875,gran estancia cara sonriendo
5876,excepcional
5877,"En general podemos recomendar el hotel. La limpieza está al más alto nivel, al igual que la cama."
5878,"pulgar hacia arriba .       ,                      !"
5879,fue fantástico.
5880,excepcional
5881,¡agradable!
5882,muy bien
5883,"Ubicación perfecta, hermosa habitación con vistas, muy limpia."
5884,muy bien
5885,Excelente ubicación en el corazón de Valencia!
5886,fin de semana en valencia
5887,Muy buen hotel en una bonita ubicación central.
5888,excepcional
5889,increíble... un 2 estrellas que vale al menos 4
5890,excepcional
5891,"Ubicación ideal. Habitaciones muy limpias y espaciosas, con todas las comodidades. hermosa vista de la plaza"
5892,fantástico hotel en una hermosa ubicación!
5893,excepcional
5894,excepcional
5895,¡muy lindo!
5896,excepcional
5898,excepcional
5899,excelente
5901,schön
5902,justo en el centro. todo a tu alcance. cortesía y limpieza.
5903,excepcional
5904,"Con mucho gusto volveré en cualquier momento, este hotel supera incluso mis experiencias de 3 o 4 hoteles en VLC."
5905,todo perfecto!
5906,excepcional
5907,Teníamos una habitación para 4 personas con una hermosa vista. La ubicación no podría ser mejor. cerca del metro y comercios.
5908,arriba
5909,no podríamos haber pedido algo mejor
5910,excepcional
5911,fantástica ubicación
5912,excepcional
5914,un cuento de hadas
5915,una joya en el centro
5916,excepcional
5917,un fin de semana feliz
5919,"Muy lindo hotel con cómodas habitaciones, delicioso desayuno para empezar el día."
5920,excepcional
5921,excelente experiencia
5922,"Excelente ubicación no podría ser mejor, habitación siempre impecable, personal profesional y muy amable. desayunos"
5924,Disfruté de Valencia en un bonito hotel en una ubicación privilegiada.
5925,maravillosa estancia para deshacerse de la tristeza del invierno
5927,"Muy recomendable, ¡no se puede estar más céntrico!"
5928,excepcional
5929,excepcional
5930,hotel muy recomendado
5931,excepcional
5932,súper
5933,¡Un lugar digno de recomendar! ¡Nos gustaría volver aquí de nuevo!
5934,muy exitoso
5935,excepcional
5936,", !"
5937,excelente hotel en el centro de valencia
5938,Todo el hotel luce fenomenal y la estadía fue perfecta.
5939,excepcional
5940,gran lugar
5941,excepcional
5942,gran hotel en una ubicación fantástica!
5943,5 días en valencia
5944,quédate en el centro
5945,Fin de semana perfecto en la maravillosa Valencia y una estructura para recomendar.
5946,¡Gran estancia en Valencia durante la víspera de Año Nuevo!
5950,excepcional
5951,increíble relación calidad-precio
5952,muy buen hotel
5953,"¡Perfecto, ubicación perfecta, personal perfecto, habitación perfecta y perfectamente limpio en la cima!"
5954,excepcional
5956,4 días en valencia
5957,Fantástico
5959,lo que esperábamos
5960,excepcional
5961,excepcional
5962,práctico
5963,¡Gracias a la ubicación y cortesía mi hija y yo disfrutamos nuestra visita a Valencia!
5964,fenomel a
5965,¿Por qué sólo dos estrellas?
5966,súper hotel
5967,bonito hotel en una ubicación central
5968,Valencia vale la pena el viaje.
5969,excepcional
5970,Óptimo
5971,excepcional
5972,arriba
5973,muy bien situado
5974,excepcional
5975,excelente ubicación
5976,excepcional
5977,excepcional
5978,"El hotel se puede recomendar, relación calidad-precio."
5979,súper hotel en súper ubicación
5980,excelente.
5981,"Aspecto muy atractivo, por dentro y por fuera. equipamiento y diseño de primer nivel."
5982,excelente ubicación en el centro
5983,parte superior del emplazamiento
5984,un fin de semana de relax
5985,"¡¡Unos agradables días pasados ​​en Valencia entre sol, mar y tapas!!"
5986,Perfecto
5987,una estancia inolvidable
5988,Hotel cómodo y bien ubicado.
5989,Perfecto para interrumpir tus vacaciones
5990,excepcional
5991,3 grandes dias
5992,"Hermosa estructura en el centro, personal muy limpio, amable y capacitado. nuestra habitación era espaciosa y estaba equipada con"
5993,excepcional
5994,maravilloso
5996,Fantástico
5997,Valencia a tu alcance
5998,estancia superior
5999,Perfecto. merece más de 2 estrellas!
6000,hotel per repetir
6002,vista impresionante y ubicación muy central
6003,exitosas vacaciones de Año Nuevo.
6004,excepcional
6005,excepcional
6007,lo disfruté muchísimo
6008,excepcional
6009,realmente bueno.
6010,excepcional
6011,excepcional
6012,"Estancia perfecta, más allá de las expectativas."
6013,¡súper!
6014,excepcional
6015,"Excelente alojamiento, excelente ubicación, todo limpio como debe estar un apartamento."
6016,"Ubicación 10, limpieza 9, sábanas de calidad, se agradece el microondas y la cafetera."
6017,excepcional
6020,excelente experiencia
6021,estancia de 5 estrellas
6023,parfait
6024,un dos estrellas que merece cuatro
6025,todo excelente
6026,un fin de semana perfecto en el corazón de valencia
6027,Hotel bellamente renovado en el corazón del centro de la ciudad.
6028,", , , 5"
6029,muy divertido
6030,muy bien
6031,gran hotel en una ubicación privilegiada!
6032,fin de semana de diciembre
6033,excelente pero...
6034,¡Un auténtico 4 estrellas!
6035,punta superior
6036,semana en valencia
6038,gran estancia en valencia
6039,", , ."
6040,"en la plaza central de Valencia, cerca de todo"
6041,Óptimo
6042,"Un super hotel, ¡dos estrellas no son suficientes!"
6043,excepcional
6045,excepcional
6046,muy buena estancia de fin de semana
6050,"Ve allí con los ojos cerrados, ¡no te decepcionarás! ¡Recomiendo mucho este hotel!"
6051,fantástico
6052,excepcional
6053,excepcional
6054,hermosa estancia
6055,todo impecable! ubicación perfecta para visitar valencia!
6056,"estancia maravillosa, personal increíblemente amable"
6058,excepcional
6059,excelente
6060,¡más allá de las expectativas!
6061,"Absolutamente recomendado, si vuelvo a Valencia volveré a reservar este hotel."
6062,excepcional
6063,estancia de 5 estrellas
6064,un agradable descanso en la ciudad en un bonito hotel en una buena ubicación.
6065,estancia muy agradable
6066,¡Me sentí muy cómodo y estaría feliz de volver y recomendarlo a otros!
6067,¡Me encantaría volver!
6069,hotel ideal para una estancia en Valencia!
6070,excepcional
6071,escapar de la monotonía
6072,excepcional
6073,"Lamentablemente es demasiado breve, definitivamente vale la pena repetirlo."
6074,En general quedamos muy satisfechos.
6075,excepcional
6078,"Recomiendo este hotel. en cuanto a ubicación, limpieza y servicio.  Desayuno sin reservas: gran selección y sabroso. pequeño"
6080,No esperaba un precio tan bueno para un hotel en el punto 0 de Valencia.
6081,excepcional
6083,excepcional
6084,Está bien
6085,simplemente perfecto!!!
6086,excepcional
6087,perfecto
6089,agradable y hermoso en el centro
6095,mejor hotel en el centro de valencia
6097,¡arriba!
6098,"Hotel perfecto para visitar Valencia, cerca de todo."
6099,estancia en el corazón de valencia
6100,excepcional
6101,super hotel en una ubicación increíble
6102,Gran estancia en esta hermosa ciudad.
6104,muy bien
6105,excepcional
6106,excepcional
6108,una de las mejores opciones de alojamiento en Valencia
6109,hotel muy recomendado
6110,hermosa valencia
6111,"Hotel muy bonito, céntrico en el centro de la ciudad."
6112,excelente hotel céntrico
6113,perfección
6114,excepcional
6115,"excelente ubicación. todos los lugares de interés están a pocos minutos a pie. hotel limpio, excelente desayuno variado."
6117,maravilloso
6119,maravilloso
6120,"hermosa estancia. Hotel bonito, limpio y moderno con comodidades que no encontré ni en el 3s4."
6123,muy buen hotel en el centro de valencia
6124,excepcional
6125,excepcional
6126,excepcional
6127,unos dias pero buenos y preciosos
6128,en una palabra; gran hotel! precio calidad excelente!
6129,hotel ideal para visitar la ciudad a pie
6130,muy buen hotel en una ubicación fantástica
6131,"Gran estancia en una ciudad muy agradable, lo recomiendo."
6132,yo volveria
6134,excepcional
6135,maravilloso
6136,muy buen hotel vale cada centavo
6137,excepcional
6138,
6140,¡maravilloso!
6141,"Hotel en posición estratégica, muy céntrico y con parking de taxis muy cerca."
6143,excepcional
6144,súper
6145,Podemos recomendar este hotel con seguridad y estaremos encantados de volver.
6147,"por encima de todas las expectativas, especialmente para un hotel de dos estrellas."
6148,Pasamos un rato agradable.
6149,Ubicación perfecta en un hermoso hotel!
6150,excepcional
6151,excepcional
6153,buena ubicación cerca
6154,Fantástico
6155,Delicioso
6157,arriba
6158,fantástico fin de semana en valencia
6159,mucho mejor que dos estrellas
6161,Me gustó mucho. especialmente la ubicación.
6162,perfecto para una estancia en el centro de la ciudad
6163,hotel perfecto
6164,hotel básico en excelente ubicación
6165,"Hotel en una excelente ubicación, habitación muy pequeña, pero ideal para 1-2 noches."
6166,"Genial, aprovechamos al máximo esta preciosa ciudad de Valencia llena de encanto."
6167,
6168,Gran hotel para un viaje a la ciudad de Valencia.
6169,hermoso hotel
6170,excepcional
6171,Un hotel muy recomendable en un bello entorno.
6172,encuentra el perfecto.
6173,gran estancia
6174,una muy buena elección
6175,prima
6176,imperdible
6177,¡Un hotel de primera en una ubicación privilegiada!
6178,¡Perfecto y cómodo para un viaje a la ciudad!
6179,hotel para recomendar
6180,una excelente estancia.
6181,desayuno delicioso súper agradable y buena ubicación central
6182,comodidad y ocio!
6183,bonito hotel y muy céntrico
6184,un viaje agradable y memorable
6185,¡Un lugar privilegiado para un viaje a la ciudad de Valencia!
6187,excepcional
6188,excepcional
6189,excepcional
6190,excepcional
6191,excelente
6192,en el corazón de valencia
6193,hotel
6194,completamente satisfecho cara sonriendo
6196,regresar
6197,¡fantástico!
6198,Citibreak muy agradable en el hotel venecia plaza.
6200,¡Ubicado en el centro y conveniente para todo!
6203,excepcional
6204,agradable
6206,súper
6207,ser repetido
6208,súper
6209,excelente hotel en una hermosa ubicación.
6210,fantástica ubicación
6211,excepcional
6212,excepcional
6213,elección perfecta!
6214,absolutamente recomendado!
6215,Fantástico
6216,excepcional
6218,disfrutamos la estancia
6219,Definitivamente merece más de dos estrellas.
6220,¡Delicioso!
6222,excelente ubicación para visitar la ciudad
6223,excelente
6224,más que un dos estrellas
6226,"maravilloso, volver otra vez pulgar hacia llegar"
6227,excepcional
6228,excepcional
6229,excepcional
6230,perfecto
6231,excepcional
6232,muy linda experiencia en este hotel
6233,semana de vacaciones en valencia
6235,excepcional
6236,vacaciones españolas
6238,¡excelente!
6240,hermosa estructura en el centro
6241,¡dirección perfecta para una estancia agradable en pleno centro de la ciudad!
6244,excepcional
6245,ubicación perfecta!
6246,hotel estratégico
6248,excepcional
6249,vista superior
6250,Bonito hotel en una ubicación privilegiada.
6251,muy linda experiencia
6253,estancia muy agradable con excelente alojamiento
6254,estancia agradable en un bonito hotel urbano en el centro de valencia
6255,quedarse en valencia
6256,simplemente genial! todo es accesible a pie. Los principales monumentos están muy cerca a pie.
6257,excepcional
6259,excepcional
6261,magnífico hotel
6262,"bolso: belleza, hospitalidad, amabilidad."
6264,perfecto para turistas que visitan la ciudad por poco tiempo. todo lo que hay que ver está cerca
6265,excepcional
6267,excepcional
6268,"Atropello y fuga por una noche, difícil de evaluar, pero durante el corto tiempo que estuve allí, ¡todo estuvo bien!"
6269,excepcional
6270,Fue impresionante y loco. ¡recomendado!
6271,hotel ideal para visitar valencia
6272,"vale más de 2 estrellas, muy bonito y bien ubicado!"
6273,¡Una mejora de mi fin de semana en Valencia!
6275,estancia muy agradable en valencia
6276,Excelente hotel con una ubicación muy central.
6277,excepcional
6278,hotel verdaderamente excelente desde todos los puntos de vista
6279,"Recomiendo la estructura, para mí no puede ser un dos estrellas... faltan algunas"
6280,mejor hacer
6282,excepcional
6284,hermosa valencia
6285,fue una estancia agradable.
6286,central - cerca de todo
6288,magnífico
6289,hotel perfecto para unas vacaciones en la ciudad
6290,excepcional
6291,Muy buen hotel idealmente ubicado.
6293,"muy céntrico, buen hotel"
6294,Hermoso
6295,hotel compatible. muy buen lugar para alojarse en valencia pulgar hacia arriba
6296,buena elección. repetiría
6298,"Excelente hotel, céntrico, seguro y limpio. Genial para un viaje a la ciudad."
6299,"El hotel está en una ubicación excelente y muy bien cuidado, la habitación limpia y cómoda."
6300,"Todo estuvo genial, nos encantaría volver."
6301,valencia top!
6302,"Bonito hotel en una ubicación perfecta en el casco antiguo, buenas camas."
6303,corta estancia en valencia
6304,disfruta de una hermosa ciudad en un maravilloso hotel
6305,gran hotel fantástica ubicación
6306,excepcional
6308,lo recomiendo 100
6309,excepcional
6310,excepcional
6311,gran hotel - ubicación central
6312,fácil desde el centro de la ciudad y relajante al mismo tiempo.
6313,"Muy recomendable. Ubicación céntrica, limpia y con bonitas vistas."
6314,gran elección de hotel
6315,estancia fantástica!
6316,excepcional
6318,excepcional
6319,especial
6320,muy buen hotel en una buena ubicación
6321,excepcional
6322,perfecto para una estancia en valencia.
6324,¡arriba!
6325,¡Me encantaría volver!
6326,excepcional
6327,excepcional
6328,"Ubicado en el centro, a poca distancia de varias tiendas, restaurantes y lugares de interés."
6329,¡Vuelvo enseguida!
6330,Fueron unas estupendas vacaciones cortas en un hotel muy bonito.
6331,excepcional
6332,Bonito hotel en una excelente ubicación.
6333,gran hotel en una ubicación perfecta
6334,Precioso hotel en el corazón de Valencia.
6335,"excelente sorpresa, estructura en el centro. Lo encontré muy bien para un viaje con mi esposa y dos hijos."
6336,excepcional
6337,¡Perfecto!
6338,¡¡recomendado!!
6339,hotel perfecto para un viaje a la ciudad
6341,perfecto para el viaje de fin de semana.
6342,una estancia perfecta: habitación hecha cada mañana y cambio de toallas a diario. tuvimos un pequeño problema
6343,excepcional
6344,perfecto para volver
6345,
6346,maravillosa estancia en el centro de valencia
6347,súper hotel.
6348,valencia ma ville de c ur
6349,arriba
6351,hermoso hotel
6353,excepcional
6354,estancia muy agradable y totalmente equipada
6355,encuentra el perfecto.
6356,¡fantástico!
6357,súper amenaza
6358,excepcional
6359,disfruté mucho
6360,excepcional
6361,excepcional
6362,¡¡¡Pasamos un gran fin de semana con nuestra familia!!!
6363,mejor hotel en la mejor ubicación
6364,excepcional
6365,"Apreciamos especialmente los servicios adicionales, como la disponibilidad de sombrillas y un"
6366,excepcional
6367,excepcional
6368,Hotel perfecto para un viaje a la ciudad de Valencia.
6369,inolvidable
6370,muy bonito y agradable
6371,"Después de la primera noche, todo ok, recomendable."
6372,excepcional
6373,Bonito hotel céntrico.
6374,excepcional
6375,localiza el excelente
6377,¡fantástico!
6378,"Excelente ubicación, buen servicio y habitaciones limpias, lo recomiendo ampliamente."
6379,hermoso hotel en una ubicación privilegiada
6380,en el corazón de valencia
6381,positivo.
6382,gran alojamiento con una excelente ubicación
6383,muy satisfecho con nuestra elección.
6385,fantástico hotel céntrico de la ciudad
6386,maravillosamente recomendado!
6387,excelente
6388,un hotel muy bonito
6389,excepcional
6390,hermosa estancia
6391,tranquilidad y centralidad
6392,¡excelente!
6393,¡Lo recomiendo!
6395,encuentra lo fantástico. Recomiendo.
6397,Perfecto
6398,excepcional
6399,"¡Estoy deseando volver a Valencia, una ciudad maravillosa y este lugar es un 11 sobre 10!"
6400,ideal para viajes de fin de semana
6401,excepcional
6402,ubicación excepcional justo en el centro!!!!!
6403,"céntrico, limpio."
6405,alojamiento perfecto para hacer turismo
6406,yo regresaría
6407,muy agradable
6409,"Excelente ubicación, limpio y cómodo: ¡muy recomendable!"
6410,Hice la elección correcta de hotel.
6411,ubicación privilegiada! Hotel bonito y limpio con buen servicio y gran desayuno.
6412,gracias a la posición del establecimiento pudimos visitar la ciudad cómodamente
6414,excepcional
6415,fabuloso
6416,excepcional
6417,Hotel muy bonito en una ubicación perfecta.
6418,buen hotel
6419,hotel relajado en el centro!
6420,¡arriba!
6421,muy céntrico. Volveríamos a reservar el hotel.
6422,¡Con mucho gusto otra vez!
6423,"Excelente ubicación y un gran hotel, lo recomiendo."
6424,ciudad muy hermosa y ubicación ideal del hotel
6426,agradable sorpresa en valencia
6427,estancia perfecta en lista perfecta
6428,parfait
6430,fantástico
6432,Excelente relación calidad-precio y la ubicación más céntrica de Valencia.
6433,excepcional
6434,una estancia inolvidable en valencia
6435,Excelente estancia y ubicación para una maravillosa mitad de semana en Valencia.
6436,excelente
6438,excepcional
6439,excepcional
6440,excepcional
6441,gran hotel en una buena ubicación
6444,excepcional
6446,"Muy recomendable, bonito y en una ubicación privilegiada."
6449,Delicioso
6450,excepcional
6451,buen viaje a la ciudad
6453,inolvidable sería demasiado abreviado. maravilloso
6454,excepcional
6455,estancia superior
6456,excepcional
6458,muy recomendado
6460,hotel muy limpio y muy bonito; camas muy cómodas; ubicación excepcional
6462,estancia absolutamente agradable :-
6463,estructura recomendada!!
6464,excepcional
6465,excepcional
6466,perfecto
6468,excepcional
6469,¡excepcional!
6472,¡¡maravilloso!! todo arriba!
6473,Estructura con una excelente ubicación y equipada con todas las comodidades necesarias para disfrutar de unas vacaciones.
6474,fantástico fin de semana
6475,valencia super!
6476,experiencia para repetir!
6478,¡excelente!
6481,muy céntrico a buen precio!
6482,Excelente relación calidad-precio si la ausencia de luz natural no te molesta
6483,muy recomendable en todos los sentidos
6484,¡Disfruté de la ciudad desde un súper hotel!
6486,¡perfecto! buena relacion precio y calidad
6487,excepcional
6488,excelente disponibilidad
6489,un excelente bromista
6490,gran estancia llena de recuerdos
6491,excepcional
6492,gran hotel en una ubicación fantástica
6493,arriba.
6495,excelente ubicación en una ubicación central
6496,perfecto
6497,preciosa y tranquila habitación en pleno centro de valencia
6499,excepcional
6501,", ,"
6502,excelente desde todos los puntos de vista
6504,excepcional
6505,muy recomendado
6506,¡¡¡Hay que probarlo!!!
6507,excepcional
6508,¡fantástico! recomendado
6509,excepcional
6510,Disfruté de este hotel con un delicioso desayuno.
6512,excepcional
6514,excelente hotel en el centro
6515,¡Estancia relajante en un acogedor hotel en Valencia!
6516,gran estancia
6519,arriba
6520,gran fin de semana en valencia
6522,Se lo recomiendo a todos
6523,excepcional
6524,excepcional
6525,genial para un fin de semana
6526,gran estancia!!!!
6527,hotel por encima de las expectativas
6528,buen hotel urbano
6529,excepcional
6530,¡Ubicado en el centro de Valencia! perfecto para un viaje a la ciudad.
6531,excelente estancia. Me alojaría de nuevo!!!
6532,hotel perfecto para un viaje corto
6534,excepcional
6535,Perfecto
6537,gran elección en valencia
6538,estancia de 5 estrellas
6539,maravilloso viaje a la ciudad
6540,muy lindo
6541,punto de partida ideal para un viaje a la ciudad
6542,hotel encantador!
6544,excepcional
6545,excepcional
6549,"hotel de primera, muy céntrico"
6552,excepcional
6553,excepcional
6554,súper !
6555,estupendo
6557,estancia fantástica!!
6558,"excelente ubicación, hotel encantador"
6559,"estancia agradable en un hermoso hotel, excelente ubicación. personal muy agradable y servicial. desayuno por la mañana."
6560,Ubicación muy central y habitación amplia.
6561,excepcional
6563,"increíble, lo recomiendo"
6564,excepcional
6565,¡¡Es un lugar al que me encantaría volver!!
6566,excepcional
6567,tener la impresión de estar de vacaciones cuando estábamos en un viaje de negocios
6568,"en coche es complicado encontrarlo, hay que preguntar cuando el navegador te dice: has llegado, pero ni siquiera el hotel"
6569,excepcional
6571,estancia que superó las expectativas!
6572,extra
6573,excepcional
6574,hotel situado en una posición excepcional para cualquier viaje con habitaciones muy amplias y una limpieza nunca antes vista
6575,excepcional
6576,excepcional
6577,permanecer
6578,excepcional
6580,tuvimos una gran estancia
6581,excepcional
6582,Lugar ideal para visitar Valencia. No hay nada más céntrico que este.
6583,excepcional
6584,excepcional
6585,gran hotel - gran precio
6586,El mejor hotel definitivamente recomendado.
6587,Precioso fin de semana en la preciosa Valencia.
6588,"Excelente ubicación, habitaciones limpias con espacio suficiente tanto en el baño como para la ropa. excelente relación calidad/precio"
6589,valencia maravillosa ciudad
6590,excepcional
6591,hermoso hotel en una excelente ubicación
6593,una ciudad extraordinaria.
6594,clase primera
6595,perfecto
6597,excelente experiencia
6598,"fantástico, muy recomendado"
6599,"Nos gustó todo, volvería felizmente, muy recomendable especialmente por la ubicación."
6602,Perfecto
6604,El hotel era genial y la ubicación también. Puedo recomendar este hotel a todo el mundo.
6605,excelente para visitar la ciudad en el centro y cerca del metro
6606,Increíble y hermoso corazón rojo.
6607,hola valencia
6608,estancia muy agradable y mucho que visitar
6609,genial. relación calidad-precio inmejorable
6611,excelente hotel en una excelente ubicación
6613,unas buenas vacaciones
6614,La mejor opción de hotel para explorar Valencia
6615,"A pesar de perderse el té, fue otra estancia estupenda."
6616,gran estancia en valencia
6617,maravilloso
6618,Fantástico
6619,"hotel ubicado en el centro, conveniente para quienes se hospedan solos, hermosa habitación con todos los servicios"
6620,volvería
6623,"stupendo, tutto perfetto cara sonriendo con ojos de corazón"
6624,excepcional
6625,¡en la cima!
6626,"excelente hotel lo recomiendo. cerca del metro, en el centro, personal amable"
6627,una estancia maravillosa
6628,Si quieres una gran estancia
6629,"hotel súper recomendado. habitación cuádruple con vistas a la plaza principal de Valencia, personal super servicial"
6630,excepcional
6631,excepcional
6632,prima
6633,excelente situación. precio razonable habitación interior.
6635,Mimados en Valencia
6636,una palabra: perfecto!!
6637,excelente elección
6640,"Ubicación ideal, habitaciones amplias."
6641,excepcional
6643,Visité la ciudad en 2 días y la ubicación del hotel es estratégica.
6645,muy recomendado
6646,estancia perfecta
6648,excepcional
6649,Valencia es una ciudad preciosa y el hotel tenía una muy buena ubicación.
6650,fantástico
6652,Es la segunda vez que voy a Valencia y siempre he elegido este establecimiento. Siempre cumple con todas mis expectativas.
6653,muy limpio
6655,absolutamente perfecto!
6656,excepcional
6657,absolutamente fabuloso
6658,"Definitivamente recomendaría el hotel, el personal fue amable y servicial. el hotel está ubicado en el centro de diana, si vuelvo en el futuro lo haré uva ov"
6659,excelente estancia
6661,"Muy buena relación precio-rendimiento, ubicación muy central. genial para un viaje a la ciudad."
6663,Todo bien
6664,Fantástico
6665,excepcional
6667,"un lugar fantástico, no podrías imaginar una mejor ubicación"
6668,excepcional
6669,buen costo beneficio
6671,¡Recomiendo este hotel a todo el mundo!
6672,excepcional
6674,muy buen momento y hotel bien ubicado
6675,¡¡¡Fantástico!!!
6677,"Céntrico, tranquilo, limpio, cómodo, recomendado."
6680,hotel superior
6681,Yo lo recomendaría
6682,estancia perfecta en el corazón del casco antiguo
6684,excepcional
6685,Excelente ubicación y muy buen hotel.
6686,excepcional
6688,Perfecto.
6690,maravillosa vista!
6691,tres bien
6692,muy buen hotel
6693,excepcional
6694,genial 10
6695,estupendo
6697,excelente !
6698,todo perfecto! nos lo pasamos genial
6699,gran lugar!!
6700,excepcional
6701,Fantástica estancia con muy buena relación calidad-precio.
6702,excepcional
6703,", , ,"
6704,¡maravilloso!
6705,agradable sorpresa en el corazón de valencia
6706,Recomendado para estancia corta y por su ubicación para visitar la ciudad.
6707,súper
6708,excepcional
6709,excepcional
6710,"perfectamente ubicado, limpio amigable"
6711,limpieza centralizada. ¡una y otra vez!
6712,"excelente ubicación, excelente desayuno"
6713,hotel muy bonito
6714,excepcional
6716,gran hotel en una ubicación fantástica
6717,bonito hotel en excelente ubicación
6718,excepcional
6721,fin de semana en valencia
6722,perfecta ubicación en el centro
6723,fin de semana en valencia
6724,excepcional
6725,unas horas en valencia
6726,excepcional
6727,todo perfecto
6728,perfecto para un fin de semana en valencia
6729,Vacaciones de Navidad en Valencia
6730,una burbuja de valencia
6731,todo perfecto
6732,excepcional
6733,fantástico como siempre
6735,increíblemente hermoso todo en un ambiente navideño
6736,Lo recomiendo por su excelente ubicación.
6737,maravillosa ubicación!
6738,muy recomendado
6739,fabuloso
6740,calidad/precio excepcional
6741,especial
6742,¡arriba!
6743,excepcional
6744,excepcional
6745,hotel muy bonito y agradable con una excelente ubicación!
6746,estancia excepcional
6747,excepcional
6748,Ubicación y hotel perfectos! pulgar hacia arriba
6749,hermosa experiencia
6750,estancia muy agradable
6752,excepcional
6754,excelente
6755,una gran estancia en una hermosa ciudad
6757,¡Perfecto!
6758,Hotel perfecto para unos días en Valencia en pleno centro.
6759,excepcional
6760,excepcional
6761,fin de semana superior
6762,gran hotel justo en el centro
6763,prima
6764,fantástico
6765,excelente hotel
6766,"hermosas vacaciones, hermoso hotel"
6767,gracias por todo
6768,estancia maravillosa
6769,"Gasta unos euros más pero quédate aquí, no te arrepentirás."
6771,excepcional
6772,¡El mejor hotel en una excelente ubicación! ¡recomendado!
6773,excepcional
6774,excepcional
6775,muy recomendado
6776,excelentes vacaciones
6777,"La mejor ubicación, limpio, amigable."
6778,excepcional
6779,gran hotel justo en el centro
6780,"buena ubicación, hotel limpio."
6781,"excelente ubicación, personal maravilloso, éxito total"
6782,"excelente ubicación, personal maravilloso, éxito total"
6783,excepcional
6784,excepcional
6785,céntrico y conveniente para visitar la ciudad.
6786,excepcional
6787,excepcional
6788,estupendo
6790,Valencia
6791,"Muy buena estadía, segura y excelente ubicación. recomendar"
6792,excelente ubicación. personal atento.
6794,excepcional
6796,"muy agradable, cómodo, acogedor, definitivamente regresaré!"
6797,"Se merece por su ubicación, limpieza y desayuno."
6798,excepcional
6799,excepcional
6800,excepcional
6801,excepcional
6802,excelente experiencia
6803,hotel muy céntrico y cerca del metro y estación
6804,excepcional
6805,fue una excelente experiencia
6810,"Habitación, llamada económica, ¡pero que es perfecta!"
6811,siempre es un placer
6812,"Limpio, agradable y tranquilo con una buena ubicación."
6814,buen hotel cerca del centro de valencia
6817,"Precio-calidad superior, lástima por el ruido."
6818,2 estrellas sobre el papel pero nada que envidiar a un buen 4 estrellas
6819,excepcional
6820,"Muy céntrico, muy limpio, personal acogedor y amable."
6822,soñar sobre los tejados de Valencia
6823,excepcional
6824,un lugar ideal para coger fuerzas y poder soportar el invierno letón.
6827,excepcional
6828,excepcional
6829,estilo y centralidad
6830,excepcional
6831,excelente ubicación y bonita habitación
6832,Hermoso
6833,hotel increíble
6835,excepcional
6836,una agradable estancia
6837,"Gran estancia y ciudad, muy recomendable!!"
6839,Buen hotel en una ubicación central cerca de la estación de tren.
6840,fenomenal
6842,todo perfecto
6844,Hotel muy bonito en una ubicación perfecta.
6845,todo perfecto
6846,excepcional
6847,Hotel super bonito en el corazón de Valencia!!
6848,perfecto para un viaje a la hermosa ciudad de Valencia
6849,excepcional
6850,muy bien
6851,"Inolvidable, fantástico, un hotel de ensueño."
6852,excepcional
6854,simplemente un gran hotel!
6855,excepcional
6856,estancia agradable
6857,excepcional
6858,excelente ubicación
6860,Precioso hotel para pasar unos días en Valencia.
6861,excepcional
6862,"que ciudad tan hermosa, definitivamente regresaremos"
6865,muy céntrico!
6866,Hermosa vista a la plaza.
6867,¡El mejor hotel para un viaje a la ciudad!
6868,excepcional
6869,excepcional
6870,muy buena solucion
6872,vida en la ciudad española
6873,¡súper!
6874,4 días en el paraíso
6875,excepcional
6876,perfecto para nuestra estancia
6877,Ubicación excepcional en un hotel de lujo. Perfecto
6878,excepcional
6879,excepcional
6881,excepcional
6882,excepcional
6883,hotel céntrico - ideal para un viaje a la ciudad
6884,"Precioso hotel justo en el centro, cerca de los principales lugares de interés y cerca del metro, estaciones y autobuses."
6885,satisfactorio
6886,"Habitación fabulosa en una excelente ubicación, literalmente en el centro de Valencia, a pesar de estas habitaciones tranquilas."
6888,excepcional
6889,Ubicación perfecta para todo lo que se puede hacer para experimentar una ciudad muy hermosa.
6891,excepcional
6892,Excelente ubicación en valencia
6893,"Excelente hotel, limpio y personal muy amable. Está situado en una posición muy central directamente en la plaza del ayuntamiento."
6894,simplemente preciosa!
6895,valencia para el relax y la cultura
6896,excepcional
6897,hermoso hotel
6898,¡arriba! Volvería y lo recomendaría a todo el mundo.
6899,excepcional
6901,muy recomendable para todos!
6903,excelente hotel
6904,hotel superior!
6906,mejor de lo esperado!!
6907,excepcional
6908,excepcional
6909,posición
6911,volveremos cara sonriente
6912,el personal del hotel es muy amable. las habitaciones muy limpias. el desayuno fue muy variado. Si alguna vez vuelvo lo volveré a elegir.
6913,con mucho gusto otra vez
6915,hotel muy bonito con hermosa ubicación
6916,excepcional
6917,todo perfecto!
6918,vacaciones valencia
6920,Perfecto
6921,Gran hotel en una ubicación privilegiada con buena relación calidad-precio.
6922,excepcional
6924,excepcional
6925,excepcional
6926,muy agradable
6927,"excelente hotel, excelente ubicación!"
6928,excepcional
6929,simplemente genial con hermosos momentos
6930,excepcional
6931,parfait
6932,estancia superior
6933,hotel céntrico.
6934,No puedo esperar a volver
6935,excelente elección
6937,súper peaje
6938,Óptimo
6940,excepcional
6941,No puedo esperar a volver
6942,"Tuve unas buenas vacaciones,"
6943,¡Totalmente bien para visitar la ciudad!
6944,excepcional
6945,hotel superior
6946,bonito hotel céntrico en el centro
6948,muy recomendado
6949,estancia muy agradable
6950,estancia impecable
6951,Fantástica ubicación y gran hotel.
6952,excelente elección
6953,excepcional
6954,excepcional
6955,excepcional
6956,más allá de mis expectativas!
6957,excepcional
6958,"aparte del clima, 2 días de lluvia pero por lo demás muy bonito"
6959,excepcional
6960,¡¡Delicioso!!
6961,excepcional
6962,maravillosas vacaciones turísticas y relajantes basadas en un hotel muy céntrico en una posición estratégica
6963,todo perfecto
6964,en el corazón de la ciudad un hermoso hotel
6965,excepcional
6966,excepcional
6967,5 noches en valencia
6968,Muy recomendable.
6969,"en el centro, servicio de primera"
6970,bonito hotel.
6971,excelente ubicación en solo hotel
6972,¡súper!
6973,excelente
6975,excepcional
6976,que olor!!!
6977,excepcional
6978,buen hotel en una excelente ubicación
6980,gran relación calidad-precio.
6981,Valencia ciudad espléndida y animada. Extremadamente hermosa
6983,2 estrellas...y las demás?!?
6984,"todo perfecto, estructura en una posición muy central, habitación súper limpia, personal muy amable"
6985,"Excelente hotel, ideal para visitar el centro. metro, estación y taxi a sólo unos cientos de metros."
6988,Excelente ubicación en pleno centro de Valencia.
6989,espectacular hotel
6990,excepcional
6992,Está bien
6994,¡gran elección!
6995,excepcional
6996,excepcional
6997,simplemente te sentiste cómodo.
6998,quedarse en valencia
6999,excepcional
7000,fabuloso
7001,Ubicación ideal para visitar la ciudad. en el centro cerca de la parada de autobús y a un paso de la estación. más
7002,excepcional
7003,"La habitación cuádruple premium era muy cómoda, limpia, grande y cómoda. excelente desayuno"
7005,Hotel perfecto para visitar valencia.
7006,gran hotel bien ubicado
7007,precio de baja calidad
7008,excepcional
7010,Perfecto
7011,Perfecto ! para hacerlo de nuevo!
7014,alrededor de valencia
7015,¡recomendado!
7018,"idealmente ubicado, recomendado"
7019,Super estancia y definitivamente vale la pena repetir.
7020,todo fue genial
7021,excepcional!
7022,excepcional
7023,impresionante
7024,excepcional
7026,un viaje al centro de valencia
7027,excepcional
7028,top top pulgar hacia arriba
7029,"Para un hotel urbano, excelente ubicación y buenas instalaciones."
7030,excepcional
7031,arriba
7033,excepcional
7034,excepcional
7035,excelente
7036,Hotel perfecto y ubicación ideal para visitar Valencia.
7037,excepcional
7038,"Ubicación perfecta en el centro, recepción siempre abierta y personal súper servicial."
7039,Hotel súper moderno y céntrico.
7040,"Gran ambiente en la mejor ubicación, perfecto para recuperarse después de un viaje extenuante."
7041,excepcional
7042,bonito hotel
7043,¡Hermoso!
7044,Precioso hotel con una excelente ubicación en el centro de Valencia.
7045,nuestro hotel en valencia
7048,excepcional
7050,excepcional
7051,excepcional
7052,excepcional
7053,todo perfecto
7054,Fue un hotel de escala para nosotros y fue una agradable sorpresa.
7055,excepcional
7056,con mucho gusto otra vez
7057,todo perfecto y más allá de las expectativas
7058,excepcional
7059,excepcional
7060,un gran hotel en una ubicación privilegiada. un delicioso desayuno abundante por poco dinero. nosotros también tuvimos suerte
7061,perfecto
7063,dos estrellas que valen el doble.
7064,excepcional
7065,La estancia fue todo lo que esperaba.
7067,Definitivamente me quedaría aquí de nuevo
7068,excepcional
7069,muy buen hotel para recomendar
7070,excepcional
7071,gran hotel en una ubicación perfecta.
7072,"Buen hotel, especialmente por el precio."
7073,excepcional
7074,excepcional
7076,excelente ubicación para visitar valencia
7077,aconsejado
7078,excepcional
7079,más allá de las expectativas
7080,excelente ubicación
7082,Excelente elección en una ciudad sorprendente.
7083,súper hotel
7084,¡Fantástico!
7085,vale la pena repetirlo.
7086,"fue una excelente ubicación y un personal amable. La habitación era un poco pequeña, pero estaba bien y muy limpia."
7087,ubicación perfecta
7088,base perfecta para descubrir Valencia. Gran hotel con buen desayuno.
7089,Fantástico
7090,gran estancia!
7091,excepcional
7092,estancia maravillosa!
7095,"En general una experiencia positiva, volvería."
7096,"¡Ubicación para recordar, vacaciones para repetir!"
7097,Maravilloso
7098,estancia maravillosa!
7100,muy bien.
7102,excepcional
7103,hermoso hotel en el centro antiguo
7104,agradable y reconfortante.
7106,ubicación perfecta
7108,¡Me encantó!
7109,perfecto
7110,nos lo pasamos genial
7112,súper ubicación
7113,Largo fin de semana valencia.
7114,fantástica ubicación
7115,¡Bien!
7116,excepcional
7117,¡¡excelente!!
7119,excepcional
7120,excepcional
7121,yo volveria
7124,excepcional
7125,¡Vale la pena volver!
7126,¡arriba!
7127,"gran hotel limpio, todo fue genial"
7129,excepcional
7130,excelente relación calidad-precio
7131,"Definitivamente vale la pena repetirlo, quiero volver allí."
7133,bonito lugar en la plaza
7135,excepcional
7136,excepcional
7137,excepcional
7139,excepcional
7140,"excelente experiencia, recomendado"
7142,"Nos lo pasamos genial, muy recomendable!"
7144,Fantástico
7145,El Hotel Venecia Centro tiene una ubicación óptima y es muy recomendable.
7146,el dulce cumpleaños de mi papá
7149,vale la pena repetir
7150,encantador hotel en una ubicación privilegiada
7151,excepcional
7152,simplemente fantástico
7153,gran hotel en el centro
7155,excelente
7156,muy hermoso y bueno
7158,"muy agradable y acogedor, super recomendado"
7160,excelente ubicación y alojamiento
7163,Tuve una estancia súper agradable y cómoda.
7165,excepcional
7167,"excelente ubicación, muy bien mantenido y limpio"
7168,Ubicación y calidad al máximo.
7169,recomendado para un viaje a la ciudad!
7171,estancia fabulosa
7172,excepcional
7173,y una estructura recomendable por su buena relación calidad-precio.
7174,Valencia es hermosa y definitivamente vale la pena un viaje.
7175,"central, muy limpio, buena relación precio-rendimiento"
7176,excepcional
7177,Fantástico
7179,excepcional
7180,"Nos lo pasamos muy bien, el personal súper servicial y la ubicación no podría ser mejor. en la habitación no m"
7181,Hotel definitivamente subestimado con estrellas.
7184,excepcional
7185,excepcional
7186,¡¡¡Una necesidad absoluta en todos los sentidos!!!
7188,excepcional
7189,excepcional
7190,fantástico
7191,arriba
7192,excepcional
7194,excelente estancia. Lo recomiendo y volvería.
7195,lugar maravillosamente agradable.
7196,excelente estructura
7198,excelentes vacaciones
7200,excepcional
7201,estupenda ubicación - hotel encantador.
7202,excepcional
7205,hotel ideal para un viaje a la ciudad de Valencia
7207,Precioso hotel limpio en una excelente ubicación.
7208,"ubicación, vista y habitación superior!"
7209,maravillosa estancia en un hermoso hotel. ubicación perfecta
7211,genial para un fin de semana!
7214,vacaciones perfectas...yo diría magníficas
7215,una palabra excepcional
7216,¡Una estancia maravillosa y bien cuidada!
7217,excepcional
7218,súper
7220,excepcional
7221,excepcional
7222,
7223,excepcional
7224,excepcional
7226,excepcional
7227,hotel muy bonito y agradable
7228,excepcional
7229,gran estancia en valencia
7230,lo pasé muy bien
7231,ir arriba
7232,Muy buena ubicación y comodidad.
7233,¡Una estancia estupenda en una Valencia muy bonita!
7234,Tuvimos una estancia muy agradable y volveríamos a reservar en cualquier momento.
7236,excepcional
7237,excelente
7238,Hotel atractivo en una ubicación muy central.
7239,Delicioso
7240,excepcional
7242,prima
7243,excelente ubicación excepcional
7244,¡excelente!
7245,Cumple con las expectativas y tiene un refrigerio para quienes viajan temprano.
7246,excepcional
7247,una excelente opción para una estancia en valencia
7248,súper acogedor...excelente ubicación!
7249,"Tuvimos una estancia maravillosa en este hotel. en el corazón del centro, personal amable y la habitación y toda la casa."
7250,buena estancia
7252,¡arriba!
7253,excepcional
7256,"Excelente ubicación, merece más de 2."
7258,excelente ubicación
7260,"habitación con balcón, vista inolvidable y ubicación en la plaza central de Valencia"
7261,hermoso hotel y habitación en una ubicación muy agradable
7262,¡excelente!
7263,excelente ubicación en una gran ciudad
7264,excepcional
7265,excepcional
7267,"Bonito hotel en el centro, muy recomendable."
7269,Está bien
7271,excepcional
7272,"Tuve un gran fin de semana, ¡realmente lo disfruté!"
7273,muy centrico
7274,buena relación calidad-precio
7275,excepcional
7276,"Muy bien, volveremos con mucho gusto."
7277,Instalaciones y ubicación que le permitirán aprovechar al máximo su viaje.
7278,excepcional
7279,estancia perfecta! volver a hacerlo pero sin desayunar.
7280,Delicioso
7281,hermoso y lujoso hotel en una ubicación privilegiada
7282,excelente
7283,"Nos alojamos 3 noches para unas vacaciones cortas, la ubicación es conveniente y la estructura es muy hermosa. prácticas burocráticas"
7287,Hotel confortable con una ubicación excepcional en el que te sentirás bien acogido.
7288,excepcional
7290,elección perfecta!
7292,"Personal muy amable, ubicación perfecta y habitaciones limpias y bonitas."
7293,estancia agradable y recomendable
7294,¿Qué más quieres?
7301,¡¡¡maravilloso!!!
7302,Era comodo y limpio
7303,ser
7305,"ciudad espectacular, ubicación espectacular"
7306,experiencia superior! para ser rehecho
7307,"hotel idealmente situado, personal muy agradable, muy buena relación calidad-precio"
7308,excepcional
7309,Delicioso
7312,las habitaciones están limpias. y la calidad precio es muy buena
7315,excepcional
7318,todo perfecto
7321,"Hermoso hotel tanto interna como externamente, ubicación perfecta."
7325,"Por lo demás todo estuvo bien, es una pena que nos hubieran dado una habitación mejor."
7328,excelente ubicación. hermosas habitaciones
7331,Nochevieja en Valencia
7332,en una próxima reserva; ¡Baño con ducha de verdad!
7335,vale la pena repetir!
7338,excepcional
7339,todo hermoso
7340,agradable y agradable acogedor
7341,satisfecho
7343,Muy buen hotel y perfectamente situado.
7345,Buen hotel para visitar Valencia.
7348,excelente ubicación definitivamente recomendada
7350,perfecto
7351,"hermoso, cómodo y acogedor"
7352,excepcional
7355,maravilloso
7356,"hotel en la plaza principal, limpio, excelente desayuno. absolutamente recomendado"
7358,con mucho gusto otra vez
7364,¡Buen precio y ciertamente vale una estrella extra!
7365,"Buen hotel, no una bonita habitación."
7366,prima !
7367,"Superó las expectativas, ¡volvería a ser feliz en cualquier momento!"
7368,prima
7369,¡Una ciudad esperando ser descubierta!
7370,"Lugar muy bien ubicado, práctico y limpio."
7372,agradable y satisfactorio
7373,Alojamiento en hotel recomendado.
7376,gran hotel en el corazón de valencia
7378,Bonito hotel en el centro de la ciudad.
7381,"En resumen, todo fue genial."
7382,Todo bien. La ubicación del hotel era perfecta para visitar la ciudad.
7383,Hermoso
7384,una excelente elección
7386,Excelente ubicación en el centro de Valencia.
7387,"Todo fue perfecto, ubicación, personal, desayuno, un poco menos la habitación ya que era interna y pequeña."
7388,"Hotel muy bonito, base ideal para explorar la ciudad."
7390,excelente estancia
7391,excepcional
7393,excepcional
7394,Excelente ubica. bueno pa. amabilidad del personal.
7395,excepcional
7396,Disfrutamos de la ubicación y del personal amable.
7397,fueron unas vacaciones maravillosas
7400,"Muy bonito, con un pequeño margen de mejora."
7401,"Estaba en un lugar agradable en términos de ubicación, estaba limpio, pero el aislamiento acústico era malo y las habitaciones eran muy pequeñas, especialmente el inodoro y el baño tenían sobrepeso."
7402,hermoso hotel en una ubicación privilegiada!
7405,¡Lo pasamos muy bien aquí!
7407,en el corazón de valencia
7408,que pena lo de la habitación
7410,excepcional
7412,excelentes vacaciones en un hermoso hotel
7413,atropello y fuga en valencia
7414,gran hotel para un viaje corto a la ciudad
7415,"Buen hotel, excelente ubicación y buen desayuno."
7418,vives aquí por la ubicación
7419,excelente ubicación
7421,ubicación del hotel
7425,hotel ideal para visitar valencia!
7427,Gran hotel en el mejor lugar de Valencia.
7428,volvería en cualquier momento.
7429,
7431,corta estancia en valencia!
7433,maravillosa estancia en el corazón de la ciudad en un hotel con una buena relación calidad-precio
7434,muy buen recuerdo
7439,ubicación perfecta
7441,perfecto
7443,"Lo pasé fantástico, tuve una actualización de la habitación. personal amable, buen desayuno"
7444,Volveríamos a reservar este hotel.
7445,perfecto para una estancia relajada en la ciudad
7447,¡arriba! todo bien.
7448,"muy céntrico, moderno y limpio."
7449,bene
7451,Precioso hotel en el centro histórico de Valencia.
7452,buenas vacaciones
7453,un dos estrellas vestido de tres.
7454,excepcional
7455,¡la vista era fantástica! excelente ubicación y cálida bienvenida
7456,hotel perfecto para explorar la ciudad
7457,bonito hotel en excelente ubicación
7459,comodidad y hospitalidad
7460,un Valencia entre semana con mi hija
7461,"Nos lo pasamos bien, volvería."
7463,"Ubicación perfecta, personal agradable y buenas instalaciones."
7466,muy bien.
7467,una gran estancia. Es una pena lo de esos turistas ruidosos.
7469,Esta es nuestra segunda vez aquí y todo está bien.
7471,"excelente ubicación, muy buena relación precio-rendimiento"
7472,Recomendado para un viaje a la ciudad de Valencia.
7473,"excelente estancia en valencia, espléndida"
7475,"el hotel está situado en un lugar muy céntrico de valencia, muy buen desayuno, ¡no tengáis miedo del 2 estrellas!"
7476,excelente hotel en el centro de valencia
7477,Muy buen hotel con buena ubicación. personal amable y servicial
7478,recomendar
7479,muy agradable
7480,hotel muy agradable en el centro de la ciudad
7481,comodidad
7485,excepcional
7489,buena relación calidad-precio
7490,gran estancia
7491,ver la mascletà desde el balcón...
7495,Ubicación perfecta. excelente relación calidad-precio
7496,excepcional
7497,Buenos hoteles y muy bien ubicados. perfecto para un viaje a la ciudad
7499,"excelente, recomendado"
7500,vacaciones en la ciudad
7502,Comodidad y practicidad en el corazón de Valencia.
7505,"Excelente ubicación, ¡vale la pena repetir!"
7506,"es un hotel en el centro con una excelente relación calidad-precio, no le falta de nada"
7507,comodidad
7508,"Excelente ubicación, personal amable, tranquilo con todo lo necesario para una estancia relajante."
7509,fantástico
7510,excepcional
7511,Lo pasé muy bien.
7513,"buen hotel, buena ubicación."
7514,estancia agradable hotel muy bien ubicado
7515,", !"
7516,excepcional
7517,No podríamos haber tenido un hotel mejor por este precio.
7518,Buena solución en el centro.
7519,"excelente ubicación conveniente para llegar a todo, habitaciones estándar simples pero limpias, pero también tienen otras mejores. g personal"
7520,buena decisión para hacer turismo
7523,todo esta bien
7526,"Ubicación perfecta, edificio histórico y muy bonito."
7527,un fin de semana muy agradable en un hotel muy bien ubicado para actividades culturales y entretenimiento
7528,ideal para viajes a la ciudad
7530,ubicación muy central
7532,una visita muy exitosa y agradable y la ubicación del hotel fue la mejor posible
7533,excepcional
7534,súper
7535,excelente ubicación
7536,descanso agradable
7537,Excelente hotel en una ubicación hermosa pero sobre todo central en Valencia.
7538,volveré a este hotel
7540,"Bonito hotel en el centro, habitación un poco pequeña."
7541,excepcional
7545,Excelente solución para unas vacaciones en Valencia.
7547,"Me gustó mucho, la próxima vez preferiría una habitación con vista a la ventana."
7550,¡la mejor ubicación posible en el centro de Valencia!
7551,ideal para un viaje a la ciudad de Valencia.
7552,"estancia estupenda, gente agradable, personal amable y sencillo."
7553,buen hotel con ubicación perfecta
7556,muy recomendable!!!
7558,"excelente, el mejor hotel en valencia"
7560,excepcional
7561,ir arriba
7562,excelente ubicación y servicio de equipaje
7565,Buen hotel a precios justos en una ubicación de ensueño absoluta.
7566,súper
7567,parfait pulgar hacia arriba
7568,hotel muy agradable en el corazón del centro de la ciudad
7569,"hermosa ciudad, hotel en el centro"
7570,¡adorno!
7573,buen viaje a la ciudad
7575,Bonito hotel para una estancia maravillosa en Valencia.
7576,"Ubicación perfecta en el centro, personal agradable y habitaciones bonitas, ¡absolutamente recomendado!"
7579,2 dagen valencia
7580,excelente hotel
7581,"Fantástica vista, precio calidad es superior."
7582,¡aconsejado!
7583,¡Este hotel está en una ubicación muy buena para descubrir Valencia!
7585,buen hotel en una buena ubicación
7586,un hotel que vale la pena considerar pulgar hacia arriba
7587,la ubicación es genial
7589,"Lo recomiendo mucho, especialmente en familia, fue realmente una gran sorpresa."
7591,buena elección - para un viaje a la ciudad
7593,encantador hotel en una buena ubicación
7594,corto pero bonito
7600,Precio razonable para el centro de Valencia.
7601,Cuando reservé no vi las dos estrellas. ¿Me pregunto por qué? y absolutamente en una categoría superior
7603,buen hotel en el centro!
7604,excepcional
7606,calidad precio excelente.
7607,ideal para descubrir valencia
7608,¡Feliz de volver en su próxima visita!
7610,"Bonito hotel, justo en el centro!"
7612,estancia agradable
7615,"Definitivamente no es un hostal, pero sí un buen hotel."
7618,vale la pena repetir!
7619,excelente
7623,Ubicación privilegiada a un precio razonable.
7625,"La ubicación y la habitación eran fantásticas, comodidad y limpieza presentes. Yo diría que siempre será nuestro hotel en Valèn."
7627,La ubicación y la amabilidad son muy agradables.
7629,adecuado para familias con niños
7631,el mejor hotel para un viaje a la ciudad
7635,Nos gustó mucho y podemos recomendar el alojamiento.
7636,habitación con vista
7637,excelente hotel en una ubicación privilegiada
7638,"lugar agradable y tranquilo cerca del centro,"
7640,Bonito hotel en una excelente ubicación.
7641,buen hotel en una ubicación privilegiada
7642,gran hotel en muy buena ubicación manos aplaudendo
7643,valencia es muy bonita
7645,excelente
7646,Excelente hotel para un viaje a Valencia.
7647,siempre es un placer!
7648,muy agradable.
7650,fin de semana valencia
7651,un hotel confortable con una ubicación perfecta para visitar Valencia.
7656,súper
7657,buen hotel en una ubicación privilegiada
7658,Pasamos días maravillosos en este hotel.
7659,Precioso hotel con una bonita ubicación central.
7660,Altamente recomendado para un viaje a la ciudad.
7661,sombrero de copa
7663,perfecto en todo.
7665,parte superior del emplazamiento
7666,este hotel es muy recomendable
7667,"una ciudad limpia, transporte público, el metro desde y hacia el aeropuerto, todo perfecto"
7668,una agradable sorpresa
7673,encuentra el perfecto
7676,Buen hotel en Ben Situat.
7677,Recomendado sin lugar a dudas.
7678,fantásticas vacaciones.
7679,bonito hotel de 2 estrellas
7681,práctico.
7682,Excelente solución para visitar Valencia.
7683,Disfruté de la ubicación central del hotel y del personal amable y servicial.
7684,hermoso hotel en una ubicación perfecta.
7685,hotel en una muy buena ubicación para explorar la hermosa ciudad
7686,prima!
7690,todo esta bien
7692,La habitación la limpiaban muy bien todos los días.
7693,Con mucho gusto otra vez pero ya no en el primer piso.
7694,reserva una habitación en la parte delantera y disfruta!
7696,Óptimo
7697,Buena ubicación para explorar la ciudad desde este hotel.
7698,"Excelente elección, personal amable, desayuno abundante y de calidad."
7699,"Mi novio y yo nos alojamos 3 noches en esta propiedad, el personal nos pareció muy amable y conocedor."
7700,divertido y sorprendente
7701,excepcional
7702,excepcional
7703,muy recomendado
7704,excelente estancia
7706,estancia agradable
7707,absolutamente recomendable
7708,"Todo bien, genial para una estancia corta y excelente ubicación."
7709,excelente ubicación y muy buen desayuno!
7710,burbuja de oxígeno española
7711,fue súper
7712,"Estructura con una ubicación estratégica, en pleno centro de Valencia. Éramos dos adultos y dos niños."
7714,estancia agradable en el centro de valencia
7718,¡aconsejado! ¡Realmente no parece un dos estrellas!
7720,excepcional
7724,hotel perfecto para hacer turismo
7727,Excelente ubica.
7728,super pulgar hacia arriba
7729,Si volviera a Valencia no elegiría otro hotel.
7730,emplazamiento ideal
7731,buen hotel en una ubicación central
7734,Estancia inolvidable en este hotel... ¡Valencia una ciudad magnífica!
7735,genial para descubrir valencia.
7737,hotel limpio y céntrico
7738,excepcional
7741,Vale la pena repetirlo como la última vez.
7743,No podría ser más céntrico.
7744,excepcional
7746,"Todo perfecto, muy bueno como hotel."
7747,prima
7748,absolutamente bien
7749,excelente
7751,marca superior
7755,título superior en la mejor ubicación
7756,"Fantástica ubicación, habitación con vistas a la plaza."
7758,"Muy céntrico, instalaciones óptimas en las habitaciones, personal muy amable."
7759,súper
7760,súper
7761,el mejor alojamiento para un fin de semana en valencia
7762,Muy buen hotel para un viaje corto a la ciudad.
7763,¡maravilloso!
7764,Recomiendo esta ciudad a aquellos que aún no han estado allí. hermosa y de tamaño humano
7765,"gran hotel urbano, ubicación óptima"
7770,hotel céntrico en valencia
7773,¡estupendo!
7776,cómodo y conveniente
7777,perfecto para unas noches en la hermosa Valencia
7778,super central para turismo slow
7779,estancia agradable. servicio de calidad. Idealmente situado para visitar la antigua Valencia.
7780,Buen hotel en el centro de la ciudad de Valencia.
7782,maravillosa estancia de una noche en una ciudad fantástica
7785,excelente ubicación
7786,¡Realmente disfrutamos del alojamiento y lo recomendamos absolutamente!
7789,"excelente desayuno, excelente ubicación y excelente habitación."
7795,excepcional
7796,Se recomienda el hotel.
7799,¡muy lindo!
7801,muy bien
7802,muy bueno para explorar la ciudad
7804,cititrip valencia
7805,Excelente ubicación en el corazón de Valencia.
7807,"Muy bueno, recomendado nuevamente. ubicación central, todo a poca distancia"
7809,gran estancia en el centro de la ciudad
7814,simplemente genial!
7818,prima ligging
7819,perfecto para un viaje a la ciudad
7821,Hotel muy bien ubicado y agradable en una hermosa ciudad.
7822,valencia hermosa
7823,el mejor compromiso que encontramos por estar en el centro a un precio asequible
7827,fin de semana perfecto
7828,excelente hotel y excelente ubicación
7838,excepcional
7839,perfecto para una estancia en valencia
7840,excepcional
7841,hotel directamente en la ciudad. buena ubicación.
7843,buena relación calidad-precio
7845,buen descubrimiento
7846,excepcional
7848,5 días en valencia
7849,Pasamos unos días agradables con 6 amigos en un hotel excelente.
7850,Ubicación excepcional en Piazza Municipio y a pocos pasos de Piazza della Regina y della Vergine.
7852,muy buen hotel para visitar valencia
7854,Bonita ubicación central en un edificio elegante.
7856,agradable en la ciudad
7857,Excelente hotel pero habitación muy pequeña.
7858,"Buen lugar, precio un poco alto."
7859,fantástico para un viaje a la ciudad
7860,excepcional
7861,Delicioso
7865,muy recomendado
7866,"ubicación perfecta, buen hotel"
7868,"Buena ubicación, pero tenga cuidado con la elección de su habitación."
7871,excelente ubicación
7873,En Valencia vas a Venezia Plaza Centro
7874,buena ubicación pero habitación pequeña
7875,bonito hotel céntrico
7883,estancia agradable.
7884,OK
7885,recomendado.
7886,", , ,"
7887,"Excelente ubicación, habitación un poco pequeña para una estancia más larga, bien para 2 o 3 noches."
7888,definitivamente vale la pena regresar
7895,razonable
7896,excelente ubicación en el centro de la ciudad
7898,¡arriba!
7899,excepcional
7900,3 días en valencia
7903,BIEN
7904,BIEN
7905,BIEN
7906,maravilloso
7907,BIEN
7908,el personal de recepción que necesita ser cambiado arruina absolutamente la percepción que uno tiene del hotel
7909,BIEN
7910,campana alnwrgomper estancia en el centro
7911,aceptable
7913,BIEN
7914,Hermoso
7915,hotel muy bien ubicado pero con algunos inconvenientes
7917,BIEN
7919,Ubicación ideal en el centro de Valencia.
7920,BIEN
7921,Habíamos preguntado si podíamos reservar una habitación adicional para el último día para poder ducharnos para nuestro vuelo nocturno.
7922,hotel limpio directamente en el centro
7923,excelente ubicación en el centro. Valencia es genial y el personal muy amable.
7924,hotel muy bien situado pero muy decepcionado por la habitación: ventana que da a una pared y un fuerte olor a humedad en el
7925,"Excepto por la ventana que faltaba, ¡todo estuvo genial!"
7927,no vale la pena los altos precios
7928,BIEN
7929,BIEN
7930,"En general bien, pero es necesario revisar el aire acondicionado."
7931,BIEN
7932,"Se salvó por la ubicación pero la habitación es estrecha, incómoda para dos personas."
7933,expectativas cumplidas
7934,BIEN
7935,BIEN
7936,¡No volveremos a reservar este hotel en nuestro próximo viaje a Valencia!
7937,BIEN
7938,excelente estancia
7939,"La estancia en sí fue buena, pero el precio es demasiado alto."
7940,muy bonito hotel en el centro
7941,Bonito hotel en el centro del casco antiguo.
7943,cómodo
7944,Ubicación perfecta y limpia!
7945,"muy hermosa ciudad, agradable"
7946,BIEN
7947,BIEN
7948,lamentablemente.....
7949,buen hotel céntrico para una estancia temporal
7950,muy buen hotel
7951,¡Gran estancia en el corazón de Valencia!
7952,BIEN
7953,pésimo
7954,BIEN
7955,BIEN
7956,Bien
7957,BIEN
7958,"Excelente ubicación, pero hay hoteles más baratos en el mismo lugar."
7959,súper divertido
7960,BIEN
7962,"buena ubicación, pero ruidosa."
7963,agradable
7964,PROMEDIO
7966,
7967,BIEN
7968,BIEN
7969,experiencia positiva
7970,Está bien para un fin de semana en Valencia.
7972,cómoda habitación en pleno consumo de valència
7973,Bonito hotel pero mala insonorización entre habitaciones.
7974,más o menos
7975,estancia agradable y recomendable.
7976,está bien
7977,buena ubicación perfecta
7979,prima
7980,BIEN
7981,BIEN
7982,hotel funcional bien ubicado
7983,BIEN
7984,la ubicación es genial.
7986,"En general, una estancia de razonable a buena."
7987,"La excelente ubicación, pero la habitación sin ventanas genera bastante ansiedad."
7988,BIEN
7989,Buen recorrido por la ciudad gracias a la ubicación.
7990,BIEN
7992,BIEN
7993,BIEN
7994,¡Gran hotel en una excelente ubicación en Valencia!
7995,BIEN
7996,aceptable
7997,BIEN
7998,BIEN
7999,"Hotel muy limpio, excelente ubicación, recomendado para un viaje a la ciudad."
8000,"Habitaciones buenas, ubicación muy buena."
8001,Bonito hotel céntrico con un servicio amable y habitaciones amplias y limpias.
8002,Muy decepcionado por la ausencia de desayuno en el hotel.
8003,maravilloso con pequeños inconvenientes
8004,No volveremos y ya no pasaremos por la reserva.
8005,BIEN
8006,"Alojamiento funcional, limpio y agradable."
8007,aceptable
8010,"En general, la estancia fue buena, la ubicación era realmente conveniente."
8011,mal
8012,BIEN
8013,buena ubicación en la ciudad
8014,"hermosa ciudad, mala habitación"
8015,BIEN
8016,Cochmard realmente desaconsejó
8017,"Fantástica ubicación, pero ruidosa."
8018,Ubicación del hotel para explorar Valencia.
8019,bien por una noche
8020,BIEN
8021,"Recomendado para un recorrido por la ciudad, excelente ubicación."
8022,aceptable
8023,BIEN
8024,gran relación calidad-precio
8026,ubicación privilegiada
8027,"Fue genial, gente amable, estancia cómoda y ubicación perfecta."
8028,ubicación superior
8030,BIEN
8032,Desastre por 200 euros. ¡Para mí un fraude!
8033,contento pero se puede mejorar
8034,Intenté estar lo menos posible en mi habitación que no tenía ventana.
8035,excelente ubicación y desayuno habitación pequeña y oscura
8036,BIEN
8038,arriba por la habitación y la bienvenida de la recepcionista.
8039,valencia 2025
8041,mal
8042,"Buen lugar, muy ruidoso."
8043,"Decepcionante, no respetan la privacidad y es demasiado ruidoso."
8045,quisiera pero no puedo
8046,BIEN
8047,malo
8049,BIEN
8051,"Normalmente, este parece un gran lugar para quedarse, siempre y cuando no haya mantenimiento."
8052,Ubicación central pero ten cuidado con el tipo de habitación.
8053,BIEN
8054,ubicación central
8055,Disfruté de la hermosa y acogedora Valencia.
8056,Esperaba más de la habitación en cuanto a tamaño.
8057,PROMEDIO
8058,.              150
8060,aceptable
8061,"Excelente ubicación, limpio, personal agradable, pero claustrofóbico en la habitación económica."
8062,"Gran lugar, pero nada especial."
8063,El hotel está situado justo en el centro. ubicación genial!
8064,agradable
8065,prima
8066,BIEN
8067,BIEN
8068,"ubicación perfecta, precio-rendimiento bien"
8069,BIEN
8070,BIEN
8071,BIEN
8072,BIEN
8074,La relación precio-rendimiento no es buena
8075,"Buen hotel, la calidad de tu estancia depende de ti!!"
8076,BIEN
8077,"excelente ubicación, elija habitación con vista a la plaza"
8078,mal
8079,BIEN
8080,aceptable
8081,aceptable
8082,aceptable
8083,valencia top
8084,aceptable
8087,pésimo
8088,excepcional
8089,arriba
8090,tuvimos dias maravillosos
8091,muy recomendado
8092,excelente ubicación. ideal para explorar Valencia.
8093,¡la ubicación es el punto fuerte!
8094,mi estancia fue realmente fantástica
8096,Ubicación y vista impresionante. bonita decoración
8097,bien ubicado y hermoso!
8098,excelente ubicación
8099,Bien
8100,fue realmente fantástico
8106,excepcional
8110,excepcional
8111,excepcional
8112,excepcional
8113,excepcional
8114,excepcional
8115,excepcional
8117,excepcional
8121,excepcional
8123,excepcional
8125,excepcional
8127,excepcional
8128,excepcional
8130,excepcional
8131,excepcional
8133,excepcional
8134,excepcional
8135,excepcional
8137,excepcional
8139,excepcional
8142,excepcional
8143,excepcional
8147,excepcional
8148,excepcional
8150,excepcional
8151,excepcional
8152,excepcional
8154,excepcional
8156,excepcional
8157,excepcional
8164,excepcional
8165,excepcional
8166,excepcional
8167,excepcional
8168,excepcional
8169,excepcional
8171,excepcional
8172,excepcional
8173,excepcional
8174,excepcional
8175,excepcional
8177,excepcional
8178,excepcional
8179,excepcional
8180,excepcional
8182,excepcional
8183,excepcional
8185,genial
8186,excepcional
8187,excepcional
8188,excepcional
8189,excepcional
8190,excepcional
8191,excepcional
8193,excepcional
8196,excepcional
8197,excepcional
8205,excepcional
8207,excepcional
8208,excepcional
8210,excepcional
8211,excepcional
8212,excepcional
8214,excepcional
8215,excepcional
8216,excepcional
8221,excepcional
8222,excepcional
8225,excepcional
8226,excepcional
8227,excepcional
8228,excepcional
8232,excepcional
8235,excepcional
8237,excepcional
8238,excepcional
8239,excepcional
8240,excepcional
8245,excepcional
8246,excepcional
8247,excepcional
8250,excepcional
8251,excepcional
8254,excepcional
8255,excepcional
8256,excepcional
8259,excepcional
8260,excepcional
8263,excepcional
8264,excepcional
8267,excepcional
8269,excepcional
8270,excepcional
8273,excepcional
8276,excepcional
8279,excepcional
8281,excepcional
8283,excepcional
8284,excepcional
8285,excepcional
8287,excepcional
8288,excepcional
8291,excepcional
8293,excepcional
8294,excepcional
8295,excepcional
8297,excepcional
8298,excepcional
8299,excepcional
8301,excepcional
8302,excepcional
8307,excepcional
8308,excepcional
8309,excepcional
8311,excepcional
8312,excepcional
8313,excepcional
8315,excepcional
8316,excepcional
8317,excepcional
8318,excepcional
8320,excepcional
8323,excepcional
8324,excepcional
8326,excepcional
8327,excepcional
8328,excepcional
8332,excepcional
8333,excepcional
8334,excepcional
8338,excepcional
8339,excepcional
8341,excepcional
8344,excepcional
8346,excepcional
8347,excepcional
8348,excepcional
8351,excepcional
8353,excepcional
8354,excepcional
8355,excepcional
8356,excepcional
8360,perfecto
8361,excepcional
8362,excepcional
8363,excepcional
8365,excepcional
8367,excepcional
8370,excepcional
8371,excepcional
8374,excepcional
8375,excepcional
8377,excepcional
8378,excepcional
8380,excepcional
8381,excepcional
8383,excepcional
8384,excepcional
8385,excepcional
8386,excepcional
8389,excepcional
8391,excelente
8392,¡excelente!
8393,excepcional
8394,excepcional
8397,excepcional
8399,excepcional
8401,excepcional
8403,excepcional
8405,excepcional
8406,excepcional
8407,excepcional
8408,excepcional
8412,excepcional
8414,excelente
8415,excepcional
8416,excepcional
8419,excepcional
8420,excepcional
8421,excepcional
8422,excepcional
8424,excepcional
8426,excepcional
8429,excepcional
8430,excepcional
8431,excepcional
8432,excepcional
8438,excepcional
8439,excepcional
8444,excepcional
8445,excepcional
8446,excepcional
8450,excepcional
8451,excepcional
8452,excepcional
8455,excepcional
8458,excepcional
8461,excepcional
8464,excepcional
8466,excepcional
8468,excepcional
8470,excepcional
8471,excepcional
8473,excepcional
8474,excepcional
8475,excepcional
8477,excepcional
8478,excepcional
8479,excepcional
8481,excepcional
8482,excepcional
8484,excepcional
8485,excepcional
8486,excepcional
8488,excepcional
8489,excepcional
8490,excepcional
8491,excepcional
8496,excepcional
8498,genial
8500,excepcional
8501,excepcional
8502,excepcional
8503,excepcional
8505,excepcional
8506,excepcional
8508,excepcional
8510,excepcional
8511,excepcional
8512,excepcional
8513,excepcional
8515,excepcional
8519,excepcional
8520,excepcional
8521,excepcional
8522,excepcional
8524,excepcional
8525,excepcional
8526,excepcional
8527,excepcional
8528,excepcional
8529,excepcional
8531,excepcional
8532,excepcional
8533,excepcional
8534,excepcional
8535,excepcional
8539,excepcional
8544,excepcional
8545,excepcional
8548,excepcional
8549,excepcional
8550,excepcional
8551,muy bi en
8552,excepcional
8553,excepcional
8556,excepcional
8557,excepcional
8558,excepcional
8559,excepcional
8562,excepcional
8565,excepcional
8566,excepcional
8568,excepcional
8569,excepcional
8570,excepcional
8571,excepcional
8572,excepcional
8573,excepcional
8574,excepcional
8575,excepcional
8578,excepcional
8580,excepcional
8581,excepcional
8582,perfecto
8583,excepcional
8587,excepcional
8588,excepcional
8589,excepcional
8590,excepcional
8594,excepcional
8595,excepcional
8596,excepcional
8598,excepcional
8600,excepcional
8603,excepcional
8626,excepcional
8629,excepcional
8638,excepcional
8654,excepcional
8656,excepcional
8661,excepcional
8680,excepcional
8694,excepcional
8710,excepcional
8715,excepcional
8716,excepcional
8718,excepcional
8724,excepcional
8734,excepcional
8747,excepcional
8757,excepcional
8770,excepcional
8771,excepcional
8787,BIEN
8788,BIEN
8789,BIEN
8790,BIEN
8791,BIEN
8792,BIEN
8793,BIEN
8795,BIEN
8796,BIEN
8797,BIEN
8799,BIEN
8800,BIEN
8801,BIEN
8802,BIEN
8803,aceptable
8804,BIEN
8805,BIEN
8806,BIEN
8807,BIEN
8808,BIEN
8809,BIEN
8810,BIEN
8811,BIEN
8812,aceptable
8813,BIEN
8814,BIEN
8816,BIEN
8817,BIEN
8818,BIEN
8820,BIEN
8821,aceptable
8822,BIEN
8823,aceptable
8824,BIEN
8825,BIEN
8826,BIEN
8827,BIEN
8828,BIEN
8829,BIEN
8830,BIEN
8831,BIEN
8833,BIEN
8835,BIEN
8837,BIEN
8838,aceptable
8841,aceptable
8842,aceptable
8843,BIEN
8844,BIEN
8845,aceptable
8846,pésimo
8848,BIEN
8849,BIEN
8850,BIEN
8851,excepcional
8853,excepcional
8854,excepcional
8857,BIEN
8859,excepcional
8860,excepcional
8862,excepcional
8864,excepcional
8866,excepcional
8867,excepcional
8868,excepcional
8870,excepcional
8871,excepcional
8872,excepcional
8873,excepcional
8874,fantástico
8875,excepcional
8876,excepcional
8879,excepcional
8881,magnífico alojamiento! excelente ubicación y excelente relación calidad-precio!
8882,excepcional
8883,excepcional
8884,excepcional
8885,excepcional
8888,excepcional
8891,excepcional
8892,excepcional
8896,excepcional
8898,excepcional
8899,excepcional
8900,excepcional
8902,excepcional
8905,excepcional
8910,excepcional
8915,excepcional
8916,excepcional
8918,Gran hotel de lujo justo en el corazón de Valencia.
8919,excepcional
8921,excepcional
8922,excepcional
8923,excepcional
8927,excepcional
8928,excepcional
8929,excepcional
8930,excepcional
8931,excepcional
8932,excepcional
8933,excepcional
8935,excepcional
8936,excepcional
8937,¡Todo fue perfecto!
8938,excepcional
8941,excepcional
8942,excepcional
8944,excepcional
8945,excepcional
8947,excepcional
8948,excepcional
8949,excepcional
8950,excepcional
8951,excepcional
8953,excepcional
8955,excepcional
8957,excepcional
8959,excepcional
8960,excepcional
8961,excepcional
8962,excepcional
8964,excepcional
8965,excepcional
8967,excepcional
8969,excepcional
8970,excepcional
8972,excepcional
8976,excepcional
8977,excepcional
8978,excepcional
8979,excepcional
8980,excepcional
8981,excepcional
8982,excepcional
8983,excepcional
8985,excepcional
8986,excepcional
8987,excepcional
8991,excepcional
8993,excepcional
8995,excepcional
8996,excepcional
8998,excepcional
8999,excepcional
9000,Habitación impecablemente limpia y encantadoras instalaciones. El personal es muy amable y no me puedo quejar de su relación calidad-precio. la ubicación es de primera clase
9001,excepcional
9002,excepcional
9005,excepcional
9006,excepcional
9007,excepcional
9009,excepcional
9010,excepcional
9011,excepcional
9013,excepcional
9014,excepcional
9017,excepcional
9018,excepcional
9020,excepcional
9022,excepcional
9023,excepcional
9025,excepcional
9027,excepcional
9028,excepcional
9029,excepcional
9030,excepcional
9032,excepcional
9033,excepcional
9036,excepcional
9037,excepcional
9039,excepcional
9042,excepcional
9043,excepcional
9044,excepcional
9045,excepcional
9046,excepcional
9048,excelente estancia. Me encantó nuestra habitación
9049,excepcional
9050,excepcional
9051,excepcional
9053,excepcional
9054,excepcional
9055,excepcional
9056,excepcional
9057,excepcional
9058,"Fantástica ubicación central, perfecta para explorar una ciudad encantadora."
9059,excepcional
9060,excepcional
9062,excepcional
9068,excepcional
9069,excepcional
9070,excepcional
9071,excepcional
9075,excepcional
9079,excepcional
9082,excepcional
9084,Gran habitación y ubicación y vista perfectas.
9085,excepcional
9086,excepcional
9091,excepcional
9095,excepcional
9100,excepcional
9102,excepcional
9105,excepcional
9107,Excelente ubicación con un personal encantador. muy servicial y alegre
9108,excepcional
9111,excepcional
9112,excepcional
9113,excepcional
9116,excepcional
9118,"Perfecta ubicación, instalaciones y personal."
9119,"fue genial. Calidad increíble, cosas realmente bonitas, ubicación y vista perfectas."
9120,excepcional
9124,excepcional
9125,excepcional
9127,excepcional
9129,excepcional
9130,excepcional
9131,excepcional
9132,excepcional
9136,excepcional
9137,excepcional
9138,excepcional
9141,excepcional
9142,excepcional
9143,excepcional
9144,excepcional
9147,excepcional
9149,excepcional
9151,excepcional
9152,excepcional
9153,"Personal amable, ubicación increíble, habitación cómoda."
9154,excepcional
9155,excepcional
9160,excepcional
9161,excepcional
9163,excepcional
9164,excepcional
9165,excepcional
9166,excepcional
9168,excepcional
9170,excepcional
9171,excepcional
9172,excepcional
9173,excepcional
9175,excepcional
9178,excepcional
9179,excepcional
9187,excepcional
9189,excepcional
9190,excepcional
9191,excepcional
9192,excepcional
9193,excepcional
9195,excepcional
9196,excepcional
9201,excepcional
9203,excepcional
9208,excepcional
9209,excepcional
9210,excepcional
9213,excepcional
9214,excepcional
9215,excepcional
9221,excepcional
9222,excepcional
9223,excepcional
9224,excelente ubicación e impecablemente limpio
9225,excepcional
9226,excepcional
9227,excepcional
9228,excepcional
9230,excepcional
9233,Ubicación perfecta.
9234,excepcional
9237,excepcional
9238,excepcional
9240,excepcional
9242,excepcional
9246,excepcional
9248,un lugar tan hermoso y central
9251,excepcional
9254,excepcional
9256,excepcional
9257,excepcional
9260,excepcional
9261,excepcional
9263,excepcional
9264,"Ubicación perfecta, muy conveniente para la estación de tren, tiendas, bares, restaurantes, etc."
9266,excepcional
9268,excepcional
9269,excepcional
9270,excepcional
9271,excepcional
9272,excepcional
9277,excepcional
9278,excepcional
9279,excepcional
9283,excepcional
9286,excepcional
9287,excepcional
9288,excepcional
9289,excepcional
9290,excepcional
9291,excepcional
9293,excepcional
9294,excepcional
9296,excepcional
9303,excepcional
9304,excepcional
9305,excepcional
9306,excepcional
9307,"¡Era un hotel muy bonito, personal amable y excelente ubicación! ¡Definitivamente nos hospedaremos aquí nuevamente!"
9309,excepcional
9310,excepcional
9311,excepcional
9313,excepcional
9314,excepcional
9319,excepcional
9324,excepcional
9326,excepcional
9328,excepcional
9330,excepcional
9332,excepcional
9338,excepcional
9339,excepcional
9340,excepcional
9341,excepcional
9342,excepcional
9343,bonito y pequeño hotel justo en la plaza principal
9344,excepcional
9345,excepcional
9348,excepcional
9349,excepcional
9350,excepcional
9352,excepcional
9353,excepcional
9359,excepcional
9361,excepcional
9362,excepcional
9365,excepcional
9366,excepcional
9368,excepcional
9369,excepcional
9370,excepcional
9371,excepcional
9372,excepcional
9376,excepcional
9378,excepcional
9380,excepcional
9381,excepcional
9383,excepcional
9385,excelente ubicación y valor
9391,excepcional
9393,excepcional
9394,excepcional
9395,excepcional
9396,excepcional
9398,excepcional
9399,excepcional
9401,excepcional
9403,excepcional
9404,excepcional
9405,excepcional
9406,excepcional
9408,estancia perfecta!
9412,excepcional
9418,excepcional
9420,excepcional
9423,excepcional
9424,excepcional
9426,excepcional
9427,excepcional
9428,excepcional
9429,excepcional
9431,excepcional
9432,"muy limpio, cómodo y espacioso."
9433,excepcional
9434,excepcional
9438,excepcional
9439,excepcional
9442,excepcional
9443,excepcional
9444,excepcional
9447,excepcional
9448,excepcional
9449,excepcional
9453,excepcional
9454,excepcional
9456,excepcional
9457,excepcional
9460,excepcional
9462,excepcional
9463,excepcional
9464,excepcional
9466,excepcional
9467,excepcional
9470,excepcional
9471,excepcional
9472,excepcional
9473,excepcional
9475,excepcional
9478,excepcional
9479,excepcional
9480,excepcional
9481,excepcional
9484,excepcional
9485,excepcional
9486,excepcional
9487,excepcional
9488,excepcional
9490,excepcional
9491,excepcional
9492,excepcional
9493,excepcional
9495,excepcional
9499,excepcional
9500,"Excelente ubicación, fácil de caminar por el casco antiguo."
9505,excepcional
9506,excepcional
9508,excepcional
9509,excepcional
9512,excepcional
9513,excepcional
9515,excepcional
9518,excepcional
9520,excepcional
9523,excepcional
9525,excepcional
9526,excepcional
9532,excepcional
9535,excepcional
9537,excepcional
9538,excepcional
9539,excepcional
9540,excepcional
9541,excepcional
9542,excepcional
9546,excepcional
9569,Excelente ubicación y cómodas habitaciones con excelente vista.
9589,excepcional
9622,excepcional
9630,excepcional
9634,excepcional
9645,good location pulgar hacia arriba
9669,excepcional
9678,excepcional
9680,excepcional
9683,excepcional
9686,excepcional
9687,excepcional
9690,excepcional
9692,excepcional
9694,excepcional
9695,excepcional
9696,excepcional
9698,excepcional
9699,excepcional
9700,BIEN
9701,BIEN
9702,BIEN
9703,BIEN
9704,BIEN
9705,BIEN
9706,BIEN
9707,BIEN
9708,BIEN
9709,BIEN
9710,BIEN
9711,BIEN
9712,BIEN
9713,BIEN
9714,pésimo
9715,BIEN
9716,BIEN
9717,BIEN
9718,BIEN
9719,BIEN
9720,BIEN
9721,BIEN
9723,aceptable
9727,BIEN
9728,BIEN
9729,BIEN
9730,BIEN
9731,BIEN
9732,BIEN
9734,BIEN
9735,excelente ubicación
9737,BIEN
9738,BIEN
9739,BIEN
9740,BIEN
9741,BIEN
9743,BIEN
9744,BIEN
9745,BIEN
9747,BIEN
9748,muy mal
9749,mal
9750,BIEN
9753,excepcional
9756,excepcional
9757,excepcional
9759,BIEN
9760,excepcional
9764,excepcional
9765,excepcional
9766,excepcional
9767,excepcional
9769,excepcional
9770,excepcional
9772,excepcional
9774,excepcional
9775,excepcional
9777,excepcional
9780,excepcional
9782,excepcional
9785,excepcional
9786,excepcional
9789,excepcional
9792,excepcional
9795,excepcional
9798,excepcional
9799,excepcional
9800,excepcional
9801,excepcional
9802,excepcional
9806,excepcional
9807,excepcional
9808,excepcional
9809,excepcional
9814,excepcional
9816,excepcional
9817,excepcional
9818,excepcional
9819,excepcional
9821,excepcional
9825,excepcional
9826,excepcional
9827,excepcional
9830,excepcional
9831,excepcional
9832,excepcional
9833,excepcional
9835,excepcional
9836,excepcional
9837,excepcional
9840,excepcional
9841,Todo fue perfecto desde la bienvenida hasta la limpieza y la amabilidad del personal. Lo recomiendo.
9843,excepcional
9844,excepcional
9845,excepcional
9846,excepcional
9847,excepcional
9849,excepcional
9851,excepcional
9852,excepcional
9854,excepcional
9856,Mis expectativas fueron superadas. quedé muy satisfecho
9857,excepcional
9859,excepcional
9860,excepcional
9861,excepcional
9863,excepcional
9865,excepcional
9867,excepcional
9868,excepcional
9869,excepcional
9875,excepcional
9877,excepcional
9878,excepcional
9879,excepcional
9880,excepcional
9881,excepcional
9882,excepcional
9883,Precioso hotel justo en el centro de Valencia.
9884,excepcional
9886,excepcional
9888,excepcional
9889,excepcional
9894,excepcional
9898,excepcional
9900,excepcional
9902,excepcional
9903,excepcional
9905,excepcional
9906,excepcional
9907,excepcional
9908,excepcional
9909,excepcional
9912,excepcional
9913,excepcional
9914,excepcional
9915,excepcional
9918,excepcional
9919,excepcional
9920,excepcional
9923,excepcional
9924,excepcional
9925,excepcional
9927,excepcional
9928,excepcional
9931,excepcional
9932,excepcional
9933,excepcional
9934,excepcional
9937,excepcional
9940,excepcional
9941,excepcional
9942,excepcional
9945,excepcional
9946,excepcional
9947,excepcional
9948,excepcional
9949,Excelente limpieza y ubicación.
9950,excepcional
9953,excepcional
9955,excepcional
9956,excepcional
9957,excepcional
9959,excepcional
9960,excepcional
9961,excepcional
9962,excepcional
9964,excepcional
9965,excepcional
9966,excepcional
9971,excepcional
9972,excepcional
9973,excepcional
9974,excepcional
9977,excepcional
9978,realmente todo excelente
9980,"Hotel en el centro histórico, en una posición estratégica. La habitación con terraza es muy cómoda."
9981,excepcional
9985,excepcional
9986,excepcional
9988,excepcional
9989,excepcional
9991,excepcional
9992,excepcional
9993,excepcional
9994,excepcional
9995,excepcional
9996,excepcional
9997,excepcional
9998,excepcional
9999,excepcional
10002,excepcional
10004,excepcional
10006,excepcional
10007,excepcional
10008,súper
10009,excepcional
10011,excepcional
10012,excepcional
10016,excepcional
10019,excepcional
10020,excepcional
10022,excepcional
10023,excepcional
10025,excepcional
10027,"la ubicación es excepcional, así como las vistas y el personal que es muy atento y discreto. desayuno"
10028,excepcional
10030,excepcional
10031,excepcional
10034,excepcional
10035,excepcional
10039,excepcional
10040,excepcional
10042,excepcional
10043,excepcional
10044,excepcional
10045,excepcional
10048,excepcional
10050,excepcional
10052,excepcional
10054,excepcional
10055,excepcional
10056,excepcional
10057,excepcional
10058,excepcional
10060,excepcional
10061,excepcional
10062,excepcional
10064,excepcional
10065,excepcional
10066,excepcional
10068,excepcional
10071,excepcional
10075,excepcional
10076,excepcional
10077,excepcional
10078,excepcional
10079,excepcional
10081,excepcional
10082,excepcional
10083,excepcional
10085,excepcional
10087,excepcional
10088,excepcional
10090,excepcional
10091,excepcional
10095,excepcional
10099,excepcional
10101,"Excelente ubicación, personal muy limpio y acogedor. muy recomendado"
10104,excepcional
10108,excepcional
10109,excepcional
10110,excepcional
10111,excepcional
10113,excepcional
10119,excepcional
10122,excepcional
10125,excepcional
10126,excepcional
10127,excepcional
10128,excepcional
10132,digno de un 4 estrellas
10133,excepcional
10135,excepcional
10137,excepcional
10138,excepcional
10139,excepcional
10147,excepcional
10149,excepcional
10153,excepcional
10154,excepcional
10155,excepcional
10157,excepcional
10158,excepcional
10159,excepcional
10161,excepcional
10162,excepcional
10163,excepcional
10165,excepcional
10166,excepcional
10168,excepcional
10169,excepcional
10171,excepcional
10172,excepcional
10178,excelente
10179,excepcional
10180,excepcional
10185,excepcional
10186,excepcional
10188,excepcional
10189,excepcional
10190,excepcional
10192,excepcional
10195,excepcional
10197,excepcional
10198,excepcional
10199,excepcional
10201,excepcional
10202,muy satisfecho. Limpio pero con mucho espacio para una habitación para 4 personas. con mucho gusto otra vez
10203,excepcional
10204,excepcional
10205,excepcional
10206,excepcional
10207,¡Este hotel es definitivamente recomendado!
10213,excepcional
10214,excepcional
10218,excepcional
10219,excepcional
10220,excepcional
10221,excepcional
10222,excepcional
10224,excepcional
10225,excepcional
10226,excepcional
10228,excepcional
10231,excepcional
10232,excepcional
10233,excepcional
10234,excepcional
10237,excepcional
10239,excepcional
10240,excepcional
10242,excepcional
10243,excepcional
10245,excepcional
10246,excepcional
10248,excepcional
10249,excepcional
10250,excepcional
10251,excepcional
10254,excepcional
10255,excepcional
10257,excepcional
10259,excepcional
10260,excepcional
10264,excepcional
10265,excepcional
10267,excepcional
10268,gran estancia en un muy buen hotel
10273,excepcional
10275,excepcional
10277,excepcional
10278,excepcional
10282,excepcional
10283,excepcional
10284,excepcional
10285,excepcional
10287,excepcional
10289,excepcional
10290,excepcional
10292,excepcional
10293,excepcional
10294,excepcional
10297,excepcional
10300,excepcional
10301,excepcional
10302,excepcional
10304,excepcional
10307,excepcional
10308,excepcional
10309,excepcional
10310,excepcional
10311,excepcional
10312,excelente ubicación y buena relación calidad-precio
10318,excepcional
10321,excepcional
10322,excepcional
10324,no podría ser mejor
10325,excepcional
10328,excepcional
10336,excepcional
10337,excepcional
10346,"hermoso hotel, elegimos la vista de la plaza que es maravillosa"
10347,excepcional
10348,excepcional
10351,excepcional
10352,excepcional
10356,"ubicación fantástica. Habitación muy bonita, limpia y bien decorada. Gran estancia que vale la pena repetir."
10357,excepcional
10362,excepcional
10363,excepcional
10364,excepcional
10365,excepcional
10367,excepcional
10369,fantástico
10373,excepcional
10376,excepcional
10378,excepcional
10379,excepcional
10380,excepcional
10381,excepcional
10382,excepcional
10384,excepcional
10385,excepcional
10386,excepcional
10387,excepcional
10388,excepcional
10389,excepcional
10390,excepcional
10395,excepcional
10396,excepcional
10397,buenas camas y ubicación
10398,excepcional
10403,excepcional
10404,excepcional
10405,excepcional
10407,excepcional
10409,excepcional
10410,excepcional
10411,excepcional
10412,excepcional
10413,excepcional
10414,excepcional
10416,excepcional
10417,excepcional
10421,excelente
10422,excepcional
10427,excepcional
10428,excepcional
10429,excepcional
10433,excepcional
10434,excepcional
10435,excepcional
10437,excepcional
10438,excepcional
10440,excepcional
10443,excepcional
10446,excepcional
10447,excepcional
10450,excepcional
10451,excepcional
10452,excepcional
10453,excepcional
10454,excepcional
10456,excepcional
10457,excepcional
10458,excepcional
10462,excepcional
10463,excepcional
10465,excepcional
10468,excepcional
10474,excepcional
10476,excepcional
10478,excepcional
10480,excepcional
10481,excepcional
10484,excepcional
10485,excepcional
10486,excepcional
10487,excepcional
10488,excepcional
10492,Muy buena habitación con balcón. Me alojaré aquí de nuevo.
10493,"todo limpio, organizado, con espacio para dejar tu maleta en un locker seguro."
10494,excepcional
10497,excepcional
10498,excepcional
10499,excepcional
10500,excepcional
10503,excepcional
10506,excepcional
10508,excepcional
10509,excepcional
10513,excepcional
10514,excepcional
10522,excepcional
10525,excepcional
10526,excepcional
10527,excepcional
10528,excepcional
10529,excepcional
10532,excepcional
10535,excepcional
10538,Es muy bueno para ver todos los lugares de interés del casco antiguo.
10539,excepcional
10540,excepcional
10544,excepcional
10545,excepcional
10546,excepcional
10547,excepcional
10548,excepcional
10549,excepcional
10550,excepcional
10551,excepcional
10553,excepcional
10555,excepcional
10565,excepcional
10569,excepcional
10572,excepcional
10573,excepcional
10574,excepcional
10579,excepcional
10580,excepcional
10583,excepcional
10584,excepcional
10586,excepcional
10589,excepcional
10590,excepcional
10591,excepcional
10592,¡aconsejado!
10593,excepcional
10596,excepcional
10597,excepcional
10598,excepcional
10601,excepcional
10602,excepcional
10603,excepcional
10606,excepcional
10607,excepcional
10618,excepcional
10619,excepcional
10620,excepcional
10621,excepcional
10623,excepcional
10625,excepcional
10626,excepcional
10628,excepcional
10629,excepcional
10630,excepcional
10635,excepcional
10639,excepcional
10641,excepcional
10643,excepcional
10645,excepcional
10647,excepcional
10649,excepcional
10650,el arbol
10652,excepcional
10653,excepcional
10656,excepcional
10657,excepcional
10659,excepcional
10660,excepcional
10661,excepcional
10662,parfait
10665,excepcional
10667,excepcional
10669,excepcional
10670,excepcional
10673,excepcional
10674,excepcional
10676,excepcional
10677,excepcional
10678,excepcional
10679,excepcional
10686,excepcional
10687,excepcional
10688,excepcional
10689,excepcional
10690,excepcional
10693,excepcional
10695,excepcional
10696,excepcional
10699,excepcional
10700,excepcional
10701,excepcional
10704,excepcional
10706,excepcional
10708,excepcional
10709,"Ubicación muy central, personal excelente, desayuno muy rico. muy recomendable!"
10713,excepcional
10714,excepcional
10716,excepcional
10718,excepcional
10722,excepcional
10723,excepcional
10724,excepcional
10725,excepcional
10726,excepcional
10727,excepcional
10728,excepcional
10729,excepcional
10730,excepcional
10732,excepcional
10734,"genial, como siempre"
10735,excepcional
10736,excepcional
10737,excepcional
10739,excepcional
10740,excepcional
10741,excepcional
10742,excepcional
10745,excepcional
10748,excepcional
10749,excepcional
10750,excepcional
10752,todo perfecto! excelente ubicación
10753,excepcional
10754,excepcional
10755,excepcional
10756,excepcional
10758,excepcional
10761,excepcional
10765,excepcional
10766,excepcional
10767,excepcional
10768,excepcional
10772,excepcional
10773,excepcional
10774,excepcional
10778,excepcional
10779,excepcional
10781,excepcional
10782,excepcional
10783,excepcional
10785,excepcional
10787,excepcional
10792,excelente ubicación limpia y acogedora
10795,excepcional
10797,excepcional
10798,excepcional
10800,excepcional
10801,excepcional
10802,excepcional
10803,excepcional
10804,excepcional
10805,excepcional
10807,excepcional
10808,excepcional
10809,excepcional
10810,excepcional
10816,excepcional
10817,excepcional
10819,excepcional
10821,excepcional
10823,excepcional
10824,excepcional
10825,excepcional
10828,excepcional
10830,excepcional
10833,".     - 100 100. .                , ,"
10835,excepcional
10836,excepcional
10837,excepcional
10839,excepcional
10840,excepcional
10841,excepcional
10842,excepcional
10845,excepcional
10846,excepcional
10847,excepcional
10848,excepcional
10850,excepcional
10852,excepcional
10853,excepcional
10856,excepcional
10857,excepcional
10859,excepcional
10860,excepcional
10861,excepcional
10862,excepcional
10863,excepcional
10864,excepcional
10866,excepcional
10867,excepcional
10868,excepcional
10869,excepcional
10870,excepcional
10871,excepcional
10877,excepcional
10879,excepcional
10880,excepcional
10882,excepcional
10885,excepcional
10886,excepcional
10887,excepcional
10890,excepcional
10893,excepcional
10894,excepcional
10895,excepcional
10898,excepcional
10901,excepcional
10903,excepcional
10906,excepcional
10908,excepcional
10912,excepcional
10915,excepcional
10916,excepcional
10919,excepcional
10920,excepcional
10921,excepcional
10927,excepcional
10930,excepcional
10931,excepcional
10936,excepcional
10937,excepcional
10938,excepcional
10940,excepcional
10941,excepcional
10942,excepcional
10944,excepcional
10946,excepcional
10947,excepcional
10950,excepcional
10952,excepcional
10955,excepcional
10956,excepcional
10957,excepcional
10961,excepcional
10962,excepcional
10963,excepcional
10966,excepcional
10972,excepcional
10975,excepcional
10976,excepcional
10978,excepcional
10981,excepcional
10982,excepcional
10989,excepcional
10991,excepcional
10993,excepcional
10994,excepcional
10995,excepcional
10997,excepcional
10999,"Excelente ubicación, personal agradable, bonita habitación."
11000,excepcional
11002,excepcional
11005,excepcional
11006,excepcional
11017,excepcional
11019,excepcional
11022,excepcional
11024,excepcional
11025,excepcional
11029,"Perfecto, céntrico y con una vista impresionante."
11030,excepcional
11032,excepcional
11033,excepcional
11034,excepcional
11035,super centrico y limpio
11036,excepcional
11038,"Gran hotel, ubicación perfecta, increíblemente limpio, personal amable, buen desayuno."
11040,excepcional
11042,fantástico
11044,excepcional
11046,excepcional
11048,excepcional
11050,excepcional
11054,excepcional
11055,excepcional
11058,excepcional
11059,excepcional
11060,excepcional
11062,excepcional
11066,excepcional
11067,excepcional
11068,excepcional
11069,excepcional
11072,excepcional
11073,excepcional
11074,excepcional
11075,excepcional
11078,excepcional
11083,excepcional
11084,excepcional
11085,excepcional
11087,excepcional
11091,excepcional
11092,excepcional
11093,excepcional
11098,excepcional
11100,"buena ubicación, súper céntrico. habitación limpia y personal amable. ¡aconsejado!"
11104,excepcional
11105,excepcional
11106,excepcional
11107,excepcional
11109,excepcional
11110,excepcional
11111,excepcional
11112,excepcional
11113,excepcional
11118,excepcional
11119,excepcional
11120,excepcional
11125,excepcional
11126,excepcional
11127,excepcional
11130,excepcional
11132,excepcional
11136,excepcional
11140,excepcional
11141,excepcional
11143,excepcional
11144,excepcional
11145,excepcional
11149,excepcional
11150,excepcional
11152,excepcional
11155,níquel
11161,excepcional
11162,excepcional
11164,excepcional
11166,excepcional
11167,excepcional
11170,excepcional
11171,excelente
11173,excepcional
11174,excepcional
11180,excepcional
11181,excepcional
11183,excepcional
11184,excepcional
11186,excepcional
11188,excepcional
11189,excepcional
11192,excepcional
11195,excepcional
11196,excepcional
11197,excepcional
11198,excepcional
11199,excepcional
11200,excepcional
11205,excepcional
11206,excepcional
11207,excepcional
11208,excepcional
11211,excepcional
11213,excepcional
11214,excepcional
11222,excepcional
11226,excepcional
11227,excepcional
11230,excepcional
11234,excepcional
11235,excepcional
11236,excepcional
11237,excepcional
11238,excepcional
11241,excepcional
11245,excepcional
11246,excepcional
11247,excepcional
11248,excepcional
11251,"Excelente ubicación, en el centro de la ciudad y muy limpio."
11252,excepcional
11254,maravilloso
11255,excepcional
11259,excepcional
11261,"La ubicación del hotel es excelente, las habitaciones son pequeñas pero cómodas. ¡el personal es muy amable!"
11262,excepcional
11264,excepcional
11267,excepcional
11270,excepcional
11276,excepcional
11278,excepcional
11279,excepcional
11280,excepcional
11282,excepcional
11284,excepcional
11285,excepcional
11290,excepcional
11291,excepcional
11296,excepcional
11297,excepcional
11298,excepcional
11300,excepcional
11302,excepcional
11306,Recomiendo el hotel
11308,excepcional
11310,excepcional
11320,excepcional
11325,excepcional
11326,satisfacción por encima del promedio
11351,excepcional
11377,excepcional
11378,excepcional
11383,excepcional
11388,excepcional
11390,excepcional
11408,excepcional
11409,excepcional
11411,excepcional
11416,interesante y completo
11426,excepcional
11431,excepcional
11432,excepcional
11443,excepcional
11449,muy bien
11452,excepcional
11463,Precioso hotel en una excelente ubicación justo en el centro.
11464,excepcional
11475,excepcional
11490,excepcional
11497,excepcional
11527,excepcional
11534,excepcional
11578,excepcional
11590,excepcional
11600,excepcional
11604,excepcional
11613,excepcional
11632,excelente
11636,excepcional
11640,excepcional
11643,excepcional
11654,excepcional
11657,excepcional
11664,excepcional
11684,personal agradable. ubicación superior. gran hotel!!!
11689,excepcional
11691,excepcional
11707,excepcional
11721,excepcional
11724,excepcional
11749,excepcional
11756,bueno
11780,excepcional
11808,excepcional
11818,excepcional
11819,excepcional
11820,excepcional
11823,excepcional
11824,"maravilloso hotel en la plaza del ayuntamiento, a un paso de las otras plazas importantes de la ciudad"
11827,excepcional
11828,excepcional
11834,excepcional
11836,excepcional
11840,BIEN
11841,BIEN
11842,BIEN
11844,BIEN
11845,BIEN
11846,BIEN
11847,BIEN
11848,BIEN
11849,BIEN
11851,BIEN
11852,BIEN
11853,BIEN
11854,BIEN
11855,BIEN
11856,BIEN
11858,BIEN
11860,BIEN
11861,BIEN
11862,BIEN
11863,BIEN
11864,BIEN
11865,BIEN
11866,BIEN
11867,BIEN
11868,"Estructura ubicada en la plaza central, cerca de la estación y del resto de atracciones, fácilmente accesible con"
11869,BIEN
11870,BIEN
11872,BIEN
11873,BIEN
11874,BIEN
11875,BIEN
11876,BIEN
11877,BIEN
11878,BIEN
11879,BIEN
11881,BIEN
11882,BIEN
11883,BIEN
11884,BIEN
11885,BIEN
11886,BIEN
11888,BIEN
11889,BIEN
11890,BIEN
11891,BIEN
11892,BIEN
11894,BIEN
11895,BIEN
11896,BIEN
11897,BIEN
11898,BIEN
11899,La ubicación es buena y la gente es amigable.
11901,BIEN
11902,BIEN
11903,BIEN
11904,BIEN
11905,BIEN
11906,Buen hotel en una buena ubicación.
11907,BIEN
11908,BIEN
11909,BIEN
11910,BIEN
11911,BIEN
11912,BIEN
11913,BIEN
11914,BIEN
11915,BIEN
11916,BIEN
11917,BIEN
11918,BIEN
11919,BIEN
11920,BIEN
11921,aceptable
11922,BIEN
11924,BIEN
11925,BIEN
11926,BIEN
11927,BIEN
11929,BIEN
11930,BIEN
11931,BIEN
11932,BIEN
11933,BIEN
11934,BIEN
11935,BIEN
11936,BIEN
11937,BIEN
11938,BIEN
11939,BIEN
11940,BIEN
11941,BIEN
11942,aceptable
11943,BIEN
11944,agradable
11945,BIEN
11946,aceptable
11947,BIEN
11949,BIEN
11951,aceptable
11953,aceptable
11954,BIEN
11955,hotel muy céntrico
11956,BIEN
11959,BIEN
11960,aceptable
11961,BIEN
11962,BIEN
11963,BIEN
11965,BIEN
11966,aceptable
11967,pésimo
11968,BIEN
11971,excepcional
11976,excepcional
11984,BIEN
11986,excepcional
11987,excepcional
11988,brillante
11989,genial
11990,excepcional
11991,excepcional
11992,excelente espero volver.
11994,así da gusto viajar
11995,excepcional
11997,todo excelente!!
12000,excepcional
12001,perfecto
12004,volveré
12006,excepcional
12008,excepcional
12010,cómodo
12012,excepcional
12018,aoectacular
12021,un hotel para repetir.
12022,las vistas muy lindas!!!
12023,excepcional
12024,¡excelente!
12027,excepcional
12030,excepcional
12031,y 11
12032,un sitio para recordar
12033,perfecta
12034,perfecta
12036,excelente
12041,bastante bien
12042,excepcional
12043,excepcional
12045,excepcional
12046,excepcional
12048,excepcional
12049,excepcional
12050,excepcional
12053,excelente
12056,excepcional
12057,gracias por vuestra amabilidad
12062,excelente
12072,prevengan
12080,inolvidable
12081,excepcional
12085,excelente
12097,estuvo genial
12099,excepcional
12102,excepcional
12105,buen hotel
12114,BIEN
12117,demasiado grande
12118,súper súper limpio me gusto todo
12119,BIEN
12120,BIEN
12123,BIEN
12124,aceptable
12128,genial
12130,lo pasamos genial
12133,para repetir estancia
12134,BIEN
12135,BIEN
12136,mal
12139,lugar
12140,mejorable
12146,aceptable
12148,excepcional
12149,Una estancia maravillosa con mi hijo en este encantador hotel.
12150,hermosa estancia
12151,"lugar encantador, vale la pena visitarlo."
12152,muy satisfecho con toda la experiencia.
12153,gran lugar
12154,excepcional
12155,Excelentes instalaciones y estancia confortable en una habitación limpia.
12157,Fantástico servicio y personal en un alojamiento cómodo y conveniente. Excelente relación calidad-precio para una propiedad encantadora tan cerca del Wat.
12158,un hotel ideal para una salida previa al vuelo
12159,espléndido
12160,excepcional
12161,nuestra estancia fue muy agradable
12162,gran hotel muy limpio
12164,excepcional
12165,lugar perfecto para una escapada femenina.
12166,perfecto para viajeros solitarios
12169,increíble hotel con vistas espectaculares
12171,excelente ubicación. excelentes instalaciones
12172,"Muy bien situado en la playa y no lejos de la concurrida Palma, fácil acceso a la ciudad y al aeropuerto."
12173,Gran hotel y ubicación para explorar el área local y Palma.
12174,excepcional
12175,gran hotel en una excelente ubicación
12176,muy buen hotel
12177,estancia encantadora y muy cerca de la playa.
12178,excepcional
12179,encantadora escapada relajante con preciosas vistas al mar
12180,agradable estancia
12181,gran hotel con una vista increíble
12182,Claramente era un hotel de 4 estrellas con piscinas en el tejado superior.
12183,estancia relajada justo en primera línea de playa
12185,Impresionante con algo de espacio para mejorar.
12186,encantadora estancia en la playa en mallorca
12188,"Ubicación perfecta justo al lado de una hermosa y amplia playa, limpia y conveniente para una estadía corta."
12189,agradable y fácil
12191,excepcional
12192,Buen hotel cerca de la playa y del aeropuerto.
12193,perfecto
12194,"excelente ubicación,"
12195,Gran descanso relajante en una zona tranquila de Mallorca con encantadores restaurantes que sirven comida mediterránea con especialidades mallorquinas.
12197,excelente como siempre
12198,"great stay, recommended estrella brillante estrella brillante estrella brillante estrella brillante estrella brillante"
12199,excelente elección
12200,excepcional
12201,"muy, muy hermoso!"
12202,"Fantástico hotel de playa, con personal amable."
12203,gran valor
12204,excepcional
12206,excellent hotel with amazing rooftop terrace. love manos formando un corazón
12207,"Excelente ubicación, personal y habitaciones. Lástima del desayuno."
12209,ubicación fabulosa y hotel increíble
12210,Una estancia encantadora en un gran hotel. ¡Gracias!
12211,buen hotel en general razonable
12212,excepcional
12213,excelente hotel
12214,las mejores notas
12215,una estancia estupenda cerca del aeropuerto y del mar: un hotel limpio y cómodo con un personal atento
12216,¡Gran hotel con increíble área en la azotea!
12217,arriba
12218,Mezmorizante azotea y habitaciones con vistas.
12219,maravilloso descanso relajante
12220,una estancia encantadora y relajada
12221,excelente
12222,hermoso hotel hermosas piscinas y ubicación
12224,Gran lugar pero falta el lujo de un hotel de 4 estrellas.
12225,personal muy agradable y servicial. Buen desayuno buffet y buena vista de la bahía para sentarse y tomar una copa.
12226,100 por ciento recomendado
12229,bonito hotel satisfizo mis necesidades
12230,semana increíble
12231,agradable descanso relajante.
12232,cerca de la playa!
12233,un lugar perfecto para quedarse..
12234,"El servicio es excelente, el hotel realmente ofrece muchas actividades. la terraza de la azotea es increíblemente buena. lo creo"
12235,una estancia breve pero agradable
12236,excepcional
12237,excelente
12238,Muy recomendable.
12239,"Fantástico hotel, excelente ubicación y magníficas instalaciones. gran relación calidad-precio"
12241,Un buen descanso sería mejor en temporada o si extendieran el entretenimiento a la última semana de la temporada.
12242,Vuelvo enseguida
12244,lugar perfecto para quedarse
12245,El bar de la azotea y el desayuno estaban fuera de combate.
12246,excepcional
12247,excelente
12250,Precioso hotel en una excelente ubicación. Lo recomiendo encarecidamente.
12251,"Mezcla de gran sensación debido a la vista de la habitación, pero el ruido temprano en la mañana a partir de las 6 am es malo."
12252,¡Hotel de playa absolutamente fantástico!
12253,Me encantó
12254,Viajo sola aquí y me encantó la ubicación de este hotel. cerca del aeropuerto con un corto trayecto en autobús.
12255,estancia encantadora con preciosas vistas!
12257,hotel increíble!
12258,fantástico lugar para alojarse en can pastilla
12259,"gran vista, ubicación"
12260,excepcional
12261,excepcional
12262,relajante pacífico
12263,Excelente habitación con vistas brillantes.
12264,estancia encantadora para nuestra sexta visita a este hotel
12265,El fabuloso hotel volverá el año que viene para una estancia más larga.
12266,vacaciones perfectas en un paraíso turístico
12267,fabulosa estancia de cuatro noches. Definitivamente lo recomendaría.
12268,¡Definitivamente regresaría! gran desayuno también!
12269,"Definitivamente me alojaría aquí de nuevo, el personal fue muy servicial y amable."
12270,"bien ubicado. actividades de deportes acuáticos, supermercados y posibilidades gastronómicas están a la vuelta de la esquina"
12271,habitaciones con vista
12272,está bien
12273,"el mejor hotel en can pastilla, con el mejor confort, comida y diversión"
12274,increíble definitivamente se quedará de nuevo
12275,"Bonito hotel, muy conveniente para el aeropuerto, encantadora piscina y bar en la azotea."
12276,simplemente el mejor
12277,buenas instalaciones y bien ubicado
12278,conveniente escala en el hotel.
12279,excelente hotel por una excelente relación calidad-precio
12280,Nuestra habitación doble era espaciosa y las camas eran cómodas. Teníamos vistas de doble aspecto. Visitamos a principios de julio un
12281,Mi mejor elección si quieres un lugar donde pasar la noche antes de volar a casa.
12282,una estancia perfecta
12283,Me gustó mucho haber estado aquí.
12284,El hotel de lujo más hermoso... con las vistas más excepcionales. estancia maravillosa!
12285,excepcional
12286,estancia estupenda y cómoda
12288,estancia fácil muy cómoda
12289,excepcional
12290,"Volvería a utilizar este hotel, ¡fue increíble!"
12291,estancia muy agradable.
12292,perfecto
12293,una excelente manera de relajarse y descansar
12294,"En general, tuvimos una gran experiencia y volveríamos en cualquier momento."
12295,¡Me encantó!
12296,excelente valor
12297,Gran hotel con un personal brillante en una hermosa ubicación.
12298,"gran hotel, útil para el aeropuerto también"
12299,excepcional
12300,"Tuvimos una hermosa estadía aquí, ojalá nos hubiéramos quedado más tiempo. la ubicación es perfecta. cerca del aeropuerto y de palma pero"
12301,excepcional
12302,relajante y todo lo que podría haber pedido
12303,Disfruté mi estadía y llegué al aeropuerto en el momento oportuno.
12304,seguro para viajeros solitarios. amigable y limpio.
12305,encantador hotel y personal
12306,Tuvimos una estancia encantadora.
12307,el clima estaba demasiado frio
12308,Me sentí seguro y pude descansar y relajarse.
12310,excelente ubicación excelente relación calidad-precio
12311,las arenas es un ganador
12312,"Excelente ubicación, brillante piscina en la azotea y desayuno increíble."
12314,excepcional
12315,Justo lo que quería.
12316,"Esta es una joya de hotel. Nos alojamos en casa y la comida era excepcional, pescado fresco todas las noches."
12317,relajante disfrutamos de nuestra estancia.
12318,Estancia cómoda e increíble cerca de Palma.
12319,encantador hotel céntrico con mucho que ofrecer
12320,"estancia fantástica. Gran servicio, cómodas habitaciones, ubicación."
12321,hotel perfecto y gran personal
12322,estancia agradable en un hotel con una buena relación calidad-precio
12324,hermosas vistas desde un hotel encantador
12325,encantadora ubicación; habitaciones muy bonitas; gran desayuno
12327,"hotel perfecto, justo lo que necesitábamos!"
12328,encantador hotel en una excelente ubicación.
12329,excepcional
12330,"Estancia muy cómoda, personal excelente y buena comida. gracias"
12331,"Bonito lugar para alojarse, pero algunas cosas pequeñas que agregar."
12332,perfecto
12333,buena propiedad. mala comida.
12336,hermoso lugar
12337,excepcional
12338,"Buena ubicación, gran patio en la azotea, buen restaurante."
12339,hermoso
12340,estancia encantadora!
12343,"encantador hotel relajante, excelente servicio y comida"
12344,Precioso descanso en un hotel muy bonito frente a la playa y cerca de tiendas.
12346,"Está bien, último lugar para pasar una noche antes de volver a casa."
12347,excepcional
12348,atención al detalle requerida
12349,estancia fantástica
12352,"Elegimos este hotel por el vuelo temprano por la mañana y la proximidad al aeropuerto, al paseo marítimo y a la playa."
12353,no me puedo quejar del hotel
12354,excepcional
12355,Vista muy relajante e impresionante desde la piscina de la azotea.
12356,excepcional
12358,Ubicación fantástica y personal increíble.
12359,excepcional
12360,amazing. 5 stars estrella brillante
12361,buena ubicación
12362,un lugar encantador.
12363,"Parada perfecta para pasar la noche al tomar un vuelo temprano, el hotel y la zona superaron nuestras expectativas."
12364,maravillosamente
12365,excepcional
12366,ideal para una puerta de entrada relajante
12369,bonito lugar
12370,excepcional
12371,¡asombroso!
12372,increíble experiencia hotelera. nos encantó
12373,gran lugar con buena comida
12375,"fabuloso hotel, volveremos"
12376,"brillante, excepto de una persona."
12377,excepcional
12378,excepcional
12379,unos días estupendos con amigos hotel impecable ubicación genial
12380,excepcional
12381,maravillosas vacaciones - volveremos
12382,encantadora estancia relajante!
12383,buenas vacaciones
12384,encantadora estancia relajante
12386,corto y bueno. !
12387,excepcional
12388,excepcional
12389,excelente hotel
12390,excepcional
12391,"vista a la playa, piscina y servicio amable"
12393,bien
12395,vacaciones increíbles sin grandes problemas
12398,hermoso y céntrico lugar para quedarse!
12399,excepcional
12400,excepcional
12401,perfecto si llegas tarde a palma
12402,gran hotel con vistas fabulosas
12403,Disfrutamos de nuestra estancia. Consideraríamos volver.
12404,hotel perfecto para nuestro breve descanso
12405,excepcional
12407,Realmente lo disfrutamos y volveremos.
12408,excepcional
12409,Volvería a ir.
12410,fin de semana de despedida de soltera perfecto para nuestro amigo
12411,buen hotel
12412,excepcional
12413,pacífico y tranquilo.
12414,"En general, pedidos de taxi muy cómodos y convenientes desde la recepción y amables; nos alojaríamos allí de nuevo."
12415,"gran hotel, relación calidad-precio"
12416,excepcional
12417,excelente breve descanso
12418,Lo recomiendo definitivamente
12419,"excelente ubicación, amigable y buena relación calidad-precio"
12420,casi perfecto.
12421,"Estancia maravillosa, compre solo algunos problemas para un hotel excelente."
12422,brillante
12423,excepcional
12424,cómodas habitaciones en una zona bastante turística
12425,hotel realmente bonito con hermosas vistas al mar
12426,descanso perfecto de 5 noches
12428,muy lindo
12429,bonito lugar
12430,Realmente disfruté de mi estancia en este hotel y me alojaría aquí de nuevo en un futuro próximo.
12433,convenientemente cerca del aeropuerto y del mar
12434,excelente ubicación junto a la playa. gran desayuno. Me quedaría de nuevo.
12435,"encantador hotel, en perfecta ubicación"
12436,Buena ubicación pero en una zona turística muy concurrida que atrae a cierto tipo de personas.
12438,"En general, un lugar fantástico para pasar sus vacaciones."
12439,Excelente ubicación cerca de la playa de palma.
12440,bonito hotel para vocación
12443,"satisfactorio, disfruté la comida"
12444,buen precio en excelente ubicación
12445,Está bien para una aventura de una noche.
12446,El hotel en su conjunto es fantástico y está en una buena ubicación. Las piscinas en la azotea son mucho más pequeñas de lo que aparecen en la imagen.
12447,OK
12448,fue una buena estancia.
12449,Excelente alojamiento justo en frente con vista a la playa. desayuno muy bueno mucho en oferta para su
12450,gran lugar.
12452,"Gran hotel, sólo algunas decepciones."
12455,excepcional
12457,gran hotel
12462,"gran personal, hotel acogedor"
12463,"En general, valió la pena la visita y una estancia agradable."
12464,hotel limpio y moderno con vistas increíbles
12465,gran estancia
12467,Encantadora estancia relajante perfecta para hacer turismo en el centro de Palma.
12475,Disfruté de mi estancia. Modificar algunas cosas podría ser brillante.
12477,Precioso hotel moderno en una excelente ubicación.
12478,Nos encantó nuestra estancia en este hotel y ya lo hemos recomendado a mis amigos.
12480,"En general, fue agradable, pero no estoy seguro de si regresaríamos."
12481,excepcional
12484,Gran base para nuestra corta estancia en Mallorca.
12485,excelente ubicación
12487,"Excelente ubicación para una escapada corta, ya sea caminando por el paseo marítimo hasta Arenal o andando en bicicleta hasta Palma."
12488,"buen vfm, buena ubicación. la comida estaba bien"
12489,en general bien
12491,Buena relación calidad-precio en una habitación limpia y recién amueblada.
12492,estancia muy agradable
12493,excepcional
12494,"estancia familiar corta, conveniente cerca de la playa y el aeropuerto"
12495,"bonito hotel, cerca de la playa"
12496,un buen lugar para pasar la noche antes del vuelo o unos días en la isla
12498,BIEN
12499,"Buen hotel para una estancia cerca del aeropuerto, cerca de la playa y restaurantes."
12500,estancia en el hotel empañada por una terrible experiencia de check-in.
12501,"Personal limpio y acogedor, pero un poco desanimado por otros huéspedes."
12502,Excelente ubicación para llegar a palma y otras zonas. Excelente relación calidad-precio y para unas vacaciones y preciosas vistas a la playa.
12503,Bonito hotel arruinado por la falta de opciones vegetarianas en la cena: esto se comentó la primera noche.
12504,"Agradable, excelente ubicación y desayuno, pero revisa la habitación con vista al mar."
12505,"En general, es un hotel agradable con un encantador bar en la azotea."
12506,Disfrutamos de nuestra estancia en Las Arenas y sin duda volveremos.
12507,Hermoso hotel con una bonita vista y buena ubicación.
12509,BIEN
12510,BIEN
12511,cómodo limpio cerca del aeropuerto y un gran desayuno.
12512,agradable para un viaje corto
12513,No lo recomendaría. muchos hoteles mejores. ¡Esto era caro para el estándar!
12514,"Gran hotel, excelente comida, excelente ubicación. ¡Lo visitaría de nuevo!"
12515,BIEN
12516,fabulosa estancia de 4 noches. lo recomendaría a mis amigos
12518,bonita vista junto a la playa
12519,good location pulgar hacia arriba
12520,caro limpio básico
12521,nada especial
12522,"Bonito hotel, fantástico para los servicios locales, justo en la playa, alquilar una bicicleta para 8 personas al lado, fácil ciclo de 6 millas hasta Palma. gramo"
12524,hotel solido
12525,Excelente ubicación y piscina en la azotea. El personal fue muy amable. agradable y rápido al aeropuerto y palma.
12526,BIEN
12527,no para nosotros otra vez
12528,BIEN
12529,"Buena ubicación, habitaciones extremadamente pequeñas y una mala experiencia de desayuno."
12530,"personal agradable y servicial, hotel limpio. tal vez se necesite un poco más de atención a los requisitos actuales para las alergias"
12531,Demasiado caro para lo que se ofrece pero no terrible.
12533,agradable por una noche
12534,relajante
12535,Buenas opciones de desayuno en el bar de la azotea. Está bien para una estancia corta. Es caro para lo que ofrece.
12536,Mala calidad de la comida y comportamiento poco profesional de las amas de casa.
12537,ubicación ubicación
12538,una ubicación encantadora el desayuno era bueno pero el personal era grosero.
12539,Gran hotel con preciosas instalaciones. sólo decepcionado por el mal servicio
12540,BIEN
12541,"Buena ubicación, habitaciones limpias y cómodas pero desayuno decepcionante."
12542,Buen hotel con algunos inconvenientes menores.
12543,"Hotel promedio, ni el peor ni el mejor."
12544,decepcionado con la calidad de la comida
12545,lamentablemente muy decepcionado.
12546,"Me encantó la ubicación del hotel, las instalaciones, la habitación excelente, demasiado pequeña."
12547,El hotel tenía overbooking y trasladó nuestra reserva a otro hotel el día de. No teníamos la habitación ni el balcón que teníamos.
12548,BIEN
12549,corto y bueno..
12550,"En recepción me costó mucho hacer el check-out con 20 minutos de retraso, a pesar de las largas colas para hacer el check-out."
12551,mal valor
12552,BIEN
12553,"No fue la mejor experiencia, no pudimos disfrutar mucho. No recomiendo a otros que se queden aquí."
12554,aceptable
12555,BIEN
12556,"Gran destino de vacaciones, cerca de todos los servicios y, en general, una gran experiencia."
12557,Ubicación y bonitas y amplias zonas del vestíbulo del hotel. preciosa piscina en la azotea
12558,en general un buen lugar para quedarse
12559,aceptable
12560,"Agradable durante unos días, lo he probado pero no volveré. muchas gracias por todo."
12561,decepcionado
12562,bolsa mixta. podría haber sido excepcional.
12563,"hotel conveniente, pero sin aparcamiento cercano"
12564,lugar decente para quedarse. La azotea es realmente agradable y el desayuno fue increíble.
12566,No se proporcionará ninguna cuna después de la confirmación.
12567,pasar por este hotel
12568,no te quedes aquí
12569,"Excelente ubicación, el hotel era relativamente nuevo y los extras mencionados anteriormente habrían mejorado nuestra estadía. Habiendo dicho eso, lo haría"
12570,horrendo
12571,"Camas muy incómodas, el personal necesita una mejor cohesión."
12572,"hotel cambió de habitación, recepcionista muy grosero, pésimo servicio"
12573,"sólo dos piscinas para un hotel tan grande, no hay tumbonas"
12574,nuestras vacaciones casi se arruinaron
12575,pésimo
12576,"Gran estancia, volveré a reservar."
12577,gran estancia gran hotel
12582,fin de semana de cumpleaños
12583,genial para unas cortas vacaciones
12584,excepcional
12585,Si Palma entonces sólo este hotel.
12586,"comida deliciosa, excelente ubicación"
12587,bonito y cerca del aeropuerto
12588,excepcional
12589,Volveremos el año que viene.
12590,fue genial
12591,"Hotel moderno en primera línea de playa, muy buena relación calidad-precio. Nos encantaría volver."
12592,excepcional
12593,
12596,unas buenas vacaciones
12597,"Es un buen hotel, a un precio aceptable."
12598,nuevamente una gran estadía
12599,excepcional
12604,excepcional
12605,buena ubicación y buen servicio
12607,excepcional
12608,excepcional
12609,simplemente perfecto!
12610,agradable estancia
12611,Bonito hotel con una excelente ubicación al principio de Playa de Palma Can Pastilla
12612,Sólo puedo recomendarlo;
12613,excelente ubicación
12614,excepcional
12615,Realmente disfruté mi estadía
12616,absolutamente vale la pena hacerlo de nuevo
12617,bonito lugar de descanso
12619,muy satisfecho con la estancia.
12620,una estancia agradable
12621,lo recomiendo ampliamente
12622,excepcional
12624,muy buena estancia lo recomiendo!
12625,gran hotel en una zona tranquila
12626,excepcional
12627,excepcional
12628,excepcional
12629,excepcional
12630,buena ubicación. fresco. ideal para noches de n gra cerca de palma.
12631,excepcional
12632,excepcional
12633,Buen hotel con una muy bonita terraza en la azotea.
12634,un lugar para disfrutar para todas las edades
12635,"el desayuno y la cena también estuvieron deliciosos, el alojamiento es muy exigente y limpio, está en una buena ubicación"
12636,gran hotel
12637,fue simplemente maravilloso.
12638,excepcional
12639,Bonito hotel junto a la playa con excelente cocina.
12640,excepcional
12641,excepcional
12642,excepcional
12643,increíble
12644,Pensé que el hotel era genial para unas vacaciones cortas.
12645,gran semana para descansar
12646,"En nuestra primera vez en Mallorca, nos encontramos con este hotel reservado en mayo, ¡y qué agradable sorpresa! eso"
12648,excepcional
12650,excepcional
12652,gran punto de partida para las posibilidades de Palma
12653,excepcional
12654,excepcional
12656,Óptimo
12657,muy buena estancia
12658,una gran habitación limpia con una gran vista y la piscina en la azotea también era muy agradable.
12659,"no está nada mal, lo recomiendo"
12660,vacaciones encantadoras en una ubicación privilegiada
12662,excepcional
12663,"Muy buena estancia, salvo algunas instalaciones defectuosas."
12664,excelente
12666,Excelente relación calidad-precio en una ubicación fantástica.
12668,"amabilidad, limpieza, pero la cocina es débil."
12670,"Hotel de primera, muy recomendable."
12671,hotel muy bonito
12672,descubrimiento agradable y personal agradable.
12673,gran hotel cerca del aeropuerto
12674,excepcional
12675,gran hotel a un precio justo
12676,nos encantó
12678,gran lugar para relajarse
12679,excepcional
12680,excepcional
12681,excepcional
12682,peaje
12685,gran hotel en una ubicación perfecta
12687,excepcional
12688,Bonitas vacaciones en un hotel limpio y ordenado con buen servicio.
12689,excepcional
12690,Recomendado para un viaje corto.
12691,Agradable hotel en una excelente ubicación para los fanáticos de los aviones.
12692,¡Recomiendo mucho este lugar!
12694,gran lugar!
12695,excelente estancia
12696,Hay margen de mejora por el precio.
12697,relax y comodidad
12698,ubicación superior
12699,vacaciones tranquilas y buena relación calidad-precio
12700,un hermoso hotel en un hermoso lugar
12701,"Muy buena ubicación y azotea excepcional, pero espacio y equipamiento pequeños para mejorar."
12702,excepcional
12703,breve descanso relajante en un hotel encantador
12705,¡buen momento!
12706,¡volveremos!
12707,kiffance
12709,Vuelvo enseguida
12711,consejos para mejorarte a ti mismo
12712,excepcional
12713,excepcional
12715,excelente hotel en can pastilla
12717,excepcional
12718,impresionante
12719,", , ."
12720,perfecto
12721,relajante. cómodo. maravilloso
12723,gerne wieder   pulgar hacia arriba
12725,moderno y bonito como hotel de negocios
12726,excepcional
12727,Hotel muy bonito y bien ubicado con maravilloso desayuno buffet.
12728,a 10 minutos de palma
12730,excepcional
12731,el primer mar del año
12732,"Quedé muy satisfecho, para mí fueron unas vacaciones relajantes con todo lo que necesitaba. Alquiler de bicicletas a la vuelta de la esquina, muchas tiendas."
12733,parfait
12734,¡Relajante y definitivamente vale la pena visitarlo nuevamente!
12735,Gran hotel en una ubicación privilegiada con piscina en la azotea.
12736,Me encantaría volver para un viaje corto.
12738,¡Volveré!
12739,hotel agradable y amigable
12740,agradable estancia con mi madre con una hermosa vista y buen desayuno.
12742,excelentes vacaciones
12743,siempre muy recomendable
12744,muy recomendado
12745,Óptimo
12746,fue perfecto en todos los sentidos
12748,Fantástico
12749,¡Tuve una estancia maravillosa!
12751,parfait
12752,impecable
12753,"buena ubicación a poca distancia del centro y del aeropuerto, con vistas al mar"
12754,gran estancia
12755,estancia corta pero disfrutamos del hotel como se describe
12756,una y otra vez las arenas
12758,Nos alojamos en el hotel por 2 noches y quedamos muy satisfechos. Lo volvería a reservar en cualquier momento.
12759,excepcional
12760,hotel bien ubicado
12761,buen alojamiento
12762,excelente
12766,lo pasé muy bien
12767,"estuvo genial, alojamiento, comida, piscina en la calle no hay falla pulgar hacia arriba cara guiñando el ojo"
12769,excepcional
12770,vista perfecta - habitación 415
12772,volveremos
12773,dejo unas ganas enormes de volver
12775,días perfectos - gran paseo marítimo para llegar a Palma
12776,excepcional
12777,¡Con mucho gusto otra vez!
12778,puesta de sol sobre el mar
12780,"Gran hotel, pero habitación diferente la próxima vez."
12781,encantador hotel
12784,estancia muy buena y agradable.
12786,excepcional
12787,excepcional
12789,Tuvimos un buen fin de semana.
12791,vacaciones de ensueño
12793,Cómodo y hermoso hotel con una excelente ubicación si deseas hospedarte cerca del aeropuerto.
12794,excepcional
12796,excepcional
12798,excepcional
12799,todo perfecto
12800,Bonito hotel en una excelente ubicación con una gran terraza en la azotea.
12801,las arenas - ¡genial como siempre!
12802,estancia muy agradable con un personal muy amable.
12803,mágico
12804,excepcional
12805,Fue una estancia muy agradable y nos gustaría volver.
12806,excepcional
12807,excepcionalmente genial!
12809,excepcional
12810,excepcional
12811,gran hotel.
12812,"Muy buena estancia, el personal es genial! Hotel bien situado, bien mantenido, buen desayuno."
12813,¡Recomiendo!
12814,simplemente súper sk nt. todo el dinero v rd.
12817,Volvemos cada verano porque este hotel es simplemente genial.
12818,un paréntesis encantado
12819,excepcional
12820,"Excelente opción para pasar la noche cerca del aeropuerto, incluso por solo 1 noche"
12822,¡¡¡Sólo recomendado!!!
12825,excelente relación calidad-precio
12826,perfecto no hay nada mas que decir cara sonriendo
12827,excepcional
12828,absolutamente recomendado
12831,estancia agradable
12832,hotel muy bonito!
12833,excepcional
12835,muy buena relación precio-rendimiento.
12836,excepcional
12837,disfrutamos nuestra estancia en este hotel
12840,muy gran hotel
12841,Está bien.
12843,Gran hotel para un viaje corto o incluso estancias más largas.
12845,excepcional
12847,Magnífico hotel con infraestructura de calidad y excelente relación calidad-precio.
12848,muy buena estancia
12849,excepcional
12851,"Excelente ubicación del hotel, excelente bar en la azotea con piscina en la azotea y maravillosas vistas"
12852,bien por una noche
12853,ambiente agradable con un ambiente agradable.
12854,"¡Todo estuvo genial, nos encantaría volver!"
12856,Gran estancia con pequeñas deficiencias que no arruinaron lo que era muy bueno!
12858,increíble
12859,Bien
12860,"muy relajante y maravilloso en general, ¡con mucho gusto otra vez!"
12861,Gran hotel con fantásticas instalaciones y un servicio amable.
12864,excepcional
12865,excepcional
12866,Bueno para una parada o un fin de semana.
12867,"Muy buena estancia, hotel de calidad."
12868,el mejor hotel en el que he estado
12869,para ser rehecho
12870,el mejor hotel en el que he estado
12872,Fueron unas vacaciones maravillosas precisamente porque todo fue excelente en este hotel.
12873,hermosa experiencia
12874,gran hotel realmente lo recomiendo muy elegante y limpio
12876,excepcional
12877,buen hotel para vacaciones cortas
12878,"Hotel muy bonito, moderno y limpio."
12879,excepcional
12880,Magnífico
12881,¡vale la pena! ¡Lo mejor en relación precio-rendimiento!
12882,inolvidable
12883,buena estancia
12884,siempre es un placer
12885,"Una estadía más que maravillosa, todo es nuevo y limpio, la ubicación es excelente, cerca de tiendas."
12886,"muy bonito, buena ubicación"
12887,"Gran hotel con buen servicio, buen desayuno y buena ubicación."
12888,un hotel perfecto en todos los niveles
12889,gran hotel con aspectos destacados especiales
12891,"estancia corta, fue consistente"
12892,equipe e o hotel aconselho a todos cara sonriendo con ojos grandes cara sonriendo con ojos grandes
12893,puedes hacerlo
12894,¡Días agradables y relajantes en un gran hotel!
12895,excepcional
12897,estancia tranquila con excelentes vistas!
12898,excepcional
12900,excelente ubicación con habitaciones modernas
12903,maravillosas vacaciones en un gran hotel
12904,Hotel elegante en una buena ubicación con impresionantes vistas desde la azotea.
12905,"La ubicación es excelente, las habitaciones y la comida se pueden mejorar."
12907,"Siempre feliz, pero solo como suite con desayuno."
12908,cumpleaños en mallorca
12909,Magnífico
12911,excelente
12912,excepcional
12913,Maravilloso para una estancia corta.
12915,un maravilloso hotel para unas relajantes vacaciones en Mallorca.
12916,estancia familiar perfecta ;-
12918,excepcional
12919,fantástico hotel
12921,todo es genial
12922,Ubicación ideal para tomar un avión al día siguiente.
12924,excelente relación precio-rendimiento
12925,siempre es un placer
12926,Fue una estancia muy agradable. ¡El ruido de los aviones era limitado!
12927,excepcional
12928,"Realmente disfruto pasar tiempo con mi familia. Una cama muy cómoda, buenos y variados desayunos y ambos."
12929,Hotel muy recomendable en la playa.
12930,excepcional
12931,Bonito hotel con vistas directas al pequeño puerto.
12932,en medio de la vida
12933,"Un hotel excelente, comida deliciosa y estándar. hermosa vista desde la piscina de la azotea"
12935,excepcional
12938,excepcional
12939,excepcional
12941,aconsejado
12942,el mejor hotel cerca del aeropuerto
12944,excepcional
12950,Estuvimos allí por segunda vez y estamos deseando volver una tercera vez.
12954,excepcional
12955,parfait
12956,máxima satisfacción
12957,estupendos 3 días con amigos
12958,excepcional
12959,perfecto
12960,súper
12962,excepcional
12963,excepcional
12966,"En general excelente servicio, ubicación, amabilidad y limpieza."
12971,excepcional
12972,En general estaría muy satisfecho
12973,
12974,estancia agradable en un ambiente agradable
12975,buena estancia
12976,Buena estancia. No me lo esperaba en Can Pastilla.
12977,sensacional
12978,muy buen hotel lo recomiendo
12980,relación calidad-precio superior
12981,"Cómodo, gran hotel en la playa con buena comida."
12982,gran hotel en una ubicación privilegiada
12983,Hermoso hotel en una ubicación privilegiada con una vista fantástica.
12984,excepcional
12985,parfait
12986,excepcional
12987,"A pesar de los problemas con el check-in, la estancia fue un éxito."
12988,excepcional
12989,excepcional
12990,excepcional
12991,gran momento
12993,hotel superior! :
12994,¡Se lo recomiendo a todos!
12995,dias relajantes
12996,excepcional
12998,relajación.
12999,muy sorprendido!
13000,maravillosas vacaciones.
13004,excepcional
13005,"mejores vacaciones! Gran hotel, servicio y ubicación: 100% de satisfacción."
13006,excepcional
13007,excepcional
13009,excelente ubicación en un hotel fresco
13010,Estancia muy agradable justo en la playa en un ambiente tranquilo.
13011,excepcional
13012,Me encantaría
13013,"osmor, za po eleti"
13014,excepcional
13015,hermoso hotel moderno en una excelente ubicación
13016,Me encantaría volver aquí de nuevo. todo estuvo genial pulgar hacia arriba
13019,parfait
13020,"Hermoso y moderno hotel, excelente ubicación junto al mar."
13021,"Hotel en una ubicación privilegiada, muy bien cuidado, desayuno muy sabroso y personal muy amable."
13022,vacaciones
13023,excelentes vacaciones
13024,realmente genial!
13025,Volveremos muy pronto porque todo fue perfecto.
13026,excepcional
13027,gran estancia en este hotel
13028,"Muy buen hotel, nuestra estancia fue perfecta."
13029,bastante agradable
13030,excelente estancia
13031,Un bonito hotel que le gustaría volver a visitar.
13032,Mallorca ¡volveré!
13033,experiencia extraordinaria
13034,hotel campana
13035,gran hotel en la playa
13036,parfait
13037,"Genial, nos sentimos muy cómodos."
13039,agradable estancia
13040,lo recomiendo mucho
13042,Fin de semana relajante y agradable.
13044,"Fue realmente maravilloso alojarse en este apartamento. con una vista muy linda en la azotea, con comida muy rica. Dr. del personal"
13045,excepcional
13047,lo pasé muy bien
13048,piscina doble y vista espectacular con acceso prácticamente directo al mar
13049,impresionante
13050,exitosas vacaciones de una semana en Mallorca
13052,"Muy buen hotel para relajarse, explorar los alrededores y pasar un buen rato."
13053,excepcional
13054,Serían otras vacaciones en Mallorca y en este hotel. todo estaría bien.
13055,toppenhotell puedo pastilla
13057,Se lo recomendaría a cualquiera.
13058,muy buena estancia
13059,excepcional
13060,maravilloso pero con algunos defectos
13061,unas relajantes vacaciones en familia.
13062,excepcional
13063,"buena ubicación, buena comida, buen transporte público"
13064,excepcional
13065,"un momento maravilloso con comida deliciosa, vista al mar, en cómodas condiciones."
13066,"Las vacaciones fueron geniales y la ubicación era muy buena para nosotros; de lo contrario, había caca de perro por todas partes."
13067,excepcional
13068,ubicación perfecta
13069,"excelente, una estancia de ensueño"
13072,simplemente perfecto
13074,Hotel de lujo con personal muy agradable y siempre disponible.
13076,gran personal! gran estancia
13077,excepcional
13078,excepcional
13079,limpio y relajante
13080,"Es un muy buen hotel para descubrir, muy limpio, muy acogedor, la gente es muy amable. lo recomendaré"
13081,parfait
13083,"Como siempre genial, pero notablemente más caro en términos de precio."
13084,Gran hotel con una hermosa terraza en la azotea y piscinas.
13085,excepcional
13088,unas vacaciones en palma palmera
13089,excepcional
13090,Excelente ubicación justo al lado de la playa y excelente servicio.
13092,súper !
13093,fabuloso
13094,excepcional
13095,", !"
13098,buen viaje sin sorpresas negativas
13100,gran hotel
13101,perfecto nada ha cambiado
13102,¡volveremos!
13103,estupendas vacaciones cortas
13105,excepcional
13106,excepcional
13108,lindo
13109,excepcional
13110,encantadoras vacaciones en can pastilla en la habitación con vistas al mar
13112,", !"
13113,estancia familiar
13114,excepcional
13115,"Estuvimos muy satisfechos con nuestra estadía en el hotel Las Arenas: seguridad personalizada, personal muy amable y desayuno perfecto. púrpura"
13117,arriba tu arriba
13118,excepcional
13119,excepcional
13120,excepcional
13121,La mejor estancia en Can Pastilla hasta ahora noveno g ngen.
13122,excepcional
13123,muy buen desayuno y cena
13126,precio muy buena calidad
13129,Volveríamos a reservar.
13130,excepcional
13132,excepcional
13134,"A pesar del mal tiempo, buen fin de semana"
13135,excelente estancia. Recomiendo.
13136,volveríamos
13137,"Muy buenas vacaciones, valió la pena!"
13139,hotel moderno y económico que incluye terraza en la azotea con piscina
13140,excepcional
13141,óptimo
13142,bonito hotel en una buena ubicación
13143,excepcional
13144,excepcional
13145,muy recomendable!
13146,súper
13148,excepcional
13149,agradable.
13150,arriba
13151,relax mallorca
13152,excepcional
13153,excelente !
13154,excelente estancia
13155,Gran hotel cerca de la amplia playa.
13156,vacaciones relajantes! ¡volveremos!
13157,"Tuvimos una buena estadía, es posible que regresemos."
13158,excepcional
13159,"Buen alojamiento, ¡con mucho gusto lo recomendaría!"
13160,hotel para recomendar
13161,Encantadora estancia en el hotel las arenas.
13162,"Limpio y elegante, ¡pero preste atención a los costos adicionales!"
13163,excepcional
13164,"Hotel muy bueno, pero las habitaciones dobles súper pequeñas para uso individual con mini balcón se venden a un precio elevado."
13165,la relación calidad-precio es fantástica
13166,todo bien
13171,excepcional
13172,super top pulgar hacia arriba
13173,excepcional
13175,¡Tengo muchas ganas de que volvamos!
13176,excepcional
13177,excepcional
13178,Muy buena estancia en hotel que merece sus 4 estrellas.
13179,excepcional
13180,excepcional
13183,el rendimiento del precio es muy bueno
13185,calidad-precio muy buena.
13187,excepcional
13189,Buen hotel en una excelente ubicación y buena relación precio-rendimiento.
13190,Está bien para unas vacaciones cortas.
13191,perfecto y feliz de nuevo
13194,perfecto para una estancia corta
13195,fue genial
13196,ajuste a la forma fácil sobre el tránsito
13197,buen hotel cerca del aeropuerto
13198,"excelente ubicación, maravilloso hotel, tranquilo!"
13199,Puedo recomendar altamente este hotel.
13200,Muy buena relación calidad-precio en un bonito y moderno hotel en Playa de Palma
13201,siempre es un placer
13202,en un hotel muy bonito con excelente relación calidad-precio
13203,excelente hotel. ¡Lo recomiendo mucho!
13204,guau guau
13205,gran vista al mar desde la habitación
13206,Siempre nos gusta volver. El mejor personal de la isla.
13208,hotel modernamente renovado en primera línea de playa
13209,hermoso hotel en una excelente ubicación
13210,Bonito hotel con una gran terraza en la azotea.
13211,Frío
13213,vacaciones perfectas con la vista más hermosa de playa de palma y palma.
13215,excelente propiedad en una buena ubicación
13216,Un hotel que se puede recomendar..
13217,excepcional
13218,"Estancia muy agradable, tanto que estoy pensando en volver a hacerlo."
13220,bueno para una estancia corta
13221,Muy buen hotel con excelentes servicios.
13225,perfecto para una escapada de unos días en Mallorca
13226,buena estancia
13229,"Aparte del ruido de los aviones, estuvimos muy contentos."
13232,muy bien
13235,Gran hotel con buenas conexiones y accesibilidad para fiestas y cultura.
13239,bonito hotel con un gran desayuno
13240,gran hotel con una buena ubicación
13242,mejores perspectivas para tus vacaciones
13243,bonito hotel
13244,perfecto
13245,todo estuvo bien
13247,genial para unas cortas vacaciones
13249,buen hotel cerca del aeropuerto
13251,vacaciones de primavera en la playa
13252,"Excelente ubicación, personal muy amable y servicial."
13253,vacaciones agradables con amigos
13254,fresco con vistas
13258,buenas vacaciones en can pastilla
13259,buena relación calidad-precio y agradable ubicación
13260,"Bonito hotel, ubicación frente al puerto deportivo."
13261,Excelente ubicación moderna.
13264,la mejor vista sobre la Platja de Palma
13267,amplias habitaciones con balcon
13268,"hermoso hotel, bien equipado, buen desayuno y cena, el mejor sky bar con vista al mar y sus alrededores"
13271,La ubicación era realmente genial y el hotel estaba bien.
13272,un hotel fabuloso justo al lado de la playa
13273,muy agradable
13276,"gran hotel, con una buena ubicación"
13280,funcional
13281,super lage am strand
13283,mejor ubicación y buenas instalaciones
13284,Buen momento para visitar Palma y la playa.
13285,Muy buen viaje de fin de semana bajo el sol.
13286,Ubicación privilegiada en todos los aspectos. volveremos.
13288,gran viaje corto... con mucho gusto de nuevo
13289,muy bien
13291,Muy adecuado para nuestra corta estancia.
13292,Un hotel muy bonito al que nos encantaría volver.
13293,Hotel bonito y céntrico.
13295,excepcional
13296,"Unas excelentes vacaciones, con mucho gusto de nuevo."
13298,siempre feliz!
13299,fue maravilloso. con mucho gusto otra vez
13300,Bonito hotel céntrico con pequeños inconvenientes.
13303,satisfecho
13307,Bonito hotel con piscina en la azotea y fácil acceso a Palma en autobús.
13309,Muy bueno y algunos puntos que merecen ser mejorados.
13310,estuvo bien
13311,prima
13314,vacaciones perfectas
13316,muy agradable estancia relajante
13318,excepcional
13319,relajante
13322,rosa y arroz.
13323,Bien
13325,bastante bueno
13330,Bonito hotel y hermosa vista al mar.
13331,"Buena ubicación, bonita piscina en la azotea y muy buena selección en el desayuno buffet."
13332,buena relación calidad-precio
13335,Estaba delicioso
13336,descanso perfecto
13340,"Bonito hotel en una ubicación de playa con una gran terraza en la azotea, piscina y bar."
13342,con mucho gusto otra vez
13344,¡fue hermoso!
13345,Bonito hotel con inconvenientes!
13346,fue una estancia agradable
13347,Fueron unas vacaciones encantadoras y relajantes.
13350,buena ubicación cerca de todo.
13353,súper !
13354,buen hotel
13355,Fin de semana relajante fuera de temporada...
13356,excepcional
13358,bonito hotel para unas cortas vacaciones
13359,Bonito hotel cerca del aeropuerto justo en la playa.
13360,perfecto si usas el aeropuerto... bueno para una estancia corta
13361,muy exitoso
13362,disfruté
13364,"Muy buena estancia, si vuelvo a Baleares volveré."
13369,Gran hotel para alejarse rápidamente de la vida cotidiana en la playa.
13371,gran hotel
13373,mucho mejor de lo esperado!
13374,Buen hotel para unas vacaciones cortas cerca de Palma.
13376,excepcional
13379,hotel recomendado
13380,Gran hotel con una vista brillante.
13382,relajante
13383,schön
13384,precio un poco alto en comparación con los servicios
13388,Unas instalaciones bien cuidadas para unas agradables vacaciones.
13389,¡Definitivamente regresaré!
13393,buena relación calidad-precio
13395,vacaciones cortas maravillosamente relajadas
13396,Considerándolo todo uno de mis hoteles favoritos en Can Pastilla. muy céntrico y chic.
13399,una estancia muy agradable con un personal muy servicial
13400,una experiencia simplemente para repetir
13401,excepcional
13402,El excepcional personal de Michela nos asesoró y nos recibió de una manera extraordinaria.
13403,tiempo de relax
13404,"estancia estupenda, buen desayuno."
13408,hotel muy bonito
13417,Nos encantaría volver.
13418,"una y otra vez es necesario mejorar la alimentación,"
13419,¡La estancia fue muy agradable para mi esposa y para mí!
13420,muy buena estancia! recomiendo
13421,agradable estancia
13422,Días de relax mezclados con playa y gran ciudad.
13423,agradable estancia en un ambiente agradable
13426,Gran hotel para unos días de relax justo en el paseo marítimo.
13428,"agradable estancia, a quince minutos del aeropuerto, recomendado"
13429,yo volveria
13431,BIEN
13432,Gran hotel en una excelente ubicación y una gran terraza en la azotea.
13433,en cualquier momento
13436,Buena relación calidad-precio con bonitas habitaciones en una buena ubicación.
13437,excepcional
13441,Muy buen hotel para una estancia corta!
13444,súper
13447,vacaciones súper agradables! ¡Lo reservaría de nuevo!
13448,bonitas vistas al mar y bonito hotel
13449,Recomendado por unos días Pulgar Hacia Arriba
13452,capullo de hotel
13453,genial
13454,BIEN
13456,estuvo bien
13457,excelente ubicación y el personal muy servicial
13460,Definitivamente lo recomiendo por su buena relación precio-rendimiento.
13461,buena estancia
13462,excepcional
13463,servicios y recepcion
13466,BIEN
13468,Me encantaría volver aquí otra vez.
13470,muy buena ubicacion! buen desayuno! hermosas habitaciones
13473,excepcional
13474,falta estacionamiento
13475,"estancia agradable, pero muy mala habitación"
13476,BIEN
13477,"Excelente ubicación, muy limpio y acogedor."
13478,"Mi segunda estancia, estoy decepcionado con la habitación."
13479,BIEN
13480,BIEN
13481,ideal para vacacionistas Ballermann
13482,puede ir
13483,diferencia de precio decepcionante
13484,BIEN
13485,intestino
13486,No es digno de 4 estrellas.
13487,no como se esperaba
13488,BIEN
13489,"La mitad de la estadía fue buena, ¡pero tuve problemas para conseguir la habitación solicitada!"
13490,muy bien.
13491,"Está bien por 2-3 días, definitivamente no más"
13492,un hotel con buena ubicación en el paseo marítimo de Can Pastilla
13493,adecuado para una estancia corta
13494,BIEN
13495,"hotel tranquilo, cerca del mar y del aeropuerto"
13496,BIEN
13497,¡Volvería a reservar el hotel en cualquier momento!
13498,Ideal para tres noches máximo.
13499,BIEN
13500,quedaron satisfechos en general
13501,BIEN
13502,fabuloso
13503,Lamentablemente esta vez fue muy decepcionante porque las fotos no correspondían con la reserva deseada.
13504,BIEN
13505,BIEN
13506,BIEN
13508,vete a otra ciudad!
13509,Estuve allí en la misma época el año pasado y fue simplemente genial. El hotel ha cambiado en todo en un año.
13510,BIEN
13511,"¡Fue agradable, pero en parte demasiado caro!"
13512,BIEN
13513,BIEN
13514,BIEN
13515,"Califico el hotel como bueno, un lugar ideal como base."
13516,nos encantaría volver
13517,BIEN
13519,viaje corto
13520,BIEN
13521,"Muy buena estancia en el hotel Arenas por mi cumpleaños, un pequeño guiño a nuestra señora de la limpieza que fue un encanto."
13522,Está bien para unas cortas vacaciones en octubre en Mallorca.
13523,Altamente recomendado para unas vacaciones cortas.
13526,"Buena ubicación en la playa, pero un poco ruidosa."
13529,BIEN
13530,BIEN
13531,"mala memoria porque el primer día me robaron la cartera, al tercer día me robaron un estuche"
13532,"Fue hermoso, la ubicación es hermosa, podría ser mejor, los servicios en este hotel fueron mejores en los últimos años."
13533,hotel bueno para unas vacaciones de fiesta
13534,"Bueno, pero no perfecto. Volvería, pero no por el precio que pagué."
13535,BIEN
13536,Estuvo realmente bien para una reserva a corto plazo.
13537,Está bien para una estancia corta.
13538,"relajante, hermosa"
13539,Bien por dos noches.
13540,Estancia mediocre.
13541,BIEN
13542,bonito hotel con una excelente ubicación
13544,Muy bueno para una estancia de 4 a 5 días.
13545,Ubicación genial y buena para unas vacaciones cortas.
13546,"Buena pernoctación, comida de mala calidad."
13547,una buena base cerca de palma
13548,La relación calidad-precio estuvo perfectamente bien.
13549,estancia agradable
13550,BIEN
13551,muy mal
13552,Buena oportunidad para pasar la última noche de tus vacaciones cerca del aeropuerto.
13553,BIEN
13554,aceptable
13555,BIEN
13556,"bueno, asequible y agradable!"
13557,Rendimiento de precio bien. No quería tomarme una semana de vacaciones allí.
13558,demasiada gente
13559,BIEN
13560,sencillo y bien situado
13561,BIEN
13562,agradable y buena ubicación
13563,"Ok, pero por lo demás no más."
13564,Hotel con una excelente ubicación pero aún mejorable en algún rincón u otro.
13565,aceptable
13566,"sin riesgo, sin diversión;  Está bien para una estancia corta y el precio."
13567,Buen hotel para una noche y para llegar al aeropuerto.
13568,decepción
13569,"Cuidado con el personal de limpieza, durante nuestra ausencia faltaron 50 euros del bolso."
13570,BIEN
13571,BIEN
13572,encantador hotel
13573,"Está bien durante unos días, especialmente si quieres estar a poca distancia del aeropuerto."
13574,no esta mal pero hay mejores
13575,"estuvo bien, pero no volvería a elegir este establecimiento"
13576,nacido
13577,buen descanso familiar
13578,BIEN
13579,Es una tontería.
13580,grandes rodamientos aunque
13581,exitoso
13582,aceptable
13583,BIEN
13585,estuvo bien por este precio
13586,OK
13587,Necesito calidez y seguridad
13588,BIEN
13589,aceptable
13590,aceptable
13591,BIEN
13592,aceptable
13593,BIEN
13594,Recomendado por el precio.
13595,BIEN
13596,Muy adecuado para una estancia corta.
13598,estuvo bien
13599,BIEN
13600,ya estaba mejor
13601,no es un 4 estrellas
13602,Volveríamos para un viaje corto.
13603,Bonito hotel para una estancia corta con un aspecto pragmático debido a su buena ubicación. muy bonita zona del vestíbulo!
13604,aceptable
13605,mal
13606,Un buen hotel con una ubicación perfecta en el pueblo de Can Pastilla.
13607,"Hotel, las habitaciones están bien hasta el momento. La limpieza en algunos rincones es mejorable y hay que trabajar en la comida."
13608,BIEN
13609,BIEN
13610,mal
13611,pésimo
13612,Excelente ubicación con habitaciones limpias y modernas pero caras y el desayuno deja mucho que desear.
13613,guapo pero no baila
13614,aceptable
13615,criada ladrona
13616,"Bonito hotel para un viaje corto, cerca del aeropuerto. No es un punto culminante culinario."
13617,Tuvimos una estancia agradable y tranquila.
13618,"Buena estancia, podría haber sido mejor con un buffet digno de un hotel de 4 estrellas."
13619,"Está bien, pero no merece sus estrellas."
13620,una vez pero nunca más
13621,bastante decepcionado
13622,aceptable
13624,BIEN
13625,BIEN
13626,agradable por unos días
13627,BIEN
13628,aceptable
13629,Esperaba más por las bellas fotografías del hotel.
13630,BIEN
13632,BIEN
13633,estancia agradable pero
13634,prima
13636,"La ubicación es muy buena, un ascensor no es suficiente para un hotel grande. Falta personal en recepción, lo que provoca una larga espera."
13637,BIEN
13638,evitar
13639,"Estaba bien, ¡pero liquidación!"
13640,felices fiestas
13641,simplemente malo
13643,Lo único que falta: ¡limpieza! Lástima que sea sólo fundamental.
13646,Lamentablemente no me sentí bien
13647,aceptable
13648,aceptable
13649,no lo recomiendo en absoluto
13650,BIEN
13651,¡Tengo una mala habitación! ¡El personal de recepción es un desastre!
13652,no más veces aquí
13653,aceptable
13655,aceptable
13656,BIEN
13657,BIEN
13658,Está bien por unos días.
13659,BIEN
13660,personal amable y servicial. el hotel desgastado y las piscinas así como el desayuno no experimentaron amigo
13661,Reservé y pagué una habitación con vista frontal y me dieron una habitación pequeña con vista lateral.
13663,ninguna recomendación
13664,sigue siendo demasiado caro para lo que es
13665,pobre
13666,¡Nos decepcionó!
13669,aceptable
13671,BIEN
13673,Bonitos espacios comunes pero una habitación lúgubre.
13674,querido y desagradable
13675,No forn yd con esta estancia.
13676,"Buena estancia a pesar de no tener buena comida, no hay aparcamiento y es más céntrico, lo cual no es nada práctico."
13677,aceptable
13678,"Buen hotel en una buena ubicación, pero la limpieza podría ser mejor."
13680,No recomiendo este hotel para nada
13681,PROMEDIO
13682,Todavía estuvo bien durante los dos días.
13683,Hotel aceptable con muy buena ubicación pero precio demasiado elevado para las carencias que tiene.
13684,aceptable
13685,pro: hermosa terraza en la azotea; Desventaja: comida mediocre y cama demasiado pequeña.
13686,está bien
13687,Puedes hacerlo por unos días.
13688,No volvería a reservar este hotel
13689,más o menos. La ubicación y el diseño eran buenos. De lo contrario no volvería a reservar aquí.
13690,"Era práctico, cerca de la playa, pero esperaba más del desayuno."
13691,BIEN
13692,Para nosotros a estos precios no otra vez.
13693,suficiente para 2 días
13694,decepcionante
13695,no tan genial
13696,aceptable
13697,lugar tranquilo y estancia maravillosa
13698,ya no tiene que serlo
13699,"Está bien, pero no es una recomendación."
13700,¡Qué decepción!
13701,"En general no está mal, pero no volvería."
13702,Hotel cerca del aeropuerto ideal para hacer escala
13703,podría mejorarse solo con personal diferente
13704,BIEN
13705,"La estadía fue muy mala, nos molestó la historia de pedir más dinero."
13706,demasiado caro
13707,pésimo
13708,¡Por favor no reserve una habitación estándar!
13709,"Podemos recomendar el hotel y los pequeños detalles son de alto nivel. casi no tiene sentido usarlos por turnos, son lentos"
13710,PROMEDIO
13711,mal
13712,personal grosero
13713,mal
13714,experiencia de terror catastrófica
13715,sin responsabilidad
13716,fueron trasladados a otro hotel
13717,pésimo
13718,¡Absolutamente no hay 4 estrellas para mí!
13719,No volveré.
13721,pésimo
13722,Estuvo bien por las 2 noches y aceptamos la situación.
13723,"El hotel tiene potencial, pero la limpieza..."
13724,te estoy engañando
13725,nunca más. no recomendado!!!
13726,nunca más en este hotel
13727,¡¡Nunca fue tan malo como en todos mis innumerables viajes!! Espero que me contactes dentro de 100 euros.
13728,BIEN
13729,caro y no agradable
13731,aceptable
13732,fue simplemente genial.
13733,Maravilloso alojamiento en la playa que satisface todas las necesidades.
13734,Perfecto para una estancia corta
13735,"Considerándolo todo, creemos que fue una estancia agradable."
13736,BIEN
13737,básicamente todo estuvo bien
13738,BIEN
13739,aceptable
13740,excepcional
13745,excepcional
13749,excepcional
13751,excepcional
13752,excepcional
13753,excepcional
13755,excepcional
13756,excepcional
13757,excepcional
13758,excepcional
13761,excepcional
13763,excepcional
13765,excepcional
13766,excepcional
13767,excepcional
13769,excepcional
13771,excepcional
13773,excepcional
13775,excepcional
13776,excepcional
13777,excepcional
13779,excepcional
13780,excepcional
13781,excepcional
13782,excepcional
13785,excepcional
13786,excepcional
13787,excepcional
13791,excepcional
13809,excepcional
13817,excepcional
13819,BIEN
13820,BIEN
13821,BIEN
13822,BIEN
13823,BIEN
13824,BIEN
13825,BIEN
13826,BIEN
13827,aceptable
13828,BIEN
13829,BIEN
13830,BIEN
13834,pésimo
13835,excepcional
13836,excepcional
13841,excepcional
13843,excepcional
13844,excepcional
13845,excepcional
13847,excepcional
13848,excepcional
13850,excepcional
13851,excepcional
13853,excepcional
13854,excepcional
13855,excepcional
13862,excepcional
13863,excepcional
13864,excepcional
13866,excepcional
13868,excepcional
13869,excepcional
13870,excepcional
13871,excepcional
13872,excepcional
13873,excepcional
13875,excepcional
13876,excepcional
13877,excepcional
13879,excepcional
13880,excepcional
13881,"Todo fue excepcional. El personal fue muy servicial, especialmente Carmen fue tan encantadora. Muchas gracias."
13882,excepcional
13884,excepcional
13887,excepcional
13893,excepcional
13894,excepcional
13896,excepcional
13897,excepcional
13898,excepcional
13899,excepcional
13900,excepcional
13905,excepcional
13906,excepcional
13908,excepcional
13910,excepcional
13914,excepcional
13915,excepcional
13916,excepcional
13917,excepcional
13918,excepcional
13919,de primera categoría
13922,excepcional
13923,excepcional
13924,excepcional
13925,excepcional
13926,excepcional
13930,excepcional
13932,excepcional
13933,excepcional
13939,excepcional
13944,excepcional
13946,excepcional
13947,excepcional
13949,excepcional
13953,excepcional
13955,excepcional
13962,excepcional
13963,excepcional
13969,excepcional
13970,excepcional
13972,excepcional
13973,excepcional
13974,excepcional
13978,excepcional
13980,excepcional
13981,"estancia maravillosa, ubicación perfecta y hermoso hotel!"
13982,excepcional
13983,excepcional
13984,excepcional
13989,excepcional
13996,excepcional
14007,excepcional
14012,excepcional
14030,excepcional
14032,BIEN
14033,BIEN
14034,BIEN
14035,BIEN
14036,BIEN
14037,BIEN
14039,BIEN
14040,BIEN
14043,BIEN
14044,BIEN
14045,BIEN
14048,BIEN
14049,BIEN
14050,BIEN
14051,aceptable
14052,BIEN
14053,mal
14054,aceptable
14055,pésimo
14057,pésimo
14058,BIEN
14062,Precioso hotel con un gran desayuno y una gran terraza en la azotea.
14064,excepcional
14066,excepcional
14068,excepcional
14074,excepcional
14076,excepcional
14077,excepcional
14078,excepcional
14080,excepcional
14081,excepcional
14085,excepcional
14093,excepcional
14096,excepcional
14097,excepcional
14100,excepcional
14102,excepcional
14104,excepcional
14110,excepcional
14111,excepcional
14113,excepcional
14114,excepcional
14116,excepcional
14117,excepcional
14120,excepcional
14124,excepcional
14125,excepcional
14126,increíble establecimiento con el mejor personal
14127,excepcional
14128,excepcional
14130,excepcional
14131,excepcional
14132,excepcional
14135,excepcional
14137,excepcional
14138,excepcional
14139,excepcional
14140,excepcional
14142,excepcional
14144,excepcional
14145,excepcional
14149,excepcional
14150,excepcional
14151,excepcional
14155,excepcional
14156,excepcional
14157,excepcional
14159,excepcional
14160,excepcional
14162,excepcional
14163,excepcional
14166,excepcional
14168,excepcional
14171,excepcional
14172,excepcional
14174,excepcional
14175,ubicación increíble!
14179,excepcional
14180,excepcional
14182,gran hotel
14186,excepcional
14188,excepcional
14189,excepcional
14190,excepcional
14191,excepcional
14195,excepcional
14197,excepcional
14198,excepcional
14199,excepcional
14200,excepcional
14201,excepcional
14207,excepcional
14208,excepcional
14211,excepcional
14213,excepcional
14215,excepcional
14218,excepcional
14219,excepcional
14221,excepcional
14225,excepcional
14226,excepcional
14228,excepcional
14230,excepcional
14233,excepcional
14236,excepcional
14237,excepcional
14239,excepcional
14243,excepcional
14247,excepcional
14248,excepcional
14251,excepcional
14252,excepcional
14256,excepcional
14258,excepcional
14260,excepcional
14262,excepcional
14263,excepcional
14264,excepcional
14266,excepcional
14271,excepcional
14273,excepcional
14274,excepcional
14279,excepcional
14283,excepcional
14287,excepcional
14288,excepcional
14289,relajantes vacaciones cortas
14292,excepcional
14293,excepcional
14304,excepcional
14305,excepcional
14306,excepcional
14309,excepcional
14313,excepcional
14314,"Disfruté mi estadía con la vista desde la azotea, lo recomiendo mucho."
14315,excepcional
14316,excepcional
14317,excepcional
14318,excepcional
14319,excepcional
14320,excepcional
14322,excepcional
14323,excepcional
14327,excepcional
14328,excepcional
14329,excepcional
14330,excepcional
14337,excepcional
14339,excepcional
14340,excepcional
14342,excepcional
14343,excepcional
14344,excepcional
14347,excepcional
14348,excepcional
14353,excepcional
14354,excepcional
14356,excepcional
14357,¡Unas cortas vacaciones muy agradables en un gran hotel!
14358,excepcional
14359,absolutamente recomendado
14361,excepcional
14362,excepcional
14363,excepcional
14373,excepcional
14378,excepcional
14379,excepcional
14383,excepcional
14389,excepcional
14390,excepcional
14391,excepcional
14393,excepcional
14400,excepcional
14404,excepcional
14405,excepcional
14406,excepcional
14407,excepcional
14411,excepcional
14414,excepcional
14415,excepcional
14418,excepcional
14420,excepcional
14421,excepcional
14423,perfecto
14431,excepcional
14435,excepcional
14436,excepcional
14438,excepcional
14439,excepcional
14440,excepcional
14443,excepcional
14445,excepcional
14446,excepcional
14447,excepcional
14448,excepcional
14450,excepcional
14452,Magnífico
14455,excepcional
14457,excepcional
14458,excepcional
14459,excepcional
14460,excepcional
14461,excepcional
14462,excepcional
14466,excepcional
14467,excepcional
14471,excepcional
14473,excepcional
14474,excepcional
14476,excepcional
14480,excepcional
14485,excepcional
14489,excepcional
14490,excepcional
14491,excepcional
14494,excepcional
14495,excepcional
14496,excepcional
14498,excepcional
14503,excepcional
14504,en definitiva muy bien!!!
14505,excepcional
14509,excepcional
14512,excepcional
14514,excepcional
14516,excepcional
14517,excepcional
14518,excepcional
14519,excepcional
14521,excepcional
14522,excepcional
14525,excepcional
14527,siempre es un placer
14528,Bonito hotel con personal amable.
14531,excepcional
14535,excepcional
14537,excepcional
14540,excepcional
14541,excepcional
14542,excepcional
14543,excepcional
14547,excepcional
14552,excepcional
14553,excepcional
14555,excepcional
14558,excepcional
14561,excepcional
14562,excepcional
14567,excepcional
14568,excepcional
14569,excepcional
14571,excepcional
14575,excepcional
14578,excepcional
14610,"El hotel es bonito. Sin embargo, en la zona de descanso del tejado hay muy pocas zonas de sombra. no puedes acostarlos"
14612,excepcional
14614,excepcional
14616,una estancia agradable en un hotel agradable
14640,excepcional
14649,excepcional
14675,excepcional
14693,excepcional
14701,excepcional
14709,excepcional
14731,excepcional
14732,excepcional
14736,excepcional
14752,excepcional
14753,excepcional
14754,excepcional
14757,excepcional
14760,"Todo fue genial, hotel exactamente como se describe, excelente ubicación"
14764,excepcional
14775,excepcional
14807,excepcional
14834,excepcional
14835,excepcional
14843,BIEN
14844,BIEN
14845,BIEN
14846,BIEN
14847,BIEN
14848,BIEN
14849,BIEN
14850,BIEN
14851,BIEN
14852,BIEN
14853,BIEN
14855,BIEN
14856,BIEN
14857,BIEN
14858,BIEN
14859,BIEN
14860,BIEN
14861,BIEN
14862,BIEN
14863,BIEN
14865,BIEN
14866,BIEN
14867,BIEN
14868,BIEN
14870,BIEN
14871,BIEN
14872,BIEN
14873,BIEN
14874,BIEN
14877,BIEN
14878,BIEN
14879,BIEN
14880,BIEN
14881,BIEN
14882,BIEN
14883,aceptable
14884,BIEN
14885,pésimo
14886,BIEN
14889,BIEN
14890,BIEN
14893,BIEN
14894,BIEN
14896,BIEN
14897,aceptable
14898,BIEN
14899,BIEN
14900,aceptable
14903,BIEN
14904,BIEN
14905,BIEN
14909,BIEN
14911,adecuado para una estancia corta - 4 es un poco excesivo
14912,BIEN
14913,BIEN
14914,BIEN
14915,BIEN
14917,BIEN
14918,BIEN
14920,BIEN
14921,BIEN
14922,BIEN
14923,BIEN
14924,BIEN
14925,aceptable
14926,BIEN
14927,BIEN
14928,BIEN
14929,BIEN
14930,aceptable
14932,aceptable
14933,BIEN
14934,mal
14935,BIEN
14937,mal
14940,pésimo
14941,agradable
14943,BIEN
14945,pésimo
14946,BIEN
14947,aceptable
14948,BIEN
14949,BIEN
14950,muy mal
14951,aceptable
14952,BIEN
14953,BIEN
14954,mal
14955,aceptable
14956,aceptable
14957,BIEN
14958,aceptable
14959,aceptable
14960,BIEN
14961,mal
14962,pésimo
14964,BIEN
14965,BIEN
14966,BIEN
14967,BIEN
14968,aceptable
14969,BIEN
14973,excepcional
14974,todo fue genial
14975,excepcional
14979,excepcional
14984,BIEN
14992,genial
14993,estuvo genial
14994,recomendado ñ
15003,excelente hotel
15006,muy buena
15007,regular
15013,BIEN
15014,BIEN
15019,vuevo
15024,Valencia
15042,BIEN
15048,simple
15057,BIEN
15068,BIEN
15083,repetiré
15089,inmejorable
15106,BIEN
15115,buen lugar
15125,volvería
15126,BIEN
15130,BIEN
15133,BIEN
15150,gratísima.
15159,perfecto para un kit kat de finde
15161,excelente
15165,BIEN
15176,BIEN
15182,amigos
15183,bueno
15192,una estancia genial.
15197,seguro vuelvo
15200,hotel genial
15210,bueno
15211,buen hotel
15215,genial
15218,perfecta
15235,valencia vintage informal
15247,relajarse
15248,para repetir!
15256,valencia entre vintage
15257,BIEN
15259,satisfactoria
15261,BIEN
15274,satisfecho
15283,BIEN
15291,BIEN
15295,BIEN
15299,excelente
15302,BIEN
15306,BIEN
15324,excelente
15328,repetible sin duda
15329,faltan detalles
15334,satisfecho
15335,buen sitio
15342,BIEN
15356,BIEN
15362,Fantástico
15364,opciones
15371,BIEN
15372,BIEN
15375,BIEN
15378,hotel causal vintage en valencia
15381,bonito hotel
15383,todo super
15384,BIEN
15385,BIEN
15389,fin de semana valencia
15393,BIEN
15401,BIEN
15403,súper
15409,BIEN
15416,BIEN
15423,BIEN
15425,valencia vintage informal
15426,excelente
15427,BIEN
15429,BIEN
15430,BIEN
15432,BIEN
15435,BIEN
15442,pacífico
15444,sin duda repetiré
15445,solo 1 noche para dormir
15448,estuvo bien
15453,BIEN
15454,BIEN
15462,increible!!!
15466,BIEN
15470,excelente lugar
15477,BIEN
15478,BIEN
15484,zona genial
15487,valencia antigua
15491,bueno
15496,BIEN
15497,BIEN
15498,BIEN
15499,BIEN
15500,satisfactoria
15508,BIEN
15509,BIEN
15511,BIEN
15512,BIEN
15515,BIEN
15517,BIEN
15521,BIEN
15522,BIEN
15525,BIEN
15526,BIEN
15529,BIEN
15530,BIEN
15531,BIEN
15532,BIEN
15533,BIEN
15540,excepcional
15542,"estancia breve, pero perfecta, seguro que volveremos."
15543,excepcional
15544,excepcional
15546,excepcional
15548,lo he recomendado
15551,excepcional
15552,excepcional
15553,excepcional
15554,maravilloso
15556,excepcional
15557,excepcional
15558,excepcional
15559,excepcional
15560,excelente
15561,excepcional
15563,excepcional
15564,excepcional
15565,trabajo
15566,excepcional
15567,excepcional
15568,excepcional
15569,excepcional
15571,excepcional
15572,excepcional
15573,excepcional
15574,excepcional
15575,excelente lugar.
15576,excelente
15577,perfecto
15579,¡¡súper!!
15580,excepcional
15581,excepcional
15582,excepcional
15584,excelente hotel
15585,excepcional
15586,excepcional
15588,excepcional
15589,excepcional
15591,excepcional
15592,excepcional
15594,excepcional
15595,excepcional
15597,excepcional
15598,excepcional
15600,excepcional
15607,excepcional
15608,excepcional
15609,excepcional
15610,excepcional
15611,excepcional
15613,excepcional
15614,excepcional
15616,excepcional
15618,excepcional
15619,excepcional
15620,excelente
15621,excepcional
15622,excepcional
15623,excepcional
15627,excepcional
15632,excepcional
15633,excepcional
15635,excepcional
15636,fenomenal
15637,excepcional
15639,excepcional
15640,excepcional
15641,excepcional
15643,excepcional
15644,extraordinario.
15645,excepcional
15646,excepcional
15647,excepcional
15649,excepcional
15652,increíble
15655,todo excelente
15656,excepcional
15657,excepcional
15658,excepcional
15660,excepcional
15661,excepcional
15662,excepcional
15667,excepcional
15668,excepcional
15669,excepcional
15670,excepcional
15673,excepcional
15675,excelente
15677,excepcional
15681,excepcional
15682,excepcional
15683,excepcional
15684,excepcional
15685,excepcional
15688,excepcional
15690,excepcional
15691,excepcional
15692,excepcional
15693,excepcional
15694,excelente
15697,excepcional
15699,excepcional
15703,perfecta
15708,excepcional
15710,bueno
15711,excepcional
15713,excepcional
15714,perfecto
15716,¡¡¡Fantástico!!!
15718,excepcional
15724,excepcional
15726,quiero volver
15730,excepcional
15735,excepcional
15739,¡excelente!
15740,excepcional
15741,excepcional
15744,excepcional
15745,perfecta
15746,excepcional
15749,excepcional
15750,disfruta del centro de valencia
15751,perfecto
15752,excepcional
15753,excepcional
15755,reparadora
15757,excepcional
15758,excepcional
15759,excepcional
15760,excepcional
15761,excepcional
15764,excepcional
15767,excepcional
15770,excepcional
15771,excepcional
15775,excepcional
15776,excepcional
15779,súper
15781,excepcional
15785,perfecto
15786,excepcional
15787,excepcional
15788,excepcional
15789,excepcional
15791,excepcional
15792,excepcional
15794,excepcional
15796,excepcional
15800,excepcional
15804,inmejorable
15806,genial
15807,excepcional
15808,excepcional
15809,excepcional
15810,excepcional
15811,excepcional
15813,excepcional
15814,mal
15815,excepcional
15816,excepcional
15817,excepcional
15820,excepcional
15823,excepcional
15824,maravilloso  otra vez!
15825,excepcional
15827,excepcional
15828,excepcional
15830,excepcional
15831,excepcional
15833,excepcional
15834,excepcional
15839,excepcional
15841,excepcional
15842,excepcional
15843,excepcional
15844,excepcional
15845,excepcional
15846,formidable
15849,excepcional
15852,¡genial!
15853,excepcional
15854,excepcional
15855,excepcional
15858,excepcional
15859,excelente
15865,terraza inmejorable
15866,excepcional
15867,excepcional
15868,excepcional
15870,excelente
15871,excelente lugar
15872,excepcional
15873,excepcional
15874,excepcional
15875,un sitio diferente!
15876,excepcional
15878,excepcional
15879,excepcional
15883,excepcional
15884,magnifico alojamiento.
15887,recomendado 100
15889,te amo casual vintage
15890,excepcional
15891,excelente
15892,excepcional
15893,bueno
15894,excepcional
15895,excepcional
15896,excepcional
15897,excepcional
15899,excepcional
15902,excepcional
15903,excelente
15904,genial
15906,excepcional
15907,excepcional
15909,excelente hotel
15910,excepcional
15911,excepcional
15913,volvería
15914,excepcional
15915,excepcional
15916,excepcional
15917,mediocre
15918,excepcional
15919,excepcional
15923,aceptable
15924,volveremos!
15927,excepcional
15928,excepcional
15931,BIEN
15932,mal
15933,excepcional
15934,frío
15938,aceptable
15943,aceptable
15944,aceptable
15945,excepcional
15946,excepcional
15948,buen hotel
15950,excepcional
15951,excepcional
15952,mejorable
15953,no volvería
15956,mal
15957,aceptable
15958,aceptable
15962,excepcional
15964,excepcional
15966,excepcional
15967,normalita
15968,excepcional
15972,excepcional
15973,pésimo
15974,aceptable
15975,aceptable
15977,excepcional
15978,excepcional
15979,repetiré
15991,excelente
15995,muy mal
15996,agradable
15997,no volvería
16005,excepcional
16007,muy mal
16008,excepcional
16009,aceptable
16011,aceptable
16014,aceptable
16016,agradable
16017,OK
16020,aceptable
16022,aceptable
16026,BIEN
16027,aceptable
16029,aceptable
16030,podría ser mejor
16034,aceptable
16035,aceptable
16037,aceptable
16038,regular
16047,aceptable
16048,aceptable
16049,"desafortunadamente, no volveré"
16052,mal
16054,horrible.
16060,limpieza a mejorar.
16062,no volveré nunca jamás
16068,aceptable
16069,pésimo
16071,pésimo
16076,excelente
16077,perfecta- excelente
16079,excepcional
16083,excepcional
16084,bueno
16086,BIEN
16087,excepcional
16089,"estancia fabulosa, en la ubicación perfecta."
16090,Recomendaría este lugar a las personas que buscan un lugar más barato pero agradable en el centro de la ciudad.
16091,"Buena estancia, pero la situación del agua caliente y el mantenimiento del patio necesitan mejoras."
16093,"ubicación perfecta, excelente precio"
16094,"Ubicación perfecta, delicioso desayuno y personal amable."
16095,estancia confortable en el corazón de valencia
16097,"increíble ubicación, vale la pena"
16099,céntrico y acogedor
16100,excelente.
16104,"Excelente ubicación, muy central."
16107,"agradable escapada a la ciudad, personal muy amable y excelente ubicación."
16108,muy bien
16109,estancia muy agradable.
16111,Fantástica estancia en Valencia y magnífica ubicación en un estilo vintage informal en el centro de esta increíble ciudad.
16113,Precioso hotel con personal amable en una zona muy céntrica.
16114,muy agradable para una estancia corta
16115,Ubicación perfecta en el corazón del casco antiguo de Valencia.
16117,Este hotel tiene una excelente ubicación y quedamos satisfechos con nuestra mejora gratuita.
16121,"Excelente hotel, hotel limpio y confortable en el centro de Valencia. el personal de recepción fue excelente"
16122,bonito lugar en el centro de la ciudad
16125,Muy recomendable para cualquiera que visite Valencia.
16126,ubicación perfecta y super personal
16127,"Solo pasamos una noche en Valencia y esta fue la estancia ideal para nosotros, ya que pudimos caminar y ver muchas de las atracciones de Valencia."
16130,Idealmente ubicado para todo lo que probablemente quieras ver en el centro de la ciudad.
16131,buen hotel
16132,"Si volviéramos a visitar valencia, sin duda nos alojaríamos de nuevo en este hotel."
16133,BIEN
16134,unas vacaciones muy cómodas con un personal súper servicial en una ubicación perfecta
16135,¡muy bien!
16137,muy bonito hotel en el corazón de valencia
16138,en el centro de la ciudad
16139,"Este era un hotel ideal para 2 adultos y 2 mayores de 19 a 17 años. La ubicación central era magnífica, con muchos lugares turísticos."
16140,Una ciudad increíble y tener un hotel con una ubicación tan ideal definitivamente nos ayudó a disfrutar nuestro viaje.
16141,"Excelente ubicación, ligero ambiente de albergue en lugar de hotel."
16143,"Excelente ubicación, personal amable con increíbles vistas de la ciudad."
16146,base perfecta para una escapada a la ciudad
16148,paella de marisco y mucha sangría cada día es la vida. Me encanta Valencia y los hoteles informales. ¡¡nos vemos pronto!!
16151,Bonito hotel. Excelente ubicación.
16152,agradable estancia
16153,"Interior moderno y peculiar, ubicación fabulosa, personal excelente. Lo recomendaría."
16154,gran lugar para el centro de valencia
16156,muy limpio. calle demasiado ruidosa
16158,"Ubicación fantástica, personal encantador, habitaciones bonitas y cómodas."
16159,buen lugar para alojarse en valencia
16161,excelente ubicación central
16164,muy útil
16165,agradable y peculiar hotel en una buena ubicación.
16167,bien
16168,"En general, un hotel fabuloso en medio de la acción."
16170,Un bonito y espacioso lugar para alojarse en el corazón de Valencia.
16171,Todo el personal fue muy amable y servicial. La ubicación es excelente pero no hay área de descanso en este hotel.
16172,excelente
16173,estancia fantástica para una escapada a la ciudad
16174,gran lugar.
16175,cómoda ubicación perfecta
16176,Precioso hotel con amplias habitaciones y excelentes vistas.
16177,Lugar ideal para una escapada en pleno centro de Valencia.
16179,gran cama lástima del desayuno
16180,Es difícil superar la comodidad y la ubicación a este precio.
16181,"Me alojaría aquí de nuevo. conveniente, cómodo y limpio."
16183,asombroso
16184,"En general, ¡ha sido una experiencia increíble!"
16187,base perfecta en la impresionante Valencia
16188,estancia muy cómoda
16192,excelente ubicación y personal encantador
16193,ralph de inglaterra
16197,excelente ubicación
16198,¡Estancia inolvidable en el corazón de Valencia!
16199,Buena relación calidad-precio para el centro de Valencia.
16200,Ubicación central perfecta para personas que viajan solas. A sólo unos minutos a pie de la estación de tren.
16202,el personal es gente encantadora
16204,Me alojaría en el hotel una vez que esté en Valencia nuevamente.
16205,"Excelente estadía, definitivamente regresaría debido a su excelente relación calidad-precio y ubicación."
16206,excelente ubicación muy limpio
16207,"Vista increíble desde las habitaciones de las esquinas. Nos hospedamos en el 608, por lo que ni siquiera necesitas salir de tu habitación, solo puedes abrir el viento."
16211,"Hermosas vistas, excelente personal y estancia confortable."
16213,¡Tres camas individuales eran perfectas para un viaje entre hermanos!
16214,Soy un cliente habitual aquí porque tiene una excelente ubicación y el personal también es excelente.
16215,Me encantó y definitivamente regresaría.
16216,Nos encantó el casco antiguo de Valencia.
16217,1 noche
16218,estancia fantástica
16219,días maravillosos.
16220,Un hotel de gran valor en una ubicación perfecta lo recomendaría.
16221,en general bien
16222,excelente propiedad. Buen desayuno teniendo en cuenta las dos estrellas. tal vez más opciones sin gluten
16223,"absolutamente fantástico, todos muy acogedores"
16226,excelente ubicación y personal.
16229,"ubicación, ubicación, ubicación! Este lugar es una pequeña joya, es exactamente lo que dice y ¡muy limpio y cómodo!"
16230,muy recomendable
16232,Recomiendo altamente esta propiedad
16233,gran propiedad ubicada en el corazón de valencia
16235,"excelente ubicación, bonita habitación"
16238,"Excelente ubicación, excelente personal, muy servicial."
16239,"Ubicación perfecta del hotel, personal muy encantador y amable, excelente tejido de la habitación."
16240,buena relación calidad-precio
16241,Excelente lugar central con todo lo necesario para una estancia confortable.
16243,estancia perfecta
16245,"Lo recomendaría, teníamos una habitación en el octavo piso con una gran terraza, la vista era fabulosa"
16246,El hotel es bueno y puedes quedarte aquí.
16247,por favor no experimentes
16248,excelente ubicación!
16250,"Ubicación central, habitación limpia y cómoda."
16251,excelente ubicación para el centro de la ciudad
16252,"Excelente ubicación, buen hotel, el personal fue genial."
16253,"Excelente ubicación, limpio, personal amable y buenas almohadas."
16254,Muy recomendable por su ubicación en la plaza de ayumiento y la vista desde la sala de desayunos.
16255,"céntrico, espacioso, acogedor. una estancia estupenda en el corazón de valencia"
16256,Excelente ubicación con excelente desayuno y personal muy amable y servicial.
16258,"excelente ubicación, valor decente"
16259,una brillante estancia en valencia
16261,perfecto para visitar la ciudad de valencia
16262,Cómodo hotelito muy céntrico.
16263,gran estancia
16264,BIEN
16265,Gran lugar en el centro.
16266,"excelente viaje, hermoso hotel en una excelente ubicación"
16267,"una muy buena ubicación y buen desayuno,"
16268,"Un bonito hotel en el centro, a poca distancia de todos los lugares interesantes. todos los recepcionistas fueron muy serviciales"
16269,Tuvimos una estancia maravillosa y relajante en este hotel.
16270,excelente
16271,muy agradable y cómodo con una excelente ubicación.
16272,"estancia acogedora, cómoda y encantadora"
16273,BIEN
16274,"Acceso cómodo y fácil, nos gusta bastante."
16275,Posición perfecta para solicitudes de comodidad básicas.
16276,una gran estancia
16279,muy agradable
16281,excelente personal y ubicación.
16282,excelente ubicación para una estancia de fin de semana larga
16283,Disfruté de la estancia.
16284,valor por dinero
16286,personal amable y servicial y excelente ubicación para ver los lugares de interés.
16288,"En general, tuvimos una estancia estupenda y estuvimos muy contentos."
16290,Volveremos en septiembre pero en una habitación diferente.
16291,estancia fantástica
16292,¡Excelente lugar para quedarse!
16293,cómoda y excelente ubicación en el centro de la ciudad
16294,Me alojaría aquí de nuevo. Hay muchos sitios a poca distancia.
16295,¡asombroso!
16297,vista increíble y eso es todo
16298,Este es un gran hotel en una excelente ubicación. Altamente recomendado.
16299,muy bien
16301,el lugar perfecto para visitar valencia
16302,Me alojé aquí una semana y disfruté cada minuto.
16304,Tuvimos un descanso maravilloso para ver las luces navideñas y nos encantó.
16305,estuvo bien
16306,"Increíble ubicación en el centro de la ciudad, excelente relación calidad-precio."
16307,"Ubicación perfecta por el precio y personal muy servicial, con algunas mejoras necesarias."
16309,más allá de las expectativas
16310,bien
16313,estancia agradable para !
16314,impresionante ubicación en una hermosa ciudad
16315,personal amable en una excelente ubicación.
16317,ubicación fantástica. Lástima que faltaba agua caliente.
16318,"Gran hotel, personal encantador y ubicación increíble."
16321,estancia muy agradable en excelente ubicación.
16322,estancia que admite perros en excelente ubicación.
16325,decepcionado con el engaño con respecto a la habitación reservada
16328,Disfruté de la ubicación de este hotel perfecta.
16330,ubicación perfecta con personal amable
16332,"excelente ubicación, personal amable, relación calidad-precio"
16333,"Excelente, volvería."
16334,Perfectamente ubicado y buena relación calidad-precio.
16335,"Excelente ubicación, cama cómoda, personal amable."
16336,excelente ubicación.
16340,encantador me alojaría de nuevo
16341,excelente ubicación central
16344,asombroso
16345,"Reserva fácil y rápida. estética fea. Bien situado, pero entorno ruidoso por la noche."
16349,"el hotel cumple su propósito. limpio, cómodo y céntrico"
16350,"personal amable, buena ubicación."
16352,hotel céntrico a buen precio
16353,¡Justo en el centro con mucha personalidad!
16354,muy buena ubicación.
16355,Hotel perfectamente ubicado en el centro de la ciudad de Valencia.
16356,En general fue agradable y volvería a ir.
16357,estancia perfecta en valencia
16358,escala en valencia
16359,Un gran momento con amigos en una ciudad encantadora.
16362,excelente ubicación céntrica.
16364,¡Quedamos muy satisfechos con el alojamiento!
16365,Fantástica ubicación y vista desde la terraza.
16366,Bonito lugar en una ubicación perfecta.
16369,Excelente ubicación para que los turistas vean Valencia.
16371,excelente zona para hospedarse
16372,gran valor en el corazón de valencia
16373,excelente
16374,Este hotel es perfecto si te vas a quedar sólo unas pocas noches en Valencia.
16376,"personal amable y servicial, excelente ubicación para hacer turismo"
16377,el hotel está en el centro de la ciudad
16380,BIEN
16383,excelente ubicación y personal
16384,BIEN
16386,yo
16388,gran experiencia
16389,BIEN
16393,precio razonable - buenas condiciones
16395,Segunda vez aquí y con mucho gusto me alojaría de nuevo.
16397,cómodo y buena ubicación
16399,Este hotel ofrece una experiencia mixta pero aún así es un buen momento.
16400,Una excelente opción de relación calidad-precio para el centro de Valencia.
16401,perfecto para una estancia de 4 días
16402,gran lugar en el corazón de valencia
16403,excelente ubicación hotel encantador me alojaría de nuevo
16404,en general bien
16405,excelente ubicación en un hotel histórico
16407,BIEN
16409,un fabuloso fin de semana en familia. Definitivamente me quedaría de nuevo
16410,"Básicamente, fue genial por el precio, la ubicación y la habitación."
16411,BIEN
16412,"Este es un hotel informal y sencillo en una ubicación perfecta, justo en el medio de toda la actividad."
16413,feliz
16417,centrico y comodo
16418,BIEN
16420,buen hotel en el centro de la ciudad
16421,Buen hotel en una ubicación privilegiada.
16423,buena eleccion
16424,Gran estancia en Valencia informal y vintage.
16425,genial por su valor!
16427,No hay aire acondicionado como se muestra en el sitio de reserva.
16430,BIEN
16431,BIEN
16432,"excelente ubicación, buena relación calidad-precio!"
16433,"buena ubicación, personal agradable."
16434,excelente ubicación
16435,bien
16436,muy recomendable! El miembro del personal fue muy amable y servicial.
16437,recomiendo.
16440,la vista es perfecta. la ubicación es perfecta.
16441,excelente ubicación
16443,Recomiendo encarecidamente el hotel como una gran opción para una escapada a la ciudad.
16444,buena estancia por el valor
16445,BIEN
16446,"Mi segunda estancia aquí, y cuarta en el grupo casual de Valencia. todos son buenos lugares para quedarse."
16447,muy agradable
16449,bonito hotel
16450,BIEN
16451,"Justo en el corazón de la acción, ¡pero es necesario reemplazar el aire acondicionado!"
16452,BIEN
16453,BIEN
16454,ubicación superior
16455,sobre todo bien
16456,es lindo
16457,"Pequeño y encantador hotel en una excelente ubicación, perfecto para una estancia corta en Valencia."
16458,"muy agradable, volvería a reservar"
16459,perfecto para nuestra estancia familiar.
16460,"Buen hotel, pequeño y céntrico."
16461,excelente ubicación con algunas peculiaridades
16463,excelente ubicación
16465,Hotel algo espartano en una ubicación espléndida.
16466,estancia agradable en una excelente ubicación
16467,no pagues por el desayuno
16468,Definitivamente consideraría hospedarme en este hotel cuando visite Valencia.
16469,Buena estancia pero se podrían hacer algunas mejoras.
16470,"en el corazón de valencia, personal realmente amable y servicial - desayuno con buena relación calidad-precio"
16471,relación calidad-precio excepcional.
16473,gran valor en una excelente ubicación
16475,Bonito hotel económico y bien situado en el centro de la ciudad.
16476,bien
16477,OK
16478,Una bonita experiencia de 2 días por Valencia y sus alrededores.
16479,"muy conveniente. Excelente ubicación, personal muy servicial."
16481,"excelente ubicación, personal súper amable"
16482,BIEN
16483,"la habitación era pequeña y no estaba insonorizada, la ubicación y el personal eran realmente buenos y agradables."
16485,buena experiencia
16486,Excelente ubicación y buena relación calidad-precio.
16487,Ubicación muy central y excelente relación calidad-precio.
16488,BIEN
16489,recomendado para unas vacaciones cortas
16490,Cumplió su trabajo. ubicado en el centro. todavía demasiado caro.
16491,"Perfectamente adecuado para unas vacaciones cortas en una ubicación excelente, el personal es realmente amable... habitaciones cansadas"
16492,la mejor estancia en españa
16493,bonito hotel en el centro
16494,lo mejor para los viajeros.
16495,la ubicación era genial.
16497,excelente ubicación.
16498,excelente ubicación. buen valor
16499,BIEN
16500,escapada urbana muy agradable
16505,"El hotel está en muy buena ubicación, el desayuno era bueno y el personal muy servicial."
16506,Hotel perfectamente ubicado con excelentes vistas y delicioso desayuno. excelente valor.
16507,Excelente ubicación para explorar una ciudad magnífica.
16510,estancia de una noche.
16511,BIEN
16514,reservar con ventanas exteriores
16515,muy bien
16516,Gran lugar para visitar y la ubicación del hotel en el centro de la ciudad es maravillosa.
16518,gran valor en la ciudad
16519,mejor ubicación en valencia!
16520,Precio justo en buena ubicación en Valencia.
16521,estancia muy agradable.
16522,Gran lugar a buen precio en muy buena ubicación.
16524,gran relación calidad-precio
16526,excelente ubicación
16527,el personal y la ubicación lo hacen bueno
16528,BIEN
16529,"Viaje increíble, más o menos lo que esperaba de manera realista. la ubicación del hotel y el personal agregado"
16532,Recomiendo este hotel
16533,Magnífica estancia en Valencia. ¡Sin duda volveremos!
16534,BIEN
16535,una propiedad bien ubicada con un personal increíblemente solidario
16536,hotel encantador y acogedor
16538,"Ubicación fabulosa, buen precio, personal muy agradable."
16539,alojamiento razonable en excelente ubicación
16540,¡la ubicación es perfecta!
16541,Ubicación increíble y ciertamente mejor que un 2 estrellas.
16543,"Excelente ubicación, habitación bien, desayuno bien."
16544,una buena opción para una estancia corta
16545,muy agradable
16546,BIEN
16549,la estancia estuvo bien
16550,buena ubicación central
16551,normal
16552,"muy agradable, personal encantador"
16553,excelente ubicación y desayuno
16556,"Gran lugar para pasar el fin de semana, con una excelente ubicación para todos los sitios principales. cerca de tiendas de alquiler de bicicletas para explorar t"
16557,Estancia limpia y cómoda en una buena ubicación con un personal amable y servicial.
16558,gran posición!
16561,BIEN
16562,"buena ubicación, precio aceptable."
16563,estancia agradable
16564,"excelente ubicación, excelentes cosas y camas cómodas; Con algunas renovaciones, esta bien podría ser la mejor opción."
16565,"Cambiaría de habitación la próxima vez, el primer piso estaba limpio pero olía mal y era ruidoso."
16566,"Si te quedas poco tiempo y priorizas el centro, buena opción."
16567,"Excelente ubicación, bonito hotel pequeño, recomendado."
16569,"Sobrevalorado, habitación mediocre, muy buena ubicación."
16570,excelente ubicación central
16571,BIEN
16572,BIEN
16573,la ubicación era perfecta
16574,BIEN
16575,"José fue excelente, se merece un bono, muy útil."
16576,BIEN
16577,buena ubicación
16579,buena ubicación con personal amable
16582,excelente ubicación
16584,"Excelente ubicación, habitaciones decentes."
16585,"excelente. Si volviéramos, optaría por una ventana con vista exterior."
16586,"buena ubicación y precio, aire acondicionado en la habitación"
16587,excepcional
16588,¡magnífico!
16589,excepcional
16590,Tuve una estancia fabulosa. Recomiendo encarecidamente Valencia vintage informal.
16591,excepcional
16592,¡fantástico!
16593,excepcional
16594,Reservamos una habitación con terraza y fue increíble a pesar del clima. Pudimos ver el ayuntamiento desde la terraza.
16595,excepcional
16596,excepcional
16597,personal increíble. Gran hotel en una ubicación increíble. Altamente recomendado.
16598,excepcional
16599,excepcional
16600,tarifa tok peculiar y divertida
16601,bueno para una estancia corta
16602,volveremos
16603,Realmente no podría haber pedido algo mejor. ¡Muy recomendable!
16604,estancia acogedora y confortable
16605,excepcional
16606,excepcional
16607,gran lugar para alojarse en valencia
16608,excepcional
16609,excepcional
16610,encantador hotel con ubicación perfecta
16611,excepcional
16612,excepcional
16613,"Se siente genial estar en la ciudad, y aún mejor cuando te hospedas en un hotel como este."
16614,lindo
16615,excepcional
16616,excepcional
16617,excepcional
16618,"Excelente relación calidad-precio por la ubicación, el tamaño de la habitación y las instalaciones y el personal muy amable, la mitad del precio del Michelin."
16619,excepcional
16620,estancia perfecta en el corazón de la ciudad
16621,mejor en valencia
16622,valor excepcional en valencia
16623,"Limpio, excelente ubicación, el personal fue muy servicial. Recomendaría este hotel."
16624,Gran lugar para nuestra escapada urbana de 4 noches.
16625,what a great place to stay! amazing in all aspects exclamación de corazón
16626,abril oscar muy útil con direcciones y sugerencias. hicieron que nuestra estancia fuera muy agradable.
16627,Recibí lo que pagué. el personal fue excelente.
16628,estancia increíble en el corazón de valencia!
16629,"estancia maravillosa, personal estupendo, excelente ubicación"
16630,el lugar para regresar.
16631,ubicado en el mismo centro de la ciudad. valencia y este hotel fueron dos gratas sorpresas para mí!
16632,excepcional
16633,relajado y sin ningún problema. desayuno muy buena relación calidad-precio
16634,excepcional
16635,"lugar feliz, con gente amigable."
16636,excelente ubicación
16637,perfecto
16638,El personal es servicial y ofrece consejos sobre cómo navegar por la ciudad.
16639,excepcional
16640,gran estancia en el corazón de valencia
16641,"Me encantó el hotel. Era cómodo, el personal era encantador y la ubicación era estupenda."
16642,excepcional
16643,excepcional
16644,muy recomendable!
16645,excepcional
16646,excepcional
16647,valencia ciudad y vida de playa
16648,fantástico lugar para alojarse en valencia!
16649,excepcional
16650,agradable estancia en valencia
16651,"encantadora bienvenida por parte del personal, amable y servicial, tenía mucho conocimiento sobre qué ver y cómo encontrar atracciones turísticas."
16652,excelente hotel
16653,excepcional
16654,definitivamente volveremos
16655,excelente ubicación segura y cómoda
16656,excelente hotel
16657,fabuloso hotel recientemente remodelado en el corazón de valencia
16658,excepcional
16659,excepcional
16660,excepcional
16661,Habitación de tamaño confortable en el corazón de Valencia.
16662,elección perfecta en valencia
16663,estancia perfecta
16664,hotel excepcional - ¡una visita obligada! 10 10
16665,excepcional
16666,excepcional
16667,"Ubicación muy conveniente, habitación limpia y diseño conceptual atractivo."
16668,hotel en el centro de la ciudad
16669,hermoso edificio y ubicación divertida
16670,"hermoso hotel, vista impresionante"
16671,gran lugar muy céntrico personal amable
16672,¡Vuelvo enseguida!
16673,excepcional
16674,perfecto
16675,Ubicación perfecta y excelente personal.
16676,muy recomendable!
16677,excepcional
16678,valor y ubicación excepcionales
16679,"En general, por un par de días para un viaje a Soli y esa vista, está bien."
16680,ubicación perfecta
16681,excepcional
16682,¡Esperando las próximas vacaciones de invierno en Valencia!
16683,"Todo fue genial, habitaciones hermosas y modernas, el mejor personal de recepción, ubicación increíble."
16684,perfecto
16685,brillante
16686,excepcional
16687,gran estancia
16688,Volveríamos para quedarnos aquí.
16689,excepcional
16690,excelente
16691,"Nos encantó alojarnos aquí. Es nuestra quinta vez. El personal es fabuloso, al igual que la ubicación y las habitaciones temáticas."
16692,regresando
16693,Para mí fue el lugar perfecto para hacer turismo y acceder a todos los servicios.
16694,ubicación perfecta
16695,"excelente ubicación, personal agradable, habitación espaciosa a un precio competitivo"
16696,bien
16697,excepcional
16698,OK
16699,La ubicación estaba a poca distancia de todos los lugares de interés.
16700,¡recomendar!
16701,totalmente recomendado
16702,excepcional
16703,excepcional
16704,muy buen hotel...ubicación perfecta
16705,amado. Me quedaría de nuevo.
16706,excepcional
16707,¡recomiendo!
16708,excelente ubicación central
16709,"elección perfecta para personas que viajan solas, parejas o amigos; Gran punto de partida para descubrir Valencia."
16710,Hotel impecablemente limpio con excelente personal en una excelente ubicación.
16711,excepcional
16712,excelente
16713,hermosa ubicación
16714,excepcional
16715,"José, el recepcionista fue una excelente elección, en el lugar correcto, sabiendo cómo hacer que los clientes se sintieran como en casa. señor"
16716,muy bien
16717,buena relación calidad-precio en una excelente ubicación.
16718,"Ubicación perfecta, delicioso desayuno."
16719,excepcional
16720,fantástica habitación en excelente ubicación
16721,bueno pero ruidoso
16722,excelente
16723,excepcional
16724,"estancia increíble m! ¡Realmente lo disfruté! Buen personal amable, limpio, renovado y cómodo."
16725,ganas de volver otra vez
16726,excepcional
16727,muy recomendado
16728,valencia travel
16729,excepcional
16730,excepcional
16731,"Excelente ubicación y personal muy servicial, muy servicial y un buen desayuno para comenzar el día."
16732,excepcional
16735,"gran hotel, excelente ubicación y excelente relación calidad-precio"
16736,excepcional
16737,excepcional
16738,"Ubicación increíble, excelente relación calidad-precio, ¡lo recomendaría!"
16739,excepcional
16740,fantástica ubicación
16741,excepcional
16742,"Ubicación increíble, personal encantador, excelente relación calidad-precio."
16743,excepcional
16744,Ubicación perfecta en el centro de Valencia.
16745,maravillosa ubicación
16746,"Excelente ubicación, personal super amable y habitaciones espaciosas y extravagantes."
16747,"genial, lo disfrutamos!"
16748,pequeño pero perfecto
16749,excepcional
16750,completamente feliz.
16751,"Excelente ubicación, personal encantador, habitación limpia, cama cómoda y excelente visita."
16752,fin de semana en valencia
16753,¡excelente!
16754,excepcional
16755,excepcional
16756,"Excelente ubicación, habitación familiar muy limpia y espaciosa. no ruidoso"
16757,vale cada centavo
16758,Buena ubicación si te gusta el espacio pequeño y ruidoso.
16759,Excelente hotel boutique con un personal amable. fueron de gran ayuda. muy limpio.
16760,excepcional
16761,personal fabuloso y la mejor ubicación de la ciudad
16762,"precio razonable, personal amable, excelente ubicación"
16763,estancia perfecta
16764,excepcional
16765,excepcional
16766,un lugar perfecto para alojarse en valencia
16767,"estancia perfecta, volvería"
16768,hermoso lugar
16769,excepcional
16770,fantástico
16771,estancia increíble! gracias :
16772,vacaciones perfectas
16773,súper ubicación. Fácil acceso a todo.
16774,excepcional
16775,buena opción para visitar la ciudad
16776,¡¡¡No tomes una habitación que dé a la calle!!!
16777,excepcional
16778,estancia maravillosa!!
16779,estancia perfecta para una estancia corta
16780,excepcional
16781,OK
16782,Increíble estancia en un hotel vintage informal en el centro de la ciudad para las Fallas.
16783,excepcional
16784,Muy buena calidad a un precio razonable.
16785,excepcional
16787,las mejores camas de todos los tiempos
16788,una excelente ubicación y un gran valor
16789,Viví absolutamente Valencia y mi estancia aquí fue la culminación. hotel de calidad.
16790,una habitación con unas preciosas vistas en valencia
16791,excepcional
16792,estancia perfecta!
16793,excepcional
16794,experiencia hotelera única
16795,excepcional
16796,9.80 10
16797,¡Volvería en un abrir y cerrar de ojos!
16798,asombroso
16799,hotel súper genial
16800,muy recomendable
16801,mejor ubicación. A 20 min andando de valencia nord o joaquin sorella. Lugar conveniente para caminar o tomar un autobús a cualquier lugar.
16802,excepcional
16803,una buena inversión
16804,excepcional
16805,Estancia perfecta y acogedora.
16806,magnífico
16807,Buena opción para familias en el centro de Valencia.
16808,"era encantador, cómodo, soleado y agradable"
16809,Realmente disfrutamos de este hotel. Realmente fue perfecto para nuestra estancia en Valencia.
16810,gran hotel con excelentes vistas
16811,"excelente servicio, relación calidad-precio."
16812,¡Un lugar para volver otra vez!
16813,relación calidad-precio.
16814,¡Absolutamente perfecto para una escapada a la ciudad!
16815,excepcional
16816,excepcional
16817,excepcional
16818,lo pasamos bien. el personal es agradable. Hubo confusión en la habitación pero al final se acomodaron.
16819,excepcional
16820,"¡Me encantó lo céntrico que estaba este lugar! El personal era amable y servicial, todo estaba súper limpio y cómodo."
16821,
16822,gran lugar en valencia
16823,increíble definitivamente regresará
16824,excepcional
16825,excepcional
16826,excepcional
16827,excepcional
16828,un hotel increíble en el centro de la ciudad
16829,excepcional
16830,negocio
16831,excepcional
16832,"La mejor ubicación, hotel increíble y personal amable."
16833,"Estancia brillante, excelente ubicación central, personal amable y servicial y habitaciones amplias, tranquilas, cómodas y limpias."
16834,alojarse aquí fue un verdadero placer
16835,excepcional
16836,¡Pasé un gran momento allí y elegiría nuevamente para mi próximo viaje allí!
16837,excepcional
16838,excepcional
16839,excepcional
16840,excepcional
16841,Semana muy agradable en una hermosa ciudad amigable.
16842,excelente disfrutamos nuestra estancia
16843,¡todo estuvo bien!
16844,fue relajante y una hermosa estancia
16845,excepcional
16846,excepcional
16847,excepcional
16848,pequeño hotel fantástico con un personal fantástico
16849,"Personal encantador, siempre dispuesto a ayudar."
16850,gran lugar con una gran vista de valencia
16851,excelente ubicación
16852,centro
16853,fantástico
16854,"mejor ubicación, excelente vista"
16855,una experiencia maravillosa
16856,fantástico
16857,"Gran estancia en Valencia, muy buena relación calidad-precio. Definitivamente recomiendo este hotel."
16858,Hotel perfecto para una escapada a la ciudad de Valencia.
16859,¡Una excelente ubicación para visitar la hermosa Valencia!
16860,muy fácil encontrar el hotel. Habitación y baño limpios y luminosos. El hotel realmente tiene espíritu.
16861,nuestra segunda visita y nos alojaremos de nuevo
16862,Buen lugar para unas vacaciones de dos noches. ¡Tres habrían sido demasiado!
16863,cuarto de mierda
16865,"Es un alojamiento con una buena relación calidad-precio y mucho potencial. Si se reestructura bien, el edificio podría ser extraordinario."
16866,Me sentí muy bienvenido. personal muy atento. experiencia muy agradable.
16867,aceptable
16868,bien
16869,Por el dinero que pagué podría haberme alojado en un hotel mejor.
16870,"excelente ubicación y vista, habitación anticuada"
16871,Ubicación central con personal agradable pero equipamiento de habitación deficiente. demasiado caro
16872,una estancia maravillosa en valencia
16873,"Ok, compre para aquellos. Iría a otro lugar."
16876,"Excelente ubicación, mala calidad de las habitaciones y mal funcionamiento del aire acondicionado."
16878,aceptable
16879,excepcional
16880,¡Definitivamente volvería a reservar!
16881,aceptable
16882,aceptable
16883,"Demasiado ruidoso, mala relación calidad-precio."
16884,Tienes potencial para más de 2 estrellas. problemas con aire acondicionado y error
16886,Excelente ubicación pero nada más para un fin de semana.
16887,un buen trato económico.
16888,Es un gran hotel para quedarse por corto o largo tiempo.
16889,estuvo bien
16891,"Sin embargo, la ubicación es excelente, después de un día de trabajo, no puedes descansar debido al ruido."
16892,aceptable
16893,Cumplió su propósito como lugar de descanso en la ciudad.
16894,"Si su objetivo principal es una ubicación muy céntrica a un precio económico, entonces vale la pena considerar este botel."
16895,Evite las habitaciones en la parte trasera del hotel.
16896,"Buen hotel a un precio razonable, práctico para el centro de Valencia."
16897,Pasable pero no tiene buena relación calidad-precio.
16899,"Malas instalaciones, habitaciones viejas, personal del hotel maravilloso, excepto una de las amas de llaves."
16900,"En general, fue una buena estancia, nos decepcionó al principio cuando vimos las habitaciones, pero poco a poco nos acostumbramos."
16901,simplemente bien
16903,hotel muy normalito
16904,fotos donde pescando gato
16905,OK
16906,"En general muy agradable, sin embargo."
16907,no me alojaría allí de nuevo
16908,"Muy mal, no pudimos descansar por el ruido. absolutamente todo es audible al comenzar los sonidos de la ducha de la habitación de al lado y termina con"
16909,la ubicación es buena
16910,"Preciosa ubicación, personal agradable, camas horribles y habitaciones muy calurosas."
16911,demasiado caro y decepcionado.
16913,"Buena ubicación, pero la habitación incómoda y ruidosa."
16914,excepcional
16915,cuarto de aguas residuales maloliente s
16916,agradable
16917,ubicación muy buena habitación no tan buena
16918,"excelente ubicación, habitaciones promedio"
16919,aceptable
16920,"Bien, pero demasiado ruidoso para nosotros."
16922,evitar evitar evitar.
16923,Buena ubicación pero el precio no lo vale por el mal estado de la habitación.
16924,Excelente ubicación pero demasiado caro y extremadamente ruidoso.
16925,"Creo que es demasiado caro para lo que es, especialmente cuando llegas y te dan una habitación horrible."
16926,malas condiciones en excelente ubicación
16930,no está mal por el precio pero tiene problemas
16931,"Fuerte contraste, algo es genial, otras cosas están muy por debajo de las expectativas."
16932,aceptable
16933,último recurso
16934,aceptable
16935,No volveremos allí. pero todo fue muy agradable y amigable.
16936,Buena ubicación para ir de compras y lugares de interés turístico.
16938,aceptable
16939,"Buena relación calidad-precio, pero algunos problemas que informar."
16940,cuarto de caja de zapatos
16941,"buena ubicación, terriblemente ruidoso"
16942,Ubicación increíble con algunas mejoras menores necesarias.
16943,excelente ubicación pero ruidoso y anticuado
16944,Buen hotel para pasar una noche.
16945,La ubicación era estupenda para nosotros. Nos lo recomendaron desde Irlanda y a un precio muy razonable.
16946,el personal fue fabuloso
16947,Me encantó la ubicación pero me decepcionó la habitación.
16949,Bueno pero podría ser mucho mejor.
16950,aceptable
16951,promedio
16953,estancia básica pero excelente ubicación
16954,cubrió lo que necesitábamos
16955,"Excelente ubicación y el desayuno estaba bien, solo esperaba más comodidad en la habitación."
16956,"Personal muy profesional y servicial, excelente ubicación, todo a la vuelta de la esquina."
16957,"Está bien para una noche, limpio y una buena ubicación."
16959,6
16960,Buen viaje con excepción de los problemas con la habitación.
16961,excelente personal alojamiento por debajo del promedio
16962,por favor sirva café de verdad
16964,"aceptable, pero no excelente."
16965,horrible
16966,"La ubicación y la vista eran excepcionales, justo en el centro, pero las instalaciones eran normales."
16967,Las dos primeras noches han sido una pesadilla.
16970,"Ubicación increíble, hotel decepción total."
16971,aceptable
16972,"Excelente ubicación, pero caro para lo que obtienes."
16973,"Si bien está ubicado en el centro, este hotel necesita mantenimiento. no tiene una buena relación calidad-precio."
16974,imprevisible
16975,Buena ubicación pero no me alojaré allí de nuevo.
16976,aceptable
16977,decepcionante
16979,actualizar a piso en renovación
16981,No me alojaría aquí de nuevo.
16982,No me quedaría de nuevo.
16983,"Excelente ubicación si quieres estar en el centro de todo y tienes un presupuesto limitado, no podrías"
16984,la próxima vez tomaré una habitación más grande
16985,mal
16986,pésimo
16987,"Me quedé porque era prepago, pero el hotel de 4 estrellas al otro lado de la calle estaba disponible a un precio más bajo."
16988,Excelente ubicación y cama cómoda. El descanso no es recomendable.
16989,pésimo
16990,moho en el techo que apesta
16992,"La ubicación no es muy buena para dormir mal, desayuno barato, estancia maloliente y ruidosa."
16993,pésimo
16994,aceptable
16995,experiencia horrible viajando hoteles mucho peores en los que me he alojado
16996,aceptable
16997,"Excelente ubicación, hotel horrible!"
16998,excepcional
16999,excepcional
17001,básico pero adecuado.
17002,"Está bien para un viaje de negocios corto, pero comodidad limitada."
17003,"No me quedé, sospecho que había overbooking. Mala organización considerando que reservé hace más de 3 meses."
17004,aconsejado
17006,genial para un viaje a la ciudad
17007,Buen hotel y funcional con gran relación calidad-precio.
17008,agradable pero nos hubiera gustado tener vistas al bulevar o una habitación con balcón y mini bar
17012,salón vintage en valencia
17013,BIEN
17014,"simplemente fabuloso, personal de recepción, desayuno, habitación y excelente ubicación"
17015,BIEN
17016,"Excelente ubicación para llegar a cualquier necesidad o atracción a pie, personal realmente amable, algunos detalles agradables."
17020,genial para durante las fallas
17021,"una estancia con estilo en el corazón de Valencia, perfecta para explorar la ciudad a pie."
17022,personal muy amable
17025,"Si volviéramos a Valencia me referiría a esta estructura, limpia, cómoda para moverse a pie y en transporte público."
17030,valencia..simplemente fantástico!
17033,"muy bonito, acogedor, cerca del centro"
17034,"excelente desayuno, personal amable y ubicación central"
17038,BIEN
17039,BIEN
17040,"Valencia nos sorprendió, una ciudad que merece la pena visitar mujer bailando tono de piel oscura"
17045,amabilidad
17047,"agradable, céntrico y limpio!"
17048,muy agradable
17049,fabuloso !
17051,ideal para una estancia corta y urbana
17052,agradable
17053,quedarse en valencia
17058,¡muy bien!
17065,regular
17066,excelente ubicación y estadía
17067,quedarse en valencia
17069,agradable
17070,Excelente propiedad para un fin de semana en Valencia.
17074,Bonito hotel acogedor en el centro de Valencia.
17075,"El hotel está situado en una ubicación perfecta para las personas que quieran explorar. cerca de todas las atracciones, tiendas, restaurantes y pueblos"
17076,"Ubicación céntrica, personal disponible para cada petición, desayuno variado incluso para personas con intolerancias. elige"
17077,hermoso y comodo
17078,gita a valencia
17079,"estancia superior, ideal para un fin de semana maratoniano"
17081,"Excelente ubicación para viajar a Valencia, personal amable y servicial."
17082,excelente estancia
17084,hotel superior! muy recomendable!
17085,muy buena ubicación
17086,absolutamente central con una buena relación precio-rendimiento
17087,excelente estancia. Lo recomiendo. gracias al personal muy amable y servicial
17088,lo pasé muy bien
17090,Fue una experiencia agradable.
17091,Ubicación perfecta para descubrir Valencia.
17092,excelente ubicación y habitación increíble.
17095,"Habitación perfecta para dos personas que quieran visitar Valencia en tres días, súper cómoda por su ubicación estratégica."
17097,excelente ubicación excelente personal
17102,"Sencillo, excelente ubicación, personal amable y buen desayuno."
17108,excelente estancia.
17110,fue una estancia agradable
17113,agradable
17114,Así pude disfrutar realmente del estilo de Valencia.
17115,Estancia muy agradable pero lástima que el domingo por la mañana todos los sitios turísticos estuvieran cerrados.
17116,gracias a francesca recepcionista
17119,Precioso hotel en el centro de Valencia.
17122,súper habitación de hotel con una hermosa vista y un personal amable
17123,excelente ubicación y desayuno
17124,Buen hotel en una excelente ubicación a un precio justo.
17125,excelente ubicación! Lo recomiendo para una estancia en Valencia.
17128,BIEN
17129,"Como viajero frecuente de negocios, me he alojado en muchos hoteles y fue mejor en términos de comodidad."
17132,"muy céntrico, no hay aparcamiento cerca"
17133,bello
17134,bien situado para visitar la ciudad
17136,"Gran hotel en el corazón de la ciudad, pero reserve sin desayuno."
17137,ideal como base para desplazarse por la ciudad tanto a pie como en transporte público
17138,reservar en este hotel. Muy recomendable.
17139,"Ubicación perfecta, empleados amables, por lo demás genial para pasar una noche en Valenci."
17140,perfecto
17141,Muy central y excelente vista.
17142,Idealmente situado para descubrir Valencia.
17146,Yo lo recomendaría
17148,excelente relación calidad-precio
17149,aconsejado
17150,hotel en una posición muy conveniente para visitar la ciudad
17151,agradable
17152,en resumen todo fue perfecto.
17158,hotel fabuloso!!!
17160,excelente relación calidad-precio
17161,inesperado
17162,una base excelente.
17163,¡Lo pasé muy bien en vintage informal!
17164,buena relación calidad-precio
17165,BIEN
17167,excelente ubicación para visitar valencia
17168,"muy bonita ciudad, muy buena comida"
17169,gran hotel en el corazón de valencia
17170,una estancia caracterizada por la comodidad y la cortesía.
17171,ubicación privilegiada en valencia
17172,ideal para un viaje a la ciudad
17173,- .
17175,"proximidad a tiendas, shopping, restaurante, metro, hotel ubicado en el centro de la ciudad de Valencia"
17177,Perfecto
17179,estancia muy agradable.
17180,excelente experiencia
17181,"estancia perfecta, ubicación, buena habitación familiar y hermosa vista"
17183,Un gran momento en Valencia justo en el centro de la ciudad.
17184,personal educado y amable. Muy recomendable por ubicación y comodidad.
17187,BIEN
17188,excelente ubicación y bonita habitación
17189,hermoso hotel ubicado en una ubicación privilegiada
17190,BIEN
17191,bien
17194,gran hotel
17195,¡recomendado!
17197,
17198,bonita vista y personal amable
17201,excelente eleccion lo recomiendo
17203,la estancia fue muy buena
17209,Ubicación perfecta para un viaje a la ciudad!
17211,buen hotel en el centro
17212,"sin una buena noche de estadía, la habitación habría estado oscura y lúgubre y casi sin ventanas, escapada para una estadía corta."
17214,Buen hotel en el centro de la ciudad.
17218,justo en el centro de la ciudad en la plaza principal
17219,"En general, excelente alojamiento, ubicación, desayuno 5. Hubo problemas con el aislamiento acústico y h."
17220,perfecto para explorar el centro de Valencia
17221,gran hotel en una ubicación privilegiada!
17222,maravilloso hotel para un viaje a la ciudad!!
17224,que tengas una buena estancia
17225,"Lo recomiendo, estancia agradable."
17226,en el centro.
17227,absolutamente bien!
17228,hotel schönes altstadt
2500,agradable y feliz
2505,muy buena.
2769,estancia excelente
2900,muy buena
2938,acogedor y agradable.
3206,agradable
3208,agradable
3228,regulín no. repito
3236,nunca vayan a ese hotel
3594,centro de valencia - ubicación perfecta
3931,Visita inolvidable a Valencia.
3951,superstay in valencia in venecia plaza centro
6260,¡excepcional!
6859,fantástico
7122,feliz 3
8423,escapada perfecta
8635,expectativas cumplidas
8815,aceptable
12070,finde en pareja
12747,impeccable pulgar hacia arriba
14294,muy bien
15467,todo al alcance.
15486,relajado
15676,excelente lugar!
15772,hotel en el corazón de valència
15840,recomendo al com por cien.
15939,comodidad
15987,aceptable
16081,mira dentro de la cama antes de dormir
17229,prima
17230,agradable
17232,excelente precio-rendimiento
17233,"Excelente ubicación, buen desayuno, limpio, personal amable, habitación pequeña y escasamente amueblada."
17234,agradable estancia para familias
17236,personal muy amable
17238,en orden:-
17239,espectacular ubicación de este hotel
17242,excelente precio rendimiento
17244,muy buena estancia! a destacar la amabilidad y predisposición del personal y la excelente ubicación del
17245,fue muy lindo
17248,súper
17251,"salón agradable, cómodo y acogedor"
17253,muy exitoso
17254,En general una buena estancia.
17255,encuentra el perfecto!
17256,"El estadio de mestalla es mágico. Lástima que Holanda perdió, pero volvimos a disfrutar de nuestro Valencia"
17258,ubicación perfecta
17260,excelente ubicación.
17261,El sistema de aire acondicionado de la habitación: película de terror.
17262,estancia agradable.
17263,buena ubicación y lindo lugar
17264,disfruté
17265,excelente estancia
17268,BIEN
17269,Excelente alojamiento a un precio razonable.
17272,mucha comodidad en una ubicación espectacular.
17273,hermosa ubicación en el corazón de valencia
17274,Una vista de pájaro del corazón de Valencia.
17275,"Ubicación conveniente, excelente limpieza y abundante desayuno."
17276,Definitivamente lo recomiendo
17277,BIEN
17279,arriba
17281,bonito hotel céntrico
17282,bonito hotel céntrico
17283,hotel cómodo y agradable
17284,amabilidad y mucho color
17285,BIEN
17286,agradable estancia con una excelente ubicación
17287,excelente
17292,bonito lugar
17295,todo perfecto cariño sonriendo con ojos grandes
17296,¡Volvería a reservar esto la próxima vez!
17297,está bien
17298,posición superior
17301,"Excelente ubicación, ¡vale la pena repetir!"
17302,Hotel perfecto que superó las expectativas. lo pasamos muy bien
17305,un hotel que vale mucho la pena
17306,un cumpleaños de bienvenida
17307,fin de semana en valencia
17313,Óptimo.
17314,"Excelente estancia en una estructura cómoda, limpia y moderna."
17316,"unos pocos estaban contentos, unos pocos tenían quejas legítimas"
17317,"excelente acogida, incluyendo italiano, habitación cómoda, productos de baño estupendos!"
17320,muy buena estancia
17321,Tuve unas maravillosas vacaciones
17324,gran experiencia!
17327,ubicación ideal
17328,en una ubicación central
17329,muy bueno para vacaciones
17331,bien excepto para el desayuno.
17332,súper !
17335,Valencia en tres días.
17336,"Todo fue genial, gran hotel, me encantaría volver."
17337,buena relación calidad-precio
17338,muy recomendable!!
17340,"Noche relajante, justo en el centro de la ciudad."
17341,una agradable sorpresa
17343,excelente hotel en perfecta ubicación
17344,"bonita ciudad, buen hotel"
17349,"excelente ubicación, excelentes instalaciones!"
17350,todo bien!!!!
17352,"Me alojaría aquí de nuevo, pero sólo con una tarifa más barata."
17353,genial para un viaje a la ciudad
17355,fue muy lindo
17356,muy buena relación calidad-precio
17358,BIEN
17359,Bonita experiencia de alojamiento en el centro de Valencia.
17361,Me encantó
17362,hotel precio-rendimiento en el centro de la ciudad
17364,estancia agradable en el corazón de una hermosa ciudad
17366,muy bien
17367,lugar perfecto con personal muy amable
17369,Ubicación e instalaciones ideales para un viaje a la ciudad de varios días.
17375,"en el centro de valencia, en un hotel tematico muy limpio y comodo"
17376,Volvería a reservar allí
17377,valancia fantástica es genial
17378,"buena ubicación, cerca de todo lo que un turista necesita"
17379,excelente experiencia
17381,gran hotel en excelente ubicación!
17382,buen lugar para alojarse para descubrir valencia
17384,parfait
17389,maravillosamente! vivir justo en el centro.
17393,"Habitaciones amplias y cómodas, ubicación estratégica para la ciudad, personal super."
17394,Muy bien pero llévate tapones para los oídos.
17395,aconsejado
17397,"Ideal especialmente para gente joven. Excelente ubicación en el centro, muy conveniente para moverse por todo a pie. Alquiler de bicicletas anexo al edificio."
17399,hotel muy bien ubicado
17400,una elección perfecta para 2-3 días de turismo.
17401,
17402,"buena ubicación, buena relación calidad-precio"
17410,una noche en valencia
17411,impresionante
17412,¡La estancia fue genial!
17414,hermoso alojamiento en el centro de Sta.
17416,Excelente propiedad para una estancia en Valencia.
17417,buen hotel y excelente ropa de cama
17421,estancia agradable en una estructura acogedora
17423,"muy buena ubicación, habitación limpia. El único defecto son las habitaciones mal aisladas."
17424,", - !"
17425,excelente estancia
17428,estancia de cuento de hadas
17429,en general genial
17430,tiene todo lo que necesitas
17432,un hotel perfecto para un viaje a la ciudad
17433,muy lindo
17435,¡lindo!
17436,"Excelente ubicación en el centro, buenas camas, buen desayuno. listo para descubrir la bella Valencia"
17437,Van 2 noches.
17440,Bien
17441,bonito lugar
17442,lo recomiendo mucho
17444,Realmente disfrutamos de la ubicación ya que era muy central. para el desayuno solo recomiendo instalar un micrófono
17446,BIEN
17447,estancia en valencia con familia
17448,"Realmente una estructura hermosa, nueva y acogedora."
17449,absolutamente genial
17450,¡Ven aquí al menos una vez!
17452,excelente estancia
17453,excelente estancia en excelente ubicación
17454,muy brillante
17455,fantástico todo wowwww
17456,"Comodidad, centralidad y amabilidad."
17457,muy buena ubicación
17458,recomiendo
17460,valencia con familia
17461,"Ubicación excepcional, personal super amable y servicial."
17462,estructura muy central pero con algunas habitaciones que necesitan renovación
17463,muy recomendable!
17464,sensación increíble debido a la ubicación y la amabilidad del personal que continúa donde otros se detienen
17465,excelente precio calidad.
17466,súper ubicación
17467,marca superior
17469,un buen hotel y una ubicación ideal
17470,"Gracias por una estancia muy agradable en Casual Vintage, por la habitación con terraza con una vista maravillosa de la ciudad."
17472,hermoso centro de valencia!
17473,estancia agradable en este hotel
17474,gran punto de partida para explorar la ciudad
17475,"Si no le importa mucho la comodidad o el lujo, este hotel es perfecto."
17476,super en el centro de valencia!
17479,óptima
17481,todo bien menos el desayuno
17483,Estaba delicioso
17484,"Nos lo pasamos muy bien, la ubicación era excelente y los costos fueron definitivamente adecuados en comparación con otros hoteles de la zona."
17485,"el personal fue muy servicial y agradable. Excelente ubicación, pero el desayuno podría ser mejor."
17486,", ,"
17488,en el corazón de valencia
17489,Óptimo
17490,hotel superior
17491,genial
17494,corta estancia
17497,BIEN
17498,gran estancia! gran personal! felizmente volveria
17501,Delicioso !!
17502,"Tuvimos una estancia muy agradable, un hotel realmente fantástico en una ubicación privilegiada para un viaje a la ciudad."
17504,cómoda habitación para una familia de 4
17508,estancia fantástica con excelente desayuno.
17509,Gran hotel en una ubicación muy central.
17512,en el centro de la plaza valencia
17513,a mascletá
17514,fue una estancia muy agradable y el hotel estaba cerca de todo
17515,se puede recomendar
17516,llegamos a
17518,BIEN
17519,buen hotel con ambiciones
17524,buena relación calidad-precio.
17526,"excelente ubicación, buena ubicación, precio al final"
17528,estancia agradable
17529,todo perfecto
17530,"Ubicación perfecta, habitaciones nuevas."
17531,"Está bien para pasar la noche, es demasiado estrecho para quedarse en la habitación."
17534,Bonito alojamiento justo en la ciudad.
17535,bien
17536,würde es aber immer wieder buchen cara sonriendo con gafas de sol sol
17538,excelente elección
17539,¡lo logró!
17540,súper
17541,Visita de la ciudad de 2 días con transporte privado.
17542,"Buen hotel, con ubicación central."
17546,validando el 24 de febrero
17547,¡Definitivamente regresaremos!
17556,"Excelente ubicación, instalaciones limpias, lo recomendaría."
17558,Estancia muy agradable en una ciudad rica en historia y atractivos. la ubicación central del hotel
17559,estancia agradable
17563,los detalles marcan la diferencia!!
17564,bastante bien
17565,valencia inolvidable
17566,todo perfecto.
17567,estancia agradable en un hotel asequible
17568,¡Con este paquete completo estaría feliz de volver otra vez!
17571,¡Me encanta Valencia! estancia muy agradable
17572,estupendo
17574,hermosa experiencia
17575,muy buenas instalaciones
17577,Valencia estancia
17578,nuevamente en cualquier momento - ubicación perfecta
17579,todo perfecto
17580,encantador hotel para quedarse
17583,Óptimo
17584,excelente relación calidad-precio. Me encantó la ubicación.
17585,"el hotel está en una excelente posición para visitar la ciudad, la habitación tenía vista a la plaza, una vista maravillosa, aunque no nueva"
17587,"top lage, tolle zimmer, gerne wieder cara radiante con ojos sonrientes !!!"
17588,"excelente, pero no perfecto"
17591,BIEN
17592,muy agradable
17593,BIEN
17594,súper
17595,Buena estancia para visitar València durante dos días.
17596,"Muy buena ubicación, cómodo y agradable."
17598,placer y proximidad
17599,fantástico
17600,"Todo genial, en el centro, todos lados para comer y comprar."
17603,"Magnífica estancia, con una habitación grande, incluso demasiado grande, 705 que da a la plaza."
17605,satisfacer e
17606,excelente con personal agradable y servicial
17607,"muy bien ubicado, habitación grande y agradable"
17609,Gran estancia y definitivamente vale la pena repetir.
17610,estancia muy agradable
17611,BIEN
17613,buena ubicación y excelente alojamiento
17615,Tuve una agradable estancia. el desayuno estuvo bien. La ubicación del hotel es magnífica.
17617,"excelente ubicación, recomendado"
17621,valencia ottima in tutto! cara radiante con ojos sonrientes
17626,BIEN
17627,Muy recomendable. lo recomiendo ampliamente
17629,gran estancia en valencia
17630,en el corazón de valencia
17631,"3 días de vacaciones, suficientes para visitar la espléndida ciudad, comer muy buena comida típica."
17632,Estaba delicioso
17634,estancia agradable en una ubicación muy central
17637,precio bastante buena calidad
17638,buena estancia
17639,super te vreden!
17641,arriba
17643,muy céntrico pero caro
17644,céntrico y muy agradable
17645,aconsejado
17646,excelente estancia
17647,Delicioso
17648,muy agradable
17651,muy bien
17652,Gran hotel en el bullicioso centro.
17654,¡Volvería a elegir este hotel si volviera aquí!
17655,recomendar
17659,un hotel bien situado en el centro de la ciudad el personal agradable el desayuno era correcto
17662,una joya justo en el centro
17664,"excelente estancia, excelente ubicación"
17668,La ubicación del hotel permite un agradable descubrimiento de la ciudad.
17669,Bonito hotel para un viaje a la ciudad de Valencia.
17670,muy recomendado
17671,recomendado para la ubicación
17672,BIEN
17673,Bonito hotel en una gran plaza de Valencia.
17675,cómodo y relajante
17676,excelente ubicación. punto de partida perfecto para un recorrido por la ciudad.
17681,Óptimo
17684,muy recomendado
17685,¡La próxima vez definitivamente le informaremos con anticipación nuestra preferencia con respecto a la elección de habitación!
17689,limpio central acogedor
17690,muy buena relación calidad-precio!
17691,excelente ubicación!
17692,Me encantaría volver a alojarme en Valencia.
17694,posición superior
17695,¡una pequeña joya en el corazón de valencia!
17696,Está bien
17699,¡Excelente lugar para una hermosa ciudad!
17701,¡excelente!
17703,súper hacer
17704,la habitación no fue la elegida
17705,El hotel está en una ubicación perfecta en una ciudad súper hermosa.
17706,súper
17707,zaaliiigggg!!!
17708,Sólo unas pocas habitaciones con balcón tienen la vista como en las fotos...
17709,Hotel acogedor con comodidades básicas para el tipo de hotel elegido. Volvería y pediría una habitación más luminosa.
17710,una estancia estupenda con un personal agradable y una habitación cómoda
17713,gran estancia con magníficas vistas
17714,muy bien.
17715,buena ubicación y preciosas vistas desde la habitación con terraza
17716,buena ubicación
17717,estancia maravillosa
17718,Me gustaron mucho las tarjetas con los pensamientos que dejó el personal después de limpiar las habitaciones.
17720,Estancia corta pero logramos visitar bien la ciudad.
17721,cómodo y con personal servicial
17722,gran lugar
17723,"Nuestra estancia en Valencia fue increíble, ¡sobre todo por el hotel! :-"
17724,Buen hotel para un viaje a la ciudad de Valencia.
17725,agradable estancia
17726,excelente ubicación y bonito hotel!
17729,súper
17730,agradable y acogedor
17731,¡Volveremos pronto!
17732,prima
17735,excelente estancia
17736,muy buena ubicación y buen hotel
17738,encaja
17739,valencia centre
17742,buena estancia en general
17744,BIEN
17747,disfruté
17748,muy buena estancia
17749,superó las expectativas
17750,Un hotel bonito y limpio con un personal amable en una ubicación privilegiada pero muy ruidoso.
17752,agradable
17755,BIEN
17758,"Ubicación súper central, salida tardía, depósito de equipaje."
17759,definitivamente volveremos
17760,una posición así lo vale todo
17761,BIEN
17763,gran estancia y disfruté del sol
17770,gratamente sorprendido.
17772,BIEN
17774,gran estancia!
17776,"supera el número de estrellas otorgadas. Definitivamente recomendado, especialmente con las fallas."
17777,Tuve días maravillosos
17779,BIEN
17781,buen lugar para descubrir valencia
17782,Fantástico
17783,¡Pasé 4 días magníficos en Valencia!
17784,prima
17785,buena relación calidad-precio
17786,vacaciones perfectas
17787,estructura central y agradable
17788,perfecto para visitar valencia
17789,Óptimo
17790,breve
17791,Recomiendo el hotel por su excelente ubicación y la amabilidad y disponibilidad del personal.
17794,prima hotel
17796,volveremos
17798,BIEN
17801,BIEN
17803,Excelente alojamiento en el corazón de Valencia.
17804,beneficio de precio
17806,BIEN
17809,dejó algo que desear
17810,excelente relación calidad-precio en el corazón de valencia
17811,BIEN
17812,excelente ubicación en el centro histórico
17816,la ubicación es central y dormimos bien
17818,BIEN
17819,una pequeña joya en el corazón de valencia
17821,buena base a un precio razonable
17822,marca superior
17824,
17825,BIEN
17827,en el centro del centro
17828,Me encantaría quedarme aquí la próxima vez. Corazon Rojo
17830,perfecto para 3 días en valencia
17831,Muy buena relación calidad-precio en el centro de Valencia.
17832,BIEN
17833,aconsejado
17834,Bonito hotel en medio del centro antiguo.
17836,"Todo está bien, excepto el olor en el baño."
17838,hermosa ciudad definitivamente vale la pena una visita
17839,un poco demasiado vintage
17843,hotel perfectamente equipado
17844,volvemos con una sonrisa en la cara
17845,relajante
17850,central
17851,apellido quédate cerca del centro
17852,arriba
17853,muy bien ubicado
17854,hermoso lugar
17857,la relación precio-rendimiento es correcta
17859,bien y disfruté de la hermosa ciudad
17860,BIEN
17862,muy bien
17863,muy buena relación calidad
17864,Bien
17866,"Pensamos que era una excelente ubicación, un bonito hotel con un delicioso desayuno."
17867,"Definitivamente recomendado, pero trae tapones para los oídos."
17869,Buen hotel céntrico y personal servicial en la recepción.
17870,gran opción para moverse por la ciudad
17871,Excelente ubicación en un hotel divertido.
17872,"buena estructura en una ubicación céntrica, tranquila y moderna"
17873,fue agradable
17874,buena ubicación y buen confort
17877,BIEN
17878,"Muy recomendable, si vuelvo a Valencia nos alojaremos aquí."
17880,relajarse
17883,aconsejar
17886,agradable con personal agradable
17887,muy buena calidad precio
17888,da tener presente.
17889,"¡Un viaje corto exitoso, una ciudad hermosa, mejor explorada en bicicleta!"
17890,"Excelente solución, si volviera a Valencia definitivamente elegiría esta propiedad nuevamente por la relación calidad."
17891,BIEN
17892,Todo bien
17893,era un lindo pueblo
17895,Muy recomendable. buena relación calidad-precio
17897,en el corazón de valencia
17898,¡espectacular!
17900,viaje familiar
17901,sorprendentemente bueno con potencial
17902,Ideal para un viaje a la ciudad ya que la ubicación es súper central y puedes llegar fácilmente a todo desde allí.
17903,BIEN
17908,Disfrutamos de nuestra corta estancia en Valencia en este hotel.
17910,Hotel sencillo y bueno para una estancia corta. La ubicación central es perfecta.
17912,BIEN
17922,agradable estancia
17924,"económico, súper amigable y excelente ubicación"
17926,Preciosa y colorida habitación con vistas a la plaza del ayuntamiento.
17928,BIEN
17931,Gran hotel en una ubicación central con personal amable.
17932,"solución conveniente y agradable, pero..."
17934,buena experiencia
17935,Definitivamente volveré a reservar en esta propiedad.
17937,BIEN
17939,Óptimo
17940,BIEN
17941,Nos alojamos en este hotel por 4 días y 3 noches. todas las habitaciones están equipadas con aire acondicionado y baño privado.
17942,hotel en el corazón del centro
17943,BIEN
17944,visite valencia
17946,bonito hotel en una ubicación muy central
17947,"buen precio, relación calidad."
17951,Delicioso
17952,Gran hotel para pasar unas cuantas noches.
17954,BIEN
17956,excelente hotel en el centro de valencia
17959,BIEN
17960,Viaje a la ciudad de Valencia!!
17961,preciosa ciudad con bonito hotel
17962,Pequeño hotel en el centro de la ciudad a un precio razonable.
17964,estructura aconsejable
17966,Volvería a reservar este hotel.
17970,Hotel muy bien ubicado para recomendar. satisfacción más allá de nuestras expectativas.elà
17971,posición superior.
17972,siete dias
17974,hotel perfecto con una ubicación fantástica
17975,OK.
17976,hotel céntrico con mucho ruido
17977,BIEN
17978,en cualquier momento
17979,posición estratégica. Aparcamiento a 6 minutos andando. Hotel muy conveniente para llegar al centro.
17980,fue realmente muy bueno. buena relación calidad-precio
17983,Visité la ciudad gracias al excelente transporte público a costos insignificantes.
17984,BIEN
17985,"Excelente acogida y muy buena ubicación, a pesar de un ligero olor en la habitación."
17986,"Hermosa ubicación, personal muy amable, pero no esperes lujo."
17988,bien ubicado
17990,alojamiento céntrico con excelentes vistas desde el balcón; no chi-chi
17991,BIEN
17992,en el corazón de valencia
17993,valencia muy bonita y animada
17994,"En general, es un alojamiento bien situado con colores interesantes y camas cómodas."
17997,en general un buen hotel
17999,"excelente ubicación, excelente personal"
18001,excelente ubicación por un pequeño precio
18003,"Bien por el precio, no lujoso."
18004,BIEN
18005,"gran hotel, buena base!"
18006,"Buena ubicación, gran hotel con buena calidad precio."
18007,buena dirección
18008,gran estancia
18009,vintage justo en el centro
18010,hotel de primera y pasamos muy buenos días con fallas
18011,absolutamente genial
18012,buena estancia!
18013,hotel muy chulo
18014,"mi smo u ivali, valensija nas je o arala cara feliz con ojos sonrientes"
18017,BIEN
18018,gran hotel en una excelente ubicación
18020,maravilloso hotel para una estancia corta en Valencia
18021,"Alojamiento bastante cómodo, ¡especialmente por la ubicación! Calidad, precio correcto. desayuno no recomendado, en"
18022,"Si quieres conocer Valencia, Casual Vintage es un lugar original e ideal para alojarte"
18023,Sin saberlo tuvimos la suerte de quedarnos durante los días falleros.
18024,"un lugar hermoso, una ubicación ideal pero un poco ruidoso"
18028,"- ,"
18029,Gran estancia para el centro de Valencia.
18030,corre  o de informa  es
18032,moderado
18033,"un gran lugar para una escapada a la ciudad, incluso para una familia de 6 personas."
18034,en definitiva lo recomiendo
18035,prima hotel
18039,¡Vuelvo enseguida!
18040,amigable y lleno de humor
18041,hotel atmosférico en una buena ubicación
18042,muy bien
18043,cómodas instalaciones en el centro
18044,BIEN
18045,BIEN
18048,Gran opción en el centro de Valencia.
18049,más que suficiente
18050,Perfecto
18051,un gran fin de semana
18052,BIEN
18053,"Personal muy amable y acogedor, buen desayuno."
18054,"Ubicación central también permite regresar con breves paradas en el hotel, excelente desayuno, colchones muy cómodos."
18055,fin de semana español
18060,excelente alojamiento en el centro!
18061,"Estancia agradable en el corazón de Valencia, a las afueras del hotel estás en el centro con todo tipo de comodidades a tu alcance."
18065,todo esta bien
18067,"estancia exitosa, estamos satisfechos."
18068,BIEN
18069,BIEN
18070,fabulosa ubicación
18071,alojamiento perfecto en el centro
18079,fantástica ubicación
18080,"Excelente ubicación, linda vista pero tal vez debería costar un poco menos."
18082,Hotel confortable en una excelente ubicación para visitar la ciudad.
18083,BIEN
18089,¡Delicioso! súper amigable.
18090,excelente estancia
18091,¡excelente!
18092,"Fantástica ubicación, justo en la ciudad. las camas son maravillosas"
18093,hermoso en el centro
18094,Bonito hotel familiar con habitaciones maravillosamente espaciosas en el corazón de la hermosa ciudad.
18095,BIEN
18097,estancia relajante muy agradable.
18098,genial con un inconveniente
18099,excelente ubicación!
18100,¡Su verdadera joya es el oceanográfico!
18102,gran hotel urbano
18104,lugar decente en una buena ubicación.
18105,"Excelente ubicación, habitación básica pero con camas cómodas y súper limpias."
18106,hermoso fin de semana valenciano
18107,Sabe como un precio razonable por una excelente ubicación en el mismo hotel y bastante decente.
18108,BIEN
18110,estancia muy satisfactoria desde todos los puntos de vista
18111,BIEN
18113,En general la estancia fue más que positiva. todo el personal muy servicial y amable
18115,Gran hotel si puedes tolerar algunos inconvenientes.
18116,"Bueno, más bien un hotel juvenil moderno."
18117,"excelente ubicación, vintage, personal amable, buen desayuno"
18118,El hotel cumplió mis expectativas. el desayuno fue suficiente. El personal del hotel ayudó con el aparcamiento.
18119,buen hotel en excelente ubicación
18120,habitación temática divertida y excelente vista
18123,estancia razonable
18124,gran estancia!
18127,"Valencia preciosa, gente muy amable incluso en estos días después de la inundación."
18130,hotel muy recomendado
18131,disfrutado de principio a fin!
18132,estructura cómoda y de buena calidad
18133,lo pasamos bien
18135,"ciudad muy bonita y limpia, hermosa pero corta estadía con amigos."
18137,BIEN
18139,posición superior
18140,buen compromiso!
18142,prima!
18143,BIEN
18145,Puedo recomendarlo a todos
18146,"Excelente ubicación, excelente servicio."
18153,dirección a mantener
18154,"estándar simple como se esperaba, pero en general un alojamiento acogedor"
18158,BIEN
18159,fiera a valencia
18160,ubicación perfecta
18161,muy centrico pero un poco viejo
18162,BIEN
18166,lugar perfecto para visitar valencia
18167,"personal servicial, excelente ubicación"
18168,BIEN
18169,excelente ubicación
18170,BIEN
18172,hotel a 2 pasos del centro
18175,gran hotel en el corazón de valencia
18178,posición estratégica. maravillosa vista.
18180,El hotel es bueno para un máximo de 2 días.
18181,descubrimiento de valencia
18182,habitación original
18186,¡No es genial para nosotros!
18188,agradable estancia en el centro de valencia
18189,vacaciones en valencia
18192,relajante
18193,BIEN
18194,BIEN
18195,recomendado para visitar la ciudad
18196,bonito hotel muy céntrico
18197,BIEN
18198,Bonito hotel céntrico en una zona peatonal.
18200,en el corazón de valencia
18202,Podemos subir para visitar Valencia a pie.
18204,una noche en familia para visitar valencia
18205,estancia agradable
18206,excelente estancia
18207,"excelente estructura, vista espectacular"
18209,moderno hotel urbano en el centro de Valencia con amplias habitaciones
18211,BIEN
18213,BIEN
18215,"Excelente ubicación, buen desayuno, personal amable, con mucho gusto de nuevo."
18218,BIEN
18220,Disfrutamos de la estancia en el centro de la ciudad.
18221,"Excelente ubicación, pero no hay espacio interior."
18222,hotel muy bonito
18223,súper emplazamiento
18224,BIEN
18227,un excelente compromiso para una estancia agradable en el centro de la ciudad
18228,buena ubicación
18229,muy bien ubicado.
18232,Excelente estancia y excelente ubicación para visitar el dtad.
18233,fin de semana a valencia!
18235,¡práctico porque está bien colocado! personal servicial y amable.
18237,excelente ubicación pero muy básico
18238,Valencia
18239,"Precioso hotel con habitaciones amplias, un buen desayuno y una preciosa ubicación central."
18242,gran estancia
18243,bella valencia
18246,fin de semana en valencia
18248,BIEN
18249,Me encantaría volver para un viaje corto.
18251,pequeña habitación en una ubicación central
18252,Excelente base para visitar una ciudad excepcional.
18253,hermosa estancia
18254,"muy buena estancia en valencia, hotel bien situado"
18255,agradable estancia en un lugar hermoso y ocupado
18256,hermosa ubicación. recomendado.
18259,"Excelente ubicación, habitación equipada de diseño con vista a la plaza de la ciudad."
18260,todo salió bien
18261,"estancia estupenda, ubicación estupenda, desayuno delicioso"
18262,"Si no hubiera luz y hubiera una habitación, sería genial."
18263,BIEN
18265,BIEN
18268,campana de valencia
18269,vacaciones
18270,Hotel idealmente ubicado para un recorrido por la ciudad.
18271,muy correcto.
18272,BIEN
18273,bien ubicado
18274,todo esta bien
18276,"Buen hotel en una ubicación central, elija una habitación que dé al patio interior, sin vistas pero con menos ruido."
18277,casi perfecto
18281,excelente estancia en general
18282,BIEN
18283,"Valencia es una ciudad preciosa, la estancia fue ideal, muy céntrica!"
18284,"El hotel está muy céntrico en el casco antiguo, cerca del metro y de la estación de tren. personal agradable"
18287,"excelente ubicación, hermosa vista"
18288,¡Ubicación sencilla pero perfecta!
18290,perfecto para un viaje a la ciudad
18291,maravillosa estancia en el centro de Valencia
18292,excelente relación calidad-precio
18293,estuvo bien
18295,habitación grande y bonitas vistas a la ciudad
18296,todo estuvo muy bien.
18299,estancia agradable en el centro de Valencia:
18300,"hermosa ciudad, ideal para familias"
18301,BIEN
18303,BIEN
18304,¡Vale la pena la ubicación!
18305,BIEN
18307,idealmente ubicado en el centro de la ciudad!
18308,excelente solución
18309,bonita experiencia en valencia
18311,corazón de valencia
18314,personal agradable que cuida a sus clientes pero los extras añadidos al precio de la estancia estropean un poco el placer
18316,BIEN
18317,cumplió con las expectativas!
18318,Valência es una ciudad muy bonita. volveremos
18319,peima por unas noches
18322,parfait
18323,
18326,ubicación perfecta y bienvenida
18327,Bien
18328,Óptimo
18329,BIEN
18330,muy comodo
18332,"¡Si Valencia, entonces en este alojamiento!"
18334,BIEN
18335,"Todo bien, excepto que el decorador del baño no funcionaba y no había escobilla de baño."
18337,"La relación precio-rendimiento es correcta, definitivamente volveremos."
18338,¡Delicioso!
18340,"En realidad no tenía muchas expectativas, pero es un lugar más que bueno para pasar unas noches."
18341,valencia soleada
18343,el hotel cumplió mis expectativas. Recomiendo.
18344,Gran estancia para visitar la ciudad. precio muy céntrico y amigable
18345,BIEN
18346,descubriendo valencia.....
18347,sería la primera opción en un nuevo viaje a valencia
18348,estancia agradable y personal
18349,"Definitivamente vale la pena, buena relación calidad-precio."
18350,puede ser preferible.
18351,valenzia las fallas
18352,volveré a este hotel
18354,una fiesta en el corazón de la ciudad
18355,noche expresa
18356,buena acogida y buena ubicación.
18357,"2 de 4 días fueron fantásticos, los otros 2 días menos debido a la falta de sueño debido al ruido."
18358,BIEN
18359,BIEN
18362,excelente
18363,Muy recomendable en pleno centro histórico de Valencia!
18364,¡excelente!  muchos mendigos
18366,experiencia perfecta
18367,Difícil encontrar algo mejor a este precio por su ubicación.
18368,Valencia es una ciudad magnífica al igual que los edificios.
18369,Precioso hotel en una ubicación fantástica en el corazón de Valencia.
18370,BIEN
18371,muy feliz de nuevo
18374,BIEN
18376,"La mejor ubicación, pero por favor con una ventana que dé a la calle."
18379,quedamos satisfechos
18380,viaje de invierno a valencia
18381,Nuestra estancia fue muy agradable y creo que volveremos aquí: Valencia es maravillosa.
18384,en general excelente
18385,habitación espaciosa y bien amueblada
18387,BIEN
18389,BIEN
18390,gran estancia en buena ubicación
18398,satisfizo mis necesidades
18399,niña
18400,BIEN
18402,BIEN
18403,dulce valencia
18404,agradable experiencia en el centro de la ciudad
18405,excelente ubicación y todo agradable
18406,BIEN
18408,BIEN
18409,justo en el medio y no sólo allí...
18410,arriba
18411,BIEN
18412,arriba
18414,"ubicación ideal, bienvenida perfecta!"
18415,hotel en una excelente ubicación. justo en el centro. limpio y agradable. El desayuno era un poco repetitivo pero abundante estilo buffet. hechicera
18416,"Está bien en todos los aspectos, pero el olor me molestó un poco."
18417,gran personal
18419,"lindas vacaciones, posición estratégica y vista superior de una hermosa plaza, limpieza y cortesía de la s"
18420,buen hotel para alojarse en valencia
18422,Buen hotel en el centro con pequeños inconvenientes.
18425,"Fantástica vista en una ubicación sensacional, ¡volveremos pronto!"
18426,prima
18427,BIEN
18428,BIEN
18429,Valencia los 365 días del año.
18432,posición estratégica
18434,BIEN
18435,buen hotel en una ubicación privilegiada
18437,BIEN
18439,"Valencia es una ciudad preciosa, preciosa."
18440,más que satisfecho!
18443,un 2 que ofrece servicios superiores a su categoría
18444,una hermosa experiencia
18446,"Gran estancia, situado en el centro."
18449,Hotel sencillo con una ubicación fantástica que contaba con todas las comodidades necesarias para un viaje a la ciudad.
18451,fácil y cómodo
18455,fin de semana con amigos
18457,excelente ubicación
18458,5 días en Valencia con la familia
18459,BIEN
18461,excelente ubicación y habitación espaciosa!
18464,BIEN
18465,disfrutando de hermosas vistas en una hermosa ciudad
18468,Gracias por mejorar una estancia muy agradable.
18469,Excelente estructura para visitar Valencia.
18471,"hotel muy bien ubicado, hermosa vista a la plaza, cómodo y amable personal"
18474,Bonito hotel en el centro de Valencia.
18477,BIEN
18478,excelente ubicación en el casco antiguo
18479,fantástico
18481,valencia en 3 dias
18482,bonito hotel céntrico
18483,Excelente hotel para un viaje a la ciudad con la familia!
18486,quedarse en valencia
18487,"Una estancia corta de una noche pero que nos hizo querer volver a Valencia, ¡una ciudad magnífica! valor por dinero"
18488,BIEN
18492,muy buen momento:
18493,BIEN
18494,buen hotel con ubicación perfecta
18495,experiencia pl corte
18496,Óptimo
18498,valencia on valide !
18500,"posición súper estratégica, recomendado!"
18501,ganas de volver!!!
18502,hotel por una noche en tránsito
18503,"Bonito hotel en muy buena ubicación, muy limpio."
18505,"personal amable y cortés. Estructura moderna y limpia, ¡todas las noches encontraba algo para comer en la almohada!"
18507,BIEN
18509,fantástico
18513,genial para visitar la ciudad
18516,luces y sombras
18517,au c ur de valencia
18521,muy positivo
18524,"Excelente ubicación central, la habitación pequeña pero limpia y con muebles modernos mínimos. Lo consideraré para una próxima estadía."
18526,bien si no has pedido nada especial.
18527,arriba
18529,excelente
18531,"Excelente ubicación. Habitación superior. Buena relación calidad-precio, pero se puede mejorar mucho."
18532,bueno pero....
18534,un gran lugar para los visitantes de la ciudad
18536,Óptimo
18537,BIEN
18539,cómodo.
18543,BIEN
18544,Excelente ubicación recomendado para quienes no tienen pretensiones más allá de la sencillez.
18545,"sencillo, limpio y agradable"
18546,funcionó.
18547,Gran base para experimentar Valencia!
18550,excelente ubicación
18551,BIEN
18554,fantástico
18556,muy correcto. excelente ubicación.
18558,¡Volvería sin pensarlo!
18559,Ubicación fantástica y personal amable.
18560,buen hotel en una ubicación ideal
18561,La estancia en el hotel fue ideal en cuanto a ubicación.
18562,BIEN
18564,BIEN
18566,ubicación muy central
18568,BIEN
18569,BIEN
18571,agradable y agradable
18572,"ubicación perfecta, precio justo"
18574,Bueno por el precio pero realmente podría ser mejor.
18575,"Ubicación conveniente, personal muy amable."
18577,BIEN
18578,BIEN
18579,BIEN
18580,Bonito hotel para tu estancia en Valencia!
18581,excelente ubicación aunque
18582,BIEN
18583,BIEN
18585,Ubicación central si no te importa el ajetreo y el bullicio de la noche.
18586,BIEN
18587,BIEN
18588,El hotel es muy céntrico: en sólo dos minutos a pie se puede llegar a la parada de autobús de la plaza del Ayuntamiento y a la estación.
18589,límite
18590,BIEN
18593,BIEN
18594,Bien.
18595,BIEN
18596,BIEN
18598,vale la pena la posición que tiene!
18599,precio adecuado al estándar
18601,valencia una bella sorpresa
18603,", ."
18604,BIEN
18606,BIEN
18607,BIEN
18608,hotel céntrico.
18609,"Excelente ubicación y vista desde la sala de desayunos, comodidad de la habitación media."
18610,BIEN
18612,bonito y en el centro
18613,BIEN
18614,BIEN
18615,BIEN
18616,BIEN
18617,BIEN
18618,una gran ciudad - recomendado
18619,BIEN
18620,excelente ubica
18621,BIEN
18623,BIEN
18624,vacaciones con amigos
18626,BIEN
18629,Gran hotel céntrico para hacer turismo.
18630,BIEN
18631,buen hotel en una ubicación muy central
18632,BIEN
18633,con a
18635,excelente ubicación pero por lo demás...
18636,BIEN
18639,BIEN
18640,Excelente ubicación pero muchas cosas por arreglar!
18641,¡La mejor relación precio-rendimiento con un excelente servicio!
18642,BIEN
18644,"Estancia exitosa, personal muy agradable y bastante céntrico."
18646,hotel idealmente ubicado buena relación calidad-precio
18648,BIEN
18649,BIEN
18650,"Gran hotel, hay que hacer algo con el drenaje del agua y el ruido que provoca."
18651,Hotel perfecto si dejamos de lado la mala insonorización.
18652,BIEN
18655,hotel excelente ubicación
18656,bueno pero desagradable
18657,la posición estratégica en el centro nos permitió movernos tranquilamente incluso en transporte público como
18659,solo la ubicacion es excelente
18662,intestino
18663,BIEN
18664,"La ubicación es muy central, excelente desayuno y habitaciones muy amplias. tal vez el baño necesite ser modernizado un poco y cuidado"
18666,bonito establecimiento
18667,BIEN
18668,¡Un hermoso día en Valencia y una buena noche de sueño en el hotel!
18669,Definitivamente regresaría
18670,"una buena estancia en un hermoso lugar en Valencia, todo a poca distancia. Los empleados fueron muy atentos al dar consejos.o"
18671,fabuloso
18672,hermoso con un personal excepcional
18673,excelente estancia
18674,excepcional
18675,excepcional
18676,Fantástico
18677,personal súper capacitado y amable
18678,todo fue perfecto
18679,excepcional
18680,simplemente perfecto!
18681,excepcional
18682,excepcional
18683,excepcional
18684,excepcional
18685,un hotel en una ubicación excepcional
18686,excelente
18687,excepcional
18688,excepcional
18689,"excelente ubicación, limpieza y muy buen desayuno con una super vista!"
18690,excepcional
18691,Si decido volver a Valencia elegiré sin duda este hotel.
18692,la estancia perfecta en una ubicación perfecta
18693,Está en una excelente ubicación. El personal fue muy servicial. ¡Puedo recomendarlo!
18694,decepcionado por el precio
18695,hotel muy bonito y ubicación excepcional
18696,excepcional
18697,excepcional
18698,lo recomiendo mucho
18699,personal súper amable. Gracias
18700,una estancia que superó las expectativas y que recomiendo absolutamente
18701,excepcional
18702,excepcional
18704,excepcional
18705,excepcional
18706,excepcional
18707,excepcional
18708,"hermosa estancia. El personal muy servicial y cortés, especialmente la chica italiana de la recepción."
18709,excepcional
18710,viaje corto pero excelente
18711,¡El hotel está hecho por la gente que trabaja allí! Los chicos de la recepción fueron extraordinarios y la ubicación era excelente.
18712,excepcional
18713,Fantástico
18714,rehacer
18715,excepcional
18716,centro
18717,excepcional
18718,excepcional
18719,simplemente fabuloso también gracias al personal de la estructura.
18720,promedio
18721,muy bien.
18723,"Fantástico hotel en el centro de Valencia, muy cómodo para desplazarse en metro y autobuses, personal muy amable y simpático."
18724,¡inolvidable!
18725,para ser rehecho lo antes posible
18726,excepcional
18727,Fantástico
18728,¡Alojamiento perfecto para una visita turística a la hermosa ciudad!
18729,excepcional
18730,excelente experiencia
18731,excepcional
18732,excepcional
18733,excepcional
18734,La estancia en esta propiedad fue impecable. Excelente ubicación central cerca de todos los medios de transporte. d
18735,excepcional
18736,ubica y acomoda genial
18737,excepcional
18738,excelente elección
18739,genial y excelente lugar justo en el centro.
18740,¡Valencia nos enamoró!
18741,excepcional
18742,excepcional
18743,excepcional
18744,estancia súper agradable con mucho que ver cerca del hotel!
18745,Vale la pena visitar Valencia incluso fuera de temporada.
18746,muy recomendado
18747,hotel perfecto
18748,excepcional
18749,excepcional
18750,excelente
18751,excelente ubicación.
18752,excepcional
18754,"personal excepcional, realmente lo pasé muy bien"
18756,"gran estancia, volveré"
18757,excepcional
18758,"k a valencia a este hotel. ¡No te arrepentirás! cama limpia y cómoda, personal amable. el hotel vale la pena"
18759,muy buena estancia para repetir
18760,Perfecto
18761,excepcional
18762,magnífico
18763,excepcional
18764,¡fantásticamente!
18765,"Cómodo, con gran personalidad y una ubicación excepcional."
18766,recomendar
18767,"estancia muy agradable. cama cómoda, hermosa vista desde la ventana. Los cosméticos en el baño son una ventaja. yo y el servicio"
18768,volveremos
18769,excepcional
18770,excepcional
18771,excepcional
18772,excepcional
18773,parfait
18774,maravillosa estancia en una ubicación privilegiada en el centro
18775,excepcional
18776,súper recomendado
18777,excepcional
18778,hotel agradable y fresco
18779,muy comodo
18780,el alojamiento estuvo muy bien!
18781,¡fantástico!
18782,agradable y emocionante
18783,¡competitivo!
18784,sales y estas en el centro cerca de todo
18785,pésimo
18786,fin de semana en una hermosa ciudad y un excelente hotel!
18787,fue perfecto
18788,Gran hotel con una ubicación perfecta.
18789,València es muy bonita y transitable y los valencianos son muy amables. conocimos a muchos chicos italianos
18790,excepcional
18791,excepcional
18792,satisfecho
18793,todo perfecto espero volver
18794,excepcional
18795,excepcional
18796,excepcional
18797,excepcional
18798,excepcional
18799,excepcional
18800,"Todo estuvo genial, de nuevo en cualquier momento."
18801,muy recomendado
18802,arriba
18803,Perfecta ubicación en el centro a solo unos pasos de todo!
18804,excepcional
18805,Estuve unos días en Valencia con un amigo para explorar la ciudad y nuestra estancia terminó.
18806,excepcional
18807,excepcional
18808,Recomiendo ampliamente el hotel.
18809,excepcional
18810,Valencia es encantadora y alojarse en el corazón de la ciudad fue maravilloso.
18811,excepcional
18812,excepcional
18813,muy recomendado
18814,Gran hotel para visitar la ciudad.
18816,¡¡excepcional!!
18817,experiencia muy agradable
18818,excepcional
18819,una estancia perfecta
18820,excepcional
18821,muy recomendable!
18822,excepcional
18823,hotel superior
18824,excepcional
18825,mini vacaciones para repetir absolutamente
18826,excepcional
18827,100% recomendado
18828,Establecimiento excepcional en el centro de Valencia.
18829,excepcional
18830,excepcional
18831,excepcional
18832,hotel para recomendar
18833,excepcional
18834,volveremos sin duda
18835,"Todo muy cómodo, estructura acogedora y personal muy amable."
18836,excepcional
18837,"un hotel acogedor, limpio y bien organizado en el corazón de la encantadora Valencia"
18838,muy buena experiencia en un hotel bien ubicado
18839,excepcional
18840,excepcional
18841,satisfacción
18842,excepcional
18843,excelente hotel
18844,volver a valencia
18845,La entrada no es atractiva pero es buena una vez dentro.
18846,"Personal super amable, excelente ubicación y habitación muy fresca."
18847,excepcional
18848,excepcional
18849,magnífico
18850,Un alojamiento vintage con vistas a la plaza del centro.
18851,excepcional
18852,excepcional
18853,excepcional
18854,excepcional
18855,excepcional
18856,"Recomendado para familias, ubicación muy central."
18857,excepcional
18858,excepcional
18859,muy buena estancia en este hotel
18860,excepcional
18861,Ubicación central para explorar Valencia.
18862,hotel atmosférico en una excelente ubicación
18863,súper recomendado
18864,Perfecto desde la ubicación hasta el personal y la estructura.
18865,excepcional
18866,excepcional
18867,excepcional
18868,excepcional
18870,vacaciones superiores
18871,excepcional
18872,"Ambiente relajado y profesional, servicios eficientes y ubicación excepcional."
18873,excepcional
18874,excepcional
18876,
18877,¡Nuestra estancia y visita a Valencia realmente valieron la pena!
18878,estructura para recomendar
18879,increíble gran hotel gran bienvenida en el centro de la mágica antigua Valencia
18880,"Me alojé con mi familia, el personal siempre fue muy amable y servicial, excelente ubicación."
18881,excepcional
18882,excepcional
18883,excepcional
18885,Excelente ubicación y buena relación calidad-precio.
18886,excepcional
18887,¡aconsejado!
18888,excepcional
18889,muy malo
18890,excepcional
18892,ver comentario anterior
18893,excepcional
18894,arriba
18896,"super recomendable Valencia, muy recomendable la estructura por su ubicación y amabilidad de todo el personal querido feliz con ojos sonrientes querido feliz con ojos sonrientes"
18897,la estructura perfecta para tu viaje familiar
18898,ubicación ideal
18899,excepcional
18900,magnífico
18901,fantástica estancia llena de descanso y diversión!
18902,excepcional
18903,excepcional
18904,excepcional
18905,fantástico
18906,¡¡¡Extremadamente hermosa!!!
18907,excepcional
18908,Excelente ubica.
18909,excepcional
18910,excelente estancia.
18911,excepcional
18912,excepcional
18913,excepcional
18914,¡Fue fantástico! También una recepción muy agradable.
18915,muy agradable
18916,"perfecto como siempre, felicidades!"
18917,excelente
18918,¡Una elección estratégica!
18919,fin de semana en valencia
18920,excepcional
18921,estancia perfecta
18922,excelente
18923,excelente lo recomiendo
18924,hotel super limpio en el corazón de la ciudad
18925,Excelente bienvenida por parte del personal. habitación cómoda.
18926,3 días fabulosos
18927,¡arriba!
18928,encantador lugar en perfecta ubicación
18929,excepcional
18930,excepcional
18931,excepcional
18932,excepcional
18933,excepcional
18934,"personal muy amable, ubicación estratégica"
18935,excepcional
18936,excepcional
18937,excepcional
18938,excepcional
18939,muy recomendable!
18940,excepcional
18941,¡Muy buena opción para visitar Valencia!
18942,súper
18943,magnífico
18944,hotel informal vintage
18945,Definitivamente vale la pena repetirlo.
18946,excepcional
18947,Tuvimos una estancia agradable.
18948,excepcional
18949,estancia perfecta
18950,excelente ubicación y excelente precio
18951,excepcional
18952,excepcional
18953,vacaciones en valencia
18954,excepcional
18955,aconsejado
18956,excepcional
18957,excepcional
18958,excepcional
18959,", 3 , !"
18960,valencia en el corazon
18961,excepcional
18962,gran experiencia!!!
18963,gran estancia!
18964,buen hotel
18965,excepcional
18966,excepcional
18967,excepcional
18968,muy centrico
18969,muy recomendado
18970,valencia 3 dias
18971,aceptable
18972,maravilloso
18973,reseña casual vintage valencia el único detalle que no cumplió con mis expectativas es el
18974,Valencia
18975,excelente
18976,excepcional
18977,excepcional
18978,fantástico muy recomendado definitivamente volveremos
18980,un buen hotel
18981,excepcional
18982,absolutamente recomendado y volvería
18983,Lo recomiendo absolutamente como alojamiento en Valencia.
18984,muy recomendable!!!
18985,excepcional
18986,excepcional
18987,"Valencia es preciosa, volveremos a este hotel."
18988,súper
18989,excepcional
18990,Está bien
18991,sorpresa a valencia
18992,La ubicación era perfecta y los momentos eran animados de fondo.
18993,una noche en excelentes condiciones.
18994,Estuve 5 días en este hermoso hotel. el personal es muy diseñado y amable. mi habitación daba a
18995,"Muy buena ubicación, no podría ser mejor, personal muy amable, muy limpio."
18996,"perfecto, cabe destacar las recepcionistas, tanto de mañana como de tarde, muy amables y muy educadas"
18997,¡fantástico!
18998,excelente hotel
18999,excepcional
19000,excepcional
19001,excepcional
19002,excepcional
19003,excepcional
19004,excepcional
19005,"estancia corta pero sin embargo el alojamiento cómodo y confortable garantizado, además de la belleza de la ciudad, el excelente riu"
19006,maravilloso
19007,excepcional
19008,ciudad atmosférica que podrá disfrutar perfectamente gracias a la ubicación central del hotel.
19009,El estilo vintage de la Valencia casual vintage nos fascinó durante cuatro noches... definitivamente vale la pena volver a hacerlo.
19010,", :"
19011,"Excelente estructura, ubicación muy céntrica, personal muy amable."
19012,excepcional
19013,excepcional
19014,excepcional
19015,excepcional
19016,parfait
19017,excepcional
19019,schön
19020,excepcional
19021,Perfecto
19022,hotel con mucho encanto en una ubicación central
19023,muy hermoso
19024,ubicación superior
19025,excepcional
19026,Pasé 5 días maravillosos en Valencia. Definitivamente regresaremos otra vez. pulgar hacia arriba pulgar hacia arriba pulgar hacia arriba
19027,excepcional
19028,muy buena estancia
19029,excepcional
19030,ubicación ideal para visitar
19031,estancia perfecta
19032,hermosa estancia
19033,¡Merece mucho más que solo dos estrellas!
19034,excepcional
19035,excepcional
19036,excepcional
19037,excepcional
19038,excepcional
19039,excepcional
19040,excepcional
19041,bueno si me encuentras allí en valencia volveré pulgar hacia llegar tono de piel claro
19042,relajación en nombre de la amistad
19043,excepcional
19044,Alojamiento muy bonito que siempre recomendaría para pasar unos días en Valencia.
19046,¡Nuestra estancia no podría haber sido mejor!
19047,gran hotel muy bien ubicado
19048,hotel agradable y confortable en una excelente ubicación
19049,excepcional
19050,"bien ubicado, vista increíble, hermoso baño, buen café con excelente vista y recepción amigable"
19051,excepcional
19052,Gran hotel en una excelente ubicación y súper equipado. ¡Solo recomendado!
19053,gran hotel en una ciudad fantástica
19054,"Excelente relación calidad-precio, muy recomendable!"
19055,debería haberme quedado más tiempo
19056,"Excelente ubicación, hotel limpio que enfatiza los valores sostenibles."
19057,hotel bien ubicado
19058,excepcional
19059,excepcional
19060,excepcional
19061,excepcional
19062,excepcional
19063,excepcional
19064,excepcional
19065,Super céntrico y muy acogedor. Lo recomiendo para visitar el centro de la ciudad.
19066,impresionante
19067,excepcional
19068,excepcional
19070,excelente
19071,"Una estancia estupenda para un fin de semana, tanto solo como con alguien."
19072,excepcional
19073,excepcional
19074,¡¡¡excepcional!!!
19075,excepcional
19076,excepcional
19077,simplemente perfecto
19078,excepcional
19079,"estructura acogedora, agradable y bien organizada"
19080,fantástico
19081,hermosa experiencia
19082,hermosa ubicación y conveniente para todo
19083,central pero algunas habitaciones necesitan ser renovadas
19084,muy buen hotel con excelente ubicación
19085,súper recomendado
19086,estancia excepcional.
19087,muy bien
19088,top del top pulgar hacia arriba
19089,Perfecto para un fin de semana largo porque todos los lugares de interés se encuentran a poca distancia.
19090,encuentra el perfecto
19091,Nos lo pasamos genial. Los chicos de recepción fueron todos muy amables.
19092,cómodo y excelente ubicación!
19093,excepcional
19094,excepcional
19095,¡Óptimo!
19096,muy relajado en el centro de valencia
19097,"Excelente ubicación, personal muy agradable y atento, muy buen desayuno, hotel confortable."
19098,excepcional
19099,excepcional
19100,excepcional
19101,Lugar ideal para alojarse y moverse de forma independiente dada su ubicación central.
19102,reservar este hotel es una garantía
19103,valencia es muy bonita
19104,muy fresco y sorprendentemente agradable
19105,excepcional
19106,excepcional
19107,excepcional
19108,Ubicación perfecta para visitar la ciudad.
19109,Demasiado caro para la calidad del servicio.
19110,muy buena estancia
19111,excepcional
19112,"Óptimo. Me gusta todo. Deberían abrir más hoteles como este, incluso cerca de la Plaza de España."
19113,superó las expectativas
19114,excepcional
19115,excepcional
19116,excepcional
19117,rápido para encontrar un apartamento
19118,excepcional
19119,excelente hotel con todas las comodidades en un lugar espectacular.
19120,excepcional
19121,Perfecto
19122,hermosa ciudad y excelente ubicación del albergue
19123,"Excelente ubicación, personal increíblemente servicial, atento y cortés, habitación muy bonita."
19124,fin de semana por vencimiento!
19125,impresionante
19126,excepcional
19128,excepcional
19129,excepcional
19130,corta estancia en el centro de valencia
19131,excepcional
19132,excepcional
19133,excepcional
19134,una estancia fantástica. Hotel muy céntrico y cerca de los principales puntos de interés de la ciudad.
19135,excepcional
19136,excepcional
19137,No podría ser mejor.
19138,excepcional
19139,"Genial, me encantaría volver."
19141,excepcional
19142,todo maravilloso!
19143,fue maravilloso
19144,una estancia agradable
19145,excepcional
19146,excelente elección de hotel
19147,más allá de mis expectativas
19148,excepcional
19149,valencia top 100
19151,excepcional
19152,excepcional
19153,sensacional
19154,excepcional
19155,excepcional
19156,excepcional
19157,un cumpleaños inolvidable
19158,"fantástica estancia, valencia una ciudad preciosa, volveremos"
19159,muy recomendado
19160,vista de ensueño!
19162,excepcional
19163,excepcional
19164,geniales
19165,"Habitación limpia, muebles nuevos y cama súper cómoda. la habitación con vista a la ciudad es muy impresionante y considerando"
19166,Fantástico
19167,excepcional
19168,excepcional
19169,hermosa y espaciosa habitación con una vista maravillosa
19170,excepcional
19171,excelente descubrimiento
19172,Vuelve alguna vez a la mágica Valencia.
19173,excepcional
19174,excepcional
19175,excepcional
19176,excepcional
19177,excepcional
19178,hermoso y acogedor
19179,excepcional
19180,una buena op
19181,excepcional
19182,relación calidad-precio excepcional
19183,excepcional
19184,excepcional
19185,excelente
19186,excepcional
19187,excepcional
19188,definitivamente recomendado
19189,"La estructura es realmente perfecta, la ubicación está justo en el corazón de Valencia."
19190,excepcional
19191,excepcional
19192,excepcional
19193,estancia perfecta.
19194,excepcional
19195,¡Excelente ubicación y excelente alojamiento!
19196,unas buenas vacaciones en unas excelentes instalaciones
19197,excepcional
19198,hotel urbano super bonito
19199,excepcional
19200,excepcional
19202,fantástico
19203,"relajante. , agradable"
19204,relación calidad-precio y superó mis expectativas
19205,excepcional
19206,"Sencillamente fantástico, excelente ubicación habitación temática y recién reformada con vistas a la plaza del ayuntamiento."
19207,excelente opción para cualquier viajero
19208,¿Qué más podrías querer?
19209,"Hotel perfecto e inolvidable, muy recomendable!"
19210,excepcional
19211,aceptable
19212,un hotel que vale la pena recomendar
19213,excepcional
19214,excepcional
19215,excepcional
19216,excepcional
19217,excepcional
19218,aconsejado
19219,excepcional
19220,perfecto
19221,excepcional
19222,una breve visita a una bonita ciudad.
19223,Bonito hotel con buen personal y pequeñas sorpresas agradables.
19224,excepcional
19225,ubicación ideal!
19226,"valencia, una bella sorpresa!"
19227,excepcional
19229,excepcional
19230,volveremos por más días
19231,"Buen hotel, excelente ubicación y personal servicial desde la recepción hasta el servicio de limpieza."
19232,excepcional
19233,recomendado
19234,"Hotel en el centro, con habitaciones amplias e impecables, personal servicial y amable. Definitivamente regresaré"
19235,excelente solución para la familia
19236,impresionante
19237,excepcional
19238,excepcional
19239,hermosa experiencia
19240,excepcional
19241,excepcional
19242,¡Óptimo!
19243,excepcional
19244,"Me llevé bien con todos los chicos que trabajan allí, pero la recepcionista Florencia fue realmente muy buena y muy servicial."
19245,excepcional
19246,"Personal muy servicial y amable, habitación grande y limpia, excelente ubicación. muy recomendable!!"
19247,excepcional
19248,en pleno centro de valencia!
19249,¡aplastar!
19250,auto-regalo de cumpleaños
19251,fantástico
19252,"vacaciones perfectas, también gracias a este hotel"
19253,"hotel en el centro, personal amable y servicial, recomendado!"
19254,excepcional
19255,excepcional
19256,perfecto
19257,¡¡excelente!!
19258,excepcional
19259,buenas vacaciones
19260,excepcional
19261,excepcional
19262,excepcional
19263,vacaciones en valencia casual vintage
19264,mauro bolonia
19265,¡excelente!
19266,"gran estancia, nos lo pasamos muy bien!"
19267,"Después de años de no volver a la ciudad me encontré en este hotel de locura, muy bien amueblado y cuidado hasta el más mínimo detalle."
19268,excepcional
19270,excepcional
19271,¡perfecto!
19272,
19273,excepcional
19274,excepcional
19275,muy bien
19276,excepcional
19277,parfait!
19278,excepcional
19279,encantador hotel céntrico
19280,"excelente ubicación, excelente personal"
19281,"Hermoso lugar, moderno y confortable. la cama muy comoda"
19282,recomendado y solo 2 estrellas!?
19283,excepcional
19284,séjour trop court cara con manos abrazando cara con manos abrazando
19285,comodidad en valencia!
19286,excepcional
19287,todo súper
19288,excepcional
19289,excepcional
19290,excepcional
19292,aconsejado
19293,excepcional
19295,posición envidiable
19296,excepcional
19297,excepcional
19298,excepcional
19299,excepcional
19300,extraordinario
19301,todo fue perfecto. más allá de mis expectativas. lo recomiendo mucho
19302,fantástico
19303,valencia en el corazon
19304,habitación sin vistas. hotel bien situado.
19305,vacaciones y estancia que recomendaré
19306,hotel muy bien situado pero destinado a gente joven
19307,excepcional
19308,excepcional
19309,excepcional
19310,excepcional
19311,"excelente ubicación, lindo"
19314,excepcional
19315,La ubicación es ideal pero no lo recomiendo para nada si quieres dormir tranquilo.
19316,excepcional
19317,excepcional
19318,valencia 2026
19319,excepcional
19320,revés.
19321,excepcional
19322,muy mal
19323,compromisos
19324,excelente hotel en una ubicación muy central
19325,definitivamente volveremos
19326,¡Fantástico!
19327,¡fabuloso!
19328,excepcional
19330,no lo recomiendo
19331,cómodo y muy céntrico...es una pena que se me hayan escapado algunas precauciones durante mi estancia
19332,todavía lo pasamos bien
19334,"nuestra habitación era razonable, pero sin ventana a la calle. Apto para grupos grandes."
19335,buena ubicación
19336,"Buen hotel en una excelente ubicación para un fin de semana en Valencia, pero bastante básico."
19337,excepcional
19338,aceptable
19339,"Hotel con una ubicación perfecta para visitar Valencia, ¡fantástica bienvenida!"
19340,Volvería a Valencia y mañana también a casual vintage.
19341,excepcional
19342,estancia agradable
19343,excepcional
19344,personal amable y desayuno versátil
19345,febrero des
19347,estancia corta 4 noches. en general pasó rápido
19348,agradable
19349,excepcional
19350,Está bien para una o dos noches. La ubicación del hotel es ideal.
19352,"Buena frase, ordenada, pero con algunos defectos evidentes."
19353,"buena ubicación, comodidad básica"
19354,¡súper legal!
19355,¡Afortunadamente el viejo es magnífico!
19356,Fue adecuado para mí en términos de relación calidad-precio.
19357,", .                              !"
19358,excepcional
19359,muy bien
19360,excepcional
19361,"Está muy bien en cuanto a ubicación, pero necesita renovarse en cuanto a higiene."
19362,aceptable
19363,OK
19364,excepcional
19365,excepcional
19366,excepcional
19367,excepcional
19369,excepcional
19371,corto pero inolvidable
19372,excepcional
19373,excepcional
19374,excepcional
19375,excepcional
19377,aceptable
19378,aceptable
19379,medio
19381,gran estancia y buena ubicación
19382,estuvo bien por 1 noche
19383,estancia muy agradable
19384,excepcional
19385,excepcional
19386,BIEN
19387,aceptable
19388,prima hotel
19389,muy mal
19390,buen paseo
19391,Magnífico !
19393,"Hotel promedio, excelente ubicación central."
19394,volvería...
19395,no volveré ni lo recomendaré
19396,excepcional
19397,Habitación bien pero ruido.
19398,la ubicación es buena! El precio que pagué por noche no fue proporcionalmente demasiado alto.
19399,excepcional
19400,"buena ubicación, interior más que transitable"
19401,excepcional
19402,excepcional
19403,"¡Perfecto! amabilidad, hospitalidad y logística."
19404,aceptable
19405,aceptable
19406,valencia es preciosa
19407,¡¡¡¡Fantástico!!!! ¡ir!
19408,muy decepcionado.
19410,Valencia a tu alcance
19411,Excelente ubicación al lado de la plaza principal de la ciudad.
19412,excepcional
19414,Evite las habitaciones marcadas como económicas e interiores.
19415,El disfrute de su estadía depende de la habitación que obtenga.
19416,excepcional
19417,"Idealmente ubicado, hermosa vista pero lamentablemente muy ruidoso."
19418,personal increíble que te hace olvidar la calidad de la habitación
19419,correcto por dos días y nada más. cumple la funcion y suficiente
19421,¡No se recomienda la habitación interior!
19422,agradable
19423,ja i valencia
19424,excepcional
19426,excepcional
19428,"Nunca más, absolutamente desaconsejado."
19429,Óptimo
19430,excepcional
19431,"Estancia excepcional, más allá de todas las expectativas."
19433,muy cómodo y bien situado.
19434,BIEN
19435,mal
19436,¡súper!
19437,en el corazón de valencia
19438,Valencia siempre es fascinante y su centro histórico no deja de sorprender
19439,amigable con excelente ubicación geográfica del hotel.
19440,mal
19441,la ubicación es lo único bueno del hotel
19442,Un gran punto negativo cara con calor.
19446,"No arruinó el viaje, pero dejó mucho que desear."
19449,"Excelente ubicación, ver reseña para el resto."
19450,baños de los 80
19451,personal muy amable y acogedor. las habitaciones necesitan ser modernizadas.
19453,ligando perfecto
19455,Sólo la ubicación es buena. Por lo demás este hotel es realmente malo.
19459,mal
19462,Quedamos muy decepcionados con el hotel.
19463,pobre
19464,"La ubicación es excelente, la calidad del hotel es baja."
19466,Más un hostal que un hotel.
19467,más atención
19470,No reserve la habitación básica.
19473,"Debido al hotel decepcionante, nuestro viaje a Valencia no salió como pensábamos."
19476,"La ubicación es excelente, la selección de la habitación debe considerarse cuidadosamente."
19477,mal
19479,maravillosa ubicación para visitar la ciudad a pie
19480,mejorar
19481,aceptable
19482,comodidad limitada
19483,necesita mejoras!!
19484,aceptable
19485,como un campamento de verano para adolescentes
19486,mal
19487,puede ser mucho mejor.
19488,buena ubicación
19491,servicial
19494,"buena ubicación, pésimo desayuno - decoración aburrida del hotel"
19496,mal
19497,decepcionante
19498,"práctico, agradable"
19499,aceptable
19502,rednio
19503,aceptable
19504,decepcionante
19506,una celda en los Países Bajos es mejor
19507,aceptable
19510,aceptable
19511,"Habitación decente, no reserve en el lado de la calle."
19513,un hotel sencillo limpio no recomiendo las habitaciones baratas buena ubicación
19514,"Habitaciones internas con vistas al pozo, no se realiza limpieza. posición apreciada."
19516,aceptable
19517,bueno para estancia corta.
19518,El comportamiento de los precios no fue consistente.
19519,buena ubicación
19520,¡No recomendado por este precio!
19521,aparte de la ubicación no vale la pena
19523,buena ubicación pero mucho ruido
19524,"Hotel no recomendado, relación calidad-precio absurda."
19525,estancia agradable
19526,Valencia siempre bella y a escala humana.
19527,personal amable y buen desayuno
19528,"excelente ubicación, condiciones soportables"
19529,aceptable
19530,"muy simple, pero idealmente ubicado"
19532,"excelente ubicación, extremadamente ruidoso, personal muy amable"
19533,No recomiendo la habitación de lujo.
19535,¡ninguna recomendación!
19536,mal
19538,aceptable
19542,no es serio!!!
19543,Excelente ubicación pero el hotel no está en buenas condiciones.
19544,aceptable
19545,"Ubicación central, perfectamente bien para pasar unas cuantas noches."
19546,quedarse en valencia
19547,terrible relación calidad-precio
19549,"cerca del mercado, el metro este hotel está idealmente ubicado"
19550,aceptable
19551,estancia agradable y exitosa! es muy recomendable!
19552,mal
19553,aceptable
19554,muy mal
19555,pésimo
19556,razonable
19557,muy ruidoso
19558,"Genial si prefieres la ubicación, pero malo si intentas descansar en silencio."
19559,desgastado y viejo no significa vintage
19560,malo
19561,No volvería a elegir este hotel.
19562,aceptable
19563,
19566,pésimo
19567,no lo repetiré más
19568,no tan bueno
19570,aceptable
19574,No se lo recomiendo a nadie
19575,aceptable
19576,moderado
19577,bueno para estancia muy corta
19578,Valencia si pero no en este hotel.
19579,mal
19580,"Sólo la ubicación es buena. Aparte de eso, nunca se lo recomendaría a nadie."
19581,No elijas este hotel. huir.
19582,en el propio centro
19583,aceptable
19584,La habitación económica en el interior era muy cara y realmente no valía la pena.
19586,¡Muy decepcionante por el 802.49 que tuvimos que pagar por 3!  noches.
19587,mal
19590,catastrófico
19591,aceptable
19592,"Excelente ubicación, personal diferente en su enfoque, pero la habitación era simplemente mala."
19593,no agradable.
19595,aceptable
19596,"sin aislamiento, habitación muy ruidosa"
19597,aceptable
19598,Valencia
19599,no satisfecho
19601,las fotografías engañan
19602,se sentía como estar en la casa de gost
19604,una gran decepción
19605,no es confiable - no es realista
19607,"terrible, no volvería gratis."
19608,La habitación cuádruple para 2 adultos y 2 niños no está disponible. viejo con humedad. ruidoso debido a la proximidad al ascensor
19609,hermosa ubicación central cerca de todos los lugares de interés
19610,pésimo
19611,muy mal
19612,excepcional
19613,fueron unas hermosas vacaciones
19614,excepcional
19615,Excelente ubicación para un viaje de unos días a la ciudad de Valencia!
19616,preciosa valencia
19617,"hermoso hotel, habitación espaciosa y limpia con ubicación ideal!"
19618,bien mimado!
19619,hotel perfecto en el centro de valencia
19620,"Considerándolo todo bien, pero no apto para más de 2 o 3 noches."
19621,¡bien!
19622,excepcional
19623,aceptable
19640,BIEN
19646,increíble
19650,perfecto
19657,BIEN
19665,BIEN
19673,BIEN
19680,BIEN
19687,BIEN
19688,BIEN
19707,BIEN
19748,BIEN
19782,BIEN
19785,BIEN
19788,BIEN
19795,BIEN
19803,BIEN
19806,BIEN
19807,BIEN
19808,BIEN
19814,BIEN
19815,BIEN
19819,BIEN
19820,BIEN
19822,BIEN
19823,BIEN
19826,BIEN
19827,BIEN
19831,BIEN
19836,BIEN
19837,BIEN
19838,BIEN
19840,BIEN
19842,BIEN
19846,BIEN
19848,BIEN
19851,BIEN
19856,BIEN
19862,BIEN
19863,BIEN
19864,BIEN
19865,BIEN
19866,BIEN
19868,BIEN
19877,BIEN
19881,BIEN
19883,BIEN
19885,BIEN
19894,visita a amigos.
19897,BIEN
19898,BIEN
19899,BIEN
19901,BIEN
19903,BIEN
19910,BIEN
19918,BIEN
19927,BIEN
19930,BIEN
19932,BIEN
19934,BIEN
19935,BIEN
19936,BIEN
19941,BIEN
19942,BIEN
19944,BIEN
19950,BIEN
19960,BIEN
19961,BIEN
19962,BIEN
19972,BIEN
19973,BIEN
19974,BIEN
19976,BIEN
19977,BIEN
19978,BIEN
19980,BIEN
19985,BIEN
19988,BIEN
19994,excepcional
19995,excepcional
19996,excepcional
19997,excepcional
19998,excepcional
19999,excepcional
20000,excepcional
20001,excepcional
20002,excepcional
20003,excepcional
20006,excepcional
20007,excepcional
20008,excepcional
20009,excepcional
20010,excepcional
20011,excepcional
20012,excepcional
20013,excepcional
20014,excepcional
20016,excepcional
20018,excepcional
20019,excepcional
20020,excepcional
20021,excepcional
20022,excepcional
20023,excepcional
20024,excepcional
20025,excepcional
20026,excepcional
20027,excepcional
20028,excepcional
20029,excepcional
20030,excepcional
20031,excepcional
20032,excepcional
20033,excepcional
20034,excepcional
20035,excepcional
20036,excepcional
20037,excepcional
20038,excepcional
20039,excepcional
20040,excepcional
20041,excepcional
20042,excepcional
20043,excepcional
20044,excepcional
20045,excepcional
20046,excepcional
20047,excepcional
20048,excepcional
20049,excepcional
20050,excepcional
20051,excepcional
20052,excepcional
20053,excepcional
20054,excepcional
20055,excepcional
20056,excepcional
20057,excepcional
20058,excepcional
20060,excepcional
20061,excepcional
20062,excepcional
20063,excepcional
20064,excepcional
20065,excepcional
20066,excepcional
20068,excepcional
20069,excepcional
20070,excepcional
20071,excepcional
20072,excepcional
20073,excepcional
20074,excepcional
20075,excepcional
20076,excepcional
20077,excepcional
20078,excepcional
20079,excepcional
20080,excepcional
20081,excepcional
20082,excepcional
20083,excepcional
20084,excepcional
20086,excepcional
20087,excepcional
20088,excepcional
20089,excepcional
20090,excepcional
20091,mal
20092,excepcional
20093,excepcional
20094,excepcional
20095,excepcional
20096,excepcional
20097,excepcional
20098,excepcional
20099,excepcional
20100,excepcional
20101,excepcional
20102,excepcional
20103,excepcional
20104,excepcional
20105,excepcional
20106,excepcional
20107,excepcional
20108,excepcional
20109,excepcional
20110,excepcional
20111,excepcional
20112,excepcional
20113,excepcional
20114,excepcional
20115,excepcional
20117,excepcional
20118,excepcional
20119,excepcional
20120,excepcional
20121,excepcional
20122,excepcional
20123,excepcional
20124,excepcional
20125,excepcional
20126,excepcional
20127,excepcional
20128,excepcional
20129,excepcional
20130,excepcional
20131,excepcional
20132,excepcional
20133,excepcional
20134,excepcional
20135,excepcional
20136,excepcional
20137,excepcional
20138,excepcional
20139,excepcional
20140,excepcional
20141,excepcional
20142,excepcional
20143,excepcional
20144,excepcional
20145,excepcional
20146,excepcional
20148,excepcional
20149,excepcional
20150,excepcional
20151,excepcional
20153,excepcional
20154,excepcional
20155,excepcional
20156,excepcional
20157,excepcional
20158,excepcional
20159,excepcional
20160,excepcional
20161,excepcional
20162,excepcional
20163,excepcional
20164,excepcional
20165,personal excelente
20166,excepcional
20167,excepcional
20168,excepcional
20169,excepcional
20170,excepcional
20171,excepcional
20172,pésimo
20173,aceptable
20175,excepcional
20177,aceptable
20178,aceptable
20182,excepcional
20187,excepcional
20190,excepcional
20191,aceptable
20193,excepcional
20195,excepcional
20196,excepcional
20199,aceptable
20200,aceptable
20202,aceptable
20204,aceptable
20205,muy mal
20208,aceptable
20211,aceptable
20213,pésimo
20215,pésimo
20217,mal
20218,excepcional
20220,excepcional
20221,excepcional
20222,excepcional
20244,BIEN
20274,"La habitación se veía exactamente como se muestra en la foto, el personal excelente y servicial, limpio y tranquilo."
20297,BIEN
20301,BIEN
20312,me quedaré allí de nuevo
20315,BIEN
20323,BIEN
20326,BIEN
20331,bien
20347,BIEN
20362,BIEN
20366,BIEN
20368,BIEN
20383,BIEN
20384,"acogedor, cómodo shabby chic, excelente ubicación."
20391,excelente ubicación. personal muy servicial y amable. Jeremy en recepción fue muy servicial y amable.
20395,BIEN
20396,BIEN
20397,BIEN
20398,BIEN
20401,BIEN
20403,BIEN
20411,BIEN
20413,BIEN
20417,BIEN
20419,BIEN
20424,BIEN
20425,Buen hotel y también buen servicio. bien ubicado.
20432,BIEN
20433,BIEN
20439,BIEN
20444,BIEN
20445,BIEN
20447,BIEN
20452,BIEN
20456,BIEN
20458,BIEN
20463,BIEN
20464,BIEN
20465,BIEN
20469,maratón... :-
20473,BIEN
20474,BIEN
20476,BIEN
20483,BIEN
20493,muy central - excelente ubicación.
20499,BIEN
20502,BIEN
20503,BIEN
20504,BIEN
20505,BIEN
20507,BIEN
20510,BIEN
20511,BIEN
20512,BIEN
20515,excepcional
20516,excepcional
20517,excepcional
20518,excepcional
20519,excepcional
20520,excepcional
20521,excepcional
20522,excepcional
20523,excepcional
20524,excepcional
20525,excepcional
20526,excepcional
20527,excepcional
20528,excepcional
20529,excepcional
20530,excepcional
20531,excepcional
20532,excepcional
20533,excepcional
20534,excepcional
20535,excepcional
20536,excepcional
20537,excepcional
20538,excepcional
20539,excepcional
20540,excepcional
20541,excepcional
20542,excepcional
20543,excepcional
20544,excepcional
20545,excepcional
20546,excepcional
20548,excepcional
20549,excepcional
20550,excepcional
20551,excepcional
20552,excepcional
20553,excepcional
20554,excepcional
20555,excepcional
20556,excepcional
20557,"Ubicación: perfecta justo en el centro de la ciudad. Rodeado de muchos cafés, llenos de vida y gente. muchas atracciones turísticas"
20558,excepcional
20559,excepcional
20560,excepcional
20561,excepcional
20562,excepcional
20563,excepcional
20564,excepcional
20565,excepcional
20566,excepcional
20567,excepcional
20568,excepcional
20569,excepcional
20570,excepcional
20571,excepcional
20572,excepcional
20573,excepcional
20574,excepcional
20575,excepcional
20576,excepcional
20577,excepcional
20578,excepcional
20579,excepcional
20580,excepcional
20581,excepcional
20582,excepcional
20583,excepcional
20584,excepcional
20585,excepcional
20586,excepcional
20587,excepcional
20588,excepcional
20589,excepcional
20590,excepcional
20591,excepcional
20592,excepcional
20593,excepcional
20594,excepcional
20595,excepcional
20596,excepcional
20597,excepcional
20598,excepcional
20599,excepcional
20600,excepcional
20601,excepcional
20602,excepcional
20603,excepcional
20604,excepcional
20605,excepcional
20606,"El hotel cuenta con una ubicación agradable, habitaciones espaciosas, limpieza impecable y un personal excepcionalmente servicial."
20607,excepcional
20608,excepcional
20609,excepcional
20610,excepcional
20611,excepcional
20612,excepcional
20613,excepcional
20614,excepcional
20615,excepcional
20616,excepcional
20617,excepcional
20618,excepcional
20619,excepcional
20620,excepcional
20621,excepcional
20622,excepcional
20623,excepcional
20624,excepcional
20625,excepcional
20626,excepcional
20627,excepcional
20628,excepcional
20629,excepcional
20630,excepcional
20631,excepcional
20632,excepcional
20633,excepcional
20634,excepcional
20635,excepcional
20636,excepcional
20637,excepcional
20638,excepcional
20639,excepcional
20640,excepcional
20641,excepcional
20642,excepcional
20643,excepcional
20644,excepcional
20645,excepcional
20646,excepcional
20647,excepcional
20648,excepcional
20649,excepcional
20650,excepcional
20651,excepcional
20652,excepcional
20653,personal excelente y atento
20654,excepcional
20655,excepcional
20656,excepcional
20657,excepcional
20658,excepcional
20659,excepcional
20660,excepcional
20661,excepcional
20662,excepcional
20663,excepcional
20664,excepcional
20665,excepcional
20666,excepcional
20667,excepcional
20668,excepcional
20669,excepcional
20670,excepcional
20673,excepcional
20674,excepcional
20675,excepcional
20676,excepcional
20677,excepcional
20680,aceptable
20681,aceptable
20682,excepcional
20686,excepcional
20688,excepcional
20691,agradable
20692,aceptable
20695,mal
20698,mal
20699,aceptable
20704,mal
20705,aceptable
20709,aceptable
20710,pésimo
20711,mal
20712,muy buena personalidad
20714,excepcional
20715,muy mal
20716,"la ubicación es excelente, también el precio. comedor - bonita vista. La habitación y el baño eran pequeños y viejos."
20717,excepcional
20719,excepcional
20720,excepcional
20724,BIEN
20737,BIEN
20743,BIEN
20759,BIEN
20765,BIEN
20772,BIEN
20790,BIEN
20819,BIEN
20846,BIEN
20862,BIEN
20875,BIEN
20876,BIEN
20917,excelente
20929,BIEN
20938,BIEN
20969,BIEN
20972,BIEN
20978,BIEN
20979,BIEN
20982,súper
20997,BIEN
21010,BIEN
21016,BIEN
21029,muy lindo
21058,BIEN
21079,BIEN
21082,BIEN
21122,agradable
21142,BIEN
21153,BIEN
21166,Está bien
21172,BIEN
21173,BIEN
21182,"Buen hotel, muy céntrico, sencillo y limpio, salón de desayunos con vistas a la plaza."
21184,BIEN
21198,BIEN
21207,BIEN
21213,BIEN
21221,BIEN
21224,BIEN
21227,BIEN
21234,BIEN
21239,BIEN
21241,BIEN
21247,"excelente ubicación, cama encantadora"
21256,BIEN
21266,BIEN
21268,BIEN
21272,"excelente ubicación, personal muy atento"
21275,BIEN
21278,BIEN
21283,BIEN
21289,BIEN
21300,agradable
21302,BIEN
21308,BIEN
21314,BIEN
21320,BIEN
21321,BIEN
21323,BIEN
21325,BIEN
21329,BIEN
21330,BIEN
21337,BIEN
21342,BIEN
21343,BIEN
21346,BIEN
21366,BIEN
21367,arriba
21368,BIEN
21371,BIEN
21374,BIEN
21375,BIEN
21376,BIEN
21379,BIEN
21381,BIEN
21392,BIEN
21400,BIEN
21402,BIEN
21403,BIEN
21418,BIEN
21422,BIEN
21424,BIEN
21430,BIEN
21435,BIEN
21438,BIEN
21442,BIEN
21448,BIEN
21452,BIEN
21454,BIEN
21459,BIEN
21461,BIEN
21463,BIEN
21464,BIEN
21466,BIEN
21467,BIEN
21468,BIEN
21471,BIEN
21472,BIEN
21475,BIEN
21477,BIEN
21480,BIEN
21481,BIEN
21482,BIEN
21484,BIEN
21486,BIEN
21490,Conocía este hotel por haber estado allí varias veces.
21495,BIEN
21498,BIEN
21512,BIEN
21513,BIEN
21518,BIEN
21519,BIEN
21534,BIEN
21541,BIEN
21547,BIEN
21550,BIEN
21552,BIEN
21565,BIEN
21566,BIEN
21580,Era fanático
21584,BIEN
21594,BIEN
21598,BIEN
21600,BIEN
21603,BIEN
21617,BIEN
21621,BIEN
21622,BIEN
21644,BIEN
21647,BIEN
21651,BIEN
21654,BIEN
21655,BIEN
21657,"Gran hotel, súper céntrico en Valencia."
21659,BIEN
21664,BIEN
21668,un gran lugar para los visitantes de la ciudad
21669,lindo
21673,BIEN
21676,Todo bien
21678,BIEN
21687,BIEN
21690,BIEN
21692,BIEN
21693,BIEN
21696,BIEN
21698,BIEN
21699,BIEN
21701,BIEN
21703,BIEN
21704,BIEN
21706,BIEN
21710,BIEN
21712,BIEN
21715,BIEN
21716,BIEN
21717,BIEN
21718,BIEN
21721,BIEN
21726,BIEN
21727,BIEN
21728,BIEN
21733,BIEN
21734,BIEN
21735,BIEN
21737,BIEN
21738,BIEN
21744,BIEN
21745,"excelente estancia. Ubicación central. excelente desayuno, habitación con vista a la plaza."
21756,BIEN
21757,BIEN
21758,BIEN
21760,excepcional
21761,excepcional
21762,excepcional
21763,excepcional
21764,excepcional
21765,excepcional
21766,excepcional
21767,excepcional
21768,excepcional
21769,excepcional
21770,excepcional
21771,excepcional
21772,excepcional
21773,excepcional
21774,excepcional
21775,excepcional
21776,excepcional
21777,excepcional
21778,excepcional
21779,excepcional
21780,excepcional
21781,excepcional
21782,excepcional
21783,excepcional
21784,excepcional
21785,excepcional
21786,excepcional
21787,excepcional
21788,excepcional
21789,excepcional
21790,excepcional
21791,excepcional
21792,excepcional
21793,excepcional
21794,excepcional
21795,excepcional
21796,excepcional
21797,excepcional
21798,excepcional
21799,excepcional
21800,excepcional
21801,excepcional
21802,excepcional
21803,excepcional
21804,excepcional
21805,excepcional
21806,excepcional
21807,excepcional
21808,excepcional
21809,excepcional
21810,excepcional
21812,excepcional
21813,excepcional
21814,excepcional
21815,excepcional
21816,excepcional
21817,excepcional
21818,excepcional
21819,excepcional
21820,excepcional
21821,excepcional
21822,excepcional
21823,excepcional
21824,excepcional
21825,excepcional
21826,excepcional
21827,excepcional
21828,excepcional
21829,excepcional
21830,excepcional
21831,excepcional
21832,excepcional
21833,excepcional
21834,excepcional
21835,excepcional
21836,excepcional
21837,excepcional
21838,excepcional
21839,excepcional
21840,excepcional
21841,excepcional
21842,excepcional
21843,excepcional
21844,excepcional
21845,excepcional
21846,excepcional
21847,excepcional
21848,excepcional
21849,excepcional
21850,excepcional
21851,excepcional
21852,excepcional
21853,excepcional
21854,excepcional
21855,excepcional
21856,excepcional
21857,excepcional
21858,excepcional
21859,excepcional
21860,excepcional
21861,excepcional
21862,excepcional
21863,hotel idealmente ubicado! habitación espaciosa y cómoda
21864,excepcional
21865,excepcional
21866,excepcional
21867,vacaciones relajantes y agradables. personal acogedor y muy servicial. todo perfecto!
21868,excepcional
21869,excepcional
21870,excepcional
21871,excepcional
21872,excepcional
21873,excepcional
21874,excepcional
21875,excepcional
21876,excepcional
21877,excepcional
21878,excepcional
21879,excepcional
21880,excepcional
21881,excepcional
21882,excepcional
21883,excepcional
21884,excepcional
21885,excepcional
21886,excepcional
21887,excepcional
21888,excepcional
21889,excepcional
21890,excepcional
21891,excepcional
21892,excepcional
21893,excelente ubicación
21894,excepcional
21895,excepcional
21896,excepcional
21897,excepcional
21898,excepcional
21899,excepcional
21900,excepcional
21901,excepcional
21902,"Muy bien ubicado, cumplió nuestras expectativas."
21903,excepcional
21904,excepcional
21905,excepcional
21906,excepcional
21907,excepcional
21908,excepcional
21909,excepcional
21910,excepcional
21911,excepcional
21912,excepcional
21913,excepcional
21914,excepcional
21915,excepcional
21916,excepcional
21917,excepcional
21919,excepcional
21920,excepcional
21921,excepcional
21922,excepcional
21923,excepcional
21924,excepcional
21925,excepcional
21926,excepcional
21927,excepcional
21928,excepcional
21929,excepcional
21930,excepcional
21931,excepcional
21932,excelente ubicación y personal fantástico
21933,excepcional
21934,excepcional
21935,excepcional
21936,excepcional
21937,excepcional
21938,excepcional
21939,excepcional
21940,excepcional
21941,excepcional
21942,excepcional
21943,excepcional
21944,excepcional
21945,excepcional
21946,excepcional
21947,excepcional
21948,excepcional
21949,excepcional
21950,excepcional
21951,excepcional
21952,excepcional
21953,excepcional
21954,excepcional
21955,excepcional
21956,excepcional
21957,excepcional
21958,excepcional
21959,excepcional
21960,excepcional
21961,excepcional
21962,excepcional
21963,excepcional
21964,excepcional
21965,excepcional
21966,excepcional
21967,excepcional
21968,excepcional
21969,excepcional
21970,excepcional
21971,excepcional
21972,excepcional
21973,excepcional
21974,excepcional
21975,excepcional
21976,excepcional
21977,excepcional
21978,excepcional
21979,excepcional
21980,excepcional
21981,excepcional
21983,excepcional
21984,excepcional
21985,excepcional
21986,excepcional
21987,excepcional
21988,excepcional
21989,excepcional
21990,excepcional
21991,excepcional
21992,excepcional
21993,excepcional
21994,excepcional
21995,excepcional
21996,excepcional
21997,excepcional
21998,excepcional
21999,excepcional
22000,excepcional
22001,excepcional
22002,excepcional
22003,excepcional
22004,excepcional
22005,excepcional
22006,excepcional
22007,excepcional
22008,excepcional
22009,excepcional
22010,excepcional
22011,excepcional
22012,excepcional
22013,excepcional
22014,excepcional
22015,excepcional
22016,excepcional
22017,excepcional
22018,excepcional
22019,excepcional
22020,excepcional
22021,excepcional
22022,excepcional
22023,excepcional
22024,excepcional
22025,excepcional
22026,excepcional
22027,excepcional
22028,excepcional
22029,excepcional
22030,excepcional
22031,excepcional
22032,excepcional
22033,excepcional
22034,excepcional
22035,ubicación superior
22036,excepcional
22037,excepcional
22038,excepcional
22039,excepcional
22040,excepcional
22041,excepcional
22042,excepcional
22043,excepcional
22044,excepcional
22045,excepcional
22046,excepcional
22047,excepcional
22048,excepcional
22049,excepcional
22050,excepcional
22051,excepcional
22052,excepcional
22053,excepcional
22054,excepcional
22055,excepcional
22056,excepcional
22057,excepcional
22058,excepcional
22059,excepcional
22060,excepcional
22061,excepcional
22062,excepcional
22063,excepcional
22064,excepcional
22065,excepcional
22066,excepcional
22067,excepcional
22068,excepcional
22069,excepcional
22070,excepcional
22071,excepcional
22072,excepcional
22073,excepcional
22074,excepcional
22075,excepcional
22076,excepcional
22077,excepcional
22078,excepcional
22079,excepcional
22080,excepcional
22081,excepcional
22082,"estructura en el centro de Valencia, accesible a pie desde la estación central y a pocos minutos del metro y de la"
22083,excepcional
22084,excepcional
22085,excepcional
22086,excepcional
22087,excepcional
22088,la vista de la plaza desde el sexto piso superó las expectativas
22089,excepcional
22090,excepcional
22091,excepcional
22092,excepcional
22093,excepcional
22094,excepcional
22095,excepcional
22096,excepcional
22097,excepcional
22098,excepcional
22099,excepcional
22100,excepcional
22101,excepcional
22102,excepcional
22103,excepcional
22104,excepcional
22105,excepcional
22106,excepcional
22107,excepcional
22108,excepcional
22109,excepcional
22110,excepcional
22111,excepcional
22112,excepcional
22113,excepcional
22114,excepcional
22115,excepcional
22116,excepcional
22117,excepcional
22118,excepcional
22119,excepcional
22120,excepcional
22121,excepcional
22122,excepcional
22123,excepcional
22124,excepcional
22125,excepcional
22126,excepcional
22127,excepcional
22128,excepcional
22129,excepcional
22130,excepcional
22131,excepcional
22132,excepcional
22133,excepcional
22134,excepcional
22135,excepcional
22136,excepcional
22137,excepcional
22138,excepcional
22139,excepcional
22140,excepcional
22141,excepcional
22142,excepcional
22143,excepcional
22144,excepcional
22145,excepcional
22146,excepcional
22147,excepcional
22148,excepcional
22149,excepcional
22150,excepcional
22152,excepcional
22153,excepcional
22154,excepcional
22155,aceptable
22156,excepcional
22157,excepcional
22158,excepcional
22160,excepcional
22161,excepcional
22162,excepcional
22163,aceptable
22165,excepcional
22167,excepcional
22169,excepcional
22170,pésimo
22171,excepcional
22172,excepcional
22174,excepcional
22175,excepcional
22176,excepcional
22177,excepcional
22178,excepcional
22179,excepcional
22180,excepcional
22182,mal
22183,excepcional
22184,aceptable
22185,excepcional
22189,excepcional
22190,excepcional
22191,excepcional
22192,excepcional
22194,excepcional
22195,excepcional
22196,excepcional
22197,excepcional
22198,excepcional
22199,excepcional
22200,aceptable
22201,excepcional
22202,excepcional
22203,excepcional
22205,excepcional
22206,excepcional
22207,excepcional
22208,excepcional
22209,aceptable
22210,excepcional
22212,excepcional
22213,aceptable
22215,excepcional
22216,excepcional
22217,excepcional
22219,excepcional
22221,excepcional
22222,excepcional
22223,excepcional
22224,excepcional
22226,excepcional
22230,fue muy agradable y quedé muy satisfecho
22234,excepcional
22235,aceptable
22236,excepcional
22237,excepcional
22241,mal
22249,aceptable
22251,aceptable
22252,aceptable
22253,pésimo
22258,aceptable
22259,muy mal
22264,aceptable
22265,aceptable
22270,mal
22271,mal
22273,muy mal
22274,pésimo
22275,pésimo
22276,aceptable
22277,aceptable
22278,pésimo
22280,pésimo
22282,excepcional
22283,excepcional
22285,excepcional
22286,excepcional
22287,excepcional
22288,excepcional
22300,excepcional
22302,excelente hotel
22304,excepcional
22307,excepcional
22309,excepcional
22312,excepcional
22315,excepcional
22318,para volver
22323,excepcional
22324,buen hotel
22325,excepcional
22326,excepcional
22328,conciertazo
22329,excelente hotel
22332,excepcional
22334,excepcional
22335,para repetir sin duda
22339,excepcional
22340,exelente
22341,excepcional
22342,excepcional
22344,para repetir!
22345,genial
22346,excepcional
22348,excepcional
22350,rodar
22353,excepcional
22354,un hotel excepcional para ir de shopping !!
22355,excepcional
22356,increíble !!!
22361,maravillosa
22364,excepcional
22365,excelente cadena hotelera.
22371,brillante!
22373,súper
22374,excepcional
22381,excepcional
22383,excepcional
22384,excepcional
22389,excepcional
22392,satisfactoria
22396,¡genial!
22397,excepcional
22398,volveremos
22400,para repetir
22401,excelente hotel
22402,excepcional
22408,excepcional
22426,excepcional
22434,excepcional
22436,impresionante
22437,tops de valencia
22438,excepcional
22440,volveré
22444,excepcional
22446,excepcional
22447,excepcional
22448,excelente
22451,excepcional
22454,experiencia genial
22456,excelente
22461,excelente solo tu
22462,maravillosa
22465,excepcional
22466,excepcional
22470,excelente
22471,excepcional
22472,excepcional
22473,excelente
22474,amabilidad
22476,excelente
22480,maravillosa
22483,excepcional
22484,solo tu valencia
22485,excelente
22490,excepcional
22491,excelente
22492,excelente todo
22493,excepcional
22494,excepcional
22495,comodidad
22497,excepcional
22498,astoria: solo tu
22500,excepcional
22501,estancia perfecta
22503,excepcional
22504,excepcional
22505,excelente
22507,excepcional
22508,excepcional
22509,impresionante
22511,excepcional
22513,excepcional
22514,excepcional
22517,volvería
22518,muuuy agradable
22519,excelente
22523,fenomenal
22525,excepcional
22528,excepcional
22530,excelente
22532,interesante
22536,estancia perfecta
22537,excepcional
22541,todo perfecto
22546,excelente todo
22547,excepcional
22549,excepcional
22552,para repetir!!
22553,¡magnífico!
22554,perfecto
22555,perfecto
22557,excepcional
22558,viaje exprés
22562,genial
22564,excepcional
22565,excepcional
22568,excepcional
22569,excepcional
22571,excelente
22573,excepcional
22574,excepcional
22578,excepcional
22580,excepcional
22581,todo de 10
22582,servicio excepcional
22583,excepcional
22587,para repetir
22591,excepcional
22594,excepcional
22597,excepcional
22599,excepcional
22600,comodidad familiar
22601,increíble
22602,excepcional
22603,excepcional
22604,excepcional
22605,¡excelente!
22607,10
22608,volveré
22609,excepcional
22610,excepcional
22611,repetiré. totalmente recomendable.
22612,excepcional
22616,parte superior del hotel
22619,excepcional
22623,recomendadisimo
22627,excepcional
22631,excepcional
22633,excepcional
22634,excelente
22635,excepcional
22636,excepcional
22637,excepcional
22640,excepcional
22641,magia en valencia
22642,excepcional
22645,excelente
22646,excepcional
22649,estancia perfecta
22656,excepcional
22658,buen hotel
22662,excepcional
22665,bueno
22667,excepcional
22668,excepcional
22677,volveremos
22680,excepcional
22681,hermoso hotel
22683,ideal
22685,totalmente la para repetir
22688,excepcional
22690,excepcional
22691,BIEN
22695,BIEN
22697,BIEN
22700,BIEN
22703,mejorable
22704,BIEN
22705,BIEN
22706,BIEN
22708,mal
22713,normal
22714,BIEN
22718,pésimo
22719,pésimo
22720,pésimo
22725,Excelente ubicación e instalaciones con servicio promedio.
22726,excepcional
22727,mágicamente tranquilo por estar en pleno centro
22728,excepcional
22729,el mejor hotel de todos los tiempos
22730,maravillosa estancia en valencia
22731,Increíble hotel con hermoso alojamiento. amado
22732,Me encantó todo al respecto.
22733,100 recomendado!
22734,"¡Todo bien, limpio, lobby lleno de diversión!"
22737,excelente ubicación para una escapada a la ciudad
22738,Genial para una escapada a la ciudad en el corazón de Valencia.
22739,Una estancia fabulosa en una joya de hotel en el centro de Valencia. ¡asombroso!
22740,Precioso hotel en el corazón de Valencia.
22741,un maravilloso hotel familiar con un servicio insuperable
22742,excepcional
22743,excepcional
22744,excepcional
22745,volveré seguro
22746,excepcional
22747,excepcional
22748,gran experiencia. el bar es muy guay.
22749,excepcional
22750,excepcional
22751,hermoso hotel con servicio de 5 estrellas
22752,una estancia maravillosa en el mejor hotel de valencia
22755,"Bonito hotel, reserva con antelación si quieres comer o beber allí y no traigas el coche."
22756,extremadamente cómodo y en una excelente ubicación
22757,"aprobado por turistas: habitación de buen tamaño, cama cómoda y excelente ubicación"
22758,el mejor hotel de valencia
22759,Recomiendo este hotel hotel el mejor de valencia.
22760,¡perfecto!
22761,excepcional
22762,excepcional
22763,magnífico hotel
22765,excepcional
22766,escapada familiar en un brillante hotel en el centro de la ciudad
22767,lugar perfecto para quedarse
22768,una estancia de cumpleaños perfecta en el corazón de valencia
22769,fue excelente
22770,¡gran elección!
22771,excepcional
22772,excepcional
22773,espero volver pronto
22775,excepcional
22776,Hotel de lujo y moderno en el centro del casco antiguo de Valencia: una estancia perfecta.
22777,Mi estancia fue muy relajante y cómoda.
22778,una experiencia hotelera encantadora
22779,excepcional
22780,un placer absoluto
22781,excepcional
22782,increíble fin de semana en el hotel
22783,personal excepcional
22784,"estancia perfecta, sin duda volveremos"
22786,Realmente disfruté el diseño de lujo y la calidad del desayuno.
22787,estándares muy altos
22788,gran lugar para estar en el corazón de valencia
22789,muy acogedor y acogedor!
22790,fue encantador y especial
22791,lugar perfecto para alojarse para explorar valencia
22792,el mejor hotel de valencia
22793,"Realmente uno de los mejores hoteles en los que nos hemos alojado, en general. Ubicación perfecta, personal amable y atento e increíble."
22794,"Precioso hotel, personal amable y profesional, excelente ubicación."
22795,excepcional
22797,lujo en el centro de la ciudad
22798,10 en todos los ámbitos.
22799,hogar lejos de casa
22800,excepcional
22801,excepcional
22802,un gran hotel sólo un poco caro
22803,personal fantástico y muy amable
22804,¡Lo recomiendo encarecidamente!
22805,el lugar para estar.
22806,el mejor hotel del mundo
22807,agradable estancia en valencia
22808,muy recomendado
22809,solo para ti
22810,"Precioso hotel, sobre todo un gran servicio."
22811,excepcional
22812,excepcional
22813,increíble
22814,respeto por el excelente servicio
22815,excepcional
22816,excepcional
22817,Excelente ubicación y la cama más cómoda en la que he dormido.
22819,excepcional
22820,"Hermosa propiedad, ¡me quedaré solo contigo cada vez que esté en Valencia!"
22821,mejor valorado
22822,uno de los mejores hoteles en los que me he alojado
22823,"gran hotel, mucho ambiente y excelente personal"
22824,hotel moderno en la mejor ubicación
22826,excepcional
22827,excelente ubicación gran hotel
22828,¡bien!
22829,bueno en general
22830,¡Muy recomendable!
22831,fantástico
22832,excepcional
22833,Gran hotel y volvería otra vez!
22834,muy bueno y excelente personal
22835,excepcional
22836,maravilloso lugar
22837,increíble hotel en una excelente ubicación
22838,"Esta no fue mi primera visita, sino la segunda. El hotel es maravilloso y todo el personal es excepcional."
22839,"Lugar increíble, excelente ubicación, el mejor hotel de la ciudad."
22840,¡Esta tiene que ser mi experiencia hotelera favorita en cualquier país! 10 10
22841,excepcional
22842,lujo pero caro
22843,Increíble estancia corta en Valencia!
22844,lugar perfecto para una escapada romántica.
22845,Bien vale la pena la experiencia de la ocasión especial.
22846,Wordegul se queda y lo reservaré de nuevo.
22847,excepcional
22848,bonito hotel
22849,excepcional
22850,solo tu numero uno
22851,gran hotel en una buena ubicación
22852,"maravilloso hotel en el corazón de la ciudad, perfecto para una celebración familiar, ¡¡solo gracias a ti!!"
22853,caro pero indulgente
22854,muy recomendado
22855,feliz de regresar por segunda vez solo en ti!
22856,Me encantó. volverá
22857,servicios y comodidades de clase mundial
22858,escapada increíble
22859,excepcional
22860,"La mejor estancia en un hotel, sin excepción."
22861,"Lugar fantástico: ubicación, instalaciones, personal, bar de cócteles increíble."
22862,excelente ubicación
22863,un hotel fantástico!
22864,"por lo demás el personal, todo lo demás genial"
22865,disfrutamos mucho de nuestra estancia
22866,"fantástico hotel, personal maravilloso y excelente ubicación. vale cada centavo!"
22867,excepcional
22868,un lugar encantador para alojarse en valencia
22869,"No quieras irte, quédate, vive, disfruta de la hermosa experiencia."
22870,excepcional
22871,simplemente impresionante
22872,increíble estancia en el centro de valencia
22873,excepcional
22875,"Me sentí realmente lujoso y cómodo, una experiencia increíble, definitivamente volveré."
22876,excelente hotel en el centro de valencia!
22877,"Ubicación perfecta, personal perfecto, habitaciones increíbles y el mejor desayuno."
22878,excepcional
22879,fue un placer en todos los sentidos.
22880,"Recomendaría encarecidamente este fabuloso hotel a todo el mundo, de todas las edades."
22881,muy recomendable
22882,buen hotel y ubicación nula
22883,"excelente ubicación, excelente personal de recepción"
22884,asombroso
22885,Gran hotel con estilo en una ubicación privilegiada para explorar la ciudad.
22886,excepcional
22887,una estancia perfecta y muy cómoda!
22888,excepcional
22889,fue fabuloso
22890,really enjoyed my stay at this hotel and will be back for sure manos en oración tono de piel claro medio
22891,hotel absolutamente de primera clase
22892,excepcional
22893,"100 nuestro hotel premium favorito, por millas"
22894,¡Excelente lugar para un fin de semana largo!
22895,"impresionante hotel, gran atención al detalle"
22896,excepcional
22897,excepcional
22898,excepcional
22899,"ubicación perfecta, personal amable y servicial"
22900,"hermoso hotel, gran experiencia"
22901,excelente
22902,"Excelente relación calidad-precio, gran oferta, habitaciones grandes, extremadamente limpias y cómodas."
22903,excepcional
22904,nos encanta.
22905,"ubicado con fácil acceso, excelentes opciones de comida y bebida en el lugar, ubicado en una pequeña plaza con una fuente y restaurantes"
22906,"fantástico - maravillosa ciudad, hotel y personal - el desayuno fue increíble"
22907,"Impresionante hotel, personal fenomenal, magnífica ubicación, experiencia memorable. este hotel define lo que es la hospitalidad de lujo"
22908,hotel acogedor de lujo
22909,Una de las mejores estancias que hemos tenido como familia.
22910,absolutamente impresionante
22911,excepcional
22913,"En general, fue una experiencia de cinco estrellas."
22914,"Esfuerzo, instalaciones y ubicación de 5 estrellas."
22915,excepcional
22916,"Hotel muy agradable, personal amable y excelente ubicación."
22917,excepcional
22918,estancia perfecta!
22919,verdadera relación calidad-precio
22921,hotel excepcional
22923,Definitivamente regresaré y estaré aquí nuevamente.
22924,preciosa visita a valencia!
22926,"Servicio excepcional, decoración preciosa y ubicación increíble. ¡Me encantó alojarme en este hotel!"
22927,excepcional
22928,nosotros
22929,¡Es nuestro hotel favorito en Valencia!
22930,encantadora visita como siempre a este hermoso hotel
22931,maravilloso
22933,estancia perfecta
22934,absolutamente mejor!!!
22935,El hotel también nos regaló una botella de champán y una tarta para el cumpleaños de mi esposa. es realmente un buen recuerdo. muchas gracias
22936,fue tan lindo
22937,excepcional
22938,"Gran experiencia, ¡volveremos seguro!"
22939,personal muy atento!
22940,¡excelente! personal y servicio excepcionales.
22942,Definitivamente me quedaría aquí de nuevo
22943,lujo y comodidad con un personal amable y servicial
22944,excepcional
22945,excepcional
22946,excepcional
22948,bonito lugar en el centro
22949,excepcional
22950,"Todo muy encantador, desde la recepción hasta las habitaciones, el desayuno y el personal encantador y amable."
22951,excelente ubicación para un viaje corto
22952,gran hotel y ubicación
22953,excelente estancia con un gran personal
22955,"fue fantástico, muy recomendado"
22956,el hotel nos enamoró de valencia
22957,excepcional
22958,"increíble hotel, personal y ubicación! Definitivamente lo recomendaría"
22960,excepcional
22962,excelente
22963,el precio vale la pena la estancia.
22964,una estancia obligada!!
22965,¡¡Unas maravillosas vacaciones en el corazón de Valencia en uno de los hoteles más bonitos de la ciudad!!
22966,encantador hotel en excelente ubicación
22967,maravilloso hotel
22968,asombroso
22969,gran lugar para quedarse
22970,"Estancia encantadora, además de ser errónea en 2025."
22971,uno de los mejores de todos los tiempos
22972,excepcional
22973,"personal increíble, hermosa habitación cómoda. muy bien ubicado"
22974,lugar perfecto para alojarse en el corazón de valencia
22975,agradable estancia. Lo haría de nuevo.
22976,un gran hotel en el corazón de valència con habitaciones cómodas y un personal atento y servicial
22977,hotel muy bonito. el desayuno fue el mejor. gran selección y bien presentada
22979,"Originalmente reservamos una habitación normal, pero pudimos cambiarnos a una suite después de dos noches, lo que se adaptaba mucho mejor a nuestras necesidades."
22980,"una estancia elegante con excelente comida, un ambiente fantástico y todo lo que necesitas bajo un mismo techo"
22981,"Gran hotel, verdadera experiencia de 5 estrellas."
22982,hotel elegante con personal muy atento
22983,lujo con estilo
22984,fue encantador
22985,Tuvimos una mejora que fue una agradable sorpresa y un placer.
22986,excepcional
22987,"muy buena ubicación, a poca distancia de todos lados, elección de restaurantes, se admiten perros"
22988,excepcional
22989,fabuloso realmente lo recomiendo
22990,excepcional
22991,impresionante.
22992,impresionante
22993,un hermoso hotel en la ubicación perfecta para explorar valencia
22994,Altamente recomendado.
22996,hizo que nuestra corta estancia en valencia fuera excepcional.
22997,Precioso diseño interior y camas cómodas.
22998,"Un hotel increíble, un desastre, ¡definitivamente volveremos!"
22999,excepcional
23000,estancia muy cómoda
23001,fabuloso en todos los sentidos!
23002,la mejor experiencia en valencia
23003,estancia increíble
23005,perfección
23006,Buen ambiente de un hotel único.
23007,un gran hotel!
23009,excelente ubicación y excelente servicio
23010,excepcional
23011,excepcional
23012,una estancia maravillosa con un gran servicio una ubicación perfecta.
23013,realmente bueno.
23014,excepcional
23015,¡hermoso!
23016,Quedamos encantados con nuestra elección de hotel.
23017,excepcional
23018,¡No puedo esperar a volver!
23019,excepcional
23020,Tuve una estancia estupenda.
23021,Excelente estancia en este excelente hotel.
23023,Increíble hotel para un hermoso viaje a Valencia.
23024,fabulosa estancia y hotel! Definitivamente me alojaré nuevamente en un hotel exclusivo para usted. El personal fue fantástico.
23025,estancia fabulosa lo recomendaría
23026,La mejor experiencia de mi vida.
23027,"gran lugar, personal encantador"
23029,¡asombroso! muy recomendado
23031,fue una gran experiencia
23032,excepcional
23033,excepcional
23034,Mi estancia en general fue increíble. El personal es increíble. Todos son muy amables y siempre será mi única opción de alojamiento.
23035,excepcional
23036,simplemente de primera clase y excelente ubicación
23037,"Gran hotel, excelente ubicación, gran ciudad."
23039,Nos encantó nuestra estancia y lo recomendaríamos encarecidamente.
23040,excepcional
23041,"Una estancia encantadora, cómoda y tranquila en una excelente ubicación."
23043,perfecto
23045,típicamente excelente solo tu hotel
23046,asombroso
23047,"hermoso hotel, personal super amable, excelente ubicación"
23048,tratamiento cinco estrellas
23049,un hotel encantador en el centro de valencia con mucho potencial. la propiedad se puede utilizar como base para explorar la ciudad
23050,excepcional
23051,¡El personal y el servicio son impecables!
23052,excelente estancia
23053,excepcional
23054,excepcional
23055,excepcional
23056,"excelente en todos los aspectos, muy recomendable"
23057,¡Esta fue nuestra segunda estancia y fue increíble! Celebramos nuestro aniversario y el personal hizo un muy buen trabajo al felicitarnos.
23058,"El único hotel es un hotel muy agradable, en una ubicación maravillosa, con algunos de los miembros del personal más agradables que he conocido."
23059,excepcional
23061,"¡Absolutamente increíble, volveremos la próxima vez que estemos en Valencia!"
23062,el personal fue muy amable y servicial. Hacen todo lo posible para que pasemos unas estupendas vacaciones en Valencia. la ubicación de t
23063,estuvo bien
23064,asombroso
23065,Lo recomiendo a quienes aman alojarse en el centro de la ciudad con un buen servicio.
23066,excepcional
23067,excepcional
23068,"estancia estupenda, personal de ubicación!"
23069,excepcional
23070,excepcional
23071,10 de 10
23072,fantástico hotel!
23073,como un sueño
23074,Tan perfecto como puede ser un hotel
23075,"¡Me encantó todo, desde la forma en que nos trataron desde el check in hasta la salida! gran hotel"
23076,excepcional
23077,lugar súper genial con un buen ambiente.
23078,impresionante
23079,excepcional
23081,excepcional
23083,ubicación perfecta
23084,ubicación de conveniencia
23086,excepcional
23087,"Hotel perfecto, cócteles y comida."
23088,una especie de impecable.
23089,maravilloso hotel
23090,¡No te arrepentirás de quedarte aquí!
23091,fabuloso hotel en el corazón de valencia
23092,excepcional
23093,excepcional
23094,excepcional
23095,muy linda experiencia
23096,maravilloso hotel para alojarse en valencia
23097,excepcional
23099,fue mágico.
23100,¡Seguro que volveríamos!
23101,Pasamos unos días encantadores y relajantes.
23102,increíble y me encantaría volver
23103,"Excelente ubicación, alojamiento impecable y personal increíble."
23104,personal increíble. ¡Desde la recepción hasta las encantadoras señoras que limpian las habitaciones!
23105,volvería
23106,increíble mejor hotel.
23107,excelente
23108,Hotel muy cómodo en una excelente ubicación con un personal estupendo.
23109,hotel perfecto para una estancia en valencia también para familias
23110,excepcional
23111,fantástico hotel
23112,"fue la estancia perfecta para nuestra luna de miel. Me encantó todo al respecto. El personal fue muy amable y servicial, definitivamente."
23113,magnífico
23114,excepcional
23115,gran estancia en valancia
23116,excepcional
23117,excepcional
23119,Tuvimos una estancia agradable y disfrutamos de nuestro tiempo.
23121,excepcional
23122,amazing stay in valencia !!
23125,excepcional
23126,muy buena ubicación. muy bonita habitación y maravilloso desayuno
23127,"gran hotel, excelente ubicación - personal increíble"
23128,"Muy bien ubicado, amable, cómodo y eficiente."
23129,Probablemente el mejor hotel de Valencia.
23130,Una estancia maravillosa que superó todas nuestras expectativas: atención al detalle y personal increíble.
23131,"hotel de primera clase con excelentes instalaciones, comida y servicio"
23132,"Si vas a Valencia, ¡este es el lugar para quedarte!"
23133,una estancia estupenda en este maravilloso hotel
23134,"Vaya, este hotel es simplemente increíble."
23135,excelente lugar. Muy recomendable.
23136,¡¡¡asombroso!!!
23137,hermoso
23139,punto dulce!
23140,excepcional
23141,"El hotel fue excelente, me encantó la habitación tan hermosa y bien decorada. Todo el personal fue amable, servicial y educado."
23142,escapada excepcional a la ciudad
23143,Tuvimos una estancia fantástica solo contigo valencia.
23144,¡Qué hotel tan fantástico!
23145,"ubicación central, hotel encantador"
23146,"Un hotel encantador, buena recepción y buen personal atento."
23147,perfecto para una estancia larga o corta
23148,excepcional
23149,propiedad alegre y divertida!
23150,una experiencia hotelera realmente genial
23151,el hotel está ubicado en un lugar fantástico excelente para el turismo
23152,excepcional
23153,perfección
23154,excelente ubicación
23155,"fantástico hotel, muy recomendable!"
23156,excepcional
23158,excepcional
23160,excepcional
23161,el mejor hotel de valencia
23162,el mejor lugar para alojarse en valencia
23163,"Nos encantó la estancia, todo cumplió con nuestras expectativas."
23164,excepcional
23165,excellent location 5 stars all the way pulgar hacia arriba
23166,Esperamos quedarnos solo contigo muy pronto.
23167,excepcional
23168,excepcional
23169,demasiado corto pero agradable
23170,una gran experiencia!!!!!!
23171,excepcional
23172,era una ubicación conveniente. muy limpio. la habitación era cómoda. El personal fue amable y servicial.
23173,excepcional
23174,"agradable, confortable, relajante."
23175,excelente estadía en una hermosa ciudad!!
23176,brillante
23177,"Excelente estancia en Valencia en el hotel Only You, que fue casi perfecta en todos los aspectos."
23178,excepcional
23179,Tuve una experiencia excepcional alojándome en este hotel de principio a fin.
23180,excepcional
23181,excepcional
23182,excepcional
23183,excepcional
23184,excepcional
23185,hermosa y encantadora
23186,excepcional
23187,¡excepcional!
23188,excepcional
23189,"¡Este es sin duda el mejor hotel en el que me he alojado! Quédate aquí, ¡vale la pena!"
23191,"increíble, conveniente y útil"
23193,lujo en el corazón de valencia
23194,una excelente opción con una ubicación perfecta a un excelente precio
23195,excepcional
23196,súper hotel excelente ubicación
23197,excepcional
23198,"Gran hotel, volveremos."
23199,"un hotel elegante y de lujo situado en el corazón de valencia, con excelente acceso a los puntos turísticos más importantes."
23200,estancia fabulosa
23201,perfecto
23202,el hotel perfecto para un capricho en valencia
23203,espléndida ubicación para una escapada a la ciudad
23204,maravillosa estancia. Recomiendo totalmente este hotel.
23205,hermoso lugar pero un poco caro
23206,excepcional
23207,"excelente servicio, hermosas habitaciones e instalaciones, increíble ubicación"
23209,agradable
23210,Hermosa experiencia de hotel con comida deliciosa y habitaciones cómodas.
23211,"hermoso hotel, increíble ubicación, personal amable y servicial"
23212,volveremos otra vez
23213,excepcional
23214,"Excelente desayuno, personal súper agradable, siempre dispuesto a ayudar con una sonrisa. Habitaciones excepcionales, súper limpias y céntricas."
23215,¡inolvidable!
23216,fantástica ubicación
23217,excepcional
23218,hotel fabuloso!
23219,"personal increíble, habitaciones limpias, desayuno excelente, excelente servicio."
23220,fantástico
23221,solo tu 5 estrellas
23222,hotel maravilloso y sorprendente
23223,gran experiencia
23224,asombroso
23225,"Ubicación fabulosa, 100 por ciento me alojaría de nuevo."
23226,maravillosas 3 noches solo tú - valencia
23228,excepcional
23229,"Un hotel fantástico, que muestra por qué Valencia es una ciudad tan hermosa."
23230,excepcional
23231,excepcional
23232,excepcional
23233,No me puedo quejar.
23234,"Fue un placer alojarme en el hotel, el servicio fue fantástico, las habitaciones cómodas y tranquilas. estoy muy feliz de que"
23235,un gran hotel idealmente ubicado en el centro
23236,fantástico
23237,excepcional
23238,ambiente acogedor y excelente servicio!
23239,excepcional
23240,Excelente pero ten en cuenta el tipo de habitación.
23241,excepcional
23244,excepcional
23245,excelente
23247,fantástico
23248,fantástico
23249,maravilloso hotel y personal
23250,excepcional
23251,clase primera
23252,bastante impresionante:
23253,hotel y personal increíbles. excelente ubicación. hermosa ciudad!
23254,primera clase
23255,Realmente disfruté mi estadía
23256,¡La mejor experiencia hotelera! muy recomendable!
23257,maravillosa estancia en valencia
23258,maravilloso hotel en una hermosa ciudad
23259,increíble hotel en una ubicación increíble
23260,hotel muy bonito
23261,"lujoso, caro en la parte cultural de la ciudad. No me alojaré allí de nuevo, vfm, pero no disuadiría a los demás."
23263,"Genial, lo recomendaría y me alojaré allí de nuevo."
23264,excepcional
23265,excelente
23267,excepcional
23268,excepcional
23269,excepcional
23271,excelente estancia
23272,una razón para volver a valencia
23273,excepcional
23274,bar animado habitación encantadora desayuno un estilo un poco caótico sobre sustancia
23275,Precioso hotel en la ubicación perfecta.
23276,Me alojaría aquí de nuevo. Ojalá me quedara más tiempo
23277,excelente hotel en una magnífica ubicación.
23278,Nos aseguraremos de que nos quedemos solo con usted cuando visitemos España y lo recomendaremos a todos nuestros amigos.
23279,"El mejor hotel, el mejor personal, habitaciones y comida increíbles."
23280,fue una estancia excelente como siempre. Me gustaría agradecer a todo el personal.
23281,excepcional
23283,excelente
23284,maravilloso hotel con excelente personal y hermosa habitación.
23285,estancia inolvidable.
23286,excepcional
23287,excepcional
23288,"Realmente disfrutamos de nuestra estancia. Ubicación perfecta, muy céntrico y muy amable."
23289,¡asombroso!
23290,hotel perfecto en una ubicación perfecta
23291,"Excelente personal, ubicación perfecta y estancia confortable."
23292,¡inolvidable! gracias jose-enrique herron todo en only you hotel valencia
23293,excepcional
23294,fabuloso: hospitalidad de primera clase.
23296,bonito interior y excelente personal
23297,estaremos de vuelta
23298,Increíble estancia en la hermosa Valencia.
23299,¡Definitivamente nos hospedaremos aquí nuevamente en nuestro próximo viaje a Valencia!
23300,absolutamente maravilloso
23301,hermoso y confortable hotel
23302,excepcional
23303,excelente. Nos alojaríamos aquí de nuevo.
23304,Sencillamente uno de los mejores lugares para alojarse en Valencia.
23305,¡asombroso!
23306,excepcional
23307,una estancia celestial. ¡No puedo esperar a volver para quedarme otra vez!
23308,excepcional
23309,muy relajante
23310,estancia muy cómoda
23311,fue bueno en general
23312,muy bien. personal fantástico.
23313,excepcional
23314,"Estancia cálida y amigable, realmente me sentí como en casa."
23317,Lo recomiendo totalmente. gran valor por el dinero
23318,gran hotel - bien hecho
23319,"Gran estancia solo en ti, hermoso hotel."
23320,Lo más destacado de nuestro viaje a Valencia.
23322,excelente hotel
23323,well worth the money corazón rojo staff are superb.
23324,feliz de estar de regreso en el futuro
23325,Hotel realmente elegante en una ubicación perfecta.
23326,absolutamente fantástico
23327,excepcional
23328,tiempo fabuloso con un personal amable. excelente ubicación.
23329,"No pierda el tiempo buscando hoteles, ya que éste cumplirá todos los requisitos."
23330,"Hotel súper conveniente y moderno, con carácter."
23331,excepcional
23332,"El mejor hotel de Valencia, bien vale la pena el dinero."
23333,¡La propiedad y el personal fueron geniales! ¡Muchas gracias a Marina en la recepción!
23334,Me encantó el hotel
23336,¡Definitivamente me encanta la única franquicia de hoteles!
23337,fue una estancia maravillosa
23338,"Excelente hotel, bien ubicado con un fabuloso bar."
23339,"Excelente viaje turístico con mi esposa y amigos, lo recomiendo encarecidamente."
23340,"Mi estancia fue maravillosa, perdí mi iPhone y la recepción me ayudó a encontrarlo en el taxi, fue un milagro."
23341,deberías quedarte aquí. fin de la historia
23343,excepcional
23344,"Hotel perfecto, personal muy agradable durante toda nuestra estancia."
23345,excepcional
23346,gran hotel y ubicación
23347,¡Nos alojaríamos aquí de nuevo!
23348,una estancia de lujo en el corazón de la ciudad.
23349,encantador y que recuerda
23350,el mejor hotel de valencia
23351,mejor hotel valencia
23352,excepcional
23353,estancia de aniversario.
23354,Increíble hotel volveré.
23355,"Ubicación perfecta en el centro de la ciudad, personal muy amable y todo fue perfecto desde el check-in hasta el check-out."
23356,¡Lujoso y una experiencia vip!
23357,uno de los mejores de valencia
23358,Nos lo pasamos muy bien gracias al hotel.
23359,hotel de lujo en una excelente ubicación!!
23360,excepcional
23362,superó todas las expectativas y odiaba irse
23363,gran estancia
23364,"Hotel increíble, ubicación perfecta, habitación brillante. 10 10 recomendado."
23365,fue bueno gracias al personal que fue muy servicial y servicial.
23366,¡muy bonito!
23367,un hermoso hotel con atención a los detalles encantadores y una excelente experiencia para los huéspedes
23370,encantadora experiencia en pareja
23371,¡Contando atrás para regresar muy pronto!
23372,excepcional
23374,Un excelente hotel para unas cortas vacaciones en Valencia.
23375,excepcional
23376,encantador lugar para una escapada de fin de semana
23377,excepcional
23379,estancia estupenda con un personal muy servicial.
23380,"hermoso hotel nuevo con un personal maravilloso, en una ubicación perfecta"
23381,lugar perfecto en valencia quiero más
23382,excepcional
23383,El hotel perfecto para estancias cortas en una ciudad encantadora.
23384,bien
23385,"hermoso hotel, gran servicio, 100 recomendado!!"
23386,¡Este hotel es un diamante!
23388,gran hotel para un viaje a la ciudad
23389,ver arriba
23390,excepcional
23391,Uno de los hoteles más bonitos en los que me he alojado. simplemente una vibra fantástica.
23393,una estancia fantástica en un hotel realmente encantador.
23395,gran lugar y gran personal
23396,ideal
23397,absolutamente fabuloso y astuto
23398,gran hotel de lujo en excelente ubicación
23399,Este fue el mejor hotel en el que me he alojado. El personal lo hizo aún más especial con un delicioso pastel y prosecco.
23401,"ambiente increíble, excelente ubicación, personal amable"
23402,excepcional
23403,lugar muy amigable y moderno
23404,excepcional
23405,"Disfrutamos muchísimo de nuestra estancia, personal maravilloso en todo momento."
23406,gran lugar para quedarse
23407,"En general, fue una estancia muy buena y recomendaría encarecidamente el hotel."
23410,excepcional
23411,¡alta calificación!
23412,"gran par de días,"
23413,estancia fabulosa en un hotel maravilloso
23414,Es el lugar perfecto para alojarse cuando visites Valencia.
23415,excepcional
23417,gran hotel en el corazón de valencia
23418,perfecto. Y por favor pruebe las bebidas del batinsta por la mañana.
23419,lugar para volver a reservar y quedarse por segunda vez.
23420,perfecto
23421,parfait
23422,¡Tuvimos una estancia maravillosa solo en su hotel!
23423,"una estancia maravillosa, disfruté del personal"
23424,"céntrico, cómodo y cafetalero cielo ruggero"
23425,volverá a reservar
23426,"Gran hotel, personal amable, asegúrese de no pagar de más."
23427,¡perfecto!
23428,mi hotel favorito en valencia
23429,excepcional
23430,Fue una estancia muy agradable y el personal fue excelente y nos hizo sentir muy bienvenidos. Definitivamente regresaríamos: te hicimos.
23431,¡Qué hotel tan fantástico! El personal es muy servicial y la ubicación es perfecta para descubrir lo mejor de Valencia.
23432,excepcional
23433,¡Un lugar perfecto para una escapada a la ciudad de Valencia cerca de toda la acción!
23434,hotel elegante con el mejor servicio
23435,Definitivamente recomendaría la ubicación de este hotel y todo es fantástico.
23436,Increíble hotel en una muy buena ubicación. personal amable y gran desayuno. las vistas de la ciudad son una ventaja:
23437,excepcional
23438,excepcional
23439,excelente ubicación!
23441,Queremos experimentar todos los hoteles exclusivos para usted debido a nuestra increíble experiencia en este.
23442,excepcional
23443,gran esencia de valencia
23444,muy bien situado en el corazón de valencia y a poca distancia de todo
23445,bien merecido 5 hotel
23446,Ubicación fabulosa y personal atento muy agradable.
23447,"Ubicación perfecta para una escapada a la ciudad de Valencia, el hotel en sí y el personal hicieron que nuestra estancia fuera especial, súper fácil y"
23448,asombroso
23449,lo mejor para el hotel de la ciudad de valencia
23451,excelente ubicación y personal amable!
23452,excepcional
23453,elección correcta!
23454,la mejor experiencia de mi vida
23455,maravilloso viaje de aniversario
23457,auténtico hotel de 5 estrellas
23458,excepcional
23459,Excelente hotel de 5 estrellas con un personal altamente profesional que entiende de hospitalidad.
23460,excepcional
23461,perfecto
23462,No te decepcionarás en este hotel.
23463,la mejor cama de todas
23464,maravillosa estancia
23465,lindo
23466,"Este hotel fue una excelente elección y el personal fue excepcional, desde el servicio de limpieza hasta la recepción."
23467,hotel de moda con gran servicio y todas las comodidades.
23469,increíble hotel en valencia
23470,un par de noches de lujo
23471,excepcional
23472,el mejor hotel de todos los tiempos
23473,asombroso
23474,nuestro 24 aniversario de bodas
23475,el mejor hotel de valencia
23476,excepcional
23477,fue genial
23478,¡volveremos!
23479,fantástico
23481,Gran servicio en un hotel con visión pero mala ejecución en algunos lugares.
23483,una estancia especial para un cumpleaños especial
23484,perfecto hotel boutique en el centro de la ciudad para explorar esta hermosa ciudad
23485,Definitivamente uno de los mejores lugares en los que me he alojado. ¡Se lo sugeriré a todos!
23486,cómodo y tranquilo.
23487,excepcional
23488,lugar perfecto para alojarse en valencia
23489,"La mejor ubicación, excelente desayuno y buenas vibraciones."
23490,El hotel boutique urbano perfecto.
23491,"No mire más allá de esta propiedad si desea un hotel de diseño elegante con personal, ubicación y atención excepcionales."
23492,volvería seguro
23493,quiero ir allí de nuevo
23494,"Si vienes a Valencia, quédate aquí, no te arrepentirás."
23495,Las habitaciones y la cama eran muy cómodas y realmente piensan en los pequeños detalles. lo que más destacó fue
23496,increíble hotel en una excelente ubicación
23497,¡Una estancia cálida y acogedora! mi hotel favorito en españa
23498,perfección
23500,"Increíble, lo recomendaría 100"
23501,"¡Fue una estancia fantástica! El personal es muy amable y servicial, siempre hacen lo mejor para ayudar. era mi hija"
23502,absolutamente impresionante
23503,excelente experiencia!
23504,súper
23505,excepcional
23506,solo lo mejor en valencia
23507,¡Definitivamente regresaría!
23508,mi estancia en el only you hotel valencia
23509,¡excelente!
23510,muy comodo
23511,gracias
23512,asombroso
23514,excepcional
23515,hermoso hotel con personal increíble
23516,excepcional
23518,No hay mejor lugar para un hotel en Valencia.
23519,fantástico hotel muy recomendado
23520,Increíble fin de semana de cumpleaños hecho muy especial solo por ti.
23521,"Precioso lugar, definitivamente lo recomiendo."
23522,nuevo hotel en el centro de la ciudad
23523,absolutamente fantástico. no podría haber sido mejor
23524,Me encantó todo sobre nuestra estancia y sin duda volveremos.
23525,excepcional
23527,excepcional
23528,excepcional
23529,excepcional
23530,"Ubicación súper central, hotel muy cómodo."
23531,simplemente increíble!
23532,Nuestra visita a Valencia fue muy especial gracias a nuestra estancia y al encantador personal que fue muy servicial.
23533,Disfruté de mi estancia y me encantó el servicio en el bar.
23534,excepcional
23535,asombroso
23536,estancia de primera categoría en el centro de todo
23537,excepcional
23538,excepcional
23540,excelente
23541,El hotel tiene un ambiente.
23542,"Superó todas las expectativas, estamos muy contentos de haber elegido este hotel para nuestra corta visita a Valencia. ¡No puedo esperar a volver!"
23543,excepcional
23544,quédate aquí!
23546,maravilloso
23547,estancia perfecta en valencia
23548,excelente
23549,excepcional
23550,fue excelente. Disfruté mi estadía y definitivamente regresaré.
23551,"excelente ubicación, buena habitación"
23553,excepcional
23554,corta y dulce estancia
23555,encantador hotel
23556,excepcional
23557,excepcional
23558,ubicación perfecta
23561,"Cómodo, moderno, exclusivo y hogareño al mismo tiempo."
23562,Tuvimos una estancia estupenda en este hotel y sin duda volveremos.
23563,visita de un día en pareja
23564,hotel de equipo en una ubicación central
23565,excepcional
23567,fantástico hotel en una ubicación increíble. El personal no puede hacer más para ayudarte. recomendaría a cualquiera
23568,"estancia excepcional, muy recomendable"
23569,excepcional
23570,fantástico
23571,excepcional
23572,¡muy bien!
23573,pendiente
23574,"Impresionante, me encantó el bar de cócteles."
23575,excelente estancia. regresará
23576,hotel muy bonito en una ubicación perfecta
23577,maravilloso
23578,hotel muy bonito y moderno en el centro
23580,excepcional
23581,gran estancia!
23582,excepcionalmente bueno.
23583,en general una experiencia muy positiva
23584,Hotel muy bien situado para un viaje a Valencia.
23585,gran hotel
23587,un lugar perfecto para alojarse en valencia
23588,excepcional
23589,Precioso hotel en el centro de Valencia con personal atento y desayuno excepcional.
23590,hermoso y suntuoso hotel en el corazón de valencia
23591,Esta fue nuestra segunda estancia en la hermosa Valencia y el hotel y el personal contribuyeron a la excelente sensación que tuvimos.
23592,excelente hotel con una excelente ubicación
23594,hotel de diseño encantador y confortable
23595,muy recomendable
23596,Gran lugar para alojarse durante una visita a la ciudad de Valencia.
23597,"Realmente bueno, ¡no quería irme!"
23599,estancia agradable con un desayuno increíble
23600,gran hotel en el centro de valencia.
23601,el mejor hotel de valencia
23602,excepcional
23604,excepcional
23605,tiempo mágico en un hermoso hotel en una excelente ubicación
23606,excepcional
23608,excepcional
23609,"hotel encantador. Excelente ubicación, excelente personal pero un poco caro. Tal vez sea la temporada pero es bastante caro."
23610,Excelente ubicación en la ciudad de Valencia.
23611,El personal servicial y la decoración ecléctica hacen de este hotel una clase por encima del resto.
23612,hotel excepcional
23613,"excelente escapada corta en un hotel excepcional, ubicación perfecta"
23614,"increíble hotel, excelente personal y la mejor ubicación"
23615,el mejor hotel de valencia. ¡Nadie puede superarte solo a ti!
23616,excepcional
23617,¡Perfecto para una agradable escapada a la ciudad en el corazón de Valencia!
23618,excepcional
23620,"Ubicación perfecta, hotel de alta gama."
23621,Gran propiedad cerca de muchas atracciones.
23622,"Primera vez en Valencia y completamente, ya que el hotel está perfectamente ubicado, las vistas increíbles y la comida excelente, quédese."
23623,excepcional
23624,un hotel de calidad en una buena ubicación
23625,"un hotel excepcional en una excelente ubicación, con muchas comodidades y comodidades. A menudo comentamos que"
23628,habitaciones lujosas y una experiencia de primer nivel
23629,un sueño
23630,beautiful valencia
23632,excepcional
23633,gran hotel en el centro de las cosas ambiente realmente encantador
23634,bonito hotel en una buena ubicación
23635,Precioso hotel con un personal estupendo en una ubicación excelente.
23636,"Excelente ubicación y un bonito hotel. Las habitaciones podrían ser un poco más grandes, pero en general fue una estancia agradable."
23637,Buen hotel en excelente ubicación en el casco antiguo.
23639,uno de los mejores hoteles de valencia
23640,"un hotel muy hospitalario, que ofrece un gran servicio y comodidad."
23641,pulgar hacia arriba
23642,Un tiempo encantador en la encantadora Valencia.
23645,"Excelente ubicación, personal servicial y habitaciones muy bonitas y elegantes, también me encantó el bar del primer piso."
23647,hotel muy bonito y fresco. el mejor lugar para descubrir el centro de la ciudad.
23648,Hotel muy bonito en el centro de Valencia.
23651,gran experiencia
23653,asombroso
23654,"Excelente ubicación, personal increíble que nos hizo sentir realmente bienvenidos y nos hospedaríamos nuevamente."
23655,hotel de moda en la mejor zona de valencia
23656,Excelente y en una buena ubicación central para todo.
23657,La estancia fue increíble y memorable. el personal fue muy amable y profesional.
23659,excepcional
23660,es bueno
23661,en general fue bueno
23662,relajante
23663,buena elección para el casco antiguo
23664,personal encantador y comida increíble!
23665,gran estancia!
23666,la ubicación es excelente con un personal amable
23668,"Bueno, pero podría haber sido mejor como hotel de 5 estrellas."
23669,excepcional
23670,bonito hotel en excelente ubicación
23671,Increíble pero invierte más en el mantenimiento de los baños.
23672,gran experiencia en una ciudad encantadora
23673,excelente ubicación en el centro de valencia
23674,"ubicación tranquila, limpia y sorprendente"
23675,Me quedé una noche. hotel de buena calidad.
23678,Ubicación ideal aunque cara para una visita corta a Valencia.
23681,dos días perfectos.
23682,excepcional
23684,excelente hotel y vale la pena cada centavo
23685,una cálida bienvenida en el corazón de valencia
23686,¡Si alguna vez vuelvo a València definitivamente me quedaré aquí de nuevo!
23688,encantador hotel en una ubicación central en el casco antiguo
23689,gran estancia
23690,hotel vivo en el corazón de la ciudad
23691,muy bien
23692,Excelente ubicación y muy buenas instalaciones.
23693,caro pero bien
23694,"Una hermosa estadía en una excelente ubicación, aún mejor gracias al personal excepcional."
23698,comparé 2 hoteles diferentes
23699,quien necesita uno y solo donde solo estas tu
23700,muy bien
23701,"No reconocería este hotel, demasiado caro para lo que tiene para ofrecer. Los pasillos necesitan algunas mejoras."
23702,agradable
23703,"Hotel agradable y con carácter, el desprecio se quedó corto con las ventanas cuando se enorgullecía de la calidad del sueño."
23704,falla la promesa de cinco estrellas
23705,lindo lugar sin auto
23706,aceptable
23707,BIEN
23708,aceptable
23709,"Gran estancia, excepto que se equivocaron al final."
23711,"Por favor, al menos compre vasos para las habitaciones."
23712,"Ruido, ventanas de mala calidad."
23713,BIEN
23714,arreglos incómodos para dormir
23715,Ubicación perfecta y dormitorio muy cómodo.
23716,Hotel demasiado ruidoso para el dinero pagado.
23718,BIEN
23719,BIEN
23720,"Restaurante de basura, por lo demás un lugar elegante."
23721,"Bueno para viajes de negocios, no personales."
23722,Una estancia cómoda completamente eclipsada por lo mal que se manejaron mis pertenencias perdidas.
23723,mal
23724,"excelente ubicación y personal amable, pero un poco desaliñado en lugares con falta de atención al detalle que se esperaría de un 5"
23725,buen hotel 4.
23726,BIEN
23729,muy mal
23730,"muy bonito, me alojaría de nuevo"
23731,BIEN
23732,aceptable
23733,no 5
23734,bonito hotel
23736,mal
23737,el personal era encantador. el hotel estaba limpio y ordenado
23738,BIEN
23739,agradable y bien
23740,decepcionante.
23741,Mi tercera estancia en el hotel esta vez muy decepcionada.
23742,BIEN
23743,"Disfruté Valencia debido a la cultura y la comida, pero no recomendaría solo su hotel."
23744,moderado. La experiencia fue muy media. El hotel no era de 5 estrellas en mi opinión.
23745,"Buena ubicación, pero hay que solucionar el ruido externo de la noche."
23746,"Excelente ubicación y personal, pero en mi opinión no es realmente un hotel de cinco estrellas."
23747,"Buena ubicación, un poco ocupado con los asistentes a la fiesta, faltaba limpieza en la habitación."
23748,aceptable
23749,No me agradó.
23750,"En general estuvo bien, no me gustó el diseño del hotel, pero eso es todo. El departamento de Facebook apesta, falta de capacitación en sentido común."
23751,mal
23752,BIEN
23753,bellamente diseñado pero mal administrado
23754,Muy buena ubicación y personal amable pero el resto estuvo bien.
23755,volveremos
23756,"Excelente ubicación, pero lamentablemente no estuvo a la altura de las expectativas."
23757,pésimo
23758,valencia es un pueblo encantador. Debería haber elegido otro hotel.
23759,tan malo
23760,fue estresante y decepcionante
23761,"Sábana sucia, tener una foto, por lo demás bien."
23762,"Excelente ubicación, habitación pequeña sin lugar para poner la ropa y esas cosas. demasiado caro-"
23763,El vestíbulo es acogedor pero el resto es una decepción.
23764,¡horrible y sin dormir!
23765,"No veo que este hotel sea de 5 estrellas, más bien de 4 estrellas."
23767,BIEN
23769,excelente opción y si quieres estar en el centro de valencia
23770,excepcional
23771,fantástico pero se puede mejorar
23772,sombrero de copa
23774,"Fantástico, ¡me encantaría volver!"
23775,la próxima vez otra vez
23776,excepcional
23777,gracias equipo solo tu
23779,muy buena estancia.
23780,muy buen descubrimiento
23781,el mejor hotel en el que he estado
23782,
23783,Bonito hotel pero tiene preocupaciones de seguridad en caso de incendio.
23784,buena experiencia
23785,mega 100
23786,excepcional
23787,Hotel muy acogedor al que me encantaría volver.
23788,excepcional
23789,el hotel que necesitas para un fin de semana corto en Valencia
23790,excepcional
23791,asombroso
23793,simplemente perfecto
23795,la estancia fue fantástica
23796,mini vacaciones relajantes
23797,arriba
23798,hotel excepcional!!
23799,Valencia tiene un ambiente loco. fiesta anual de fuegos artificiales y mucho más en un ambiente muy agradable
23801,excepcional
23802,
23803,
23804,el desayuno fue excepcional
23805,excepcional
23806,excepcional
23807,excepcional
23810,excepcional
23811,no una estancia..sino una experiencia
23812,excepcional
23813,un descubrimiento en el corazón de valencia
23814,bonito hotel muy bien ubicado
23815,excepcional
23816,excepcional
23817,muy comodo
23818,excepcional
23819,"Si Valencia, entonces solo tu hotel."
23820,Definitivamente regresaremos.
23821,"La impresión que dejó el cantante fue extraordinaria, superó las expectativas."
23822,excepcional
23823,¡fantástico!
23824,ideal para aquellos que quieran visitar Valencia
23825,excepcional
23827,un verdadero hotel de lujo
23828,excepcional
23829,excepcional
23830,perfecto para un viaje romántico
23831,Bien
23833,"Recomiendo a todos que vayan allí, es perfecto."
23835,hotel perfecto para visitar valencia
23836,excepcional
23838,recomiendo
23840,excepcional
23841,¡excelente!
23842,perfecto
23843,
23845,Definitivamente regresaré aquí
23847,excepcional
23848,excepcional
23850,fantástico
23851,arriba
23852,muy buen hotel! Me quedaría de nuevo.
23853,excelente hotel en el centro
23856,excepcional
23857,Siempre una estancia maravillosa en este hotel perfecto.
23859,muy feliz otra vez!
23860,excepcional
23861,hotel recomendado
23862,El mejor lugar para alojarse y tener una excelente experiencia en Valencia.
23863,¡Hotel súper agradable para un viaje a la ciudad con niños!
23864,¡Todos fueron increíblemente amables y serviciales e hicieron que nuestra estancia fuera fantástica! bellamente ubicado en el centro
23865,toptoptoptoptoptoptoptoptoptoptoptoptoptoptoptoptoptoptoptoptoptoptoptoptoptop
23866,este hotel es un guardián
23868,fantástico !
23869,Gran hotel en el centro de Valencia!
23870,"gran desayuno, hotel en el mismo centro"
23871,maravilloso alojamiento en valencia
23872,excepcional
23874,"fantástico, bien situado, muy acogedor."
23875,excepcional
23876,excepcional
23877,todo excelente
23878,"Hermoso interior, pero el olor en la habitación..."
23879,maravilloso hotel moderno y céntrico
23880,excepcional
23881,Maravillosa experiencia desde la recepción hasta la salida.
23882,el lugar para estar!!!
23883,excepcional
23884,cómodo y lujoso
23885,perfecto
23887,"¡¡¡Arriba, arriba !!!"
23888,Óptimo
23889,excepcional
23890,excepcional
23891,El mejor hotel de Valencia con un servicio excepcional.
23892,Espero volver a este hotel!
23893,Todo bien excepto la bienvenida en el restaurante del noveno piso.
23894,un hermoso alojamiento para una estancia confortable.
23895,excepcional
23896,Vuelvo enseguida
23897,asombroso
23898,excepcional
23899,excepcional
23900,excepcional
23901,A por ello
23902,excepcional
23903,excelente estancia
23904,Grandes días en un maravilloso hotel.
23905,Óptimo
23906,Gran hotel para una sensación de vacaciones durante un viaje a la ciudad.
23907,"el hotel refleja la imagen de valencia, cálido y agradable"
23908,Delicioso
23909,excepcional
23910,una estancia excelente en un hotel realmente bien cuidado y muy céntrico
23911,fin de semana en pareja
23913,"Fantástico, no faltaba nada."
23915,excepcional
23916,Delicioso
23917,"Bonito hotel en el centro, buena relación calidad-precio."
23918,yassine en la fantástica recepción
23919,fantástico
23921,arriba
23923,excepcional
23924,excepcional
23925,excepcional
23926,gran servicio y ubicación!
23927,mejor de lo esperado!
23931,una experiencia en el corazón de valencia en un ambiente de lujo con un personal cálido y amable.
23932,Mímate en el centro de Valencia.
23934,rapido y comodo
23936,agradable
23938,un momento de relajación y serenidad
23939,muy agradable
23940,muy buen establecimiento
23941,Hotel tranquilo y muy bien situado.
23942,excepcional
23943,ubicación superior
23945,excelente ubicación ok seguro y cómodo
23947,5. Quédate con la chica y sigue siendo igual de divertido.
23948,¡en cualquier momento!
23950,hotel estuvo a la altura de las expectativas
23952,un hotel de primera clase en el casco antiguo
23953,mejor hotel en la mejor ubicación
23955,impresionante
23956,increíble y hermoso hotel
23958,recomendado
23960,excepcional
23961,Gran hotel en una ubicación central con un desayuno de primera clase.
23962,excepcional
23963,hermoso descubrimiento en el corazón de valencia.
23965,excepcional
23966,una estancia relajante en un bonito establecimiento de calidad
23967,Tuve buenos días
23968,parfait
23969,gran hotel con una buena ubicación
23970,excepcional
23971,excepcional
23972,"Fantástico, un diez grande."
23973,Una estancia relajante y completa con el más cálido servicio y amplias habitaciones.
23974,Perfecto
23975,hotel que está a la altura de sus 5 estrellas
23976,hospitalidad en su máxima expresión! excelente hotel!
23977,excepcional
23978,gran hotel y personal amable
23979,hermoso hotel.
23980,hotel super de moda
23981,excepcional
23982,"La habitación tiene muchos regalitos, me encantó."
23983,vendremos en otro momento
23984,excepcional
23985,alojamiento de lujo con la mejor ubicación!
23986,parfait
23987,Hotel perfecto para un viaje a la ciudad donde también quieres recargar pilas
23988,"Tercera vez que reservo All Only You en Valencia. Se lo recomiendo a todo el mundo, el hotel es excepcional desde todos los puntos de vista."
23989,¡Una estancia perfecta con una ubicación de hotel perfecta!
23990,hotel superior! nada de qué quejarse
23991,¡el hotel es muy recomendable!
23992,lugar increíble
23993,"Fantástico hotel moderno con un fantástico bar de cócteles, personal amable en una ubicación privilegiada, muy recomendable."
23994,"valencia fue una grata sorpresa, valorada por la excelente calidad de solo usted."
23995,"Buena ubicación, bonita habitación, el registro de entrada y salida lleva mucho tiempo."
23996,Fue el mejor hotel en el que nos alojamos:
23997,valencia volveremos
23998,uno de los hoteles más bonitos de valencia
23999,perfecto
24000,excepcional
24001,cinco estrellas
24003,tres bel hotel centre ville
24004,simplemente perfecto
24005,excelente
24006,simplemente gran hotel
24007,dirección para recordar. ¡La estancia fue perfecta!
24008,recomendado
24009,gran estancia para nuestro freno corto
24010,¡excelente!
24011,"Todo estuvo genial, gracias."
24012,inolvidable
24015,volveremos.
24016,Muy bonito y casi perfecto.
24017,hotel excepcionalmente bueno!
24018,excepcional
24019,excepcional
24020,excepcional
24021,"Buen hotel, pero la tarifa diaria es alta considerando que no hay estacionamiento y hay piscina."
24023,gran hotel en un entorno perfecto
24024,excepcional
24025,"hermosa ciudad, hermoso hotel. ¿Qué más podrías querer?"
24026,hermosas y relajantes vacaciones
24027,excepcional
24028,maravillosa experiencia
24030,excepcional
24031,arriba
24032,"delicioso desayuno en un hotel acogedor, espacioso y muy céntrico"
24033,estancia confortable y personal agradable
24034,excepcional
24035,un hotel muy bonito en el centro de la ciudad.
24036,excepcional
24037,fantástico hotel en valencia
24038,excepcional
24039,"fantástico hotel, muy recomendado"
24040,Este hotel hizo que nuestra estancia en Valentina nos sintiéramos como en casa.
24041,la mejor dirección de la ciudad
24042,fue una estancia muy agradable
24043,excepcional
24044,excepcional
24045,¡una gran experiencia!
24046,arriba
24047,El hotel impresiona con su excelente restaurante Mirador.
24048,"grata experiencia, para repetir"
24049,excepcional
24050,merece 5 estrellas
24051,excepcional
24052,excepcional
24053,"genial, muy recomendado"
24054,excepcional
24055,Tuve un gran fin de semana.
24056,Perfecto. dinero bien gastado
24058,Hermoso
24059,"Perfecto, si vuelvo a Valencia será aquí!"
24061,"Hotel bien situado en el centro de la ciudad. Una cálida bienvenida, pero algunos puntos a mejorar."
24062,excepcional
24064,¡súper!
24066,excelente estancia
24067,el año que viene por tercera vez
24068,¡arriba!
24069,Recomendaremos este hotel a nuestros amigos.
24070,Un muy buen hotel en el centro histórico de Valencia.
24071,Perfecto
24072,excepcional
24073,excepcional
24076,¡arriba!
24077,¡Delicioso!
24078,excepcional
24079,voy a volver
24080,excepcional
24081,Un hotel perfecto con un gran servicio en todos los aspectos.
24082,", !"
24083,excepcional
24084,excepcional
24085,¡perfecto!
24086,excepcional
24087,"excelente ubicación, excelente personal"
24088,un lugar donde te miman
24089,excepcional
24091,excepcional
24092,céntrico y limpio
24093,"Valencia increíble y los valencianos se lo merecen, y una gente de fiesta alegre."
24094,excepcional
24095,excepcional
24096,encantador lugar!
24097,excepcional
24098,fue una linda experiencia
24099,gran hotel acogedor con personal muy amable
24102,excepcional
24103,excepcional
24104,", ,"
24105,acogedor. te sientes como en casa
24106,estancia perfecta
24107,un valencia solo solo tu
24108,excepcional
24109,excepcional
24110,excepcional
24111,cara saludando cara saludando
24112,"Personal muy amable, muy limpio, bajo 5 estrellas."
24114,tenemos que volver
24115,Óptimo
24116,vacaciones de 5 estrellas
24117,arriba
24118,un maravilloso hotel donde sientes lujo y elegancia desde el momento en que cruzas el umbral.
24119,excelente
24120,nivel superior
24122,Definitivamente regresaré
24123,una estancia muy agradable
24124,muy buen lugar y personal atento
24125,recomendar
24126,¡inusual!
24127,excepcional
24128,excepcional
24130,Volveré a este hotel en mis próximas estancias.
24131,Fantástico
24132,excepcional
24134,impresionante
24135,"excelente. Tuvimos un gran fin de semana, descansamos bien. las camas son muy comodas"
24136,súper relajado
24137,por oh ok
24138,un hotel perfecto para una estancia en un hotel de lujo en valencia.
24139,excepcional
24141,maravilloso hotel
24143,excepcional
24144,excepcional
24146,preciosa tu en el centro de valencia
24147,¡Excelente lugar para explorar la ciudad!
24148,un lugar indispensable si vas a valencia. 100 .
24149,excepcional
24150,"Un hotel de primera en una ubicación privilegiada, ¡no se me ocurre nada malo!"
24151,excepcional
24152,excepcional
24153,¡Perfecto!
24155,excepcional
24156,excepcional
24157,excepcional
24158,gran estancia!
24159,súper !
24161,perfecto
24163,excepcional
24164,excepcional
24165,lo mejor de valencia
24166,el mejor hotel de valencia
24168,inolvidable
24169,Perfecto
24170,¡fantástico! realmente recomendado
24171,muy bonito hotel en perfecta ubicación
24172,Uno de los viajes más bonitos de todos los tiempos...
24173,excepcional
24174,excepcional
24175,excepcional
24176,excepcional
24177,un hotel perfecto y cálido en el corazón de Valencia
24178,estancia fantástica en un hermoso hotel
24179,¡La mejor experiencia de hotel en la ubicación más céntrica de Valencia!
24180,hotel excepcional
24181,excepcional
24182,ciudad magica
24183,fantástico hotel y personal
24184,ubicación 10 hotel un 10
24187,excepcional
24188,gran experiencia
24189,excepcional
24190,Ubicación perfecta pero con un restaurante debajo de cada nivel.
24191,gran lugar y personal fantástico
24192,Recomiendo este hotel
24193,excepcional
24194,excepcional
24195,excepcional
24196,excepcional
24197,excepcional
24198,todo perfecto!
24199,"Alojamiento absolutamente fantástico, uno de los mejores hoteles en los que me he alojado, la única gran lástima es la ausencia de bienestar."
24200,excepcional
24201,excelente
24202,"Hotel urbano acogedor, confortable y muy bien situado: vale más de 5"
24203,sigue siendo una estancia mágica gracias a josé enrique
24204,Tercera estancia en 2 años y sigue igual de buena.
24205,Definitivamente regresaré
24206,excepcional
24207,excepcional
24208,"Fue un sueño desde el primer momento hasta el último minuto, ¡una experiencia inolvidable!"
24209,excepcional
24210,hotel inolvidable en valencia
24211,un hotel de primera en una excelente ubicación. Valencia es aún más hermosa si te alojas aquí.
24212,excepcional
24215,excelente hotel en excelente ubicación
24217,parfait
24219,¡buen momento!
24221,excepcional
24222,excepcional
24223,genial
24225,excepcional
24226,gran hotel!
24227,excepcional
24228,Merecedor de 5 estrellas hasta el más mínimo detalle.
24229,volvería a este hotel
24231,Sin duda extrañaremos el hotel.
24232,mejor de lo esperado
24234,Delicioso
24235,fantástico y agradable
24236,excepcional
24237,excepcional
24238,Muy buenos servicios en su totalidad. excelente restauración.
24240,excepcional
24241,Hermosa estancia en un lugar acogedor y elegante.
24242,excepcional
24243,excepcional
24244,impresionante
24245,
24246,"elegante, servicio más bien de clase media"
24247,excepcional
24248,"Excelente, ¡volveremos!"
24249,definitivamente regresaremos
24250,excepcional
24251,"maravillosa estancia en un bonito y atractivo hotel en pleno centro de Valencia, muy recomendable!"
24252,excepcional
24254,todo perfecto
24255,excelente hotel en una ubicación central
24256,muy buen establecimiento
24257,Muy buen hotel en una ubicación privilegiada en el corazón del centro antiguo.
24258,súper céntrico en valencia.
24261,¡parfait!
24262,muy lindo lugar
24263,"Servicio de primer nivel y un ambiente informal en un ambiente elegante, esa combinación garantiza que lo elijamos solo a usted una y otra vez."
24264,excepcional
24265,excepcional
24266,excepcional
24267,súper
24268,excepcional
24269,muy recomendado
24271,lo recomiendo mucho
24273,hotel encantador. Difícilmente podría ser mejor.
24274,excelente ubicación y muy buen servicio
24275,"Hotel de primera, justo en el centro con excelente servicio y buenas camas."
24277,"Bonito hotel, servicio muy amable, excelente ubicación."
24278,excepcional
24280,excepcional
24281,excepcional
24283,excelente estancia.
24284,gran noche en valencia
24285,excelente
24286,¡fantástico!
24287,un hotel de lujo con una excelente ubicación.
24288,excepcional
24289,un hotel súper bonito en el centro de Valencia con un personal extremadamente amable y servicial
24291,arriba
24292,una botella de champagne y una tarta de cumpleaños para mi cumpleaños
24293,excelente ubicación y excelente hotel
24294,excelente ! Volveré.
24295,hotel superior
24297,excelente. personal atento y discreto
24298,excelente
24301,todo perfecto.
24302,excepcional
24303,excepcional
24305,excepcional
24307,excepcional
24308,fin de semana con mi pareja en este fantástico hotel
24309,excepcional
24310,arriba
24311,excepcional
24312,muy recomendado
24313,"excelente ubicación, comida y servicio al cliente"
24314,excepcional
24315,Hotel de lujo con excelente ubicación y muy buen servicio.
24316,estancia para visitar valencia
24317,permanecer como se esperaba
24318,"también se puede decir en una palabra, ¡fantástico!"
24319,excelente
24320,excelente
24321,"Un hotel muy bonito y bien ubicado con un personal fantástico. Muy recomendable, ya vamos."
24322,excelente
24323,ubicación perfecta!
24324,hotel con encanto
24325,excepcional
24326,excepcional
24327,¡Una estancia magnífica y mágica!
24329,Súper
24330,excepcional
24331,"Cama muy agradable y magnífica para nuestro perrito, lástima que no se pueda acceder a los restaurantes con él."
24332,Perfecto
24333,rehacer
24335,parfait
24336,espectacular
24337,impresionante ! recomiendo
24338,perfecto
24339,"agradable, tal como esperábamos"
24340,el mejor hotel de la ciudad
24341,una estancia de ensueño
24342,Excelente ubicación en el centro con un gran ambiente en el hotel.
24343,excepcional
24345,excepcional
24347,¡Lo disfrutamos!
24349,¡asombroso!
24350,
24351,momento muy agradable
24352,todo perfecto
24353,"Perfectamente ubicado, limpio, buen desayuno!"
24354,Bonito hotel en una ubicación privilegiada.
24355,¡excepcional!
24356,mejor de lo esperado!
24359,muy buena estancia en valencia!
24362,todo está bien - nuevamente en cualquier momento
24363,"Para aquellos que necesitan pensar en un regalo o un aniversario, esta es la estructura perfecta en Valencia. no es barato pero te sabe bien"
24364,
24365,excepcional
24368,excepcional
24369,Tengo curiosidad por saber la única cadena en otras ciudades.
24370,punto de partida perfecto para un recorrido turístico por la ciudad
24371,excelente y original
24372,Ubicación central. personal amable. fue excelente
24373,excepcional
24374,estancia satisfactoria
24375,la mejor opción en valencia.
24376,excepcional
24377,excepcional
24378,excelente
24379,excepcional
24380,hotel perfecto para una estancia corta en Valencia
24381,excepcional
24382,¡Recomiendo con los ojos cerrados! ¡volveremos!
24384,excepcional
24385,"Fantástico hotel en pleno centro de Valencia, muy buen servicio, muy buena comida."
24386,agradable estancia con gran servicio
24387,excepcional
24388,"No busques más excelente ubicación, hermoso hotel. Esto realmente hace que tu estancia en Valencia."
24390,hermoso hotel
24391,excepcional
24392,un hotel de alta categoría perfecto como punto de partida para explorar Valencia.
24393,"Genial, excepto que las habitaciones son demasiado oscuras. Tomaremos el lado de la calle la próxima vez."
24394,"¡Un viaje a la ciudad muy exitoso, en parte gracias a este buen alojamiento!"
24395,estancia excepcional!
24396,fantástico
24397,excepcional
24399,¡volveremos a valencia y solo a ti!
24400,excepcional
24401,Definitivamente es una gran opción considerando todas las posibilidades.
24403,fin de semana en valencia
24404,Gran viaje corto en una ciudad maravillosa y animada.
24405,para repetir.
24406,excepcional
24407,el lugar para estar en valencia
24408,excepcional
24409,Estamos muy satisfechos y disfrutamos mucho del hotel.
24410,excelente
24412,excepcional
24413,un viaje corto y agradable en un gran hotel
24414,Excelente ubicación y todo bien cuidado.
24415,muy bien ubicado noche tranquila
24417,Ubicación privilegiada con mucha atención al detalle.
24418,"hermoso hotel en el centro, perfecto para visitar"
24419,lujoso y relajante.
24420,súper !
24422,un regalo para un fin de semana en la ciudad
24423,encantador hotel en una hermosa ubicación
24424,Realmente me gusta este lugar.
24425,Fantástica estancia en Valencia.
24427,¡Definitivamente regresaremos!
24428,excepcional
24429,gran hotel!
24430,excepcional
24431,estancia relajante
24432,excepcional
24433,volveremos.
24435,definitivamente regresaremos
24436,con buena ropa de cama sería genial
24437,un hotel maravilloso y sin duda digno de cinco estrellas
24438,simplemente perfecto!
24439,"Disfruté del hotel, el personal es muy amable y servicial, la ubicación es perfecta."
24441,"Gran hotel, todo está bien. ¡Definitivamente volveremos la próxima vez en Valencia!"
24442,"El personal es sorprendentemente armonioso entre sí, ¡fue agradable verlo!"
24443,bonito hotel en una ubicación privilegiada
24445,excepcional
24446,cómodo y muy bien situado para visitar Valencia a pie o en bicicleta alquiler de bicicletas a pie del hotel numerosas re
24447,excepcional
24448,"¡Todo fue perfecto, la ubicación, el servicio, el restaurante del hotel y la habitación! ¡Gracias y siempre feliz de estar allí de nuevo!"
24449,asombroso
24452,excepcional
24453,Es precioso en pleno centro de Valencia.
24455,todo maravilloso!!!
24457,excepcional
24458,excepcional
24459,excepcional
24460,excelente estancia
24461,Definitivamente regresaríamos al mismo hotel.
24462,fantástico.
24463,increíble
24464,parfait
24465,"No lo dudaría la próxima vez, reservaría solo contigo valencia."
24466,excepcional
24467,muy buena estancia
24468,muy bien
24469,hotel muy bonito y bien ubicado
24470,Disfrutamos nuestra estancia.
24471,súper bueno! Estaba solo en Valencia y este hotel estaba en la ubicación perfecta. Podría hacerlo muy bien por las noches.
24472,Una joya en el centro de Valencia. ¡¡arriba!!
24475,excepcional
24476,excelente ubicación y desayuno.
24477,increíblemente gran hotel con la mejor ubicación
24478,Fue una estancia agradable y satisfactoria en todos los aspectos.
24479,personal muy servicial
24480,¡Creo que volveremos felices!
24481,"excelente hotel. Ubicación perfecta, céntrica pero tranquila. muy buen restaurante y personal de primera"
24482,vale la pena repetir!
24483,hotel maravillosamente encantador en una buena ubicación
24484,excepcional
24485,positivo
24488,excepcional
24490,viaje a la ciudad
24491,falta de comunicación
24493,excepcional
24494,muy muy bueno. para aconsejar. Volveré allí.
24495,excepcional
24496,recomendación fuerte
24497,excepcional
24498,excepcional
24499,excepcional
24502,una de las ciudades más bonitas de Europa
24503,muy recomendable!
24505,excepcional
24506,perfecto
24507,un hotel ideal para explorar Valencia.
24508,excepcionalmente bueno - y eso es lo que significa
24509,excepcional
24510,excepcional
24512,bien
24514,"Gran estancia y personal super amable, recomendaríamos el hotel."
24515,4 días fantásticos en zona céntrica y una habitación preciosa
24516,excepcional
24517,lo recomiendo ampliamente
24518,"Excelente ubicación, buena idea combinar el bar con la recepción."
24519,absolutamente vale la pena repetir
24520,gran hotel
24523,fin de semana muy agradable
24526,fantástico
24527,"Habitación un poco pequeña teniendo en cuenta el precio, por lo demás genial"
24528,"Valencia es una ciudad preciosa, llena de terrazas donde comer y beber rico."
24530,una gran experiencia y un gran descubrimiento de esta ciudad.
24531,excepcional
24532,Excelente hotel en excelente ubicación en Valencia
24533,Excelente ubicación y el desayuno es muy bueno con un bar barista.
24536,eres realmente un invitado aquí
24537,"Hotel moderno y acogedor, bien situado y decorado con mucho gusto."
24538,lugar fantástico!
24539,muy comodo
24540,Me encantaría volver
24541,estancia fabulosa
24543,excepcional
24544,¡sólo tu!
24545,excepcional
24546,excepcional
24547,perfecto para visitar la ciudad
24549,excepcional
24550,Está bien
24551,excepcional
24552,muy acogedor...
24553,todo en la cima
24554,"excelente ubicación, personal extremadamente amable y servicial"
24555,excepcional
24556,para repetir 1000 veces
24558,gran hotel!
24559,fantástico y lujoso hotel con un buen restaurante y discoteca
24560,¡¡arriba!!
24561,descubrimiento
24562,sólo tú en el verdadero sentido de la palabra
24563,"Todo fue perfecto, el personal fue muy amable y simpático, las habitaciones eran hermosas y muy limpias. Sólo tú eres una garantía."
24564,¡excelente!
24565,"gran hotel, servicio muy bueno, realmente nos gustó... gracias"
24566,excepcional
24567,fantástico
24568,hotel superior!
24569,estancia inolvidable en un hotel perfecto
24570,excepcional
24571,hermoso hotel
24572,excepcional
24573,Volvería a este hotel en primavera.
24574,muy bien
24575,súper ubicación
24577,excepcional
24578,muy bien
24579,¡disfrutar!
24580,"Fantástico, la estructura es genial y el personal es joven, amable y servicial. las habitaciones son amplias y hermosas.."
24581,súper hotel
24582,excepcional
24583,hotel bonito y moderno en una ubicación privilegiada
24584,puro disfrute!
24585,Un hotel maravilloso donde se ha pensado en cada detalle.
24586,Tuvimos días fantásticos dentro y alrededor de este hotel.
24587,con mucho gusto otra vez
24589,rehacer
24590,una experiencia maravillosa
24591,excelente
24593,prima
24594,¡arriba!
24595,satisfactorio. para ser rehecho.
24596,excepcional
24597,perfecto por todos lados!
24598,Hotel de estilo de vida con una excelente ubicación.
24599,Muy lindo establecimiento muy bien ubicado.
24600,excepcional
24603,excelente ubicación
24604,excepcional
24606,excelente estancia
24607,¡fantástico!
24608,excepcional
24610,excepcional
24612,excepcional
24614,excepcional
24615,una noche mágica para una pareja en Valencia
24616,Estancia agradable en pareja durante un fin de semana. La bienvenida del personal fue muy cálida. una mención especial para
24618,excepcional
24619,excepcional
24621,hotel especial en una gran ciudad
24622,Precioso hotel con un bonito bar y el mismo personal.
24623,excepcional
24625,muy bien cumple con las expectativas
24626,muy recomendable!
24627,ambiente agradable y servicios excepcionales
24628,Si viajas a Valencia sólo tienes que reservar hotel.
24629,¡Hotel súper atractivo con un personal excepcionalmente amable!
24630,excelente
24631,", 4 .                 , ,"
24632,muy valido
24633,gran viaje corto en el corazón de Valencia
24634,excepcional
24635,Estancia perfecta que vale la pena repetir.
24636,¡excelente!
24637,"La estancia fue muy acogedora, ubicación perfecta, ¡en 5 minutos puedes estar en cualquier lugar! impecable profesionalidad del personal!"
24638,excepcional
24639,corto pero intenso
24640,excepcional
24641,excepcional
24642,excelente ubicación y habitaciones de calidad
24643,excepcional
24645,parfait
24647,excepcional
24649,gran lugar
24650,Excelente bienvenida para una estancia en Valencia.
24651,no nos faltó nada
24652,muy recomendado
24653,gran hotel con personal cálido
24654,¡Delicioso!
24657,excepcional
24658,excepcional
24659,"excelente estancia en este hotel, volveremos"
24661,escenario muy cómodo
24663,muy lindo hotel bien ubicado
24664,hotel muy elegante con servicios de alto nivel
24665,excepcional
24666,excepcional
24667,excepcional
24668,un hotel recomendado!!
24669,excelente 100000 10
24670,excepcional
24671,excelente fin de semana
24672,excepcional
24673,"Fantástico hotel, dormí bien en bonitas camas."
24674,hotel muy bonito en una ubicación perfecta!
24675,excepcional
24676,excelente estancia
24677,Lo que esperas de una estancia en buenos hoteles.
24678,excepcional
24679,Excelente en todos los aspectos!!
24680,Precioso y elegante hotel para un agradable fin de semana en Valencia: ¡recomendable!
24682,la mejor frase
24683,más que genial!
24686,hermoso hotel en el medio del casco antiguo
24689,excepcional
24692,¡El mejor consejo para el viaje a la ciudad!
24694,"Precioso hotel, en medio del casco antiguo, buen bar, habitación bonita y lujosa, buen servicio por parte del personal."
24695,flecha superior
24696,estancia excepcional
24697,excepcional
24698,excepcional
24699,fantástico
24700,realmente perfecto
24701,"Un hotel de primera categoría, excepcional."
24702,perfecto
24703,fantástico
24704,
24705,¡Casa muy bonita y bien cuidada en una ubicación privilegiada y tranquila!
24706,excepcional
24708,Diseño de hotel clásico en el centro de la ciudad.
24709,Impecable hotel boutique. pensado en cada detalle.
24710,excelente
24712,¡En nuestro top 10 de hoteles de Europa!
24713,disfruta y déjate mimar
24714,excepcional
24715,maravilloso hotel!
24716,excepcional
24717,gran hotel...
24718,¡Nuestra estancia fue ciertamente muy agradable en términos del hotel!
24719,excepcional
24720,¡perfecto!
24721,perfecto para parejas y solteros cerca de todo
24722,excelente para una estancia en el centro de la ciudad
24723,excepcional
24725,Buen hotel en una ubicación central. Genial y práctico para un viaje a la ciudad.
24727,excepcional
24728,Nos lo pasamos muy bien y recibimos una botella y un pastel gratis para nuestro cumpleaños.
24729,realmente gran hotel
24731,¡fantástico!
24732,Volvería a ir a este hotel.
24733,excepcional
24734,Muy buen hotel en una ubicación central.
24735,excelente hotel en el centro de la ciudad
24736,"Muy bonita habitación, excelente desayuno, personal amable y ubicación central, ¡muy recomendable!"
24737,excepcional
24738,excepcional
24739,gran ciudad
24742,", ."
24744,espléndida estructura en el centro
24747,excepcional
24749,excepcional
24750,ubicación conveniente. Servicio impecable del personal por cortesía y atención.
24751,un verdadero joyero en el corazón de Valencia
24755,"super recomendado, con detalles para revisar"
24757,excepcional
24758,cinco estrellas de excelente calidad
24759,hotel acogedor en una ubicación conveniente
24762,buen hotel en un centro tranquilo
24764,excepcional
24766,Bien
24768,excepcional
24770,un hotel muy bonito en el medio del centro y tranquilo
24771,excepcional
24772,excepcional
24773,¡Lo pasé muy bien!
24776,excelente hotel urbano
24777,La estancia y el viaje fueron todo un éxito.
24780,excepcional
24781,fantástico
24782,amigable
24783,Es mi segunda vez y volveré a ir a este hotel.
24784,muy amigable
24785,Estilo noble y superior en una ciudad increíblemente hermosa y vibrante: ¡Valencia!
24786,"Hotel muy bien decorado, moderno y confortable con empleados muy agradables."
24789,recomendado
24790,"Excelente ubicación y personal amable, pero es mejor desayunar en la ciudad."
24793,vacaciones en el centro
24794,excepcional
24795,estancia acogedora y agradable
24798,Bonito hotel y personal muy amable!!
24800,"hotel muy bonito! Lo recomiendo mucho. está muy bien ubicado, los servicios ofrecidos son excelentes y el personal"
24801,"bien, agradable para una noche"
24802,completamente satisfecho.
24805,4 días Valencia y día de playa.
24806,excepcional
24807,escapada de pareja asombrada
24809,Ubicación perfecta.
24811,Tuve una agradable estancia en el hotel.
24812,hotel muy bonito
24813,me gustó mucho
24816,"A pesar de algunos inconvenientes, tuvimos una estancia muy agradable."
24818,lo disfruté muchísimo
24820,Unas vacaciones cortas estupendas en un hotel fantástico con una ubicación directa en la ciudad y alquiler de bicicletas justo al lado del hotel. muy f
24822,Bonito hotel con un bar acogedor y en medio del bullicioso centro.
24823,"Un buen hotel, un poco viejo."
24825,fue genial
24827,volveré más seguido
24829,La bienvenida en el restaurante es fabulosa y la ubicación es perfecta.
24830,buen
24831,me hizo feliz cada vez. y el desayuno pulgar hacia arriba
24832,agradable estancia
24833,solo tú - excepcional - no podría ser mejor
24834,Tuve una estancia muy agradable.
24837,¡gran fin de semana!
24838,"El hotel está muy bien situado, pero no es un hotel que merezca 5 estrellas."
24839,
24840,fantástico hotel situado en el centro de Valencia con un personal muy amable y hospitalario y también genial
24845,hotel chic muy céntrico con decoración muy guapa.
24846,"Fue realmente agradable, superó mis expectativas."
24847,"excelente, definitivamente regresare"
24848,¡recomendado!
24851,excepcional
24852,"Muy recomendable, la cama duerme de maravilla, las almohadas perfectas, la cama bien hecha y el mejor personal."
24853,muy bien
24855,excepcional
24856,estaba delicioso
24857,encantador hotel en una ubicación fantástica
24858,diseño y comodo
24860,estancia agradable
24862,lujo inesperado en medio de la ciudad
24863,excepcional
24864,buena ubicación bonito hotel grande
24865,"5, 4-."
24866,"Súper cómodo, definitivamente me quedaré nuevamente."
24867,"Encontramos el hotel perfecto para nuestro corto viaje a Valencia, ¡nos encantó todo!"
24868,Sinceramente lo recomiendo a adultos que necesitan paz y comodidad.
24871,excepcional
24872,BIEN
24876,Hotel muy agradable pero ten cuidado al elegir el tipo de habitación.
24877,es un hotel normal y corriente
24878,"Simplemente recomendado, ¡con mucho gusto una y otra vez! Este es el tipo de hotel que desea durante sus vacaciones."
24881,buena base para una estancia en valencia
24882,mala relación calidad-precio
24883,BIEN
24884,aceptable
24885,BIEN
24886,hotel neto.
24887,"Hotel muy bonito, perfectamente ubicado, solo le falta una gestión eficiente."
24888,"Excelente ubicación, lujo medio pero no elijas habitaciones en el duodécimo piso."
24889,"Bonito, pero por el dinero gastado en temporada baja, ¡no volvería!"
24890,estáis todos bien
24891,"Muy buen hotel, pero lamentablemente el personal no está a la altura."
24892,Bonito establecimiento pero la habitación un poco decepcionante.
24893,bueno pero trabajo en el servicio
24894,BIEN
24895,
24896,prima
24897,amigable con el cliente pero no cumplió con mis expectativas
24898,"hotel de alto nivel, personal para ser revisado"
24899,BIEN
24900,BIEN
24902,Me pareció un poco caro para lo que ofrece.
24903,aceptable
24904,Muy alto nivel de servicio pero no a la altura.
24905,aceptable
24906,BIEN
24907,"Si no tienes más de 40 años y tu estilo de ropa no cumple con los estándares elegantes tradicionales, estás"
24908,Lo recomiendo pero con algunas reservas.
24909,BIEN
24911,nada especial
24912,"hotel muy charming en el centro de la ciudad, pero con detalles importantes mal resueltos: 7 escaleras en la entrada del edif"
24913,", ?"
24914,fin de semana en valencia
24915,BIEN
24916,BIEN
24917,"En general, fue una estancia muy agradable en un hotel muy bonito con un gran bar."
24919,"Desafortunadamente, las expectativas como viajero solitario no se cumplieron."
24920,buen viaje corto en un hotel muy céntrico y bonito
24921,estancia agradable
24922,Ojalá me hubiera alojado en otro hotel con un precio más asequible.
24923,"no apto para sillas de ruedas dentro y fuera, busque siempre personal para el ascensor,"
24924,aceptable
24925,bonito pero para un 5 pueden hacerlo mucho mejor
24926,Me hubiera gustado más de un 5 estrellas.
24927,decepcionante
24928,"Buen hotel para su categoría, nada más."
24929,un poco decepcionado...
24930,Bueno pero para un 5 estrellas esperábamos algo más.
24931,mal
24932,totalmente agradable
24933,mal
24934,Quedará en tu memoria...
24935,"Ubicación razonablemente privilegiada, pero por lo demás demasiado cara"
24936,BIEN
24938,BIEN
24939,BIEN
24941,BIEN
24943,BIEN
24944,Pura decepción!!!!!
24945,"pasar la noche por 350,- más 145,- en la cartera, es decir, casi 500,- con desayuno en un hotel completamente caro."
24947,"Bueno, pero los hoteles de 4 estrellas en Austria son mucho mejores que este hotel."
24948,normal
24949,pérdida total de mi tiempo y dinero. perdida de tiempo y dinero
24950,aceptable
24951,3 estrellas .hotel básico
24952,decepcionante
24953,el hotel era razonable
24954,Lástima
24955,insomne...
24956,BIEN
24958,no 5 estrellas. Habitación pequeña a pesar de la mejora porque también soy miembro de ellos. Madrid era la principal pandilla de plagas de Valencia sucia.
24959,Lástima que me hubiera gustado dar más.
24960,Las camas son muy malas. Combinan dos gemelos para formar un doble. Dijeron que no hay cama doble individual en el hotel.
24961,aceptable
24962,estancia: estuvo bien cuando no estaba en el hotel.
24964,una decepción
24965,desastroso
24966,
24967,vale la pena repetir!
24969,Delicioso
24970,Hotel atractivo en una ubicación central. Se deben revisar los cuartos húmedos y los baños.
24972,excepcional
24973,excepcional
24974,excepcional
24977,excepcional
24978,excepcional
24979,excepcional
24980,excepcional
24982,excepcional
24983,excepcional
24984,excepcional
24985,excepcional
24986,excepcional
24988,excepcional
24989,excepcional
24990,excepcional
24992,excepcional
24993,excepcional
24994,excepcional
24995,excepcional
24997,excepcional
24999,excepcional
25000,excepcional
25001,excepcional
25002,excepcional
25003,excepcional
25004,excepcional
25005,excepcional
25006,excepcional
25007,excepcional
25008,excepcional
25009,excepcional
25010,excepcional
25011,excepcional
25012,excepcional
25013,excepcional
25014,excepcional
25017,excepcional
25018,excepcional
25020,excepcional
25021,excelente lugar
25022,excepcional
25023,excepcional
25024,excepcional
25025,excepcional
25026,excepcional
25027,excepcional
25028,excepcional
25029,excepcional
25030,excepcional
25031,excepcional
25032,excepcional
25033,excepcional
25035,excepcional
25037,excepcional
25043,excepcional
25048,excepcional
25049,excepcional
25050,excepcional
25052,excepcional
25053,excepcional
25054,excepcional
25055,excepcional
25057,excepcional
25058,excepcional
25059,excepcional
25060,excepcional
25062,excepcional
25063,excepcional
25065,excepcional
25066,excepcional
25067,excepcional
25068,excepcional
25070,excepcional
25071,excepcional
25072,excepcional
25073,excepcional
25074,excepcional
25075,excepcional
25077,excepcional
25078,excepcional
25079,excepcional
25080,excepcional
25081,excepcional
25082,excepcional
25083,excepcional
25084,excepcional
25086,excepcional
25087,excepcional
25088,excepcional
25089,excepcional
25090,excepcional
25091,excepcional
25093,excepcional
25098,excepcional
25099,excepcional
25100,excepcional
25102,excelente
25104,excepcional
25105,excepcional
25106,excepcional
25107,excepcional
25110,excepcional
25111,excepcional
25112,excepcional
25114,excepcional
25115,magnífica
25119,excepcional
25121,excepcional
25122,excepcional
25123,excepcional
25125,excepcional
25126,excepcional
25127,excepcional
25130,excepcional
25131,excepcional
25133,excepcional
25134,excepcional
25135,excepcional
25137,excepcional
25138,excepcional
25142,excepcional
25143,excelente.
25144,excepcional
25145,excepcional
25146,excepcional
25147,excepcional
25150,excepcional
25151,excepcional
25152,excepcional
25153,excepcional
25154,excepcional
25157,excepcional
25159,excepcional
25161,excepcional
25164,excepcional
25165,excepcional
25166,excepcional
25168,excepcional
25170,excepcional
25171,excepcional
25172,excepcional
25173,excepcional
25174,excepcional
25175,excepcional
25176,excepcional
25179,excepcional
25181,excepcional
25183,excepcional
25184,excepcional
25185,excepcional
25186,excepcional
25189,perfecto
25190,excepcional
25191,excepcional
25192,excepcional
25193,excepcional
25196,excepcional
25197,excepcional
25198,excepcional
25199,excepcional
25200,excepcional
25201,excepcional
25203,excepcional
25205,excepcional
25206,excepcional
25207,excepcional
25208,excepcional
25210,excepcional
25211,excepcional
25212,excepcional
25214,excepcional
25218,excepcional
25219,excepcional
25220,excepcional
25221,excepcional
25222,excepcional
25224,excepcional
25225,excepcional
25227,excepcional
25229,excepcional
25236,excepcional
25238,excepcional
25239,excepcional
25240,excepcional
25241,excepcional
25243,excepcional
25244,excepcional
25245,excepcional
25248,perfecta
25251,excepcional
25254,excepcional
25255,excepcional
25256,excepcional
25257,excepcional
25258,excepcional
25259,excepcional
25264,excepcional
25265,excepcional
25266,excepcional
25269,excepcional
25271,excepcional
25272,excelente
25273,excepcional
25274,excepcional
25275,excepcional
25277,excelente
25278,excepcional
25280,excepcional
25281,excepcional
25282,excepcional
25283,excepcional
25285,excepcional
25287,excepcional
25291,excepcional
25297,excepcional
25310,excepcional
25311,excepcional
25315,excepcional
25316,excepcional
25319,excepcional
25326,excepcional
25327,excepcional
25328,excepcional
25329,excepcional
25330,BIEN
25331,BIEN
25332,BIEN
25333,BIEN
25334,BIEN
25337,BIEN
25338,aceptable
25339,aceptable
25340,BIEN
25341,BIEN
25343,aceptable
25344,aceptable
25345,pésimo
25346,muy mal
25347,BIEN
25349,"Personal increíble, especialmente con respecto a todas las solicitudes especiales que tuvimos debido a que viajamos con un niño pequeño. definitivamente vendremos"
25350,excepcional
25351,excepcional
25352,excepcional
25353,excepcional
25354,excepcional
25355,excepcional
25356,excepcional
25357,excepcional
25358,excepcional
25359,excepcional
25361,excepcional
25362,excepcional
25363,excepcional
25364,excepcional
25366,excepcional
25367,excepcional
25368,"Fantástico hotel, el personal, la recepción, las habitaciones y el desayuno son geniales. ¡Difícil hacerlo mejor!"
25369,excepcional
25372,excepcional
25374,excepcional
25375,excepcional
25376,excepcional
25378,excepcional
25379,excepcional
25380,excepcional
25381,excepcional
25382,excepcional
25383,excepcional
25384,excepcional
25385,excepcional
25386,excepcional
25387,excepcional
25389,excepcional
25390,excepcional
25391,excepcional
25392,excepcional
25394,excepcional
25396,excepcional
25397,excepcional
25399,excepcional
25400,excepcional
25401,excepcional
25402,excepcional
25404,excepcional
25405,excepcional
25406,excepcional
25407,excepcional
25408,excepcional
25410,excepcional
25411,excepcional
25412,excepcional
25413,excepcional
25415,excepcional
25416,excepcional
25417,excepcional
25421,amazing staff  location and el mirador palo de corazones estrella
25422,excepcional
25423,excepcional
25424,excepcional
25425,excepcional
25426,excepcional
25428,excepcional
25429,excepcional
25430,excepcional
25431,excepcional
25432,excepcional
25433,excepcional
25435,excepcional
25436,excepcional
25439,excepcional
25441,excepcional
25442,excepcional
25443,excepcional
25444,excepcional
25445,excepcional
25447,excepcional
25448,excepcional
25449,excepcional
25451,excepcional
25452,excepcional
25453,excepcional
25454,excepcional
25455,excepcional
25456,excepcional
25458,excepcional
25459,excepcional
25460,excepcional
25462,excepcional
25463,excepcional
25468,excepcional
25469,excepcional
25471,simplemente perfecto
25472,excepcional
25473,excepcional
25474,excepcional
25475,excepcional
25476,excepcional
25477,excepcional
25479,excepcional
25481,excepcional
25483,excepcional
25484,excepcional
25485,excepcional
25487,excepcional
25488,excepcional
25490,excepcional
25492,excepcional
25494,excepcional
25495,excepcional
25496,excepcional
25497,excepcional
25499,excepcional
25501,excepcional
25505,excepcional
25506,excepcional
25508,excepcional
25509,excepcional
25510,excepcional
25512,excepcional
25513,excepcional
25514,excepcional
25516,excepcional
25517,excepcional
25519,excepcional
25521,excepcional
25523,excepcional
25524,excepcional
25525,excepcional
25529,excepcional
25530,excepcional
25532,"Precioso hotel, excelente ubicación, desayuno increíble. estancia perfecta"
25535,excepcional
25536,excepcional
25537,excepcional
25538,excepcional
25539,excepcional
25540,excepcional
25541,excepcional
25542,excepcional
25544,excepcional
25545,excepcional
25546,excepcional
25547,excepcional
25548,excepcional
25549,excepcional
25550,excepcional
25554,excepcional
25555,excepcional
25556,excepcional
25558,excepcional
25559,excepcional
25562,excepcional
25563,excepcional
25565,excepcional
25566,excepcional
25567,excepcional
25571,excepcional
25572,excepcional
25577,excepcional
25579,excepcional
25580,excepcional
25582,excepcional
25583,excepcional
25584,excepcional
25585,excepcional
25586,excepcional
25587,excepcional
25588,excepcional
25590,excepcional
25592,excepcional
25593,excepcional
25594,excepcional
25595,excepcional
25597,excepcional
25599,excepcional
25600,excepcional
25601,excepcional
25603,excelente ubicación. hotel muy bonito.
25604,excepcional
25606,excepcional
25607,excepcional
25608,excepcional
25609,excepcional
25610,excepcional
25613,excepcional
25614,excepcional
25615,excepcional
25616,excepcional
25617,excepcional
25618,excepcional
25619,excepcional
25620,excepcional
25622,excepcional
25623,excepcional
25624,excepcional
25626,excepcional
25627,excepcional
25628,excepcional
25629,excepcional
25630,excepcional
25631,excepcional
25633,excepcional
25635,excepcional
25636,excepcional
25637,excepcional
25640,excepcional
25642,excepcional
25643,excepcional
25644,excepcional
25647,excepcional
25649,excepcional
25650,excepcional
25651,excepcional
25652,excepcional
25653,excepcional
25656,excepcional
25657,hotel absolutamente impresionante y todo el personal fue excelente
25658,excepcional
25659,excepcional
25660,excepcional
25665,excepcional
25666,excepcional
25667,excepcional
25668,excepcional
25669,excepcional
25671,excepcional
25673,excepcional
25674,excepcional
25677,excepcional
25678,excepcional
25679,excepcional
25680,excelente ubicación y personal encantador
25681,excepcional
25683,excepcional
25685,excepcional
25687,excepcional
25688,excepcional
25689,excepcional
25690,excepcional
25692,El equipo fue muy servicial durante el fin de semana maratoniano.
25693,excepcional
25696,excepcional
25698,excepcional
25699,excepcional
25700,excepcional
25701,excepcional
25703,excepcional
25704,excepcional
25705,excepcional
25706,excepcional
25708,excepcional
25709,excepcional
25710,Este es un hotel encantador sólo mejorado gracias al maravilloso personal.
25712,excepcional
25713,excepcional
25717,excepcional
25721,excepcional
25722,excepcional
25723,excepcional
25724,excepcional
25725,excepcional
25726,excepcional
25728,excepcional
25729,excepcional
25730,excepcional
25731,excepcional
25732,excepcional
25734,excepcional
25735,excepcional
25736,excepcional
25737,excepcional
25738,excepcional
25740,excepcional
25741,excepcional
25742,excepcional
25743,excepcional
25746,excepcional
25747,excepcional
25748,excepcional
25749,excepcional
25751,excepcional
25753,excepcional
25754,excepcional
25755,fabuloso
25757,excepcional
25758,excepcional
25759,excepcional
25761,excepcional
25762,excepcional
25763,"El personal y la ubicación son increíbles, lo recomendaría encarecidamente."
25764,excepcional
25765,excepcional
25768,excepcional
25769,excepcional
25770,excepcional
25771,excepcional
25772,excepcional
25773,excepcional
25774,excepcional
25775,excepcional
25776,excepcional
25777,excepcional
25778,excepcional
25779,excepcional
25780,excepcional
25781,excepcional
25782,excepcional
25783,excepcional
25784,excepcional
25785,excepcional
25786,excepcional
25787,excepcional
25790,excepcional
25791,excepcional
25793,excepcional
25794,excepcional
25795,excepcional
25797,excepcional
25798,excepcional
25799,excepcional
25801,excepcional
25804,excepcional
25808,excepcional
25810,excepcional
25812,excepcional
25813,excepcional
25815,excepcional
25816,excepcional
25817,excepcional
25818,excepcional
25819,excepcional
25820,excepcional
25823,excepcional
25824,excepcional
25825,excepcional
25826,excepcional
25827,excepcional
25828,excepcional
25829,excepcional
25831,excepcional
25832,excepcional
25834,excepcional
25836,excepcional
25837,excepcional
25839,excepcional
25842,excepcional
25843,excepcional
25844,excepcional
25846,excepcional
25847,excepcional
25849,excepcional
25850,excepcional
25851,excepcional
25853,excepcional
25854,excepcional
25855,excepcional
25857,excepcional
25858,experiencia memorable! ¡Definitivamente regresaremos!
25859,excepcional
25861,excepcional
25862,excepcional
25863,excepcional
25864,excepcional
25865,excepcional
25866,excepcional
25868,excepcional
25869,excepcional
25870,excepcional
25871,excepcional
25875,excepcional
25876,excepcional
25878,excepcional
25880,excepcional
25881,excepcional
25882,excepcional
25883,excepcional
25884,excepcional
25886,excepcional
25887,excepcional
25889,excepcional
25890,Excelente ubicación Excelente hotel Volveré
25891,asombroso
25892,excepcional
25894,excepcional
25896,excepcional
25898,excepcional
25900,excepcional
25903,excepcional
25904,excepcional
25906,excepcional
25910,excepcional
25911,excepcional
25915,excepcional
25916,excepcional
25921,excepcional
25922,excepcional
25923,excepcional
25925,excepcional
25926,excepcional
25928,excepcional
25929,excepcional
25930,excepcional
25931,excepcional
25932,excepcional
25933,excepcional
25934,excepcional
25936,personal muy agradable!!
25938,excepcional
25939,excepcional
25940,excepcional
25943,excepcional
25945,excepcional
25946,excepcional
25947,excepcional
25949,excepcional
25950,excepcional
25952,excepcional
25953,excepcional
25955,excepcional
25956,excepcional
25957,excepcional
25958,excepcional
25959,excepcional
25960,excepcional
25961,excepcional
25962,excepcional
25963,excepcional
25964,excepcional
25967,excepcional
25968,excepcional
25971,excepcional
25973,excepcional
25975,excepcional
25976,excepcional
25979,excepcional
25981,excepcional
25987,excepcional
25988,excepcional
25989,excepcional
25990,excepcional
25991,excepcional
25993,excepcional
25994,excepcional
25995,excepcional
26001,excepcional
26002,excepcional
26003,excepcional
26004,excepcional
26007,excepcional
26009,excepcional
26010,excepcional
26011,excepcional
26014,excepcional
26015,excepcional
26016,excepcional
26017,excepcional
26018,excepcional
26020,excelente
26021,excepcional
26022,excepcional
26024,excepcional
26025,excepcional
26026,excepcional
26028,excepcional
26029,excepcional
26030,excepcional
26031,excepcional
26032,excepcional
26033,excepcional
26035,excepcional
26038,excepcional
26039,excepcional
26040,excepcional
26041,excepcional
26042,excepcional
26043,nos encantó
26044,excepcional
26045,excepcional
26046,excepcional
26047,excepcional
26049,excepcional
26050,Disfrutamos de nuestra estancia. hotel excepcional. Lo recomendaría.
26051,excepcional
26052,excepcional
26053,excepcional
26054,excepcional
26055,excepcional
26057,excepcional
26058,excepcional
26059,excepcional
26060,excepcional
26061,excepcional
26062,excepcional
26063,excepcional
26064,excepcional
26066,excepcional
26067,"Ubicación fabulosa, personal de primer nivel, especialmente el check-in y olor maravilloso."
26069,excepcional
26070,excepcional
26072,excepcional
26076,excepcional
26077,excepcional
26078,excepcional
26079,excepcional
26081,excepcional
26083,excepcional
26084,excepcional
26085,excepcional
26087,excepcional
26089,excepcional
26090,excepcional
26091,excepcional
26094,excepcional
26095,excepcional
26097,excepcional
26098,excepcional
26099,excepcional
26101,excepcional
26103,excepcional
26105,excepcional
26106,excepcional
26109,excepcional
26110,excepcional
26111,excepcional
26112,excepcional
26113,excepcional
26114,personal amable
26115,excepcional
26116,excepcional
26123,excepcional
26124,excepcional
26125,excepcional
26126,excepcional
26127,excepcional
26129,excepcional
26130,excepcional
26131,excepcional
26133,excepcional
26135,excepcional
26136,excepcional
26138,excepcional
26141,excepcional
26142,excepcional
26143,excepcional
26144,excepcional
26145,excepcional
26146,excepcional
26148,excepcional
26159,excepcional
26177,excepcional
26185,excepcional
26191,excepcional
26192,Me encanta este lugar.
26194,excepcional
26196,excepcional
26204,excepcional
26206,excepcional
26209,excepcional
26216,"Muy buen hotel, se cumplieron las expectativas excepto el desayuno: ¡fue una delicia diaria! gran variación y fantástico q"
26222,personal muy agradable
26230,excepcional
26231,excepcional
26233,excepcional
26235,excepcional
26236,excepcional
26238,excepcional
26239,excepcional
26240,excepcional
26242,excepcional
26243,excepcional
26244,excepcional
26246,excepcional
26250,BIEN
26252,BIEN
26253,BIEN
26254,BIEN
26256,mal
26257,BIEN
26258,mal
26259,BIEN
26261,mal
26262,mal
26263,BIEN
26264,No consigas el traje junior.
26265,BIEN
26267,BIEN
26268,BIEN
26269,BIEN
26270,BIEN
26273,BIEN
26274,aceptable
26278,mal
26280,pésimo
26281,BIEN
26283,excepcional
26284,excepcional
26285,excepcional
26286,excepcional
26289,excepcional
26290,excepcional
26293,sorprendente.
26294,excepcional
26295,excepcional
26296,excepcional
26297,excepcional
26298,excepcional
26299,excepcional
26300,"¡Una experiencia fantástica, agradecida e inolvidable!"
26302,excepcional
26303,excepcional
26304,excepcional
26306,excepcional
26307,excepcional
26308,excepcional
26309,excepcional
26312,una necesidad absoluta
26315,excepcional
26316,excepcional
26317,excepcional
26318,excepcional
26320,fantástico hotel!
26321,excepcional
26322,excepcional
26324,excepcional
26326,excepcional
26329,excepcional
26330,¡en cualquier momento!
26331,excepcional
26332,excepcional
26333,excepcional
26334,excepcional
26335,excepcional
26336,excepcional
26337,excepcional
26339,excepcional
26341,excepcional
26344,excepcional
26345,excepcional
26347,excepcional
26349,excepcional
26350,excepcional
26351,excepcional
26352,excepcional
26353,todo fantástico
26354,excepcional
26356,excepcional
26358,excepcional
26359,excepcional
26360,excepcional
26361,excepcional
26362,excepcional
26363,excepcional
26365,excepcional
26369,excepcional
26371,excepcional
26372,excepcional
26373,excepcional
26374,excepcional
26375,excepcional
26376,excepcional
26380,excepcional
26381,excepcional
26382,excepcional
26383,excepcional
26384,excepcional
26386,excepcional
26387,excepcional
26390,excepcional
26391,excepcional
26392,excepcional
26393,excepcional
26394,excepcional
26395,excepcional
26398,excepcional
26399,excepcional
26400,excepcional
26401,bonito hotel moderno en una buena ubicación!
26402,excepcional
26403,excepcional
26404,excepcional
26405,excepcional
26406,excepcional
26407,excepcional
26409,excepcional
26411,excepcional
26412,excepcional
26414,excepcional
26415,excepcional
26416,excepcional
26417,excepcional
26418,excepcional
26419,excepcional
26421,excepcional
26424,excepcional
26426,excepcional
26427,excepcional
26428,excepcional
26429,excepcional
26431,excepcional
26432,excepcional
26434,recomiendo
26435,excepcional
26437,excepcional
26438,excepcional
26440,excepcional
26441,excepcional
26442,excepcional
26444,excepcional
26446,excepcional
26448,excepcional
26449,excepcional
26451,excepcional
26452,excepcional
26453,excepcional
26455,excelente
26457,excepcional
26458,excepcional
26459,excepcional
26460,excepcional
26461,excepcional
26462,excepcional
26465,excepcional
26467,excepcional
26468,excepcional
26469,excepcional
26470,excepcional
26471,¡maravilloso!
26473,excepcional
26474,excepcional
26475,excepcional
26476,excepcional
26477,excepcional
26478,excepcional
26480,excepcional
26481,excepcional
26483,excepcional
26484,excepcional
26485,excepcional
26487,excepcional
26488,excepcional
26489,excepcional
26491,excepcional
26492,excepcional
26493,excepcional
26494,excepcional
26495,increíble y hermoso hotel
26496,excepcional
26497,excepcional
26498,excepcional
26499,excepcional
26500,excepcional
26502,excepcional
26503,excepcional
26504,excepcional
26505,excepcional
26507,gran estancia!
26509,excepcional
26511,excepcional
26512,excepcional
26513,excepcional
26514,excepcional
26515,excepcional
26517,excepcional
26518,excepcional
26519,excepcional
26522,excepcional
26523,excepcional
26524,excepcional
26525,excepcional
26526,excepcional
26527,excepcional
26528,excepcional
26531,excepcional
26532,excepcional
26533,excepcional
26534,excepcional
26535,excepcional
26536,excepcional
26537,excepcional
26538,excepcional
26540,excepcional
26541,excepcional
26542,excepcional
26543,excepcional
26545,excepcional
26546,excepcional
26547,excepcional
26548,excepcional
26551,excepcional
26552,excepcional
26554,excepcional
26555,excepcional
26556,excepcional
26557,excepcional
26558,excepcional
26560,excepcional
26561,excepcional
26562,excepcional
26563,excepcional
26564,excepcional
26565,excepcional
26568,excepcional
26571,excepcional
26572,excepcional
26573,excepcional
26574,excepcional
26575,excepcional
26576,excepcional
26577,todo perfecto! especialmente el personal
26578,excepcional
26579,excepcional
26580,excepcional
26582,excepcional
26583,excepcional
26584,excepcional
26585,excepcional
26586,excepcional
26587,excepcional
26589,excepcional
26590,excepcional
26591,excepcional
26593,excepcional
26594,excepcional
26595,excepcional
26597,excepcional
26599,excepcional
26601,excepcional
26602,excepcional
26603,excepcional
26604,excepcional
26606,excepcional
26607,excepcional
26608,excepcional
26609,excepcional
26611,excepcional
26613,excepcional
26616,excepcional
26618,excepcional
26619,excepcional
26620,excepcional
26621,excepcional
26622,excepcional
26623,excepcional
26625,excepcional
26626,excepcional
26627,hermoso hotel en una ubicación perfecta
26629,excepcional
26630,excepcional
26632,excepcional
26634,excepcional
26635,excepcional
26636,excepcional
26637,excepcional
26638,excepcional
26640,excepcional
26641,excepcional
26643,excepcional
26644,excepcional
26645,excepcional
26646,excepcional
26650,excepcional
26653,excepcional
26655,excepcional
26656,excepcional
26657,excepcional
26658,excepcional
26659,excepcional
26661,excepcional
26662,excepcional
26664,excepcional
26665,excepcional
26666,excepcional
26667,excepcional
26671,excepcional
26674,excepcional
26675,excepcional
26678,excepcional
26684,excepcional
26685,excepcional
26686,excepcional
26687,excepcional
26689,excepcional
26690,excepcional
26693,excepcional
26694,excepcional
26695,excepcional
26697,excepcional
26698,excepcional
26700,excepcional
26703,excepcional
26704,excepcional
26706,impresionante
26707,excepcional
26710,excepcional
26711,excepcional
26712,excepcional
26714,excepcional
26716,excepcional
26717,excepcional
26718,excepcional
26719,excepcional
26722,excepcional
26723,excepcional
26724,excepcional
26725,excepcional
26726,"todo perfecto! desayuno para 10, restaurante con estrella en el último piso, muy bueno!!  el personal también preparó uno agradable"
26727,excepcional
26728,excepcional
26730,estancia maravillosa!
26731,excepcional
26732,excepcional
26735,excepcional
26736,excepcional
26737,excepcional
26739,excelente sobresaliente
26742,excepcional
26743,excepcional
26744,excepcional
26746,excepcional
26748,excepcional
26749,excepcional
26750,excepcional
26752,excepcional
26753,excepcional
26754,excepcional
26756,excepcional
26757,excepcional
26758,excepcional
26759,excepcional
26760,excepcional
26761,excepcional
26762,excepcional
26763,excepcional
26764,excepcional
26765,excepcional
26769,excepcional
26771,excepcional
26772,excepcional
26777,excepcional
26778,excepcional
26779,excepcional
26781,excepcional
26783,excepcional
26784,excepcional
26786,excepcional
26787,excepcional
26789,excepcional
26791,excepcional
26792,excepcional
26794,excepcional
26795,excepcional
26796,excepcional
26797,parfait
26799,excepcional
26801,excepcional
26804,excepcional
26805,excepcional
26808,excepcional
26809,excepcional
26810,excepcional
26811,excepcional
26812,excepcional
26813,excepcional
26814,Tuvimos una excelente estadía. El desayuno era fantástico y el restaurante de la planta baja era fantástico. Lo recomiendo.
26815,perfecto
26816,excepcional
26820,excepcional
26822,excepcional
26826,excepcional
26829,excepcional
26830,excepcional
26831,excepcional
26833,excepcional
26835,excepcional
26836,excepcional
26840,excepcional
26842,excepcional
26843,excepcional
26844,excepcional
26847,excepcional
26848,excepcional
26850,excepcional
26851,excepcional
26854,excepcional
26855,excepcional
26856,excepcional
26858,excepcional
26860,excepcional
26862,excepcional
26863,excepcional
26864,excepcional
26865,excepcional
26867,excepcional
26868,excepcional
26870,excepcional
26871,excepcional
26872,excepcional
26874,excepcional
26875,excepcional
26877,excepcional
26878,excepcional
26880,excepcional
26884,excepcional
26886,excepcional
26887,excepcional
26889,excepcional
26891,excepcional
26895,excepcional
26896,
26898,excepcional
26899,excepcional
26900,excepcional
26904,excepcional
26906,excepcional
26908,excepcional
26909,excepcional
26911,excepcional
26912,excepcional
26914,excepcional
26915,excepcional
26917,excepcional
26920,excepcional
26921,excepcional
26922,excepcional
26928,excepcional
26930,excepcional
26932,excepcional
26933,excepcional
26934,excepcional
26935,excepcional
26936,excepcional
26939,excepcional
26940,excepcional
26941,excepcional
26943,excepcional
26944,excepcional
26945,excepcional
26947,excepcional
26948,excepcional
26950,excepcional
26951,excepcional
26954,excepcional
26955,excepcional
26956,excepcional
26957,excepcional
26958,excepcional
26959,excepcional
26960,excepcional
26962,excepcional
26964,excepcional
26965,excepcional
26966,excepcional
26967,excepcional
26969,excepcional
26971,excepcional
26973,excepcional
26975,excepcional
26977,excepcional
26978,excepcional
26979,excepcional
26981,excepcional
26983,excepcional
26984,excepcional
26985,excepcional
26987,excepcional
26988,excepcional
26990,excepcional
26994,excepcional
26995,excepcional
26996,excepcional
26997,excepcional
26998,excepcional
26999,excepcional
27001,excepcional
27005,excepcional
27006,excepcional
27007,excepcional
27008,excepcional
27009,excepcional
27010,excepcional
27013,excepcional
27014,excepcional
27016,excepcional
27019,excepcional
27020,excepcional
27021,excepcional
27022,excepcional
27023,excepcional
27025,excepcional
27026,excepcional
27027,excepcional
27030,todo perfecto!
27031,excepcional
27032,excepcional
27033,excepcional
27036,excepcional
27041,excepcional
27045,¡mega!
27046,excepcional
27049,excepcional
27052,excepcional
27053,excepcional
27056,excepcional
27057,excepcional
27063,excepcional
27065,excepcional
27069,excepcional
27071,excepcional
27073,excepcional
27074,excepcional
27075,excepcional
27076,excepcional
27077,excepcional
27078,excepcional
27080,excepcional
27081,excepcional
27083,excepcional
27084,excepcional
27087,excepcional
27089,excepcional
27090,excepcional
27091,excepcional
27094,excepcional
27097,excepcional
27098,excepcional
27100,excepcional
27101,excepcional
27102,excepcional
27103,excepcional
27104,excepcional
27106,excepcional
27107,excepcional
27108,excepcional
27109,muy satisfecho y definitivamente regresaré
27116,excepcional
27117,excepcional
27119,"centro, cerca de todo. Habitaciones limpias y agradables, personal muy agradable. el desayuno es impecable, con una amplia selección."
27120,excepcional
27122,excepcional
27123,excepcional
27124,excepcional
27125,excepcional
27127,excepcional
27128,excepcional
27129,excepcional
27130,excepcional
27131,excepcional
27132,excepcional
27134,excepcional
27136,excepcional
27139,excepcional
27140,excepcional
27141,excepcional
27142,excepcional
27143,excepcional
27145,excepcional
27146,excepcional
27147,excepcional
27149,excepcional
27150,excepcional
27151,excepcional
27153,excepcional
27154,excepcional
27156,excepcional
27158,excepcional
27159,excepcional
27160,excepcional
27161,excepcional
27166,excepcional
27168,excepcional
27172,excepcional
27176,excepcional
27177,excepcional
27179,excepcional
27180,excepcional
27182,excepcional
27184,excepcional
27186,excepcional
27187,¡Delicioso!
27191,excepcional
27193,excepcional
27194,excepcional
27195,"Excelente ubicación, personal agradable, puedes llegar a muchos lugares a pie ya que está en el medio del casco histórico."
27196,excepcional
27198,excepcional
27199,excepcional
27202,"Todo fue genial, muy linda habitación en el octavo piso, personal muy amable, ubicación perfecta para la ciudad"
27203,excepcional
27204,excepcional
27206,excepcional
27207,excepcional
27210,excepcional
27212,excepcional
27213,excepcional
27214,excepcional
27215,excepcional
27216,excepcional
27217,excepcional
27222,excepcional
27223,excepcional
27225,excepcional
27228,excepcional
27229,de paso pero muy hermosa
27230,excepcional
27231,excepcional
27232,simplemente genial!
27233,excepcional
27234,excepcional
27236,excepcional
27240,excepcional
27241,excepcional
27244,excepcional
27245,excepcional
27246,excepcional
27247,excepcional
27248,Ubicación perfecta y personal muy amable.
27251,excepcional
27252,excepcional
27253,excepcional
27254,excepcional
27256,excepcional
27258,excepcional
27260,excepcional
27265,excepcional
27266,excepcional
27267,excepcional
27268,excepcional
27271,excepcional
27274,excepcional
27275,excepcional
27276,excepcional
27277,excepcional
27279,excepcional
27281,excepcional
27282,excepcional
27283,excepcional
27285,excepcional
27286,excepcional
27287,excepcional
27288,excepcional
27291,excepcional
27292,excepcional
27293,excepcional
27294,excepcional
27296,excepcional
27298,excepcional
27300,excepcional
27302,excepcional
27303,excepcional
27307,excepcional
27309,excepcional
27312,excepcional
27314,excepcional
27316,excepcional
27317,excepcional
27318,excepcional
27319,excepcional
27320,excepcional
27322,excepcional
27323,excepcional
27324,excepcional
27326,"Un hotel que no deja nada que desear, perfecto en todos los aspectos."
27327,excepcional
27328,excepcional
27331,excepcional
27333,excepcional
27334,excepcional
27336,excepcional
27337,excepcional
27339,excepcional
27342,excepcional
27343,excepcional
27345,excepcional
27346,excepcional
27348,excepcional
27349,excepcional
27350,excepcional
27351,excepcional
27353,excepcional
27356,excepcional
27360,excepcional
27362,excepcional
27376,excepcional
27382,excepcional
27384,excepcional
27386,excepcional
27402,excepcional
27404,excepcional
27406,excepcional
27420,excepcional
27429,cumplió con las expectativas. Las instalaciones generales son un poco antiguas. pero las habitaciones son muy buenas.
27439,maravilloso.
27448,excepcional
27469,excepcional
27484,excepcional
27513,excepcional
27517,excepcional
27524,excepcional
27542,excepcional
27543,excepcional
27550,excepcional
27552,excepcional
27553,excepcional
27554,excepcional
27555,excepcional
27556,excepcional
27557,excepcional
27559,excepcional
27560,excepcional
27561,excepcional
27566,excepcional
27569,excepcional
27571,excepcional
27572,excepcional
27573,excepcional
27574,excepcional
27575,excepcional
27577,excepcional
27578,excepcional
27579,excepcional
27582,BIEN
27583,BIEN
27584,BIEN
27585,BIEN
27586,BIEN
27587,BIEN
27588,BIEN
27589,BIEN
27590,BIEN
27591,BIEN
27592,BIEN
27593,BIEN
27594,BIEN
27595,aceptable
27596,BIEN
27597,BIEN
27598,BIEN
27599,aceptable
27601,pésimo
27602,BIEN
27603,BIEN
27604,BIEN
27605,BIEN
27606,BIEN
27607,BIEN
27608,BIEN
27609,aceptable
27610,BIEN
27611,BIEN
27613,BIEN
27614,BIEN
27615,BIEN
27617,BIEN
27619,BIEN
27620,BIEN
27621,aceptable
27622,aceptable
27623,pésimo
27624,pésimo
27626,excepcional
27627,¡Delicia deliciosa!
27628,excepcional
27629,excepcional
27632,excepcional
27635,excepcional
27638,excepcional
27640,excepcional
27644,excepcional
27646,excepcional
27647,excepcional
27648,excepcional
27650,genial
27651,para repetir
27652,excepcional
27655,BIEN
27657,excepcional
27659,excepcional
27662,excepcional
27663,un relax de película
27664,perfecta
27665,excepcional
27667,excepcional
27668,guay!
27670,excepcional
27674,excepcional
27675,excepcional
27676,excepcional
27680,excepcional
27682,buena para
27683,volvería
27686,BIEN
27689,excepcional
27691,excelente lugar
27692,excepcional
27696,mascotas bienvenidas
27697,excepcional
27698,un buen sitio para volver
27699,perfecto
27700,BIEN
27704,para repetir
27705,BIEN
27708,excepcional
27711,excepcional
27712,y 10
27714,genial
27717,excelente
27723,excepcional
27725,excepcional
27727,excelente
27733,excepcional
27734,BIEN
27736,viaje en pareja
27738,excepcional
27739,excepcional
27741,escapada a valencia
27742,excepcional
27745,excepcional
27751,excepcional
27752,excepcional
27753,excepcional
27755,excepcional
27756,mocho
27758,muy bonito
27759,excepcional
27764,excepcional
27765,excelente hospitalidad al usuario
27766,genial
27768,excepcional
27769,excelente
27771,excepcional
27772,comodidad
27773,excepcional
27774,excepcional
27777,excepcional
27778,excepcional
27780,excepcional
27783,excepcional
27784,excelente
27787,excepcional
27788,excepcional
27790,excelente
27791,volveré
27792,excepcional
27794,excepcional
27797,recomendado por varios días
27799,genial
27800,excepcional
27802,excepcional
27803,genial
27806,excepcional
27808,excepcional
27811,muy sabrosa
27812,excepcional
27821,volveremos de nuevo!
27822,excepcional
27823,excepcional
27824,excepcional
27827,BIEN
27828,excepcional
27829,excepcional
27831,excepcional
27835,excelente.
27842,genial
27844,excepcional
27846,excepcional
27847,excepcional
27849,excepcional
27852,excepcional
27853,perfecto
27855,volvere otra vez
27856,excelente
27858,BIEN
27859,excepcional
27861,excepcional
27868,excepcional
27872,excepcional
27875,excepcional
27878,excepcional
27880,excepcional
27883,excepcional
27884,excepcional
27889,recomendado
27892,excepcional
27893,excepcional
27894,ideal para visitar valencia
27896,sitio que cumple expectativas
27902,BIEN
27907,BIEN
27913,excepcional
27918,buena relación calidad-precio
27921,no volvería
27924,excepcional
27928,
27929,excelente
27941,BIEN
27942,BIEN
27946,BIEN
27950,normal
27962,BIEN
27975,BIEN
27976,BIEN
27978,BIEN
27981,para volver
27992,volveria
28006,BIEN
28010,BIEN
28018,perfecta
28022,relajante
28032,BIEN.
28033,BIEN
28035,BIEN
28036,8
28042,BIEN
28044,BIEN
28057,bueno
28058,BIEN
28060,BIEN
28066,visita a valencia
28067,BIEN
28070,BIEN
28072,BIEN
28075,BIEN
28078,BIEN
28079,BIEN
28081,BIEN
28082,escapada a la ciudad
28084,BIEN
28089,cerca de todo
28094,BIEN
28095,excelente
28103,estuvo bien
28108,aceptable
28111,aceptable
28113,aceptable
28117,no volvería
28121,aceptable
28131,ascó
28132,cómodo
28133,regular
28135,pésimo
28137,BIEN
28140,horrible
28141,aceptable
28142,aceptable
28158,no volveré
28161,para no volver
28165,"Bonito, agradable y agradable lugar para alojarse en Valencia."
28166,excepcional
28168,La mejor ubicación en una calle tranquila siendo el ayuntamiento.
28169,en general muy feliz
28170,excepcional
28171,¡Servicio y conveniencia de 5 estrellas!
28172,excepcional
28173,pequeño gran hotel en una ubicación increíble
28175,ubicación ideal
28176,¡Lugar perfecto para explorar Valencia!
28177,Gran servicio y excelentes recomendaciones para todo tipo de temas por parte del personal.
28178,definitivamente recomendado
28179,Gran elección para una estancia corta en valencia. la ubicación es inmejorable
28180,"Excelente ubicación, buen desayuno, personal increíble y habitaciones interesantes."
28181,BIEN
28182,¡El personal realmente servicial no pudo hacer más! gracias
28183,excepcional
28185,excepcional
28186,excepcional
28187,gran hotel urbano excelente ubicación
28188,maravillosa ubicación a poca distancia de la mayoría de los lugares de interés.
28189,excepcional
28190,excelente
28191,¡Nos alojaremos aquí de nuevo!
28192,"En general, buena relación calidad-precio y personal amable."
28193,BIEN
28194,gran hotel en el centro de la ciudad
28195,gran experiencia
28196,excepcional
28197,excelente ubicación con personal amable
28198,muy buena ubicación y personal amable
28199,casual del cine - ¡obra maestra de la película!
28200,¡excelente!
28201,buen hotel en excelente ubicación
28202,En general estamos contentos con nuestra estancia.
28203,Descubrí un hermoso hotel después de una semana traumática.
28204,maravillosa experiencia
28205,escapada a la ciudad soleada
28209,"estuvo bien para pasar una noche, un concepto de hotel interesante, definitivamente memorable"
28211,fue una buena relación calidad-precio. El hotel está exactamente a 4 minutos de la estación. todas las áreas eran fácilmente accesibles. la habitación era muy
28213,"Un hermoso viaje para ponerse al día con mi hija que estuvo fuera y pasó algún tiempo viajando, lo cual nos encanta antes de que ella gr."
28214,estancia estupenda y personal increíble!!
28215,"Excelente lugar para hospedarse, hay muchas pequeñas panaderías cerca."
28216,¡Fue increíble!
28219,"hotel temático peculiar, personal acogedor y un excelente desayuno"
28220,estancia perfecta en el corazón de valencia
28221,excepcional
28222,buen valor.
28223,maravilloso y memorable.
28224,"estuvo bastante bien. Lo recomendaría como un buen hotel, en muy buena ubicación a un precio muy asequible, el personal muy amable."
28225,fantástico
28226,Me encantó la ciudad y el alojamiento.
28228,maravillosa estancia en una excelente ubicación
28229,"Idealmente ubicado, limpio, cómodo y con un personal excelente, amable y servicial."
28230,"excelente ubicación, cama horrible"
28231,excepcional
28232,excepcional
28233,recomendado
28234,BIEN
28235,Fue realmente una buena relación calidad-precio.
28237,una estancia agradable y confortable.
28238,encantadora estancia
28239,Tuve una gran estancia en valencia.
28240,excepcional
28241,una estancia perfecta en una ubicación perfecta. Increíble personal y servicio.
28242,hermoso viaje en valencia
28243,"excelente. Ubicación fabulosa, personal servicial las 24 horas. Altamente recomendado."
28244,excepcional
28245,gran valor en una excelente ubicación.
28247,excepcional
28249,"Todo perfecto, el desayuno es mejorable."
28250,Gran lugar para una corta visita a Valencia.
28252,gran momento en valencia
28253,encantador
28254,En general nuestra estancia fue agradable. Me alojaría allí de nuevo por la ubicación y el personal.
28256,excelente estancia.
28257,excepcional
28258,¡excelente!
28259,"excelente ubicación, limpio y ordenado"
28260,"Tuvimos un gran viaje, excelente ubicación y puesto muy útil."
28261,"Un hotel bien situado justo al lado de la plaza del ayuntamiento, a dos minutos a pie, por lo que todo estaba cerca."
28263,Excelente ubicación y buena relación calidad-precio.
28264,excepcional
28266,excepcional
28267,excelente ubicación
28268,excepcional
28271,Definitivamente me quedaría aquí de nuevo.
28272,bonito y pequeño hotel en excelente ubicación
28273,"Me encantó el hotel, me encantó Valencia, ¡ojalá tuviéramos más tiempo!"
28274,excepcional
28275,¡Definitivamente regresaré a Casual del Cine!
28276,una noche en valencia!
28277,estancia corta con buena relación calidad-precio
28278,"excelente lugar, buen personal y buena ubicación"
28280,"Increíble lugar cerca del centro de la ciudad de Valencia, lo pasamos bien allí y aprovechamos al máximo nuestro viaje gracias a su excelente ubicación."
28283,"El precio, la ubicación y la amabilidad cumplían todos los requisitos. Muy recomendable para una estancia corta."
28284,"Buena relación calidad-precio en un hotel bonito, luminoso y moderno."
28285,practico y bien ubicado
28286,gran hotel en el corazón de valencia
28288,hermoso lugar
28289,"Muy bueno, todo cerca y fácil acceso a la estación de metro. personal muy servicial"
28290,"Mi estancia en Casual del Cinema en Valencia fue un respiro encantador, ya que ofrecía un encanto cinematográfico y una cálida hospitalidad."
28291,excepcional
28292,"ubicación increíble, personal increíble"
28293,excepcional
28295,estancia agradable con pequeños inconvenientes
28296,buen hotel con personal amable
28297,Excelente ubicación para una escapada a la ciudad.
28298,decente para una noche. No consideraría una estancia más larga debido al factor de aislamiento acústico.
28299,El servicio de habitaciones y desayuno era muy bueno.
28300,cine casual es un excelente hotel en el casco antiguo con un buen desayuno y excelente servicio.
28302,hotel realmente bonito. increíble ubicación y personal amable! Podríamos encender el aire acondicionado y arreglarlo inmediatamente.
28303,excepcional
28305,"Maravilloso, muy bonito hotel y muy confortable."
28306,muy buena ubicación limpio encantador y admite mascotas
28307,¡magnífico!
28308,"Estancia rápida en nuestro camino por Valencia. Cómodo, limpio, excelente ubicación y personal amable."
28309,Gran relación entre precio y calidad en valencia.
28310,BIEN
28311,alegre
28312,excepcional
28313,Lo pasé muy bien en valencia.
28314,"Bueno, pero cuidado con el ruido."
28315,excelente experiencia
28316,perfectamente ubicado en la hermosa valencia
28317,recomendaría
28318,excepcional
28319,recomendar
28320,hotel agradable y acogedor.
28321,excepcional
28322,Acabo de pasar una estancia muy agradable en el centro. El hotel es de fácil acceso y tuvo un desayuno increíble.
28324,hermoso lugar
28325,lindo hotel en excelente ubicación
28326,excepcional
28327,buen precio por todos los servicios recibidos!!!
28328,hotel increíble
28329,"Un buen lugar para descubrir Valencia, que para mí es el hotel más importante, podría actualizarse un poco."
28331,excepcional
28332,"muy buen personal, habitación limpia; estancia confortable."
28336,personal muy amable
28337,gran lugar para ver valencia
28339,"Excelente ubicación, limpio y una estancia cómoda."
28340,excepcional
28341,un gran intermedio de mis vacaciones
28342,Lo pasamos muy bien. Sólo estuvo allí 2 noches.
28343,más agradable
28346,Gran lugar para reservar por una noche o de paso.
28347,Genial para una estancia corta en valencia. excelente ubicación y buen desayuno.
28348,"Vale la pena reservar, no es caro, buena calidad, buena ubicación."
28350,todo es cuestión de la ubicación
28352,¡muy lindo!
28353,Buena elección y buena ubicación.
28354,"Excelente ubicación, hotel básico pero agradable."
28355,BIEN
28358,"excelente ubicación, habitaciones pequeñas y limpias"
28360,fabulosa ubicación
28361,"estancia corta, excelente ubicación, cerca de todos los servicios."
28362,gran espacio
28363,bueno por dinero
28364,¡bien!
28366,gran hotel con habitaciones temáticas
28367,unas vacaciones increíbles en valencia
28368,excepcional
28369,Gran hotel central para comer bebidas y viajar.
28370,"Excelente relación calidad-precio en el centro de la ciudad, pero tal vez no para personas con el sueño ligero."
28371,"Disfrutamos el fin de semana en su hotel, ¡muchas gracias!"
28372,Gran hotel con todo lo necesario para unas cortas vacaciones en la ciudad.
28373,Tuvimos una estancia agradable y tranquila en el hotel cine.
28374,Excelente ubicación para la estación de tren y el casco antiguo.
28375,Un viaje maravilloso con un querido amigo.
28376,buena ubicación
28377,Cómodo hotel limpio y céntrico con un gran desayuno.
28380,Nos gustó la arquitectura y el mobiliario tradicionales y estuvimos muy contentos con nuestra estancia.
28381,buen valor
28383,BIEN
28384,buena relación calidad-precio.
28385,BIEN
28386,Buen hotel limpio y céntrico.
28387,decoración interesante. Un poco ruidoso pero en general fue una buena estancia.
28390,"excelente ubicación. Excelente hotel, más bien un 3 que un 2."
28391,El personal del hotel fue amable. el desayuno estuvo bien.
28392,fue agradable y el personal fue muy servicial
28395,buena ubicación en el centro histórico
28398,excepcional
28399,BIEN
28400,Ideal para una estancia corta y para los lugares que visitábamos.
28401,"bonita ciudad, buena comida, buena costa, metro fácil, caminar a todas partes, uso del lecho seco del río"
28402,es agradable
28404,BIEN
28405,"maravillosa valencia, volveremos"
28406,BIEN
28408,luces y sombras.
28409,"Nos lo pasamos muy bien en este hotel. buena ubicación, habitación limpia, personal servicial. ¡gracias!"
28410,gran hotel situado en el centro de valencia
28411,agradable
28412,buena relación calidad-precio
28413,hotel encantador y excelente ubicación
28414,"Buen hotel para pasar una noche, muy céntrico y con buena relación calidad-precio."
28415,"Excelente ubicación, personal amable y servicial, cama cómoda. ¡Solucione el problema de la ducha y lo recomendaría!"
28416,clasificación
28418,bueno para una estancia corta
28419,ubicación ubicación ubicación
28420,"Ubicación increíble, concepto amigable, personal y creativo."
28421,Excelente para alojarse en el centro.
28422,buena relación calidad-precio
28423,agradable estancia
28424,no para una estancia larga
28425,Hotel con buena relación calidad-precio para personas que vienen solo a dormir en el hotel. excelente ubicación personal
28426,Estancia confortable con buena ubicación si no pasa tiempo en la habitación.
28427,películas en una pared...
28429,excepcional
28430,BIEN
28431,BIEN
28432,"No es un mal lugar para quedarse, pero necesita un poco de atención."
28433,buen hotel para estancias cortas
28435,BIEN
28437,excelente hotel cerca de todo de interés con muy buen desayuno
28438,buena estancia
28439,asombroso
28441,BIEN
28443,impresionante
28445,muy divertido en una ciudad encantadora
28447,excelente ubicación
28448,recorriendo ciudades de españa desde irlanda
28449,Bonito lugar en el centro con fácil escapada desde el aeropuerto.
28450,BIEN
28453,excepcional
28454,¡Un tiempo maravilloso en Valencia!
28455,"Excelente ubicación y personal amable, pero los problemas recurrentes con el aire acondicionado afectaron nuestra estadía."
28456,satisfecho
28457,BIEN
28458,BIEN
28459,BIEN
28460,BIEN
28461,BIEN
28462,BIEN
28463,BIEN
28464,buena relación calidad-precio. ubicación cerca de restaurante y supermercado
28465,excelente ubicación y personal amable y servicial
28466,¡OK!
28467,excelente ubicación.
28468,BIEN
28469,"muy comodo, habitacion muy silenciosa"
28471,gran personal habitación pequeña.
28473,no podía dormir
28474,"El personal fue muy amable y servicial y solo estuvimos allí una noche, pero hicieron todo lo posible para asegurarse de que estuviéramos allí."
28476,Vecinos ruidosos y marketing telefónico inútil.
28477,Pequeño gran hotel justo en el centro!
28478,bonito hotel antiguo pero limpio
28479,aceptable
28480,mal
28481,aceptable
28483,Tengo para una estancia corta en el centro.
28484,Este es un hotel económico pero todavía un poco más deteriorado de lo que habíamos previsto.
28485,decepcionante
28487,"no es un lugar para relajarse; dormir, desayunar y salir a pasar el día."
28489,bueno para una breve escapada a la ciudad
28490,Extremadamente decepcionante ya que gastamos 680 s por 3 noches.
28492,está bien por el precio y la ubicación
28493,aceptable
28496,lee esto antes de reservar
28498,aceptable
28502,mal
28503,Está bien para pasar unas noches en una ubicación magnífica.
28504,"demasiado caro con precios diferentes para fechas entre semana, sin dar ninguna explicación cuando se le preguntó por qué en la recepción."
28505,"hotel decepcionante, buena ubicación"
28506,"Debido al mal estado del baño, se interrumpió la hora de la siesta."
28507,aceptable
28508,La encantadora ciudad debería haber elegido un hotel mejor.
28509,pésimo
28510,"contentos con la ubicación, el personal y la limpieza, pero la falta de otras instalaciones nos decepcionó"
28511,aceptable
28512,"Excelente ubicación, personal amable pero demasiado caro para la calidad de la habitación."
28513,aceptable
28514,aceptable
28515,"La relación calidad-precio del hotel fue muy baja, la peor experiencia de los 8 hoteles que utilizamos en España."
28516,más aire acondicionado
28518,Me arrepiento de haber reservado ese hotel.
28519,"¡evitar! Sucio y horrible por todas partes, este lugar no debería estar abierto al público."
28520,Bonito hotel cerca del centro de la ciudad.
28521,muy mal
28522,pesadilla
28523,Me alegro de que fuera solo por una noche.
28524,aceptable
28525,No me alojaré allí de nuevo.
28526,"personal maravilloso, lástima del hotel."
28527,"Habitación cara e incómoda, ¡sin relación calidad-precio! Hay opciones más acogedoras y elegantes."
28528,pésimo
28529,"Excelente ubicación y personal amable, pero nunca volvería. lugar muy caro para instalaciones de mierda"
28531,excepcional
28532,excepcional
28533,Óptimo
28535,excepcional
28538,agradablemente
28539,magnífico
28540,magnífico
28542,excepcional
28543,dos dias en valencia
28545,Recomendado a todo el mundo para visitar Valencia.
28546,en
28547,excepcional
28548,buenas vacaciones
28551,"Personal excepcional, amable, preparado y valiente. València es muy bonita y divertida."
28553,Perfecto
28557,pulgar hacia arriba pulgar hacia arriba
28558,en el centro de todo
28559,excepcional
28560,gran base con muy buen servicio
28561,"Excelente acogida, hotel agradable y muy bien situado."
28562,excepcional
28563,excepcional
28564,excepcional
28565,"Hermosa estructura, excelente personal educado, muy acogedor, ¡definitivamente regresaré!"
28566,estancia impecable y enriquecedora....
28567,recepción excepcional
28568,"Excelente ubicación a un paso del centro. Habitación muy amplia y limpia, acogedora y en una zona tranquila. aconsejar"
28570,"Hermosa estructura, limpia y bien organizada. Personal amable y excelente ubicación para moverse por el centro."
28572,excepcional
28573,excepcional
28574,hermosa estancia
28575,corto pero excelente
28576,excelente estancia
28577,excepcional
28578,muy recomendado
28579,Recomiendo mucho este alojamiento.
28580,excepcional
28582,excelente
28583,buen descubrimiento
28585,excepcional
28586,todo perfecto
28587,"Bonito hotel, limpio, maravillosas camas y limpio. empleados muy amables"
28589,unas buenas 2 estrellas
28590,buena relación calidad-precio
28591,excepcional
28592,valencia croacia
28593,excepcional
28594,gran estancia para un viaje a la ciudad
28595,excelente hotel para una estancia corta en valencia
28596,excepcional
28597,"Gran hotel, pero el centro de Valencia es un desastre para los coches."
28599,muy recomendado
28600,fantástico hotel! muy recomendable!
28603,"gracias a todo el personal, al gerente! ¡lo pasamos muy bien!"
28604,tres dias en valencia
28605,excepcional
28606,hermanos en el camino. diciembre 2025
28608,excelente propiedad en el centro de valencia
28610,excepcional
28611,excepcional
28612,buena estancia! ubicado en el centro
28615,hotel idealmente ubicado para visitar valencia
28616,excepcional
28617,muy buena relación calidad-precio
28619,excepcional
28621,excelente ubicación y habitaciones muy cómodas
28623,excepcional
28624,excepcional
28626,Muy recomendado para viaje a la ciudad. Puedes explorar mucho a pie.
28628,realmente súper vacaciones
28629,valencia con familia
28630,perfecto
28631,excepcional
28632,excepcional
28633,excepcional
28634,excepcional
28635,¡arriba!
28636,hotel céntrico y muy cómodo
28637,excepcional
28639,excepcional
28640,un cine muy agradable
28642,excepcional
28644,mejor hotel en términos de calidad y precio
28645,Lugar muy bonito y agradable para visitar en familia y con niños.
28646,"bonito hotel, muy buena ubicación"
28648,excepcional
28650,Perfecta relación precio-rendimiento.
28652,todo perfecto
28653,excepcional
28654,agradable estancia en una buena ubicación
28655,Óptimo
28657,BIEN
28659,Fantástico.
28660,perfecto para un fin de semana en valencia
28661,todo lo necesario y amabilidad del personal
28662,hotel muy bien ubicado y muy bueno para una buena estadía
28664,muy agradable
28665,excepcional
28666,muy bien
28667,bueno
28668,encantado de conocerlo
28669,"fue genial en precio con la ubicación y bonita habitación, personal agradable"
28670,excelente estancia en un hotel en particular
28671,excepcional
28673,hermoso viaje! Valencia es una ciudad completa y es fantástica.
28674,una situación ideal en el centro de valencia
28675,muchas gracias por la bienvenida
28677,Muy bueno para quienes priorizan la ubicación y la limpieza.
28678,Excelente hotel por ubicación y relación calidad-precio.
28679,excelente ubicación para descubrir València
28680,BIEN
28681,"super desayuno, excelente ubicación y máxima amabilidad."
28682,excepcional
28683,hotel muy bien ubicado y acogedor
28684,excepcional
28686,Perfecto
28687,"Hotel en una ubicación fantástica para visitar la ciudad a pie, el personal nos dio valiosos consejos sobre cómo moverse y moverse."
28688,excepcional
28690,un hermoso recuerdo hermosa ciudad la pasamos muy bien
28691,excelente ubicación
28693,"Fantástica experiencia, muy recomendable!"
28695,excepcional
28696,excepcional
28697,Hermosa estructura pero con muy pequeños detalles para mejorar.
28699,en la cima
28700,excelente servicio
28701,excepcional
28702,impresionante
28704,Cómodo hotel idealmente ubicado en el distrito histórico de Valencia.
28705,Excelente ubicación y excelente estructura.
28707,excepcional
28708,Muy buena estancia en el casual del cine. GRACIAS
28709,excepcional
28711,"excelente bienvenida, excelente ubicación"
28712,no defraudó las expectativas
28713,excelente estancia en valencia
28714,excepcional
28715,"Recomiendo absolutamente la estructura, el personal es muy amable, no esperes una habitación enorme, son un poco pequeñas"
28716,excepcional
28717,lugar perfecto para viajes en valencia
28718,Recomiendo este hotel por su ubicación central.
28719,lo mejor de todos los tiempos
28720,excepcional
28721,BIEN
28722,", ."
28723,¡recomendado!
28724,hermosa estancia en valencia
28725,BIEN
28726,excepcional
28727,perfectamente ubicado con relación calidad-precio ideal
28730,Todo es perfecto volveremos con mucho gusto y recomiendo mucho este hotel.
28731,excepcional
28732,excepcional
28733,excepcional
28734,excepcional
28735,súper
28736,hotel con una buena ubicación
28737,"Excelente estancia en Valencia, luego el hotel por su ubicación permite moverse por la ciudad a pie."
28738,Óptimo
28739,Hotel muy bonito a un precio excelente justo en el centro.
28740,cómodo
28741,por quien
28743,vacaciones en valencia
28744,excepcional
28745,gran estancia en valencia.
28747,excepcional
28748,este hotel; ¡un plan realmente bueno!
28749,BIEN
28750,perfecto en todo!!!
28751,BIEN
28752,quedarse en valencia
28754,
28755,súper hotel!
28756,Perfecto para un viaje a la ciudad.
28757,estancia también adecuada durante varios días
28759,estancia perfecta
28760,relación calidad precio muy buena!
28761,excepcional
28762,toda Valencia a tu alcance
28763,excepcional
28764,todas las recomendaciones para este hotel
28765,estancia agradable
28766,"Lo recomiendo mucho, lo apruebo y volveré."
28767,"buena ubicación, personal amable"
28768,centro de prisväyo
28769,quedarse en valencia
28770,gran noche y personal de recepción súper agradable y eficiente reserva de última hora en el oceanográfico. 100
28771,valencia preciosa y super limpia me parece excesivo pagar y no poco entrar a las iglesias
28773,buen hotel no muy caro y bonito
28774,"hermoso hotel, maravillosa ciudad, excelentes temperaturas"
28775,maravilloso
28778,excepcional
28779,volvemos a los vestuarios -!!
28780,excelente.
28781,muy buena relacion calidad precio. ¡Nada de qué quejarse!
28782,ciudad de valencia fantastica
28783,lo pasamos muy bien.
28785,muy buen hotel para visitar valencia pero no para descansar
28788,excelente relación calidad-precio
28789,hotel muy bonito y agradable
28790,único
28791,excepcional
28792,Si vuelvo a Valencia sin duda volveré a alojarme en este hotel.
28793,excepcional
28795,excepcional
28796,excepcional
28798,excepcional
28799,"personal super amable, habitaciones hermosas y limpias, ubicación estratégica y central"
28800,excepcional
28802,súper recomendado
28803,excepcional
28804,
28805,excepcional
28808,excepcional
28809,Definitivamente recomendado.
28810,excepcional
28811,¡arriba!
28812,bonito hotel en valencia
28813,"lugar limpio, acogedor y bien ubicado"
28814,excelente ubicación y amabilidad
28815,todo perfecto
28816,"acogedor, limpio y bastante bien con una muy buena ubicación"
28817,excepcional
28818,excelente solución para una estancia corta
28819,excepcional
28820,en el corazón de valencia
28821,excepcional
28822,"La estancia fue agradable, el desayuno y la ubicación eran excelentes."
28823,excepcional
28824,"Se lo recomendaría a otros, en general estuvo bien."
28825,excepcional
28826,"Excelente, pero podría mejorar con un poco de atención."
28827,excepcional
28829,Valencia estancia
28830,centro centro..
28831,"Ubicación bien situado para visitar valencia, personal amable."
28832,situación inmejorable.
28835,excepcional
28836,película ambientada en el centro
28837,justo en el centro todo perfecto
28839,Se lo recomiendo a todos
28840,BIEN
28841,BIEN
28844,excepcional
28846,casula cine valencia? top!!!
28847,Lugar acogedor y todo cerca.
28849,excepcional
28852,¡Definitivamente una estructura para recomendar!
28854,estancia maravillosa
28856,parfait pulgar hacia arriba
28858,ubicación privilegiada
28859,Bonito hotel con buena relación calidad-precio en una ubicación privilegiada.
28860,buena experiencia
28862,"Hotel pequeño y confortable, pero ruidoso."
28863,más que satisfecho
28865,"hotel bien, no hay desayuno bien, ubicación perfecta"
28866,excepcional
28868,excepcional
28869,excepcional
28871,BIEN
28873,lindo y muy bien ubicado
28874,excepcional
28875,epifanía en valencia
28876,Óptimo
28877,excepcional
28878,excepcional
28879,"satisfecho, viniendo"
28880,excepcional
28882,Fantástico
28883,excepcional
28884,Hermoso
28885,aconsejado
28886,súper vacaciones
28887,valencia natale 2024
28892,excelente hotel en el centro
28893,excelente
28894,fantástico
28895,muy buen trato !!!
28896,"Excelente relación calidad-precio, estructura adecuada para vacaciones cortas para descubrir Valencia."
28897,excepcional
28899,fantástico hotel
28900,excelente
28901,excepcional
28902,buen descubrimiento
28904,alojamiento superior
28907,excepcional
28908,Lo volvería a elegir
28909,"la pasamos muy bien, la ciudad es muy hermosa y la temperatura muy agradable"
28912,el hotel ideal para una estancia en valencia
28913,recomiendo
28915,excepcional
28916,perfecto
28918,disfruta del hotel del cine
28919,maravillosa valencia
28920,¡excelente!
28921,hermoso hotel en una posición estratégica!
28923,buena ubicación en el centro
28924,fin de semana en valencia
28925,excepcional
28926,excepcional
28927,BIEN
28928,¡aconsejado!
28929,viaje a la ciudad au top !
28930,excepcional
28931,hotel limpio en el centro con todo lo necesario
28932,3 maravillosos días en Valencia
28933,"estancia estupenda, justo en el centro, personal muy agradable"
28934,agradable descubrimiento
28935,excepcional
28937,excepcional
28939,céntrico y moderno.
28940,"pernoctación corta pero buena, servicio de desayuno dulce"
28941,excepcional
28942,agradable
28943,BIEN
28946,excepcional
28948,excepcional
28950,"muy buena estancia, hotel bien ubicado"
28953,excepcional
28954,Recomiendo este hotel
28955,"Alojamiento bonito, cómodo y limpio en el centro."
28956,excelente elección
28958,super alojamiento justo en el centro
28959,un hotel respetuoso con las lenguas de los clientes
28960,un pequeño gran hotel en el corazón de valencia
28961,excelente
28962,simplemente hermoso
28963,excepcional
28964,anna
28965,"¡Todo! Ubicación muy central, habitación súper limpia y personal muy amable. Los productos rituales a utilizar son un verdadero plus."
28966,para volver!
28968,estancia 2 personas por 4 noches
28969,Hotel super bonito para una escapada a Valencia.
28970,¡Estancia práctica y funcional para un viaje corto!
28972,Si volviera a Valencia intentaría volver a alojarme en este hotel.
28973,estancia agradable
28974,buena experiencia
28975,Gran hotel en el centro de la ciudad.
28976,muy muy lindo!!!
28977,excepcional
28980,recomiendo
28981,Excelente alojamiento en el centro de Valencia.
28982,excepcional
28984,Está bien
28985,fue un gran momento y un gran descubrimiento
28986,agradable estancia corta con excelente servicio
28987,en el corazón de valencia
28988,muy comodo lo recomiendo mucho
28990,excepcional
28991,"Demasiado corto, volveremos para disfrutarlo mejor."
28992,excepcional
28994,experiencia agradable
28995,valencia mola!
28996,excepcional
28997,central pero inmerso en la tranquilidad
28999,"Buena ubicación, cómoda, en el centro pero aún así relajante."
29000,excelentes vacaciones
29001,dando la bienvenida
29003,lugar perfecto.
29004,una agradable estancia
29005,muy bien ubicado
29006,arriba
29007,excepcional
29008,"personal amable, buen desayuno, limpieza ok"
29009,excepcional
29010,"Aunque el hotel sólo tiene dos estrellas, su ubicación en el centro aumenta su valor. Calidad bien."
29011,realmente lo pasamos muy bien
29012,hotel familiar y estratégico para el confort
29014,aconsejado
29015,agradable hotel en el centro de Valencia
29016,excepcional
29017,excepcional
29018,genial para hacerlo de nuevo sin moderación
29019,"Típico hotel informal de cadena, excelente relación calidad-precio."
29020,muy agradable
29021,agradable
29023,arriba
29024,BIEN
29025,excepcional
29027,"Aparte de la ventana al patio, quedamos satisfechos."
29028,bien ubicado
29030,Bien
29031,clase
29032,excepcional
29033,cómodo..en el centro de valencia
29035,excepcional
29036,excelente ubicación y seguridad
29037,excepcional
29038,Óptimo
29039,una estancia perfecta
29041,"Bonito hotel en el que el tema del cine y el cine se implementa en todas partes, muy divertido y apropiado: ubicación ideal para Valencia"
29042,!                           - .                            !
29043,excelentes instalaciones y personal muy amable
29044,"Habitación sencilla, personal agradable y servicial."
29045,nos gustó mucho
29046,excepcional
29047,"muy recomendable, sin lujos, ubicación perfecta"
29048,estancia agradable
29049,estancia perfecta
29050,excepcional
29051,corto pero muy agradable
29052,Perfecto
29054,excepcional
29055,Perfecto
29057,gran lugar
29058,estancia muy agradable
29061,excepcional
29062,"¡Óptimo! Amplia habitación triple, ubicación central y no demasiado ruidosa, buenos servicios."
29063,semana santa en valencia.
29066,excepcional
29067,acción
29068,excepcional
29069,prima hotel
29071,"Excelente estadía en un hotel lindo, bien ubicado y confortable."
29072,excepcional
29074,excepcional
29075,súper
29076,estancia de 5 noches
29079,todo fue muy bien
29081,excelente ubicación
29082,excelente op
29084,toda la comodidad y bienvenida que queríamos
29086,excepcional
29087,excepcional
29088,excepcional
29089,excelente fin de semana
29091,excepcional
29092,dando la bienvenida
29094,excepcional
29095,Óptimo
29096,excepcional
29097,"Recomiendo esta propiedad a personas que viajan solas, parejas y familias con niños mayores, mientras que el"
29099,Perfecto
29100,sala de estar superior
29101,excepcional
29102,excepcional
29104,pulgar hacia arriba
29105,hermosa experiencia
29106,excepcional
29110,Bien.
29111,excepcional
29112,"viaje corto, pero gracias a la excelente ubicación del hotel es fácil llegar a todas partes."
29113,"Ubicación perfecta, buen desayuno, personal amable."
29114,excepcional
29116,valencia genial
29117,escapada a la ciudad de valencia
29118,"estancia perfecta, ubicación central"
29119,boa
29120,hotel situado en el centro a poca distancia de todo
29121,excepcional
29122,excepcional
29124,excepcional
29126,agradable estancia
29127,fantástico
29128,una estancia por encima de nuestras expectativas.
29129,una estancia de cuento de hadas
29130,excepcional
29131,excepcional
29132,BIEN
29136,", , 5 ."
29138,¡¡aconsejado!!
29139,Todavía pasamos 4 días maravillosos en Valencia.
29140,Está bien
29143,muy buen hotel para un viaje a la ciudad
29144,muy buen hotel en todos los sentidos
29145,casual valencia
29152,excepcional
29154,buenas vacaciones
29155,"Valencia muy bonita, hotel muy céntrico."
29156,genial para visitar el centro de la ciudad
29157,simplemente fabuloso
29159,Excelente solución en el centro de Valencia.
29160,¡cómo es que otra vez!
29161,bonito hotel! idealmente ubicado.
29162,aconsejado
29163,Perfecto
29164,Mi familia y yo quedamos muy satisfechos.
29165,"delicioso, muy recomendable!"
29166,súper
29167,excepcional
29170,Ubicación perfecta para un hotel muy básico pero con una bonita decoración.
29171,estancia de grado 10!!
29172,BIEN
29174,hotel bien ubicado con personal de primer nivel hotel bien ubicado con personal de primer nivel
29176,excepcional
29177,El mejor hotel en el lugar perfecto a buen precio.
29180,excepcional
29182,excepcional
29183,despreocupado
29185,excepcional
29186,muy satisfechos de una corta estancia en valencia con el confort de casual del cine valencia
29187,valencia da oscar
29189,ideal para familias con niños
29191,excepcional
29192,"El personal muy amable, en particular Alberto y Cecilia, nos proporcionaron mucha información útil."
29193,estancia muy agradable. Hotel bien situado para descubrir Valencia.
29194,Refrescantemente sencillo en una ciudad hermosa y animada
29195,muy comodo
29196,4 días inolvidables en el corazón de Valencia
29198,"Buena ubicación en el centro, personal muy amable, buen desayuno, habitaciones ruidosas, lamentablemente no tienen por qué ser un problema."
29200,"excelente hotel y ubicación, a buen precio"
29201,BIEN
29204,excepcional
29205,Esta estructura me salvó de una terrible experiencia que estaba teniendo
29207,¡fue genial!
29208,excelente estancia
29209,soñando con valencia
29212,buena ubicación y personal amable
29215,excepcional
29216,excepcional
29217,definitivamente recomendado
29218,"Me encantaría volver, pero desayunar afuera."
29220,BIEN
29221,Fin de semana de 3 días en Valencia
29222,conjunto agradable.
29223,excepcional
29225,"Cuando tienes un personal tan agradable, ¡todo funciona muy bien!"
29226,lo mejor porque está bien ubicado y lindo entorno!
29227,BIEN
29228,Lo disfrutamos y recomendaríamos el hotel.
29229,BIEN
29231,Buen hotel con excelente ubicación cerca del centro.
29232,boa
29233,BIEN
29234,BIEN
29235,
29238,valencia primo step!
29240,muy bien
29241,BIEN
29242,Estuvimos allí para las Fallas y disfrutamos mucho de todo. ¡Definitivamente volveremos!
29243,excepcional
29246,¡Ubicación privilegiada en el centro antiguo!
29248,excelente experiencia y agradable estancia!!
29250,Nadie arrincona al Valencia
29252,"Valencia, ciudad viva y muy acogedora, volvería al cine informal y lo recomendaría."
29253,bonitas habitaciones temáticas
29254,para estancias cortas
29256,BIEN
29258,BIEN
29260,"y anticuado, excelente desde todos los puntos de vista."
29262,excepcional
29263,excepcional
29265,"muy agradable, con ganas de volver"
29266,es ideal para visitar la ciudad si llegas en avión. aconsejado
29267,"Limpio, cómodo y céntrico."
29268,¡arriba!
29271,BIEN
29272,muy apropiado.
29274,excepcional
29275,BIEN
29276,ras
29278,Lo básico bien ejecutado.
29282,BIEN
29283,"estructura simple, necesita renovar un poco los baños, personal amable y servicial, ubicación perfecta, céntrico"
29284,excelente hotel
29287,"el personal es servicial y amable, les comparto mucha información sobre la ciudad y los restaurantes donde comer. un agradecimiento especial"
29289,hotel perfecto para una escapada corta en la hermosa valencia
29290,estancia agradable incluso el precio del hotel era un poco caro
29292,excepcional
29296,vacaciones con amigos
29297,muy buena estancia
29298,"Personal fantástico, amable, agradable y altamente capacitado."
29299,localiza lo excelente. Volvería y recomendaría el hotel.
29300,"Aparte de las últimas consideraciones negativas, por lo demás fue una estancia extremadamente agradable."
29301,BIEN
29304,excepcional
29305,Excelente ubicación del hotel con encanto de película.
29307,Me hubiera gustado una habitación más cómoda para alojar a 4 personas.
29308,Excelente hotel de 2 estrellas con personal amable.
29310,Octubre valenciano
29311,un excelente hotel para el propósito de estancia.
29313,"Excelente ubicación, cerca del metro y estación. Personal amable y servicial para cualquier información."
29314,seria un hotel de 10 con pequeños ajustes
29315,BIEN
29317,Absolutamente recomendado para un viaje a la ciudad.
29319,Mantengo la dirección y se la recomendaré a mis amigos.k
29321,"Gran hotel en una buena ubicación en el centro, personal de primer nivel."
29322,"agradable, pero la salida de una recepcionista arrogante lo hizo un poco amargo"
29323,excelente relación calidad-precio
29324,buena ubicación
29327,"Hermosa ciudad, gente guapa, buena comida."
29328,"Excelente para visitar Valencia, calidad/precio inmejorable."
29329,excelente hotel en el centro de valencia
29330,Excelente ubicación y buena estructura.
29331,buena ubicación
29332,"Disfruté de Valencia y este hotel es definitivamente recomendable, todo a poca distancia. Definitivamente vendré aquí de nuevo."
29333,muy agradable
29334,Para los que ven la ciudad está bien.
29335,Muy bueno para un viaje a la ciudad de Valencia.
29336,personal servicial y buena ubicación
29337,BIEN
29338,excelente ubicación!
29340,agradable y hospitalario
29341,tienes la ciudad a tu alcance
29342,súper hotel
29343,hotel básico pero limpio
29344,centralmente
29350,BIEN
29351,posición óptima
29353,"hermosa ciudad, acogedora y llena de vida y turismo, estructura bien posicionada que da la posibilidad de visitarla incluso sin"
29354,BIEN
29356,
29358,excelente
29361,Valencia se puede visitar en 3 días y el cine casual es la solución ideal
29362,preciosa estancia en valencia en el centro!!
29363,¡Es un hotel muy bueno! muy buena relacion calidad-precio!
29365,fantástico
29367,"estancia agradable, ideal para una estancia corta."
29370,la posición supera las deficiencias
29372,este hotel es una buena opción para familias que pasan tiempo en valencia. todo está cerca.
29373,gran experiencia para la familia
29374,"Estancia cómoda y encantadora, bien recibida por un personal amable y disponible, ¡cerca de todo!"
29376,BIEN
29377,excepcional
29378,"buena la 1ra, la 2da, quien sabe si habrá una 3ra vez!?"
29379,"Un hotel que funciona bien, limpio y tranquilo en una ubicación excelente."
29380,nos encanta
29381,4 días en valencia
29382,"ideal para un viaje a la ciudad, excelente ubicación, personal competente"
29383,súper satisfecho
29384,profesionalismo y cortesía
29385,BIEN
29386,Hermosa experiencia en una ciudad que te toma el corazón.
29387,BIEN
29390,"Hotel muy céntrico, zona tranquila con todo al alcance."
29391,hotel para recomendar
29392,Hotel sencillo y confortable en el centro antiguo de la ciudad.
29393,indiana jones a valencia
29394,".        , ."
29395,posición óptima
29396,buen servicio! idea el lugar para pasar tus días en valencia
29397,agradable estancia en una gran ciudad. Nos gustaría volver.
29398,muy recomendado
29400,súper hospitalario en una ubicación privilegiada
29402,"Hotel básico, ideal para un viaje a la ciudad."
29404,"Compromiso correcto entre calidad, precio y ubicación."
29405,excelente experiencia
29407,valencia es preciosa
29411,lindo y estratégico
29412,BIEN
29413,hotel para recomendar
29414,"Lo suficientemente bueno por el precio y la calidad, especialmente en términos de ubicación."
29419,lo suficientemente bien para un 2 estrellas. volveremos.
29420,Tiene algunos defectos pero muy buen hotel.
29421,fuga valenciana
29423,Excelente estancia en un hotel céntrico con habitaciones temáticas de cine.
29425,muy buena estancia para las fallas
29426,"excelente ubicación, pero ruidoso"
29427,muy buena ubicación y excelente hotel para una estancia corta
29428,prima hotel
29429,BIEN
29431,bonito hotel en el centro
29432,ideal para una visita a la ciudad....
29433,quedarse en valencia
29434,Tres días confortables para nuestro descanso nocturno y buena limpieza del ambiente.
29435,BIEN
29436,un nosotros tranquilo... aparte del clima:
29437,esperábamos más...
29440,BIEN
29441,BIEN
29442,"lindo, tierno y cómodo....el hueco de la escalera y el ascensor huele molesto."
29444,"Habitación un poco pequeña, pero limpia. Desayuno no muy variado. personal muy amable. no puedes ver la televisión en italiano"
29445,BIEN
29451,BIEN
29453,muy céntrico y fácil
29458,hotel único en una ubicación privilegiada
29459,buena relación calidad-precio!
29463,BIEN
29464,BIEN
29466,Óptimo
29467,valencia con los chicos
29468,Bueno para una breve escala en Valencia.
29470,BIEN
29474,BIEN
29475,Nochevieja en Valencia
29476,excelente ubicación y excelente precio!
29478,hermoso hotel en una excelente ubicación!
29479,BIEN
29480,buen compromiso entre calidad y precio... con algunos acontecimientos inesperados
29481,Sólo estuve allí 1 noche. Para mí la estancia estuvo completamente bien.
29482,un buen curso estancia en valencia
29483,todo bien
29484,Me gustó la ubicación y se le dio el valor.
29485,BIEN
29488,"estancia más que satisfactoria por el precio pagado, la ubicación del hotel es excelente."
29490,hotel sencillo en el centro
29491,visitate valencia cara lanzando un beso
29492,estancia agradable
29493,amplia habitación con terraza
29494,estancia soleada
29496,relajante
29497,bueno
29498,bien ubicado
29499,El hotel está en el casco antiguo y volveríamos. Cara guiñando el ojo.
29500,gran estancia en una hermosa ciudad
29501,BIEN
29505,estancia muy agradable.
29506,complacido
29507,un poco mas de cuidado
29509,hubiera sido genial pero mas barato
29510,BIEN
29511,excelente relación calidad-precio
29513,descubrimiento de valencia
29514,Hotel bonito y limpio en una ubicación perfecta en Valencia.
29516,"Bueno, simplemente no hay vistas, apenas hay luz natural, lástima."
29517,buena estancia... personal agradable... la categoría de 3 estrellas de esta cadena será más aceptable...
29519,lugar agradable para quedarse
29520,una gran estancia
29521,cumplió todas las expectativas
29524,"hotel en una excelente ubicación central, básico, excelente desayuno"
29525,prima
29526,regular a bueno
29527,valencia hermosa
29528,experiencia fantástica
29529,Excelente para una estancia muy corta en Valencia.
29530,Volveré durante la próxima estadía Pulgar hacia arriba tono de piel claro medio
29532,Óptimo
29533,BIEN
29534,BIEN
29536,BIEN
29539,excelente ubicación y personal siempre disponible
29540,bien por 1 noche
29541,para elegir por el personal y la ubicación
29543,buena estructura
29545,buen hotel en el centro!
29547,BIEN
29548,¡Relación calidad-precio y excelente ubicación!
29550,"Hotel urbano sencillo, todo ok."
29552,"Hermoso hotel, ubicación perfecta para explorar la ciudad, estacionamiento a 2 minutos a pie."
29553,corresponde al costo beneficioso.
29556,una visita rápida y cómoda en una ciudad maravillosa.
29557,un buen hotel!!!
29558,buena dirección
29559,prima!
29562,muy recomendado
29563,perfecto
29564,Breme pero quiero decir
29565,gran lugar
29566,excepcional
29567,BIEN
29569,razonable
29570,buena estructura
29572,"Excelente ubicación, excelentes habitaciones, muy buena ducha."
29574,Buena escala gracias a la excelente ubicación del hotel.
29575,buena estancia
29576,ubicación muy central
29577,"Excelente ubicación, a pesar de algunos defectos, todavía regresaría."
29578,"Ubicación, servicios, baño ok. Precio por dos noches excesivamente alto considerando la estructura."
29579,"muy bien ubicado, fantástico servicio brindado por los empleados, pequeño y acogedor hotel"
29581,BIEN
29584,buena solución para visitar valencia
29585,posición estratégica
29586,excelente.
29587,Volveré otra vez.
29589,aconsejado
29590,Excelente ubicación y buena relación calidad-precio. Baño reformado y buenos productos en la habitación.
29591,"superior en cuanto a ubicación, razonable en cuanto a habitaciones"
29592,"ubicación perfecta, satisfecho"
29594,"Bonito y pequeño hotel en una ubicación central, buen desayuno. Lo volvería a reservar."
29595,para ser rehecho
29596,"Bonito hotel, buena ubicación y un buen desayuno. Genial para unos días en Valencia."
29597,BIEN
29598,BIEN
29599,BIEN
29600,lo recomiendo mucho
29602,BIEN
29606,gran estancia para un viaje a la ciudad
29610,BIEN
29611,"Buen hotel para pasar una noche, pero viejo y en mal estado."
29612,Óptimo
29615,excepcional
29618,literalmente en el centro
29620,excelente elección
29622,una exitosa estancia en la bella Valencia.
29623,Cansado pero vi gran parte de la ciudad en 3 días.
29624,interesante pero demasiado corto
29625,La estancia fue todo un éxito y gracias a la estupenda ubicación del hotel se puede ver mucho en poco tiempo.
29626,solución a considerar
29628,Me lo pasé genial
29630,BIEN
29631,valencia!
29632,BIEN
29633,"excelente ubicación, limpieza y desayuno"
29634,libro en cuarto
29635,excepcional
29636,un hotel antiguo con un personal amable y servicial que está perfectamente ubicado en el corazón de Valencia
29637,gran estancia!
29639,bella valencia
29641,vacaciones en valencia
29642,BIEN
29643,bueno
29645,"bonita habitación, muy central"
29649,excelente relación calidad-precio
29650,BIEN
29652,Me gustaria volver a este hotel
29653,viaje rápido
29654,"Gran estancia, hotel un poco anticuado, pero buena ubicación y muy buen desayuno."
29655,muy bien volveré
29656,agradable y confortable
29658,estancia agradable y agradable.
29661,"un hotel muy bien situado con un personal joven, dinámico y acogedor."
29662,BIEN
29665,"excelente ubicación, buen precio"
29667,escala en valencia
29670,"Ubicación central, excelente para caminar por el centro."
29673,revisar
29677,Nos lo pasamos genial.
29678,"una estancia que recomiendo a todo el mundo, Valencia muy bonita, los españoles son gente muy cálida y fiestera"
29679,muy muy agradable!
29680,"estancia agradable, con una buena relación calidad-precio"
29681,BIEN
29683,Excelente ubicación prácticamente en el centro con todos los atractivos al alcance de la mano. lástima que nuestra habitación 203 er
29684,hermosa semana
29686,"No he estado por enfermedad, pero los otros dos han valorado el hotel como bueno por ese motivo."
29689,suficiente
29690,"Buen hotel para un viaje a la ciudad, metro y autobús a 5 minutos."
29691,BIEN
29692,excepcional
29693,hotel bien ubicado pero algunas habitaciones son demasiado pequeñas
29694,"Excelente ubicación, pero las camas son demasiado cortas."
29696,"Estancia muy agradable, pero demasiado corta."
29699,central
29700,"en el centro, cerca del aparcamiento, se admiten perros, varias películas según la habitación del piso"
29701,BIEN
29706,valencia mérito de visitar dar preg ti i-v jukjjele cara guiando el ojo
29707,BIEN
29708,Excelente relación calidad-precio.
29709,muy buena estancia
29710,agradable hotel bien situado para visitar la ciudad
29711,Buen hotel para un viaje a la ciudad de Valencia.
29715,Pudimos visitar los principales sitios desde el hotel a pie.
29716,BIEN
29717,buena base en valencia
29718,¡muy lindo! estrellas!
29720,BIEN
29722,BIEN
29724,gran hotel céntrico!
29726,Bien
29727,
29733,BIEN
29734,una agradable introducción a valencia
29736,súper limpio y excelente ubicación! lamentablemente habitación ruidosa
29737,Excelente hotel con buena ubicación en el centro para un viaje a la ciudad.
29738,"un hotel de dos estrellas que cubrió todas las necesidades básicas, desayuno, limpieza diaria y aire acondicionado"
29740,se lo hemos recomendado a amigos;
29742,"Hotel económico, original, muy céntrico y con un personal amable y atento."
29744,"agradable estancia, recomendado"
29745,buena ubicación y buena cama
29746,simpático hotel no centro histórico
29748,Estancia agradable en una hermosa ubicación con una habitación básica.
29749,Buen hotel urbano para 1 noche!
29752,Muy bueno para un hotel pero caro.
29753,hotel comodo y acogedor
29754,Recibí una buena alternativa después de la actualización.
29755,en general una buena experiencia
29758,perfecto para una estancia de 3 4 noches
29760,"vacaciones exitosas. A pesar de los aspectos negativos, todavía pude disfrutarlo."
29761,BIEN
29762,"perfecto, recomendado"
29766,gente amable y la habitación estaba bien
29767,muy céntrico
29769,tranquilidad a un paso del centro de Valentia
29770,Óptimo
29773,agradable estancia.
29774,Recomendado para un viaje a la ciudad.
29778,BIEN
29780,BIEN
29781,BIEN
29783,Ubicación ideal.
29784,Casa aceptable cerca del centro.
29785,"buena ubicación, habitación mediocre..."
29787,BIEN
29788,muy buena ubicación
29791,BIEN
29793,¡demasiado ruidoso!
29794,¡muy bien!
29795,Hotel en excelente ubicación para moverse por el centro de Valencia.
29796,personal maravilloso y amable
29798,muy agradable y relajante
29800,"La ubicación era estupenda, el hotel era sencillo."
29801,todo salió bien
29802,"Hotel sencillo pero honesto, personal siempre disponible. Me alojaría aquí de nuevo a pesar de mi sueño ligero."
29803,BIEN
29804,habitación básica cerca del centro
29805,excelente ubicación sin áreas comunes
29806,¡Valencia es una fiesta!
29807,hotel informal en descubrimiento
29808,"Ubicación perfecta, buena calidad por el precio."
29809,BIEN
29810,BIEN
29811,BIEN
29812,El hotel era adecuado.
29813,esto estuvo bien para nosotros.
29814,BIEN
29815,BIEN
29816,lindo
29818,hermoso y comodo
29819,BIEN
29820,OK
29821,estructura con excelente ubicación pero probablemente no sea la mejor relación calidad-precio
29822,BIEN
29823,Bien
29825,BIEN
29826,BIEN
29827,excepcional
29828,BIEN
29829,excelente hotel..pero el aire acondicionado....
29831,no volveré
29832,recomendado
29833,BIEN
29834,"El hotel es muy céntrico pero la habitación es muy pequeña, no hay escobilla en el baño ni ganchos para las toallas."
29835,Valencia a pie
29836,BIEN
29837,cómodo
29838,muy satisfactorio
29840,aconsejado
29841,Lamentablemente mi opinión se refiere al hotel Casual Vintage porque mi reserva fue modificada unos días antes de la salida.
29842,BIEN
29843,bof
29844,genial para el personal y la ubicación
29845,En general buena estancia!!
29846,razonable
29847,BIEN
29848,"fin de semana largo Valencia y tour, bicicleta, visitas turísticas de la ciudad."
29849,Hotel confortable en perfecta ubicación. para nosotros al menos
29851,"para explorar Valencia a pie, para los que no estén muy contentos, buen pulgar hacia arriba tono de piel claro"
29852,Valencia siempre merece la pena.
29853,Hotel con déficit de desayuno
29854,BIEN
29855,va mejor
29856,BIEN
29857,BIEN
29858,BIEN
29859,puede hacerlo mejor
29860,bueno
29862,BIEN
29863,"Lo considero bueno, considerando la tarifa diaria."
29864,Bueno pero nada especial.
29865,¡Encuentra la relación calidad-precio perfecta y buena!
29866,"Está bien, quédate"
29867,bonitas vacaciones cortas por poco dinero
29868,excelente ubicación y hospitalidad! La habitación y la limpieza no son buenas.
29869,Bonito hotel con excelente ubicación en Valencia.
29871,BIEN
29872,bueno pero no genial
29873,Año nuevo.
29874,trabajos en progreso
29876,BIEN
29877,mucha contaminación acústica
29879,gran hotel muy buena ubicación
29880,bien
29881,i6 esm4s coincidía con lukes ius.
29883,excepcional
29885,"Buen desayuno de hotel en sí mismo, pero el baño podría modernizarse."
29887,BIEN
29888,el único punto fuerte es la ubicación
29889,estuvo bien dormir
29890,aceptable
29892,buena ubicación.
29893,Sólo la ubicación salva este lugar.
29894,bueno
29895,Hotel muy céntrico para necesidades sencillas.
29896,Va bien....
29897,La relación precio-rendimiento era correcta
29898,aceptable
29899,hotel promedio bien ubicado
29900,acortado de 3 a 1 día
29901,"Aceptable para una estadía única, pero nunca más de un máximo de 2 noches. muy ruidoso ahí."
29902,con días llenos de sol la pasamos excelente
29904,súper ubicación
29906,Precio adecuado para lo que esperaba.
29907,nunca más
29908,muy promedio
29910,habitación cara con excelente ubicación
29911,Problema de aparcamiento
29915,valencia fantásticamente bonita
29916,aceptable
29917,3 Precio de 4 estrellas pero comodidad de 2 estrellas.
29921,"buena estancia, buen tiempo"
29923,la excelente ubicación te hace olvidar las deficiencias
29925,"La habitación y el desayuno estaban bien, olor a aguas residuales en las escaleras."
29926,mal
29927,"Estética refinada, mal mantenimiento, hacinamiento."
29931,"Hotel antiguo, pero la ubicación es genial."
29932,"razonable, porque está bien ubicado, pero no tiene efecto sorpresa"
29934,Lástima...
29936,ubicación genial....
29938,aceptable
29939,"Muy mala relación calidad-precio. las habitaciones están muy mal insonorizadas: ronquidos de los vecinos, ruidos sanitarios i"
29942,aceptable
29943,"Excelente ubicación, pero recomiendo reservar el que tiene balcón."
29946,poco
29947,Buena ubicación pero no justifica el precio pagado.
29950,esperaba un poco más por el precio
29951,sin pretensiones
29952,"Para un fin de semana, con desayuno fuera del hotel, vale."
29953,"mediocre. Si el aire acondicionado hubiera funcionado, habría estado bien."
29954,lamentablemente decepcionante en muchas partes.
29955,aceptable
29956,aceptable
29957,"Si vas a quedarte 1 noche, es un hotel de relación calidad-precio. No lo preferiría más que eso"
29959,"Gran cosa, nadie se va a dormir junto a una reforma por placer."
29960,OK
29961,No se lo recomendaría a mis amigos
29962,Muy decepcionado con el lamentable estado de este hotel y su desayuno. ciertamente no volveremos
29965,aceptable
29966,visita a la ciudad
29970,"Estructura sencilla, bien ubicada en la ciudad, mejorable en gestión general. excelente personal."
29971,Recomendado para viajes de trabajo.
29973,aceptable
29977,centro de valencia
29980,aceptable
29982,"encantado con la visita a Valencia, hotel bien para 1 noche no más, no recomiendo el desayuno"
29983,estancia razonable en lugar perfecto
29984,muy mal
29985,soportable debido a la ubicación
29986,"A pesar de todo esto, es una buena opción para aquellos que quieran descubrir Valencia por poco dinero."
29987,no vale la pena hay mejores instalaciones
29990,aceptable
29991,Se puede mejorar con algunos pequeños ajustes.
29992,aceptable
29995,aceptable
29997,aceptable
29998,¡Quizás una tienda de campaña en los jardines del Turia sería mejor!
30002,"Propiedad en excelente ubicación. Habitación anticuada, pequeña, bastante limpia y necesita renovación."
30003,mal
30005,buena ubicación en hotel antiguo
30006,"El hotel está situado en el centro de la ciudad, está bien para una estancia corta, no recomendado para una estancia más larga."
30008,Hotel utilizado como lugar para pasar la noche.
30009,"El hotel no merece su calificación, no lo recomiendo."
30011,mal
30012,decepcionado
30013,Correcto pero es necesario revisar el aislamiento acústico.
30014,hotel promedio
30016,¡Recomiendo encarecidamente una renovación importante!
30019,"Estuvo bien por un día, pero no en general."
30021,aceptable
30022,"La ubicación es estupenda para viajes a la ciudad. Desafortunadamente, sólo la ubicación."
30023,"Valencia sí, este hotel es muy limitado."
30024,revisable
30025,Dale un amplio margen a esta tienda. Muy buenas habitaciones por la mitad del dinero.
30027,Hotel mediocre en una excelente ubicación.
30029,aceptable
30031,¡Eliges este hotel por su ubicación y no por su comodidad!
30032,"Valencia es una ciudad bonita. El hotel está cerca del centro antiguo, pero esa fue la única ventaja para mí."
30034,aceptable
30035,hotel válido solo para 2 o 3 noches
30036,A Valencia le encantaría volver pero no a este hotel.
30037,"¡la ubicación es perfecta! escuchas a tus vecinos duchándose, hablando, roncando e yendo al baño. Las camas son demasiado estrechas y demasiado cortas."
30038,muy mal
30039,La ciudad de Valencia es magnífica pero el hotel no era genial.
30041,mal
30042,pésimo
30044,muy mal
30045,aceptable
30046,Lástima
30047,La estancia en Valencia es excelente.
30048,aceptable
30050,", ,"
30051,No otra vez por un tiempo.
30052,Definitivamente no recomendado.
30053,la ubicación central del hotel - la única ventaja
30054,aceptable
30056,"Se ve mejor, lugar caro en comparación con lo que se ofrece."
30059,aceptable
30060,"Excelente ubicación con personal agradable y buen desayuno, demasiado caro."
30061,¡¡¡una gran decepción!!!
30062,aceptable
30063,el peor hotel en el que nos hemos alojado
30064,hotel de muy baja calidad
30065,"Excelente personal y ubicación, pero estructura."
30066,no recomendado!!!
30069,aceptable
30070,Está bien para un viaje corto a la ciudad.
30071,muy mal
30072,decepcionante
30073,"¡Afortunadamente, la ubicación era ideal y Valencia es hermosa!"
30074,hotel muy sencillo
30075,El precio o la calidad no valen la pena.
30076,Las habitaciones son muy oscuras y no hay minibar.
30077,"Todo perfecto, ubicación, personal muy amable pero recomendaría sustituir las bañeras de los baños por duchas."
30079,Todos los lugares de interés estaban a poca distancia a pie.
30080,BIEN
30081,excelente ubicación y cálida bienvenida
30082,estancia agradable en el corazón de Valencia en unas instalaciones bien cuidadas con un personal amable
30083,BIEN
30084,personal no apto para el público
30085,bueno al final
30087,BIEN
30089,excepcional
30090,excepcional
30091,excepcional
30092,excepcional
30093,excepcional
30094,BIEN
30097,excepcional
30098,excepcional
30101,excepcional
30102,excepcional
30103,excepcional
30105,excepcional
30107,excepcional
30108,excepcional
30110,excepcional
30111,excepcional
30114,excepcional
30116,excepcional
30117,excepcional
30118,excepcional
30119,excepcional
30121,excepcional
30122,excepcional
30123,excepcional
30124,excepcional
30126,excepcional
30128,excepcional
30129,excepcional
30132,excepcional
30134,excepcional
30135,excepcional
30137,excepcional
30138,excepcional
30139,excepcional
30145,excepcional
30148,excepcional
30149,excepcional
30150,excepcional
30151,excepcional
30152,excepcional
30155,excepcional
30158,BIEN
30159,excepcional
30161,excepcional
30163,excepcional
30165,excepcional
30170,BIEN
30171,excepcional
30172,excepcional
30177,excepcional
30178,excepcional
30179,excepcional
30182,excepcional
30183,excepcional
30189,excepcional
30190,excepcional
30191,excepcional
30192,excepcional
30194,excepcional
30196,excepcional
30198,excepcional
30199,excepcional
30200,excepcional
30201,excepcional
30206,BIEN
30207,excepcional
30208,excepcional
30210,excepcional
30212,excepcional
30216,excepcional
30220,excepcional
30222,BIEN
30225,BIEN
30228,excepcional
30232,excepcional
30234,excepcional
30238,BIEN
30243,excepcional
30245,excepcional
30246,excepcional
30247,excepcional
30248,excepcional
30250,excepcional
30251,excepcional
30253,excepcional
30254,excepcional
30256,excepcional
30257,excepcional
30258,excepcional
30260,excepcional
30261,excepcional
30262,excepcional
30264,excepcional
30268,excepcional
30269,excepcional
30273,excepcional
30274,excepcional
30275,excepcional
30277,excepcional
30281,BIEN
30284,BIEN
30291,BIEN
30294,BIEN
30297,BIEN
30306,BIEN
30308,BIEN
30313,BIEN
30316,BIEN
30321,BIEN
30329,BIEN
30332,BIEN
30333,BIEN
30334,excepcional
30341,BIEN
30342,BIEN
30343,BIEN
30346,BIEN
30357,excepcional
30359,BIEN
30362,BIEN
30364,excepcional
30372,BIEN
30376,BIEN
30379,BIEN
30382,BIEN
30384,BIEN
30385,BIEN
30386,excepcional
30387,BIEN
30394,BIEN
30398,excepcional
30402,BIEN
30403,BIEN
30406,BIEN
30407,BIEN
30410,excepcional
30412,BIEN
30414,BIEN
30419,aceptable
30421,aceptable
30437,muy mal
30440,aceptable
30443,normal
30444,aceptable
30446,aceptable
30448,mal
30453,excepcional
30457,BIEN
30460,excepcional
30464,excepcional
30466,excepcional
30469,excepcional
30473,BIEN
30476,BIEN
30481,BIEN
30483,excepcional
30484,excepcional
30485,excepcional
30486,excepcional
30487,excepcional
30492,excepcional
30493,excepcional
30494,excepcional
30495,excepcional
30496,excepcional
30497,excepcional
30498,BIEN
30502,excepcional
30504,excepcional
30505,"Ubicación muy céntrica, estación de tren Valencia Nord, principales calles comerciales a la vuelta de la esquina."
30509,excepcional
30510,excepcional
30512,excepcional
30515,excepcional
30516,excepcional
30518,excepcional
30519,excepcional
30524,excepcional
30525,excepcional
30526,excepcional
30540,excepcional
30541,excepcional
30542,perfecto
30543,excepcional
30549,excepcional
30551,excepcional
30552,excepcional
30553,excepcional
30555,BIEN
30556,excepcional
30559,excepcional
30564,"Limpio, buena ubicación, muchos restaurantes cerca, buen desayuno."
30565,BIEN
30566,excepcional
30567,excepcional
30568,excepcional
30570,Ubicación perfecta y personal muy amable.
30573,BIEN
30578,BIEN
30583,BIEN
30589,BIEN
30597,excepcional
30598,BIEN
30601,BIEN
30604,BIEN
30607,BIEN
30608,excepcional
30610,BIEN
30612,excepcional
30616,BIEN
30622,BIEN
30623,BIEN
30628,BIEN
30632,BIEN
30635,BIEN
30636,excelente ubicación
30638,BIEN
30639,BIEN
30640,BIEN
30641,BIEN
30643,BIEN
30644,BIEN
30646,excepcional
30648,BIEN
30649,BIEN
30653,aceptable
30657,aceptable
30658,aceptable
30659,Quería que me gustara este lugar pero estuvo muy por debajo de mis expectativas.
30660,BIEN
30662,BIEN
30667,excepcional
30668,excepcional
30669,excepcional
30670,excepcional
30671,excepcional
30672,excepcional
30674,excepcional
30675,excepcional
30677,excepcional
30678,excepcional
30681,excepcional
30683,excepcional
30685,excepcional
30686,excepcional
30687,excepcional
30691,excepcional
30692,excepcional
30693,excepcional
30695,excepcional
30696,excepcional
30699,excepcional
30700,excepcional
30701,excepcional
30704,excepcional
30705,excepcional
30707,excepcional
30709,excepcional
30710,excepcional
30711,excepcional
30713,excepcional
30714,excepcional
30716,excepcional
30724,excepcional
30725,excepcional
30729,excepcional
30735,excepcional
30736,excepcional
30737,excepcional
30739,excepcional
30741,excepcional
30742,excepcional
30745,excepcional
30746,simplemente perfecto!!!
30747,excepcional
30749,excepcional
30750,excepcional
30751,excepcional
30752,excepcional
30753,excepcional
30754,excepcional
30755,excepcional
30758,"Muy buen hotel, a la habitación le falta uno o dos enchufes eléctricos y caja fuerte para llevar objetos de valor."
30759,BIEN
30761,excepcional
30765,excepcional
30766,excepcional
30768,excepcional
30770,excepcional
30771,excepcional
30772,excepcional
30774,excepcional
30775,excepcional
30779,excepcional
30780,excepcional
30782,excepcional
30783,excepcional
30785,excepcional
30786,excepcional
30789,excepcional
30790,excepcional
30791,"Ubicación perfecta, cerca de todo! personal amable y servicial"
30796,excepcional
30797,excepcional
30799,excepcional
30808,excepcional
30809,excepcional
30810,excepcional
30811,excepcional
30814,excepcional
30818,excepcional
30819,excepcional
30821,excepcional
30824,excepcional
30830,excepcional
30831,excepcional
30833,excepcional
30834,excepcional
30836,excepcional
30837,BIEN
30839,excepcional
30841,excepcional
30842,excepcional
30843,excepcional
30845,excepcional
30846,excepcional
30848,fantástico
30850,excepcional
30853,excepcional
30856,excepcional
30858,excepcional
30859,excepcional
30861,excepcional
30862,excepcional
30863,excepcional
30864,excepcional
30866,excepcional
30868,excepcional
30869,excepcional
30872,excepcional
30875,excepcional
30877,buena relación calidad-precio cara guiñando el ojo
30879,excepcional
30882,excepcional
30884,excepcional
30889,excepcional
30890,excepcional
30892,BIEN
30897,excepcional
30898,excepcional
30900,excepcional
30901,excepcional
30903,excepcional
30906,excepcional
30909,excepcional
30910,excepcional
30911,excepcional
30913,excepcional
30915,excepcional
30917,excepcional
30919,excepcional
30920,BIEN
30924,excepcional
30925,excepcional
30926,excepcional
30927,excepcional
30929,excepcional
30930,excepcional
30931,excepcional
30932,excepcional
30933,excepcional
30934,excepcional
30937,excepcional
30943,excepcional
30944,BIEN
30945,excepcional
30946,excepcional
30947,excepcional
30949,excepcional
30951,excepcional
30953,excepcional
30954,excepcional
30956,excelente ubicación y personal súper amable
30957,BIEN
30958,excepcional
30959,excepcional
30960,excepcional
30967,"Maravillosa ubicación central, buen desayuno incluido y excelente limpieza."
30968,excepcional
30969,excepcional
30971,excepcional
30972,BIEN
30973,excepcional
30974,excepcional
30978,"estancia agradable, excelente proximidad al transporte público, autobús y metro."
30979,excepcional
30980,excepcional
30984,excepcional
30986,excepcional
30987,excepcional
30988,excepcional
30989,excepcional
30991,"Todo estuvo bien, no había nada de qué quejarse."
30992,excepcional
30997,excepcional
31000,prima
31001,excepcional
31005,excepcional
31007,excepcional
31009,excepcional
31010,excepcional
31011,excepcional
31013,excepcional
31015,excepcional
31017,excepcional
31020,excepcional
31023,excepcional
31026,excepcional
31027,excepcional
31029,excepcional
31037,Muy céntrico y original. súper personal. definitivamente regresaremos
31038,excepcional
31040,excepcional
31042,excepcional
31043,excepcional
31045,excepcional
31049,excepcional
31050,BIEN
31051,excepcional
31052,excepcional
31055,excepcional
31056,excepcional
31058,excepcional
31059,excepcional
31060,excepcional
31063,excepcional
31065,excepcional
31068,excepcional
31069,excepcional
31073,excepcional
31076,excepcional
31079,excepcional
31082,excepcional
31084,excepcional
31086,excepcional
31088,excepcional
31090,excepcional
31091,BIEN
31095,BIEN
31097,BIEN
31106,BIEN
31112,BIEN
31113,BIEN
31116,excepcional
31122,BIEN
31128,excepcional
31129,BIEN
31135,excepcional
31138,excepcional
31143,BIEN
31146,BIEN
31156,BIEN
31162,BIEN
31163,BIEN
31165,excepcional
31178,excepcional
31180,excepcional
31183,excepcional
31184,BIEN
31187,BIEN
31190,BIEN
31191,excepcional
31194,BIEN
31195,BIEN
31197,BIEN
31201,BIEN
31204,excepcional
31207,BIEN
31216,BIEN
31217,excepcional
31219,BIEN
31222,BIEN
31224,excepcional
31225,BIEN
31226,BIEN
31228,BIEN
31232,BIEN
31233,BIEN
31237,BIEN
31243,excepcional
31245,BIEN
31246,BIEN
31249,excepcional
31250,BIEN
31251,BIEN
31253,BIEN
31254,excepcional
31257,BIEN
31267,BIEN
31273,BIEN
31278,BIEN
31282,excepcional
31293,BIEN
31297,BIEN
31300,excepcional
31301,BIEN
31302,excelente elección
31303,BIEN
31308,BIEN
31309,excepcional
31310,BIEN
31314,BIEN
31316,BIEN
31319,BIEN
31320,BIEN
31329,excepcional
31330,excepcional
31334,BIEN
31339,BIEN
31341,BIEN
31345,BIEN
31346,BIEN
31351,excepcional
31363,BIEN
31369,BIEN
31373,BIEN
31378,BIEN
31380,BIEN
31390,BIEN
31401,BIEN
31402,excepcional
31403,excepcional
31406,BIEN
31409,BIEN
31410,BIEN
31416,excepcional
31418,BIEN
31420,BIEN
31423,BIEN
31424,BIEN
31428,BIEN
31432,BIEN
31435,BIEN
31437,BIEN
31439,BIEN
31444,BIEN
31450,BIEN
31451,¡Salió bien!
31453,BIEN
31457,excepcional
31459,BIEN
31460,BIEN
31467,BIEN
31473,BIEN
31474,excepcional
31478,BIEN
31482,"una ubicación ideal, una gran bienvenida!"
31484,BIEN
31490,BIEN
31492,BIEN
31494,BIEN
31495,BIEN
31498,BIEN
31502,BIEN
31503,BIEN
31508,BIEN
31510,BIEN
31514,BIEN
31515,BIEN
31516,BIEN
31517,BIEN
31518,BIEN
31520,BIEN
31521,BIEN
31522,BIEN
31523,BIEN
31524,BIEN
31527,BIEN
31530,BIEN
31531,BIEN
31532,excepcional
31533,excepcional
31534,excepcional
31535,excepcional
31536,excepcional
31537,excepcional
31539,excepcional
31540,excepcional
31542,excepcional
31544,BIEN
31545,excepcional
31546,BIEN
31547,excepcional
31548,aceptable
31552,aceptable
31553,aceptable
31557,aceptable
31559,la experiencia general no es la mejor
31560,aceptable
31569,aceptable
31576,aceptable
31577,mal
31580,aceptable
31582,aceptable
31586,aceptable
31588,aceptable
31592,BIEN
31596,BIEN
31598,BIEN
31600,aceptable
31601,excelente
31606,volvería
31609,excepcional
31610,súper
31614,excepcional
31615,genial
31618,excepcional
31621,relajante
31622,excepcional
31625,excepcional
31627,excepcional
31629,BIEN
31630,un hotel para repetir
31633,excelente
31636,excepcional
31640,excepcional
31642,excelente
31646,expectacular.
31648,excepcional
31654,excepcional
31657,excelente
31658,excepcional
31659,BIEN
31662,volveré
31668,excelente
31670,excepcional
31672,excepcional
31673,excepcional
31679,buen hotel
31681,genial
31682,gran viaje mejor hotel
31685,¡¡¡¡excelente!!!!
31687,excepcional
31688,excepcional
31689,excepcional
31695,excepcional
31699,excepcional
31701,"muy cómodo, volveremos a repetir"
31703,perfecto
31704,malestar
31705,un fin de semana distinto
31709,excepcional
31710,excepcional
31714,excepcional
31715,excepcional
31716,excepcional
31719,excepcional
31720,excepcional
31723,perfecto
31724,"magnifico, recomendable"
31726,perfecto
31727,excepcional
31728,excepcional
31729,excepcional
31731,excepcional
31732,satisfecho
31733,excepcional
31734,excepcional
31735,excepcional
31737,para repetir.
31738,excepcional
31740,excepcional
31741,genial
31744,excepcional
31746,excepcional
31748,es un hotel disfrutable
31751,excepcional
31753,excepcional
31754,excepcional
31756,perfecto
31758,hotel que superó mis expectativas
31761,excepcional
31763,excepcional
31765,excepcional
31767,recomendado
31780,excepcional
31783,comodidad
31784,excepcional
31785,excepcional
31786,excepcional
31788,excepcional
31789,genial! volveremos!
31793,excepcional
31795,excepcional
31797,nunca falla este lugar
31799,maravillosa
31802,hermosa
31803,excepcional
31808,excepcional
31811,bueno
31820,excelente
31821,excelente hotel
31823,excepcional
31824,"bella valencia, volveremos pronto"
31827,excelente
31828,excepcional
31830,BIEN
31836,excepcional
31838,fantástico
31839,excepcional
31841,excepcional
31851,excepcional
31853,excelente
31855,mejorable
31859,excepcional
31860,excepcional
31861,"genial, para repetir."
31863,lo diagruté mucho
31864,excelente estancia
31869,Fantástico
31870,excepcional
31872,excepcional
31874,excepcional
31877,buen hotel
31880,excepcional
31884,hotel para volver.
31889,normal
31894,súper bien !!!
31895,excepcional
31896,excepcional
31897,excepcional
31898,genial
31900,excepcional
31908,bella valencia!
31910,gran hotel
31911,agradable !1 cumplió mis expectativas.
31913,excepcional
31915,excelente
31916,ambos
31917,excepcional
31921,estuvo bien
31922,mejorable
31926,excepcional
31930,excelente hotel
31933,excelente
31937,sin comentarios
31942,excelencia total
31946,excepcional
31949,excepcional
31952,excepcional
31953,excepcional
31955,perfecto
31958,excepcional
31963,perfecto
31964,excepcional
31965,excepcional
31971,Guay
31972,muy satisfactoria
31977,maravilla
31978,excelente
31980,bueno
31982,excelente
31983,perfecto
31985,excepcional
31986,excepcional
31994,excepcional
32000,repetiremos
32013,excepcional
32018,paz
32019,excepcional
32020,excelente
32021,excepcional
32024,excelente
32027,bien en general
32028,excepcional
32029,excepcional
32030,excepcional
32031,normal
32032,"excelente, me volveré a quedar allí!"
32033,excepcional
32034,fantástico
32039,muy agusto
32041,BIEN
32044,increíble
32045,excepcional
32054,excepcional
32055,fenomenal
32059,excepcional
32061,excelente
32067,genial
32070,aceptable
32075,defraudada
32077,regular...
32080,BIEN
32081,normal
32082,BIEN
32083,hermoso pero excesivo valor por mascota de 50 euros
32084,aceptable
32086,mejorable
32087,regular
32090,aceptable
32094,BIEN
32095,BIEN
32098,BIEN
32099,ventanas
32100,pésimo
32103,pésimo
32109,mal
32110,BIEN
32111,BIEN
32113,BIEN
32118,BIEN
32119,pésimo
32120,BIEN
32121,BIEN
32122,me ha decepcionado
32124,piscina helada!
32125,"para business ok, para vacacional no"
32127,BIEN
32128,no reservéis para noche de bodas
32130,pésimo
32131,BIEN
32133,BIEN
32139,BIEN
32142,aceptable
32143,aceptable
32144,bueno
32145,aceptable
32146,nos esperábamos mas
32147,mal
32152,aceptable
32154,BIEN
32157,BIEN
32159,aceptable
32161,BIEN
32163,pésima
32164,BIEN
32166,BIEN
32167,mal.
32168,BIEN
32169,pésimo
32172,pesimo
32173,pésimo
32176,BIEN
32178,aceptable
32179,aceptable
32180,aceptable
32181,pésimo
32182,aceptable
32185,aceptable
32189,nada
32190,todo excelente excepto servicio de spa
32191,buen hotel
32192,excepcional
32193,buena estancia... podría haber sido genial
32194,excepcional
32195,estancia en hotel de lujo en valencia
32196,"excelente estancia, muy recomendable"
32197,muy agradable
32198,asombroso asombroso asombroso.
32199,agradable estancia familiar en valencia.
32200,unos dias comodos
32201,excelente estancia en valencia
32203,muchos viajes
32204,"Fue muy agradable, todo lo que puedas desear."
32206,Estoy satisfecho con mi estancia.
32207,realmente lindo lugar y esas cosas....
32208,lujo a un precio asequible
32209,¡Un hermoso hotel con un personal encantador y el desayuno más increíble!
32210,Puedo recomendar este lugar
32211,encantador hotel
32212,"gran hotel, excelente ubicación"
32213,gran estancia!
32214,recomendado en general
32215,superlativo
32216,excelente estancia de 5 noches
32217,"Genial, excepto políticas patéticas."
32218,"Bonito hotel, decepcionado porque el spa estaba completo para 3 días."
32219,brillante
32220,la mejor experiencia!!
32221,¡Me alojaría aquí de nuevo seguro!
32223,excepcional
32225,Lo recomendaré altamente
32226,me quedaría de nuevo
32227,Cómodo si quieres estar fuera del centro de la ciudad.
32229,"Normal, no emocionante para la víspera de Nueva York."
32232,"buen hotel, lejos del centro"
32233,gran elección definitivamente lo recomiendo
32234,gran hotel en valencia!
32235,excepcional
32236,fantástico también. Camine hasta las hamburguesas Jenkins: fabulosas.
32237,excepcional
32239,"¡Todos muestran que la comida no fue impactante, la paella en Valencia gris e irreconocible!"
32240,"personal encantador, habitación de buen tamaño. gran servicio de autobús a la ciudad"
32241,una estancia muy agradable.
32242,fue muy bueno.
32243,Parada con nuestros 3 perros de camino a casa en Portugal después de visitar a una familia en el Reino Unido.
32244,escapada perfecta a la ciudad!
32245,gran hotel
32247,fin de semana largo en valencia
32248,excepcional
32249,"excelente ubicación, servicio, piscina y ventajas en el nivel"
32250,excepcional
32251,"Si te gusta estar bajo vigilancia armada y que no te informen del motivo, este es el lugar para ti."
32252,Tuve una estancia increíble y agradable y volveremos.
32254,La estancia fue agradable pero la habitación es vieja y la cama incómoda.
32256,excepcional
32257,precioso hotel me encantó
32258,excepcional
32259,Segunda vez e incluso mejor que la última vez después de quedarme con la reserva de nivel.
32260,gran mezcla de actividades
32262,un hotel precioso y moderno con increíbles conexiones de transporte y restaurantes locales
32263,bonito lugar
32264,Hotel realmente hermoso en el lugar perfecto para explorar la increíble ciudad de Alicante.
32265,"hermoso hotel, excelente ubicación"
32266,Buena opción si quieres un hotel con una piscina grande en Valencia.
32268,excepcional
32269,excepcional
32270,Quedé muy satisfecho con mi experiencia con el hotel y el personal.
32271,¡una estancia maravillosa!
32272,Buen nivel de hotel podría haber sido mejor.
32273,excepcional
32274,gran estancia
32276,Mi hotel favorito en el mundo.
32277,"Estancia increíble, habitaciones espaciosas, piscina estupenda, toques encantadores."
32278,Bonito hotel con excelentes instalaciones para propuestas de negocios.
32279,Vista agradable y muy bonita desde el gran ventanal.
32282,5 días en valencia
32283,personal muy amable
32284,Recomendaré este hotel a familiares y amigos.
32286,excepcional
32288,Fantástica estancia en un gran hotel moderno.
32289,gran estancia con excelente servicio y ambiente
32290,Nos lo pasamos genial paseando por Valencia. Es una ciudad hermosa con buen transporte y mucho que ver y hacer.
32291,Gran lugar para pasar unas noches antes de un crucero.
32292,excepcional
32293,Hotel muy encantador y gran cama en la habitación. Fácil de llegar.
32294,breve escapada en valencia
32295,"No es buena limpieza, no hay refrescos en el bar, pero buenos chicos en recepción."
32296,Tenga en cuenta: nunca volveré a Calpe debido al trato de la ciudad hacia los turistas.
32297,unos días increíbles en una nueva ciudad
32298,estancia agradable.
32301,excelente
32302,asombroso
32303,excelente todo fue fácil y las instalaciones eran geniales
32304,Bonito y confortable hotel con fácil conexión con el centro de la ciudad.
32305,bueno para hacer escala en valencia
32306,excepcional
32307,todo bien nada que decir
32308,"estancia muy agradable. El hotel está a veinte minutos en autobús del centro de Valencia, pero a un largo viaje en tranvía o incluso más largo en autobús hasta el centro de Valencia."
32309,volveré
32310,Gran hotel que es muy accesible al centro de la ciudad en autobús.
32312,fantástico
32313,muy satisfecho con la experiencia.
32316,excelente oportunidad hotelera para disminuir el precio del estacionamiento y desayuno
32317,me quedaría otra vez
32318,"en general, muy agradable. La alfombra de la habitación muestra algo de desgaste."
32319,"Tuvimos una estancia estupenda allí, disfrutamos de la piscina y descubrimos la zona cercana."
32320,encantadoras habitaciones e instalaciones de hotel
32322,agradable hotel inteligente
32323,una muestra de lujo en valencia
32324,"Nos encantó nuestra estancia, muy recomendable."
32325,se quedará de nuevo
32327,gran hotel
32328,lugar increíble
32329,Me gustó mucho el hotel.
32330,"Impresionante hotel, gran equipo de personal, estancia limpia y agradable. ¡Sin duda volveremos!"
32331,razonable y justo.
32332,excepcional
32333,"excelente hotel, excelente personal y relación calidad-precio"
32334,gran hotel en valencia
32335,"En visita a Salud, así que no hay mucho tiempo para disfrutar del hotel."
32336,excepcional
32337,"En general, es bastante decente, pero creo que por el precio, la suite es un poco cara."
32339,Ubicación perfecta para una escala viajando en coche.
32340,hermoso
32341,gran valor
32342,Estamos muy contentos con nuestra elección de hotel.
32344,"Habitaciones grandes y cómodas, buen hotel."
32345,gran valor
32346,estancia increíble en un hotel muy limpio y acogedor cerca del centro de la ciudad de valencia
32348,maravilloso
32349,excepcional
32350,"En general, es un gran lugar para alojarse."
32351,cerca del centro de la ciudad y buenas instalaciones
32352,muy bien
32354,estuvo bueno!
32355,¡excelente!
32358,"Nos encantó la recepción del hotel, el bar de cócteles y la habitación. cama muy cómoda."
32359,lindo
32361,hermoso hotel limpio con un personal muy amable y servicial.
32364,hermoso hotel
32365,muy bien
32366,una joya bien posicionada.
32367,increíble hotel y personal
32368,gran estancia en valencia
32369,"Hermoso hotel, tranquilo y con una excelente relación calidad-precio."
32370,excelente estancia con amigos
32372,mejor de lo esperado. buen valor por dinero
32374,excepcional
32375,muy conveniente para conferencias - centro de al lado
32377,Valencia es una ciudad preciosa y estaría encantada de volver.
32378,Excelente atención y atención por parte del personal de melia valència.
32379,"Gran lugar para alojarse, buenas conexiones de transporte a todas las zonas de Valencia."
32380,instalaciones increíbles!
32381,bonito hotel en una buena ubicación
32382,estancia perfecta
32383,Estancia encantadora... personal fantástico que siempre estuvo dispuesto a complacer.
32384,"Gran desayuno, gran vestíbulo."
32385,que lindo hotel.
32386,Precioso hotel y disfruté muchísimo de mi estancia.
32387,"agradable, pero creo que estábamos exagerados al tener una piscina que no era necesaria para la estadía ni era una gran atracción."
32388,"un hotel encantador, limpio y confortable con un personal realmente amable"
32389,excepcional
32390,Definitivamente regresaría
32391,Gran lugar para alojarse cuando visite Valencia. Ubicación cerca del transporte público fácil de hacer ejercicio. gran desayuno
32392,Buen lugar y personal.
32393,"Bonita habitación y personal, comida cara y piscina demasiado pequeña."
32394,todo está bien
32395,"El hotel también está cerca de muchos restaurantes sin tener que ir a la ciudad, un corto viaje en taxi relativamente barato. o metro c"
32396,altas expectativas. ligeramente decepcionado.
32397,Nos encantó nuestra estancia en Valencia y nos alojaríamos de nuevo en un hotel Meliá.
32398,gran hotel y personal. Definitivamente regresaría.
32399,"El hotel es realmente bonito y el personal fue muy amable y servicial, muy profesional."
32400,absolutamente fabuloso!
32403,"maravilloso hotel, un poco alejado de la ciudad pero perfecto para una estancia con estilo"
32404,excepcional
32405,¡Me alojaría aquí de nuevo!
32406,"un hotel contemporáneo y limpio, perfecto para parejas que quieran explorar valencia"
32407,gran estancia en general
32410,¡Tuve una estancia muy cómoda en este hotel!
32411,Verdaderamente un hotel de 5 estrellas a excelentes precios. experiencia excepcional
32412,hotel confortable
32413,muy contento con el servicio
32415,muy buena estancia
32416,excepcional
32417,bonito hotel
32418,Ojalá hubiéramos tenido una visita más larga para disfrutar de todo lo que el hotel Meliá tenía para ofrecer.
32419,asombroso
32420,buena ubicación para una estancia en valencia
32421,"Gran hotel para una escapada de fin de semana, preciosa zona de piscina y fantástico desayuno."
32422,Tuvimos una maravillosa estancia de 5 días en el hotel Meliá.
32423,excepcional
32424,disfrutamos mucho de nuestra estancia
32425,"Realmente me gustó, pero la próxima vez me alojaría en un lugar más pequeño y más personal."
32427,excepcional
32428,¡¡excelente!!
32429,excepcional
32430,excelente
32431,excelente estancia
32433,Hotel con una excelente relación calidad-precio para una escapada a la ciudad de Valencia.
32434,"Fue una estancia estupenda y seguiría eligiendo este lugar si alguna vez volviera a visitar Valencia. si, esta un poco mas lejos"
32435,excepcional
32436,excepcional
32437,estancia acogedora en un hermoso hotel moderno
32439,"Sin duda volveremos y nos alojaremos al nivel de Meliá nuevamente, gracias Meli Valencia por una estancia maravillosa."
32440,"estancia encantadora, cerca del restaurante y de la playa encantadora xx"
32441,excepcional
32442,excepcional
32443,para ser revisado!
32444,relación de amor odio con melia valencia
32445,excepcional
32446,muy buen hotel para unas cortas vacaciones
32447,excepcional
32448,excepcional
32449,"Gran lugar, excelente personal, excelente comida."
32451,"estancia estupenda, habitaciones grandes"
32454,Una estancia campesina gracias a la profesionalidad de Meliá.
32455,excepcional
32456,gran momento
32457,realmente agradable. Probablemente regresará en un viaje de vacaciones para experimentar y explorar las instalaciones.
32458,Estancia realmente agradable y cómoda para trabajar.
32459,asombroso
32460,apreciamos nuestra estancia
32461,"Cómodo y espacioso, con una excelente cocina para satisfacer todas las necesidades."
32463,estilo melia genial como siempre
32464,uno de los mejores hoteles en los que he estado
32467,excelente hotel urbano de aeropuerto
32469,"buena ubicación, gran tamaño de habitación"
32470,encantadora estancia
32471,"cómodo, relajado y lujoso"
32472,Tuvimos una estancia muy corta por lo que no puedo dar muchas opiniones.
32473,excepcional
32476,gran hotel. No me gustó el desayuno pero soy quisquilloso.
32477,"buena estancia, buena relación calidad-precio"
32478,podemos regresar
32479,"ciudad brillante, fácil de recorrer, hotel justo al lado de la estación de metro, restaurantes a poca distancia"
32480,excelente hotel
32481,"Mi estancia fue genial, realmente disfruté."
32482,excepcional
32483,"Para una estancia de 1 día para celebrar el cumpleaños, ¡es perfecto!"
32484,cama cómoda y muy buen desayuno
32485,"excelente área de piscina, increíble área de recepción y personal amable"
32486,"Hotel limpio, agradable e impresionante."
32487,muy bueno de hecho
32488,Ubicación perfecta y tranquila cerca del tranvía.
32489,excepcional
32492,excepcional
32493,Estancia muy agradable y puedo recomendar este hotel.
32494,habitación cómoda y personal amable
32495,excepcional
32496,"Excelente estadía para estar más alejado de la ciudad, con buena piscina en un vecindario decente."
32497,genial en meliá y valencia
32498,"Fantástica relación calidad-precio, preciosa habitación y todo el personal muy amable."
32499,fabuloso.
32500,excelente
32501,"quisiera volver. muy recomendable,"
32502,Estancia cómoda pero solo en régimen de alojamiento y desayuno.
32503,Ubicación increíble y seguro que volveremos.
32505,Me encantó. personal realmente agradable en cada ubicación. Hay muchos restaurantes a poca distancia.
32507,"Tuvimos una estancia muy agradable en su hotel. Su personal es muy amable y servicial, nada fue demasiado problema. nosotros lo haríamos"
32509,excepcional
32510,Estancia forzada debido a un vuelo cancelado. ¡Un gran lugar para aliviar el drama!
32512,"Increíble personal de recepción, especialmente Isabella, además somos bienvenidos y serviciales personal de desayuno. Puntuación completa."
32514,hermoso
32515,excepcional
32516,estancia agradable en valencia
32517,definitivamente me quedaré allí de nuevo
32518,"Cama y almohadas cómodas, habitación grande y bonita."
32522,de buen tono
32523,un gran hotel para una escapada a la ciudad.
32524,excelente en todos los niveles
32526,cumplió con creces nuestras expectativas
32527,excepcional
32528,"Gran estancia en el Meliá. Cenamos en la cafetería La Dehesa, al lado del hotel. Fue increíble."
32529,en general muy bueno
32530,excepcional
32531,una buena relación calidad-precio y una estancia confortable
32532,hermoso hotel con excelente personal
32533,excelentes instalaciones y personal del hotel
32534,excepcional
32535,"Fin de semana fantástico, hotel impresionante con instalaciones increíbles, comida y bebida. Largo paseo hasta el centro pero encantador para verlo."
32536,Tuve una gran estadía
32537,"contento con el hotel, el personal y las comodidades"
32538,personal súper servicial
32539,increíble personal del hotel
32540,excelente huésped muy feliz.
32541,excepcional
32542,excepcional
32543,"Precioso hotel, buen acceso al metro, tiendas, restaurantes y paseos."
32544,pésimo
32545,pésimo
32546,bien.
32547,mal
32548,negocio
32549,"Estancia decepcionante en general, a pesar de una buena variedad en el desayuno."
32550,pésimo
32551,BIEN
32552,extremadamente caro para la calidad ofrecida
32553,Experiencia decepcionante tanto en el aspecto humano como en el de confort.
32554,BIEN
32555,debe atender a todos
32556,hermoso vestíbulo y zona de bar. el resto estaba cansado
32557,buena estancia.
32558,BIEN
32559,BIEN
32561,BIEN
32562,El hotel en sí es hermoso y cómodo. 10 10 si no fuera por la experiencia del spa y la despedida de soltero
32563,aceptable
32564,piscina muy pequeña y personal del restaurante terrible
32566,un hotel de alto costo para una buena experiencia
32567,Mochila robada en lobby de melia valencia julio 2025
32568,aceptable
32569,en general bien. El desayuno estaba bien pero no espectacular. zona de piscina ligera decepción..
32570,¡No te quedes aquí si tienes alergias!
32571,Un buen hotel que con un poco de atención podría ser genial.
32572,estuvo bien. No volvería.
32573,BIEN
32574,agradable estancia
32575,BIEN
32576,engañoso
32577,justo. no emocionante.
32578,decepcionado porque no se cumplieron todas las expectativas
32579,promedio límite
32580,muy decepcionado
32581,horrible
32582,BIEN
32583,no vale la pena
32584,pésimo
32585,El peor hotel en el que me he alojado en toda mi vida. el personal de recepción más amplio.
32586,decepcionado en relación con visitas anteriores
32587,"Bueno, pero podría ser excelente si no fuera por la fluctuación de la temperatura de la ducha cada 30 segundos."
32588,eh
32589,En general es un hotel muy bonito a un precio razonable y con buenas instalaciones.
32590,era un buen hotel con muchas instalaciones
32591,no feliz
32592,La piscina cuesta 45 por 1 hora y cualquier servicio está incluido.
32593,Reglas estúpidas que no se centran en el cliente.
32594,buena relación calidad-precio..
32595,El peor momento en Valencia
32596,Excelentes vistas pero demasiado caras para lo que era!!
32597,antigua y apestosa habitación junior suite
32598,¡merodeadores! ¡roban dinero cuando la gente está en problemas!
32599,hotel de negocios en valencia a la altura de los estándares de mélia
32600,BIEN
32601,podría haber sido mejor
32602,excelente
32604,"Un breve descanso agradable, pero no bueno para familias que quieran utilizar la piscina o el spa juntos."
32605,BIEN
32606,"piscina pequeña, habitación antigua, bastante bien pero no perfecta, garaje caro que era público, no los hoteles"
32607,muy mal
32608,decepcionante
32609,no completamente como se esperaba
32610,ruidoso una c
32611,Fue lo esperado y entregó lo que necesitaba en general durante un buen par de días.
32612,"Excelente ubicación, pero el hotel es demasiado caro y necesita mejoras."
32613,BIEN
32614,BIEN
32615,decepcionante y caro.
32616,Bueno y cómodo. El mal desayuno estropeó el impacto de la impresión general.
32617,No es la experiencia que esperaba.
32618,BIEN
32619,demasiado caro para lo que es
32620,"No es tan bonito como sugieren las fotos, pero está bien."
32621,"Consideraré regresar, un hotel eficiente."
32622,bueno pero frustrante
32623,Muy decepcionado con los estándares de Meliá en otros hoteles Meliá en los que he estado.
32624,"No tiene una buena relación calidad-precio, buena ubicación donde necesitábamos decepcionarnos con el acceso a la zona de spa."
32625,no vale la pena
32626,BIEN
32627,Terrible. El aire acondicionado de la habitación no funcionaba correctamente y hacía ruidos fuertes en todas partes.
32628,pésimo
32631,"Probablemente no volveremos, pero no fue terrible."
32632,"En general, las habitaciones, la sensación y las instalaciones modernas eran buenas, el personal podría haber sido mucho mejor."
32633,El hotel era excelente aparte de la comida.
32634,base de servicio
32635,Está a 30 minutos del centro en autobús y a 40 minutos de la playa más cercana en metro. Tanto la parada de autobús como el metro están cerca. lo disfrutamos
32636,Muy buen hotel y me encanta el colchón.
32637,bueno pero podría haber sido mucho mejor.
32638,No es un lugar al que regresaría si no cambian el aire acondicionado.
32639,BIEN
32640,aceptable
32641,decepcionado
32642,como arriba.
32644,Recomiendo encarecidamente este hotel. un verdadero hotel de 4 estrellas
32645,estancia agradable pero necesita mejorar
32646,BIEN
32647,BIEN
32648,BIEN
32649,"buena infraestructura, pero se beneficiaría de una mejor gestión general."
32650,aburrido gran hotel industrial
32651,OK. no comas en el restaurante
32652,BIEN
32653,excepcional
32654,viaje brillante
32655,BIEN
32656,"Gran hotel con muchas instalaciones, en una zona con muchos restaurantes y tiendas."
32658,arriba
32659,excepcional
32660,"Gran hotel, ¡pero tenga en cuenta la ubicación adicional!"
32663,bienestar
32664,hotel agradable con habitaciones muy amplias
32665,excepcional
32666,excepcional
32668,todo lo que necesitas
32669,
32670,excelente
32671,"agradable, cómodo: ¡definitivamente regresaremos!"
32672,sin explicación
32673,excepcional
32674,disfruté
32676,lugar increíble
32677,excepcional
32679,¡excelente!
32681,bonito hotel en valencia
32682,excepcional
32683,excepcional
32684,"Buen hotel y grande, con muchas comodidades."
32685,Estaremos encantados de volver en cualquier momento.
32686,excepcional
32687,excepcional
32688,fin de semana de ocio
32689,", .                !"
32690,excelente
32691,valencia todo perfecto
32692,yo volveria
32693,Muy buen hotel urbano para una estancia corta.
32694,excepcional
32695,comodidad y lujo
32696,excepcional
32698,excepcional
32699,precio calidad hotel muy bonito y bien mantenido
32700,magnífico hotel pero no en el centro
32701,
32703,recomendar
32705,4 estrellas superior
32707,¡Me encantaría volver! muy recomendado
32708,¡la próxima vez otra vez!
32709,siempre volveríamos.....
32710,habitación muy amplia y cómoda. el desayuno fue excelente.
32711,", .                     35"
32712,"gran vista, bonita habitación, convenientemente ubicada"
32713,perfecto
32714,estancia panorámica en valencia
32715,excepcional
32716,"Primera estancia agradable, ¡para repetir!"
32717,excepcional
32719,Sólo estuve de paso 2 días.
32720,"muy bueno, recomendado"
32721,muy buena estancia
32722,repetiremos
32723,una estancia cómoda mientras asiste al partido de Valencia. un buen lugar para relajarse junto a la piscina. Buen bar en la piscina. lindo
32724,Gran hotel de negocios con un toque personal cuando estás de paso.
32725,agradable.
32726,gran estancia!
32727,fabuloso
32728,estancia muy relajante y perfecta en este hotel
32729,estratosférico
32730,excepcional
32731,¡excelente!
32732,excepcional
32733,BIEN
32734,tuvimos una estancia agradable
32735,prima
32737,"Excelente base para explorar la ciudad, no está ubicada en el centro, pero puedes escapar del ajetreo y el bullicio de la ciudad y estar con gr"
32738,hotel super bonito y bien mantenido en una buena ubicación
32739,bueno
32740,excepcional
32741,Tuvimos una buena estancia en el Meliá de Valencia.
32742,excelente estancia
32743,excepcional
32744,genial excepto 2 cosas
32745,"genial, fantástico"
32747,excepcional
32748,"fue genial, muy buen hotel"
32750,"magnífico hotel, personal moderno e impecable"
32753,súper
32755,¡muy bien!
32756,estancia maravillosa!
32758,excepcional
32760,buena estancia
32761,Super hotel en una super ciudad.
32762,excepcional
32763,Magnífico
32764,Lo recomiendo de todo corazón
32767,excepcional
32768,fantástico hotel y personal
32769,estupendas vacaciones cortas
32770,excepcional
32771,Buen hotel en una excelente ubicación y rápidamente accesible desde el centro en metro.
32772,muy bien
32773,excelente estancia como siempre
32775,excepcional
32778,Valencia es preciosa pero la experiencia con el hotel podría haber sido mejor.
32780,"Buen hotel, personal amable, habitaciones que necesitan renovación."
32781,estancia muy agradable y económica
32782,el arbol
32783,hermosa estancia en la ciudad de valencia en el hotel melia
32784,excepcional
32786,excepcional
32787,muy buena estancia con la familia
32788,Meliá sorprende en Valencia
32789,hermosa estructura en una posición estratégica y al mismo tiempo tranquila
32790,amigable
32791,"Fin de semana relajante en un hotel elegante, un poco apartado."
32792,excepcional
32793,hotel realmente bonito con buen servicio!
32795,"Hotel muy confortable, especialmente indicado para huéspedes en viaje de negocios."
32797,¡estaré detrás!
32798,muy agradable
32799,vamos valencianos!!!!!!!!!!!!!
32801,hotel muy bonito
32802,"gran hotel, con excelente desayuno, amplias habitaciones, personal amable, a pocos minutos de la estación de metro"
32803,un excelente hotel
32804,viaje corto a valencia
32805,La próxima vez volveremos aquí.
32807,excepcional
32808,excepcional
32809,viajar por trabajo
32813,uno de los mejores hoteles de la ciudad
32814,gran hotel por este precio
32815,buena estancia en este hotel.
32816,Sólo se utiliza para pasar la noche ya que no está lejos del aeropuerto. en taxi unos 20
32817,ubicación ideal
32818,parfait
32819,"Bonito hotel, gran desayuno y personal agradable."
32820,excelente
32821,melià para una Valencia a tu alcance.
32822,excepcional
32823,una buena estancia en valencia en el rascacielos melià
32824,muy agradable y confortable.
32826,vale la pena repetir
32828,Volveré allí tan pronto como se presente la oportunidad.
32830,"Bonito hotel, bonita habitación espaciosa. algunas pequeñas cosas que no esperas en un hotel de este nivel."
32831,bonito hotel en una buena ubicación
32833,Volvería porque me gustó mucho estar en este hotel.
32834,excepcional
32835,arriba
32836,muy bien
32837,hotel perfecto.
32838,buena estructura
32841,excelente paso
32846,perfecto
32849,disfrutamos nuestra estancia en este hotel
32851,hotel conveniente debido a su ubicación
32852,calidad superior
32854,Fantástico
32857,excepcional
32858,paso
32859,hermoso hotel con algunas fallas en el servicio
32861,excelente
32864,"gran hotel, precio rendimiento muy bueno!"
32865,¡Hermoso hotel de servicio completo en la vibrante Valencia!
32866,¡Lo recomiendo!
32867,excepcional
32868,perfecto para una conferencia
32869,me sentí como en casa
32870,excelente estructura
32871,"En definitiva, un hotel bueno y funcional para un viaje a la ciudad."
32872,dormitorio y baño de lujo
32873,"Recomendado, estancia a partir de 10."
32875,"atención excelente, habitación grande y comodísima"
32877,hotel moderno perfecto para un viaje a la ciudad
32879,"volver a hacerlo con una estancia más larga para aprovechar las numerosas actividades. spa, piscina, etc."
32880,excepcional
32881,estancia agradable personal amable
32884,parfait
32886,"viaje familiar, en general una estructura agradable con algunos defectos, algunos estructurales como desagües y piscina,"
32889,excepcional
32891,impresionante
32892,y una estancia muy agradable con un personal amable.
32893,¡¡¡Una visita obligada para un hotel en Valencia!!!
32894,Estructura conveniente si viajas en coche.
32896,fantástico y me alojaría aquí de nuevo
32897,Buen fin de semana en un hermoso hotel con muchas ventajas.
32898,excepcional
32900,muy buena estancia en valencia
32901,Lo recomiendo por la belleza del hotel y su infraestructura.
32902,estancia fantástica en general
32903,Buena ubicación para hacer escala con todas las comodidades.
32904,excepcional
32906,"Estancia maravillosa, lástima que solo duró 4 días."
32907,un hotel de negocios y ocio en Valencia
32908,agradable
32909,muy agradable estancia familiar
32910,"Genial, cómodo y lujoso a un precio económico."
32911,excepcional
32912,excepcional
32914,excepcional
32915,excepcional
32917,amigable
32918,bonito hotel de negocios en valencia
32919,"En general, estancia estupenda, hotel impecable."
32920,bonito y lujoso hotel
32921,buen descanso de negocios
32922,lujo accesible
32923,Fantástico hotel con personal super amable y un excelente desayuno.
32924,Excelente hotel con excelente alojamiento y servicio impecable.
32925,punto de partida para excursiones en coche
32926,excepcional
32928,excepcional
32930,¡Excelentes recomendaciones para una estancia más larga en Valencia!
32934,hotel muy comodo
32937,Un viaje de fin de semana perfecto a Valencia.
32940,"Cumplió con las expectativas, recomendado!"
32941,fue una buena decisión
32942,factible y lindo
32943,buena relacion calidad precio.
32944,Estoy satisfecho.
32946,hotel confortable superior cerca de la ciudad.
32947,excepcional
32948,¡La ubicación es perfecta para el centro de convenciones! ¡Desayuno perfecto y versátil!
32949,excepcional
32950,Definitivamente regresaré a este hotel.
32951,excepcional
32952,¡Experimentamos nuestra estancia como excelente!
32954,Muy buen hotel pero que está empezando a envejecer.
32955,excepcional
32957,agradable y digno de repetir
32958,excepcional
32959,Excelente estructura y personal muy eficiente y amable.
32960,"Personal muy agradable, especialmente ningún personal de limpieza molesto por la mañana. Las ventanas no se pueden abrir debido a la altura."
32961,excelente
32962,gran estancia
32963,excepcional
32964,corto y bueno
32965,habitación amplia y cómoda.
32967,buen hotel
32968,anti comercial y anti perro pagas mucho por tu perro si vienes con
32969,muy conveniente en tránsito con estacionamiento
32970,Maravillosa estancia en Valencia.
32971,hotel y habitaciones modernas y amplias. precio justo y calidad.
32974,excepcional
32976,"Lo disfruté mucho, incluso solo"
32977,rápido y conveniente
32978,No pude apreciar al máximo los servicios ofrecidos pero pasé una noche muy agradable.
32979,"Muy bonito hotel moderno, no sólo para turistas, sino también para eventos de negocios."
32980,agradable estancia
32981,una y otra vez
32984,estructura moderna y funcional
32985,"valencia, por trabajo"
32988,"muy buena dirección para visitar las ciudades de Valencia y como punto de partida para los alrededores,"
32989,excepcional
32990,amabilidad y excelentes condiciones.
32992,agradable estancia de trabajo
32993,tenia otras expectativas
32994,en un viaje por carretera en España
32995,Definitivamente vale la pena reservar nuevamente.
32996,estancia de buena calidad
32998,excepcional
32999,vale la pena reservar de nuevo
33000,excepcional
33001,hermoso y moderno hotel!
33002,excepcional
33003,súper ligado
33004,resistir soy
33005,excelente hotel.
33007,"Hotel muy bonito, sin embargo la piscina es mucho más pequeña que en las fotos del sitio."
33008,¡¡¡Vuelve allí otra vez!!!
33009,excepcional
33010,"Hermoso hotel en las afueras, no lo elijas por la piscina."
33013,arriba
33015,
33016,gran estancia!
33018,excepcional
33019,Nunca me decepcioné en los hoteles Meliá.
33020,arriba
33021,
33022,Disfruté de una estancia agradable y un buen servicio.
33023,para no repetir.
33024,muy bien
33025,"Para recomendar, ¡todo es perfecto!"
33026,estancia agradable pero después con un mal presentimiento
33027,¡maravilloso! hermoso hotel excelente servicio
33028,agradable y puede mejorar
33030,"El desayuno fue excelente, pero lo tomé muchas veces."
33032,muy bien
33033,súper
33034,excepcional
33035,El mejor hotel de nuestro tour de 3 semanas por Europa.
33036,excepcional
33038,estancia muy agradable.
33039,prima!
33040,excepcional
33041,excelente opción para la familia
33042,boaf
33043,excepcional
33044,excepcional
33046,"una estancia muy agradable, en un hotel muy bonito con una buena relación calidad-precio"
33047,El mejor hotel para relajarse y llegar fácilmente al aeropuerto.
33048,Gran hotel urbano ideal si vienes en coche.
33049,Excelente hotel con algunos detalles que podrían mejorarse.
33051,hotel moderno con habitaciones espaciosas
33052,hermosas habitaciones en un hotel bien mantenido
33054,Gran estancia familiar y habitación familiar súper cómoda.
33055,agradable estancia
33056,
33057,una estancia perfecta
33058,excepcional
33059,estancia perfecta en este hotel
33063,gran hotel a buen precio
33064,una buena experiencia
33067,simplemente relajante
33070,caro pero definitivamente yo
33072,excepcional
33073,Estoy muy contento con esta estancia en Meliá.
33074,excepcional
33075,gran opción de alojamiento
33086,fue genial
33088,Hotel en una zona tranquila con muy buenas instalaciones.
33089,buena estancia en general
33091,no merece el precio
33092,ok no mas
33094,Para un viaje a la ciudad son suficientes 3-4 días.
33099,"Buena ubicación, buen hotel con personal agradable con algunas cosas que arreglar..."
33100,Bonito hotel con zona de spa mediante pago extra.
33102,un poco decepcionante a pesar de que hay potencial
33103,hotel bastante feo pero práctico
33104,no se repetirá
33105,no vuelvas
33106,valencia para visitar
33107,"horrible, no se admiten perros, así que no finjas"
33108,BIEN
33109,como se desee
33110,BIEN
33111,no repetir
33112,decepcionante
33113,OK
33115,no vale la pena repetir
33116,pagó mucho y recibió poco
33117,nunca regresé
33118,prima
33119,personal muy amable y mal desayuno
33120,fue decepcionante
33121,Amplia habitación de hotel y hermosa vista.
33122,estancia decepcionante
33123,todo mezclado.
33124,muy buena relación calidad-precio
33125,Buena relación calidad-precio pero no volvería otra vez..Hay otros hoteles con más encanto en Valencia: ex La Mozaira
33126,BIEN
33127,pésimo servicio
33130,"No volvería a este hotel por motivos de rigidez del personal en las peticiones, pero el"
33131,BIEN
33132,BIEN
33134,podría haber sido mejor
33135,regular
33136,BIEN
33137,calidad precio bien.
33138,primera vez en valencia
33140,buena estancia en un barrio muy tranquilo
33141,"Bonito hotel, pero aún quedan varias áreas por mejorar."
33143,BIEN
33144,hotel urbano caro
33145,BIEN
33148,mierda
33149,No pude cancelar la reserva cuando llegué
33150,peores consejos para quedarse
33151,mis experiencias.
33152,"Hotel de negocios muy grande, un poco apartado y con puntos débiles."
33153,BIEN
33154,pésimo
33155,BIEN
33156,relajarse
33157,BIEN
33158,Desafortunadamente no hay recomendaciones para unas vacaciones.
33159,BIEN
33160,aceptable
33161,"Bonito hotel espacioso, pero lejos de todos los lugares de interés, ciudad y playa."
33162,BIEN
33163,BIEN
33164,"Puedes dormir y ducharte allí, pero ya lo has dicho todo."
33165,Podría ser mejor pero está bien.
33166,¡¡¡Por suerte estaba el gerente !!!
33167,"Piscina bonita, cara pero desagradable."
33168,evitar
33169,caos con el personal
33170,BIEN
33171,Pagué para dormir en el hotel de gama baja al otro lado de la calle.
33172,muy decepcionante
33173,BIEN
33174,Aire inaceptablemente malo en la habitación en un muy buen hotel con un excelente desayuno
33175,Es una pena que no se conocieran todas las instalaciones posibles al realizar la reserva.
33176,estancia agradable
33177,BIEN
33178,Un buen hotel si la dirección finalmente pudiera dirigir y formar adecuadamente a empleados motivados.
33179,ejecutable
33183,bonito pero el baño es obsceno
33184,mal
33186,absolutamente ninguna fábrica que admita mascotas
33187,una ciudad muy sobrevalorada por los bloggers
33188,
33189,fue hermoso
33190,"Bueno, pero los datos de la reserva no reflejaban los servicios disponibles o no estaban del todo claros."
33191,¡No lo recomiendo!
33192,sido deducido
33193,bebo más
33194,hôtel 5 estrella brillante devenu 3 estrella brillante
33195,un paso sin mas
33197,BIEN
33198,habitación sofocante sin ventanas
33199,decepción con la piscina
33200,"Habría sido desastroso y motivo de quejas inmediatas, si no hubiera sido por los empleados ejemplares a nivel, de gran calidad."
33201,BIEN
33202,muy hermoso pero torpe
33203,estándar
33204,"Me cobraron 4.00 por consumo, aunque no consumí nada, absurdo"
33205,BIEN
33206,promedio
33207,bonito hotel! ¡Por favor sin perro!
33208,BIEN
33209,Es una pena que no haya una recepción a la altura de este hermoso hotel.
33210,BIEN
33211,el hotel es grande y solo tiene organización y personal
33212,no es lo suficientemente largo para resumir
33213,bonito pero no se si volveria
33214,BIEN
33215,muy mal
33216,muy mal
33217,Todo fue perfecto excepto olores desagradables en nuestras habitaciones cuando estuvimos allí.
33218,muy mal
33219,aceptable
33220,Muchos buenos restaurantes cerca del hotel.
33221,calidad cara de 2-3 estrellas
33223,Esperaba más para un 4 estrellas.
33226,BIEN
33227,práctico hotel de conferencias fuera de la ciudad
33228,BIEN
33229,BIEN
33232,excepcional
33234,Fue perfecto para hacer una parada y descansar después de un largo viaje.
33235,excepcional
33236,excepcional
33238,excepcional
33240,excepcional
33243,excepcional
33244,excepcional
33247,excepcional
33248,excepcional
33249,excepcional
33253,excepcional
33257,excepcional
33259,excepcional
33260,excepcional
33263,excepcional
33264,excepcional
33265,excepcional
33266,excepcional
33267,excepcional
33268,excepcional
33269,excepcional
33271,excepcional
33272,excepcional
33274,excepcional
33276,excepcional
33280,excepcional
33282,excepcional
33284,excepcional
33285,excepcional
33286,excepcional
33287,excepcional
33288,excepcional
33294,excepcional
33295,excepcional
33297,excepcional
33298,excepcional
33300,excepcional
33301,excepcional
33307,excepcional
33308,excepcional
33310,excepcional
33312,excelente
33313,excepcional
33315,excepcional
33318,excepcional
33321,excepcional
33322,excepcional
33324,excepcional
33325,excepcional
33326,excepcional
33327,excepcional
33328,excepcional
33329,excepcional
33331,excepcional
33334,excepcional
33335,excepcional
33336,excepcional
33337,excepcional
33338,excepcional
33341,excepcional
33342,excepcional
33343,excepcional
33344,excepcional
33346,excepcional
33347,excepcional
33348,excepcional
33349,excepcional
33354,excepcional
33355,excepcional
33356,excepcional
33359,excepcional
33363,excepcional
33365,excepcional
33366,excepcional
33369,excepcional
33370,excepcional
33371,excepcional
33372,excepcional
33373,excepcional
33375,excepcional
33377,excepcional
33378,excepcional
33380,excepcional
33381,extraordinaria
33383,excepcional
33384,excepcional
33385,excepcional
33387,excepcional
33390,excepcional
33391,excepcional
33396,excepcional
33397,excepcional
33400,excepcional
33401,excepcional
33402,excepcional
33403,excepcional
33404,excepcional
33406,excepcional
33409,excepcional
33410,excepcional
33418,excepcional
33421,excepcional
33423,excepcional
33427,excepcional
33429,excepcional
33431,excepcional
33433,completo
33434,excepcional
33436,excepcional
33437,excepcional
33440,excepcional
33441,excepcional
33443,excepcional
33447,excepcional
33448,excepcional
33452,excepcional
33457,excepcional
33458,excepcional
33461,excepcional
33464,excepcional
33467,excepcional
33468,excepcional
33469,excepcional
33471,excepcional
33473,excepcional
33474,excepcional
33475,excepcional
33476,excepcional
33483,excepcional
33484,excepcional
33486,excepcional
33490,excepcional
33491,excepcional
33493,excepcional
33494,excepcional
33495,excepcional
33496,excepcional
33500,excepcional
33501,excepcional
33503,excepcional
33504,excepcional
33505,excepcional
33506,excepcional
33507,excepcional
33508,excepcional
33509,excepcional
33512,excepcional
33516,excepcional
33517,excepcional
33518,excepcional
33519,excepcional
33521,excepcional
33522,excepcional
33529,excepcional
33532,excepcional
33534,excepcional
33535,excepcional
33537,excepcional
33538,excepcional
33539,excepcional
33543,excepcional
33544,excepcional
33545,excepcional
33548,excepcional
33549,excepcional
33550,excepcional
33551,excepcional
33552,excepcional
33553,excepcional
33555,excepcional
33556,excepcional
33557,excepcional
33559,excepcional
33560,excepcional
33561,excepcional
33566,excepcional
33568,excepcional
33571,excepcional
33574,excepcional
33575,excepcional
33583,excepcional
33585,excepcional
33587,excepcional
33589,excepcional
33591,excepcional
33592,estancia muy satisfactoria. volvería a repetir.
33593,excepcional
33598,excepcional
33600,excepcional
33602,excepcional
33604,excepcional
33605,excepcional
33606,excepcional
33607,excepcional
33609,excepcional
33610,excepcional
33611,excepcional
33613,excepcional
33614,excepcional
33616,excepcional
33618,excepcional
33619,excepcional
33620,excepcional
33622,excepcional
33623,excepcional
33624,excepcional
33625,excepcional
33626,excepcional
33628,excepcional
33631,excepcional
33632,excepcional
33633,excepcional
33635,excepcional
33637,excepcional
33638,excepcional
33639,excepcional
33640,excepcional
33641,excepcional
33642,excepcional
33643,excepcional
33644,excepcional
33645,excepcional
33646,excepcional
33647,excepcional
33648,excepcional
33651,excepcional
33653,excepcional
33654,excepcional
33658,excepcional
33659,excepcional
33672,excepcional
33673,excepcional
33676,excepcional
33679,excepcional
33681,excepcional
33682,excepcional
33686,excepcional
33688,excepcional
33689,excepcional
33690,excepcional
33691,excepcional
33692,excepcional
33694,excepcional
33696,excepcional
33699,excepcional
33701,excepcional
33702,excepcional
33703,excepcional
33708,excepcional
33710,excepcional
33711,excepcional
33712,excepcional
33713,excepcional
33715,excepcional
33716,excepcional
33719,excepcional
33721,excepcional
33722,excepcional
33724,excepcional
33725,genial.
33727,excepcional
33728,excepcional
33729,excepcional
33732,magnífico
33734,excepcional
33736,excepcional
33738,excepcional
33740,excepcional
33741,excepcional
33742,excepcional
33743,excepcional
33745,excepcional
33746,excepcional
33747,excepcional
33748,excepcional
33750,excepcional
33751,excepcional
33752,excepcional
33753,excepcional
33754,excepcional
33757,excepcional
33758,excepcional
33759,excepcional
33763,excepcional
33764,excepcional
33765,excepcional
33766,excepcional
33768,excepcional
33769,excepcional
33770,excepcional
33775,excepcional
33777,excepcional
33778,excepcional
33780,excepcional
33783,excepcional
33785,excepcional
33786,excepcional
33788,excepcional
33789,excepcional
33791,excepcional
33793,excepcional
33794,excepcional
33795,excepcional
33796,excepcional
33798,excepcional
33799,un valor seguro
33804,excepcional
33806,excepcional
33808,excepcional
33809,excepcional
33812,excepcional
33814,excepcional
33815,excepcional
33819,excepcional
33820,excepcional
33821,excepcional
33822,excepcional
33825,excepcional
33826,excepcional
33829,excepcional
33831,excepcional
33833,excepcional
33834,excepcional
33837,excepcional
33838,excepcional
33840,excepcional
33841,excepcional
33843,excepcional
33844,excepcional
33845,excepcional
33846,BIEN
33847,aceptable
33848,BIEN
33850,BIEN
33851,BIEN
33852,pésimo
33854,pésimo
33857,aceptable
33858,BIEN
33859,BIEN
33860,BIEN
33862,BIEN
33863,BIEN
33864,BIEN
33865,BIEN
33866,pésimo
33867,aceptable
33868,BIEN
33870,BIEN
33871,BIEN
33872,BIEN
33873,mal
33874,aceptable
33875,BIEN
33876,BIEN
33877,BIEN
33879,BIEN
33880,BIEN
33881,BIEN
33882,BIEN
33884,BIEN
33885,pésimo
33886,BIEN
33887,aceptable
33888,aceptable
33889,BIEN
33890,aceptable
33891,mal
33893,BIEN
33894,BIEN
33895,BIEN
33896,BIEN
33897,BIEN
33900,excepcional
33901,excepcional
33902,excepcional
33905,excepcional
33906,excepcional
33909,excepcional
33911,excepcional
33912,excepcional
33914,excepcional
33915,excepcional
33917,excepcional
33918,excepcional
33919,excepcional
33920,excepcional
33921,excepcional
33922,excepcional
33924,excepcional
33925,excepcional
33927,excelente
33929,excepcional
33930,excepcional
33931,excepcional
33934,excepcional
33935,excepcional
33938,excepcional
33939,excepcional
33940,excepcional
33942,excepcional
33943,excepcional
33944,excepcional
33946,"Precioso hotel, gran servicio al nivel. Definitivamente vale la pena actualizarlo. todo el personal amable y servicial"
33949,excepcional
33956,El personal no es nada amable. brusco
33957,excepcional
33958,excepcional
33959,excepcional
33960,excepcional
33961,excepcional
33963,excepcional
33966,excepcional
33967,excepcional
33972,excepcional
33973,excepcional
33974,excepcional
33975,excepcional
33976,excepcional
33977,excepcional
33978,excepcional
33980,excepcional
33985,excepcional
33986,excepcional
33987,excepcional
33992,excepcional
33994,excepcional
33995,excepcional
33999,excepcional
34000,excepcional
34007,excepcional
34010,excepcional
34011,excepcional
34016,excepcional
34019,excepcional
34024,excepcional
34028,excepcional
34029,excepcional
34030,excepcional
34031,excepcional
34035,excepcional
34037,excepcional
34043,excepcional
34044,excepcional
34045,excepcional
34046,excepcional
34047,excepcional
34054,excepcional
34055,excepcional
34056,excepcional
34059,excepcional
34061,excepcional
34063,excepcional
34067,excepcional
34070,excepcional
34072,excepcional
34074,excepcional
34075,excepcional
34076,excepcional
34077,excepcional
34079,excepcional
34082,excepcional
34084,excepcional
34085,excepcional
34087,excepcional
34088,excepcional
34094,excepcional
34095,excepcional
34102,excepcional
34104,excepcional
34105,excepcional
34107,excepcional
34108,todo está bien
34109,excepcional
34110,excepcional
34113,excepcional
34114,excepcional
34123,excepcional
34125,excepcional
34132,excepcional
34133,excepcional
34135,excepcional
34138,excepcional
34140,excepcional
34141,excepcional
34143,excepcional
34144,excepcional
34146,excepcional
34147,excepcional
34151,excepcional
34153,excepcional
34155,excepcional
34158,excepcional
34160,excepcional
34162,excepcional
34166,excepcional
34168,excepcional
34169,excepcional
34170,excepcional
34171,excepcional
34173,excepcional
34175,excepcional
34177,excepcional
34180,excepcional
34181,excepcional
34183,excepcional
34184,excepcional
34185,excepcional
34189,excepcional
34190,excepcional
34193,excepcional
34194,excepcional
34195,excepcional
34197,excepcional
34198,excepcional
34202,excepcional
34204,excelente hotel y excelente personal
34205,Gran lugar para asistir a una conferencia en la ciudad.
34212,excepcional
34213,excepcional
34214,excepcional
34217,Pagué 600 euros por 3 noches. mis amigos pagaron la mitad.
34218,excepcional
34219,excepcional
34220,excepcional
34223,excepcional
34225,excepcional
34226,excepcional
34227,excepcional
34229,excepcional
34232,excepcional
34234,excepcional
34235,excepcional
34237,excepcional
34242,excepcional
34245,excepcional
34246,excepcional
34250,excepcional
34251,excepcional
34252,pésimo
34253,BIEN
34254,aceptable
34255,BIEN
34256,BIEN
34258,aceptable
34260,BIEN
34261,pésimo
34262,pésimo
34263,BIEN
34264,BIEN
34265,aceptable
34266,BIEN
34267,BIEN
34268,BIEN
34269,BIEN
34270,BIEN
34271,mal
34272,BIEN
34273,BIEN
34274,el spa no está incluido
34275,BIEN
34276,BIEN
34277,BIEN
34279,BIEN
34280,BIEN
34283,BIEN
34285,BIEN
34286,BIEN
34287,BIEN
34288,BIEN
34289,BIEN
34290,BIEN
34291,BIEN
34292,BIEN
34293,BIEN
34295,muy mal
34296,pésimo
34297,Las reglas del spa son terribles. pedir sauna sin masaje - imposible
34299,excepcional
34300,excepcional
34301,excepcional
34302,excepcional
34303,excepcional
34304,excepcional
34305,excepcional
34307,excepcional
34312,excepcional
34315,excepcional
34317,excepcional
34320,excepcional
34324,excepcional
34325,excepcional
34327,excelente
34328,excepcional
34329,excepcional
34332,excepcional
34335,excepcional
34336,excepcional
34342,excepcional
34343,excepcional
34344,excepcional
34345,excepcional
34346,excepcional
34348,excepcional
34350,excepcional
34351,excepcional
34353,excepcional
34354,excepcional
34355,excepcional
34357,excepcional
34359,excepcional
34360,excepcional
34363,excepcional
34364,excepcional
34365,excepcional
34367,excepcional
34368,excepcional
34369,excepcional
34370,excepcional
34371,excepcional
34372,excepcional
34376,excepcional
34380,excepcional
34383,excepcional
34384,Perfecto
34385,excepcional
34388,excepcional
34392,excepcional
34393,excepcional
34394,excepcional
34395,excepcional
34396,excepcional
34397,excepcional
34398,excepcional
34400,excepcional
34402,excepcional
34403,excepcional
34404,excepcional
34408,excepcional
34410,excepcional
34411,excepcional
34414,excepcional
34417,Bonito hotel alejado del centro histórico y de la playa pero cerca de la estación de metro. También nos gustó la zona de la piscina. cuando esté lleno
34419,excepcional
34421,arriba
34424,excepcional
34425,excepcional
34426,excepcional
34427,excepcional
34428,excepcional
34429,excepcional
34430,excepcional
34432,excepcional
34436,excepcional
34439,excepcional
34440,excepcional
34443,excepcional
34444,excepcional
34448,excepcional
34449,excepcional
34450,excepcional
34454,excepcional
34455,excepcional
34456,
34458,excepcional
34459,excepcional
34462,excepcional
34463,excepcional
34464,excepcional
34465,excepcional
34467,excepcional
34468,"Bonito hotel, recomendado coger una habitación en los pisos superiores. desayuno bien, piscina muy pequeña!"
34470,excepcional
34473,excepcional
34474,verdadera sensación de vacaciones.
34475,excepcional
34478,excepcional
34480,excepcional
34482,excepcional
34485,excepcional
34490,excepcional
34491,excepcional
34494,excepcional
34495,excepcional
34496,excepcional
34499,muchas gracias
34503,excepcional
34506,excepcional
34507,excepcional
34509,excelente
34514,excepcional
34515,excepcional
34522,excepcional
34523,excepcional
34526,excepcional
34527,excepcional
34529,excepcional
34530,excepcional
34532,excepcional
34533,excepcional
34534,excepcional
34536,excepcional
34540,excepcional
34541,excepcional
34542,excepcional
34544,excepcional
34545,excepcional
34547,excepcional
34548,excepcional
34549,excepcional
34552,"El mejor hotel, recomiendo una habitación nivelada o suite."
34555,excepcional
34556,excepcional
34558,excepcional
34559,excepcional
34566,excepcional
34568,excepcional
34570,excepcional
34571,excepcional
34575,excepcional
34578,excepcional
34579,excepcional
34582,BIEN
34583,excepcional
34584,excepcional
34588,excepcional
34590,excepcional
34591,excepcional
34592,excepcional
34599,excepcional
34600,excepcional
34601,excepcional
34606,excepcional
34607,excepcional
34609,excepcional
34610,excepcional
34611,excepcional
34617,excepcional
34618,excepcional
34624,excepcional
34625,excepcional
34626,excepcional
34630,excepcional
34631,excepcional
34633,excepcional
34634,excepcional
34635,excepcional
34636,excepcional
34637,excepcional
34638,excepcional
34640,excepcional
34642,excepcional
34643,excepcional
34648,excepcional
34650,excepcional
34652,excepcional
34653,excepcional
34654,excepcional
34656,excepcional
34662,excepcional
34663,excepcional
34665,excepcional
34670,excepcional
34673,excepcional
34674,excepcional
34677,excepcional
34679,excepcional
34681,excepcional
34682,excepcional
34683,excepcional
34693,excepcional
34694,excepcional
34696,excepcional
34699,excepcional
34702,excepcional
34703,magnífico hotel
34704,excepcional
34710,excepcional
34711,excepcional
34717,excepcional
34719,excepcional
34725,excepcional
34726,excepcional
34727,excepcional
34730,excepcional
34731,excepcional
34735,excepcional
34736,excepcional
34738,excepcional
34742,excepcional
34745,excepcional
34749,excepcional
34750,excepcional
34754,excepcional
34758,excepcional
34759,excepcional
34762,excepcional
34763,excepcional
34764,excepcional
34765,muy buen gimnasio!
34770,excepcional
34771,excepcional
34777,excepcional
34779,excepcional
34780,excepcional
34782,excepcional
34786,excepcional
34788,excepcional
34790,excepcional
34795,excepcional
34796,excepcional
34797,excepcional
34798,excepcional
34799,excepcional
34802,excepcional
34808,excepcional
34812,excepcional
34815,excepcional
34816,excepcional
34817,excepcional
34827,excepcional
34828,excepcional
34830,excepcional
34833,excepcional
34834,excepcional
34835,excepcional
34836,excepcional
34837,excepcional
34840,excepcional
34843,excepcional
34845,excepcional
34856,excepcional
34858,excepcional
34866,BIEN
34869,BIEN
34873,BIEN
34874,aceptable
34875,BIEN
34876,BIEN
34877,pésimo
34879,BIEN
34880,BIEN
34882,BIEN
34883,BIEN
34884,BIEN
34886,BIEN
34887,BIEN
34888,aceptable
34889,BIEN
34891,BIEN
34892,BIEN
34895,BIEN
34896,BIEN
34898,BIEN
34899,BIEN
34900,BIEN
34901,BIEN
34902,muy mal
34903,BIEN
34904,pésimo
34906,BIEN
34907,BIEN
34908,BIEN
34910,BIEN
34911,BIEN
34913,BIEN
34914,BIEN
34915,BIEN
34916,BIEN
34917,BIEN
34918,BIEN
34919,BIEN
34920,BIEN
34921,BIEN
34922,BIEN
34923,BIEN
34924,aceptable
34925,aceptable
34926,BIEN
34927,BIEN
34928,aceptable
34929,BIEN
34931,BIEN
34932,mal
34933,BIEN
34934,aceptable
34935,mal
34936,BIEN
34937,mal
34938,pésimo
34939,BIEN
34940,pésimo
34941,BIEN
34942,BIEN
34943,BIEN
34945,excepcional
34949,excepcional
34950,excepcional
34951,excepcional
34952,pésimo
34953,BIEN
34954,BIEN
34955,solo ingles
34960,BIEN
34963,buen lugar
34969,BIEN
34974,visita a valencia
34982,BIEN
34984,BIEN
34985,BIEN
34988,BIEN
34990,en general bien
34992,superó mis expectativas
34996,BIEN
35007,BIEN
35024,BIEN
35031,cumple
35035,estuvo bien
35036,albergue de río imprescindible
35037,BIEN
35038,BIEN
35044,BIEN
35057,BIEN
35058,todo excelente salvo la cama donde dormir
35065,BIEN
35066,comodidad
35070,súper
35077,genial
35078,BIEN
35082,valencia guay
35084,BIEN
35089,justo
35092,cómoda
35093,limpieza
35099,bueno
35103,BIEN
35123,genial
35124,BIEN
35127,¡BIEN!
35129,3 noches
35140,Valencia
35141,BIEN
35144,BIEN
35145,BIEN
35147,nos gustas river hostel. volveremos
35148,BIEN
35149,BIEN
35151,BIEN
35154,BIEN
35160,excelente
35163,BIEN
35164,volveré...
35166,recomendado
35168,BIEN
35172,registrarse
35176,bueno
35177,BIEN
35192,BIEN
35197,BIEN
35199,BIEN
35209,BIEN
35214,BIEN
35216,BIEN
35217,BIEN
35218,BIEN
35219,BIEN
35220,BIEN
35226,BIEN
35229,recomendado
35230,recomendado
35231,BIEN
35232,repetire
35237,BIEN
35240,BIEN
35253,genial
35254,viaje a valencia
35255,BIEN
35257,BIEN
35263,he dormido divinamente
35268,BIEN
35278,estuvo bien en general
35288,hermoso
35291,BIEN
35297,es barato pero no se si vale la pena
35301,BIEN
35303,acojedor
35306,BIEN
35311,BIEN
35312,BIEN
35319,volveré seguro!!
35321,dos noche
35323,albergue rio bonito
35328,BIEN
35341,"bueno, bonito y barato"
35343,buen sitio
35344,BIEN
35350,regular
35352,bueno
35354,BIEN
35359,genial
35372,BIEN
35373,BIEN
35374,volveré seguro
35377,la pasé muy bien
35383,mejorable
35388,excelente
35389,BIEN
35390,BIEN
35392,BIEN
35398,super buenísimo
35400,BIEN
35401,BIEN
35403,"hiso frio ,"
35404,BIEN
35405,BIEN
35409,buen lugar
35411,repetiremos
35412,BIEN
35425,buenisima
35429,buen hostal!
35431,superó mis expectativas
35432,BIEN
35435,BIEN
35437,BIEN
35438,buen hostel
35441,BIEN
35447,recomiendo si sos joven
35448,BIEN
35454,escapada a valencia
35465,BIEN
35468,excelente
35473,BIEN
35475,BIEN
35476,BIEN
35480,BIEN
35481,BIEN
35482,Frío
35483,BIEN
35487,buena opción
35495,BIEN
35502,"ni bien, ni mal."
35508,BIEN
35511,el calor si te mata
35516,BIEN
35522,BIEN
35525,BIEN
35532,BIEN
35541,BIEN
35550,es posible que repita
35560,aceptable
35561,excepcional
35563,excepcional
35565,excepcional
35566,muy mal
35567,excelente
35570,increíble
35572,excepcional
35574,mal
35575,excepcional
35576,me gustó
35577,excepcional
35578,pésimo
35579,atienden en ingles
35580,excepcional
35583,normal
35585,excepcional
35586,excepcional
35587,eres bueno
35588,excepcional
35589,personal excepcional
35590,excepcional
35591,pésimo
35593,pésimo
35594,mal
35595,excelencia
35596,pudo ser mejor
35598,aceptable
35600,excepcional
35601,excepcional
35602,aceptable
35603,volveré a repetir
35605,volveré
35606,excepcional
35607,excepcional
35608,excepcional
35609,excepcional
35610,excepcional
35611,agradable
35616,pésimo
35617,excepcional
35618,aceptable
35619,muy mal
35620,No
35622,excepcional
35623,aceptable
35625,excepcional
35627,excepcional
35628,excepcional
35630,excepcional
35631,excepcional
35633,excepcional
35635,excepcional
35636,excepcional
35637,excepcional
35638,excepcional
35640,excepcional
35641,excepcional
35642,bajo costo
35645,mal
35647,excepcional
35648,no recomendable
35649,aceptable
35650,excepcional
35652,excepcional
35653,excepcional
35654,excepcional
35655,excepcional
35659,Es suficiente para una noche si estás de paso.
35661,pésimo
35662,excepcional
35664,excepcional
35665,excepcional
35668,genial
35670,pésimo
35671,excepcional
35672,excepcional
35674,excepcional
35675,check in con 4h de espera
35676,excelente
35678,excepcional
35682,excepcional
35683,excepcional
35686,excepcional
35688,aceptable
35689,volveré
35690,excepcional
35691,maravillosa
35693,excepcional
35696,excepcional
35697,excepcional
35698,excepcional
35699,excepcional
35700,magnífico
35701,excepcional
35706,excelente
35707,excepcional
35708,regular
35709,excepcional
35710,excepcional
35712,excepcional
35713,malísima
35714,excepcional
35715,excepcional
35718,excepcional
35719,excepcional
35720,no lo recomiendo para nada
35721,comodidad
35722,excepcional
35723,excepcional
35724,viajo sola
35726,excelente
35729,excepcional
35730,lugar
35733,excepcional
35734,excepcional
35736,excelente
35737,excelente
35738,satisfecho
35740,excepcional
35742,Alba
35743,excepcional
35744,excepcional
35745,excepcional
35746,excepcional
35747,excepcional
35748,excepcional
35752,excepcional
35753,excepcional
35754,de pasada
35755,excepcional
35756,excepcional
35757,excepcional
35758,excepcional
35761,pésimo
35763,excelente
35764,excepcional
35765,excepcional
35766,excepcional
35767,excepcional
35769,excelente
35772,excepcional
35773,excepcional
35774,excepcional
35778,excepcional
35782,excepcional
35784,excepcional
35785,excepcional
35786,excepcional
35787,sin palabras ...
35788,genial
35789,excepcional
35792,genial
35793,genial
35794,excepcional
35795,excelente
35800,excepcional
35804,excepcional
35805,excepcional
35806,excepcional
35810,pésimo
35811,pésimo
35815,excepcional
35817,excepcional
35818,excepcional
35819,pésimo
35820,¡genial!
35821,sin palabras
35824,aceptable
35825,excepcional
35827,excepcional
35829,excepcional
35830,aceptable
35831,muy mal
35836,recomendado
35837,excepcional
35838,ooooooo
35840,excepcional
35841,excepcional
35842,excepcional
35846,excepcional
35847,pésimo
35848,inmejorable.
35849,aceptable
35851,patético
35852,excepcional
35853,excepcional
35856,excepcional
35857,recomendado
35861,excepcional
35863,excepcional
35864,excepcional
35865,una noche dura
35867,100 recomendado.
35868,excepcional
35870,excepcional
35872,excepcional
35874,excepcional
35886,excepcional
35888,mi viaje a valencia
35889,excepcional
35890,extremadamente ruidoso.
35891,excepcional
35892,mucho frío
35893,excelente
35894,excepcional
35895,10000 10
35896,excepcional
35897,pésimo
35899,excepcional
35900,excepcional
35901,excepcional
35902,aceptable
35904,excepcional
35905,excepcional
35908,excepcional
35909,excepcional
35910,un buen lugar para alojarse
35911,excepcional
35912,aceptable
35913,aceptable
35915,"volveré, todo perfecto."
35916,excelente estancia.
35919,excepcional
35921,excepcional
35922,excepcional
35923,excepcional
35924,excepcional
35925,aceptable
35930,excepcional
35931,divertido
35933,excepcional
35934,excepcional
35935,increible
35936,excepcional
35937,excepcional
35938,excepcional
35939,excepcional
35940,mal
35942,aceptable
35945,excepcional
35947,mucho por mejorar
35950,excepcional
35954,excepcional
35955,excepcional
35959,perfecta
35960,excepcional
35962,aceptable
35963,pésimo
35964,aceptable
35965,aceptable
35968,excelente
35971,terror
35972,excepcional
35974,excepcional
35976,genial
35977,excepcional
35978,excepcional
35982,excepcional
35983,excepcional
35985,excepcional
35986,excepcional
35988,excepcional
35992,excepcional
35993,excepcional
35995,pésimo
35996,excepcional
35999,excepcional
36001,excepcional
36002,excepcional
36003,no dudes en hospedarte en the river hostel
36005,bbb
36008,recomendado
36009,excelente
36010,excepcional
36011,excepcional
36013,excepcional
36014,excepcional
36015,volveré
36016,excepcional
36017,muy buen sitio
36018,excepcional
36020,excepcional
36022,recomendado
36025,aceptable
36026,BIEN.
36027,excepcional
36028,noche de un nefasto.
36030,fenomenal
36031,aceptable
36032,excepcional
36034,excelente vale la pena
36036,excelente lugar
36038,excepcional
36039,excepcional
36040,normal
36044,excepcional
36047,regular
36048,aceptable
36053,excepcional
36054,excepcional
36055,excepcional
36056,excepcional
36059,excepcional
36060,excepcional
36064,excepcional
36065,excepcional
36066,una maravilla
36068,excepcional
36069,excepcional
36070,aceptable
36073,excelente
36075,excelente lugar
36076,excepcional
36077,excepcional
36078,excepcional
36081,mola!
36082,excepcional
36083,excepcional
36084,el albergue del rio chevere
36087,excepcional
36088,excepcional
36091,valencia te amo
36092,perfecto
36094,repetiremos
36095,excepcional
36096,excepcional
36098,excepcional
36100,excepcional
36101,excepcional
36102,sitio ideal para viajar sola !
36103,BIEN.
36104,excepcional
36105,excepcional
36106,aceptable
36108,pésimo
36109,repetiré
36110,excepcional
36113,excepcional
36118,excepcional
36119,excepcional
36121,autentico albergue citadino
36123,excepcional
36124,escapada a valencia!
36125,aceptable
36126,excepcional
36129,recomendado
36130,excepcional
36131,pésimo
36132,excepcional
36133,excepcional
36134,excepcional
36138,100 10
36141,pésimo
36142,normal
36143,gran hostal
36145,Bueno
36147,excepcional
36148,excepcional
36149,excepcional
36150,excepcional
36152,aceptable
36153,aceptable
36154,excepcional
36155,excepcional
36156,excepcional
36157,excepcional
36158,excepcional
36159,excepcional
36160,excepcional
36161,excepcional
36162,bueno
36163,excepcional
36164,excepcional
36165,mal
36166,excepcional
36168,visita a valencia
36174,excepcional
36177,excepcional
36178,tirando mal
36180,pésima
36182,barato dormir en el centro
36185,BIEN
36187,excelente ubicación y ambiente una cocina un poco desordenada
36192,perfecto para explorar valencia
36193,BIEN
36199,Está bien si no viajas solo. muy ocupado
36200,buena estancia. Se requiere alguna actualización para ser excelente.
36201,"una estancia muy social y agradable con una excelente ubicación y un personal amable, con algunos inconvenientes menores."
36202,BIEN
36204,albergue acogedor en buena ubicación
36206,"gran lugar, personal amable y servicial"
36207,Excelente ubicación y cómodas camas privadas con cortinas.
36208,Me alegré de que la próxima vez eligiera un albergue diferente con un desayuno más temprano.
36209,buena ubicación
36210,albergue rio valencia
36215,"Estancia increíble justo en el centro de Valencia. Realmente disfruté el buen desayuno y la variedad que tienen para ofrecer, así que"
36216,"Excelente ubicación, excelente para conectarse y caminar a todos lados en el centro."
36217,el mejor albergue de valencia
36218,precio calidad ok!
36220,excelente ubicación.
36221,Pros y contras de un edificio majestuoso.
36225,fue genial y realmente recomiendo este lugar
36227,BIEN
36228,BIEN
36229,vibraciones chispeantes
36230,BIEN
36233,"¡Un gran lugar para conocer gente, tomar algo de tiempo y pasar el rato!"
36235,calentó mi corazón.
36236,Buen hostal y me alojaría de nuevo.
36237,Todo lo que tengo es una ubicación perfecta. El personal es muy servicial.
36238,buen lugar
36239,Hostal con una excelente relación calidad-precio. ideal para viaje corto con amigos.
36240,excelente
36241,"buena ubicación y actividades, cerraduras y aire acondicionado necesitan mejoras"
36243,buen lugar para viajeros jóvenes
36244,"Hostal y personal súper agradables, pero con clases para jóvenes adolescentes corriendo por ahí."
36247,asombroso
36248,ideal para pasar la noche antes del aeropuerto:
36249,ubicación perfecta
36250,gran estancia
36251,muy buena experiencia
36252,"Ubicación increíble, personal amable y excelente ubicación con un delicioso desayuno, ¡el mejor lugar para hospedarse!1"
36253,BIEN
36256,BIEN
36257,buena relación calidad-precio
36258,bueno por el valor
36259,Está bien por 1 o 2 días si solo quieres dormir allí y pasar el resto del tiempo afuera.
36260,"Bueno, pero la próxima vez conseguiré un hotel."
36261,cómodo y asequible!
36264,muy animado y vibrante. personal muy amable y servicial!
36265,Buen lugar y personal amable. Necesitamos reglas más estrictas para los huéspedes sobre el comportamiento.
36266,perfecto para viajeros solitarios
36267,gran albergue en el centro de valencia
36268,bueno pero..
36270,BIEN
36271,La recepción apaga el aire acondicionado de su habitación para que regrese a una habitación muy caliente hasta que se enfríe. si te quejas de esto
36273,Estancia increíble en este albergue en una zona muy conveniente de Valencia si vienes en coche.
36274,gran estancia para viajar en solitario
36276,¡Recomendaría este albergue a cualquiera que busque un lugar para alojarse en Valencia!
36277,bastante bueno
36279,"buena ubicación, precio justo"
36282,corta estancia en valencia
36286,"Me encantó este lugar, fue muy bueno estar allí, la cama es cómoda, muy buenas posiciones para desayunar por poco dinero."
36287,"En general genial, pero vale la pena un pequeño contratiempo."
36288,"buena ubicación, calidad y personal agradable"
36289,gran hostal
36290,BIEN
36292,BIEN
36294,mejor ubicación
36295,"Buen albergue, camas cómodas, personal amable."
36297,adecuado. Cumple con los estándares básicos pero no vale el precio.
36298,agradable estancia
36299,excelente ubicación y relación calidad-precio
36302,muy linda experiencia
36305,¡muy bien!
36306,"Lamentablemente no fue una de mis estadías placenteras, tal vez debido al clima en ese momento."
36307,BIEN
36308,BIEN
36309,Realmente lo disfruto porque es el lugar perfecto para ir a todas partes.
36311,una gran estancia que desearía que se quedara
36312,fue una estancia agradable en general. Definitivamente vale la pena por el precio pagado. el personal también fue encantador
36313,"excelentes habitaciones, excelente ubicación"
36315,bien por algunas noches
36317,buen hostal buena ubicación
36318,"Mi estancia aquí fue agradable. La ubicación es perfecta, con un encantador paseo panorámico hasta el casco antiguo y el museo de ciencias. th"
36320,BIEN
36321,BIEN
36323,lugar tranquilo y asequible para alojarse en el centro
36325,"gran lugar,"
36327,buena opcion para viajar barato!
36328,agradable estancia
36329,perfecto para viajar solo
36330,BIEN
36333,"Excelente ubicación, pero las instalaciones están un poco deterioradas."
36336,BIEN
36337,buen desayuno y ubicación. camas pequeñas
36338,¡Buen tapón por tu dinero!
36339,bonito lugar en valencia
36340,¿Dónde más puedes conseguir una cama limpia en Valencia por 15 euros?
36341,buena ubicación
36342,lleno de gente pero cerca de todo
36344,Es un gran lugar para jóvenes que viajan solos o en grupos.
36346,asombroso
36348,ubicación perfecta
36349,Bonito albergue para una o dos noches.
36353,"estancia increíble, sin duda me alojaría de nuevo"
36358,estancia muy cómoda en excelente ubicación
36361,"cómodo, limpio y en una excelente ubicación."
36362,gran personal muy buen desayuno
36363,"Buen lugar para alojarse, si tienes un presupuesto limitado."
36367,"Excelente ubicación, justo en el casco antiguo frente al jardín del Turia."
36368,gran valor del dinero
36369,un gran lugar en valencia
36370,"Buen precio por calidad, habitaciones bastante espaciosas en 4 habitaciones mixtas, excelente ubicación. duchas más antiguas pero suficientes para breves"
36371,BIEN
36372,Buena posición para explorar Valencia.
36375,BIEN
36377,"bonito albergue. Cómodo, limpio y apto para trabajo remoto."
36378,BIEN
36379,lugar práctico para quedarse
36380,una estancia agradable
36382,estancia muy cómoda!!
36383,limpio y excelente ubicación
36384,buena ubicación
36386,"Buena opción cerca del centro, limpio, funcional."
36387,gran estancia
36388,una muy buena estancia
36389,Buen lugar para alojarse en las afueras del casco antiguo.
36390,gran opción en valencia
36391,albergue de buena calidad
36394,Me alojaría aquí de nuevo. Me encantó Valencia.
36397,muy recomendado.
36398,Mi estancia de 3 semanas: ¡la mejor elección de mi vida!
36401,¡Lo pasamos muy bien y definitivamente recomendaría alojarse aquí!
36402,personal proactivo
36403,sólido para lo que necesitábamos
36409,mejor que la mayoría de los albergues
36412,BIEN
36413,buena ubicación
36415,Disfruté mucho de mi estancia y volvería
36416,gran valor y excelente ubicación
36417,Es un buen albergue si te gusta socializar.
36418,bonitas instalaciones. cerca de paradas de autobús y del parque.
36419,"Muy buena ubicación, personal agradable, excelente desayuno, incluso tenían pan sin gluten. maravilloso"
36421,BIEN
36423,¡es bueno!
36424,albergue grande y limpio
36425,bien ubicado
36426,gran estancia!
36428,BIEN
36429,BIEN
36430,"Un gran albergue con todo lo que necesitas, lo recomendaría."
36431,"Recomendaría este albergue, tiene una buena relación calidad-precio."
36433,lindo
36435,para estancia corta está bien
36436,"excelente ubicación, edificio realmente bonito, buen ambiente y gente"
36438,BIEN
36439,Volvería a reservar y espero volver a reservar:
36440,visitaré valencia de nuevo
36441,estancia en albergue del río
36442,"estancia estupenda, buena relación calidad-precio. Altamente recomendado."
36444,"Hostal bien ubicado, limpio y seguro."
36447,"El problema principal fue el ruido, pero aparte de eso, estuve contento con mi estadía."
36448,Cómodo donehostel bien organizado en el centro histórico de la ciudad.
36449,buen costo-beneficio
36452,"En general, fue una buena experiencia, obtuve lo que pagué, lo recomiendo si estás buscando un excelente albergue en Valencia."
36455,BIEN
36457,BIEN
36458,estuvo bien. tranquilo y pacífico.
36462,excelente ubicación y ambiente
36463,excelente
36464,albergue fluvial
36466,lindo
36469,estancia confortable en el corazón de la ciudad
36473,BIEN
36474,La mejor experiencia de albergue de mi vida.
36475,albergue decente con buena ubicación
36476,un hostal muy bonito
36477,buena ubicación y limpio
36478,bien
36481,excelente
36484,"Buena ubicación, cama muy cómoda, pero trae tu propia toalla y productos de ducha."
36485,¡Recomendado para viajeros solitarios y grupos de amigos!
36487,BIEN
36488,un buen albergue en una gran zona
36489,buena ubicación
36491,"Cumplió todas las expectativas, buena relación calidad-precio."
36493,bonito albergue
36495,en general satisfactorio
36496,BIEN
36497,agradable estancia en general
36498,bien :
36499,franja horaria inolvidable de mi estancia en españa
36500,¡muy bien!
36501,albergue amigable de calidad
36503,bueno para estancia corta o larga
36504,mejor lugar
36505,BIEN
36507,"excelente ubicación, buena relación calidad-precio"
36509,nada especial pero bueno por el precio
36510,simplemente impresionante
36511,¡Si vuelvo a Valencia volveré a elegir este hostal!
36515,para un fin de semana estuvo bien
36516,"bueno, vale la pena el precio"
36520,BIEN
36522,fue genial
36523,Buen lugar pero cuidado con la cama.
36524,BIEN
36525,BIEN
36527,muy bonito y comodo
36529,¡Definitivamente regresaría!
36530,estancia de una noche muy agradable!
36531,Conocí gente encantadora y mi estancia fue fantástica!!
36533,una estancia increíble en una hermosa ciudad en un gran albergue
36534,gran lugar!
36535,excelente
36537,más bien un albergue de fiesta
36538,"excelente ubicación, excelentes espacios para pasar el rato y buena relación calidad-precio"
36540,estancia agradable
36541,BIEN
36542,no es la mejor opción
36547,BIEN
36553,increíble albergue en el corazón de valencia
36555,buena relación calidad-precio!
36556,impresionante albergue! gran personal!
36557,Me encantó la ubicación y la experiencia en general.
36559,¡excelente!
36560,BIEN
36561,una estancia agradable
36562,excelente ubicación e instalaciones.
36566,gran valor.
36568,"Está bien para el centro de la ciudad, no tanto para la playa."
36570,buena relación calidad-precio!
36571,genial para estancia corta
36572,Buena opción barata para unos días en la ciudad.
36573,estuvo bien
36574,¡Pasé un momento encantador y social en el albergue del río y me enamoré absolutamente de Valencia!
36575,excelente ubicación y personal
36579,uno de mis mejores viajes
36581,gran albergue
36586,la ubicación es buena.
36587,bonito albergue
36588,buena estancia
36589,"Limpio, con aire acondicionado, pero la cocina está vacía."
36590,albergue social sencillo bueno para conocer a otras personas
36592,buen albergue en una buena ubicación
36593,buena estancia con ese precio
36596,buen lugar! recomendado.
36597,buena estancia
36598,encantador hostal con un gran ambiente!
36599,"mucha diversión, baños y habitaciones muy limpios"
36600,Disfruté pero tuve problemas para encontrar viajeros sociales.
36601,"Buen precio por el servicio y la calidad, ¡lo recomiendo!"
36602,¡Buena experiencia y buena relación calidad-precio! ¡Definitivamente regresaría y lo recomiendo encarecidamente a cualquiera!
36604,buen albergue configurado
36607,BIEN
36608,bien ubicado
36609,fue en general bueno
36613,fue adecuado por solo unas pocas horas.
36614,BIEN
36617,gran lugar para quedarse!
36618,"Increíble, el mejor albergue con diferencia, diría yo."
36619,gran estancia!
36622,BIEN
36623,BIEN
36624,excelente ubicación y personal amable
36625,BIEN
36626,gran estancia.
36628,excepcional
36629,buena experiencia
36630,excepcional
36631,mi decepción
36632,excepcional
36633,muy bien
36634,excepcional
36635,excepcional
36636,excepcional
36637,excepcional
36638,excepcional
36639,mejor vete a otro lado
36640,muy feliz
36641,excepcional
36642,peor experiencia
36643,27 por noche es demasiado para esto.
36644,"No confíes en este albergue, por favor."
36645,volvería sin ninguna duda
36647,Mala experiencia y nunca volveré allí.
36648,Conocí gente nueva allí. y estoy feliz de haberme quedado allí.
36649,"Excelente ubicación, personal agradable, las habitaciones necesitarían una renovación."
36650,no es lo mejor para viajar solo
36652,excepcional
36653,pésimo
36654,excepcional
36655,Me sorprendió lo limpio que estaba el baño. y la cama también era de muy buen tamaño.
36656,excepcional
36657,aceptable
36658,No para mí realmente.
36659,excepcional
36660,excepcional
36661,insatisfactorio
36662,excepcional
36663,aceptable
36664,excelente ubicación
36665,excepcional
36666,no me gustó el hecho de que en la cocina hubiera alcohólicos y drogadictos; Los vi vendiendo drogas. t
36667,El mejor albergue donde alojarse
36668,"buena ubicación! Buen servicio, habitaciones limpias, baños, cocina, etc."
36669,excepcional
36670,¡Me quedaría de nuevo! gran relación calidad-precio
36671,excepcional
36672,Definitivamente regresaría
36673,El mejor albergue en el que me he alojado.
36675,peor experiencia jamás
36676,"Me alojé por 1 noche, estaba limpio y ordenado, el desayuno era bueno. excelente ubicación en valencia, buena relación calidad-precio"
36677,excepcional
36678,mi hostal favorito en valencia
36679,excepcional
36681,asombroso
36682,excepcional
36683,El personal no fue de ayuda en un incidente desafortunado.
36684,muy promedio. buen precio.
36685,gran albergue
36687,bueno por el precio
36688,"Tuve una muy buena estadía. Personal agradable, buen desayuno, camas cómodas."
36689,excepcional
36690,cómodo y limpio con buena ubicación.
36691,agradable y fino
36692,excepcional
36693,Está bien para una noche pero no me quedaré otra vez.
36694,"Me encantó, muy conveniente, excelente ubicación, ¡lo recomendaría a todos!"
36695,excepcional
36696,excepcional
36697,"muy céntrico, a 10 minutos de la parada de autobús y a poca distancia de los principales puntos de la ciudad"
36698,"Perfecta ubicación, estética, instalaciones y limpieza."
36699,una noche y nunca más
36700,excepcional
36701,aceptable
36703,excelente hostal me alojaría de nuevo y lo recomendaría
36705,excepcional
36706,¡Tres noches que se sintieron como una pequeña familia de viajes! :
36707,excepcional
36708,excepcional
36709,agradable
36710,"Excelente lugar, guardaron mi equipaje sin costo adicional después del check out."
36711,excepcional
36712,asombroso
36713,excepcional
36714,excepcional
36715,aceptable
36717,lo pasamos muy bien conocí a gente estupenda
36718,excepcional
36719,muy recomendado
36720,la habitación estaba limpia y el personal era increíble! hizo amigos para toda la vida. Definitivamente recomendaría este albergue y me alojaría de nuevo.
36721,un albergue ideal
36722,excepcional
36723,súper. lo recomiendo
36724,excepcional
36725,"Excelente ubicación para conocer gente nueva, muchas actividades en River Hostel lo hacen muy fácil y agradable."
36726,excepcional
36727,cómodo y divertido
36728,ok costo vs experiencia de calidad
36729,excepcional
36730,¡impresionante!
36731,gran experiencia
36732,aceptable
36733,excepcional
36734,excepcional
36735,excepcional
36736,excepcional
36737,excepcional
36738,"Fue genial, excepto por los compañeros de cuarto, pero seguro que me alojaría allí de nuevo y espero tener compañeros de cuarto más considerados."
36739,excepcional
36740,una estancia increíble e inolvidable
36741,"agradable, conocí gente amable y lo pasé muy bien"
36742,excepcional
36743,uno de los mejores albergues de la zona
36744,no me alojaré aquí de nuevo
36745,excepcional
36747,amoroso consuelo en valencia
36748,excepcional
36749,aceptable
36750,lugar acogedor
36751,excepcional
36752,Realmente recomiendo este lugar.
36753,¡amigable!
36754,excepcional
36755,Nuestra primera impresión de Valencia quedó completamente arruinada debido a este albergue. He aquí por qué: reservé este lugar el 5 de mayo.
36756,aceptable
36757,excepcional
36758,excepcional
36759,mejor turno de noche
36760,"El lugar huele mal, no es higiénico."
36761,mal
36762,"Me encantó, 10 10"
36763,"una estancia desastrosa marcada por el moho, la falta de ropa de cama básica y perforaciones a centímetros de mi cara a las 9 a.m."
36764,mala estancia. personal muy inútil. obligado a estar en una habitación con alguien fumando y bebiendo en la habitación
36766,¡perfecto!
36767,excepcional
36768,excepcional
36769,excepcional
36770,política comercial injusta
36771,experiencia horrible
36772,excepcional
36773,excepcional
36774,increíble albergue para una ciudad increíble
36775,no volveré
36776,excepcional
36777,excepcional
36778,Prefiero dormir en una tienda de campaña que en este lugar.
36779,estancia brillante
36780,excepcional
36781,yo
36782,excepcional
36784,súper
36785,muy mal
36786,podría ser genial
36787,La peor experiencia que he tenido en un albergue debido a los malos colchones y a los malos compañeros de cuarto ruidosos.
36789,"terrible, no te quedes aquí"
36790,la elección decente en este rango de precios
36791,excepcional
36793,"La estadía fue agradable, gente hermosa, todos son geniales cada vez que nos reunimos, también mencionar al personal de limpieza que trabaja muy duro."
36794,nunca más
36795,tres noches en valencia
36796,gran experiencia
36797,excepcional
36798,el mejor albergue de valencia
36799,excepcional
36800,excepcional
36801,excepcional
36802,excepcional
36803,excepcional
36804,excepcional
36805,"Estuve solo un día porque reservé 4 noches. No me gusta nada. El personal da el kley y dice: ""Ve a buscar tu lugar""."
36806,todo está bien
36807,personal amable.
36808,excepcional
36809,excelente ubicación. Durante mi estancia todo quedó claro. personal amable. mi recomendación
36810,aceptable
36811,simplemente otro albergue insípido
36812,gran estancia.
36813,excepcional
36814,Es una buena y bonita opción en Valencia.
36815,excepcional
36816,Ubicación perfecta y buenos planes.
36817,pésimo
36818,excelente ubicación para visitar valència
36819,el mejor albergue de valencia
36820,excepcional
36821,aceptable
36822,pésimo
36823,La mejor ubicación posible para estancia en Valencia y medio maratón.
36824,buen albergue
36825,aceptable
36826,albergue extraño
36827,Buena estancia a pesar de que algunas cosas podrían mejorarse.
36828,excepcional
36829,excepcional
36830,Muy barato por las grandes cosas que ofrecen y las instalaciones.
36831,aceptable
36832,estancia de felpa
36833,excepcional
36834,buena ubicación y personal amable
36835,no volvería aquí otra vez
36836,impresionante y barato
36837,aceptable
36838,excepcional
36840,hermoso lugar para quedarse
36842,agradable
36843,excepcional
36844,aceptable
36845,estancia decepcionada
36846,genial para viajeros solitarios
36847,pésimo
36848,excelente
36849,normalita estancia media
36850,"excelente, limpio, amigable"
36852,excepcional
36853,Buen hostal cerca del parque del turia.
36854,Buen ambiente pero es difícil dormir.
36855,no tan agradable
36856,agradable estancia
36857,fantástico
36858,Increíble albergue en el corazón de Valencia.
36859,excepcional
36861,bueno para ir con un grupo grande. Necesita mejorar algunas cosas para ser un excelente hostel.
36862,excepcional
36863,Visité muchos albergues juveniles en el mundo y el albergue River está entre mis 3 mejores.
36864,muy divertido y animado buena ubicación para gente joven
36865,perfecto
36867,excepcional
36868,excepcional
36869,excepcional
36870,excepcional
36872,excepcional
36873,gran estancia en valencia
36874,excepcional
36875,ubicación personal desayuno precio super!!!
36876,estancia muy agradable!
36877,excepcional
36878,everything is good pulgar hacia arriba
36879,bonito albergue en valencia
36881,excepcional
36883,excepcional
36884,El mejor albergue en el corazón de Valencia.
36886,Si vuelvo a Valancia volveré a reservar aquí sin dudarlo.
36887,excepcional
36888,excepcional
36889,excepcional
36890,"Un gran albergue, duerme como te mereces."
36891,el mejor albergue de valencia
36892,Buena ubicación pero tiene muchas cosas que mejorar.
36893,podría ser mejor
36894,bien para una estancia corta
36895,excepcional
36896,"Hostal muy grande y mediocre en una zona decente, nunca volvería."
36897,aceptable
36898,Me decepcionó la actitud de la gente.
36899,estancia extraordinaria
36901,aceptable
36902,un saludo a nicola!! un chico tan cálido y amable
36903,excepcional
36904,excepcional
36905,excepcional
36906,mal
36907,excepcional
36908,buena ubicación y bastante bien por el precio
36909,"Me encantó, me gusta mucho el desayuno, todo el personal es muy amable, las áreas comunes también son muy agradables, hice amigos,"
36910,"Quédate aquí si estás acostumbrado a un dormitorio.  cocina desordenada, etc."
36911,lindo
36912,aceptable
36913,No uses la aplicación Handyhostel.
36914,"personal amable, comodidades malas, contingente cuestionable."
36915,Servicio amable pero evita el cuarto piso.
36916,"tiempo seguro, relajante y feliz y divertido."
36917,excepcional
36918,excepcional
36919,Muy buen lugar para alojarse en valencia chispas.
36920,excelente
36921,maravillosa ubicación a un precio asequible
36922,excepcional
36923,excepcional
36924,realmente bueno
36925,Los baños olían mal y el personal no era servicial.
36926,gran valor
36927,excelente
36928,excepcional
36929,gran hostal! pero chinches:
36930,yo
36932,por debajo del promedio
36933,impersonal
36934,excepcional
36935,excepcional
36936,excepcional
36937,Estoy muy satisfecho.
36939,excepcional
36940,muy mal
36941,excepcional
36942,excepcional
36943,pésimo
36944,excepcional
36945,me quedaría de nuevo
36946,excepcional
36947,excepcional
36948,chinches
36949,¡¡¡¡súper!!!! el mejor albergue de españa
36950,excepcional
36951,excelente ubicación
36952,muy buena experiencia
36953,chinches
36954,genial para viajeros solitarios
36955,gran estancia valencia
36956,nunca volveré
36957,excepcional
36958,más allá de lo perfecto
36959,"Hostal agradable, acogedor y tranquilo en una buena ubicación."
36960,"Encantador y agradable, un bonito lugar para hacer amigos y charlar."
36961,tremendamente decepcionante.
36962,Hostal social con buena ubicación y baños muy malolientes.
36963,mal
36964,aceptable
36965,excepcional
36966,excepcional
36967,"Me encanta la vista desde la ventana, ¡lo recomiendo!"
36968,No recomendaría este albergue. La limpieza es lo básico para mí y River Hostel me decepcionó.
36969,no puedo recomendar
36970,un lugar increíble estancia
36971,excepcional
36972,OK.
36973,decepción
36974,excepcional
36975,gran lugar y excelente ubicación.
36977,excelente elección
36978,excepcional
36979,excepcional
36980,hostal perfecto en ubicación perfecta
36981,excepcional
36982,excepcional
36983,¡excelente!
36984,personal servicial buen ambiente
36985,excelente lugar para quedarse
36986,excepcional
36987,excelente
36988,¡Lo recomiendo encarecidamente!
36989,¡Me encantó este lugar y me encantó Valencia! ¡Gracias por hacer que mi estancia sea tan especial!
36990,aceptable
36991,"El personal era increíble, buenas instalaciones, tours organizados, recorridos por pubs y las camas eran muy cómodas."
36992,"Está bien, si solo necesitas un lugar donde quedarte y no socializar, debes tener la mente abierta para un poco de incomodidad."
36993,excepcional
36994,"gran estancia, definitivamente lo recomiendo"
36995,no es bueno
36996,aceptable
36997,El albergue River es fantástico para conocer gente y explorar el centro de la ciudad de Valencia.
36998,excepcional
37000,perfecto
37001,excepcional
37002,Me alojaría aquí de nuevo definitivamente
37003,Instalaciones razonables. Experiencia arruinada por los niños de la escuela en el albergue.
37004,excelente
37005,Excelente ubicación pero no gran ambiente de albergue.
37006,excepcional
37007,Vi el Valencia CF dos veces en mayo y me alojé en el River Hostel en ambas ocasiones; me alojaría de nuevo.
37008,hermoso
37009,excepcional
37010,Una joya escondida para mujeres que viajan solas: una experiencia similar a un hotel en un albergue
37011,mal
37012,excepcional
37013,mal
37014,vecinos ruidosos arruinaron mi experiencia
37015,No
37017,excepcional
37018,excepcional
37019,me hace querer volver.
37020,"Una viajera solitaria se mudó a otro albergue, pero disfrutó interactuando con el personal. excelente ubicación!"
37021,excepcional
37022,"La pasé muy bien, una de mis mejores experiencias en un hostal."
37023,no lo recomiendo para descansar
37024,perfección
37026,BIEN
37027,bien
37029,albergue súper
37030,muy buen plan!
37031,2 noches esta bien
37033,bonito y cómodo
37034,BIEN
37035,El albergue Rivers es recomendable para todos.
37036,BIEN
37039,"Buen albergue, pero sólo con tapones para los oídos."
37040,"buena ubicación, armarios espaciosos, camas cómodas, acceso a cocina equipada."
37041,BIEN
37043,BIEN
37044,¡Me encantaría volver para una estancia corta!
37045,estancia agradable
37047,BIEN
37050,Fue una estancia muy agradable y agradable allí.
37052,genial y súper hermosa
37053,valencia muy hermosa
37057,BIEN
37058,muy bien
37059,dinamismo
37060,BIEN
37061,BIEN
37062,Frío
37064,encuentra el perfecto.
37065,"Ideal para gente joven, sin demasiadas expectativas y comodidad. excelente ubicación para un lugar para dormir"
37067,temporada corta.
37069,un albergue que hace el trabajo.
37071,BIEN
37072,Bien
37073,BIEN
37074,Bien
37075,BIEN
37076,"Fue genial, excelente relación calidad-precio, cerca de la estación y del centro histórico, hice todo a pie"
37078,Lo recomiendo pero por poco tiempo.
37079,río: ¡para hacerlo de nuevo!
37082,muy bien
37083,BIEN
37085,Hostal práctico y confortable.
37086,OK
37087,un muy buen albergue
37088,Muy agradable y con una relación calidad-precio superior a la media.
37090,BIEN
37093,BIEN
37096,estancia increíble
37098,La relación calidad precio es perfecta.
37100,¡Recomiendo!
37101,Bien
37103,BIEN
37105,el año que viene volveré
37106,estancia agradable en el albergue del río
37107,Tuve una estadía tranquila
37109,recomendar
37113,BIEN
37114,bueno
37117,muy bonito y bien mantenido
37118,", ."
37120,"El albergue, para bien o para mal, siempre tiene su encanto. abre recuerdos lejanos!!"
37123,bueno en general
37125,sólido
37127,BIEN
37131,estancia muy agradable! :
37132,Fue una experiencia buena e interesante que no me quiero perder.
37133,estancia maravillosa
37134,¡Disfruta del buen rollo del personal de Valencia y River Hostel!
37135,¡A un paso del centro de Valencia!
37136,muy buena opción calidad-precio
37137,BIEN
37139,Muy recomendable si buscas una buena relación calidad-precio.
37142,un buen lugar para quedarse
37144,muy agradable
37146,"En general mi estadía fue placentera y cumplió con mis expectativas, lo recomiendo."
37147,muy buen albergue
37150,Gran lugar para una estancia corta en un hermoso lugar.
37151,volvería fácilmente
37153,Perfecto
37154,BIEN
37156,BIEN
37157,BIEN
37158,Aceptable pero no volvería.
37160,gran experiencia
37164,BIEN
37165,interesante como opción para una estancia corta
37166,Ubicación privilegiada en un albergue muy bonito y elegante.
37167,"Un lugar muy agradable, especialmente si sois niños. la ubicación es excelente, está justo en el centro!!"
37168,todo bien.
37171,súper
37172,"Me gustaría destacar a las chicas de recepción, absolutamente top y súper amables y serviciales."
37173,BIEN
37174,en la norma
37175,súper
37176,BIEN
37177,inesperado
37179,buena relación calidad-precio.
37180,recomendado
37181,BIEN
37182,Localiza lo malo pero está bien.
37183,Todo bien
37186,"personal muy acogedor, ubicación muy conveniente, habitación grande y cama equipada con luz y estantería"
37189,boa
37194,"Sin duda es una estructura hermosa, muy central y muy bien organizada. el personal es genial. invitaría invitados"
37196,BIEN
37198,mejor albergue
37204,bien ubicado y bien organizado.
37205,hermosa estancia
37206,límite
37207,bene
37209,buena localización y con instalaciones adecuadas si no te quieres gastar dinero en un hoyrl y no te importa compartir habita
37210,pasar la noche con amigos en el centro de la ciudad
37211,acogedor pero definitivamente mejorable.
37212,gran experiencia
37214,BIEN
37215,agradable para pasar la noche
37216,BIEN
37217,
37218,bueno lo recomiendo
37220,buen albergue para viajeros solitarios
37221,BIEN
37222,prima
37225,intentarlo
37227,"agradable, cumplió con las expectativas"
37230,prima
37232,Excelente base para una estancia corta en Valencia.
37234,"Tuve una estancia ideal en muchos aspectos, todo el personal fue amable y servicial. especialmente la recepcionista Sra."
37235,muy relajado
37237,exelente
37239,se ubica en el punto estratégico
37240,una estancia muy agradable con un personal amable.
37242,"Excelente, calidad y precio más que justo."
37243,ver interlaken es un sueño para mí palo de corazones palo de corazones
37244,buena relación calidad-precio!
37245,"medianamente bien, fue agradable intercambiar experiencias con personas de diferentes países"
37246,Volvería al River Hostel para quedarme en Valencia.
37248,volvería
37249,cómodo
37250,BIEN
37251,Fue una experiencia agradable.
37253,excelente para estancias cortas
37255,"Óptimo,"
37256,recomendado para un par de noches
37258,"La calidad está por encima de la media, ¡lo recomiendo!"
37260,BIEN
37262,BIEN
37266,buena relación calidad-precio
37267,Bonito albergue con buenas instalaciones para comer.
37268,Una estancia agradable con un personal agradable y unos huéspedes encantadores.
37269,¡aconsejado!
37270,"Viajo solo, la ciudad es hermosa y segura desde mi punto de vista."
37273,estamos bien atendidos por el precio
37274,BIEN
37276,BIEN
37277,Volveríamos allí de nuevo.
37278,Fantástica relación calidad precio ubicación.
37279,BIEN
37280,viva valenccia !!
37281,en e absolutamente en orden
37283,fin de semana inolvidable
37284,Buen albergue cerca del centro.
37285,Gran hostal con un desayuno muy bueno y rico en el mismo centro de Valencia.
37286,BIEN
37289,BIEN
37291,una buena dirección
37294,"y un buen hostal, me alojaría allí de nuevo."
37299,lugar genial para una escapada a la ciudad
37300,BIEN
37303,"Gran albergue, incluso para personas mayores."
37307,albergue fluvial
37309,La relación calidad-precio fue absolutamente buena.
37310,cómodo y bien organizado
37312,un gran albergue
37315,BIEN
37316,BIEN
37317,"Hostal grande, todo en orden!"
37320,buena solución económica: pensé más
37324,impecable
37327,OK
37332,una excelente elección
37335,"lugar muy agradable, excelente personal."
37336,BIEN
37339,BIEN
37340,lo pasé muy bien
37343,agradable
37344,excelente estancia
37345,buena relación calidad-precio en el centro!
37346,BIEN
37347,"limpieza bien hecha, camas cómodas y personal acogedor. el desayuno es muy abundante, sin duda se le presta atención."
37348,buen albergue
37350,BIEN
37351,BIEN
37353,"buena ubicación, la limpieza deja mucho que desear"
37354,muy buen albergue
37356,magnífico
37357,BIEN
37359,por ser un hostal muy lindo
37361,inmejorable en su categoria
37364,BIEN
37365,Me encantaría volver
37366,"Bonito albergue, pero no muy sociable para conocer gente."
37367,Alojamiento cerca de los lugares de interés de Valencia.
37368,Albergue superior con muy buenas instalaciones.
37369,hay
37370,albergue bueno y limpio
37371,buena solución a un precio justo
37373,breve pero intenso.
37374,"muy satisfecho, habitación 4p"
37375,"excelente hostal, limpio y muchas actividades ofrecidas, excelente desayuno, excelente ubicación"
37376,"muy bonito, buena ubicación y personal amable!"
37377,BIEN
37378,BIEN
37379,yo volveria
37381,personal agradable y buena ubicación!
37382,albergue perfecto
37383,Buen albergue ubicado en una zona tranquila con buen acceso a la ciudad. camas cómodas.
37385,¡lindo!
37387,"buena relación calidad-precio, buena estancia."
37390,súper agradable! ¡Se lo recomendaría a todos!
37391,prima
37392,BIEN
37395,BIEN
37396,BIEN
37397,"Excelente ubicación y muchas actividades organizadas, recomendado!"
37399,"Gran estancia, lo recomiendo!"
37404,Alojamiento bien ubicado con personal y compañeros de cuarto agradables.
37405,Frío
37406,Valencia mayo 2024
37408,BIEN
37410,BIEN
37411,BIEN
37412,BIEN
37413,BIEN
37414,"buen potencial, pero..."
37415,agradable estancia
37416,BIEN
37418,excepcional
37419,"Me sentí cómodo, pero podría haber sido un poco más social."
37420,La ciudad y el hostal me hicieron pasar un tiempo encantador y me encantaría volver.
37421,Albergue superior pero punto débil para las instalaciones sanitarias.
37422,guerra esta bien
37425,aspectos a mejorar
37426,buena estancia.
37430,excelente hostal en el centro de valencia
37432,BIEN
37434,albergue céntrico
37435,muy practico
37438,BIEN
37439,"gran albergue, personal limpio y amable"
37441,BIEN
37444,Muy buena estancia aquí. ¡Volveré!
37445,BIEN
37446,BIEN
37447,Genial para un viaje a la ciudad
37449,nos vemos pronto chispas
37451,la cucaracha y el camino
37452,BIEN
37454,"céntrico, cómodo, oportunidad de conocer gente de todo el mundo."
37458,"excelente albergue, luminoso, espacioso, bien pensado y administrado"
37461,bastante bien
37463,Paramos aquí de camino a casa.
37466,todo bien
37467,albergue acogedor en una muy buena ubicación
37470,todo perfecto menos la altura de la cama
37471,Nada mal
37474,BIEN
37475,¡excelente!
37476,BIEN
37477,cálidas recomendaciones
37482,un muy buen pied-à-terre cerca del centro de valencia
37485,súper hacer
37486,excelente
37490,albergue prima
37491,BIEN
37492,excelente precio calidad
37493,buena relación calidad-precio
37495,correcto !
37496,"Muy bien, volvería a Valencia!"
37497,acogido con alegría.
37500,BIEN
37501,excelente estancia!
37503,buena ubicación
37505,BIEN
37506,BIEN
37507,muy buen establecimiento
37509,muy bonito albergue
37512,mi estancia fue bien
37517,fue una buena estancia:
37518,Excelente solución si quieres gastar poco pero aun así tener una estadía placentera.
37520,¡Absolutamente recomendado!
37524,vale la pena
37525,¡excelente!
37526,¡Estaba muy satisfecho!
37529,"- , - ."
37531,gran lugar
37533,lugar adecuado para conocer mucha gente
37534,BIEN
37536,una buena estancia
37537,BIEN
37539,gran base para Valencia
37541,gran estancia
37542,BIEN
37546,BIEN
37547,Excelente ubicación con buen precio.
37549,BIEN
37550,BIEN
37551,BIEN
37552,"muy lindo encuentro, muy buena experiencia, para volver a hacer"
37553,perfecto para una estancia corta en valencia
37555,Estancia buena y limpia con un personal amable en una ubicación privilegiada a buen precio.
37556,"Excelente ubicación, hermosa vista, un poco de frío por la noche."
37557,boa
37559,BIEN
37560,"Definitivamente me gustaría volver aquí si quiero viajar de forma económica, pero aún así cómoda y placentera."
37563,BIEN
37564,ruidoso pero muy adecuado.
37565,un buen lugar para un viaje corto y económico.
37567,excelente hostal en el centro de valencia
37569,valió la pena
37570,prima
37574,BIEN
37577,BIEN
37578,vacaciones
37579,Totalmente bien por el precio.
37580,¡Disfruté de 5 días en Valencia!
37581,"En general, muy bueno por este precio."
37582,"Realmente no me decepcionó mi estancia. Si tuviera que hacerlo de nuevo, no cambiaría nada."
37583,BIEN
37584,Un buen albergue para una estancia corta en Valencia.
37585,BIEN
37588,BIEN
37592,"Realmente un gran albergue, ¡me encantaría volver!"
37594,fue magnifico
37595,agradable estancia
37596,buena estancia pero no perfecta
37598,Está bien para una estancia corta.
37603,prima
37604,dando la bienvenida
37606,BIEN
37607,"excelente hostal, bien ubicado y bien equipado"
37609,"Estoy satisfecho con mi estancia en el hostel, cumplió con mis expectativas."
37610,BIEN
37612,"super gratamente sorprendido, realmente bueno"
37615,BIEN
37616,estancia agradable por 2 noches
37617,acogedor albergue
37618,agradable y bueno para 2 o 3 noches.
37619,BIEN
37620,Me sentí cómodo y volvería.
37622,"bueno, agradable"
37625,BIEN
37629,OK
37632,boa en oh!
37635,buena experiencia de hospedaje
37638,diversión asegurada!
37639,BIEN
37642,bonito albergue - para conocer gente parada
37645,"Para mí, que viajo sola, fue perfecto."
37648,Excelente ubicación y servicios especialmente por el precio pagado.
37649,vivan los empleados
37650,BIEN
37651,BIEN
37652,gran albergue en el corazón de Valencia
37653,muy bien
37655,hermosa estancia!
37656,BIEN
37657,Primera experiencia en un hostel y ¡me encantó!
37658,"En general, un gran albergue con una buena relación calidad-precio."
37660,viaje y posada soleada
37664,Me gustó y planeo volver.
37669,Relación precio-rendimiento más que buena!
37671,buena experiencia
37673,Ojalá no fuera aceptado por grupos grandes.
37676,¡fantástico!
37678,valencia mi corazon!
37680,"genial, la próxima vez otra vez"
37682,bastante bien
37683,BIEN
37684,BIEN
37685,BIEN
37687,como en un albergue juvenil
37691,BIEN
37692,bueno para relajarse y hacer nuevos amigos.
37696,BIEN
37697,albergue céntrico con camas grandes y espaciosas
37700,BIEN
37701,agradable estancia con amigos
37702,agradable
37703,BIEN
37705,mi primera vez en un hostal.
37706,En general todo fue maravilloso. en el mismo centro. Dan la posibilidad de alquilar toallas y proporcionar sábanas.
37707,excelente precio-rendimiento!
37712,BIEN
37714,¡Excelente estancia por lo que pagas!
37717,BIEN
37718,estancia muy agradable
37722,¡Un albergue donde realmente te sientes como en casa!
37723,Alojamiento bueno y funcional.
37724,excepcional
37725,mejor albergue
37726,pésimo
37727,Está bien para una estancia de varias noches.
37728,excepcional
37729,excepcional
37731,excepcional
37732,excepcional
37733,excepcional
37735,excepcional
37736,excepcional
37737,aceptable
37738,no lo sabría
37739,excepcional
37740,me encantó
37742,excepcional
37743,no te aconsejo
37744,Tuve una buena estadía con ellos gracias chicos.
37746,excepcional
37747,en la cima
37748,buena ubicación. equipo joven y dinámico
37750,la base perfecta para un viaje de marzo a Valencia
37751,
37754,muy mal
37755,muy mal
37756,excepcional
37757,excepcional
37758,nunca más
37759,excepcional
37760,pésimo
37761,
37762,pésimo
37763,aceptable
37764,excepcional
37765,"Durante nuestros pocos días en Valencia, este albergue fue el punto más débil."
37766,aceptable
37768,excepcional
37770,aceptable
37771,pésimo
37772,excepcional
37773,excepcional
37774,mala experiencia
37775,excepcional
37777,excepcional
37778,para personas de mente abierta
37779,excepcional
37780,aceptable
37781,excepcional
37782,excepcional
37783,"por una noche, si no eres de ese estilo."
37784,aceptable
37785,pésimo
37786,excepcional
37788,pésimo
37789,aceptable
37790,"Excelente ubicación, con parada de autobús a 2 metros, 10 metros del metro y 10 minutos del centro."
37791,"Satisfactorio para encontrar lo que necesitabas, pero hay mejores opciones en cuanto a beneficios."
37795,Si vuelvo otra vez ¿cuál sería mi elección?
37796,excepcional
37797,excepcional
37798,excepcional
37799,excepcional
37801,mal
37802,excepcional
37803,excepcional
37804,excepcional
37805,excepcional
37807,excepcional
37808,"¡¡Gran gente, gran ciudad, grandes sabores, gran vibra!!"
37809,excepcional
37810,excepcional
37811,maravillosa bienvenida de los operadores
37812,pésimo
37813,excepcional
37814,excepcional
37816,excepcional
37817,aceptable
37819,en general bien.
37820,El rendimiento del precio fue excelente
37821,arriba
37822,excepcional
37823,"Me encantó mi estancia, pero algunas sugerencias!"
37825,aceptable
37826,Bien ubicado pero preferiría otro hostel.
37827,¡horrible! No pude dormir en absoluto. invitados adolescentes celebrando una fiesta en la habitación. Incluso la policía entró en la habitación.
37828,maravilloso albergue!
37829,excepcional
37830,aceptable
37831,aceptable
37832,bien cerca del centro de una ciudad agradable
37833,excepcional
37834,Me sentí seguro y en un ambiente amigable.
37835,excepcional
37836,habitación número 35
37837,buenos recuerdos de un viajero inexperto
37838,¡El mejor albergue en el que he estado!
37840,"muy barato, pero no muy cómodo"
37841,"aventuras, placeres y risas."
37842,La habitación estaba limpia pero el baño era realmente desagradable.
37843,excelente
37845,"Precio-rendimiento está bien, pero..."
37846,excepcional
37847,¡¡¡arriba!!!
37848,excepcional
37849,excepcional
37850,no cumplió con mis expectativas.
37852,
37853,aceptable
37854,mal
37855,aceptable
37856,lleno de sorpresas
37857,aceptable
37858,un espacio para divertirse y descansar
37860,¡El mejor albergue de todos los tiempos!
37861,aceptable
37863,prima
37864,Óptimo
37865,excepcional
37866,excepcional
37867,excepcional
37870,"Buena ubicación y personal agradable, pero un poco ruidoso y demasiado calor en la habitación."
37872,impresionante
37873,aceptable
37874,excepcional
37875,lo recomiendo mucho
37876,Vine en mayo para mi primer viaje en solitario. Nunca podría haber soñado algo mejor...
37878,excelente albergue
37879,comodidad cero! solo el desayuno salva
37880,excepcional
37881,Calma
37882,agradable por el precio
37883,No me extrañes:
37884,gran albergue
37885,vacaciones en solitario!!
37887,bien mal
37888,pacífico
37889,aceptable
37890,excepcional
37891,mi experiencia en el hostel
37892,"los trabajadores de recepción son muy amables, el mismo hotel tranquilo, la ubicación está en el mismo centro del casco antiguo, todo"
37894,excepcional
37895,excepcional
37896,excepcional
37897,limpieza.organización.ubicación central.frecuentado por buena gente.
37898,normal
37900,me sentí bien
37901,buena ubicación
37902,excelente hostal en valencia
37903,"súper limpio, amigable y en el corazón histórico."
37904,No se corresponde con lo ofrecido en las reservas.
37906,"muy agradable, recomendado"
37907,aceptable
37909,excepcional
37910,"No volveré, ninguna recomendación para una estancia más larga."
37911,albergue súper agradable
37912,excepcional
37913,excepcional
37915,arriba
37916,excepcional
37917,Definitivamente regresaría
37918,súper
37919,excepcional
37920,Si quiero que sea más tranquilo entonces no este alojamiento.
37921,excepcional
37922,muy bien
37923,increíble
37924,"Increíble, ya reservé allí de nuevo."
37925,40 años con amigos: el mejor lugar: máxima relación calidad/precio
37926,excepcional
37927,servicio superior
37929,excepcional
37931,", 50"
37932,excepcional
37933,me encantó
37934,excepcional
37937,excepcional
37938,descubre valencia
37939,mal
37940,fantástico
37941,"buena acogida, limpieza y comodidad pero demasiado ruidoso y demasiada gente"
37942,relajante
37943,excepcional
37944,excepcional
37945,moderado
37946,aceptable
37948,
37949,excepcional
37950,excepcional
37951,buen albergue en una buena ubicación
37953,excepcional
37954,10 10
37955,excelente relación calidad-precio
37956,excepcional
37957,excepcional
37958,pulgar hacia arriba
37959,pésimo
37960,"Está bien, pero no es el albergue acogedor que había imaginado al leer los comentarios."
37961,Debido al desagradable episodio me veo obligado a desaconsejar la estructura.
37963,excepcional
37964,aceptable
37965,excepcional
37966,excepcional
37967,buen precio calidad
37968,excepcional
37970,chispas maravillosas chispas chispas
37971,el mejor albergue en el que me he alojado
37973,horrible
37974,¡Yo también volvería mañana!
37975,excepcional
37976,"buena ubicación, mal nivel"
37977,excepcional
37978,excepcional
37979,excepcional
37980,excepcional
37981,excepcional
37982,excepcional
37983,excepcional
37984,aceptable
37985,excepcional
37986,excepcional
37987,excepcional
37988,excepcional
37989,excepcional
37990,excepcional
37991,Gran albergue para viajeros: todo lo que necesitas y más.
37992,excepcional
37993,excepcional
37994,Fue el mejor hostal en el que me alojé en España.
37996,pésimo
37997,pésimo
37998,excepcional
37999,excepcional
38002,espectacular
38003,excepcional
38004,excepcional
38006,excepcional
38008,No volvería...
38009,excepcional
38010,excepcional
38012,tranquilo y agradable
38016,Me quedo aquí cada vez que vengo a Valencia. El mejor albergue de España.
38017,lleno de tensión
38018,bueno pero con cosas a mejorar
38019,albergue para todas las edades
38020,excepcional
38021,"Para mí, un gran viaje turístico con un alojamiento agradable y barato, aunque ya estoy envejeciendo."
38022,mal
38023,excepcional
38024,1ª experiencia en un albergue juvenil y fue muy buena.
38025,excepcional
38026,ola
38027,horrible
38028,aceptable
38030,aceptable
38031,excepcional
38032,no es bueno
38033,lamentablemente no hay recomendación
38035,Estructura muy bonita y grande. Muy limpio y cerca del transporte público y del centro.
38036,excelente
38037,pésimo
38038,excepcional
38039,excepcional
38040,"Así que nunca más en tu vida, aunque tengas que dormir en la calle."
38041,Todo bien
38042,excepcional
38044,excepcional
38045,pésimo
38048,excepcional
38049,aceptable
38050,excepcional
38051,excepcional
38052,gran albergue con excelentes ubicaciones
38055,buena relación calidad-precio
38059,¡no vengas aquí!
38061,la mejor ubicación para un albergue
38062,ok bonito hostal
38063,excepcional
38064,volvió de nuevo.
38066,aceptable
38067,Reservé mujer y me colocaron en un mixto.
38068,excepcional
38069,un fin de semana largo lleno de grandes reuniones y visitas
38070,aceptable
38071,excepcional
38073,inolvidable
38075,valencia mejor albergue
38076,excelente
38078,bastante modesto...
38079,fue maravilloso
38081,excepcional
38082,pésimo
38083,excepcional
38084,excepcional
38085,perfecto
38086,excepcional
38087,¡Volvería y lo recomendaría!
38088,excepcional
38089,"Si es una estancia más larga recomiendo buscar un lugar más cómodo, con instalaciones más modernas."
38090,"Está súper limpio, el personal es agradable y las cabañas para dormir son muy prácticas."
38091,excelente ubicación y personal muy servicial
38092,excepcional
38093,excepcional
38095,excepcional
38096,"inquieto, pero agradable aparte de eso."
38097,excepcional
38098,abdou oran argelia
38099,excepcional
38100,excepcional
38101,aceptable
38102,aceptable
38103,problemas de dentición
38104,Hostal extremadamente ruidoso con baño sucio. Camas limpias y cómodas.
38105,excepcional
38106,
38107,excepcional
38108,aceptable
38109,aceptable
38110,Si sigo en Valencia buscaré alojamiento allí.
38111,muy mal
38112,excepcional
38113,mal
38114,Discreto pero esperaba baños más accesibles.
38115,excepcional
38116,razonable
38118,excepcional
38120,albergue recomendado
38121,excepcional
38122,freno citi valencia
38123,excepcional
38124,Recomiendo este lugar.
38125,falta de trato con los turistas
38126,Excelente ya que cumplió muy bien con mis expectativas. Vuelvo enseguida.
38127,", !"
38129,"Básicamente es un buen alojamiento, ¡pero sufre mucho por el estado de suciedad!"
38130,", el albergue del río!"
38131,
38132,Me encantó mi estancia
38134,excepcional
38135,excepcional
38137,excelente ubicación.
38138,decepcionante
38139,excepcional
38141,excepcional
38143,mal
38144,BIEN
38145,
38147,excepcional
38148,excepcional
38149,excepcional
38150,excepcional
38151,excepcional
38152,excepcional
38153,excepcional
38155,"excelente hostal, me encantó la infraestructura, el personal y la ubicación!"
38156,excepcional
38157,excepcional
38158,increíble
38159,excepcional
38160,excepcional
38161,excepcional
38162,agradable
38164,razonable
38165,excepcional
38166,parfait
38167,No me alojaría allí de nuevo.
38168,excepcional
38169,excepcional
38170,agradable
38172,excepcional
38173,excepcional
38174,gran albergue con buenas instalaciones
38176,bien
38178,excepcional
38179,albergue de moda justo en el casco antiguo
38180,excepcional
38181,mal
38183,buena relación calidad-precio
38184,¡Recomiendo!
38185,"estancia pasable, no genial"
38186,excepcional
38187,excepcional
38188,¡excelente!
38189,¡arriba!
38191,"Gran potencial, pero poca atención."
38192,excepcional
38193,excepcional
38194,"de lo contrario, hubiera sido bueno."
38195,pésimo
38196,relajante y enriquecedor
38197,excepcional
38199,recomendado
38203,excepcional
38204,valencia guay
38205,excepcional
38207,
38208,aceptable por el precio barato
38209,"Gran estancia, se lo recomiendo a todo el mundo."
38210,este albergue es estupendo.
38212,excepcional
38213,noches de insomnio
38214,excepcional
38215,recomiendo
38216,todo estuvo bien.
38217,aceptable
38219,excelente
38220,aceptable
38221,excepcional
38222,aceptable
38223,excepcional
38225,excelente albergue
38227,Amabilidad extrema de todo el personal y muy buena limpieza en general.
38228,parfait
38229,excepcional
38230,excepcional
38231,excepcional
38232,Bonito y trabajador albergue con lamentablemente poco confort.
38233,BIEN
38234,"bonito y acogedor, me gustaría volver."
38236,excepcional
38237,mierda
38244,BIEN
38245,BIEN
38246,BIEN
38249,BIEN
38253,BIEN
38266,BIEN
38270,BIEN
38271,BIEN
38275,BIEN
38277,BIEN
38291,BIEN
38294,BIEN
38298,BIEN
38301,BIEN
38320,BIEN
38324,BIEN
38330,BIEN
38331,BIEN
38352,BIEN
38357,BIEN
38367,BIEN
38378,BIEN
38380,BIEN
38387,BIEN
38388,BIEN
38393,BIEN
38402,BIEN
38403,BIEN
38406,BIEN
38415,BIEN
38418,BIEN
38419,BIEN
38420,BIEN
38423,BIEN
38431,BIEN
38432,BIEN
38434,BIEN
38435,BIEN
38436,BIEN
38437,BIEN
38449,BIEN
38457,BIEN
38473,BIEN
38478,BIEN
38480,BIEN
38481,BIEN
38482,BIEN
38485,BIEN
38494,BIEN
38498,BIEN
38502,BIEN
38503,BIEN
38505,BIEN
38506,BIEN
38527,BIEN
38528,BIEN
38532,BIEN
38538,BIEN
38547,BIEN
38557,BIEN
38561,BIEN
38567,BIEN
38569,BIEN
38580,BIEN
38585,BIEN
38590,BIEN
38597,BIEN
38599,BIEN
38618,BIEN
38621,BIEN
38629,BIEN
38632,BIEN
38639,BIEN
38652,BIEN
38653,BIEN
38654,BIEN
38655,BIEN
38656,BIEN
38660,BIEN
38666,BIEN
38667,BIEN
38670,BIEN
38673,BIEN
38674,BIEN
38681,BIEN
38686,BIEN
38688,BIEN
38689,BIEN
38691,BIEN
38706,BIEN
38707,BIEN
38714,BIEN
38719,BIEN
38727,BIEN
38735,BIEN
38736,BIEN
38737,BIEN
38738,BIEN
38739,BIEN
38743,excepcional
38745,excepcional
38746,agradable
38747,pésimo
38748,excepcional
38749,excepcional
38750,excepcional
38752,excepcional
38753,excepcional
38754,aceptable
38756,excepcional
38757,excepcional
38758,excepcional
38759,aceptable
38760,excepcional
38761,excepcional
38763,excepcional
38764,excepcional
38765,aceptable
38766,excepcional
38767,excepcional
38768,excepcional
38770,excepcional
38771,mal
38772,pésimo
38773,aceptable
38774,excepcional
38775,excepcional
38776,muy mal
38777,excepcional
38778,excepcional
38779,excepcional
38780,aceptable
38781,excepcional
38782,excepcional
38783,excepcional
38784,excepcional
38786,aceptable
38787,excepcional
38789,excepcional
38790,excepcional
38791,excepcional
38792,excepcional
38793,excepcional
38794,excepcional
38795,excepcional
38796,excepcional
38797,excepcional
38798,excepcional
38799,excepcional
38800,aceptable
38801,excepcional
38802,excepcional
38804,aceptable
38805,excepcional
38806,excepcional
38807,mal
38809,excepcional
38810,excepcional
38811,excepcional
38812,excepcional
38813,excepcional
38814,excepcional
38815,excepcional
38816,excepcional
38817,excepcional
38818,excepcional
38819,excepcional
38820,excepcional
38821,excepcional
38823,excepcional
38824,excepcional
38825,pésimo
38826,excepcional
38827,excepcional
38828,excepcional
38829,excepcional
38831,excepcional
38832,excepcional
38833,aceptable
38834,excepcional
38835,excepcional
38837,excepcional
38838,excepcional
38839,aceptable
38840,excepcional
38841,excepcional
38842,excepcional
38843,excepcional
38844,excepcional
38845,excepcional
38846,excepcional
38847,excepcional
38848,excepcional
38849,excepcional
38851,excepcional
38852,excepcional
38853,excepcional
38854,excepcional
38855,excepcional
38856,excepcional
38857,excepcional
38858,excepcional
38859,excepcional
38860,excepcional
38861,excepcional
38862,excepcional
38863,excepcional
38864,excepcional
38865,el mejor hostel
38866,excepcional
38867,excepcional
38868,excepcional
38869,excepcional
38870,excepcional
38871,excepcional
38873,excepcional
38874,excepcional
38875,excepcional
38876,excepcional
38877,excepcional
38878,excepcional
38879,excepcional
38880,excepcional
38881,excepcional
38882,excepcional
38883,excepcional
38884,excepcional
38885,excepcional
38887,excepcional
38888,excepcional
38889,excepcional
38890,excepcional
38891,excepcional
38892,excepcional
38893,excepcional
38894,pésimo
38895,excepcional
38896,excepcional
38898,excepcional
38899,excepcional
38900,excepcional
38901,excepcional
38902,excepcional
38903,excepcional
38904,excepcional
38905,excepcional
38906,excepcional
38907,excepcional
38908,excepcional
38909,excepcional
38910,excepcional
38911,excepcional
38912,muy mal
38913,aceptable
38914,excepcional
38915,pésimo
38916,excepcional
38917,excepcional
38918,excepcional
38919,excepcional
38920,excepcional
38921,excepcional
38922,excepcional
38923,excepcional
38924,excepcional
38925,excepcional
38927,excepcional
38928,aceptable
38929,excepcional
38935,muy mal
38936,excepcional
38937,excepcional
38938,excepcional
38940,pésimo
38942,excepcional
38943,aceptable
38944,excepcional
38945,excepcional
38946,excepcional
38947,excepcional
38948,excepcional
38949,excepcional
38950,excepcional
38951,excepcional
38952,excepcional
38953,excepcional
38954,pésimo
38955,excepcional
38956,excepcional
38957,excepcional
38958,excepcional
38959,excepcional
38960,excepcional
38961,excepcional
38962,excepcional
38963,excepcional
38964,excepcional
38966,excepcional
38967,excepcional
38968,excepcional
38969,excepcional
38970,excepcional
38971,excepcional
38972,excepcional
38973,excepcional
38974,excepcional
38976,excepcional
38977,excepcional
38978,excepcional
38979,excepcional
38980,excepcional
38981,excepcional
38982,aceptable
38983,excepcional
38984,excepcional
38985,excepcional
38986,excepcional
38987,excepcional
38988,excepcional
38989,aceptable
38990,excepcional
38991,aceptable
38992,excepcional
38993,excepcional
38995,excepcional
38996,excepcional
38997,excepcional
38998,excepcional
38999,excepcional
39000,excepcional
39001,excepcional
39003,excepcional
39004,excepcional
39005,excepcional
39007,aceptable
39008,excepcional
39009,muy mal
39010,excepcional
39011,excepcional
39012,aceptable
39013,excepcional
39014,excepcional
39015,excepcional
39016,excepcional
39017,excepcional
39018,excepcional
39019,excepcional
39020,excepcional
39021,excepcional
39022,excepcional
39023,excepcional
39025,excepcional
39026,excepcional
39027,excepcional
39028,excepcional
39029,excepcional
39030,excepcional
39031,excepcional
39032,excepcional
39033,excepcional
39034,excepcional
39035,excepcional
39036,excepcional
39037,excepcional
39038,excepcional
39039,excepcional
39041,excepcional
39042,excepcional
39043,excepcional
39044,excepcional
39045,excepcional
39046,excepcional
39047,excepcional
39048,excepcional
39049,mal
39050,excepcional
39052,excepcional
39053,excepcional
39054,excepcional
39055,excepcional
39056,excepcional
39058,excepcional
39059,excepcional
39060,excepcional
39061,excepcional
39062,pésimo
39063,excepcional
39064,excepcional
39065,excepcional
39067,excepcional
39068,excepcional
39069,excepcional
39070,excepcional
39071,aceptable
39072,excepcional
39073,excepcional
39074,excepcional
39075,excepcional
39076,excepcional
39077,excepcional
39079,excepcional
39080,excepcional
39081,excepcional
39082,excepcional
39083,excelente
39084,excepcional
39085,aceptable
39086,pésimo
39087,muy mal
39088,excepcional
39089,excepcional
39090,excepcional
39091,excepcional
39092,excepcional
39095,aceptable
39096,excepcional
39097,excepcional
39098,excepcional
39099,excepcional
39100,excepcional
39101,excepcional
39102,excepcional
39103,excepcional
39104,excepcional
39105,excepcional
39106,excepcional
39108,excepcional
39109,excepcional
39110,excepcional
39111,excepcional
39112,excepcional
39113,excepcional
39114,excepcional
39115,excepcional
39116,excepcional
39117,excepcional
39118,aceptable
39119,excepcional
39120,aceptable
39121,excepcional
39122,excepcional
39123,excepcional
39125,excepcional
39126,excepcional
39127,excepcional
39128,excepcional
39129,¡todo bien!
39130,excepcional
39131,excepcional
39132,excepcional
39133,excepcional
39134,excepcional
39135,excepcional
39136,excepcional
39137,excepcional
39138,excepcional
39139,excepcional
39140,excepcional
39141,excepcional
39142,excepcional
39143,excepcional
39144,excepcional
39145,excepcional
39146,excepcional
39147,excepcional
39148,excepcional
39150,excepcional
39151,excepcional
39152,excepcional
39153,excepcional
39154,aceptable
39155,aceptable
39156,excepcional
39157,excepcional
39158,excepcional
39159,excepcional
39160,excepcional
39162,excepcional
39163,excepcional
39165,excepcional
39166,pésimo
39167,excepcional
39168,mal
39169,excepcional
39170,aceptable
39171,excepcional
39172,excepcional
39173,excepcional
39174,excepcional
39176,excepcional
39177,excepcional
39178,excepcional
39179,excepcional
39180,excepcional
39181,excepcional
39182,excepcional
39184,excepcional
39185,excepcional
39186,excepcional
39187,excepcional
39189,excepcional
39190,excepcional
39215,BIEN
39216,BIEN
39228,BIEN
39231,BIEN
39235,BIEN
39239,BIEN
39241,BIEN
39244,BIEN
39245,BIEN
39248,BIEN
39250,BIEN
39253,BIEN
39254,BIEN
39258,BIEN
39262,BIEN
39273,BIEN
39275,BIEN
39276,BIEN
39281,BIEN
39287,BIEN
39288,BIEN
39295,BIEN
39297,"Servicio perfecto, habitaciones limpias, localización perfecta, el personal es muy agradable. volveré."
39298,BIEN
39300,BIEN
39303,BIEN
39309,BIEN
39311,BIEN
39312,BIEN
39322,BIEN
39323,BIEN
39324,BIEN
39327,BIEN
39331,BIEN
39340,BIEN
39346,BIEN
39353,BIEN
39356,BIEN
39366,BIEN
39379,BIEN
39380,BIEN
39384,BIEN
39396,BIEN
39406,BIEN
39413,BIEN
39429,BIEN
39438,BIEN
39441,BIEN
39447,BIEN
39455,BIEN
39457,BIEN
39469,Hostal muy bonito y limpio por el precio ofrecido.
39476,BIEN
39480,BIEN
39481,BIEN
39490,BIEN
39491,BIEN
39494,BIEN
39497,BIEN
39499,BIEN
39508,BIEN
39509,BIEN
39514,BIEN
39520,BIEN
39521,BIEN
39529,BIEN
39532,BIEN
39534,BIEN
39542,"excelente ubicación. Muy cerca del centro, de la estación Nord y de las principales atracciones. personal muy amable."
39543,BIEN
39544,BIEN
39545,BIEN
39549,BIEN
39551,BIEN
39554,BIEN
39555,BIEN
39556,BIEN
39564,BIEN
39566,BIEN
39567,BIEN
39569,BIEN
39571,BIEN
39575,BIEN
39585,BIEN
39589,gran albergue. buena ubicación.
39594,BIEN
39596,BIEN
39605,BIEN
39618,BIEN
39624,BIEN
39626,BIEN
39631,"Todo fue perfecto, pero por favor agrega un poco de jabón o champú en las duchas."
39634,BIEN
39640,BIEN
39648,BIEN
39664,BIEN
39668,es un albergue. puedes confiar en ello. hace lo que tiene que hacer:
39672,BIEN
39675,excepcional
39676,excepcional
39677,excepcional
39678,excepcional
39679,excepcional
39680,pésimo
39681,excepcional
39682,excepcional
39683,excepcional
39685,excepcional
39686,excepcional
39687,excepcional
39688,excepcional
39689,excepcional
39690,excepcional
39691,pésimo
39692,pésimo
39693,excepcional
39696,excepcional
39697,excepcional
39698,excepcional
39699,aceptable
39700,excepcional
39702,excepcional
39704,excepcional
39705,excepcional
39706,"Gran lugar para alojarse, muchas actividades, personal amable."
39707,excepcional
39708,excepcional
39709,excepcional
39710,excepcional
39711,excepcional
39712,excepcional
39714,excepcional
39715,excepcional
39716,aceptable
39718,excepcional
39719,excepcional
39720,excepcional
39721,excepcional
39722,excepcional
39723,excepcional
39724,excepcional
39725,excepcional
39726,excepcional
39727,excepcional
39728,excepcional
39729,excepcional
39731,excepcional
39732,excepcional
39733,excepcional
39734,"Mi estancia en el hostal fue cómoda y segura, el personal es alegre y servicial."
39735,excepcional
39736,excepcional
39737,excepcional
39738,excepcional
39739,excepcional
39740,excepcional
39742,excepcional
39743,excepcional
39744,excepcional
39745,aceptable
39746,excepcional
39747,excepcional
39748,excepcional
39749,excepcional
39750,excepcional
39751,excepcional
39752,excepcional
39753,excepcional
39754,excepcional
39755,excepcional
39756,excepcional
39757,excepcional
39758,excepcional
39759,excepcional
39760,excepcional
39761,excepcional
39762,pésimo
39763,excepcional
39764,pésimo
39765,excepcional
39766,excepcional
39767,excepcional
39768,excepcional
39769,excepcional
39770,excepcional
39771,excepcional
39772,excepcional
39773,excepcional
39774,excepcional
39776,excepcional
39777,excepcional
39779,excepcional
39780,excepcional
39781,excepcional
39782,mal
39783,excepcional
39784,aceptable
39787,excepcional
39788,excepcional
39789,excepcional
39790,excepcional
39791,excepcional
39792,excepcional
39793,excepcional
39794,excepcional
39795,excepcional
39796,aceptable
39797,excepcional
39798,pésimo
39799,excepcional
39800,excepcional
39801,mal
39802,mal
39803,excepcional
39804,excepcional
39805,excepcional
39806,excepcional
39807,excepcional
39808,aceptable
39810,excepcional
39811,mal
39812,excepcional
39813,excepcional
39814,excepcional
39815,excepcional
39817,excepcional
39818,excepcional
39820,aceptable
39821,excepcional
39822,excepcional
39824,excepcional
39826,excepcional
39827,excepcional
39828,excepcional
39829,excepcional
39830,excepcional
39831,excepcional
39832,excepcional
39833,excepcional
39834,excepcional
39835,excepcional
39836,excepcional
39837,excepcional
39838,excepcional
39839,excepcional
39840,excepcional
39841,excepcional
39842,pésimo
39843,excepcional
39844,excepcional
39845,"el albergue fue genial. bonitas habitaciones con aire acondicionado y cajones que se pueden cerrar con llave, traiga su propia cerradura. el baño estaba bien, durante"
39847,aceptable
39849,excepcional
39850,mal
39851,excepcional
39852,excepcional
39853,excepcional
39854,excepcional
39855,excepcional
39856,excepcional
39857,excepcional
39858,excepcional
39859,excepcional
39860,excepcional
39861,excepcional
39862,excepcional
39863,aceptable
39865,excepcional
39866,excepcional
39867,excepcional
39868,excepcional
39869,excepcional
39871,excepcional
39872,excepcional
39873,excepcional
39874,excepcional
39875,excepcional
39876,excepcional
39877,excepcional
39879,excepcional
39881,excepcional
39882,excepcional
39883,excepcional
39884,aceptable
39885,mal
39887,pésimo
39888,aceptable
39889,aceptable
39890,excepcional
82,cómoda
654,agradable
1454,muy bien
5255,Ubicación perfecta y hotel súper bonito.
6683,prima hotel midden in het centrum pulgar hacia arriba pulgar hacia arriba
8037,agradable
9534,muy bien
14059,agradable
15202,de maravilla
15642,comodidad
16018,aceptable
18869,Recomiendo !!
18875,magnífica estancia en valencia bandera españa
19606,aceptable
22369,maravilloso fin de semana
22421,excelente servicio
22468,maravilloso!
23159,magnífica experiencia excepcional
24513,maravilloso hotel.
24937,excelente ubicación y excelente ambiente
28556,pulgar hacia arriba pulgar hacia arriba
28797,excelente hotel en buena ubicación
28922,gran costo y beneficio.
28936,¡excelente!
29022,excelente relación calidad-precio
29948,agradable
30049,agradable
30377,muy buena
30442,agradable
31562,agradable
31578,agradable
31674,estancia fenomenal
31702,personal muy top
31800,excelente estancia
31936,volvería al hotel
32071,caro y malo
32843,excelente
32972,excelente relación calidad-precio
33147,aceptable
34975,recomendado para jóvenes
35047,para una noche
35085,muy buen lugar para alojar
35221,servicio excelente
35269,"Está bien, regular."
35279,plácida
36067,valencia noviembre
36071,pésima y no recomendada hostal
36089,agradable
36116,pulgar hacia arriba
36122,muy recomendado!
36127,tiene lo necesario.
37070,voy a volver
37097,eu recomendo cara sonriendo con corazones
37261,buena experiencia
37489,una linda experiencia en valencia
38054,agradable
38235,agradable
38931,aceptable
39002,aceptable
39892,excepcional
39895,aceptable
39898,excepcional
39899,excepcional
39900,excepcional
39901,excepcional
39903,pésimo
39904,excepcional
39905,excepcional
39908,excepcional
39909,excepcional
39910,excepcional
39911,excepcional
39913,excepcional
39914,excepcional
39915,excepcional
39916,excepcional
39917,"cuando decidiste quedarte en un albergue, sí, estás en el camino correcto,"
39918,excepcional
39919,excepcional
39920,aceptable
39921,excepcional
39922,excepcional
39923,excepcional
39925,excepcional
39928,excepcional
39929,excepcional
39930,excepcional
39931,excepcional
39932,excepcional
39933,excepcional
39934,excepcional
39935,excepcional
39936,excepcional
39937,excepcional
39938,excepcional
39939,excepcional
39940,excepcional
39941,excepcional
39942,excepcional
39943,excepcional
39944,excepcional
39945,excepcional
39946,excelente
39947,excepcional
39948,"Personal competente, disponible y amable, excelentes instalaciones y ubicación. si buscas una excelente relación calidad-precio en"
39949,excepcional
39950,excepcional
39951,excepcional
39952,excepcional
39953,excepcional
39955,excepcional
39956,excepcional
39957,excepcional
39958,agradable
39959,excepcional
39960,excepcional
39961,excepcional
39962,excepcional
39963,Ubicación perfecta. gracias.
39964,agradable estancia cerca del centro. valor por dinero
39965,excepcional
39966,excepcional
39967,excepcional
39968,excepcional
39969,excepcional
39970,excepcional
39971,aceptable
39972,excepcional
39973,excepcional
39974,excepcional
39975,excepcional
39977,BIEN
39978,excepcional
39979,BIEN
39981,BIEN
39982,BIEN
39983,BIEN
39990,BIEN
39995,BIEN
39996,BIEN
39997,BIEN
39999,BIEN
40000,BIEN
40006,BIEN
40008,BIEN
40014,BIEN
40016,BIEN
40017,BIEN
40019,BIEN
40020,BIEN
40021,BIEN
40023,BIEN
40026,BIEN
40027,BIEN
40029,BIEN
40034,BIEN
40037,BIEN
40045,BIEN
40048,BIEN
40050,BIEN
40061,BIEN
40070,BIEN
40075,BIEN
40082,BIEN
40090,BIEN
40094,BIEN
40100,BIEN
40103,BIEN
40106,BIEN
40109,BIEN
40111,BIEN
40112,BIEN
40116,BIEN
40117,BIEN
40118,BIEN
40119,BIEN
40120,BIEN
40123,BIEN
40126,BIEN
40128,BIEN
40135,BIEN
40136,BIEN
40145,BIEN
40153,BIEN
40154,BIEN
40159,BIEN
40161,BIEN
40166,personal muy amable y competente
40185,BIEN
40187,BIEN
40192,BIEN
40196,BIEN
40198,BIEN
40201,"Fue perfecto, seguro, bien amueblado, almacenamiento seguro, equipaje y bebidas gratis."
40203,BIEN
40204,BIEN
40205,BIEN
40207,BIEN
40210,BIEN
40217,BIEN
40218,BIEN
40223,BIEN
40227,BIEN
40237,BIEN
40243,BIEN
40246,BIEN
40248,BIEN
40254,BIEN
40255,BIEN
40261,BIEN
40273,BIEN
40284,BIEN
40287,BIEN
40288,BIEN
40291,BIEN
40292,BIEN
40296,BIEN
40300,BIEN
40303,BIEN
40307,BIEN
40308,BIEN
40313,BIEN
40314,BIEN
40319,BIEN
40322,BIEN
40324,BIEN
40325,BIEN
40338,"genial, lo recomiendo mucho"
40341,BIEN
40348,BIEN
40350,BIEN
40354,BIEN
40355,BIEN
40356,BIEN
40361,BIEN
40364,BIEN
40368,BIEN
40372,BIEN
40376,BIEN
40379,BIEN
40384,BIEN
40391,BIEN
40393,BIEN
40403,BIEN
40406,BIEN
40408,BIEN
40409,BIEN
40411,BIEN
40417,BIEN
40420,muy recomendado
40421,BIEN
40423,BIEN
40428,BIEN
40432,BIEN
40438,BIEN
40443,BIEN
40449,BIEN
40457,BIEN
40460,BIEN
40461,BIEN
40465,BIEN
40468,BIEN
40469,BIEN
40470,BIEN
40471,BIEN
40474,BIEN
40476,BIEN
40478,BIEN
40481,BIEN
40485,BIEN
40487,BIEN
40493,BIEN
40495,BIEN
40505,BIEN
40511,BIEN
40516,BIEN
40522,Centro juvenil en una excelente ubicación. ¡Todo salió bien! Servicios siempre limpios. gran albergue!
40531,BIEN
40537,BIEN
40540,BIEN
40544,BIEN
40547,BIEN
40548,BIEN
40552,BIEN
40561,BIEN
40565,BIEN
40571,BIEN
40572,BIEN
40573,BIEN
40576,BIEN
40578,BIEN
40579,BIEN
40581,BIEN
40585,BIEN
40588,buen hostal en una ubicación central
40591,BIEN
40599,BIEN
40601,BIEN
40610,BIEN
40614,BIEN
40617,BIEN
40640,BIEN
40642,BIEN
40652,BIEN
40666,BIEN
40667,BIEN
40671,BIEN
40675,BIEN
40693,BIEN
40695,BIEN
40697,BIEN
40699,BIEN
40700,BIEN
40703,BIEN
40710,BIEN
40714,BIEN
40718,BIEN
40726,gran albergue. personal agradable y ubicación súper agradable.
40737,BIEN
40739,BIEN
40760,BIEN
40764,BIEN
40774,BIEN
40783,BIEN
40784,BIEN
40791,BIEN
40792,BIEN
40795,BIEN
40797,BIEN
40809,BIEN
40813,"Ubicación espectacular, cerca del centro y del Rio Turia con un personal joven y organizado disponible."
40814,BIEN
40823,BIEN
40831,BIEN
40842,BIEN
40851,BIEN
40856,BIEN
40859,BIEN
40866,BIEN
40873,BIEN
40875,BIEN
40878,BIEN
40882,BIEN
40885,BIEN
40903,BIEN
40906,BIEN
40907,"A pesar de compartir alojamiento, la estancia fue muy agradable, a excepción de 2 mujeres jóvenes y ruidosas..."
40911,BIEN
40914,BIEN
40916,BIEN
40921,BIEN
40930,BIEN
40931,BIEN
40936,BIEN
40941,BIEN
40951,excepcional
40952,excepcional
40953,excepcional
40954,excepcional
40955,excepcional
40956,pésimo
40957,excepcional
40958,excepcional
40959,excepcional
40960,excepcional
40961,excepcional
40963,excepcional
40964,excepcional
40965,excepcional
40966,excepcional
40967,excepcional
40969,excepcional
40970,excepcional
40971,excepcional
40972,excepcional
40974,excepcional
40975,excepcional
40976,excepcional
40977,excepcional
40978,excepcional
40981,excepcional
40982,excepcional
40983,excepcional
40984,excepcional
40986,excepcional
40987,excepcional
40988,aceptable
40989,aceptable
40990,pésimo
40991,excepcional
40992,excepcional
40993,excepcional
40994,excepcional
40995,excepcional
40996,excepcional
40997,excepcional
40999,excepcional
41000,aceptable
41002,excepcional
41003,excepcional
41004,excepcional
41005,aceptable
41006,excepcional
41007,mal
41008,pésimo
41009,excepcional
41010,excepcional
41011,excepcional
41012,excepcional
41013,excepcional
41014,excepcional
41015,excepcional
41016,excepcional
41017,muy mal
41018,excepcional
41019,excepcional
41020,excepcional
41021,excepcional
41022,excepcional
41023,excepcional
41024,excepcional
41025,excepcional
41026,excepcional
41027,excepcional
41028,excepcional
41031,aceptable
41032,aceptable
41033,aceptable
41034,"Albergue caro en una buena ubicación, con estándares de higiene de 1925."
41035,excepcional
41036,excepcional
41038,excepcional
41039,excepcional
41040,aceptable
41041,excepcional
41043,excepcional
41044,excepcional
41045,excepcional
41046,excepcional
41047,excepcional
41048,excepcional
41049,excepcional
41050,excepcional
41052,aceptable
41054,excepcional
41055,aceptable
41056,excepcional
41057,excepcional
41059,excepcional
41060,excepcional
41061,excepcional
41062,excepcional
41063,excepcional
41065,excepcional
41066,pésimo
41067,excepcional
41068,excepcional
41069,excepcional
41072,excepcional
41073,excepcional
41074,excepcional
41075,excepcional
41076,excepcional
41077,excepcional
41078,excepcional
41079,excepcional
41080,excepcional
41081,excepcional
41083,excepcional
41084,excepcional
41085,excepcional
41086,excepcional
41087,excepcional
41088,excepcional
41090,mal
41091,excepcional
41092,"La estancia fue estupenda, el personal fue muy amable y el espacio agradable."
41093,excepcional
41094,excepcional
41095,excepcional
41096,excepcional
41097,excepcional
41098,excepcional
41099,excepcional
41100,excepcional
41101,excepcional
41103,excepcional
41104,excepcional
41105,excepcional
41106,excepcional
41107,aceptable
41108,excepcional
41109,excepcional
41110,excepcional
41111,excepcional
41112,excepcional
41114,excepcional
41115,excepcional
41116,excepcional
41117,excepcional
41118,excepcional
41119,excepcional
41120,excepcional
41121,excepcional
41122,excepcional
41123,excepcional
41124,excepcional
41125,excepcional
41126,excepcional
41127,excepcional
41129,excepcional
41130,"¡Todo estuvo bien, el personal fue excelente, la ubicación era perfecta! Volvería."
41131,excepcional
41132,excepcional
41133,excepcional
41134,excepcional
41135,aceptable
41136,excepcional
41137,aceptable
41138,excepcional
41139,excepcional
41140,excepcional
41141,excepcional
41142,excepcional
41143,excepcional
41144,excepcional
41145,excepcional
41147,excepcional
41148,excepcional
41149,excepcional
41150,excepcional
41151,excepcional
41152,excepcional
41153,excepcional
41154,excepcional
41155,excepcional
41156,excepcional
41157,excepcional
41158,excepcional
41160,excepcional
41161,excepcional
41162,excepcional
41163,excepcional
41164,excepcional
41165,excepcional
41166,excepcional
41167,aceptable
41168,excepcional
41170,excepcional
41171,excepcional
41172,excepcional
41173,aceptable
41175,aceptable
41176,excepcional
41177,excepcional
41178,excepcional
41179,excepcional
41180,excepcional
41181,excepcional
41182,aceptable
41185,excepcional
41187,aceptable
41188,pésimo
41189,excepcional
41190,excepcional
41191,pésimo
41192,excepcional
41193,excepcional
41194,excepcional
41195,excepcional
41196,excepcional
41197,excepcional
41198,excepcional
41200,excepcional
41201,excepcional
41202,excepcional
41203,excepcional
41204,excepcional
41205,excepcional
41206,excepcional
41207,excepcional
41208,aceptable
41209,excepcional
41210,aceptable
41211,excepcional
41212,excepcional
41213,excepcional
41214,excepcional
41215,excepcional
41216,excepcional
41217,excepcional
41218,excepcional
41219,excepcional
41220,excepcional
41221,excepcional
41222,excepcional
41223,excepcional
41224,aceptable
41225,excepcional
41226,excepcional
41227,excepcional
41228,excepcional
41229,excepcional
41230,excepcional
41231,excepcional
41232,excepcional
41233,excepcional
41234,excepcional
41235,excepcional
41236,excepcional
41237,excepcional
41238,excepcional
41240,excepcional
41241,excepcional
41242,excepcional
41243,excepcional
41244,excepcional
41245,excepcional
41246,excepcional
41247,excepcional
41248,excepcional
41249,excepcional
41250,excepcional
41251,excepcional
41252,excepcional
41253,excepcional
41254,excepcional
41255,excepcional
41256,excepcional
41257,excepcional
41258,excepcional
41259,excepcional
41260,excepcional
41261,excepcional
41262,excepcional
41263,excepcional
41264,excepcional
41265,excepcional
41266,excepcional
41268,excepcional
41269,excepcional
41270,excepcional
41271,excepcional
41272,excepcional
41277,excepcional
41278,excepcional
41279,excepcional
41281,excepcional
41283,excepcional
41284,excepcional
41286,excepcional
41287,excepcional
41288,excepcional
41289,excepcional
41290,excepcional
41291,excepcional
41292,excepcional
41293,excepcional
41294,excepcional
41295,pésimo
41297,excepcional
41299,pésimo
41300,excepcional
41301,excepcional
41302,excepcional
41303,excepcional
41304,pésimo
41305,excepcional
41306,excepcional
41307,excepcional
41308,excepcional
41309,excepcional
41310,excepcional
41311,excepcional
41312,excepcional
41313,excepcional
41314,excepcional
41315,excepcional
41316,excepcional
41317,excepcional
41318,excepcional
41319,excepcional
41320,excepcional
41321,excepcional
41322,excepcional
41323,excepcional
41324,excepcional
41325,excepcional
41326,excepcional
41327,excepcional
41328,aceptable
41329,excepcional
41330,excepcional
41331,excepcional
41332,excepcional
41333,excepcional
41335,excepcional
41336,excepcional
41337,excepcional
41338,excepcional
41339,aceptable
41340,excepcional
41341,excepcional
41342,excepcional
41343,excepcional
41344,excepcional
41347,excepcional
41348,pésimo
41349,excepcional
41350,excepcional
41351,excepcional
41352,excepcional
41353,excepcional
41354,excepcional
41357,excepcional
41358,excepcional
41359,aceptable
41360,excepcional
41365,excepcional
41366,excepcional
41367,excepcional
41369,excepcional
41371,excepcional
41372,aceptable
41373,excepcional
41374,excepcional
41376,aceptable
41377,aceptable
41378,aceptable
41380,excepcional
41381,excepcional
41382,pésimo
41383,excepcional
41384,aceptable
41385,excepcional
41389,excepcional
41391,positivamente sorprendido!
41392,excepcional
41393,excepcional
41395,excepcional
41396,excepcional
41397,excepcional
41398,excepcional
41400,agradable
41401,excepcional
41402,excepcional
41403,excepcional
41406,excepcional
41408,excepcional
41409,excepcional
41410,excepcional
41413,excepcional
41414,excepcional
41417,excepcional
41418,excepcional
41419,excepcional
41420,mal
41422,excepcional
41423,excepcional
41424,excepcional
41425,excepcional
41426,excepcional
41427,excepcional
41428,excepcional
41429,excepcional
41430,excepcional
41431,excepcional
41432,excepcional
41433,excepcional
41435,mal
41436,excepcional
41437,excepcional
41438,excepcional
41440,excepcional
41441,excepcional
41442,aceptable
41443,excepcional
41445,excepcional
41446,excepcional
41447,excepcional
41448,excepcional
41449,mal
41450,excepcional
41452,excepcional
41453,excepcional
41454,excepcional
41455,excepcional
41456,excepcional
41457,excepcional
41458,excepcional
41460,excepcional
41461,excepcional
41462,excepcional
41463,excepcional
41464,excepcional
41465,excepcional
41466,excepcional
41467,excepcional
41468,excepcional
41469,excepcional
41473,excepcional
41474,excepcional
41475,excepcional
41477,excepcional
41479,BIEN
41482,BIEN
41483,BIEN
41485,excepcional
41487,excepcional
41488,¡muy bien! con agua helada y café gratis. todo muy bien pensado y planificado pensando en los viajeros. ¡Me encantó! cara sonriente
41492,bueno
41496,perfecta estancia futbolística
41497,"si voy a valencia,me hospedaré alli"
41500,cercano
41501,BIEN
41519,cumple mis expectativas . para repetir
41528,BIEN
41538,perfecta
41553,para repetir
41554,perfecto
41555,perfecto
41557,BIEN
41563,"céntrico, estupendo"
41576,bueno
41578,fin de semana
41591,BIEN
41596,OK
41597,repetire
41610,estancia expressssss
41612,feliz
41617,BIEN.
41636,BIEN
41637,buen hotel en valencia
41641,BIEN
41646,BIEN
41648,almohadas duras
41649,BIEN
41650,BIEN
41652,BIEN
41659,BIEN
41660,BIEN
41661,BIEN
41668,no está mal.
41669,BIEN
41672,BIEN
41677,BIEN
41681,BIEN
41682,BIEN
41684,recepcionista apagada
41686,BIEN
41693,BIEN
41696,hotel acogedor.
41700,BIEN
41702,BIEN
41704,BIEN
41709,BIEN
41713,buen hotel
41718,BIEN
41720,BIEN
41727,BIEN
41731,buen hotel para visitar valencia
41736,BIEN
41737,buen lugar para alojarse
41738,BIEN
41741,práctico
41747,BIEN
41751,BIEN
41755,Frío
41756,comodidad
41759,no lo dudes ves
41763,BIEN
41770,normal
41772,BIEN
41784,todo ok
41785,comer
41788,BIEN
41789,BIEN
41791,excelente
41792,no hay nevera
41793,BIEN
41797,BIEN
41801,excelente hotel
41802,genial
41813,BIEN
41815,BIEN
41818,BIEN
41820,para repetir
41821,hotel con     casi parece un
41824,fiestas navidad
41825,BIEN
41826,regular no
41827,BIEN
41829,adecuado.
41833,BIEN
41834,BIEN
41835,normal
41836,BIEN
41841,BIEN
41842,bueno
41849,BIEN
41850,BIEN
41854,BIEN
41855,BIEN
41859,BIEN
41861,mar hola mar
41863,BIEN
41871,BIEN
41884,BIEN
41885,BIEN
41886,BIEN
41887,BIEN
41888,BIEN
41901,BIEN
41904,BIEN
41907,BIEN
41911,BIEN
41913,BIEN
41915,BIEN
41916,BIEN
41919,BIEN
41920,BIEN
41921,BIEN
41929,BIEN
41937,BIEN
41938,BIEN
41940,BIEN
41942,BIEN
41944,BIEN
41945,BIEN
41951,BIEN
41952,BIEN
41953,BIEN
41954,BIEN
41955,BIEN
41956,BIEN
41957,BIEN
41958,BIEN
41962,excepcional
41966,excepcional
41968,excepcional
41969,fenomenal
41970,excepcional
41971,excepcional
41972,inmejorable
41973,excepcional
41974,excepcional
41975,excepcional
41976,excelente
41978,genial
41980,comodidad
41981,excepcional
41982,excepcional
41983,excepcional
41984,excepcional
41985,excelente
41989,excepcional
41990,excepcional
41991,excepcional
41992,excepcional
41993,perfecto
41995,excepcional
41997,genial
41998,excepcional
42000,excepcional
42001,excepcional
42002,bello
42003,excepcional
42004,excepcional
42006,excepcional
42007,excepcional
42010,sorprendida!
42011,fenomenal
42013,excepcional
42015,excepcional
42017,excelentisimo
42018,me gusto mucho
42021,excelente estancia
42022,excelente
42024,excepcional
42025,excepcional
42027,comodidad
42030,excepcional
42032,excepcional
42033,"genial, volveré"
42034,excepcional
42035,excepcional
42037,excepcional
42039,muy agradable
42040,volveremos!
42041,excepcional
42042,genial
42044,excepcional
42045,pata volver
42046,excepcional
42047,provechoso
42049,excepcional
42051,excepcional
42053,aceptable
42054,excepcional
42055,excepcional
42057,excepcional
42058,10 10
42059,excepcional
42060,excepcional
42061,excepcional
42063,excepcional
42064,la fabrica
42065,excepcional
42066,excelente
42068,excepcional
42069,¡excelente!
42070,excepcional
42071,excepcional
42072,excepcional
42074,excepcional
42076,excepcional
42077,excelente
42080,paseo
42083,excelente
42084,volveré
42085,excepcional
42086,excepcional
42087,excepcional
42088,perfecta estancia
42090,aceptable
42093,excepcional
42095,excepcional
42096,excepcional
42098,viaje de trabajo
42099,recomendado
42100,excepcional
42101,"excelente,"
42105,excepcional
42106,excepcional
42108,fantástico
42109,excepcional
42110,excelente.
42111,increíble
42113,hotel de 10.
42117,excepcional
42118,perfecta
42119,excepcional
42120,excepcional
42121,excepcional
42124,excepcional
42127,excepcional
42129,excepcional
42130,increíble
42131,excepcional
42132,cumplió mis expectativas
42134,excepcional
42136,perfecto
42139,volveré sin dudas
42140,excepcional
42142,excepcional
42145,excepcional
42146,una pena que la
42148,excepcional
42151,excepcional
42153,aceptable
42155,regular
42158,hotel a mejorar
42160,excepcional
42163,excepcional
42170,bien en general
42171,excepcional
42174,bueno
42176,increíble
42177,excepcional
42178,volvería
42180,excepcional
42181,excepcional
42185,excepcional
42186,excepcional
42188,excepcional
42191,feliz inicio de 2024
42194,excepcional
42195,para repetir
42197,excepcional
42198,excepcional
42199,aceptable
42200,transitable
42207,mal
42208,excepcional
42209,mal
42210,aceptable
42216,no volvería
42219,aceptable
42221,evitar
42228,excepcional
42229,mejorable
42230,transitable
42233,no me gustó.
42236,cómodo
42240,no volvería
42243,aceptable
42246,perfecto
42248,aceptable
42249,aceptable
42252,aceptable
42254,aceptable
42259,aceptable
42260,excepcional
42261,aceptable
42262,mal
42268,aceptable
42270,aceptable
42275,pesima
42277,pésimo
42278,pésimo
42280,pésimo
42283,demasiado caro
42287,aceptable
42289,aceptable
42290,molesta
42292,pésimo
42293,hotel mejorable
42297,brevedad
42299,no volveré nunca más!
42301,aceptable
42302,pésimo
42304,no volveria
42306,muy malo
42307,vergonzoso
42313,pésimo
42314,mal descanso
42315,aceptable
42317,no pienso volver a este hotel.
42318,aceptable
42320,mal
42321,mal
42323,no recomendable
42324,para no repetir
42326,pésimo
42327,normal
42329,pésimo
42330,BIEN
42332,complacido.
42335,pequeño hotel acogedor. buen descanso y gran buffet. excelente relación calidad-precio.
42336,Buena relación calidad-precio para una habitación espaciosa en una buena ubicación.
42337,Me quedaría de nuevo.
42338,"gran valor, buena ubicación"
42339,"Disfruté mi estadía, que terminé extendiendo. En general, fue increíble y definitivamente lo visitaré nuevamente."
42340,hotel moderno super limpio y fresco
42342,Corta estancia agradable en el hotel y en Valencia.
42344,encantadora estancia relajante con amigos
42345,Fue una estancia corta pero cómoda.
42347,personal amable y servicial. buen desayuno.
42348,muy buen valor por su dinero
42349,muy comodo
42350,hotel bonito y limpio
42351,Gran estancia y un excelente lugar conveniente para pasar unas cuantas noches en Valencia con sólo pequeñas deficiencias.
42354,muy agradable
42355,BIEN
42357,gran lugar para alojarse en valencia
42358,feliz.
42359,hotel renassa valencia
42360,lugar a un precio justo para quedarse
42362,absolutamente bien por el precio
42364,great stay at a sweet hotel cara sonriendo con ojos grandes
42366,muy buena oferta para unas pocas noches de estancia
42372,BIEN
42375,excelente
42376,fantástico hotel en una excelente ubicación
42377,valor por dinero
42378,Habitación cómoda y básica con buena relación calidad-precio.
42379,muy bien.
42381,Estancia súper limpia y cómoda. Me encantó.
42382,"grazias valencia, si vuelvo a visitar seguro reservaré en el mismo hotel"
42383,bonito hotel cerca del estadio de mestalla
42384,Me alojaría allí de nuevo.
42386,BIEN
42388,BIEN
42389,"estancia agradable, cosas útiles, buena relación calidad-precio"
42391,perfecto
42392,"Está bien, me alojaría de nuevo pero no desayunaría."
42393,en general una buena experiencia
42395,Hotel de nivel inferior pero agradable.
42396,Tuvimos una estancia agradable allí.
42397,Buen hotel por su precio.
42398,BIEN
42399,BIEN
42401,una buena opción para un viaje de negocios en la universidad
42403,"Buena ubicación, dificultades para dormir debido al ruido."
42404,ideal para un breve descanso
42405,estancia de una semana en valencia
42407,una buena estancia
42408,asistencia a la graduación
42409,BIEN
42412,BIEN
42413,"Muy buena experiencia, el personal fue maravilloso."
42415,buena opción cerca de la universidad
42417,estancia tranquila fuera del casco antiguo
42420,estancia decente en valencia
42422,Buen hotel para pasar unas cuantas noches.
42423,"buena ubicación, desayuno decepcionante"
42424,BIEN
42427,Me encanta esta ciudad:
42428,el hotel estaba bien.
42429,perfecto para una estancia de unos días en valencia
42430,prácticamente un buen hotel
42431,genial para viajeros solitarios
42432,Como se anuncia.
42435,BIEN
42437,bonito lugar
42439,BIEN
42441,hotel muy cómodo.
42442,solo reserva b b
42444,"Buena ubicación, habitación espaciosa, desayuno con una excelente relación calidad-precio."
42445,"Hotel limpio situado en una zona tranquila de la ciudad, pero un poco caro y lejos del centro de la ciudad."
42446,BIEN
42447,encantador hotel en valencia con personal amable en una excelente ubicación
42448,una buena escapada
42449,BIEN
42450,elección sensata para una estancia corta
42453,Buena ubicación para descubrir la belleza de Valencia. El precio no era tan alto para la calidad del hotel.
42454,Buen lugar para pasar unos días en valencia.
42455,"Muy bien en general, ¡me hubiera gustado dormir más!"
42456,suficientemente bueno
42457,hotel limpio y cómodo sin emociones
42458,Bueno pero no genial.
42460,BIEN
42462,muy agradable y acogedor.
42463,un alojamiento económico con todas las instalaciones necesarias
42464,"Ideal para estancias dentro y fuera de la ciudad, pero no para turistas que pasan la noche."
42465,BIEN
42466,Mi amigo y yo disfrutamos mucho de nuestra estancia en el dulce hotel Renasa. la habitación era espaciosa y limpia. el personal fue realmente fr
42467,excelente
42468,Me quedé dos noches para instalar a mi hija en su alojamiento universitario.
42469,bonito limpio pero ruidoso
42470,instantánea del casco antiguo y el nuevo con una larga playa para relajarse
42471,El casco antiguo es precioso y está a 15 minutos a pie del hotel.
42472,gran estancia
42473,BIEN
42474,"Bonito lugar, no muy lejos de la playa y del centro de la ciudad por un buen precio."
42476,excelente
42477,recomendar.
42478,BIEN
42479,BIEN
42480,BIEN
42482,Disfruté de mi estancia en el hotel y fue mi primer viaje en solitario. Recomendaría este hotel mano con señal de victoria tono de piel claro
42483,"En general, fue una estancia agradable para el propósito previsto."
42485,fin de semana a valencia
42487,Un bonito hotel con fácil acceso al centro.
42490,"personal agradable, hotel conveniente para el maratón"
42492,estancia confortable cerca del estadio de fútbol de valencia
42493,BIEN
42494,lugar bueno y limpio.
42495,simplemente bien
42496,BIEN
42497,justo
42498,bastante y bien ubicado
42499,funciona
42500,"Por una noche está bien, aunque más barato sería justo."
42503,"adecuado para el motivo de visita a la ciudad, que era para un evento deportivo."
42504,BIEN
42505,hizo lo requerido
42506,aceptable.
42507,perfecto
42508,súper bueno.
42509,excepcional
42510,excepcional
42511,excelente estancia! personal amable y ubicación perfecta
42512,a valencia bonus!!!!
42513,"estancia increíble, todo fue excelente"
42514,"Gran lugar, el personal es amable y el personal nocturno hace todo lo posible para ayudar."
42515,excepcional
42516,excepcional
42517,excepcional
42518,Me gustó todo.
42519,"Increíble hotel, no tengo ninguna queja y volveré allí."
42520,excepcional
42521,excelente ubicación
42522,"gran lugar, limpio, seguro y cómodo"
42523,"Brillante hotel, idealmente ubicado cerca del estadio de mestalla. El personal es realmente amable y servicial."
42524,excelente
42525,gran lugar con todo lo que necesitas
42528,excepcional
42529,excepcional
42530,excelente ubicación
42531,excepcional
42532,viaje de futbol
42533,excepcional
42534,excepcional y lo recomendaría encarecidamente a amigos y familiares. gracias por hacer que nuestra estancia fuera tan agradable:
42535,"Precioso hotel para una estancia en Valencia, ¡lo recomendaría al 100!"
42536,excelente
42537,Realmente disfruté. Estará regresando.
42538,lugar cómodo para un viaje de negocios
42539,Perfecto. Nos vemos pronto.
42540,excepcional
42541,excepcional
42542,la mejor estancia en valencia
42543,excelente
42544,perfecto
42545,¡Lugar perfecto para hospedarte si tienes un vuelo tarde!
42546,hermosa y volvere
42547,"Excelente relación calidad-precio, personal amable, habitaciones limpias y accesible en transporte público."
42548,viaje italiano
42549,excelente y recomendado
42550,excepcional
42551,Quédate en casa de Renesa
42552,"Habitación limpia y cómoda y un personal increíble, amable y servicial."
42553,perfecto.
42554,excepcional
42555,excepcional
42556,excepcional
42557,"Muy buena estancia en Valencia, definitivamente recomiendo este hotel."
42558,excepcional
42559,un gran lugar para quedarse
42560,aceptable
42561,excepcional
42562,"Está bien, pero no me alojaré allí de nuevo."
42563,excepcional
42564,estaba comodo
42565,lindo
42567,"Siempre y cuando estés de acuerdo con lo mínimo, el hotel renasa es bueno para una estancia corta en valencia."
42568,Necesidad de quedarme: me quedé allí porque no tenía otra opción más cercana al lugar de mi reunión.
42569,aceptable
42570,"Bonito, pero no fue así. Reservé."
42571,Habitaciones bastante básicas pero lo suficientemente cómodas para pasar unos días si no eres demasiado exigente.
42572,excepcional
42573,perfecto
42575,buen lugar para quedarse
42576,excepcional
42578,No volvería.
42579,Las habitaciones eran grandes pero había cucarachas.
42580,Gran parada en nuestro viaje a Murcia.
42581,Recomendaría renasa a mis amigos y familiares.
42583,No hay problemas en todos los aspectos. Volveré cuando venga a visitar Valencia en el futuro.
42584,cómodo aparte de la carretera principal exterior.
42586,"Buena ubicación y servicio, pero la ducha goteaba y la habitación está vieja y desgastada."
42588,aceptable
42589,no genial
42590,Error 500 (Server Error)!!1500.That’s an error.There was an error. Please try again later.That’s all we know.
42591,aceptable
42593,aceptable
42594,estancia media pensión en fumar valencia
42595,mal
42598,Las duchas estaban frías. No me alojaré allí de nuevo. ¡El desayuno era aburrido!
42599,aceptable
42602,el hotel está demasiado sobrevalorado. No tengo idea de cómo consiguió una puntuación tan alta.
42603,aceptable
42604,aceptable
42605,Las zonas comunes son bonitas. La habitación es un poco sosa y cansada. La cama cómoda salvó el día.
42606,pésimo
42607,el olor era horrible
42609,"La habitación que reservé no era la misma que se muestra en las fotos y las paredes no estaban limpias, por lo que se podía ver todo."
42610,"no vale la pena el dinero: ubicación fuera del centro de la ciudad, habitación pequeña con una ventana borrosa que no proporciona luz natural y solo una l"
42611,aceptable
42612,pésimo
42613,evitar si es posible
42614,Evite este hotel ya que tiene una plaga de cucarachas en los baños y está básicamente en una carretera y es un inconveniente.
42615,"Muy normal, no volvería a reservar."
42616,habitación apestosa :-
42617,Bajo valor por el dinero que pagamos.
42618,no volveré
42619,mal
42620,"La habitación es muy desagradable para alojarse, mala relación calidad-precio."
42621,agotador
42622,pésimo
42623,pésimo
42624,mal
42625,excepcional
42626,"fue muy bueno. excelente ubicación, muy limpio. personal super amable. Lo recomiendo mucho."
42627,excelente
42631,tranquilo y relajante
42632,BIEN
42633,buen hotel para disfrutar de unos días
42636,buen hotel con buen desayuno
42637,excelente estancia a 20 minutos en bus del centro
42638,hotel confortable con desayuno una vez
42644,excelente estancia
42645,BIEN
42647,"Establecimiento limpio, cómodo y acogedor."
42648,una estancia agradable
42654,fue muy bueno
42655,La mejor estancia para un viaje a la ciudad de Valencia.
42656,Personal atento y buena relación calidad-precio.
42660,¡súper!
42666,muy buena estancia!
42667,"Zona cómoda, acogedora y perfecta para todo!"
42668,hotel superior con aparcamiento gratuito
42671,"Pasé una muy buena noche, lo recomiendo."
42673,parfait
42677,súper recomendado
42679,hotel nah zu upv
42682,Es una pena que hayamos pasado una noche solos...
42683,perfecto para una estancia corta en Valencia
42684,"sweet hotel renasa, valencia"
42686,Se lo recomendaría a otros.
42688,Quedé muy satisfecho.
42689,"relación precio-rendimiento bien,"
42690,BIEN
42692,súper !
42695,hotel por encima de las expectativas
42696,bollo
42699,excelente estancia
42700,"excelente hotel, lástima que el clima ciertamente no es primaveral...!"
42707,estancia agradable
42711,como se esperaba!!
42712,BIEN
42713,Un gran hotel comparado con 3 estrellas.
42714,Buen hotel a un precio competitivo.
42716,zona estratégica para llegar a cualquier parte
42718,excelente hotel
42719,
42720,hermoso día en valencia
42722,"Estancia muy agradable, el hotel dispone de restaurante y snack bar a precios muy económicos."
42723,buena opción para una escapada a la ciudad
42724,ve allí con los ojos cerrados
42726,Todo bien
42729,valencia con familia
42730,"Hotel económico pero limpio, bonito, cerca del estadio y muy buenas conexiones con el metro y el autobús."
42731,muy buena estancia
42734,BIEN
42735,"Muy bueno, una magnífica ciudad histórica."
42738,excelente valencia es una ciudad hermosa volvería
42739,Genial para una estancia de unos días!
42740,"Es un bonito hotel, a 3 km del centro histórico de Valencia, y muy bien por el precio. quedamos satisfechos"
42745,uno de los mejores hoteles donde me he alojado
42746,con mucho gusto otra vez
42747,totalmente bueno!
42750,Óptimo
42752,quedamos satisfechos
42753,un exitoso viaje de vacaciones en un hotel muy confortable con comodidades de alto nivel. gor lo recomiendo!
42754,valencia apasionante
42755,buena estancia con todos los adornos!
42756,bonita habitación limpia y espaciosa. buenas camas.
42758,limpio y excelente
42759,bueno
42760,"3 noches y 4 días en este hotel donde la acogida es excelente y también la amabilidad del personal, a pesar del check-in."
42761,En general puedo recomendar el dulce hotel renassa.
42764,bonito hotel
42765,estancia agradable
42766,una breve escapada a la ciudad. maravillosa ciudad!
42768,"Buen hotel, buen desayuno, bonita habitación y personal amable."
42769,"Puedo recomendarlo, relación honesta del precio de la habitación."
42770,- .
42771,"Bonito hotel, céntrico."
42776,dormí de maravilla!
42777,buena estructura
42779,estancia muy agradable
42780,"Se lo recomiendo a todos, super servicio y limpieza. administrador útil."
42781,conveniente para una estancia corta
42782,estancia agradable
42783,Buen hotel cerca del estadio de valencia y de los lugares de interés todo bastante cerca.
42784,"El hotel está en una buena ubicación, cerca del centro, de la universidad y del estadio de Mestalla. habitaciones amplias y muy limpias"
42785,"Habitaciones limpias, servicios necesarios disponibles, ubicación en una calle muy transitada."
42786,"personal muy amable, buena limpieza también"
42787,"Genial, céntrico y limpio!"
42788,estancia superior
42793,fue muy bien
42794,Óptimo!!
42796,"genial, muy recomendado"
42797,muy bien
42799,BIEN
42800,gran estancia muchas gracias por su simpatía
42801,graciasaaass!!!
42802,Buen hotel céntrico para un viaje a la ciudad de Valencia.
42805,"En general, ¡la estancia fue agradable!"
42806,estancia maravillosa
42808,Hotel muy bonito cerca de paradas de metro y autobús. A poca distancia del centro antiguo.
42809,bueno
42811,Tuve una estancia agradable y vi muchas cosas. Bicicletas alquiladas en el hotel el último día.
42816,todo está bien
42817,La estancia fue la esperada. El rendimiento de los precios fue bueno.
42818,vale la pena repetir
42819,Perfecto
42820,Tuvimos una estancia maravillosa en este hotel. Se puede acceder fácilmente al centro en bicicleta o a pie.
42821,excelente hotel a un precio estupendo.
42822,Hotel de pequeña escala con habitaciones muy limpias y camas maravillosas.
42823,hotel perfecto para visitar valencia
42824,BIEN
42826,muy buen hotel y bien ubicado
42827,buen hotel para un viaje corto
42830,Definitivamente regresaré
42832,"Fue muy corto, realmente no fue tiempo para visitar la ciudad."
42834,BIEN
42836,bonito hotel
42838,Para nosotros es un muy buen alojamiento. El desayuno es muy bueno en relación calidad-precio.
42841,BIEN
42844,razonable
42845,excelentes vacaciones
42846,hotel perfecto para visitar valencia
42847,experiencia positiva
42848,estancia agradable en una habitación limpia y espaciosa. Definitivamente regresaría.
42852,"El alojamiento era bueno en términos de relación calidad-precio, a pesar de las circunstancias perturbadoras."
42854,calma.
42855,BIEN
42856,muy lindo!
42857,BIEN
42858,BIEN
42859,"Lo pasamos muy bien, nos quedamos con nuestro hijo de un año y medio."
42862,satisfecho con la estancia
42863,Excelente propiedad para una corta estancia en Valencia.
42864,correcto sin mas
42865,natale a valencia
42866,"Por el precio, es probable que encuentre una mejor oferta."
42867,BIEN
42870,playa malvarrosa -
42873,valencia está abierta a grandes tris.
42875,Sin ruedas es definitivamente un hotel que se puede reservar.
42878,BIEN
42880,lo disfruté muchísimo
42881,Sin vistas y sin luz natural
42883,BIEN
42884,ida y vuelta
42885,recreación activa en un bello entorno
42889,Pero el hotel tiene una calificación de 8.
42891,Hotel limpio con bonitas habitaciones y buen desayuno. ¡recomendado!
42894,Gran hotel para un viaje a la ciudad pero mejor reservar sin desayuno.
42896,"Gran estancia, cumpliendo nuestras expectativas."
42899,"Está bien, pero podría ser mejor."
42903,una habitación muy cuidada y buen desayuno.
42904,BIEN
42907,"Hotel ideal para una estancia corta, a unos 7 minutos en coche del casco antiguo."
42909,BIEN
42912,", , , 4 ."
42918,
42919,buena ubicación entre el mar y el centro de la ciudad
42920,BIEN
42922,Ubicación sin infamia y sin elogios. Considerándolo todo cómodo
42923,Todavía tomó un poco para ser perfecto.
42924,BIEN
42925,"Buena relación calidad-precio, habitación espaciosa y muy limpia."
42926,"hermosa, buena estancia, ciudad extraordinaria"
42927,gran base en Valencia
42928,très bien pulgar hacia arriba
42929,buen hotel para un viaje a la ciudad
42932,agradable
42934,"buen hotel, estancia agradable"
42937,fin de semana en valencia
42939,buena estancia en valencia
42940,BIEN
42945,prima
42946,BIEN
42947,estancia positiva
42948,BIEN
42949,hotel muy decente; eficiente y limpio
42950,"buena ubicación de la estructura, fácilmente accesible en autobús, servicio de alquiler de bicicletas, bar, supermercado"
42951,"valencia, hermosa ciudad!"
42952,BIEN
42953,BIEN
42955,BIEN
42956,Bonito hotel en una buena ubicación.
42957,BIEN
42958,BIEN
42960,agradable
42961,Hotel agradable a las afueras del centro.
42962,"En general, la ubicación de la propiedad no es mala."
42963,visita a la nieta
42964,BIEN
42965,BIEN
42966,BIEN
42967,BIEN
42969,bien para mi propósito. visitando a conocidos en Valencia.
42970,Fantástico
42971,Pasamos unos días tranquilos en una excelente ubicación.
42979,Todo está bien aunque sólo el baño necesita mejoras.
42980,dulce hotel
42981,BIEN
42982,BIEN
42983,buena base para una breve escala
42984,Óptimo
42985,bonito hotel limpio
42986,BIEN
42988,buena solución
42990,"Fue una buena estancia, valorada positivamente."
42993,
42994,estratégico
42996,prima hotel
42997,BIEN
43000,Genial para visitar Valencia.
43002,BIEN
43003,excelente estancia
43004,con pequeñas precauciones podrían obtener una puntuación más alta
43007,agradable por una semana máximo
43008,"Volvería a ir allí, nos gustó mucho en general."
43010,excelentes vacaciones.
43013,"La estancia está bien, la ubicación un poco menos, si quieres ir a la ciudad y a la playa tienes que tomar un autobús taxi."
43014,Bonito hotel para un viaje a la ciudad.
43016,una estancia relajante. muy recomendable!
43019,buen
43021,un hotel pequeño y agradable. ideal para visita de trabajo.
43023,¡súper!
43026,maravilloso para pasar unos días en Valencia.
43028,BIEN
43030,estancia perfecta
43033,"Buen establecimiento, tranquilo y relajante."
43037,descentralizado pero conectado
43038,"muy buena experiencia, lo recomiendo!"
43040,aconsejado. precio y ubicación!
43041,Recomendado por ubicación y precio!
43044,BIEN
43045,BIEN
43046,El total coincide con el precio.
43049,"Buen hotel, la limpieza necesita mejorar en detalle."
43050,BIEN
43053,estancia agradable
43054,precio calidad rendimiento es bueno
43055,gracias
43058,estancia corta pero agradable
43059,Considerándolo todo una experiencia positiva con un poco de tolerancia.
43061,BIEN
43062,hotel razonable
43064,BIEN
43066,BIEN
43067,nada especial
43068,Nochevieja en Valencia
43069,BIEN
43070,OK
43071,hotel p ijemn
43072,una estancia agradable. muy centrico
43073,BIEN
43074,3 días en valencia
43076,Valencia ciudad a escala humana
43080,"Bien, pero lástima que no había luz natural en la habitación."
43084,8
43085,BIEN
43086,"Buena ubicación para las universidades, cerca de la ciudad. bonita habitación - con mucho gusto de nuevo."
43087,BIEN
43088,fin de semana en valencia
43089,¡Si vuelvo a Valencia es un excelente punto de referencia para quedarme!
43090,quedarse en valencia
43091,muy positivo
43092,estancia relajante y cultural
43093,"Habitación suite, amplia y acogedora."
43094,buena ubicación y apartamento espacioso
43096,todo bien
43097,¡¡Unas vacaciones cortas pero agradables en Valencia!!
43098,bueno hacerlo de nuevo
43100,OK
43102,"hotel agradable, demasiado ruido de tráfico"
43103,BIEN
43104,BIEN
43107,BIEN
43109,buena estancia a pesar del ruido
43110,personal y hotel muy agradables
43111,Definitivamente regresaría para otras vacaciones.
43114,BIEN
43116,un buen compromiso
43117,bueno
43119,primera vez en valencia
43120,gran estancia
43122,buena ubicación de la habitación
43124,"excelente limpieza y orden, pero ubicación un poco menos..."
43126,"Valencia es enorme, pero con muchos edificios fantásticos y mucha vegetación."
43127,valencia en bicicleta
43129,BIEN
43131,aconsejado
43132,BIEN
43133,Recomiendo el hotel por su excelente ubicación.
43134,¡Bien!
43135,"gran hotel, definitivamente volveremos"
43136,"bien descansado, contento con la experiencia"
43138,en parte gracias a la estancia pasamos unos días fantásticos en Valencia
43139,BIEN
43142,hotel agradable
43144,"no perfecto, pero está bien"
43145,La próxima vez que visitemos Valencia seguiremos teniendo en cuenta la opción de aparcamiento del hotel.
43146,¡Todo estuvo genial!
43147,BIEN
43148,Viaje corto a la ciudad en un buen hotel.
43149,Disfrutamos 9 días allí.
43150,promovido
43151,bonito hotel urbano
43152,gran semana.
43153,BIEN
43154,Excelente hotel en una excelente zona con un buen desayuno.
43155,buen compromiso
43156,BIEN
43157,bello
43158,satisfecho
43163,estancia agradable en un hotel tranquilo y agradable. bien por 3 noches.
43164,cómodo y lindo
43165,fue una muy buena estancia.
43166,BIEN
43167,BIEN
43168,BIEN
43169,viaje para visitar a la familia.
43170,BIEN
43171,hotel cerca del estadio
43172,Agradable y si te gusta la ubicación del hotel estás en buenas manos.
43174,Ubicación conveniente para quienes participan en la media maratón.
43175,BIEN
43176,habitación limpia y dormí bien
43177,BIEN
43178,cómodo y acogedor
43179,"Hotel limpio y moderno con personal amable, pero relativamente caro para las instalaciones disponibles."
43180,BIEN
43181,BIEN
43182,Aceptable pero las habitaciones no están muy bien mantenidas.
43183,BIEN
43185,gracias al personal
43186,relación calidad-precio conveniente con esas 2 cosas adicionales.
43187,BIEN
43189,
43190,BIEN
43191,BIEN
43193,Considerándolo todo una buena estancia.
43194,BIEN
43195,"Alojamiento agradable y moderno, con una ubicación adecuada para el casco antiguo y la costa."
43196,suficiente para un viaje a la ciudad
43198,"La habitación estaba bien, ¡no reserven media pensión!"
43200,en general bien
43201,BIEN
43202,malos accesorios de baño
43204,revisar la limpieza de los baños
43206,BIEN
43208,un hotel muy amigable en una buena ubicación
43209,BIEN
43210,BIEN
43211,mucho ruido por la tarde y por la noche y no es un buen desayuno si llegas más tarde de las 9 a.m.
43212,buena estancia
43213,pequeño hotel en una zona concurrida
43214,BIEN
43215,en orden
43216,Está bien por uno o dos días.
43218,BIEN
43219,bueno para un fin de semana corto
43220,BIEN
43221,BIEN
43222,BIEN
43224,BIEN
43226,¡Está bien para un viaje corto a la ciudad!
43227,"personal excepcional, ubicación hay un problema evidente de insonorización, se oye todo lo que pasa en las habitaciones"
43228,hotel prima basico
43230,BIEN
43231,departamento de hotel moderno renovado
43232,¡El hotel está bien para visitar la ciudad!
43234,todo muy bien
43235,excepcional
43236,excepcional
43237,estancia relajante
43238,excepcional
43239,excepcional
43240,demencia
43241,"Estancia memorable, superó las expectativas."
43242,"una estancia perfecta combinando comodidad, limpieza impecable y excelente relación calidad-precio en las afueras de Valencia."
43243,Ubicación perfecta para una estancia en Valencia.
43244,excepcional
43246,excepcional
43248,excepcional
43249,excepcional
43250,fabuloso
43251,excepcional
43252,excepcional
43253,excepcional
43254,excepcional
43255,Óptimo
43256,excepcional
43257,gran estancia
43258,"estancia agradable en un hotel bien cuidado con excelente calidad-precio, excelente ubicación y cama muy cómoda y limpia"
43259,perfecto lejos del ruido nocturno
43260,excepcional
43261,excepcional
43262,parfait
43263,estancia muy agradable. recomiendo
43264,excepcional
43265,todo muy agradable
43266,excepcional
43267,excepcional
43268,excepcional
43269,excepcional
43270,excepcional
43271,tranquilo y bien comunicado
43272,excepcional
43273,excepcional
43274,excepcional
43275,excepcional
43276,gira en valencia
43277,todo estuvo bien
43278,excepcional
43280,excepcional
43281,excelente
43282,Perfecto en una ubicación perfecta a 500 metros del estadio de fútbol.
43284,excepcional
43285,excepcional
43286,excepcional
43288,excepcional
43289,Estaba satisfecho.
43290,excelente
43291,"Muy buena relación calidad-precio, ve allí, lo recomiendo."
43292,excepcional
43293,excepcional
43294,sin sorpresas
43295,"Nos lo pasamos muy bien aunque esperábamos más, especialmente los monumentos, ya que prácticamente lo tenemos viniendo de Roma."
43296,excepcional
43298,"maravilloso hotel, personal muy servicial y calificado"
43299,yo volveria
43300,".       .                                  , .     .        .            , , ."
43301,excepcional
43302,excepcional
43303,excepcional
43304,excepcional
43305,Estuve muy contento con la elección del hotel. Si volviera a Valencia volvería a reservar en el Hotel Renasa.
43306,excepcional
43307,excelente
43308,aconsejado
43309,excelente lo recomendamos
43310,excepcional
43311,maravilloso
43312,hotel zona universidad valencia
43313,Valencia hermosa ciudad y hotel de apoyo excepcional.
43314,excepcional
43315,excepcional
43316,excepcional
43317,Fue un gran fin de semana en Valencia.
43318,irresponsable y hermosa
43320,excepcional
43321,fantástico
43322,excepcional
43323,cuatro dias en valencia
43324,maravilloso café!!!
43325,muy satisfecho con el alojamiento
43326,excepcional
43327,estancia perfecta! ¡Volvería!
43328,súper
43329,excepcional
43330,una estancia para repetir en el hotel renasa
43331,asombroso
43332,excepcional
43333,excepcional
43334,excepcional
43335,Precioso hotel con una habitación espaciosa y limpia. La playa y el centro son fácilmente accesibles en transporte público.
43336,excelentes acomoda  es.
43337,"Ok, recibí un buen servicio."
43338,Perfecto
43339,excepcional
43340,una estancia muy agradable por la calidad de la acogida del hotel.
43341,excepcional
43342,excepcional
43343,súper
43344,"A pesar de su pésima gestión de reservas, Valencia me gustó mucho."
43345,¡Fue un viaje maravilloso!
43347,No consideraría quedarme otra vez.
43349,"Desayuno muy, muy patético."
43351,aceptable
43352,cena muy pobre. Es inaceptable que no haya capuchino en el desayuno. Faltaban la escobilla y la escobilla del baño en el baño.
43353,sostén
43354,Durante 3 días la estructura ofrece buenos servicios.
43355,no puedes tenerlo todo.
43356,excepcional
43358,excepcional
43359,La estancia habría sido estupenda si la ventana de la habitación no daba al terrible patio.
43360,excepcional
43362,excepcional
43363,excepcional
43365,excelente ubicación
43366,hermosas vacaciones - hotel perfecto - personal muy amable - habitación cómoda - bicicleta de primera
43368,Apto para dos o tres noches.
43369,excepcional
43370,"Quédate aquí, buen precio y limpio con buen precio."
43371,más apariencia que realidad
43372,4 noches octubre 2024
43373,"el personal es muy amable, muy amable y servicial. Una recepcionista en particular nos ayudó mucho y nos dio consejos."
43375,agradable.
43376,más de lo esperado
43378,recomendado para estancias cortas
43379,aceptable
43380,fin de semana en valencia
43381,excepcional
43383,"Vale la pena visitar Valencia para satisfacer la curiosidad, pero España ciertamente tiene ciudades mucho más bellas."
43384,excepcional
43385,5 10
43387,excepcional
43388,¡Si alguna vez volvemos no haremos media pensión!
43391,muy satisfecho...
43392,aceptable
43394,
43395,excepcional
43396,aceptable
43397,excepcional
43398,Viaje corto emocionante y variado.
43400,"agradable, pero ruidoso"
43401,excepcional
43403,justo para pasar dos noches y no hacer demasiada vida en el hotel.
43404,mal
43405,aceptable
43406,"Se escuchaban ruidos muy fuertes, probablemente el agua se escurría de las otras habitaciones..."
43411,"Estancia aceptable pero, por el precio, esperaba algo mejor..."
43415,bueno pero se necesitan mejoras
43416,decepcionante y sucio
43417,aceptable
43418,no seguro
43420,intestino
43421,
43422,El hotel está bien ubicado pero las habitaciones y la comida son normales.
43423,estancia agradable
43425,muy mal
43426,aceptable
43427,"sólo tránsito, sin demasiadas reclamaciones, aunque el precio no es razonable"
43429,El rendimiento del precio no valió la pena. Pude quedarme en mejores hoteles pagando un poco más.
43431,nunca más
43432,bueno pero no genial
43434,aceptable
43435,Ya vamos y muchos buenos invitados. el precio no coincide con la calidad del mismo.
43436,Excelente ubicación pero un hotel con varias deficiencias en servicio e instalaciones.
43438,mal
43439,Sin duda consideraremos una estructura diferente cuando regresemos.
43440,aceptable
43442,Casi está bien si planeas no estar en la habitación durante el día.
43443,"En general, un hotel muy bonito en una zona tranquila y con buenas conexiones con la ciudad y la playa."
43445,mala calidad. ¡Evita la media pensión!
43447,"No volvería a reservar este hotel, la relación precio/rendimiento no es la adecuada"
43449,aceptable
43452,bueno pero no genial
43453,mal
43454,bonito hotel para una estancia corta
43456,aceptable
43457,No lo recomiendo a menos que tengas un presupuesto limitado.
43459,aceptable
43460,aceptable
43461,no es rentable
43462,ruidoso e incómodo
43464,decepcionado de toda la ciudad
43466,Está bien para una noche en tránsito.
43468,"El hotel está convenientemente ubicado, el personal es servicial y el restaurante es económico."
43471,No volvería a elegir este hotel
43472,"falla en lo fundamental para un hotel, hacer dormir a los huéspedes."
43473,valencia hermosa
43474,mala experiencia
43475,aceptable
43476,
43477,bof
43479,La estructura está ubicada dentro de un condominio. por lo que tiene los dos primeros pisos después de los cuales hay departamentos. a nosotros c
43480,Mi peor estancia
43481,aceptable
43482,buena ubicación. Lamentablemente no es mi experiencia.
43483,", 3 ."
43484,prácticamente acostumbrado a
43485,¡Cuidado con los estafadores!
43486,aceptable
43487,tema niños no queda suficientemente claro
43488,Habitación con vista a los aires acondicionados del edificio.
43489,realmente no es genial
43490,pésimo
43491,aceptable
43492,aceptable
43493,muy por debajo del precio pagado
43494,mal
43495,Habitaciones grandes pero muy ruidosas: ruido constante de la calle.
43497,muy mal
43499,"Se debe evitar absolutamente el aparcamiento de motos, 42 euros por día en lugar de 16 como está escrito en el sitio."
43500,No lo recomiendo para nada especialmente por el precio pagado.
43501,desagradable
43502,no hay luz natural en la habitación
43504,BIEN
43506,¡¡discreto!!
43507,Absolutamente recomendado para un viaje corto.
43509,establecimiento decente para unos días en zaragoza
43510,arriba
43535,BIEN
43543,BIEN
43627,BIEN
43628,BIEN
43669,BIEN
43672,BIEN
43673,BIEN
43687,BIEN
43689,BIEN
43690,BIEN
43700,BIEN
43705,BIEN
43706,BIEN
43722,BIEN
43725,BIEN
43732,BIEN
43739,BIEN
43741,BIEN
43743,BIEN
43750,BIEN
43756,BIEN
43769,BIEN
43772,BIEN
43782,BIEN
43793,BIEN
43794,BIEN
43796,BIEN
43801,BIEN
43805,BIEN
43806,BIEN
43809,BIEN
43812,BIEN
43814,BIEN
43823,BIEN
43830,BIEN
43832,BIEN
43835,BIEN
43837,BIEN
43845,BIEN
43849,BIEN
43851,BIEN
43862,BIEN
43870,BIEN
43873,BIEN
43883,BIEN
43888,BIEN
43896,BIEN
43898,BIEN
43900,BIEN
43910,BIEN
43912,BIEN
43915,BIEN
43920,BIEN
43927,BIEN
43936,BIEN
43939,BIEN
43942,BIEN
43952,BIEN
43956,BIEN
43960,BIEN
43961,BIEN
43969,BIEN
43980,BIEN
43983,BIEN
43985,BIEN
43986,BIEN
43988,BIEN
43991,BIEN
43992,BIEN
43993,BIEN
43994,BIEN
43996,BIEN
43998,BIEN
44000,BIEN
44001,BIEN
44002,BIEN
44008,BIEN
44012,BIEN
44014,BIEN
44015,BIEN
44018,BIEN
44020,BIEN
44022,BIEN
44023,BIEN
44026,BIEN
44027,BIEN
44029,BIEN
44033,BIEN
44039,BIEN
44049,BIEN
44050,BIEN
44051,excepcional
44052,excepcional
44053,excepcional
44054,excepcional
44055,excepcional
44056,excepcional
44057,excepcional
44058,excepcional
44059,excepcional
44060,excepcional
44061,excepcional
44062,excepcional
44063,excepcional
44064,genial
44065,excepcional
44066,excepcional
44067,excepcional
44068,excepcional
44069,excepcional
44070,excepcional
44071,excepcional
44072,excepcional
44073,excepcional
44074,excepcional
44075,excepcional
44076,excepcional
44077,excepcional
44078,excepcional
44079,excepcional
44080,excepcional
44081,excepcional
44082,excepcional
44083,excepcional
44084,excepcional
44085,excepcional
44086,excepcional
44087,excepcional
44088,excepcional
44089,excepcional
44090,excepcional
44091,excepcional
44092,excepcional
44093,excepcional
44094,excepcional
44095,excepcional
44096,excepcional
44097,maravillosa
44098,excepcional
44099,excepcional
44100,BIEN
44101,excepcional
44102,excepcional
44103,excepcional
44104,excepcional
44105,excepcional
44106,excepcional
44107,excepcional
44108,excepcional
44109,excepcional
44110,excepcional
44111,excepcional
44112,excepcional
44113,excepcional
44114,excepcional
44115,excepcional
44116,excepcional
44117,excepcional
44118,excepcional
44119,excepcional
44120,excepcional
44121,excepcional
44122,excepcional
44123,excepcional
44124,excepcional
44125,excepcional
44126,excepcional
44127,excepcional
44128,excepcional
44129,excepcional
44130,excepcional
44131,excepcional
44132,excepcional
44133,excepcional
44134,excepcional
44135,excepcional
44136,excepcional
44137,excepcional
44138,excepcional
44139,excepcional
44140,excepcional
44141,excepcional
44142,excepcional
44143,excepcional
44144,excelente
44145,excepcional
44146,excepcional
44147,excepcional
44148,excepcional
44149,excepcional
44150,excepcional
44151,excepcional
44152,excepcional
44153,excepcional
44154,excepcional
44155,excepcional
44156,excepcional
44157,excepcional
44158,excepcional
44159,excepcional
44160,excepcional
44161,excepcional
44162,excepcional
44163,excepcional
44164,excepcional
44165,excepcional
44166,excepcional
44167,excepcional
44168,excepcional
44169,excepcional
44170,excepcional
44171,excepcional
44172,excepcional
44173,excepcional
44174,excepcional
44175,excepcional
44176,excepcional
44177,excepcional
44178,excepcional
44179,excepcional
44180,excepcional
44181,excepcional
44182,excepcional
44183,excepcional
44184,excepcional
44185,excepcional
44186,excepcional
44187,excepcional
44188,excepcional
44189,excepcional
44190,excepcional
44191,excepcional
44192,excepcional
44193,excepcional
44194,excepcional
44195,excepcional
44196,excepcional
44197,perfecto
44198,excepcional
44199,excepcional
44200,excepcional
44201,excepcional
44202,excepcional
44203,excepcional
44204,excepcional
44205,excepcional
44206,excepcional
44207,excepcional
44208,excepcional
44209,excepcional
44210,excepcional
44211,excepcional
44212,excepcional
44213,excepcional
44214,excepcional
44215,excepcional
44216,excepcional
44217,excepcional
44218,excepcional
44219,excepcional
44220,excepcional
44221,excepcional
44222,excepcional
44223,amabilidad
44224,excepcional
44225,excepcional
44226,excepcional
44227,excepcional
44228,excepcional
44229,excepcional
44231,excepcional
44232,excepcional
44233,excepcional
44234,excepcional
44235,excepcional
44236,excepcional
44237,excepcional
44238,excepcional
44239,excepcional
44240,excepcional
44242,excepcional
44243,excepcional
44244,excepcional
44246,excepcional
44248,excepcional
44249,excepcional
44250,excepcional
44251,excepcional
44252,excepcional
44253,excepcional
44254,excepcional
44255,excepcional
44256,excepcional
44257,excepcional
44259,excepcional
44261,mal
44262,excepcional
44263,excepcional
44264,excepcional
44265,excepcional
44266,aceptable
44267,excepcional
44269,excepcional
44270,excepcional
44273,excepcional
44274,excepcional
44277,excepcional
44278,excepcional
44279,excepcional
44280,excepcional
44282,mal
44284,mal
44285,excepcional
44290,excepcional
44292,mal
44295,mal
44298,excepcional
44303,aceptable
44305,aceptable
44310,aceptable
44312,excepcional
44313,aceptable
44314,excepcional
44315,aceptable
44316,aceptable
44317,muy mal
44318,aceptable
44319,pésimo
44320,aceptable
44321,pésimo
44323,muy mal
44325,aceptable
44328,pésimo
44331,aceptable
44332,excepcional
44333,excepcional
44334,excepcional
44337,excepcional
44342,excepcional
44343,excepcional
44344,excepcional
44345,excepcional
44350,BIEN
44358,"Habitación y camas cómodas, personal limpio, tranquilo y amable. Excelente ubicación para nosotros."
44374,BIEN
44414,BIEN
44418,BIEN
44423,BIEN
44426,BIEN
44429,BIEN
44434,BIEN
44436,BIEN
44442,BIEN
44444,BIEN
44448,BIEN
44462,BIEN
44463,BIEN
44464,BIEN
44465,BIEN
44469,BIEN
44471,BIEN
44472,BIEN
44477,BIEN
44480,excepcional
44481,excepcional
44482,excepcional
44483,excepcional
44484,excepcional
44485,excepcional
44486,excepcional
44487,excepcional
44488,excepcional
44489,excepcional
44490,excepcional
44491,excepcional
44492,excepcional
44494,excepcional
44495,excepcional
44496,excepcional
44497,excepcional
44498,excepcional
44499,excepcional
44500,excepcional
44501,excepcional
44502,excepcional
44503,excepcional
44504,excepcional
44505,excepcional
44506,excepcional
44508,excepcional
44509,excepcional
44510,excepcional
44511,excepcional
44512,excepcional
44513,excepcional
44514,excepcional
44515,excepcional
44516,excepcional
44517,excepcional
44518,excepcional
44519,excepcional
44520,excepcional
44521,excepcional
44522,excepcional
44524,aceptable
44526,excepcional
44527,excepcional
44528,excepcional
44529,excepcional
44530,excepcional
44532,excepcional
44533,aceptable
44540,excepcional
44542,aceptable
44547,mal
44549,mal
44551,aceptable
44553,pésimo
44555,¡Fue tan terrible! no pude dormir...
44556,excepcional
44557,aceptable
44558,excepcional
44559,excepcional
44562,excepcional
44563,excepcional
44564,excepcional
44565,excepcional
44572,BIEN
44578,BIEN
44579,BIEN
44580,BIEN
44583,BIEN
44586,BIEN
44589,súper
44600,BIEN
44601,BIEN
44602,BIEN
44632,BIEN
44678,BIEN
44679,BIEN
44687,"muy buena estancia, uno de los mejores hoteles de 3 estrellas que he descubierto"
44700,BIEN
44708,BIEN
44712,BIEN
44733,aconsejado
44739,BIEN
44745,BIEN
44748,BIEN
44749,BIEN
44752,BIEN
44753,BIEN
44762,BIEN
44763,BIEN
44765,BIEN
44767,BIEN
44768,BIEN
44771,BIEN
44783,BIEN
44789,BIEN
44791,BIEN
44792,BIEN
44793,BIEN
44796,BIEN
44803,BIEN
44828,BIEN
44835,BIEN
44844,BIEN
44854,BIEN
44871,maravilloso
44876,BIEN
44881,BIEN
44886,BIEN
44895,BIEN
44899,BIEN
44900,BIEN
44904,BIEN
44905,BIEN
44907,BIEN
44911,BIEN
44912,BIEN
44914,BIEN
44916,BIEN
44934,BIEN
44937,BIEN
44938,"Debido a la posición algo descentralizada, quizás el precio sea un poco alto. de todos modos lo pasamos bien"
44940,BIEN
44942,BIEN
44958,el hotel cumplió mis expectativas
44963,BIEN
44964,BIEN
44966,BIEN
44967,BIEN
44970,BIEN
44971,"Bonita habitación pero difícil aparcamiento, personal cortés."
44972,BIEN
44973,BIEN
44975,BIEN
44976,BIEN
44978,BIEN
44983,BIEN
44990,BIEN
44994,BIEN
44995,BIEN
44996,BIEN
44997,"Excepto que me robaron la billetera, todo fue hermoso."
44998,BIEN
45003,BIEN
45004,BIEN
45008,BIEN
45009,BIEN
45012,BIEN
45013,BIEN
45014,BIEN
45018,BIEN
45024,BIEN
45034,BIEN
45035,Todo bien
45037,BIEN
45039,BIEN
45043,BIEN
45051,BIEN
45057,BIEN
45063,BIEN
45064,BIEN
45065,cómodo en una zona tranquila y bien comunicada
45068,BIEN
45070,BIEN
45076,BIEN
45077,BIEN
45079,BIEN
45086,BIEN
45088,BIEN
45095,BIEN
45097,BIEN
45098,BIEN
45100,BIEN
45104,BIEN
45105,BIEN
45109,BIEN
45111,BIEN
45117,BIEN
45119,BIEN
45122,BIEN
45127,BIEN
45135,BIEN
45138,BIEN
45140,BIEN
45141,BIEN
45143,BIEN
45144,BIEN
45145,BIEN
45146,BIEN
45147,BIEN
45148,BIEN
45151,BIEN
45152,BIEN
45158,BIEN
45161,BIEN
45162,BIEN
45165,BIEN
45166,BIEN
45168,BIEN
45170,BIEN
45171,BIEN
45173,BIEN
45174,BIEN
45178,BIEN
45179,BIEN
45180,BIEN
45182,BIEN
45186,BIEN
45192,BIEN
45193,BIEN
45196,excepcional
45197,excepcional
45198,excepcional
45199,excepcional
45200,excepcional
45201,"Conveniente para visitar Valencia, limpio, personal muy amable y la habitación completa con todas las comodidades."
45202,excepcional
45203,excepcional
45204,excepcional
45205,excepcional
45206,excepcional
45207,excepcional
45208,excepcional
45209,excepcional
45210,excepcional
45211,excepcional
45212,excepcional
45213,excepcional
45214,excepcional
45215,excepcional
45216,excepcional
45217,excepcional
45218,excepcional
45219,excepcional
45220,excepcional
45221,excepcional
45222,excepcional
45223,excepcional
45224,excepcional
45225,excepcional
45226,excepcional
45227,excepcional
45228,excepcional
45229,excepcional
45230,excepcional
45231,excepcional
45233,excepcional
45234,excepcional
45235,excepcional
45236,excepcional
45237,excepcional
45238,instalaciones magníficas y situación genial
45239,excepcional
45240,excepcional
45241,excepcional
45242,excepcional
45243,excepcional
45244,excepcional
45245,excepcional
45246,excepcional
45247,excepcional
45248,excepcional
45249,excepcional
45250,excepcional
45251,excepcional
45252,excepcional
45253,excepcional
45254,A la mañana siguiente iniciamos el recorrido en bicicleta. El hotel guardó mi caja de bicicletas durante 2 semanas sin ningún problema.
45255,excepcional
45256,excepcional
45257,excepcional
45258,excepcional
45259,excepcional
45260,excepcional
45261,excepcional
45262,excepcional
45263,excepcional
45264,excepcional
45265,excepcional
45266,excepcional
45267,excepcional
45268,excepcional
45269,excepcional
45270,excepcional
45271,excepcional
45272,excepcional
45273,excepcional
45274,excepcional
45275,excepcional
45276,excepcional
45277,excepcional
45278,excepcional
45279,excepcional
45280,excepcional
45281,excepcional
45282,excepcional
45283,excepcional
45284,excepcional
45285,excepcional
45286,excepcional
45287,excepcional
45288,excepcional
45290,excepcional
45291,excepcional
45292,excepcional
45293,excepcional
45294,excepcional
45295,excepcional
45297,excepcional
45298,excepcional
45299,excepcional
45300,excepcional
45301,excepcional
45302,excepcional
45303,excepcional
45304,excepcional
45305,excepcional
45306,excepcional
45307,excepcional
45308,excepcional
45309,excepcional
45310,excepcional
45311,excepcional
45312,excepcional
45313,excepcional
45314,excepcional
45315,excepcional
45316,excepcional
45317,excepcional
45318,excepcional
45319,excepcional
45320,excepcional
45321,excepcional
45322,excepcional
45323,excepcional
45324,excepcional
45325,excepcional
45326,excepcional
45327,excepcional
45328,excepcional
45329,excepcional
45330,excepcional
45331,excepcional
45332,excepcional
45333,excepcional
45334,excepcional
45335,excepcional
45336,excepcional
45337,excepcional
45338,excepcional
45339,excepcional
45340,excepcional
45341,excepcional
45342,excepcional
45343,excepcional
45344,excepcional
45345,excepcional
45346,excepcional
45347,excepcional
45348,excepcional
45349,excepcional
45350,excepcional
45351,excepcional
45352,excepcional
45353,excepcional
45354,excepcional
45355,"Nos dieron una junior suite de reemplazo ya que nuestra habitación tenía una falla, ¡excelente servicio!"
45356,excepcional
45357,excepcional
45358,excepcional
45359,excepcional
45360,excepcional
45361,excepcional
45362,excepcional
45363,excepcional
45364,excepcional
45366,excepcional
45367,agradable
45368,excepcional
45369,excepcional
45370,aceptable
45371,excepcional
45373,excepcional
45374,excepcional
45376,excepcional
45379,aceptable
45380,excepcional
45382,excepcional
45384,excepcional
45386,excepcional
45387,excepcional
45389,excepcional
45392,excepcional
45393,excepcional
45397,excepcional
45399,excepcional
45400,"Bueno, excepto que la habitación carece de luz solar y vistas al exterior."
45401,excepcional
45402,excepcional
45403,aceptable
45405,excepcional
45406,aceptable
45409,excepcional
45410,aceptable
45414,excepcional
45416,excepcional
45417,excepcional
45419,agradable
45420,excepcional
45421,aceptable
45422,aceptable
45425,aceptable
45426,excepcional
45427,aceptable
45435,excepcional
45439,aceptable
45441,aceptable
45442,aceptable
45444,aceptable
45445,aceptable
45450,pésimo
45453,pésimo
45455,aceptable
45457,aceptable
45459,pésimo
45462,pésimo
45463,excepcional
45464,excepcional
45465,excepcional
45467,excepcional
45473,BIEN
45474,BIEN
45475,BIEN
45477,excepcional
45478,excepcional
45479,excepcional
45484,excepcional
45485,excepcional
45486,excepcional
45492,excelente
45496,excepcional
45499,excepcional
45501,excepcional
45502,excepcional
45503,excepcional
45504,excelente
45505,excepcional
45506,buen hotel
45515,estancia perfecta
45521,excepcional
45522,breve pero colmada estancia.
45526,excepcional
45527,mal servicio internet
45534,hotel elegante en valencia
45536,excepcional
45537,excelente
45538,excepcional
45541,excepcional
45543,recomendado
45544,excepcional
45545,aparcamiento
45552,excepcional
45553,excepcional
45554,excepcional
45556,comodidad
45558,a gusto
45564,excepcional
45570,excepcional
45571,excepcional
45572,excepcional
45573,excepcional
45574,excepcional
45575,perfecta
45578,excepcional
45579,bonito
45584,buen hotel
45588,excepcional
45589,excepcional
45594,excepcional
45595,excepcional
45596,excepcional
45597,excelente
45599,para repetir
45600,excepcional
45604,excepcional
45606,sin duda volveré!
45607,volveremos seguro!
45608,para repetir
45609,excepcional
45610,ideal
45611,excepcional
45613,excepcional
45616,excepcional
45618,excelente
45622,excepcional
45625,¡genial!
45627,muy agradable
45628,noche en valencia
45631,cómodo
45635,excepcional
45636,"gran estancia, buen hotel"
45640,excepcional
45642,excelente servicio de media pensiòn
45645,excepcional
45646,escapada a valencia
45647,buen hotel.
45648,excepcional
45649,excepcional
45651,excepcional
45653,excepcional
45654,excepcional
45655,excepcional
45656,perfecta estancia
45657,excelente hotel
45663,excepcional
45667,relajarse
45668,excepcional
45671,excepcional
45676,perfecta
45677,excelente
45679,excepcional
45680,insuperable
45683,excepcional
45686,excepcional
45689,genial parking
45692,gran hotel en valencia.
45698,excelente
45700,excepcional
45702,referente
45705,excepcional
45706,genial
45709,excepcional
45710,excepcional
45712,expectacular
45716,para repetir!
45720,excepcional
45721,excelente
45722,excepcional
45724,excepcional
45727,perfecto
45732,volveremos sin duda
45733,excepcional
45734,excepcional
45735,para repetir
45737,suite de lujo
45740,excepcional
45743,genial
45746,excepcional
45752,excepcional
45753,excepcional
45758,excepcional
45760,excepcional
45762,excepcional
45765,excepcional
45769,excepcional
45770,hotel acogedor
45771,excepcional
45773,excepcional
45774,bueno
45775,excepcional
45777,excepcional
45778,perfecta
45780,genial
45781,excepcional
45786,perfecto
45788,excepcional
45798,excepcional
45799,excepcional
45807,excepcional
45811,excepcional
45819,genial
45825,excepcional
45840,buen hotel
45842,volveremos
45860,fallas
45865,excepcional
45866,cumple expectativas!
45867,bueno
45872,excepcional
45876,viaje a la ciudad
45883,casi todo bueno
45884,excepcional
45890,excepcional
45896,BIEN.
45900,estancia perfecta
45901,excepcional
45904,excepcional
45906,excepcional
45937,BIEN
45938,excepcional
45965,aceptable
45968,aceptable
45980,acogedora
45991,BIEN
45992,personal excelente
45995,muy satisfactoria
46001,excepcional
46002,perfecta
46011,excelente
46018,mejorable
46020,cómodo
46026,excepcional
46028,excepcional
46029,fin de semana genial en valencia
46031,buen hotel
46035,perfecto
46038,excepcional
46044,excepcional
46045,genial
46046,excepcional
46054,excepcional
46058,satisfactoria
46063,bastante bien
46082,feliz
46083,excepcional
46090,viaje en pareja
46093,BIEN
46094,BIEN
46096,BIEN
46098,BIEN
46101,BIEN
46102,aceptable
46103,BIEN
46105,BIEN
46106,BIEN
46108,BIEN
46110,BIEN
46111,BIEN
46113,excelente
46115,BIEN
46116,aceptable
46118,visita valencia
46120,bueno
46121,Valencia
46125,BIEN
46126,aceptable
46127,BIEN
46129,BIEN
46133,BIEN
46134,BIEN
46136,para dormir bien
46138,muy bien en general.
46139,BIEN
46140,BIEN
46142,BIEN
46143,aceptable
46144,BIEN
46145,BIEN
46149,buen hotel
46150,BIEN
46151,BIEN
46153,aceptable
46155,BIEN
46157,aceptable
46164,aceptable
46166,BIEN
46168,BIEN
46171,BIEN
46172,aceptable
46174,BIEN
46176,BIEN
46178,BIEN
46179,BIEN
46180,no repetire!
46181,BIEN
46183,compensando
46188,personal genial hotel regular
46190,BIEN
46191,no volvería
46193,pacífico
46194,mal
46197,BIEN
46198,necesita reforma
46202,BIEN
46203,mejorable
46205,mejorable.
46207,BIEN
46208,insuficiente
46209,no repetible
46210,sin grandes lujos
46214,normal
46215,aceptable
46216,BIEN
46218,BIEN
46219,aceptable
46220,se podria mejorar ....
46222,BIEN
46223,BIEN
46225,BIEN
46228,BIEN
46229,aceptable
46230,BIEN
46231,normalito
46232,sin mas .
46234,BIEN
46235,aceptable
46236,BIEN
46239,aceptable
46241,pésimo
46242,normal
46243,mal
46244,no cumple expectativas
46245,valencia es bonita me gusto
46254,aceptable
46255,pésimo
46259,normal
46260,les sobra una estrella
46262,pésimo
46265,aceptable
46266,si pero no
46267,BIEN
46269,excepcional
46271,muy mal
46273,¡¡asombroso!!
46274,opción perfecta para una escapada de fin de semana en valencia
46275,La estancia te dejará buenos recuerdos.
46276,excepcional
46278,gran relación calidad-precio
46279,feliz de quedarme allí de nuevo
46280,"Quédese para ver el Valencia v Real Madrid, cerca del lugar. Pensé que el hotel en sí tenía una buena relación calidad-precio."
46282,excepcional
46283,base cómoda para hacer turismo
46284,"Limpio, buena variedad de alimentos, cama cómoda, personal amable."
46285,¡el hotel es una buena elección!
46286,gran estancia con algunos comentarios menores
46287,un hotel muy bonito
46288,gran hotel
46289,Volveré a Valencia el próximo abril y volveré a reservar Silken Puerta.
46290,"Ubicación limpia, moderna y céntrica entre la playa y las torres serranos."
46291,gran estancia. Recomendaría altamente este hotel.
46293,un gran lugar para alojarse y fácil de viajar a la antigua
46294,buena opción para alojarse en valencia
46295,excepcional
46296,En general califico muy bien el servicio y el hotel y lo recomiendo.
46297,excepcional
46298,¡Vale la pena alojarse en un buen hotel!
46299,excelente estancia
46300,Fue un lugar realmente agradable y relajante para estar.
46301,Tuvimos una experiencia muy agradable con la ubicación y el personal fue realmente amable y servicial.
46302,excepcional
46303,excepcional
46304,"Valencia es una ciudad preciosa, sin duda volveré y no dudaría en volver a reservar este hotel."
46305,excelente ubicación en un hotel de alta gama
46306,Estancia perfecta para una familia con 2 niños pequeños.
46307,"Bonito hotel, nuevo y limpio."
46308,encantador hotel con buenas instalaciones
46309,personal muy servicial
46310,estancia fantástica! Se lo recomendaría a cualquiera que busque un hotel en Valencia.
46311,excepcional
46312,recomendaría el hotel
46313,Hotel muy recomendable para estancias cortas o largas.
46314,excepcional
46316,fue genial para mis necesidades
46317,Muy buena relación calidad-precio a 25 minutos a pie de la ciudad.
46318,viaje de trabajo
46320,gran estancia en valencia
46322,muy limpio y cómodo. personal amable. servicio excepcional.
46323,encantador hotel
46324,"Me quedé una vez, estuvo bien, pero probablemente no otra vez."
46325,excepcional
46326,buena ubicación para opciones
46327,razonable.
46328,"¡Disfruté caminando por el parque Túria, así como por los museos y las playas!"
46329,excepcional
46330,excepcional
46331,estancia perfecta:
46332,excepcional
46333,todo lo que necesitas para unas vacaciones cómodas
46334,excepcional
46335,muy buen lugar para quedarse
46336,hotel confortable con personal agradable cerca de los servicios
46338,gran alojamiento
46339,Bonito hotel urbano con buen acceso al transporte público.
46340,perfecto
46341,hotel de gran valor
46343,excepcional
46344,excelente
46346,excelente
46348,excepcional
46349,Lo pasé muy bien. esperando nuestra próxima visita
46350,gran salón
46351,"buen hotel, me alojaría de nuevo"
46352,¡una estancia cómoda!
46353,estancia recomendada en valencia
46354,Excelente y me encantó nuestra terraza junto al dormitorio.
46355,excepcional
46356,excepcional
46357,excepcional
46358,el mejor hotel de valencia!!!!
46359,"Personal cómodo, limpio y amable."
46360,¡¡¡Vale la pena tu tiempo!!!!!
46362,gran momento
46363,es genial. relación calidad-precio y más. personal maravilloso. excelente desayuno perfecto. tan limpio.
46364,Mi hijo y yo tuvimos una estancia de lo más agradable. La amabilidad y amabilidad de todo el personal nos hicieron sentir muy bienvenidos. si
46365,muy genial
46366,excepcional
46367,excelente
46368,Excelente si quieres visitar la casa de valencia.
46369,"fantástico hotel, no puedo recomendar lo suficiente"
46371,"Buen hotel, mejor para trabajo que para turismo."
46372,hotel de buena calidad en excelente ubicación
46373,maravillosa experiencia en un maravilloso hotel
46374,excelente en lo principal.
46375,excepcional
46376,excelente ubicación
46377,"Si vas a Valencia, quédate en este hotel."
46378,"El personal es muy amable y servicial, el hotel es limpio y cómodo, muy recomendable para una estancia corta."
46379,excepcional
46380,"Mi habitación estaba muy limpia y era espaciosa, con terraza y también había una amplia variedad para el desayuno, ubicación perfecta cerca."
46381,hotel de primera clase
46382,hotel perfecto para la media maratón de valencia
46383,"buena ubicación, personal amable, cómodo"
46384,excelente servicio. Un montón de opciones para el desayuno y excelentes cenas. muy buenos precios para un hotel de 4 estrellas
46385,habitación muy cómoda y limpia. Personal amable y fácil ubicación para el metro.
46386,gran estancia en valencia
46387,conversación y fácil acceso
46388,un gran lugar para alojarse en valencia. Estoy deseando volver a alojarme allí en cara sonriente 13 9 2023
46389,me quedaría de nuevo
46390,excepcional
46391,"elegante, hermosa, ¡te remake!"
46393,"excelente ubicación, limpio y cómodo"
46395,gran hotel
46398,excepcional
46399,Gran lugar para alojarse durante una escapada a la ciudad de Valencia.
46400,ideal para alojarse en el corazón de valencia
46401,excepcional
46402,tan bueno como puede ser.
46403,Disfruté de la ciudad. a poca distancia del centro.
46404,Bueno pero por debajo de las expectativas.
46407,precio y servicio mejor compra
46410,"OK. bueno para estancias cortas de negocios. le falta ese algo especial, identidad, calidez."
46412,tan bueno como se esperaba.
46413,Una buena elección sobre todo si vas a Mestalla.
46416,estancia muy agradable y confortable
46417,elección perfecta para un fin de semana largo
46419,lindo
46421,estancia agradable en el centro de valencia
46422,solo falta un hervidor en la habitación
46424,hotel confortable en buena ubicación
46425,Excelente ubicación y hotel muy agradable.
46426,bonito hotel
46430,hemos estado muy bien
46431,una gran opción de alojamiento
46432,bonito hotel y personal amable
46433,"lugar encantador, personal excelente, en general, un gran lugar para estar si quieres estar en el medio de todo, todo fue"
46437,"Estancia cómoda, cerca de la mayoría de las cosas."
46440,muy bien
46444,bonito hotel en buena ubicación
46445,Hotel estándar 4 relativamente cerca del centro de la ciudad.
46447,Bonito hotel bien gestionado pero el wifi es muy lento.
46450,estancia agradable en una buena ubicación.
46452,Esta es una gran opción para quienes tienen un automóvil.
46455,agradable estancia en seda
46457,"El hotel en sí: muy buena ubicación, fácil de llegar a todas partes. El personal de recepción es muy servicial."
46459,"gran estancia, gran personal."
46460,"valencia tiene mucho que ver un día no es suficiente. El casco antiguo era un buen paseo, no nos importó caminar."
46461,"Estancia encantadora en términos de habitación, aunque las opciones vegetarianas son limitadas."
46462,Ubicación ideal para explorar Valencia.
46463,"Buen hotel, me gustó todo."
46465,bien
46466,excepcional
46467,repetiría mi estancia
46468,hotel bonito y bien ubicado
46469,"muy limpio y tranquilo, ¡simplemente haga su propia investigación sobre los eventos en la ciudad y lo que quiere ver y cómo llegar allí!"
46470,fue maravilloso.
46472,bonito lugar
46473,"Excelente hotel y desayuno, pero no hay instalaciones para preparar té y café."
46476,"muy cerca del estadio de fútbol de valencia, camas cómodas, personal limpio y profesional"
46477,una estancia muy agradable
46478,El hotel está ubicado dentro de la ciudad y el transporte público es de fácil acceso. todo lo que necesitas como restaurantes o comida
46479,Lugar cómodo para pasar unos días en valencia.
46481,"en general, muy bueno"
46482,turístico
46483,"Vale, repetiría"
46484,"Solo estuve 2 noches al final de un viaje de quince días, fácil acceso a la playa y a la ciudad."
46486,"Bonito hotel, lástima de la carretera."
46489,La ubicación del hotel es muy buena cerca del casco antiguo.
46490,"gran ducha, a poca distancia del centro de la ciudad"
46491,excelente ubicación e instalaciones
46493,¡Nos ha encantado Valencia y ahora también nos encanta Silken Puerta!
46496,muy bien . Sentimos que estaba un poco lejos pero fue culpa nuestra.
46499,una estancia agradable en una ciudad encantadora. habitaciones limpias personal amable comedor lleno de gente poca variedad de comida
46500,muy agradable lo recomiendo
46501,excelente ubicación en la ciudad
46502,"Bonito, limpio, cómodo pero con algunos cargos ocultos."
46505,"una visita emocionante a las fallas y un hotel bueno, limpio y bien situado."
46509,regular
46510,BIEN
46511,BIEN
46512,BIEN
46513,"Estancia agradable en general, pero no ideal para tomar una copa."
46514,BIEN
46515,"Buena relación calidad-precio, buen aire acondicionado en verano, la habitación siempre estaba fría. un poco anticuado, pero no era algo realmente b"
46516,BIEN
46517,cómodas y limpias habitaciones con aire acondicionado
46518,"Hotel encantador, habitación maloliente."
46519,BIEN
46521,perfecto excepto por las camas
46522,bien para una estancia corta
46523,BIEN
46524,hotel confortable con personal amable
46525,cómodo pero sin personalización
46526,BIEN
46527,BIEN
46528,"Una buena base cómoda, pero no nos iluminó el mundo."
46529,BIEN
46530,"Limpio, cómodo pero sufría el ruido de la carretera desde las habitaciones que dan al frente debido al tráfico en la calle."
46531,"Camas cómodas, habitación limpia y baño estupendo, un poco ruidoso por el tráfico, aunque sea incapaz."
46532,"Buena opción para valencia, pero no está cerca de las principales atracciones."
46533,BIEN
46534,"Alojamiento económico y práctico para una o dos noches, nada especial pero nada malo."
46535,decepcionante
46536,agradable estancia
46537,"personal amable, buena ubicación."
46540,un bonito hotel urbano sin el conocimiento de Benidorm
46541,agradable
46542,BIEN
46543,no volvería
46544,BIEN
46545,demasiado caro y decepcionante para lo que es un 4 estrellas.
46546,BIEN
46547,BIEN
46549,hotel a muralla distancia de los museos
46552,El hombre de recepción no era profesional.
46553,Disfruté muchísimo del parque de las artes y las ciencias. gran escapada a la ciudad!
46555,horrible
46556,aceptable
46557,BIEN
46558,huele a cigarrillo de discoteca por todas partes
46561,muy decepcionante.
46562,bien pero no inolvidable
46563,BIEN
46564,aceptable
46565,no es nivel de 4 estrellas
46566,aceptable
46567,útil sólo para una estancia
46568,decepcionado después de leer otras críticas antes de reservar.
46569,BIEN
46570,BIEN
46571,"algunos puntos buenos, algunos malos"
46572,potencial desperdiciado
46573,solo la ubicacion es buena
46574,BIEN
46575,gran hotel con gran personal
46576,buena estancia
46577,nunca más te quedes allí
46578,3 noches sin dormir por el ruido
46579,Buena ubicación pero recepción poco profesional y habitación ruidosa.
46580,¡Evita como la peste las habitaciones con terraza!
46581,BIEN
46583,"Demasiado lejos del centro, cerca de la ciudad de las artes y las ciencias. limpio . muy buen desayuno"
46584,aceptable
46585,"horrible, no te quedes aquí"
46586,¡No es lo suficientemente sedoso para este viajero!
46587,no vale la pena el dinero
46588,"Mal hotel, no te quedes allí. ve a buscar otro hotel"
46589,"Hotel viejo, sucio y sin equipamiento."
46590,aceptable
46592,BIEN
46593,cucaracha en nuestra habitación
46594,"Bonito hotel, pero 4 estrellas es demasiado."
46595,¡no es agradable!
46596,Cada vez que voy a Valencia siempre elijo este hotel!
46598,excelente elección
46599,excepcional
46602,excepcional
46603,Cristina Italia marzo 2026
46604,Hotel muy bonito y totalmente equipado.
46605,excepcional
46606,todo bien
46607,excepcional
46608,muy buen hotel urbano
46610,Me alojé en este hotel y la experiencia fue realmente muy positiva. Los servicios ofrecidos son excelentes y extremos.
46611,"Recomiendo el hotel en muy buena ubicación, limpio y seguro."
46612,relajación e hidromasaje
46613,¡Una pequeña estancia muy agradable!
46614,simplemente perfecto!
46615,Valencia
46616,en cualquier momento
46617,excepcional
46618,único
46620,Gran hotel para una estancia en Valencia.
46621,excepcional
46622,¡En general quedamos satisfechos!
46623,"Gran desayuno, ubicación perfecta, nos encantaría volver."
46625,excepcional
46626,excepcional
46627,excepcional
46628,orchata de chufa si us plau!
46629,buena estancia
46630,excelente relación calidad-precio
46631,excelente
46632,unos dias en valencia
46633,excepcional
46634,excepcional
46635,súper hotel
46636,conveniente y estratégico
46637,"Unos días en Valencia, 3 de los cuales fueron bastante fríos."
46638,¡bello!
46639,Quedamos muy satisfechos y volveríamos aquí si volvemos a visitar Valencia.
46640,parfait
46641,regresar
46643,todo impecable
46644,excepcional
46646,"La bella Valencia en Navidad, iluminada y festiva."
46647,viajar a valencia
46648,escala en tu viaje a España en coche
46649,excepcional
46650,"Definitivamente regresaremos, maravilloso."
46652,"Todo estuvo muy bien, planeamos volver."
46654,todo fue excelente:
46655,excepcional
46657,"Estancia positiva, estructura moderna y funcional, personal excelente, muy buen desayuno."
46658,¡en cualquier momento! ideal para viajes cortos
46659,quedarse en valencia
46660,más allá de las expectativas
46662,Estancia relajante en una hermosa propiedad en el centro de Valencia.
46664,excepcional
46667,excepcional
46668,excepcional
46670,excelente hotel en una buena ubicación
46671,magnífico hotel para visitar valencia
46672,excepcional
46673,excepcional
46674,genial muchas gracias
46675,pasando por valencia
46676,excepcional
46677,"estancia agradable, volvería"
46679,Comodidad y confort en una excelente zona de la ciudad.
46680,satisfactorio
46683,excepcional
46684,Felizmente volvería.
46685,un encantamiento
46687,"Gran hotel, empleados amables y una buena ubicación."
46688,Ubicación perfecta e ideal si también vas a ir a un partido de fútbol del Valencia FC. balon de futbol
46689,excepcional
46692,"Muy recomendable, ¡volvería a reservar!"
46693,excepcional
46694,
46695,excelente estancia
46696,excepcional
46697,muy relajante y comodo
46698,", ."
46699,fantástico hotel. disfruté.
46701,"Fue genial, ¡volveremos!"
46702,muy lindo
46703,"Moderno, buena ubicación y personal agradable."
46704,excepcional
46706,muy agradable
46707,"Fue genial, ¡nos gustó mucho el hotel y Valencia!"
46709,excepcional
46710,excepcional
46712,excepcional
46713,estancia perfecta
46714,¡Óptimo! lo mejor de lo mejor!
46715,excelente estancia familiar!
46716,Puedo recomendar este hotel sin reservas.
46719,"el hotel es chulo, se resisten am"
46720,excepcional
46721,valencia muy hermosa
46722,"Viajé con un amigo y quedamos muy contentos con nuestra elección, sin duda volveremos y lo recomendaremos."
46723,avisar
46725,excepcional
46726,Gran estancia y ubicación conveniente para un viaje a la ciudad de Valencia.
46727,Cumple con la relación precio-valor.
46728,excepcional
46729,hermoso hotel en una hermosa ciudad.
46732,excepcional
46733,excepcional
46734,excepcional
46735,Sencillo pero con todo lo necesario.
46737,excepcional
46738,excelente
46739,Estancia perfecta desde todos los puntos de vista. recomendado y volveré!
46740,hotel muy bonito
46741,relajante y sin complicaciones
46742,"Lo pasamos de maravilla en un hotel super bonito, digno de repetir."
46743,Este hotel es definitivamente recomendado.
46744,todo bien pero podría mejorarse
46746,una y otra vez
46748,estancia agradable en un hotel limpio con un personal amable.
46750,Tomé la decisión incluso mejor de lo que quería.
46751,Hotel urbano elegante y espacioso con un muy buen desayuno.
46752,todo perfecto
46753,recomiendo
46755,una ciudad muy hermosa
46757,excepcional
46759,gran hotel en una gran ciudad
46760,la mejor opción en valencia
46761,bueno pero no genial
46762,perfecto
46763,Recomiendo este hotel a todo el mundo.
46764,en cualquier momento
46766,gran hotel para un fin de semana en la ciudad
46770,¡fantástico!
46771,excelente
46772,arriba
46773,excepcional
46774,fantástico
46776,parfait
46777,"Central, amable, las habitaciones, la comida y el personal son perfectos."
46778,excelente estancia
46779,ubicación privilegiada
46780,excelente estructura
46782,relación calidad-precio!
46783,excepcional
46784,excepcional
46786,"Gran estancia como hotel para parejas, muy bien ubicado."
46789,Venimos al hotel de Valencia año tras año.
46790,arriba
46791,excelente hotel
46792,lo disfruté muchísimo
46793,excepcional
46795,hotel muy bonito en una excelente ubicación.
46798,Excelente ubicación para una estancia maravillosa en Valencia.
46800,arriba
46801,máxima calidad y ubicación
46802,Espero quedarme aquí más a menudo.
46803,excelente hotel a la altura de 4 estrellas
46804,"Todo muy bien, personal amable, limpieza."
46805,escapada a la ciudad
46806,mucho más allá de las expectativas
46807,excelente propiedad en valencia
46808,excepcional
46809,agua
46810,Hotel hospitalario y preciosa Valencia!!!
46811,magnífica
46812,Me gustó mucho la ciudad: habitable.
46813,Rendimiento del precio del viaje a ciudades muy bueno.
46814,Fue una estancia excepcional: Valencia es muy bonita y el hotel superó nuestras ideas.
46815,"Maravillosamente adecuado para un viaje corto de máx. 3 días. Si vuelves a Valencia, vuelve allí."
46817,hotel limpio y logísticamente conveniente
46819,excepcional
46820,Valencia con pasar la noche en este hotel siempre merece la pena un viaje
46821,hotel súper agradable
46824,Hotel muy recomendable con buena relación precio-rendimiento.
46825,excepcional
46826,"hotel muy bien ubicado, comodidad, estacionamiento en el hotel, muy practico.tranquilidad,"
46827,dormí maravillosamente
46828,"Ambiente flexible y agradable, hotel limpio y moderno, excelente desayuno."
46830,muy satisfecho
46831,Buen hotel con buenos servicios pero un poco alejado del centro de la ciudad.
46833,un hotel de clase con un buen equilibrio precio-calidad
46835,excepcional
46836,excepcional
46837,regresar
46838,Todo está bien.
46839,excelente
46840,"Hotel cómodo, moderno y cuidado a una distancia ideal para visitar todos los sitios de interés."
46841,valencia ayer y hoy
46844,excepcional
46847,muy satisfactorio
46848,súper
46849,Valencia en 3 días
46850,"hotel bonito, limpio y de fácil acceso"
46852,buena relación precio-rendimiento
46854,muy buen hotel
46855,"cómodo, buena ubicación."
46857,genial para un viaje corto!
46858,excelente desayuno variado y abundante desde dulce hasta salado
46859,"Recuerdos inolvidables, maravillosos y agradables:- ."
46860,excelente
46861,excepcional
46862,excepcional
46863,excelente
46864,excelente experiencia
46865,"Hotel para recomendar por su seriedad, sus servicios y su ubicación ideal."
46866,muy bien situado entre la playa y el centro de la ciudad
46870,Me gustaría volver a visitar Valencia y sin duda elegiré Silken Puerta Valencia.
46871,Habitación y baño muy grandes y bien equipados. ubicación conveniente.
46876,excepcional
46877,excepcional
46879,agradable estancia.
46881,"Recomiendo alojarse en este hotel, es un placer."
46882,excepcional
46883,hotel decente en una hermosa ciudad
46884,excepcional
46886,gran hotel con gran desayuno en una ubicación muy cómoda
46887,muy recomendado
46888,excepcional
46889,"Todo como se esperaba, diría absolutamente agradable."
46892,excepcional
46893,excepcional
46894,Volveré.
46895,Bonito hotel en una buena ubicación con un personal muy amable.
46896,excepcional
46897,maravilloso viaje a la ciudad con un bonito hotel cerca
46899,parfait
46901,excelente estancia
46903,excepcional
46908,"Personal muy amable, sin duda volveré."
46910,Correspondió a nuestras expectativas.
46911,excepcional
46912,excepcional
46914,parfait
46916,gran estancia
46918,¡¡¡Solo gracias por el servicio!!!
46919,excepcional
46920,gran hotel en una excelente ubicación
46921,Ubicación perfecta y buena relación calidad-precio para un corto viaje turístico para parejas.
46924,"fue agradable, acogedor y muy bueno"
46926,Buenos días en la preciosa ciudad de Valencia.
46929,súper hotel
46931,
46932,excepcional
46933,silken valencia
46934,excepcional
46935,gran terraza
46936,muy bien.
46937,súper
46938,
46939,excepcional
46940,excepcional
46941,excepcional
46942,Excelente base para visitar la ciudad y estar cómodo en la habitación.
46944,excepcional
46945,súper
46946,hotel súper agradable y estamos contentos de haber reservado ese hotel en particular
46947,"Todo fue genial, desde el bar hasta la comida en la recepción, señoritas agradables que hablaban alemán."
46948,"estancia inolvidable, para ser revivida!"
46949,bonito baño con buena ducha!
46951,Encontré la tranquilidad y el ambiente que necesitaba para recuperarme de la vida cotidiana.
46952,todo perfecto.
46954,dormí y comí bien. muy buen desayuno.
46955,nos encantaría volver
46957,gran estancia en un bonito hotel!
46959,Sólo estuvimos de paso por una noche.
46960,súper limpio y cómodo
46961,¡súper!
46962,estancia superior
46964,una gran experiencia para hacer al menos una vez
46966,recomendamos:
46968,excepcional
46969,recomendamos
46970,excepcional
46972,Estábamos en Valencia por primera vez y puedo decir sin exagerar que quedamos impactados.
46973,excelente
46974,Volvería aquí.
46975,todo fue hermoso
46976,hermosa estancia
46977,muy buena estancia por segunda vez en este hotel
46978,excepcional
46980,Delicioso
46981,una estancia maravillosa con un nivel alto y de buen gusto
46982,excepcional
46983,muy bien
46984,excelente volvería
46985,excelente hotel donde definitivamente volveré
46986,Excelente parada especialmente para aquellos que están de paso.
46988,descanso y relajación por encima de las expectativas
46991,Gran hotel para visitar Valencia desde
46992,valencia estancia
46994,excelente experiencia.
46996,buena ubicación con una relación precio-rendimiento adecuada
46997,excepcional
46998,excepcional
46999,excelente solución
47000,excepcional
47001,bonito pero puedes hacerlo mejor
47002,excelente estancia.
47003,estancia fantástica.
47005,"Ubicación perfecta, amplias habitaciones y suites, personal amable, amplio estacionamiento."
47006,"Hotel de 4 estrellas... pero tal vez haya demasiadas. De todos modos, mis amigos y yo nos alojamos en este hotel durante 4 días."
47008,Estancia de 3 días para visitar Valencia.
47009,excepcional
47010,un viaje agradable y relajante a la ciudad
47011,"La estancia fue corta, pero exitosa."
47012,Definitivamente regresaré
47013,estancia muy agradable.
47014,muy buena relación calidad-precio
47015,Buen lugar para un viaje a la ciudad de Valencia.
47016,recomendado
47017,Bonito hotel con buen acceso al metro.
47018,estancia agradable
47019,"En general, una estancia agradable. hotel recomendado"
47021,excepcional
47022,Muy buen hotel con buena relación calidad-precio.
47025,hotel acogedor y céntrico para visitas turísticas
47026,¡Solo podemos recomendar este hotel para unas vacaciones en Valencia!
47027,"maravilloso, educativo, relajante. un escape del gris de enero en Rumanía."
47029,hermosa experiencia
47030,bonito pero no con el ascensor
47032,prima hotel
47035,hotel cómodo y limpio. excelente desayuno. aparcamiento disponible a precio razonable
47036,estancia muy agradable
47037,hotel urbano moderno y bien situado
47038,Pasé unos días encantadores en Valencia.
47040,comodidad en valencia
47045,Vacaciones de 4 días en Valencia.
47049,"Espacio, limpieza y perfecta ubicación."
47055,aconsejado
47057,muy bien
47058,"excelente, hotel altamente recomendado."
47060,Fue una estancia muy exitosa.
47061,Recomendado para moverse por Valencia.
47063,cumplió con las expectativas
47064,Estancia que cumplió con mis expectativas.
47065,agradable. buena dirección
47066,hotel bastante bien
47067,estancia fantástica
47072,¡disfruté!
47073,clase
47075,excepcional
47076,"Todo fue genial y satisfactorio, con mucho gusto nuevamente."
47079,Punto de partida ideal para recorridos por la ciudad y visitas al puerto deportivo.
47082,En general muy buen hotel en una buena ubicación.
47083,Hermoso
47084,cuidado con los triples
47085,excepcional
47086,bueno según las expectativas
47087,Un bonito hotel con una buena relación precio-rendimiento.
47089,muy buen hotel urbano
47090,hotel muy recomendado
47093,"excelente hotel, buena calidad de servicios"
47094,en general lo pasé bastante bien
47097,¡Una estancia maravillosa en un hermoso hotel!
47101,hotel para probar
47103,buen hotel urbano.
47104,genial para un viaje a la ciudad
47106,"Hotel a medio camino entre el centro y el mar, un buen compromiso para visitar la ciudad. precio alineado con la oferta de"
47107,¡Todo salió bien! tranquilo.
47108,parfait
47109,"Tuve una estancia muy agradable en Silken Puerta, muy recomendable."
47110,gran apartamento con vistas
47111,gran hotel por el precio pagado.
47114,"Viajar enriquece el alma, si puedes viajar mejor"
47115,¡Una estancia excelente para conocer Valencia con largos paseos!
47116,"Bueno, pero un poco alejado del centro."
47117,"En general, una estancia estupenda, si no memorable."
47118,un excelente hotel
47119,valenciana
47120,la tranquilidad en la vida nocturna
47121,Buena ubicación para visitar la ciudad.
47122,"Nos lo pasamos muy bien, el personal de recepción y del restaurante fueron muy serviciales y amables."
47124,gran hotel!
47131,una gran estancia
47134,buena ubicación y habitación con terraza superior
47139,buena estancia con amigos
47140,gran hotel en una gran ciudad
47141,muy buena estancia
47142,muy buen hotel en una buena ubicación
47146,Está bien
47147,Buen hotel para vacaciones en la ciudad de Valencia.
47150,"buenos, hermosos lugares, bonito complejo"
47153,Gran hotel en una ubicación óptima entre el casco antiguo y la playa.
47154,excepcional
47156,¡¡¡¡muy lindo!!!!
47157,un gran hotel
47158,Describo mi estancia como muy exitosa.
47160,amable y en buena ubicación.
47161,excepcional
47162,"hotel con buena ubicación, cerca del parque turístico y del centro"
47164,"un hotel muy bonito, con buen servicio y buen restaurante desayuno"
47165,buen hotel en una buena ubicación
47167,excepcional
47168,despreocupado y el servicio jugado.
47171,relleno
47172,"Fue una buena elección, a pesar de algunos defectos menores."
47175,estancia confortable
47177,Bonito hotel en una buena ubicación con un personal muy amable.
47178,"excelente estancia familiar, hotel muy bien ubicado, limpio"
47181,ubicación perfecta para hacer turismo
47182,una estancia agradable en valencia
47183,lo recomiendo
47186,Un buen hotel para un viaje a la ciudad de Valencia.
47189,estancia agradable
47190,muy buena estancia
47192,buena dirección
47193,excepcional
47194,"Hotel muy tranquilo, limpio y tranquilo, excelente servicio, así como desayuno."
47195,ciudad muy bonita con una red muy apreciable de carriles bici
47197,muy buen récord
47200,buen grado 9
47201,"muy bien ubicado, cama acogedora y cómoda."
47202,Volvería a reservar un buen hotel.
47203,cumple con 4 estrellas
47205,"ciudad agradable y monumental, con una importante parte moderna"
47211,Valencia. ¡volveremos!
47212,estancia muy confortable
47213,muy bien
47214,fin de semana en valencia
47216,prima
47219,excepcional
47220,las talkas em valencia son un canto a la alegría y a las ganas de pasarlo bien
47225,Bueno pero no genial. pero ya no queda mucho.....
47227,casi perfecto
47228,muy buena estancia
47229,intestino
47230,quedarse en valencia
47232,estancia perfecta
47234,"Fue una estancia estupenda en un hotel acogedor y muy bien situado, sin duda volvería."
47235,excepcional
47236,estancia agradable
47239,lo recomiendo
47240,hospitalidad
47241,Buenos días en la preciosa ciudad de Valencia.
47242,hotel bonito y limpio con buen aparcamiento
47243,Está bien para 1-2 noches debido al precio.
47244,búho
47245,Bien
47248,buen hotel para visitar valencia
47250,"central, seguro, personal amable y limpio"
47253,gran terraza
47255,Hotel urbano con todas las comodidades que hacen bueno un viaje a la ciudad.
47256,buenas conexiones con toda la ciudad
47257,excepcional
47258,"Bueno, con restricciones."
47259,muy agradable
47260,buena relación calidad-precio
47261,buena estancia en pareja. hermoso y agradable pueblo.
47262,excepcional
47263,Hotel muy moderno y céntrico con personal amable.
47266,muy agradable
47268,dormí y comí bien. muy buen desayuno.
47269,buen hotel
47277,¡súper!
47279,la proximidad del centro de la ciudad nos permitió ir a pie al casco antiguo y descubrir los diferentes monumentos
47282,"Buen hotel, bien situado para visitar el centro histórico de Valencia."
47283,estancia agradable
47287,Incluso nos hubiéramos quedado un día más ya que lo pasamos tan bien.
47288,estancia muy agradable con todas las comodidades
47289,esta muy céntrico
47290,Estancia relajante con personal que hizo todo lo posible para brindarnos el máximo confort.
47291,buen hotel
47292,servicio amable en un ambiente agradable.
47294,ras
47297,muy amigable
47298,excelente hotel donde definitivamente volveré
47300,un buen hotel para pasar unos días de descanso en una ciudad diferente.
47301,excepcional
47302,excepcional
47304,buen hotel
47309,Gran hotel para visitar Valencia desde
47312,excelente experiencia.
47314,vacaciones entretenidas con mucha información sobre la historia de Valencia con unas vacaciones en la playa
47316,ofrece un buen hotel
47319,bonito hotel y buena ubicación
47320,¡València es realmente preciosa!
47322,excepcional
47323,excepcional
47324,", , ,"
47325,excelente estancia
47329,"Ubicación perfecta, amplias habitaciones y suites, personal amable, amplio estacionamiento."
47330,Buen hotel en una buena ubicación para un viaje a la ciudad y unas vacaciones en la playa.
47331,breve visita a la ciudad de valencia
47332,muy buena estancia en un hotel con personal muy atento a sus clientes
47335,experiencia muy agradable
47337,perfecto
47338,"Valencia, una ciudad bonita y habitable"
47339,
47341,ideal para visitar Valencia a pie
47342,en general lo recomiendo
47343,recomendado
47344,una estancia maravillosa en valencia
47345,estancia perfecta en valencia
47347,maravilloso
47351,Tuve una estancia agradable en Valencia.
47353,prima hotel.
47354,excelente hotel con excelente ubicación.
47355,estancia agradable
47356,recomendamos
47358,BIEN
47359,Ya no alcanza para una semana.
47360,"No satisfecho, absolutamente no volveré."
47361,BIEN
47363,una decepción
47365,BIEN
47366,BIEN
47367,BIEN
47368,BIEN
47369,BIEN
47370,pésimo
47372,BIEN
47373,BIEN
47375,el servicio fue decepcionante
47376,Habitaciones y algunos servicios a reseñar.
47377,aceptable
47378,aceptable
47379,
47380,BIEN
47381,aceptable
47382,Buena ubicación... pero mala calidad debido al ruido.
47383,"Está bien, pero no es realmente una recomendación."
47384,Le doy terceras estrellas.
47385,"Por su ubicación, un buen hotel para un viaje a la ciudad. Las instalaciones del hotel no siempre están actualizadas."
47386,"Baño bonito, lamentablemente contaminación acústica."
47387,BIEN
47388,muy decepcionado con esta estancia! ¡Este hotel necesita una renovación completa!
47389,BIEN
47390,BIEN
47391,¡satisfecho!
47393,limpieza 10 cum laude
47394,bueno
47396,ok pero no volvería
47397,Bonito hotel pero no en una zona ideal y con un personal vago y arrogante.
47398,aceptable
47399,aceptable
47400,es
47401,escapada romantica
47402,útil pero demasiado caro
47403,BIEN
47404,relación calidad-precio bastante buena
47405,aceptable
47406,muy mal
47407,aceptable
47408,Desafortunadamente no es positivo dado que las señoras de la limpieza robaron un cepillo y 50 euros y el hotel no los devolvió.
47409,", ."
47410,agradable
47411,si se toma todo... entonces si...
47412,muy pobre en relacion al precio
47413,Nos gusta mucho la ciudad
47414,no vale la pena repetir
47415,valentia ciudad ciclista
47416,BIEN
47417,BIEN
47418,Nada mal
47419,algunas desventajas
47420,"Fue bueno, pero no lo volvería a reservar."
47421,aceptable
47422,BIEN
47423,sigue siendo agradable.
47424,BIEN
47425,agradable
47426,BIEN
47427,Buen hotel en una ubicación central con aparcamiento.
47428,el
47429,BIEN
47430,prima
47431,bonito hotel con buenas instalaciones
47432,problema con el desagüe de la ducha
47434,OK
47435,BIEN
47438,Hotel limpio con buenas camas y buen desayuno. metro cercano
47439,Bonito hotel pero en una calle concurrida y ruidosa. desayuno decepcionante
47440,Valencia era preciosa. El hotel estaba bien. el desayuno estuvo bien.
47441,quedarse con déficit de descanso
47442,hotel perfecto para un viaje corto a la ciudad
47443,volvió de nuevo.
47444,BIEN
47446,bueno con algunos defectos!
47448,perplejo
47449,aceptable
47450,BIEN
47451,BIEN
47452,"Puedes hacerlo, pero no es necesario."
47453,la próxima vez elegiré un hotel diferente
47454,Básicamente el hotel estaba bien.
47456,BIEN
47457,relax a valencia
47458,BIEN
47459,aceptable
47460,BIEN
47462,"Si hubiera sido un hotel de tres estrellas estaría bien, pero la relación calidad-precio no es la adecuada."
47463,BIEN
47467,BIEN
47468,Esperaba más de un hotel de cuatro estrellas.
47469,
47470,"Sí, pero bueno... más un 3 estrellas que un 4."
47471,BIEN
47472,ideal 1 noche
47474,alojamiento fresco
47476,BIEN
47477,"buena estancia y sobre todo hermosa ciudad. Habitaciones bonitas y limpias, tienen todo lo necesario excepto el bidet. personal"
47478,está bien
47479,"Valencia es una ciudad realmente fantástica, pero la próxima vez un hotel diferente."
47480,"A pesar de algunos inconvenientes, recomiendo este hotel.  excelente ubicación, buen ambiente."
47481,"Bueno, sólo esperamos una compensación de su parte por la electricidad que no tuvimos durante 2 días...."
47482,Estuvimos allí un fin de semana con una familia numerosa. El hotel era ideal para eso.
47483,viaje a la ciudad
47484,"gran habitación, mala cena"
47485,OK
47486,tuvimos grandes días
47487,Elegimos este hotel porque era el comienzo de nuestras vacaciones en bicicleta.
47488,malo
47489,Quedarse 3 o 4 noches está bien.
47490,BIEN
47491,No es lo que esperas de un hotel de 4 estrellas.
47492,crítica mixta de este hotel
47493,aceptable
47494,agradable estancia con algunas notas falsas.
47495,desafortunadamente está bien
47496,no por repetición.
47497,"del centro aproximadamente 1,8 km, incluso por la noche hay pocas discotecas y no hay atracciones en los alrededores"
47498,BIEN
47499,", , 200 .            4 ."
47500,El hotel gana puntos por su desayuno. Está amueblado de forma moderna y las camas eran buenas.
47502,valencia entre el centro y el mar
47504,buena ubicación y orden.
47506,bien por una noche
47507,BIEN
47508,"Manténgase en la cima, la recepcionista será reemplazada."
47509,"Bonito hotel, si tienes una habitación al otro lado definitivamente no es tan ruidoso."
47510,"Los servicios prestados no corresponden a cuatro estrellas, las ventanas deberían estar insonorizadas porque el ruido de la calle es insoportable."
47511,súper desagradable
47512,"Gran hotel y ubicación, pero es una pena que no se haya podido encender el aire acondicionado deliberadamente."
47513,Buen hotel para un viaje a la ciudad.
47514,PROMEDIO
47515,por un día en valencia.
47516,todo estuvo bien
47517,BIEN
47518,BIEN
47519,", , CV"
47520,la próxima vez en otro lugar.
47521,
47522,por pasar una nitt
47523,"No hay bidé, pero la ubicación es excelente."
47524,Con mucho gusto regresaría para otra estadía.
47525,estancia satisfactoria
47526,BIEN
47527,"La relación calidad-precio era correcta, volveríamos."
47528,BIEN
47529,BIEN
47530,BIEN
47531,aceptable
47532,BIEN
47534,correcto pero nada mas
47535,"Bueno, pero hay áreas en las que trabajar."
47536,"En 2023, no se podrá cobrar a los clientes por el estacionamiento para invitados."
47537,BIEN
47538,BIEN
47539,BIEN
47540,BIEN
47541,rehacer
47542,Hotel práctico pero más bien de 2 estrellas.
47543,BIEN
47544,BIEN
47545,aceptable
47546,BIEN
47547,la ubicación era buena
47548,"bueno, pero necesita mejorar"
47549,BIEN
47550,muy malo - caro - busca otra cosa....
47551,decepción en comparación con las expectativas.
47552,"ruidoso, decepcionante, no volveré"
47553,"Ruido nocturno que molesta el sueño, buena ubicación."
47555,Excelente pero se puede mejorar la flexión del bíceps.
47557,BIEN
47558,mal
47559,Práctico durante unos días como máximo.
47561,BIEN
47562,BIEN
47563,genial para 2 noches en valencia
47564,bonito hotel en una mala ubicación
47565,moderado
47566,aceptable
47568,BIEN
47569,bueno para un viaje a la ciudad
47571,aceptable
47572,BIEN
47573,buena estancia
47574,con el hotel como para 4 y por t precio.
47575,Valencia es una ciudad muy bonita que merece una estancia.
47576,"Disfrutamos de la ciudad pero no del hotel, que no merece un 4 estrellas."
47577,BIEN
47578,muy mal
47579,BIEN
47580,un poco caro
47581,BIEN
47582,este hotel no es recomendable
47583,decepcionado con el hotel top city valencia.
47584,BIEN
47585,aceptable
47586,PROMEDIO. Bien
47587,"excelente ubicación, mínima amabilidad"
47588,junior suite sobria - un hotel de negocios.
47589,"Bueno, pero lejos de ser un 4 estrellas."
47590,intestino
47591,gran estancia
47592,"Muy lindo lugar, nos encantaría volver!"
47597,excepcional
47599,excepcional
47602,excepcional
47603,excepcional
47606,excepcional
47607,buen hotel
47612,excepcional
47613,excepcional
47615,excepcional
47617,excepcional
47620,excepcional
47621,excepcional
47624,excepcional
47631,excepcional
47640,excepcional
47643,excepcional
47648,excepcional
47651,excepcional
47655,excepcional
47658,excepcional
47660,excepcional
47662,excepcional
47665,excepcional
47667,excepcional
47668,excepcional
47670,excepcional
47673,excepcional
47674,excepcional
47675,excepcional
47678,excepcional
47686,excepcional
47690,excepcional
47695,excepcional
47696,excepcional
47699,excepcional
47702,excepcional
47703,excepcional
47705,excepcional
47706,excepcional
47708,excepcional
47709,excepcional
47712,excepcional
47713,excepcional
47714,excepcional
47716,excepcional
47718,excepcional
47721,excepcional
47727,excepcional
47729,excepcional
47732,excepcional
47734,excepcional
47736,excepcional
47743,excepcional
47745,excepcional
47746,excepcional
47748,excepcional
47767,excepcional
47769,excepcional
47773,excepcional
47776,excepcional
47779,excepcional
47781,excepcional
47783,excepcional
47787,excepcional
47789,excepcional
47793,excepcional
47796,excepcional
47797,excepcional
47798,excepcional
47806,excepcional
47810,excepcional
47812,excepcional
47815,excepcional
47817,excepcional
47826,excepcional
47827,excepcional
47828,excepcional
47833,excepcional
47835,excepcional
47839,excepcional
47842,excepcional
47843,excepcional
47844,excepcional
47846,excepcional
47847,excepcional
47850,excepcional
47851,excepcional
47852,excepcional
47854,excepcional
47856,excepcional
47858,excepcional
47863,excepcional
47864,excepcional
47865,excepcional
47869,excepcional
47874,excepcional
47877,excepcional
47880,excepcional
47884,excepcional
47885,excepcional
47886,excepcional
47888,excepcional
47890,excepcional
47891,excepcional
47894,excepcional
47900,excepcional
47901,excepcional
47908,excepcional
47921,excepcional
47924,excepcional
47926,excepcional
47927,excepcional
47930,excepcional
47932,excepcional
47933,excepcional
47939,excepcional
47940,excepcional
47946,excepcional
47947,excepcional
47950,excepcional
47953,excepcional
47955,excepcional
47957,excepcional
47958,excepcional
47959,excepcional
47961,excepcional
47962,excepcional
47965,excepcional
47966,excepcional
47972,excepcional
47976,excepcional
47977,excepcional
47980,excepcional
47981,excepcional
47983,excepcional
47984,excepcional
47986,excepcional
47989,excepcional
47992,bueno
47993,excepcional
47994,excepcional
47997,excepcional
47998,excepcional
48001,excepcional
48002,excepcional
48005,excepcional
48010,excepcional
48012,excepcional
48014,excepcional
48018,excepcional
48019,excepcional
48024,excepcional
48029,excepcional
48033,excepcional
48036,excepcional
48040,excepcional
48042,excepcional
48045,excepcional
48049,excepcional
48051,excepcional
48055,excepcional
48056,excepcional
48057,excepcional
48061,excepcional
48064,excepcional
48066,excepcional
48067,excepcional
48072,excepcional
48073,excepcional
48074,excepcional
48075,excepcional
48077,excepcional
48078,excepcional
48080,excepcional
48081,excepcional
48083,excepcional
48084,excepcional
48088,excepcional
48102,excepcional
48104,excepcional
48107,excepcional
48109,excepcional
48111,excepcional
48112,excepcional
48113,excepcional
48114,excepcional
48117,excepcional
48119,excepcional
48121,excepcional
48128,excepcional
48131,excepcional
48132,excepcional
48133,excepcional
48134,excepcional
48135,excepcional
48142,excepcional
48144,excepcional
48154,excepcional
48165,excepcional
48172,excepcional
48174,excelente
48176,excepcional
48178,excepcional
48185,excepcional
48194,excepcional
48198,excepcional
48209,excepcional
48216,excepcional
48218,excepcional
48221,excepcional
48226,excepcional
48227,excepcional
48229,excepcional
48230,excepcional
48232,excepcional
48233,excepcional
48240,excepcional
48246,excepcional
48247,excepcional
48249,excepcional
48252,excepcional
48255,excepcional
48260,excepcional
48276,excepcional
48277,excepcional
48278,excepcional
48279,muy chulo
48281,excepcional
48288,excepcional
48291,excepcional
48294,excepcional
48306,excepcional
48313,excepcional
48314,excepcional
48317,excepcional
48321,excepcional
48326,excepcional
48328,excepcional
48329,excepcional
48336,excepcional
48342,excepcional
48349,excepcional
48352,excepcional
48355,excepcional
48357,BIEN
48358,BIEN
48359,BIEN
48360,BIEN
48362,BIEN
48364,aceptable
48365,aceptable
48366,aceptable
48368,BIEN
48369,BIEN
48372,BIEN
48373,BIEN
48374,BIEN
48375,BIEN
48376,BIEN
48377,BIEN
48378,muy mal
48379,BIEN
48381,BIEN
48382,mal
48383,BIEN
48384,BIEN
48385,BIEN
48386,aceptable
48387,BIEN
48388,BIEN
48389,BIEN
48390,BIEN
48391,BIEN
48392,BIEN
48393,BIEN
48394,aceptable
48395,BIEN
48396,BIEN
48397,BIEN
48398,BIEN
48399,BIEN
48400,BIEN
48401,aceptable
48402,BIEN
48403,BIEN
48404,BIEN
48406,BIEN
48407,pésimo
48409,aceptable
48411,aceptable
48412,BIEN
48414,BIEN
48416,BIEN
48417,BIEN
48418,BIEN
48420,aceptable
48421,BIEN
48422,aceptable
48423,BIEN
48424,BIEN
48426,BIEN
48428,BIEN
48429,BIEN
48430,BIEN
48431,BIEN
48432,pésimo
48433,BIEN
48436,BIEN
48437,BIEN
48438,BIEN
48439,BIEN
48440,aceptable
48441,BIEN
48442,BIEN
48443,BIEN
48444,BIEN
48446,BIEN
48447,aceptable
48448,BIEN
48450,BIEN
48451,aceptable
48452,BIEN
48455,BIEN
48456,BIEN
48457,BIEN
48458,BIEN
48460,aceptable
48461,BIEN
48462,aceptable
48463,aceptable
48464,BIEN
48465,BIEN
48466,BIEN
48467,BIEN
48468,BIEN
48469,BIEN
48470,aceptable
48472,BIEN
48473,BIEN
48474,BIEN
48477,excepcional
48482,excepcional
48484,excepcional
48486,excepcional
48487,excepcional
48488,excepcional
48489,excepcional
48490,excepcional
48492,excepcional
48498,excepcional
48499,excepcional
48500,excepcional
48502,excepcional
48503,excepcional
48504,excepcional
48506,"Todo fue genial, realmente genial. totalmente recomendado"
48510,excepcional
48511,excepcional
48514,excepcional
48516,excepcional
48519,excepcional
48522,excepcional
48523,excepcional
48524,excepcional
48528,excepcional
48537,excepcional
48539,excepcional
48542,excepcional
48545,excepcional
48549,excepcional
48552,excepcional
48560,excepcional
48565,"Personal increíblemente amable, ubicación perfecta para llegar a ambos lados de Valencia, ¡muy recomendable!"
48571,excepcional
48576,excepcional
48579,excepcional
48581,excepcional
48582,excepcional
48583,excepcional
48584,maravillosa experiencia
48587,excepcional
48590,excepcional
48600,excepcional
48606,excepcional
48607,excepcional
48610,excepcional
48613,excepcional
48614,excepcional
48617,excepcional
48620,excepcional
48622,excepcional
48626,excepcional
48627,excepcional
48628,excepcional
48630,excepcional
48631,excepcional
48633,excepcional
48636,excepcional
48640,excepcional
48641,excepcional
48649,excepcional
48651,excepcional
48656,excepcional
48658,excepcional
48659,excepcional
48661,excepcional
48663,excepcional
48664,excepcional
48677,muy buen hotel
48681,excepcional
48685,"estancia estupenda, buena relación calidad-precio."
48687,excepcional
48700,excepcional
48702,excepcional
48709,excepcional
48711,excepcional
48717,excepcional
48720,excepcional
48721,excepcional
48723,excepcional
48724,excepcional
48725,excepcional
48727,excepcional
48731,excepcional
48734,"habitación muy grande, personal estupendo, buena ubicación"
48737,excepcional
48741,excepcional
48743,excepcional
48747,excepcional
48751,BIEN
48752,BIEN
48753,BIEN
48754,aceptable
48755,BIEN
48758,BIEN
48759,BIEN
48760,BIEN
48761,BIEN
48762,aceptable
48763,BIEN
48767,muy mal
48769,aceptable
48770,BIEN
48771,BIEN
48773,BIEN
48774,BIEN
48775,BIEN
48776,BIEN
48777,BIEN
48778,BIEN
48779,BIEN
48780,BIEN
48782,BIEN
48784,BIEN
48785,BIEN
48786,BIEN
48787,BIEN
48788,BIEN
48789,BIEN
48790,BIEN
48791,BIEN
48792,aceptable
48793,BIEN
48794,excepcional
48795,excepcional
48796,excepcional
48801,excepcional
48803,excepcional
48804,excepcional
48808,excepcional
48810,excepcional
48824,excepcional
48828,excepcional
48830,excepcional
48833,excepcional
48835,excepcional
48836,excepcional
48837,excepcional
48844,excepcional
48846,excepcional
48847,excepcional
48848,"Me alojé en esta propiedad, limpia y acogedora, con un personal súper amable y servicial. el desayuno es en el"
48850,excepcional
48858,excepcional
48864,excepcional
48865,excelente hotel super recomendado
48868,excepcional
48869,excepcional
48870,excepcional
48872,excepcional
48875,excepcional
48876,excepcional
48880,excepcional
48881,excepcional
48884,excepcional
48886,excepcional
48889,excepcional
48890,excepcional
48894,excepcional
48903,excepcional
48907,excepcional
48908,excepcional
48909,excepcional
48910,excepcional
48913,excepcional
48914,bello
48917,excepcional
48918,excepcional
48919,excepcional
48924,excepcional
48925,excepcional
48926,excepcional
48939,excepcional
48940,buen hotel que vale la pena el dinero
48941,excepcional
48943,excepcional
48952,excepcional
48955,excepcional
48956,hermosa estructura y conveniente para el transporte
48959,excepcional
48966,excepcional
48970,excepcional
48971,excepcional
48975,excepcional
48976,excepcional
48977,excepcional
48978,excepcional
48980,excepcional
48992,excepcional
48995,excepcional
49001,excepcional
49002,excepcional
49005,excepcional
49006,excepcional
49008,excepcional
49011,excepcional
49014,excepcional
49017,excepcional
49019,excepcional
49030,excepcional
49033,excepcional
49039,excepcional
49044,excepcional
49048,excepcional
49050,excepcional
49051,excepcional
49052,excepcional
49055,excepcional
49056,¡arriba!
49058,excepcional
49059,excepcional
49060,excepcional
49062,excepcional
49070,excepcional
49072,excepcional
49074,excepcional
49075,excepcional
49079,excepcional
49080,excepcional
49087,excepcional
49095,excepcional
49101,excepcional
49102,excepcional
49106,excepcional
49110,muy feliz de nuevo
49111,excepcional
49113,excepcional
49115,excepcional
49117,excepcional
49123,excepcional
49124,excepcional
49136,excepcional
49142,excepcional
49143,excepcional
49153,excepcional
49154,excepcional
49157,excepcional
49159,excepcional
49160,excepcional
49161,excepcional
49170,muy bien!
49174,excepcional
49178,excepcional
49191,excepcional
49193,excepcional
49198,excepcional
49199,excepcional
49200,excepcional
49203,excepcional
49204,excepcional
49222,excepcional
49224,excepcional
49225,excepcional
49226,excepcional
49233,excepcional
49236,excepcional
49238,excepcional
49243,excepcional
49245,excepcional
49247,excepcional
49248,excepcional
49252,excepcional
49253,excepcional
49254,excepcional
49258,excepcional
49259,excepcional
49265,excepcional
49267,excepcional
49268,excepcional
49269,excepcional
49271,excepcional
49274,excepcional
49275,excepcional
49276,excepcional
49277,excepcional
49284,excepcional
49285,excepcional
49286,excepcional
49291,excepcional
49293,excepcional
49294,excepcional
49297,excepcional
49298,excepcional
49302,excepcional
49308,excepcional
49313,excepcional
49314,excepcional
49315,excepcional
49316,excepcional
49320,excepcional
49322,excepcional
49327,excepcional
49329,excepcional
49332,excepcional
49344,excepcional
49349,excepcional
49352,excepcional
49370,excepcional
49375,excepcional
49379,excepcional
49381,excepcional
49382,excepcional
49387,excepcional
49390,excepcional
49394,excepcional
49397,excepcional
49398,excepcional
49401,excepcional
49402,excepcional
49409,excepcional
49413,excepcional
49414,excepcional
49415,excelente
49422,"muy buen hotel, habitación grande"
49425,excepcional
49426,excepcional
49430,"Buen hotel justo entre el casco antiguo y la playa, a unos 25 minutos en autobús al borde del cinturón verde."
49441,excepcional
49447,excepcional
49449,excepcional
49455,excepcional
49463,excepcional
49469,excepcional
49484,excepcional
49487,excepcional
49492,excepcional
49493,excepcional
49498,agradable escala para ir a valencia
49500,excepcional
49502,excepcional
49503,excepcional
49504,excepcional
49516,hermoso hotel muy tranquilo
49517,excepcional
49518,excepcional
49522,excepcional
49524,excepcional
49532,excepcional
49533,excepcional
49538,excepcional
49544,excepcional
49545,excepcional
49548,excepcional
49550,excepcional
49551,regresará
49554,excepcional
49576,excepcional
49583,excepcional
49585,excepcional
49591,excepcional
49592,excepcional
49599,estancia muy agradable!
49604,hotel a menos de 25 minutos andando de la ciudad de las artes y las ciencias
49607,excepcional
49610,excepcional
49611,excepcional
49618,excepcional
49619,excepcional
49621,excepcional
49625,excepcional
49627,excepcional
49638,excepcional
49641,excepcional
49647,excepcional
49652,excepcional
49660,excepcional
49663,excepcional
49671,excepcional
49672,excepcional
49676,excepcional
49681,excepcional
49684,excepcional
49691,excepcional
49696,excepcional
49704,excepcional
49710,excepcional
49711,excepcional
49718,BIEN
49719,BIEN
49720,BIEN
49721,BIEN
49723,aceptable
49724,aceptable
49725,BIEN
49726,aceptable
49727,BIEN
49728,BIEN
49729,BIEN
49730,BIEN
49731,BIEN
49732,aceptable
49733,BIEN
49737,BIEN
49738,BIEN
49739,aceptable
49740,BIEN
49741,BIEN
49742,BIEN
49743,BIEN
49744,BIEN
49745,BIEN
49747,BIEN
49748,BIEN
49749,BIEN
49750,BIEN
49751,BIEN
49752,mal
49753,aceptable
49754,BIEN
49755,BIEN
49756,aceptable
49757,BIEN
49758,BIEN
49759,BIEN
49760,BIEN
49761,BIEN
49762,aceptable
49763,pésimo
49765,BIEN
49767,BIEN
49768,aceptable
49769,BIEN
49772,BIEN
49773,BIEN
49774,BIEN
49775,BIEN
49776,aceptable
49777,BIEN
49778,aceptable
49779,aceptable
49780,agradable
49781,aceptable
49782,BIEN
49783,BIEN
49784,aceptable
49786,BIEN
49787,BIEN
49788,BIEN
49789,BIEN
49790,BIEN
49791,BIEN
49792,BIEN
49794,BIEN
49795,aceptable
49796,BIEN
49797,BIEN
49798,BIEN
49799,BIEN
49801,BIEN
49803,BIEN
49804,BIEN
49805,BIEN
49806,aceptable
49807,BIEN
49810,BIEN
49811,BIEN
49812,BIEN
49813,BIEN
49814,BIEN
49815,BIEN
49818,BIEN
49819,BIEN
49820,BIEN
49822,BIEN
49823,BIEN
49825,BIEN
49826,BIEN
49827,BIEN
49828,BIEN
49829,BIEN
49831,pésimo
49832,BIEN
49833,pésimo
49836,BIEN
49837,BIEN
49838,BIEN
49840,BIEN
49841,BIEN
49842,BIEN
49843,BIEN
49844,BIEN
49845,BIEN
49847,BIEN
49848,pésimo
49849,BIEN
49850,BIEN
49851,aceptable
49852,BIEN
49853,BIEN
49854,pésimo
49855,aceptable
49856,BIEN
49858,BIEN
49860,BIEN
49862,aceptable
49864,BIEN
49865,BIEN
49866,BIEN
49867,BIEN
49868,pésimo
49869,BIEN
49871,BIEN
49872,aceptable
49873,BIEN
49874,BIEN
49875,BIEN
49877,BIEN
49878,BIEN
49879,BIEN
49881,BIEN
49882,BIEN
49890,excepcional
49894,BIEN
49903,cumplió expectativas
49904,BIEN
49908,BIEN
49909,BIEN
49910,BIEN
49912,mejorable
49918,BIEN
49919,BIEN
49921,BIEN
49927,BIEN
49930,"para volver, siempre"
49931,BIEN
49932,agua iluniun 3
49933,BIEN
49934,bueno
49938,BIEN
49945,BIEN
49949,BIEN
49950,BIEN
49951,BIEN
49952,BIEN
49965,excelente
49968,BIEN
49969,BIEN
49972,BIEN
49976,BIEN
49981,buen trato
49982,BIEN
49983,BIEN
49986,BIEN
49990,BIEN
49991,relajarse
49992,BIEN
49999,para un finde
50003,BIEN
50004,agosto
50010,comodidad
50011,BIEN
50015,BIEN
50018,BIEN
50019,BIEN
50020,BIEN
50022,BIEN
50024,BIEN
50027,satisfecho
50028,bueno
50029,BIEN
50041,BIEN
50051,BIEN
50054,BIEN
50058,BIEN
50061,perfecto
50065,volveremos.
50069,BIEN
50070,BIEN
50074,buen hotel
50077,BIEN
50082,BIEN
50083,bueno
50085,fallera
50090,BIEN
50096,BIEN
50097,BIEN
50098,BIEN
50103,BIEN
50105,en general bien
50106,BIEN
50111,BIEN
50113,un tomillo
50114,satisfactoria
50116,volveremos
50117,BIEN
50119,BIEN
50121,BIEN
50126,BIEN
50129,espíritu
50131,BIEN
50137,buen hotel
50138,mejorable
50140,un hotel para repetir.
50154,BIEN
50159,BIEN
50163,BIEN
50164,BIEN
50165,aceptable
50167,bueno
50169,BIEN
50171,BIEN
50174,normalita
50178,BIEN
50179,felicidad
50183,gnomo
50192,BIEN
50193,BIEN
50196,búsqueda del oceanográfico
50201,BIEN
50203,BIEN
50204,BIEN
50207,BIEN
50211,buen hotel
50212,BIEN
50215,BIEN
50216,BIEN
50217,BIEN
50227,BIEN
50229,BIEN
50231,BIEN
50232,BIEN
50233,perfecto
50234,BIEN
50236,BIEN
50237,bueno
50242,sabrosa
50246,BIEN
50248,familia canina
50253,BIEN
50255,visita a valencia
50263,BIEN
50267,trabajo
50271,BIEN
50274,BIEN
50279,volveré
50280,satisfactoria
50285,provechoso
50290,BIEN
50309,BIEN
50312,BIEN
50315,BIEN
50319,BIEN
50326,excelente
50332,BIEN
50339,BIEN
50343,buen hotel
50350,para repetir
50352,¡genial!
50366,bastante bien
50368,registrarse
50369,"repetiremos, seguro."
50376,BIEN
50377,BIEN
50378,excelente
50379,BIEN
50382,excelente
50384,BIEN.
50386,BIEN
50393,BIEN
50398,buen hotel
50405,BIEN
50411,BIEN
50412,a un paso del oceanografic
50416,una estancia genial.
50417,BIEN
50418,ideal para ir al oceanografic
50419,BIEN
50427,bueno
50432,viaje por valencia
50441,BIEN
50442,BIEN
50443,casi perfecto
50445,¡¡¡excelente!!!
50446,BIEN
50451,BIEN
50458,BIEN
50471,BIEN ..
50477,me agrado
50479,bueno
50482,Guay
50484,BIEN
50485,BIEN
50491,perfecta
50500,BIEN
50504,BIEN
50505,valencia linda
50510,buena valenxia
50512,BIEN
50513,BIEN
50516,corrección
50518,BIEN
50519,viaje amigas
50520,BIEN
50522,un bonito fin de semana.
50523,BIEN
50526,BIEN
50529,volveremos
50531,BIEN
50543,BIEN
50553,ideal
50555,saltando
50561,excepcional
50563,excepcional
50564,volveré lo recomiendo al 100
50566,excepcional
50567,de la categoría
50572,mal
50573,excepcional
50574,aceptable
50577,excepcional
50580,personal fatal
50582,excelente..
50583,cortar
50584,excepcional
50585,robo
50589,excepcional
50591,hotel de 10
50592,excepcional
50593,excepcional
50594,excepcional
50595,genial
50598,excepcional
50600,excepcional
50602,descansar
50605,excepcional
50606,para una noche
50608,no hay nada que no me haya gustado
50611,aceptable
50613,aceptable
50621,excepcional
50622,BIEN
50623,un revusar
50625,genial
50626,excepcional
50628,aceptable
50632,mi estancia en valencia
50635,excepcional
50636,aceptable
50638,lindo
50641,"demasiado grande, pero no está mal"
50642,excepcional
50644,mal
50645,aceptable
50648,aceptable
50649,ilunion calidad superior
50654,BIEN
50655,mal
50658,excelente
50659,excepcional
50660,muy buen sitio
50661,excepcional
50663,excepcional
50664,mal
50665,"volveré a cogerlo, sin duda"
50666,excepcional
50668,excelente hotel.
50671,siempre nos alojamos alli
50673,volveria
50675,excepcional
50676,excepcional
50677,excepcional
50678,transitable
50680,genial
50682,no volveré a esta cadena de hoteles
50683,excepcional
50684,excepcional
50686,excepcional
50687,pésimo
50691,molestar
50692,excepcional
50694,excelente
50695,calidad
50697,excepcional
50698,excepcional
50700,excepcional
50703,excepcional
50707,regular experiencia
50708,excepcional
50710,excepcional
50711,aceptable
50713,volveré
50715,excepcional
50716,lugar
50721,muy insatisfecho
50722,aceptable
50728,BIEN
50730,para repetir
50731,excepcional
50732,excepcional
50734,comentario
50738,excepcional
50743,aceptable
50744,aceptable
50747,excelente hotel
50748,no repetiremos
50750,excepcional
50755,viaje fugaz   volveremos
50756,excepcional
50760,aceptable
50761,me pasé al ilunion 4 para ver el castell de fog.
50762,aceptable
50763,excepcional
50768,excelente
50769,aceptable
50770,excepcional
50772,excepcional
50774,horrible
50775,excepcional
50778,excepcional
50779,aceptable
50780,muy mal
50785,excepcional
50786,mal
50788,no me gusto nada
50790,excepcional
50792,no volvería
50794,excepcional
50795,genial
50796,excelente sitio
50799,magnífico
50800,excepcional
50801,mal
50803,excepcional
50807,hotel horrible
50810,excepcional
50813,buen
50815,¡excelente!
50816,excepcional
50817,excepcional
50818,excepcional
50822,BIEN
50823,BIEN
50829,excepcional
50830,mal
50831,genial
50832,excepcional
50835,fatal
50836,pesima.
50839,excepcional
50841,excepcional
50843,excepcional
50845,excepcional
50847,excepcional
50849,excepcional
50850,excelente
50851,pésimo
50853,excepcional
50854,aceptable
50856,excepcional
50858,excepcional
50859,excepcional
50860,excepcional
50863,bastante regular
50865,aceptable
50866,excepcional
50867,repetiremos
50869,excelente hotel
50870,excepcional
50871,todo nefasto
50874,repetiremos sin dudar.
50875,excepcional
50877,excepcional
50878,mal
50880,excepcional
50882,agradable
50884,mal
50885,acogedor
50892,excepcional
50897,excepcional
50899,excepcional
50900,excepcional
50901,excepcional
50903,excepcional
50904,normal
50905,excepcional
50908,excepcional
50910,excelente
50913,aceptable
50914,aceptable
50915,excepcional
50916,aceptable
50918,expresar
50927,aceptable
50928,aceptable
50933,podría ser mejor
50935,excepcional
50936,excepcional
50939,excepcional
50942,excepcional
50943,la visita a valencia nos gustó
50944,aceptable
50946,no recomendable
50949,excelente
50951,excepcional
50953,excepcional
50954,normal
50955,aceptable
50957,aceptable
50958,excepcional
50960,aceptable
50962,excepcional
50963,caer
50964,no me gusto nada
50965,de pasada
50966,aceptable
50967,excepcional
50970,aceptable
50971,excepcional
50972,maravillosa volvere
50974,excepcional
50976,muy mal
50977,excepcional
50978,excepcional
50979,excepcional
50980,aceptable
50982,genial
50983,aceptable
50984,excepcional
50985,mal
50986,excepcional
50991,excepcional
50992,excepcional
50993,excepcional
50994,excepcional
50997,excepcional
51000,excepcional
51007,¡recomendado!
51008,excepcional
51009,excepcional
51012,excepcional
51015,aceptable
51016,aceptable
51019,normal
51020,aceptable
51021,excepcional
51026,genial
51027,excepcional
51029,excepcional
51032,excepcional
51039,breve..
51041,excepcional
51042,no lo recomendaria
51044,mejorable
51045,excepcional
51046,no volvere
51047,excepcional
51048,excepcional
51050,excepcional
51052,muy justo.
51053,excepcional
51057,excepcional
51058,excepcional
51059,excepcional
51060,pésimo
51061,aceptable
51062,excepcional
51063,aceptable
51064,genial
51069,excepcional
51070,no sé si volveré
51072,excepcional
51073,excepcional
51075,pésimo
51078,muy mal
51080,pésimo
51082,excepcional
51083,excepcional
51084,excepcional
51085,exelencia.
51087,BIEN
51088,bien pero no volveré
51090,excepcional
51091,excepcional
51093,bueno
51095,aceptable
51097,excepcional
51105,excepcional
51108,excepcional
51109,mal
51111,excepcional
51116,no volvería
51117,perfecto
51122,excepcional
51124,no volveré a este hotel
51125,excepcional
51127,excepcional
51128,perfecto
51130,aceptable
51133,"el personal muy amable, buffet recomendable"
51136,aceptable
51138,excepcional
51141,excepcional
51142,excepcional
51143,excepcional
51144,excelente
51146,mágico
51147,excepcional
51150,excepcional
51152,excepcional
51153,fue genial para una visita al oceanográfico
51156,nada mal
51157,BIEN
51158,"Excelente ubicación cerca de todas las atracciones, fácil estacionamiento."
51160,excelente ubicación
51162,BIEN
51163,Todo estuvo bien excepto los aislamientos de las paredes.
51164,El mejor lugar para alojarse si viajas con una mascota.
51165,bien
51167,fácil y cómodo.
51170,Excelente ubicación pero hotel básico.
51171,simplemente bien... no impresiona demasiado
51172,bonito hotel y excelente ubicación!
51173,BIEN
51174,BIEN
51175,Bonito hotel de 3 estrellas cerca del centro de las artes y las ciencias que ofrece todo lo que necesitas para tu estancia en valencia.
51176,buena experiencia en general
51177,El hotel satisfizo nuestras necesidades según nuestro presupuesto. gracias.
51178,buen hotel en buena ubicación
51179,Buen hotel para viajeros que necesitan un lugar cómodo donde alojarse después de un día fuera.
51181,"En general, una experiencia maravillosa y lo haría de nuevo."
51187,hotel comodo y bien ubicado
51188,BIEN
51189,"Me quedé atrapado en Valencia debido a la dana, pero su hotel y su personal hicieron que mi estancia fuera cómoda."
51190,"Hotel confortable en una ubicación muy agradable, pero se vuelve un poco caro si viajas con un perro."
51191,desde el personal de limpieza hasta los gerentes eran buenas personas.
51192,impresionante ubicación
51194,muy buenos y hermosos lugares
51196,cómodo y conveniente
51198,la ubicación y el personal eran perfectos
51201,BIEN
51203,"Habitación y baño grandes, bien comunicado con el centro y la playa."
51206,habitación sencilla y bonita
51208,"buena ubicación, habitación normal"
51210,"Excelente ubicación para ver la ciudad, conexiones de transporte disponibles cerca y tiendas y restaurantes a la vuelta de la esquina."
51214,BIEN
51216,Alojamiento agradable y sencillo en una ciudad muy hermosa.
51217,2 días en valencia para carrera ironman
51218,"excelente ubicación, hotel limpio"
51219,Es bueno venir a dormir aquí pero no mucho más.
51220,inolvidable
51221,Bonito hotel para un par de días en Valencia!
51222,excelente
51223,Genial si quieres visitar el oceanográfico y los museos.
51224,"increíble, accesible, excelente ubicación, excelente personal!"
51227,escapada a la ciudad con mar y exploración del casco antiguo.
51228,"Me encanta este hotel, bien ubicado al lado del centro comercial y de restaurantes."
51229,excelente ubicación
51230,"buen hotel, personal amable"
51231,estancia agradable en valencia
51232,"diversión, descanso y sol:"
51233,BIEN
51234,lugar realmente agradable para quedarse
51236,"moderno, confortable, al lado de calatrava ciudad."
51237,excelente ubicación en valencia
51238,una gran base para explorar la ciudad
51239,BIEN
51240,buena estancia por 3 noches
51241,BIEN
51242,Buena relación calidad-precio y bonito hotel que recibió a mi perro grande.
51243,ubicación perfecta
51245,vengo aqui otra vez
51246,estancia muy agradable cerca de la playa en autobús!
51247,excelente
51249,"Paramos aquí tan cerca de la terminal de cruceros y también cerca de las tiendas. Primera estancia, muy feliz."
51250,En general fue una estancia muy agradable.
51251,BIEN
51252,Muy buena ubicación y buena relación calidad-precio.
51253,excelente estancia de 2 noches en valencia
51254,muy buena ubicación y es un hotel muy limpio
51256,"buena ubicación, bonita habitación, buen desayuno"
51258,BIEN
51259,BIEN
51261,un hotel razonable en una excelente ubicación
51262,"Disfruté del hotel, la ubicación y la gran ciudad."
51263,buena opción para una visita corta
51264,BIEN
51266,bonito hotel cerca de las atracciones
51267,BIEN
51268,una buena estancia
51270,corta estancia en valencia
51272,Ubicación fantástica para una escapada rápida a la ciudad.
51274,"En general, disfrutamos nuestra estancia en el hotel."
51275,"excelente ubicación, personal agradable!"
51276,buen hotel comodo
51279,"Excelente ubicación en Valencia, habitaciones cómodas y personal servicial."
51281,Lo haría de nuevo.
51283,excelente ubicación y personal amable
51285,excelente ubicación con excelentes tiendas y restaurantes justo al lado de la ciudad de las artes y ciencias
51287,"Bonitas instalaciones, pero no personal profesional que tiene que saber qué significa."
51290,"Tuvimos una estancia estupenda mientras estábamos en Valencia para la boda de mi hermano. El hotel estaba en una excelente ubicación, a poca distancia de"
51292,BIEN
51295,BIEN
51296,"Excelente ubicación, buena relación calidad-precio."
51297,BIEN
51298,"Excelente ubicación, pero las habitaciones necesitan una mejora."
51299,gran breve descanso.
51300,La próxima vez probaremos en otro hotel.
51302,Cobraron como un hotel de 3 estrellas y no vale la pena lo que hemos pagado.
51303,"excelente ubicación y desayuno. Por lo demás, no vale la pena el dinero."
51305,El personal era muy agradable pero no me alojaría allí de nuevo.
51306,No te sientes como un hotel ilunion.
51307,"No está mal, pero el hotel puede hacerlo mejor."
51308,excepcional
51309,excepcional
51310,aceptable
51311,mal aire acondicionado
51313,excepcional
51314,Espero que tengamos una mejor estadía esta semana en ilunion aqua 4.
51315,excepcional
51316,perfección
51317,"excelente, me encanta."
51319,"Excelente ubicación, excelentes restaurantes cerca."
51320,excepcional
51321,ok muy caro con perro
51322,excepcional
51323,excepcional
51324,¡excelente! el servicio de limpieza fue fabuloso. personal amable y hablan inglés. muy útil y en general una gran experiencia
51325,fue muy lindo. volveré
51326,todo perfecto!
51327,excepcional
51328,excepcional
51329,excepcional
51330,aceptable.
51331,"Lo suficientemente cómodo, pero la falta de espacio de almacenamiento es un gran problema."
51332,5 inicio
51333,El hotel tiene una excelente ubicación y está bien si solo necesitas un lugar para dormir cuando viajas.
51334,absolutamente genial
51335,Buena parada para escala y uno o dos días en Valencia.
51336,mmm bien
51337,excepcional
51338,Cumplimos con el ruido de la habitación pero no nos trasladaron a otra habitación.
51339,excepcional
51340,vacaciones de verano
51341,promedio
51342,perfecto
51344,"Excelente ubicación, buen hotel, habitación básica pero bien equipada. Lástima del mal nivel del colchón."
51345,promedio
51346,demasiado caro mala calidad
51347,excepcional
51348,todo bien
51349,no vale la pena el precio
51350,Ubicación perfecta de un hotel de 1 estrella con un precio de 3 estrellas.
51351,minimalista basico
51352,bien
51353,excepcional
51354,no volveré
51355,pésimo
51356,¡La peor experiencia de mi vida!
51357,terrible estancia de una noche antes del vuelo temprano por la mañana
51358,El precio podría ser un poco más bajo dadas las circunstancias.
51359,pésimo
51360,momento perfecto
51361,excelente estancia
51362,aceptable
51364,no tiene valor para el dinero
51365,Por una noche es suficiente.
51366,gran lugar para quedarse
51367,ubicación fantástica
51368,derecho a pasar y continuar como lo hicimos y los precios en la ciudad estaban en el nivel más alto debido a un feriado bancario en el país.
51369,ubicación
51371,the best hotel in valencia! grasias mucho!
51372,engañoso.
51373,excepcional
51374,Escapada de fin de semana familiar perfecta para explorar los museos y el parque de vida marina.
51375,no volvería.
51376,una estancia horrible y no volveré
51378,excepcional
51379,buena ubicación
51380,habitaciones sencillas y fáciles
51381,Estamos muy contentos con nuestra estancia. Disfrutamos de todo lo que la propiedad puede ofrecer.
51382,fantástica ubicación
51383,demasiado caro
51384,"personal amable, habitaciones limpias, muy recomendable"
51385,muy cerca del acuario.
51386,Uno de los hoteles urbanos más bonitos en los que nos hemos alojado.
51387,aceptable
51388,Un alojamiento caro que necesita atención.
51389,excepcional
51391,excepcional
51392,mal
51393,muy mala experiencia
51394,dicho suficiente
51396,buen personal y ubicación.
51398,BIEN
51399,Calma
51400,pequeña visita a valencia de camino al sur.
51403,BIEN
51407,buena experiencia
51408,BIEN
51409,muy correcto
51410,"Hotel en un gran lugar, sin duda volveremos."
51412,Alojamiento muy conveniente durante su visita a Valencia. La excelente ubicación permite hacer turismo sin necesidad de transporte.
51414,gran hotel para unas cuantas noches
51418,vale la pena repetir
51420,ideal para un viaje corto al distrito de los museos
51421,Recomendado tanto para un viaje de negocios como para un fin de semana en familia.
51422,excelente ubicación en valencia
51424,BIEN
51426,BIEN
51427,para volver a hacerlo sin problema
51428,el mejor
51429,BIEN
51433,BIEN
51435,excelente ubicación
51436,hotel superior superior
51437,correcto por un 3
51438,hotel en una excelente ubicación y con excelentes servicios
51439,BIEN
51440,Excelente ubicación cerca de todo.
51443,"Ubicación perfecta, hotel inferior."
51445,BIEN
51446,Delicioso
51447,parfait
51448,un dia maravilloso en valencia
51451,"es ordenado, culto y tiene buena ubicación."
51452,hace25
51457,Bonito hotel para disfrutar plenamente de Valencia.
51458,buena relación calidad-precio
51459,gran estancia
51460,todo bien
51462,Está bien
51464,gran hotel en la misma ubicación
51465,buena ubicación
51467,en general: excelente estancia
51468,BIEN
51469,"Eficiente, cómodo y cerca de centro comercial con restaurantes y tiendas importantes."
51471,BIEN
51473,una excelente opción para visitar valencia
51474,hotel en un centro comercial y cerca de todo
51476,BIEN
51478,una buena estancia
51481,BIEN
51482,Error 500 (Server Error)!!1500.That’s an error.There was an error. Please try again later.That’s all we know.
51483,1
51484,Muy adecuado para visitar el acuario.
51485,"Excelente ubicación, el precio refleja la calidad."
51489,nada que decir
51491,Ubicación perfecta y buena relación calidad/precio.
51492,BIEN
51494,recomendado para estancias cortas
51495,3 próximos en Valencia para el Ironman
51496,BIEN
51497,Frío
51498,hotel muy bien ubicado
51500,nos encanta
51502,valencia con familia
51504,bueno por poco tiempo
51505,Buena opción para viaje de negocios.
51506,BIEN
51507,Buen hotel para un viaje a la ciudad.
51508,funcional3
51510,"Si es posible, elija ilinion aqua 4 en lugar de ilinion aqua 3, así que habrá mejores habitaciones y vistas mucho mejores."
51511,excelente 3 estrellas
51512,muy buena ubicacion!
51513,BIEN
51514,válido
51517,"Excelente ubicación, esto compensó la falta de desayuno y habitación pequeña."
51518,"Muy recomendable, muy económico y, sin embargo, limpio y moderno."
51519,estancia maravillosa
51521,BIEN
51522,prima!
51523,BIEN
51525,BIEN
51526,lindo
51528,BIEN
51529,BIEN
51530,BIEN
51531,excelente ubicación.
51532,"Recomendable en general, ubicado en un centro comercial."
51533,BIEN
51534,corta estancia en valencia
51535,BIEN
51536,"la ubicación fue lo mejor para nosotros, recomiendo el hotel pero si se trata de max. Pasamos 2 noches allí."
51537,vacanza caliente
51539,compilamos aqua3
51540,la relación calidad-precio era buena.
51542,buena relación precio-rendimiento
51543,En general una estancia favorable.
51544,no queríamos irnos. La ciudad es muy bonita y te dan ganas de quedarte allí.
51545,Extremadamente hermosa
51547,"El hotel está en una ubicación privilegiada. Alojamiento viejo y desgastado, parece una habitación de estudiantes con trastos viejos. desayuno bien."
51550,Óptimo
51552,BIEN
51553,boa
51554,BIEN
51555,podemos hacerlo mejor
51556,BIEN
51558,correctamente
51559,"Excelente ubicación, algo mala atención al detalle."
51560,BIEN
51562,gran estancia
51563,BIEN
51564,BIEN
51565,bueno pero se puede mejorar
51566,precio rendimiento perfecto
51568,hotel cerca de la ciudad de las ciencias
51570,lo pasamos muy bien
51573,lavandería para hacer
51575,aconsejable
51576,divertido
51577,BIEN
51580,excelente
51582,BIEN
51584,En general fue una estancia estupenda.
51587,BIEN
51588,Definitivamente vale la pena regresar. lo pasamos muy bien.
51589,recomendado para familias
51590,Todo bien
51594,bonito hotel
51595,entusiasta.
51596,BIEN
51598,BIEN
51602,viaje con amigos
51603,BIEN
51604,BIEN
51606,¡Valencia merece un viaje!
51609,relajante y muy satisfactorio
51610,BIEN
51611,adecuado
51612,"estancia de negocios. El hotel está situado cerca del parque, pero muy lejos del centro y de la playa."
51613,"excelente, nos sentimos muy bien en el ilunion aqua 3 cara sonriendo con estrellas"
51614,3 noches en valencia
51616,hotel limpio y bien ubicado
51617,BIEN
51619,
51620,buenas críticas
51621,"Hotel no nuevo, un poco caro. Hotel muy bien situado en relación a la ciudad de las ciencias. muy bien atendido por b"
51622,bonito hotel con comodidades
51623,Perfecto para un viaje a la ciudad.
51624,Altamente recomendado para una estancia en la bella Valencia.
51625,BIEN
51626,Excelente ubicación pero desayuno con muy poca variedad.
51628,encuentra el perfecto!
51630,hotel ideal para descubrir Valencia
51631,BIEN
51635,"Nos gustó mucho nuestra estancia, cerca de todo, entorno muy bonito."
51636,ideal de compras y ocio
51637,BIEN
51638,4-
51642,un buen punto de partida para el oceanario
51644,buena opción en valencia
51646,bueno para explorar la ciudad
51647,Excelente ubicación para familias!
51648,hacer la parte superior
51651,relajante
51652,Hotel poco atractivo pero no compromete
51655,sigue siendo una estancia agradable
51659,excelente experiencia. aconsejado
51662,en general bien
51663,muy recomendable!
51664,¡mah!
51665,pequeño
51666,camera con vista sulla ciudad de las artes y las ciencias
51668,Estancia agradable tanto en el hotel como en Valencia.
51669,Todo fue excelente excepto la habitación no funcional y pequeña.
51670,buena ubicación para visitar la ciudad de las artes y las ciencias
51672,BIEN
51673,Bonito hotel con personal agradable y habitaciones limpias.
51676,excelente ubicación y hotel!
51677,excelente hotel para aquellos que quieran visitar valencia
51678,BIEN
51679,BIEN
51680,
51683,bella sorpresa a valencia
51684,faltaban algunos servicios básicos como caja fuerte y minibar
51685,"Todo estuvo muy bien, lo único que puedo decir es que no cambiaron las toallas ni una sola vez en 3 días."
51686,hotel con habitación muy básica
51687,prima hotel.
51689,Bien
51690,nos ha encantado
51691,BIEN
51693,Hotel agradable y muy céntrico para visitar Valencia.
51694,BIEN
51696,evalúa el
51698,"magnífico, muy limpio, cómodo y tranquilo"
51699,excelente ubicación para descubrir valencia
51700,"Excelente solución para una pareja que quiere estar cerca del mar, servicios comerciales y el bioparque."
51701,dos noches en valencia
51702,¡¡Estaba muy cerca de la perfección!!
51703,Apto para todo tipo de personas para unas estupendas vacaciones.
51704,"excelente ubicación, limpieza y malos servicios"
51706,intentarlo
51707,bueno
51709,más que suficiente para un viaje a la ciudad de 5 noches
51712,Estancia de 7 noches en agosto.
51713,BIEN
51715,en general la estructura es suficiente
51716,gigante hotelero
51719,estancia de una noche en viaje de vacaciones
51720,Hotel muy decente para hacer escala en Valencia y disfrutar del museo de ciencias.
51723,En general una estancia agradable
51724,habitación muy cómoda y desayuno buffet bien surtido a un paso de la ciudad de las ciencias
51725,"Excelente ubicación y desayuno, limpio y excelente personal."
51727,hotel confortable al lado del acuario
51731,buena estancia
51732,¡Que tengas una buena estancia excepto por la presencia de chinches!
51738,trabajo bueno pero imprevisto y desagradable
51742,Fui con ella por segunda vez y estoy realmente satisfecho: recomiendo uji. Probaré illunion 4 el próximo
51743,excelente ubicación
51744,estancia muy agradable
51745,"Comodidad, limpieza y excelente desayuno."
51748,BIEN
51750,BIEN
51751,"bonito, limpio, verde."
51752,esperaba un poco mas
51754,en general un hotel decente
51755,buenos dias en valencoa
51759,para repetir
51761,Estoy extremadamente satisfecho y definitivamente regresaré allí.
51763,"Está bien para un viaje corto, lamentablemente no para uno más largo."
51765,valió la pena
51766,fue una estancia agradable
51771,vikend u valensiji
51776,El rendimiento del precio estuvo bien
51779,cómodo
51780,parfait
51782,viaje de 5 días a la ciudad
51783,BIEN
51784,"estancia maravillosa, pero colchón duro"
51786,excelente ubicación para descubrir Valencia
51788,La estancia fue perfecta y definitivamente la recomendaríamos a otros.
51789,ciudad y playa
51790,Felizmente me quedaría aquí de nuevo.
51793,Bonito hotel económico con habitaciones amplias y cuidadas.
51794,súper hotel
51795,bien para pasar una noche
51796,BIEN
51797,excelente ubicación
51798,"un buen hotel, sin aspectos destacados."
51803,Excelente experiencia con algunas mejoras por hacer.
51807,satisfecho
51808,hotel muy bien ubicado en valencia personal a la altura de la amabilidad
51810,bueno nada mas
51811,podría haber sido mejor
51812,Bueno y práctico sin ningún reclamo.
51814,BIEN
51815,¡Valencia nunca decepciona! illunion podría mejorar el potencial ¿existe?
51816,estuvo bien.
51817,excepcional
51818,excepcional
51819,todo perfecto recomendado
51821,no satisfecho
51823,"estamos en el cuarto hotel de nuestro viaje que pasamos en barcelona, ​​valencia 2 hoteles y madrid ess"
51825,¡No vale la pena el dinero!
51827,excepcional
51828,Óptimo
51829,está bien
51830,excepcional
51831,excepcional
51832,excepcional
51833,agradable descubrimiento
51834,ir a la ubicación y sale e
51836,excepcional
51837,excepcional
51838,excepcional
51839,excepcional
51840,excepcional
51842,Fantástico
51843,todo humo pero no fuego
51844,estancia familiar de una semana
51845,malo
51846,Nos decepcionó el hotel comparable a la cadena ibis.
51847,pasable
51848,mala experiencia
51849,disam gire de un extremo a otro.
51850,excepcional
51852,excepcional
51853,excelente
51854,pésimo servicio resolvió los problemas
51855,Gracias por localizarlo
51856,excepcional
51857,excelente ubicación y excelente desayuno
51858,no vale la pena repetir
51861,mal
51862,estuvo bien
51864,Para un hotel de tres estrellas la relación precio/prestaciones no se justifica.
51865,aceptable
51869,horrible
51870,Personal agradable pero no volvería.
51871,no recomendado
51872,personal promedio pero agradable.
51873,"ciudad muy agradable, hotel con servicios minimos"
51874,excepcional
51875,mal
51876,¿Cómo es que las Fallas 2026 otra vez?
51877,excepcional
51879,aceptable
51882,", .              ."
51883,excepcional
51884,"muchos lugares interesantes para ver, empezando por el parque acuático"
51885,una ciudad a escala humana
51887,No volvería a este hotel.
51889,¡excelente!
51890,excepcional
51891,excepcional
51892,excepcional
51893,falta de información sobre el precio del perro
51894,Vale la pena experimentar la ciudad porque es hermosa.
51895,excepcional
51896,excepcional
51897,excepcional
51898,excepcional
51899,"elogios para el personal, pero la estructura no vale el dinero gastado."
51901,Hotel moderno en una excelente ubicación.
51902,excepcional
51903,excepcional
51904,todo hermoso
51905,mal
51906,excepcional
51907,excelente estancia
51909,excepcional
51911,excepcional
51912,aceptable
51913,Hotel de 3 estrellas sin armario y frigorífico inaceptable.
51914,excepcional
51915,excelente estancia
51917,huir
51920,excepcional
51921,muy malo
51922,"Volvimos dos veces, viaje por etapas y a la vuelta volvimos a elegir ilunion."
51923,Hotel con malas instalaciones por el precio cobrado.
51925,mal
51926,excepcional
51927,bueno por 1 noche
51928,excepcional
51929,aceptable
51931,"De todos los hoteles en los que me alojé en España, este fue el único que no me gustó, principalmente por el precio."
51933,Descubre Valencia cómodamente desde aquí
51934,excepcional
51935,excepcional
51936,bueno
51937,aceptable
51938,"Bueno en cuanto al personal y al desayuno, de lo contrario no te quedas en la habitación para divertirte."
51939,conveniente para la ubicación
51940,Bueno pero con poco se puede mejorar mucho.
51941,¡Valencia es una ciudad fantástica! para visitar absolutamente
51944,excepcional
51945,bien posicionado
51946,mínimo sindical.
51947,regular
51949,Absolutamente bien para una estancia corta.
51950,"excelente ubicación, excelente personal"
51951,uno de los hoteles favoritos
51953,"excelente ubicación, lo recomiendo mucho!"
51956,aceptable
51957,malo
51959,pésimo
51960,excepcional
51961,aceptable
51962,volveré
51963,excepcional
51964,perfecto
51965,"Ubicación, personal y colchones de la cama perfectos, no descanses. No recomendado. demasiado"
51966,excelente experiencia en valencia
51967,"muy bueno, me encantó!"
51968,razonable
51969,"un hotel moderno, aunque no muy bien situado, donde pasar unos días."
51970,excepcional
51971,excepcional
51972,excepcional
51973,bueno
51974,aceptable
51976,excepcional
51978,aceptable
51979,mal
51980,Hotel confortable pero servicios a mejorar.
51981,Óptimo
51983,bueno pero no genial
51984,gran bienvenida y ubicación perfecta
51985,establecimiento cerca de todo excelente
51986,Fantástico. También reservado para el próximo año.
51987,excepcional
51988,una semana en Valencia con comodidad
51990,excepcional
51991,excepcional
51992,lo suficiente
51993,BIEN
51994,aceptable
51995,buena ubicación
51996,evitar
51998,Recomendado sólo por la ubicación y la amabilidad del personal.
51999,aceptable
52001,excepcional
52003,excepcional
52004,es suficiente para una noche.
52005,perfecto para niños
52006,excepcional
52009,excepcional
52010,buena estancia
52011,Está bien para un viaje a la ciudad donde pasas mucho tiempo en la habitación. por el precio pero no tan bajo
52012,"Buena ubicación y no tan caro, pero no volvería a ir al hotel."
52014,excepcional
52015,"muy buena ubicación, personal agradable y sonriente, colchón incómodo y mala insonorización"
52016,excelente ubicación y relación calidad-precio
52017,"Excelente ubicación, faltan servicios."
52024,BIEN
52030,BIEN
52032,BIEN
52037,BIEN
52040,BIEN
52041,BIEN
52047,BIEN
52048,BIEN
52049,BIEN
52055,BIEN
52061,BIEN
52065,BIEN
52073,BIEN
52077,BIEN
52083,BIEN
52086,BIEN
52090,BIEN
52092,BIEN
52100,BIEN
52107,BIEN
52110,BIEN
52111,BIEN
52114,BIEN
52118,BIEN
52119,BIEN
52120,BIEN
52131,BIEN
52149,BIEN
52151,BIEN
52154,BIEN
52156,BIEN
52161,BIEN
52163,BIEN
52169,BIEN
52171,BIEN
52189,BIEN
52204,BIEN
52210,BIEN
52212,BIEN
52214,BIEN
52229,BIEN
52230,BIEN
52231,BIEN
52236,BIEN
52240,BIEN
52241,BIEN
52243,BIEN
52246,BIEN
52253,BIEN
52255,BIEN
52264,BIEN
52266,BIEN
52267,BIEN
52273,BIEN
52274,BIEN
52275,BIEN
52277,BIEN
52280,BIEN
52282,BIEN
52286,BIEN
52292,BIEN
52297,BIEN
52304,BIEN
52306,BIEN
52312,BIEN
52317,BIEN
52325,BIEN
52326,BIEN
52327,BIEN
52328,BIEN
52332,BIEN
52337,BIEN
52340,BIEN
52344,BIEN
52348,BIEN
52349,BIEN
52351,BIEN
52356,BIEN
52359,BIEN
52364,BIEN
52365,BIEN
52366,BIEN
52374,BIEN
52375,BIEN
52376,BIEN
52382,BIEN
52388,BIEN
52390,BIEN
52394,BIEN
52395,BIEN
52399,BIEN
52401,BIEN
52404,BIEN
52406,BIEN
52412,BIEN
52415,BIEN
52425,BIEN
52429,BIEN
52430,BIEN
52433,BIEN
52437,BIEN
52438,BIEN
52439,BIEN
52440,BIEN
52447,BIEN
52453,BIEN
52463,BIEN
52464,BIEN
52469,BIEN
52478,BIEN
52479,BIEN
52480,BIEN
52481,BIEN
52486,BIEN
52487,BIEN
52491,BIEN
52493,BIEN
52502,BIEN
52508,BIEN
52517,BIEN
52520,BIEN
52521,BIEN
52528,BIEN
52531,BIEN
52539,BIEN
52540,BIEN
52542,BIEN
52544,BIEN
52547,BIEN
52548,muy bine
52549,BIEN
52556,BIEN
52557,BIEN
52558,BIEN
52559,BIEN
52560,BIEN
52566,BIEN
52567,BIEN
52571,BIEN
52576,BIEN
52578,BIEN
52580,BIEN
52581,BIEN
52583,BIEN
52586,BIEN
52593,BIEN
52595,BIEN
52597,BIEN
52610,BIEN
52613,BIEN
52615,BIEN
52616,BIEN
52620,BIEN
52622,BIEN
52623,BIEN
52632,BIEN
52633,BIEN
52634,BIEN
52638,BIEN
52642,BIEN
52643,BIEN
52644,BIEN
52646,BIEN
52648,BIEN
52650,BIEN
52653,BIEN
52654,BIEN
52664,BIEN
52666,BIEN
52669,BIEN
52672,BIEN
52679,BIEN
52684,BIEN
52686,BIEN
52695,BIEN
52697,BIEN
52700,BIEN
52701,BIEN
52704,BIEN
52706,BIEN
52708,BIEN
52710,BIEN
52718,BIEN
52720,BIEN
52729,excepcional
52730,excepcional
52731,excepcional
52732,excepcional
52735,excepcional
52736,excepcional
52737,excepcional
52739,excepcional
52740,aceptable
52741,aceptable
52742,excepcional
52743,excepcional
52744,excepcional
52745,excepcional
52746,excepcional
52747,aceptable
52748,excepcional
52749,excepcional
52750,aceptable
52752,excepcional
52754,excepcional
52755,excepcional
52756,excepcional
52757,excepcional
52758,excepcional
52759,excepcional
52760,excepcional
52761,excepcional
52762,aceptable
52763,excepcional
52764,excepcional
52765,excepcional
52766,excepcional
52769,excepcional
52770,excepcional
52771,excepcional
52772,aceptable
52773,excepcional
52775,aceptable
52776,excepcional
52777,aceptable
52778,excepcional
52780,excepcional
52782,mal
52783,excepcional
52785,excepcional
52786,aceptable
52789,aceptable
52790,excepcional
52791,excepcional
52792,excepcional
52793,excepcional
52794,excepcional
52795,excepcional
52796,aceptable
52797,excepcional
52798,pésimo
52799,excepcional
52800,excepcional
52801,aceptable
52802,excepcional
52803,excepcional
52804,excepcional
52805,excepcional
52806,excepcional
52807,aceptable
52808,aceptable
52809,excepcional
52810,excepcional
52811,aceptable
52812,excepcional
52813,excepcional
52814,excepcional
52816,excepcional
52817,excepcional
52818,excepcional
52819,excepcional
52820,excepcional
52821,excepcional
52822,excepcional
52823,excepcional
52824,excepcional
52825,excepcional
52826,excepcional
52827,pésimo
52828,aceptable
52829,excepcional
52830,excepcional
52831,aceptable
52833,excepcional
52834,muy mal
52835,excepcional
52836,excepcional
52837,excepcional
52838,aceptable
52839,excepcional
52840,excepcional
52841,excepcional
52844,excepcional
52845,excepcional
52846,excepcional
52847,excepcional
52848,excepcional
52849,excepcional
52850,excepcional
52851,excepcional
52852,excepcional
52853,pésimo
52854,excepcional
52855,excepcional
52856,excepcional
52857,excepcional
52858,excepcional
52859,excepcional
52860,excepcional
52861,excepcional
52862,excepcional
52863,excepcional
52864,excepcional
52865,excepcional
52866,aceptable
52868,pésimo
52869,excepcional
52870,excepcional
52871,excepcional
52872,excepcional
52873,excepcional
52874,excepcional
52877,excepcional
52878,excepcional
52879,excepcional
52880,excepcional
52881,excepcional
52883,aceptable
52884,excepcional
52885,aceptable
52886,excepcional
52887,excepcional
52888,excepcional
52890,excepcional
52891,excepcional
52892,excepcional
52893,excepcional
52894,excepcional
52896,aceptable
52898,excepcional
52900,aceptable
52901,aceptable
52903,excepcional
52904,excepcional
52906,excepcional
52908,excepcional
52909,excepcional
52910,excepcional
52911,excepcional
52912,excepcional
52914,excepcional
52915,excepcional
52916,excepcional
52919,excepcional
52920,excepcional
52921,excepcional
52923,excepcional
52924,excepcional
52925,excepcional
52926,excepcional
52928,excepcional
52929,excepcional
52931,excepcional
52933,excepcional
52934,excepcional
52936,excepcional
52938,pésimo
52939,excepcional
52940,excepcional
52941,excepcional
52942,excepcional
52944,excepcional
52945,excepcional
52946,excepcional
52948,excepcional
52949,excepcional
52950,excepcional
52951,aceptable
52952,excepcional
52953,excepcional
52954,excepcional
52955,excepcional
52956,excepcional
52957,excepcional
52958,excepcional
52959,excepcional
52961,excepcional
52963,excepcional
52964,excepcional
52965,aceptable
52966,excepcional
52967,excepcional
52968,excepcional
52969,mal
52971,excepcional
52972,excepcional
52975,excepcional
52976,excepcional
52977,excepcional
52978,excepcional
52979,excepcional
52980,excepcional
52981,excepcional
52983,excepcional
52984,excepcional
52986,excepcional
52987,excepcional
52988,excepcional
52989,excepcional
52990,excepcional
52991,excepcional
52992,mal
52993,mal
52994,excepcional
52995,excepcional
52996,excepcional
52997,excepcional
52998,excepcional
52999,aceptable
53000,excepcional
53001,excepcional
53002,excepcional
53004,aceptable
53005,excepcional
53007,excepcional
53009,excepcional
53010,excepcional
53011,excepcional
53013,excepcional
53014,excepcional
53015,excepcional
53016,excepcional
53017,excepcional
53018,excepcional
53019,excepcional
53020,excepcional
53021,excepcional
53022,excepcional
53023,excepcional
53024,excepcional
53025,excepcional
53026,excepcional
53027,excepcional
53029,excepcional
53030,excepcional
53031,aceptable
53033,excepcional
53034,excepcional
53035,excepcional
53036,excepcional
53037,excepcional
53038,excepcional
53042,excepcional
53043,excepcional
53044,excepcional
53045,excepcional
53046,excepcional
53047,excepcional
53048,excepcional
53049,excepcional
53050,aceptable
53051,excepcional
53052,excepcional
53055,excepcional
53056,excepcional
53057,excepcional
53058,aceptable
53059,excepcional
53062,excepcional
53063,excepcional
53064,excepcional
53066,excepcional
53067,excepcional
53068,excepcional
53069,excepcional
53071,excepcional
53073,excepcional
53074,excepcional
53075,excepcional
53076,aceptable
53077,muy mal
53078,excepcional
53079,aceptable
53080,excepcional
53081,aceptable
53082,excepcional
53083,excepcional
53084,excepcional
53085,excepcional
53086,excepcional
53087,excepcional
53089,excepcional
53091,excepcional
53092,excepcional
53093,excepcional
53095,excepcional
53096,excepcional
53097,excepcional
53098,excepcional
53099,excepcional
53100,aceptable
53101,excepcional
53102,excepcional
53104,aceptable
53105,excepcional
53106,excepcional
53109,excepcional
53110,aceptable
53111,excepcional
53112,excepcional
53113,excepcional
53114,excepcional
53115,excepcional
53116,excepcional
53117,excepcional
53118,excepcional
53119,excepcional
53121,pésimo
53122,excepcional
53124,excepcional
53125,excepcional
53126,aceptable
53129,excepcional
53130,excepcional
53131,aceptable
53132,aceptable
53133,aceptable
53134,excepcional
53135,excepcional
53136,mal
53139,excepcional
53140,excepcional
53141,excepcional
53142,excepcional
53145,excepcional
53146,excepcional
53149,BIEN
53151,BIEN
53152,BIEN
53154,BIEN
53168,BIEN
53170,BIEN
53173,BIEN
53178,BIEN
53180,BIEN
53181,BIEN
53185,BIEN
53188,BIEN
53191,buena ubicación y buen hotel
53194,BIEN
53195,BIEN
53197,BIEN
53198,BIEN
53200,BIEN
53212,BIEN
53213,BIEN
53214,BIEN
53224,BIEN
53229,BIEN
53233,BIEN
53237,BIEN
53239,BIEN
53242,BIEN
53246,BIEN
53248,BIEN
53249,BIEN
53250,BIEN
53251,BIEN
53252,pésimo
53255,excepcional
53256,excepcional
53257,aceptable
53259,excepcional
53260,excepcional
53261,excepcional
53262,excepcional
53263,pésimo
53264,excepcional
53265,excepcional
53266,mal
53267,excepcional
53269,excepcional
53270,excepcional
53271,excepcional
53272,aceptable
53273,excepcional
53275,excepcional
53276,excepcional
53277,excepcional
53278,excepcional
53279,excepcional
53280,excepcional
53281,excepcional
53282,excepcional
53283,excepcional
53284,mal
53285,excepcional
53286,excepcional
53287,excepcional
53288,excepcional
53289,excepcional
53290,excepcional
53291,excepcional
53292,excepcional
53293,aceptable
53294,aceptable
53296,excepcional
53297,aceptable
53298,excepcional
53299,excepcional
53300,excepcional
53301,aceptable
53302,excepcional
53303,excepcional
53305,aceptable
53307,excepcional
53308,excepcional
53309,excepcional
53310,excepcional
53311,excepcional
53312,excepcional
53313,excepcional
53314,aceptable
53315,por debajo de las expectativas
53316,excepcional
53317,excepcional
53319,excepcional
53320,excepcional
53321,excepcional
53322,excepcional
53324,excepcional
53325,excepcional
53326,excepcional
53327,excepcional
53328,excepcional
53329,excepcional
53330,excepcional
53331,excepcional
53332,excepcional
53333,pésimo
53334,excepcional
53337,excepcional
53338,mal
53340,aceptable
53343,mal
53347,excepcional
53350,BIEN
53357,BIEN
53367,BIEN
53368,BIEN
53374,BIEN
53378,BIEN
53381,BIEN
53384,BIEN
53389,"p de paso, y me encanta pasar la noche en valencia, salir a comer y disfrutar del parque del turia"
53394,BIEN
53400,BIEN
53402,BIEN
53405,BIEN
53411,BIEN
53420,BIEN
53425,todo bastante bien.
53426,BIEN
53431,BIEN
53443,BIEN
53444,BIEN
53452,BIEN
53454,BIEN
53456,BIEN
53458,BIEN
53460,BIEN
53463,BIEN
53465,BIEN
53471,BIEN
53478,BIEN
53480,BIEN
53487,BIEN
53496,BIEN
53498,BIEN
53506,BIEN
53507,BIEN
53508,BIEN
53511,BIEN
53512,BIEN
53514,BIEN
53516,BIEN
53519,BIEN
53523,BIEN
53524,BIEN
53539,BIEN
53540,BIEN
53541,BIEN
53545,BIEN
53551,BIEN
53552,localiza el excelente
53554,BIEN
53560,BIEN
53565,BIEN
53566,BIEN
53571,BIEN
53572,BIEN
53578,BIEN
53586,BIEN
53587,BIEN
53590,excelente estructura
53591,BIEN
53598,BIEN
53604,BIEN
53607,BIEN
53608,BIEN
53610,BIEN
53615,BIEN
53627,una noche no es suficiente
53629,BIEN
53637,BIEN
53638,BIEN
53639,BIEN
53644,BIEN
53647,BIEN
53654,BIEN
53655,BIEN
53656,hotel en muy buena posición para visitar el acuario y el museo de ciencias; a poca distancia de la playa.
53657,BIEN
53658,BIEN
53659,BIEN
53661,Excelente ubicación cerca de la ciudad artes ciencias. personal ultra amable. muy recomendado
53662,BIEN
53665,BIEN
53670,BIEN
53675,BIEN
53681,BIEN
53682,BIEN
53684,BIEN
53692,personal acogedor y amable
53694,BIEN
53700,BIEN
53703,BIEN
53713,BIEN
53717,felizmente volveria
53718,BIEN
53719,BIEN
53723,BIEN
53724,BIEN
53726,BIEN
53729,BIEN
53730,BIEN
53731,1
53735,BIEN
53739,BIEN
53749,BIEN
53756,BIEN
53757,BIEN
53761,BIEN
53762,BIEN
53768,BIEN
53769,BIEN
53770,BIEN
53778,BIEN
53779,BIEN
53780,se fue de un viaje
53781,BIEN
53794,excepcional
53797,excepcional
53798,aceptable
53799,excepcional
53800,excepcional
53801,mal
53802,excepcional
53803,excepcional
53804,excepcional
53805,excepcional
53806,excepcional
53807,excepcional
53808,aceptable
53809,excepcional
53811,aceptable
53812,aceptable
53815,excepcional
53816,excepcional
53817,excepcional
53819,excepcional
53820,excepcional
53821,excepcional
53822,aceptable
53823,excepcional
53824,mal
53826,excepcional
53827,excepcional
53828,excepcional
53830,excepcional
53832,excepcional
53833,excepcional
53834,excepcional
53835,mal
53836,excepcional
53838,excepcional
53842,excepcional
53843,excepcional
53844,excepcional
53845,excepcional
53846,excepcional
53847,excepcional
53848,excepcional
53849,excepcional
53850,excepcional
53851,excepcional
53852,excepcional
53854,excepcional
53855,excepcional
53856,excepcional
53857,excepcional
53858,excepcional
53859,excepcional
53860,excepcional
53861,arriba
53863,excepcional
53865,excepcional
53867,muy mal
53868,excepcional
53869,excepcional
53870,excepcional
53871,excepcional
53872,muy mal
53873,excepcional
53875,excepcional
53876,excepcional
53877,excepcional
53878,excepcional
53879,excepcional
53880,muy mal
53881,excepcional
53882,excepcional
53883,aceptable
53884,excepcional
53885,aceptable
53887,excepcional
53891,excepcional
53892,excepcional
53893,excepcional
53894,excepcional
53895,excepcional
53896,aceptable
53897,excepcional
53900,excepcional
53902,excepcional
53903,excepcional
53904,excepcional
53905,excepcional
53907,excepcional
53908,excepcional
53909,excepcional
53910,excepcional
53914,excepcional
53915,excepcional
53916,excepcional
53917,excepcional
53918,excepcional
53919,excepcional
53920,excepcional
53921,excepcional
53922,excepcional
53924,excepcional
53925,excepcional
53926,excepcional
53927,excepcional
53928,excepcional
53929,muy mal
53930,excepcional
53931,aceptable
53932,excepcional
53933,excepcional
53934,excepcional
53935,excepcional
53936,excepcional
53937,excepcional
53938,excepcional
53939,excepcional
53940,excepcional
53941,excepcional
53943,excepcional
53944,excepcional
53945,excepcional
53946,excepcional
53947,excepcional
53949,excepcional
53950,excepcional
53951,excepcional
53952,excepcional
53954,excepcional
53955,excepcional
53956,excepcional
53958,aceptable
53959,excepcional
53961,excepcional
53963,excepcional
53965,excepcional
53966,excepcional
53967,excepcional
53968,excepcional
53970,excepcional
53971,agradable
53972,excepcional
53973,excepcional
53974,mal
53976,excepcional
53977,excepcional
53978,aceptable
53979,excepcional
53980,muy mal
53981,excepcional
53982,excepcional
53984,excepcional
53985,excepcional
53986,aceptable
53988,excepcional
53989,excepcional
53990,excepcional
53992,excepcional
53994,excepcional
53995,excepcional
53996,aceptable
53998,excepcional
53999,agradable
54001,BIEN
54005,BIEN
54010,BIEN
54011,excepcional
54012,repetiré si vuelvo a valencia
54017,para repetir
54023,BIEN
54027,BIEN
54028,para repetir
54032,bueno
54035,para repetir
54045,genial en general
54051,escapada deportiva.
54059,BIEN
54064,BIEN
54066,BIEN
54076,buena en general
54079,BIEN
54081,amabilidad
54082,recomendable y volveré.
54086,BIEN
54093,cumplió espectativas
54101,BIEN
54103,está bien
54108,bien en general
54111,BIEN
54116,viaje puntual
54119,tranquilo
54131,bueno
54133,excelente
54136,i
54139,BIEN
54145,volveria
54146,caro pero bueno
54149,volvería
54150,estancia perfecta.
54157,a gusto
54162,perfecta
54167,BIEN
54170,BIEN
54173,bueno bonito barato
54177,volveria a repetir
54189,razonable
54191,recomendado
54194,genial
54206,buen hotel en valencia
54213,relajarse
54216,BIEN
54227,BIEN
54233,BIEN
54235,aceptable
54237,bueno
54239,BIEN
54244,estancia casi perfecta
54254,para repetir
54261,repetire
54265,BIEN
54275,genial
54277,BIEN
54278,BIEN
54282,volveré a repetir
54291,ver ubicación
54297,BIEN
54298,paz
54314,BIEN
54329,escapada corta
54333,vale la pena
54335,muy buena.
54336,BIEN
54338,opcion a considerar
54342,BIEN
54352,BIEN
54354,BIEN
54355,BIEN
54356,BIEN
54357,excelente
54359,BIEN
54360,vengo siempre
54361,buen hotek
54372,BIEN
54373,BIEN
54384,normal
54386,cómodo
54390,BIEN
54391,BIEN
54399,normal
54401,BIEN
54404,BIEN
54405,BIEN
54408,BIEN
54410,BIEN
54412,BIEN
54413,viaje express
54415,volveré a un nh
54417,BIEN
54423,BIEN
54424,BIEN
54426,BIEN
54428,BIEN
54431,a gusto.
54432,BIEN
54433,BIEN
54437,BIEN
54438,BIEN
54445,BIEN
54452,BIEN
54455,BIEN
54457,BIEN
54460,BIEN
54462,aceptable
54473,BIEN
54485,BIEN
54493,BIEN
54495,fin de semana
54497,BIEN
54500,acogedor
54502,BIEN
54505,comodidad
54509,BIEN
54515,normal
54523,repetiremos seguro
54532,BIEN
54533,BIEN
54536,BIEN
54538,BIEN
54540,BIEN
54541,BIEN
54543,BIEN
54545,todo super
54553,bien en general
54558,satisfecha
54560,BIEN
54562,BIEN
54564,BIEN
54568,BIEN
54570,BIEN
54571,BIEN
54580,BIEN
54590,BIEN
54593,BIEN
54595,todo ok
54596,esperaba mas de nh
54598,festival de artes
54600,comodidad
54607,falta de reforma
54608,BIEN
54609,BIEN
54614,BIEN
54615,BIEN
54616,BIEN
54618,BIEN
54622,BIEN
54624,BIEN
54630,BIEN
54631,BIEN
54633,BIEN
54648,BIEN
54652,normalita
54654,BIEN
54656,BIEN
54658,buen alojamiento
54669,bueno
54672,BIEN
54676,BIEN
54680,aceptable
54683,BIEN
54687,BIEN
54688,BIEN
54691,BIEN
54692,BIEN
54697,BIEN
54698,BIEN
54709,BIEN
54717,BIEN
54721,BIEN
54725,BIEN
54726,BIEN
54727,"¡No, genial!"
54728,BIEN
54729,bueno
54736,BIEN
54738,BIEN
54740,BIEN
54743,mejorable
54745,BIEN
54746,BIEN
54753,BIEN
54760,BIEN
54762,BIEN
54764,BIEN
54767,bueno
54774,BIEN
54776,BIEN
54777,BIEN
54778,impresionante
54780,cómoda
54783,bueno
54784,acogedora
54785,BIEN
54786,BIEN
54787,BIEN
54791,ideal para ir a les arts
54792,BIEN
54793,BIEN
54796,BIEN
54798,BIEN
54799,BIEN
54801,BIEN
54805,BIEN
54808,BIEN
54810,BIEN
54813,cerca de les arts
54814,BIEN
54817,BIEN
54822,sin mas
54823,BIEN
54824,aceptable
54826,BIEN
54827,BIEN
54828,BIEN
54830,BIEN
54832,BIEN
54834,BIEN
54836,BIEN
54837,escapada exprés
54840,BIEN
54841,BIEN
54843,BIEN
54845,BIEN
54846,aceptable
54847,BIEN
54856,BIEN
54857,bueno
54858,BIEN
54859,BIEN
54862,BIEN
54867,categoría
54868,BIEN
54869,BIEN
54870,BIEN
54872,BIEN
54874,BIEN
54876,BIEN
54878,un hotel promedio
54880,BIEN
54881,para mejorar
54884,verano 23
54886,BIEN
54891,BIEN
54893,BIEN
54896,BIEN
54898,BIEN
54906,transitable
54907,bueno
54908,BIEN
54912,excepcional
54913,aceptable
54914,excepcional
54916,excepcional
54917,excepcional
54920,excepcional
54921,excepcional
54922,excepcional
54925,excepcional
54926,excepcional
54928,excepcional
54929,"me encantó, sin duda volveré"
54930,excepcional
54931,excepcional
54932,excepcional
54933,excepcional
54934,excepcional
54935,excepcional
54936,excepcional
54939,normal
54940,excepcional
54942,excepcional
54943,excepcional
54944,excepcional
54947,excepcional
54948,excepcional
54949,excepcional
54950,excepcional
54951,excepcional
54952,aceptable
54953,excepcional
54954,excepcional
54955,excepcional
54957,recomendado 100
54958,excepcional
54959,excepcional
54960,excepcional
54962,aceptable
54963,excepcional
54964,Valencia
54965,excepcional
54966,genial
54967,excepcional
54968,excepcional
54969,excepcional
54970,excepcional
54971,excepcional
54973,repetiré
54974,excepcional
54976,excepcional
54978,excelente
54979,excepcional
54980,excepcional
54981,excepcional
54982,excepcional
54983,excepcional
54984,excepcional
54985,excepcional
54986,buenas
54987,excepcional
54988,excepcional
54989,excepcional
54991,cómodo
54992,perfecta.
54993,excepcional
54996,excepcional
54998,excepcional
54999,excepcional
55001,excepcional
55002,excepcional
55003,excepcional
55004,excelente
55005,excepcional
55006,excepcional
55007,muy buen sitio
55009,excepcional
55010,excepcional
55011,excepcional
55012,excepcional
55013,tranquilo
55014,excepcional
55016,excelente
55017,fiesta valenciana balboa
55018,aceptable
55019,excepcional
55020,excepcional
55022,excepcional
55023,excepcional
55025,excepcional
55028,excepcional
55030,tranquilo
55034,excepcional
55037,excepcional
55038,excepcional
55039,excepcional
55040,excepcional
55041,BIEN
55044,excepcional
55046,excepcional
55047,excelente
55051,excepcional
55052,excepcional
55053,excepcional
55054,excepcional
55059,excelente
55063,excepcional
55064,excepcional
55065,brutal
55066,excepcional
55068,excepcional
55069,comodidad
55070,excepcional
55071,excepcional
55073,excepcional
55074,excepcional
55076,fin de semana valencia
55077,excepcional
55078,excepcional
55079,excepcional
55080,aceptable
55081,excepcional
55082,excelente
55083,maravillosa
55084,excepcional
55085,normal
55087,excepcional
55088,excepcional
55089,excelente
55090,excepcional
55092,BIEN
55097,excepcional
55098,perfecta
55099,excepcional
55101,excepcional
55102,excepcional
55105,excepcional
55106,excelente
55108,excepcional
55109,excepcional
55111,demasiado ruido para poder descansar
55112,excepcional
55113,excelente 5
55115,increíble
55116,excepcional
55118,excepcional
55119,excepcional
55120,excepcional
55122,fin de semana para repetir
55123,excepcional
55125,excepcional
55128,¡genial!
55133,excepcional
55134,excepcional
55135,excepcional
55136,excepcional
55137,excepcional
55138,excepcional
55140,excepcional
55142,excepcional
55144,excepcional
55146,excepcional
55147,excepcional
55149,aceptable
55151,excepcional
55153,excepcional
55155,pura vida
55156,excepcional
55158,"buena, bonita y no tan barata"
55160,excepcional
55167,excepcional
55169,excelente
55171,excepcional
55174,excepcional
55175,excepcional
55178,excepcional
55179,excepcional
55180,genial
55183,comodidad
55184,excepcional
55185,excelente todo
55187,inmejorable hotel para ir a les arts
55188,excepcional
55189,excepcional
55191,aceptable
55195,aceptable
55197,no vuelvo nunca mas
55199,excepcional
55200,práctico
55202,no volvería
55205,mal
55208,visita cultural
55211,mal
55212,muy mal
55213,excepcional
55214,excepcional
55218,aceptable
55220,aceptable
55223,aceptable
55230,mal
55234,aceptable
55236,no volveré
55239,normal
55246,mediocre
55248,agridulce
55251,excepcional
55252,aceptable
55256,excepcional
55258,excepcional
55259,aceptable
55262,"regular , tirando a poco buena"
55263,excepcional
55265,aceptable
55267,le salva el servicio
55271,excelente
55277,mal
55278,aceptable
55279,aceptable
55280,excepcional
55282,mal
55285,aceptable
55286,excepcional
55292,excepcional
55294,aceptable
55298,no repetiremos
55302,aceptable
55303,aceptable
55304,aceptable
55309,calor
55312,excepcional
55319,pero lo menos
55321,normal
55326,excepcional
55329,excepcional
55331,normal
55332,aceptable
55345,aceptable
55347,estancia normalita
55352,aceptable
55353,mal
55358,aceptable
55359,aceptable
55362,sin más
55364,terrible
55367,aceptable
55368,regular
55369,aceptable
55371,aceptable
55373,aceptable
55375,aceptable
55376,regular
55386,no repetiría
55387,mal
55388,pésimo
55389,viaje en pareja
55390,pésimo
55391,excepcional
55395,aceptable
55396,pasable sin ningun detalle positivo a destacar
55399,aceptable
55400,no volvería a hospedarme ahí
55402,aceptable
55404,pésimo
55405,no vuelvo
55411,muy mal
55414,disconforme
55415,rápido
55416,antiguo .
55423,aceptable
55424,aceptable
55429,aceptable
55431,mal
55433,no repetire
55436,mejorable
55437,aceptable
55440,
55443,aceptable
55446,fatal. no volveré
55451,fatal
55454,aceptable
55456,aceptable
55459,aceptable
55460,mal
55463,aceptable
55464,aceptable
55465,no volveré a este hotel. no es para tener 3
55467,aceptable
55470,normal
55472,aceptable
55482,aceptable
55485,"un hotel sin pretensiones, no aparenta un nh"
55487,agradable
55491,solo para dormir.
55492,no vamos a volver
55493,aceptable
55494,lugar
55495,aceptable
55497,aceptable
55502,muy mal
55504,no hay mucha limpieza
55508,aceptable
55512,ideal para visita oceanográfica
55513,aceptable
55519,vacaciones en valencia
55523,justo para dormir
55524,"para nosotros nos ha defraudado,no lo recomiendo."
55525,me ha decepcionado
55528,nulo
55529,no recomendable
55532,muy mal
55534,fatal
55538,aceptable
55541,excepcional
55542,BIEN.
55544,aceptable
55546,muy mal
55547,aceptable
55549,mal
55550,pesima
55551,pésimo
55554,aceptable
55557,pésimo
55558,aceptable
55561,aceptable
55562,aceptable
55564,aceptable
55567,mejorable
55568,aceptable
55569,pésima estancia
55571,muy mal
55576,pesadilla
55578,pésimo
55579,pésimo
55580,mal
55582,regulado
55585,aceptable
55586,para olvidar
55587,pésimo
55599,"antiguo, poco mantenido e incomodo"
55600,mal
55601,no vuelvo a ese hotel ni de broma!
55607,aceptable
55608,aceptable
55613,aceptable
55617,para no volver. hotel venido a menos
55620,pésimo
55624,pésimo
55626,pésimo
55627,frío
55628,pésimo
55630,excepcional
55632,BIEN
55633,excepcional
55634,excepcional
55636,excepcional
55638,excepcional
55639,excepcional
55640,aceptable
55646,gran valor por el precio
55648,"Bonito hotel limpio, conveniente para 5k, 10k y maratón."
55649,BIEN
55650,estancia confortable en un gran hotel
55651,"Estancia agradable, pero pediría una habitación más arriba la próxima vez ya que la carretera está ocupada toda la noche."
55652,Está cerca del museo de ciencias. y el precio era correcto.
55653,Gran desayuno y ubicación ideal.
55654,hermosa valencia
55655,buena relación calidad-precio.
55656,buen lugar en una zona muy conveniente
55659,"Todo está bien en este hotel, excepto quizás la ubicación si se hace turismo en Valencia."
55660,buena ubicación
55661,"buena relación calidad-precio, hermosa ubicación"
55664,no estuvo mal.
55666,¡El lugar ideal para alojarse cuando corras el maratón de Valencia!
55667,El acuario es una visita obligada.
55668,estancia encantadora ya que conozco la zona razonablemente bien
55669,Ubicación increíble si quieres estar cerca de la Cité des Sciences
55672,"nice stay close to metro and ciudad de las artes y las ciencias,"
55674,"Barato y alegre, limpio, excelente ubicación."
55675,"buena ubicación, personal amable. decoración muy básica"
55676,BIEN
55677,"En general, una buena estancia."
55678,muy bien
55680,BIEN
55681,Excelente ubicación limpia y cómoda.
55682,unas noches en valencia
55683,"Estancia corta de 1 día, todo bien."
55684,buen valor.
55685,"Excelente ubicación, increíble selección de desayuno y calidad."
55686,buen hotel
55687,bien ubicado
55688,Excelente relación calidad-precio para una breve escapada acogedora.
55689,BIEN
55692,"Realmente contentos con nuestra estadía aquí, el hotel es encantador y la ubicación es excelente si desea visitar las áreas de ciencia y arte."
55693,excelente
55694,conveniente y confortable
55695,buena estancia en un buen 3 estrellas
55696,buena estancia y personal amable
55699,ideal para nuestros propósitos. recomendado
55700,personal amable y muy buena ubicación
55704,excelente ubicación para explorar valencia
55706,"Gran lugar tranquilo a las afueras del centro, volveré."
55708,muy conveniente para visitar la zona
55710,encantador hotel en una excelente ubicación.
55711,Lo pasamos bien en Valencia.
55712,Estancia cómoda para viajes cortos solo.
55713,BIEN
55714,Ubicación perfecta para nuestra estancia en Valencia!
55717,buena ubicación ambiente
55719,buen precio rendimiento
55720,BIEN
55721,buscando asequible
55722,muy bien
55723,"No es sorprendente, pero está bien volver."
55724,BIEN
55725,BIEN
55726,"espacioso, limpio y con buen aire acondicionado"
55727,muy buen hotel con buen precio
55728,bueno para viajes de negocios
55729,hermosa playa de la ciudad
55731,gran amado kg
55732,BIEN
55733,volveremos:
55734,Muy buena ubicación con habitación limpia y buen desayuno.
55737,"limpio, buen hotel, pero el edificio es torpe, hay muchos escalones pero hay un estacionamiento."
55738,BIEN
55739,en general muy satisfecho
55740,BIEN
55742,Muy bonito hotel urbano con excelente ubicación.
55744,BIEN
55746,excelente estancia. buenas instalaciones.
55747,buena relación calidad-precio y ubicación para acceder al museo de ciencias
55749,excelente ubicación para visitar cac
55750,Excelente ubicación con estacionamiento conveniente a un excelente precio.
55751,Está bien si quieres visitar los museos cercanos.
55752,ubicación perfecta
55753,bonito hotel en excelente ubicación
55755,"excelente ubicación, instalaciones mediocres"
55756,BIEN
55757,cumplió un propósito y cumplió con las expectativas
55759,"Hotel básico, excelente ubicación."
55761,Este hotel es un gran lugar para alojarse si desea experimentar tanto la ciudad como la playa de Valencia.
55763,BIEN
55764,BIEN
55765,"buena ubicación, el hotel necesita mejoras"
55766,No te quedes allí en las noches frías.
55767,BIEN
55770,No merece la acreditación de hotel de 3 estrellas.
55771,excepcional
55772,"Fue una gran experiencia, volveremos."
55773,excepcional
55774,excelente
55775,hermosa y tranquila
55776,excelente
55777,excepcional
55778,excepcional
55779,excepcional
55781,excepcional
55782,"Ubicación ideal, excelente servicio."
55783,Ubicación óptima para una visita completa a Valencia.
55784,excelente
55785,estancia fantástica!
55787,excepcional
55788,excepcional
55789,excepcional
55790,excepcional
55791,fue una experiencia muy linda.
55792,volveré otra vez
55793,excelente ubicación!
55794,excepcional
55795,excelente hotel con buena ubicación! ¡aparcamiento gratuito cerca!
55796,excepcional
55797,excepcional
55798,bien para estándar b b
55801,excepcional
55802,excepcional
55804,bonita habitación de hotel.
55805,"Nada demasiado lujoso, pero muy limpio, cómodo y profesional."
55806,bien
55807,las primeras impresiones cuentan
55808,"Excelente por su ubicación, no está bien por sus instalaciones."
55809,"Es muy poco probable que volvamos a este hotel nuevamente. Decepcionado, esperábamos algo mejor de nh."
55810,Visita satisfactoria a la nueva ciudad.
55811,camino ruidoso. alimentos poco cocinados. desayuno basura.
55812,agradable
55813,"Bueno para el puesto, posibilidad de mejoras."
55814,No hay aparcamiento disponible pero el hotel rechazó un reembolso.
55815,desagradable
55817,aceptable
55818,demasiado caro. disuadiría a otros de reservar.
55819,Fue una experiencia promedio que no valió la pena.
55820,monótono
55821,excepcional
55822,buena ubicación pero caro
55823,"Todo el hotel muere por reformas, no es lo que esperas que sea."
55825,no es lo suficientemente buena relación calidad-precio
55826,no me alojaré allí de nuevo
55829,"En general, el viaje fue muy divertido a pesar de las habitaciones sucias."
55830,hotel muy normalito
55831,muy basico
55832,aceptable
55834,"Por favor, durante el verano, sería bueno tener un bonito temoeratire en la habitación."
55835,"buena ubicación, malas instalaciones"
55836,muy decepcionante
55837,"En general, es un hotel agradable con potencial que podría aprovecharse mejor."
55838,en general fue pobre
55839,muy mal
55840,"No puedo recomendarlo, lo siento."
55845,malo
55848,aceptable
55851,pasable
55852,nada que agregar
55854,mal
55855,pésimo
55856,"buena ubicación, malas instalaciones. Demasiado caro para lo que ofrece."
55857,mal
55858,estuvo bien
55859,excepcional
55860,aceptable
55861,necesito limpiar
55862,Valencia es una ciudad preciosa y este hotel tiene una buena relación calidad-precio.
55863,¡aconsejado!
55864,Valencia
55865,"hotel perfecto, cerca de instalaciones"
55866,este hotel es perfecto para hacer turismo.
55868,"habitación pequeña, baño estrecho"
55871,¡Lo recomiendo!
55873,estancia relajante
55878,Acepta mascotas y tiene una ubicación estupenda y una buena relación calidad-precio.
55881,Ubicación estratégica pero presta atención a las habitaciones que te dan.
55882,fantástico
55884,en la norma
55888,aislamiento acústico ineficaz
55890,súper hacer
55891,BIEN
55893,Bueno para visitar la ciudad de las ciencias pero menos para experimentar el centro.
55896,increíble personal acogedor del hotel
55899,valencia
55902,agradable para una escapada
55907,"excelente ubicación, personal maravilloso"
55911,7
55913,excelente elección
55914,Todo bien
55915,excelente ubicación
55916,"Buen hotel, bien ubicado, con desayuno."
55917,"en general tot be, repetiria"
55920,deja una publicación
55923,
55925,"perfecto para un rápido acceso al cac, y a la línea 35 a pie del hotel que lleva al centro histórico de Valencia"
55929,DM
55930,¡aconsejado!
55933,BIEN
55934,muy satisfecho con la limpieza y la ubicación.
55935,buena estancia
55937,"Hotel limpio, ordenado, bien equipado, amable, dispuesto a ayudar y un servicio muy educado."
55941,tres buena emplazamiento
55942,muy buena estancia en general
55943,Pequeñas mejoras que se esperan en la comunicación.
55945,BIEN
55948,localiza lo excelente. Cerca del museo de ciencias.
55949,a pocos metros de los museos de arte y ciencias
55950,"gran estancia familiar con adolescentes! Nos encantó la ciudad y el hotel, ¡volveremos con mucho gusto!"
55951,en general bien
55952,"Buena ubicación, limpio, personal amable y profesional, pero la habitación no es genial."
55957,Se lo puedo recomendar a todo el mundo.
55958,viaje muy agradable y elección realmente excelente por la ubicación de la estructura que nos permitió movernos fácilmente
55960,la estancia estuvo bien.
55961,ciudad muy hermosa
55962,boa
55965,En general quedamos muy satisfechos para unas cortas vacaciones.
55966,"en un hotel nato, pero en un lugar ruidoso"
55970,Hotel decente pero nada insonorizado.
55971,muy recomendable!
55972,muy buen destino
55974,BIEN
55975,hotel nh valencia
55980,Funciona bien para caminar hasta el centro y la playa.
55983,cómodo como en casa
55985,"La ubicación fue excelente para nosotros, la próxima vez nos gustaría una habitación diferente con una mejor vista."
55987,"hotel en zona tranquila, cerca de la ciudad de las ciencias"
55988,BIEN
55989,buena ubicación
55991,interesante y muy hermoso
55993,estancia agradable a pesar de algunos puntos planteados
55994,València merece una estancia
55995,excelente ubicación.
55996,excelente
55997,Realmente me gustó: ¡entre el centro y la playa! y justo al lado de la futurista ciutat de . exactamente correcto f
55998,muy bien
55999,"Excelente solución para visitar Valencia, muy buena relación calidad-precio."
56003,perfecto
56008,BIEN
56011,hotel limpio y confortable
56013,no es genial para un fin de semana
56015,¡súper recomendado especialmente por la ubicación conveniente para todos los servicios!
56016,estancia corta pero agradable
56018,Excelente relación calidad-precio y ubicación. para mejorar la insonorización de las habitaciones. el resto depende de ti
56020,muy agradable
56021,Valencia merece un viaje.
56022,nh hotel una seguridad
56023,hermosa ciudad con especial atención a los niños!
56024,El mejor hotel en Bester Lage
56026,hotel perfecto
56027,BIEN
56028,muy bueno muy satisfecho
56029,un hotel bien ubicado
56031,BIEN
56032,buena eleccion
56034,Bonito hotel en una excelente ubicación durante las fallas.
56035,"En general, ¡absolutamente recomendado!"
56036,calidad precio bastante bien
56037,estancia perfecta en mental valencia
56038,buena ubicación
56039,¡Gracias por la estancia!
56041,hermoso y relajante
56042,BIEN
56043,en general bien
56044,prima
56045,"buena ubicación, buen desayuno"
56046,"mala estancia,"
56048,buen hotel
56049,buena ubicación
56052,BIEN
56053,La mejor opción para el Maratón Valencia.
56056,Buena relación calidad precio y la ubicación es genial.
56057,BIEN
56058,"buen viaje, buenos días"
56059,todo está bien
56062,Una experiencia agradable sin duda volvería a reservar una habitación allí.
56064,BIEN
56066,fin de semana con amigos
56068,BIEN
56069,todo esta bien
56071,¡Se lo recomendaré a parejas de amigos!
56073,"personal amable, instalaciones limpias y proximidad a las principales atracciones turísticas"
56075,El hotel está bien ubicado y el personal es muy amable.
56079,excelente estancia
56084,BIEN
56085,BIEN
56088,BIEN
56089,BIEN
56090,Excelente ubicación para visitar Valencia.
56091,ha estado bien. lo que necesitaba
56093,roberto2025
56096,¡La ubicación y el personal fueron absolutamente increíbles!
56098,Un buen lugar para comenzar una estancia corta en Valencia.
56099,"Bien, el metro no está cerca, por lo demás bien."
56100,satisfactorio.
56101,muy bien
56103,BIEN
56104,agradable y cerca de los lugares de mayor interés.
56106,una buena estancia junto a la ciudad de las artes y las ciencias.
56107,práctico y justo al lado del parque central turia les arts
56108,Valencia
56110,4 días de relax en familia.
56111,BIEN
56112,BIEN
56114,"ido abad. bueno, a pesar de la desgracia que han vivido los valencianos"
56117,todo esta bien
56118,una estancia llena de acontecimientos
56119,cumple lo que promete
56120,excelente ubicación!
56121,No olvides que fuiste tú quien eligió tu estancia con nosotros.
56122,todo esta bien
56123,BIEN
56128,BIEN
56129,BIEN
56133,Bonito hotel para una visita corta.
56136,excelente ubicación y personal muy amable
56137,Fue perfecto para nuestro recorrido por la ciudad.
56139,muy bueno lo recomiendo
56140,BIEN
56141,BIEN
56146,BIEN
56148,bastante bueno
56149,"Alojamiento en una buena ubicación, pero por eso es muy concurrido y ruidoso."
56150,una estancia razonablemente limpia. todavía deja algo que desear
56153,una estructura válida y estratégicamente posicionada.
56154,BIEN
56155,BIEN
56156,un hotel con un precio justo.
56157,BIEN
56158,BIEN
56159,agradable con una excelente ubicación y la misma ropa de cama
56160,Buen hotel urbano para visitar Valencia.
56161,gran base
56163,excelente estancia
56164,hotel muy agradable.
56165,aconsejado
56166,Considero que mi estancia fue un gran éxito y mucho mérito es para un buen hotel:
56167,BIEN
56169,Muy bien
56172,BIEN
56173,"Estado, clima, medio ambiente, limpieza de personas en el transporte público de la ciudad. fantástico"
56174,BIEN
56176,BIEN
56177,BIEN
56178,Demasiado ruidoso y estrecho a pesar de una buena ubicación.
56182,"Sí, la estancia fue estupenda, buena ubicación."
56183,"Estancia muy agradable, muy buena relación calidad-precio."
56185,relajado
56187,BIEN
56188,agradable.
56189,agradable
56191,BIEN
56193,tres bien
56194,valencia durante un fin de semana
56195,aconsejado
56196,buena estancia para el nuevo año
56197,BIEN
56198,bueno pero solo bajo la condición de ofertas bajas
56199,sin gloria y sin infamia
56200,mejor mantenimiento deseado
56203,BIEN
56206,valencia preciosa ciudad
56207,perfecto para visitar la ciudad de las artes y las ciencias.
56209,muy bien excepto el wc
56210,ser
56211,estancia muy agradable en este hermoso hotel
56215,"Valencia merece ser visitada, recomendaré este hotel a amigos y conocidos porque es muy positivo!"
56219,BIEN
56220,OK
56222,BIEN
56224,BIEN
56226,Valencia llevaba mucho tiempo en nuestros planes y estábamos encantados.
56227,Un gran hotel pero no demasiado insonorizado.
56231,muy buena ubicación a medio camino entre el centro y la playa
56232,buena relación calidad-precio
56233,BIEN
56234,BIEN
56235,"Ubicación perfecta, excelentes conexiones y buenas opciones de comida en las inmediaciones."
56237,BIEN
56238,excelente opción para la ciudad de las artes y las ciencias
56240,recomendado
56241,vacaciones agradables y satisfactorias
56242,BIEN
56243,BIEN
56246,parfait
56247,"mmmm! ¡Ah, bueno! No sé"
56249,BIEN
56250,"primera posición, ¡quizás una sonrisa extra no viene mal!"
56251,bene
56252,buena ubicación.
56253,BIEN
56254,agradable estancia
56255,BIEN
56256,Fue una buena estancia allí.
56257,BIEN
56258,"En cuanto a precio y calidad, este hotel es muy recomendable."
56259,lindo
56260,BIEN
56261,"muy cómodo, volvería inmediatamente!!"
56262,BIEN
56263,mah
56266,"Considerándolo todo, un agradable viaje a la ciudad."
56267,BIEN
56270,BIEN
56271,BIEN
56272,buena ubicación pero no excelente por el precio
56273,BIEN
56274,BIEN
56275,BIEN
56276,"Excelente ubicación, hotel en general bien."
56277,BIEN
56278,BIEN
56279,BIEN
56280,¡¡En general mis vacaciones fueron bien gracias a ti también!!
56281,BIEN
56282,funcional pero nada mas
56284,vacaciones en valencia siempre lo mejor!
56286,BIEN
56287,estuvo bien
56288,BIEN
56289,BIEN
56290,BIEN
56293,Hotel más allá de las expectativas.
56294,excepcional
56295,excepcional
56296,excepcional
56297,excepcional
56298,
56299,excepcional
56301,excepcional
56302,"museo de ciencias, acuario y autobús rojo para visitar la ciudad"
56303,muy recomendado
56304,volveremos
56305,excepcional
56306,descubriendo valencia
56307,excepcional
56308,excepcional
56309,súper
56310,excepcional
56311,tratado ig
56312,una experiencia increible
56313,Óptimo
56314,excepcional
56315,excepcional
56316,excepcional
56317,perfecto para visitar la ciudad de las artes y las ciencias
56318,"muy bueno, lo recomiendo!"
56319,enamorado de valencia
56320,estancia perfecta
56321,excepcional
56322,excelente hotel
56323,genial.
56324,estancia muy agradable en una muy buena ubicación
56325,absolutamente genial!
56326,parfait
56327,Estuvimos poco tiempo allí pero lo disfrutamos mucho. no fue la última vez
56328,excepcional
56329,excepcional
56330,excepcional
56332,¡excelente!
56335,excepcional
56336,excelente
56337,Acogedor hotel en una excelente ubicación.
56338,excepcional
56339,Óptimo
56340,Nada sobre lo que volvería a dormir.
56341,a unos pasos de la ciudad de las artes y las ciencias..
56342,cálida recomendación para el hotel
56343,tot estupendo
56344,Óptimo
56345,Definitivamente lo recomiendo.
56347,excepcional
56348,excepcional
56349,Perfecto
56350,El mejor hotel para el maratón de valencia.
56352,excepcional
56353,estancia de cuento de hadas
56354,excepcional
56355,excepcional
56356,maravillosa valencia
56357,Espero poder volver pronto
56358,Óptimo
56359,"Hotel muy sencillo, agradable y con buena relación calidad-precio."
56360,excepcional
56362,"un poco caro comparado con otros días, yo llegué el viernes, salí el domingo, y los que llegaron el domingo y se fueron el martes"
56363,excepcional
56364,excepcional
56365,", ."
56366,excepcional
56367,"En tiempo libre, visita de la ciudad. Es muy plano y fácil de visitar."
56368,maravilloso
56369,valencia en mi cumpleaños
56371,Hermosa ciudad y el hotel está en una muy buena ubicación para estas vacaciones en la ciudad.
56372,¡excelente!
56373,Se lo recomiendo a todo el mundo por su cercanía a la zona oceanográfica.
56374,gran alojamiento!
56375,excepcional
56376,excepcional
56377,excepcional
56378,Buena ubicación pero por lo demás no. no volvería
56379,excepcional
56380,excepcional
56381,excepcional
56382,"Mientras tanto, la estructura es hermosa, bien cuidada y limpia. Todo el personal fue muy amable y servicial. excelente desayuno, hermoso"
56384,excepcional
56385,excepcional
56386,excepcional
56387,excepcional
56389,excepcional
56390,excepcional
56391,excepcional
56392,excepcional
56393,excepcional
56394,excelente hotel en zona estratégica
56395,solo dormi bien
56396,bien por una noche.
56398,Mala limpieza en las habitaciones y bajo nivel de las habitaciones.
56399,no recomendado
56400,"La estructura está bien pero la habitación no. la única ventana no se cerró y aunque yo me había encargado del apagón, no"
56401,excepcional
56403,mal
56404,no lo volvería a hacer
56405,estancia maravillosa
56406,"Razonable, espera más de un hotel."
56407,aceptable
56408,Lo recomiendo pero hay mejores.
56409,Buen hotel en una posición estratégica para visitar la ciudad o ir a la playa.
56410,excepcional
56411,bien para estancia corta
56412,OK
56413,"Valencia es una ciudad bonita, pero me pregunto por qué el hotel no confirma en la reserva. com que solo tenía una habitación e int."
56414,Hotel urbano con margen de mejora.
56419,no volvería
56420,una agradable experiencia de viaje
56421,excepcional
56423,lo suficiente
56425,no relajado
56426,Gran hotel pero no vale la pena el dinero.
56428,hotel barato en una buena ubicación
56429,En general bien para la época y los días de celebración fallera.
56430,era razonable
56431,muy por debajo de las expectativas y el precio
56432,aceptable
56434,"La habitación fue muy decepcionante, especialmente porque estábamos nuevamente al costado de la carretera, así que no volveremos aquí nuevamente."
56436,agradable para una noche
56437,excepcional
56439,pequeño
56440,bastante agradable
56441,No es para familias con niños.
56442,hotel muy por debajo de las expectativas
56443,personal muy servicial y siempre servicial
56444,una estancia tranquila en Valencia. amigable con los animales
56445,Nunca más este hotel y no recomendado.
56446,el tu!
56447,¡Salí del hotel sólo para dormir!
56448,aceptable
56449,La ubicación del hotel compensa con creces las deficiencias de las instalaciones.
56450,aceptable
56452,aceptable
56454,mantente bien
56458,Dada la ubicación podríamos regresar. por otro lado tienes que probar el otro hotel.
56459,aceptable
56460,"Para un hotel NH, tenía expectativas muy diferentes."
56461,aceptable
56463,razonable
56464,aceptable
56467,normal
56468,"desayuno abundante, pedí kiwi número 1, me dijeron que no tenemos... bueno"
56469,mal
56470,Habitación demasiado pequeña y sin enchufes.
56471,mal
56472,Buena ubicación pero por lo demás se puede mejorar...
56473,No puedo quedarme allí más de una vez.
56474,quedarse en valencia
56476,aceptable
56477,Está bien para unas vacaciones cortas.
56478,incógnita
56479,El hotel era barato y eso se reflejaba en todo.
56480,"Hotel frío, sin alma y sin instalaciones, ni bar, ni fitness, ni restaurante."
56481,aceptable
56484,lo pensé mejor
56485,personal muy grosero. nunca más
56486,aceptable
56488,aceptable
56489,no volveré
56490,no lo volvería a elegir
56491,habitaciones demasiado pequeñas
56492,"Excelente ubicación, habitación anticuada."
56493,aceptable
56494,muy malo
56495,No es la calidad de un hotel NH normal.
56496,No confíes en las fotos...
56497,aceptable
56498,"Las camas están limpias y en buenas condiciones, excelente ubicación, pero todo es muy pequeño, especialmente el baño."
56499,aceptable
56500,mal
56501,a va
56502,horrible
56503,pésimo
56504,no volvería
56505,aceptable
56506,suficiente
56508,peor experiencia de hotel
56509,decepcionante
56511,mala experiencia nunca vuelvo
56512,excelente ubicación! el resto un poco menos.
56514,"Ubicación correcta, habitación lamentablemente sucia."
56515,demasiado caro para lo que ofrece
56516,Esperaba más de un hotel como el NH
56517,muy justito
56518,No vale el precio.
56519,muy mal
56520,olvidar
56521,un desastre
56523,"Hotel razonable, contaminación acústica del tráfico. Aplicar aislamiento es imprescindible."
56524,¡Una buena ubicación pero servicios de habitaciones muy por debajo de un 3 estrellas!
56527,"Está bien, pero no otra vez."
56531,BIEN
56535,BIEN
56536,BIEN
56576,BIEN
56578,BIEN
56584,BIEN
56600,BIEN
56601,BIEN
56603,BIEN
56607,BIEN
56621,BIEN
56630,BIEN
56635,BIEN
56638,BIEN
56670,BIEN
56690,BIEN
56704,BIEN
56719,BIEN
56751,BIEN
56759,BIEN
56761,BIEN
56767,BIEN
56779,BIEN
56798,BIEN
56800,BIEN
56801,BIEN
56808,BIEN
56827,BIEN
56836,BIEN
56841,BIEN
56848,BIEN
56852,BIEN
56853,BIEN
56857,BIEN
56861,BIEN
56862,BIEN
56863,BIEN
56864,BIEN
56869,BIEN
56872,OK
56876,BIEN
56880,BIEN
56881,BIEN
56883,BIEN
56896,BIEN
56900,BIEN
56902,BIEN
56904,BIEN
56905,BIEN
56911,BIEN
56917,BIEN
56923,BIEN
56924,BIEN
56927,BIEN
56934,BIEN
56935,BIEN
56938,BIEN
56947,BIEN
56948,BIEN
56949,BIEN
56950,BIEN
56955,BIEN
56959,BIEN
56962,BIEN
56966,BIEN
56974,BIEN
56975,BIEN
56979,BIEN
56982,BIEN
56986,BIEN
56987,BIEN
56989,BIEN
56990,BIEN
56992,BIEN
56994,BIEN
56997,BIEN
57000,BIEN
57003,BIEN
57009,BIEN
57010,BIEN
57011,BIEN
57017,BIEN
57020,BIEN
57028,BIEN
57034,BIEN
57036,BIEN
57038,BIEN
57039,BIEN
57042,BIEN
57048,BIEN
57051,BIEN
57054,¡BIEN!
57056,BIEN
57058,BIEN
57059,BIEN
57064,BIEN
57065,BIEN
57067,BIEN
57071,BIEN
57073,BIEN
57074,BIEN
57076,BIEN
57077,BIEN
57081,BIEN
57083,BIEN
57085,BIEN
57086,BIEN
57089,BIEN
57091,BIEN
57095,BIEN
57097,BIEN
57099,BIEN
57104,BIEN
57112,BIEN
57120,BIEN
57124,BIEN
57128,BIEN
57133,BIEN
57134,BIEN
57135,BIEN
57138,BIEN
57148,BIEN
57151,BIEN
57161,BIEN
57172,BIEN
57173,BIEN
57175,BIEN
57177,BIEN
57178,BIEN
57191,BIEN
57196,BIEN
57197,BIEN
57198,BIEN
57203,BIEN
57204,BIEN
57208,BIEN
57209,BIEN
57211,BIEN
57215,BIEN
57216,BIEN
57220,BIEN
57221,BIEN
57228,BIEN
57229,BIEN
57232,BIEN
57235,BIEN
57236,BIEN
57239,BIEN
57242,BIEN
57243,BIEN
57244,BIEN
57248,BIEN
57249,BIEN
57250,BIEN
57254,BIEN
57256,BIEN
57257,BIEN
57259,BIEN
57261,BIEN
57263,BIEN
57265,BIEN
57266,BIEN
57267,BIEN
57269,BIEN
57270,BIEN
57273,BIEN
57277,BIEN
57280,BIEN
57282,BIEN
57285,BIEN
57286,BIEN
57289,BIEN
57291,BIEN
57292,BIEN
57293,BIEN
57295,BIEN
57296,BIEN
57298,BIEN
57299,BIEN
57300,BIEN
57301,BIEN
57302,BIEN
57303,BIEN
57305,BIEN
57306,BIEN
57308,BIEN
57309,BIEN
57310,BIEN
57312,BIEN
57313,BIEN
57314,BIEN
57315,BIEN
57316,BIEN
57317,BIEN
57318,BIEN
57322,BIEN
57323,BIEN
57326,BIEN
57328,BIEN
57329,BIEN
57330,BIEN
57332,BIEN
57342,BIEN
57343,BIEN
57347,BIEN
57349,BIEN
57351,excepcional
57352,excepcional
57353,excepcional
57354,excelente
57355,excepcional
57356,excepcional
57357,aceptable
57358,excepcional
57359,excepcional
57360,excepcional
57361,excepcional
57362,excepcional
57363,excepcional
57364,excepcional
57365,excepcional
57366,excepcional
57367,excepcional
57368,excepcional
57369,excepcional
57370,excepcional
57371,excepcional
57372,excepcional
57373,excepcional
57374,excepcional
57375,excepcional
57376,excepcional
57377,excepcional
57378,excepcional
57380,excepcional
57381,excepcional
57382,excepcional
57383,excepcional
57384,excepcional
57385,excepcional
57386,excepcional
57387,excepcional
57388,excepcional
57389,excepcional
57390,excepcional
57391,excepcional
57392,excepcional
57393,excepcional
57394,excepcional
57395,excepcional
57396,excepcional
57397,excepcional
57398,excepcional
57399,excepcional
57400,excepcional
57401,excepcional
57402,excepcional
57403,excepcional
57404,excepcional
57405,excepcional
57406,excepcional
57407,excepcional
57408,excepcional
57409,excepcional
57410,excepcional
57411,excepcional
57412,excepcional
57413,excepcional
57414,excepcional
57415,excepcional
57416,excepcional
57418,excepcional
57419,excepcional
57420,excepcional
57421,excepcional
57422,excepcional
57423,excepcional
57424,excepcional
57425,aceptable
57426,excepcional
57427,excepcional
57428,excepcional
57429,excepcional
57430,excepcional
57431,excepcional
57432,excepcional
57433,excepcional
57434,excepcional
57435,excepcional
57436,excepcional
57437,excepcional
57438,excepcional
57439,excepcional
57440,excepcional
57441,excepcional
57442,excepcional
57443,excepcional
57444,excepcional
57445,excepcional
57446,excepcional
57447,excepcional
57448,excepcional
57449,excepcional
57450,excepcional
57452,excepcional
57453,excepcional
57454,mal
57455,excepcional
57456,excepcional
57457,excepcional
57458,excepcional
57459,excepcional
57460,excepcional
57461,excepcional
57462,excepcional
57463,excepcional
57464,excepcional
57465,excepcional
57466,excepcional
57467,excepcional
57468,excepcional
57469,excepcional
57470,excepcional
57471,excepcional
57473,excepcional
57474,excepcional
57475,excepcional
57476,excepcional
57477,excepcional
57478,excepcional
57479,excepcional
57480,excepcional
57481,excepcional
57482,excepcional
57483,excepcional
57484,excepcional
57485,excepcional
57486,excepcional
57487,excepcional
57488,excepcional
57489,excepcional
57490,excepcional
57491,excepcional
57492,excepcional
57493,excepcional
57494,excepcional
57496,excepcional
57497,excepcional
57498,excepcional
57499,excepcional
57500,excepcional
57501,excepcional
57502,excepcional
57503,excepcional
57504,excepcional
57505,excepcional
57506,excepcional
57507,excepcional
57508,aceptable
57509,excepcional
57510,excepcional
57511,excepcional
57512,excepcional
57513,excepcional
57514,excepcional
57515,excepcional
57516,excepcional
57517,excepcional
57518,excepcional
57519,excepcional
57520,excepcional
57521,excepcional
57522,excepcional
57523,excepcional
57524,excepcional
57525,excepcional
57526,excepcional
57527,excepcional
57528,excepcional
57529,excepcional
57530,excepcional
57532,excepcional
57533,excepcional
57534,excepcional
57535,excepcional
57537,excepcional
57538,excepcional
57539,excepcional
57540,excepcional
57541,excepcional
57542,excepcional
57543,excepcional
57544,excepcional
57545,excepcional
57546,excepcional
57547,excepcional
57548,excepcional
57549,aceptable
57550,excepcional
57551,excepcional
57552,excepcional
57553,excepcional
57554,excepcional
57555,excepcional
57556,excepcional
57557,excepcional
57558,excepcional
57559,excepcional
57560,excepcional
57561,excepcional
57562,excepcional
57564,excepcional
57566,excepcional
57567,excepcional
57568,excepcional
57569,excepcional
57570,excepcional
57571,excepcional
57572,excepcional
57573,excepcional
57574,excepcional
57575,excepcional
57576,excepcional
57577,excepcional
57578,excepcional
57579,excepcional
57580,excepcional
57581,excepcional
57582,excepcional
57584,excepcional
57585,excepcional
57586,excepcional
57587,excepcional
57588,excepcional
57589,excepcional
57590,excepcional
57591,excepcional
57592,excepcional
57593,excepcional
57594,excepcional
57596,excepcional
57597,excepcional
57598,excepcional
57599,excepcional
57600,excepcional
57601,excepcional
57602,excepcional
57603,excepcional
57604,excepcional
57605,excepcional
57606,excepcional
57607,excepcional
57608,aceptable
57610,excepcional
57611,excepcional
57612,excepcional
57613,excepcional
57614,excepcional
57615,excepcional
57616,excepcional
57617,excepcional
57618,excepcional
57619,excepcional
57620,excepcional
57621,excepcional
57622,excepcional
57623,excepcional
57624,excepcional
57625,excepcional
57626,excepcional
57627,excepcional
57628,excepcional
57629,excepcional
57630,excepcional
57631,excepcional
57632,excepcional
57633,excepcional
57634,excepcional
57635,excepcional
57636,excepcional
57637,excepcional
57638,excepcional
57639,excepcional
57640,excepcional
57641,excepcional
57642,excepcional
57643,excepcional
57644,excepcional
57645,excepcional
57646,excepcional
57647,excepcional
57648,excepcional
57649,excepcional
57650,excepcional
57651,excepcional
57652,excepcional
57653,excepcional
57655,aceptable
57657,excepcional
57660,excepcional
57661,excepcional
57663,excepcional
57664,excepcional
57668,aceptable
57669,aceptable
57671,excepcional
57673,aceptable
57675,mal
57679,excepcional
57680,excepcional
57681,aceptable
57683,excepcional
57685,excepcional
57686,excepcional
57690,excepcional
57693,excepcional
57694,excepcional
57695,aceptable
57697,excepcional
57698,pésimo
57699,excepcional
57700,aceptable
57702,excepcional
57703,normal
57704,excepcional
57709,aceptable
57711,aceptable
57714,excepcional
57715,excepcional
57719,excepcional
57720,aceptable
57722,excepcional
57726,aceptable
57727,excepcional
57731,aceptable
57732,mal
57733,aceptable
57734,aceptable
57735,aceptable
57737,aceptable
57738,aceptable
57739,mal
57740,mal
57742,pésimo
57745,mal
57748,aceptable
57755,aceptable
57756,aceptable
57757,aceptable
57762,aceptable
57764,mal
57767,aceptable
57769,mal
57772,aceptable
57773,aceptable
57777,aceptable
57778,aceptable
57782,aceptable
57783,aceptable
57785,aceptable
57786,aceptable
57789,mal
57790,aceptable
57792,pésimo
57794,mal
57795,aceptable
57797,pésimo
57798,pésimo
57800,aceptable
57801,pésimo
57802,pésimo
57803,mal
57804,pésimo
57805,aceptable
57806,pésimo
57807,pésimo
57809,pésimo
57810,aceptable
57812,aceptable
57813,pésimo
57814,pésimo
57815,pésimo
57817,mal
57818,excepcional
57819,pésimo
57821,aceptable
57822,excepcional
57823,excepcional
57824,aceptable
57825,excepcional
57826,pésimo
57828,excepcional
57829,excepcional
57834,excepcional
57835,aceptable
57837,muy mal
57852,BIEN
57857,Buena ubicación en el centro de Valencia para una estancia corta.
57869,BIEN
57874,tres dias en valencia
57878,BIEN
57883,BIEN
57888,"El hotel tiene una buena localización, pero el aparcamiento es muy amplio."
57895,BIEN
57897,BIEN
57898,BIEN
57899,BIEN
57900,BIEN
57902,BIEN
57906,BIEN
57911,BIEN
57912,BIEN
57913,BIEN
57914,BIEN
57916,BIEN
57917,BIEN
57918,BIEN
57920,BIEN
57923,BIEN
57927,BIEN
57928,BIEN
57929,BIEN
57936,BIEN
57937,BIEN
57940,BIEN
57942,BIEN
57949,BIEN
57950,BIEN
57953,BIEN
57954,BIEN
57959,BIEN
57960,BIEN
57964,BIEN
57965,BIEN
57968,BIEN
57969,excepcional
57970,excepcional
57971,excepcional
57972,excepcional
57973,excepcional
57974,excepcional
57975,excepcional
57976,excepcional
57977,excepcional
57978,excepcional
57979,excepcional
57980,excepcional
57981,excepcional
57982,excepcional
57983,excepcional
57984,excepcional
57985,excepcional
57986,excepcional
57987,excepcional
57988,excepcional
57989,excepcional
57990,excepcional
57991,excepcional
57992,excepcional
57993,un súper hotel
57994,excepcional
57995,excepcional
57996,excepcional
57997,excepcional
57998,excepcional
57999,excepcional
58000,excepcional
58001,excepcional
58002,excepcional
58003,excepcional
58004,aceptable
58005,excepcional
58006,excepcional
58007,excepcional
58008,aceptable
58009,aceptable
58011,aceptable
58017,excepcional
58018,excepcional
58020,excepcional
58021,excepcional
58022,excepcional
58026,aceptable
58027,aceptable
58028,aceptable
58030,aceptable
58033,aceptable
58034,excepcional
58035,excepcional
58037,OK
58039,BIEN
58040,excepcional
58044,"acogedor, el personal amable y disponible en cualquier momento, excelente"
58046,BIEN
58058,BIEN
58059,BIEN
58069,¡¡¡Perfecto!!!
58087,BIEN
58104,BIEN
58115,BIEN
58122,BIEN
58125,BIEN
58152,BIEN
58154,BIEN
58166,BIEN
58173,BIEN
58184,BIEN
58186,BIEN
58193,muy agradable
58201,BIEN
58223,BIEN
58227,BIEN
58228,BIEN
58231,BIEN
58232,BIEN
58233,BIEN
58236,BIEN
58239,BIEN
58244,BIEN
58249,BIEN
58253,BIEN
58254,BIEN
58261,BIEN
58264,BIEN
58266,BIEN
58269,BIEN
58271,BIEN
58275,BIEN
58282,hotel muy correcto y muy bien situado para visitar la ciudad de las artes y las ciencias
58283,BIEN
58284,BIEN
58285,BIEN
58286,BIEN
58289,BIEN
58300,BIEN
58301,BIEN
58306,BIEN
58309,BIEN
58312,BIEN
58314,BIEN
58316,BIEN
58327,BIEN
58331,BIEN
58334,BIEN
58337,BIEN
58338,BIEN
58341,BIEN
58345,BIEN
58351,BIEN
58352,BIEN
58354,BIEN
58360,BIEN
58362,BIEN
58366,BIEN
58369,BIEN
58371,BIEN
58374,BIEN
58375,BIEN
58378,BIEN
58382,BIEN
58385,BIEN
58388,BIEN
58400,BIEN
58402,BIEN
58403,BIEN
58404,BIEN
58406,BIEN
58412,BIEN
58414,BIEN
58422,BIEN
58423,BIEN
58426,BIEN
58427,BIEN
58430,BIEN
58432,BIEN
58437,BIEN
58439,BIEN
58441,BIEN
58443,BIEN
58447,BIEN
58449,BIEN
58450,BIEN
58459,BIEN
58460,BIEN
58462,BIEN
58463,BIEN
58465,BIEN
58467,BIEN
58469,BIEN
58472,BIEN
58473,BIEN
58474,BIEN
58475,BIEN
58476,BIEN
58477,BIEN
58478,", , , ,"
58479,BIEN
58482,BIEN
58484,BIEN
58485,BIEN
58486,BIEN
58487,BIEN
58488,BIEN
58489,BIEN
58490,BIEN
58491,BIEN
58493,BIEN
58499,BIEN
58504,BIEN
58505,excepcional
58506,excepcional
58507,excepcional
58508,excepcional
58509,excepcional
58510,excepcional
58511,excepcional
58512,excepcional
58513,excepcional
58514,excepcional
58515,excepcional
58516,excepcional
58518,excepcional
58519,excepcional
58520,excepcional
58521,excepcional
58522,excepcional
58523,excepcional
58524,excepcional
58525,excepcional
58526,excepcional
58527,excepcional
58528,excepcional
58529,excepcional
58530,excepcional
58531,excepcional
58532,excepcional
58533,excepcional
58534,excepcional
58535,excepcional
58536,excepcional
58537,excepcional
58538,excepcional
58539,excepcional
58540,excepcional
58541,excepcional
58542,excepcional
58543,excepcional
58544,excepcional
58545,excepcional
58546,excepcional
58547,excepcional
58548,excepcional
58549,excepcional
58550,excepcional
58551,excepcional
58552,excepcional
58553,excepcional
58554,excepcional
58555,excepcional
58556,excepcional
58557,excepcional
58558,excepcional
58559,excepcional
58560,excepcional
58561,excepcional
58562,excepcional
58563,excepcional
58564,excepcional
58565,excepcional
58566,excepcional
58567,excepcional
58568,excepcional
58569,excepcional
58570,excepcional
58572,excepcional
58573,excepcional
58574,excepcional
58575,excepcional
58576,aceptable
58577,excepcional
58578,excepcional
58579,excepcional
58580,excepcional
58581,excepcional
58582,excepcional
58583,excepcional
58584,excepcional
58585,excepcional
58586,excepcional
58587,excepcional
58588,excepcional
58589,excepcional
58591,excepcional
58592,aceptable
58593,excepcional
58594,excepcional
58595,excepcional
58596,excepcional
58597,excepcional
58598,excepcional
58599,excepcional
58600,excepcional
58601,excepcional
58602,excepcional
58603,excepcional
58604,excepcional
58605,excepcional
58606,excepcional
58607,excepcional
58608,excepcional
58609,excepcional
58610,excepcional
58611,excepcional
58612,excepcional
58613,excepcional
58614,excepcional
58615,excepcional
58616,excepcional
58617,excepcional
58618,excepcional
58619,excepcional
58620,excepcional
58621,excepcional
58622,excepcional
58623,excepcional
58624,excepcional
58625,excepcional
58626,excepcional
58627,excepcional
58629,excepcional
58630,aceptable
58631,aceptable
58634,excepcional
58639,excepcional
58640,excepcional
58641,aceptable
58642,excepcional
58644,excepcional
58645,excepcional
58646,excepcional
58648,aceptable
58652,aceptable
58656,aceptable
58657,excepcional
58658,Habitación pequeña por el precio que es.
58659,aceptable
58662,excepcional
58663,excepcional
58665,excepcional
58666,aceptable
58667,excepcional
58668,excepcional
58670,excepcional
58671,excepcional
58673,aceptable
58674,aceptable
58675,aceptable
58676,aceptable
58680,pésimo
58682,aceptable
58684,aceptable
58687,aceptable
58689,mal
58691,aceptable
58692,aceptable
58693,aceptable
58694,aceptable
58695,mal
58697,muy mal
58699,excepcional
58703,aceptable
58708,aceptable
58709,excepcional
58711,aceptable
58712,aceptable
58716,excepcional
58717,excepcional
58718,perfecto
