nombre_del_hotel,nacionalidad,detalles_hab,noches,personas,comentario_general,positivo,negativo,nota,fecha,comentario_media_hotel
the river hostel,españa,litera en habitación compartida mixta de 12 camas,6,persona que viaja sola,only english,la ubicación está bien,"no me gustó que el personal de la barra del bar hablaban en inglés, cuándo estamos en valéncia.",8.0,2026-04-16,muy bien
the river hostel,argentina,litera en una habitación compartida femenina,2,persona que viaja sola,muy bien,la habitación de chicas era muuy amplia. el locker tenía un buen tamaño. buena iluminación. duchas y baños limpios y en buen estado. las camas tienen espacio para apoyar objetos personales. además el servicio de toallas y candado es gratuito. la atención del personal fué súper. unas genias las chicas.,el baño quedaba bastante lejos de la habitación. eso es incómodo a la noche.,8.0,2026-04-14,muy bien
the river hostel,españa,litera en habitación compartida mixta de 12 camas,1,persona que viaja sola,"recomendado, vale la pena en relación calidad precio",la atención del personal buena ubicación,,9.0,2026-04-10,muy bien
the river hostel,brasil,cama en habitación compartida mixta de 8 camas,2,persona que viaja sola,buena relación precio-calidad,ubicación y el edificio en general,nada en específico,8.0,2026-04-09,muy bien
the river hostel,colombia,litera en dormitorio compartido mixto con 10 camas,2,grupo,hostel inmenso y bien ubicado,"la ubicación es muy adecuada. es fácil llegar y conocer el centro desde aquí. las camas son confortables y hay suficiente espacio de almacenamiento. también, hay suficientes baños lo que facilita acciones de aseo personales rutinarias.la opción del desayuno está bien y hay posibilidad de probar todo lo que ofrecen.","el aseo en los baños podría mejorar. en algunos, hay un olor a caño muy fuerte. al ser un hostel tan tan grande, creo que podrían tambien ofrecer más opciones de alojamiento no mixtas.",8.0,2026-04-07,muy bien
the river hostel,españa,cama en habitación compartida mixta de 4 camas,1,persona que viaja sola,bien,"la habitación de 4 y la ubicación. el personal muy amable también, como siempre.","mucho ruido en los pasillos  y más tarde de las 22h, que en teoría está prohibido . debería estar más controlado.",7.0,2026-04-06,muy bien
the river hostel,argentina,cama en habitación compartida mixta de 8 camas,2,persona que viaja sola,fantástico,buena ubicación,,9.0,2026-04-03,muy bien
the river hostel,españa,cama en habitación compartida mixta de 4 camas,1,persona que viaja sola,muy bien,,mucho ruido en los pasillos,8.0,2026-04-03,muy bien
the river hostel,españa,cama en habitación compartida mixta de 4 camas,1,persona que viaja sola,buen lugar,el personal y la limpieza. la atención y cuidado a cada consulta y la seguridad.,"creo fué un poco ruidoso hasta después de media noche tanto en la calle como en el propio hostel,al menos al lado de nuestra habitación.",8.0,2026-04-01,muy bien
the river hostel,argentina,litera en habitación compartida mixta de 12 camas,2,persona que viaja sola,gran relación precio-calidad,ubicación inmejorable y personal súper amable,,8.0,2026-04-01,muy bien
the river hostel,colombia,litera en habitación compartida mixta de 12 camas,2,pareja,buena estancia,la cama estaba limpia,"muchas cosas en las habitaciones, se hace ruidoso en la noche",8.0,2026-03-31,muy bien
the river hostel,méxico,cama en habitación compartida mixta de 6 camas,2,persona que viaja sola,muy bien,la ubicación está genial todo esta cerca y hay un metro donde te lleva a todas partes. me gusto el desayuno muy completo y económico,"cuando llegue la chica que me atendió no hablaba español, pero después me atendió una chica que hablaba excelente español muy linda y hablabe. la gerente de hotel es muy atenta y me resolvió de inmediato unos temas que traía aparte de guapa y educada. volveré a este hostal es una excelente opción",8.0,2026-03-31,muy bien
the river hostel,colombia,litera en habitación compartida mixta de 12 camas,2,persona que viaja sola,"excelente ubicación cerca del centro de valencia, con personal cálido y amable",el personal es increible y muy amable,"el olor en las habitaciones hay huespedes sucios que no vacían el baño no hay papeleras en los baños, por lo que la gente tira en el sanitario y no vacían",8.0,2026-03-29,muy bien
the river hostel,argentina,cama en habitación compartida mixta de 6 camas,3,grupo,bien,el hostel es muy limpio y está muy bien ubicado! muchos baños disponibles y se notaba que limpiaban varias veces al día.,"el personal no me pareció amable. la mayoría no hablaba español, ni se esforzaban en entender nuestras preguntas o dudas.",7.0,2026-03-23,muy bien
the river hostel,perú,litera en dormitorio compartido mixto con 10 camas,4,persona que viaja sola,fantástico,"todo el personal humano, la cocina bien equipada, muy bonita vibra y buen ambiente.",,9.0,2026-03-20,muy bien
the river hostel,españa,litera en habitación compartida mixta de 12 camas,2,persona que viaja sola,"buen lugar, pero instalaciones obsoletas",la ubicación,instalaciones viejas,9.0,2026-03-20,muy bien
the river hostel,argentina,litera en habitación compartida mixta de 12 camas,5,persona que viaja sola,fantástico,la renovacion en este hostel ha sido fantastica. las habitaciones y las camas absolutamente  secretas  impecables,no fue totalmente de mi agradó que salvo las amables españolas -super colaboradoras especialmente una niña cuyo segundo nombre es maria- la inmensa mayoria son extranjero pero que no saben una palabra en español!! y te lo hacen saber ya que si le preguntas algo -el desayuno pago por ejemplo- te dice  english please  y se dan vuelta. puede ser pues al ser argentino amo a españa. pero que aprendan las 30 palabras para atender el bar: cafe - lehe -azucar - te -etc etc,9.0,2026-03-18,muy bien
the river hostel,españa,cama en habitación compartida mixta de 4 camas,1,persona que viaja sola,breve pero bueno,me gustó mucho la limpieza que tuvieron en la habitación y los baños. también fueron muy cordiales conmigo lo cual me encantó y aparte me ayudaron a encontrar aparcamiento.,"no me gustó que hubieran muchos grupos de jovenes, que para el wifi tenias que bajar a recepción a pedirlo y que tuviera que guardar el ticket del depósito para que me lo devolvieran.",7.0,2026-03-17,muy bien
the river hostel,españa,cama en habitación compartida mixta de 4 camas,1,pareja,visita a valencia,"el hostal super bien todo, muy recomendado, las camas cómodas, todo muy limpio y orden, instrucciones claras, la ubicación genial, muy cerca del centro, en todo en frente del turia, bien conectado con la estación del nord, y el centro histórico y transporte en general para moverse por la cuidad, todo un acierto que recomiendo y sin duda repetiria",,9.0,2026-03-16,muy bien
the river hostel,méxico,litera en habitación compartida mixta de 12 camas,2,persona que viaja sola,recomendado para jóvenes,"la cocina muy bien equipada, los baños y regaderas siempre estuvieron muy limpios!","mi locker no servía, por mucho tiempo mis cosas se quedaron atoradas porque ni yo ni el staff podiamos abrirlo, hasta un rato después se pudo.",8.0,2026-03-16,muy bien
the river hostel,chile,litera en habitación compartida mixta de 12 camas,6,persona que viaja sola,muy bien,cercanía a lugares turísticos,todo estuvo bien,8.0,2026-03-05,muy bien
the river hostel,españa,litera en habitación compartida mixta de 12 camas,3,persona que viaja sola,cómodo para un viaje rápido,la ubicación y el personal,,8.0,2026-03-02,muy bien
the river hostel,uruguay,litera en habitación compartida mixta de 12 camas,1,persona que viaja sola,fantástico,las duchas están muy bien.,,9.0,2026-02-09,muy bien
the river hostel,españa,cama en habitación compartida mixta de 6 camas,2,persona que viaja sola,muy bien,la tranquilidad,no hay cocina,8.0,2026-02-08,muy bien
the river hostel,chile,litera en habitación compartida mixta de 12 camas,1,persona que viaja sola,bien,me gustó las lavadoras automáticas y la recepción.,los baños demasiado despersonalizados.,7.0,2026-02-08,muy bien
the river hostel,bélgica,litera en una habitación compartida femenina,2,persona que viaja sola,fantástico,"fue muy cómodo, la gente muy amable y cálida. la ubicación es perfecta y la relación calidad-precio también.",la cocina siempre está repleta de gente y no es seguro dejar comida en la heladera.,9.0,2026-02-02,muy bien
the river hostel,perú,litera en dormitorio compartido mixto con 10 camas,1,persona que viaja sola,bien,,"que tuvieron mi cama lista después de 1 hora , pasada la hora de ingreso del check-in",7.0,2026-02-02,muy bien
the river hostel,españa,cama en habitación compartida mixta de 8 camas,1,persona que viaja sola,muy bien,las habitaciones cómodas y limpias,"los vasos de papel y platos ,mejor bandejitas y vasos que se laven",8.0,2026-01-31,muy bien
the river hostel,españa,litera en dormitorio compartido mixto con 10 camas,1,persona que viaja sola,por lo general bien,me atendieron bien a pesar de la hora que llegué,ruido en la habitación,9.0,2026-01-26,muy bien
the river hostel,argentina,litera en habitación compartida mixta de 12 camas,1,persona que viaja sola,bien,organización y excelente ubicación,,7.0,2026-01-26,muy bien
the river hostel,españa,litera en habitación compartida mixta de 12 camas,4,persona que viaja sola,fantástico,"el personal y mucho más el personal de la noche, muy amable bíceps flexionado tono de piel claro medio",no tienen juegos para pasar el tiempo jaja,9.0,2026-01-25,muy bien
the river hostel,italia,litera en habitación compartida mixta de 12 camas,7,persona que viaja sola,fantástico,"quede muy conforme, baños impecables, con planchita y secador para el pelo, desayuno 5 estrellas. atención excelente. la cama muy cómoda.",que la escalera para subir a la cama me hacia doler mucho los pies. era incomoda para bajar y para subir.,9.0,2026-01-24,muy bien
the river hostel,españa,cama en habitación compartida mixta de 4 camas,1,pareja,superó mis expectativas,"todo limpio, excelente espacio en las literas, no había ruido y las duchas con jabón secador y planchita!",,9.0,2026-01-23,muy bien
the river hostel,colombia,litera en una habitación compartida femenina,1,persona que viaja sola,muy conveniente,"está muy bien ubicado, las camas estaban muy cómodas, muy buena la capacidad de los cajones para guardar las maletas, el personal muy amable","un poco de ruido en la noche, porque el hostal es grande y alberga mucha gente",9.0,2026-01-23,muy bien
the river hostel,colombia,litera en una habitación compartida femenina,2,persona que viaja sola,fantástico,"me encantó que tuviesen lavadoras con jabón. también el desayuno está muy bien, buffet por 4,50 . súper. las camas eran cómodas y estaba limpio. muy amables.",la escalera de mi camarote me pareció bastante incomoda para subir y bajar entonces una vez subía no bajaba hasta el día siguiente. en general estuvo muy bien relación calidad-precio.,9.0,2026-01-20,muy bien
the river hostel,argentina,litera en habitación compartida mixta de 12 camas,2,pareja,fantástico,"la ubicación es ideal y la limpieza también. tuvimos un inconveniente con un huésped dentro de nuestra habitación y las chicas de recepción no dudaron en cambiarnos a otra. por lo tanto, la empatía de este hostal es un 10.",,9.0,2026-01-15,muy bien
the river hostel,perú,litera en habitación compartida mixta de 12 camas,1,persona que viaja sola,bien,"las instalaciones son muy amplias, cómodas y limpias. hay mucha interacción y facilidades para los huéspedes.","el hostel es bastante grande y recibe muchos huéspedes, algunos llegan muy de madrugada y hacen mucho ruido en las habitaciones.",7.0,2026-01-11,muy bien
the river hostel,argentina,litera en una habitación compartida femenina,3,persona que viaja sola,hostel muy bien ubicado para conocer valencia,la ubicacion del hostel en general me encantó.,la ubicacion del baño y tener que salir y dar la vuelta para el desayuno,8.0,2026-01-10,muy bien
the river hostel,españa,cama en habitación compartida mixta de 4 camas,1,pareja,muy buena relación calidad-precio,"muy bien en relación calidad-precio, personal muy amable y atento. las literas están bien, cama cómoda, sábanas limpias. el desayuno por 3.50 la verdad no nos mató pero sabiendo lo q nos costó está muy bien. ubicación excelente.","si sería bueno que pusieran calefacción en las habitaciones.. si bien no pasé frío, por momentos si se sentía que se colaba un poco.",9.0,2026-01-04,muy bien
the river hostel,españa,cama en habitación compartida mixta de 6 camas,1,persona que viaja sola,muy recomendable,"el personal muy amables y atentos, el desayuno fenomenal..","el poco respeto de los compañeros de habitación, no todos, pero después de las 00:30 haciendo ruido como si estuvieran solos",9.0,2026-01-03,muy bien
the river hostel,argentina,litera en una habitación compartida femenina,2,persona que viaja sola,muy bien,"fue mi primera vez en un hostel y fue muy cómodo. tendrían que mejorar la limpieza de los baños, después todo lo demás perfecto",,8.0,2026-01-02,muy bien
the river hostel,españa,litera en dormitorio compartido mixto con 10 camas,2,persona que viaja sola,fantástico,la ubicación,,9.0,2026-01-02,muy bien
the river hostel,brasil,cama en habitación compartida mixta de 4 camas,1,persona que viaja sola,muy bien,no lo sé. nada me llamó atención. pasé una sola noche.,la habitación me pareció demasiado pequeña para el número de camas.,8.0,2025-12-27,muy bien
the river hostel,colombia,litera en habitación compartida mixta de 12 camas,1,persona que viaja sola,fantástico,su invitación,,9.0,2025-12-25,muy bien
the river hostel,colombia,litera en habitación compartida mixta de 12 camas,3,persona que viaja sola,fantástico,excelente ubicación,,9.0,2025-12-25,muy bien
the river hostel,colombia,litera en una habitación compartida femenina,3,persona que viaja sola,magnífico para ser una estancia compartida,"nos correspondió la habitación 44 femenina de 8 personas. en muy buenas condiciones, moderna, con buenas amenities. es grande y cuenta con buen espacio para desayunar. tienen tienda en la recepción y es bueno por si necesitas algo de urgencia como artículos de aseo o tapones para los oidos  recomendados para usar allí . que haya secadora y plancha en las duchas es algo muy agradable.","definitivamente deben hacerle una revisión al ascensor, parece que fueras a tener un incidente en cualquier momento allí. los baños se me hacen muy pocos para la cantidad de personas que hospedan. podrían poner más muebles o ganchos para organizar las cosas cuando se va al baño, pues todo se moja o hay que dejarlo en el piso, lo cual no es muy higiénico que digamos. una reforma a las duchas para verificar la humedad vendría bien. mi colchón estaba muy hundido, aunque el de mi acompañante estaba bien.",8.0,2025-12-18,muy bien
the river hostel,españa,litera en habitación compartida mixta de 12 camas,2,persona que viaja sola,fantástico,"la atención y el servicio al cliente por parte de todo el personal, son chicos y chicas estupendos", el lugar es fabuloso! pero los compañeros de habitación no fueron cuidadosos con el aseo personal.,9.0,2025-12-17,muy bien
the river hostel,españa,litera en una habitación compartida femenina,4,persona que viaja sola,bien,si atención,,7.0,2025-12-16,muy bien
the river hostel,españa,litera en habitación compartida mixta de 12 camas,1,persona que viaja sola,fantástico,"en general todo estuvo bien. el desayuno, en mi opinión, muy bien","a veces hay información escrita sólo en inglés. independientemente de que la mayoría de la clientela sean extranjeros  no necesariamente de lengua inglesa , todo debería estar primeramente escrito en español  pues estamos en españa , y luego en cualquier idioma que el albergue considere conveniente. dar prioridad al inglés  en españa  es inaceptable y hasta cierto punto indignante. asimismo todo el personal de cara al público debería saber español, lo que no fue el caso. al margen de esto todo lo demás estuvo bien.",9.0,2025-12-15,muy bien
the river hostel,venezuela,litera en una habitación compartida femenina,1,persona que viaja sola,fantástico,"tener cortinas , lampara, toma corriente y donde poner cosas dentro de la litera.",solo 2vaters en los aseos de chicas.,9.0,2025-12-09,muy bien
the river hostel,españa,litera en habitación compartida mixta de 12 camas,6,persona que viaja sola,un lugar agradable,el ambiente y sobre todo la atención del personal,,9.0,2025-12-05,muy bien
the river hostel,colombia,cama en habitación compartida mixta de 8 camas,10,persona que viaja sola,"opción viable, ubicación excelente y precio favorable","la ubicación, el personal y la limpieza de sus instalaciones","no todas las camas son cómodas, la no variedad en el desayuno y un poco el no control en ello y en no tener mas zonas comunes un poco",8.0,2025-12-04,muy bien
the river hostel,guatemala,litera en habitación compartida mixta de 12 camas,5,persona que viaja sola,,,,8.0,2025-12-03,muy bien
the river hostel,italia,litera en habitación compartida mixta de 12 camas,3,persona que viaja sola,fantástico,"me gusto el área en común, el desayuno. cómoda cama y buena cocina.",,9.0,2025-12-03,muy bien
the river hostel,españa,cama en habitación compartida mixta de 4 camas,1,persona que viaja sola,correcto pero procura hacer check in pronto,ubicación y cama,"la limpieza, al llegar tarde, había una becaria y pobrecilla no podía con todos los que llegamos, entonces la espera fué laaaaaarga",7.0,2025-12-02,muy bien
the river hostel,españa,litera en habitación compartida mixta de 12 camas,2,persona que viaja sola,buena opcion para algo economico,"muy buena opcion para alojamiento economico, desayuno bueno por el precio",,8.0,2025-12-02,muy bien
the river hostel,españa,litera en dormitorio compartido mixto con 10 camas,1,persona que viaja sola,muy bien,"en la 2da noche que nos quedamos nos toco 2 camas frente al balcón, una de las mejores vistas!",que no tuviera terraza,8.0,2025-11-29,muy bien
the river hostel,españa,litera en dormitorio compartido mixto con 10 camas,1,persona que viaja sola,buena experiencia,"la limpieza, la atención de las empleadas, cómo está organizado y lo que te recomiendan por tu bien. el desayuno para mi sorpresa estaba muy bueno.",control de gente que falta al respeto que es ajena a la empresa pero al final puede limitar a la hora de volver a elegirlo.,7.0,2025-11-27,muy bien
the river hostel,españa,litera en habitación compartida mixta de 12 camas,1,grupo,buena relación precio y ubicación,buen desayuno,mejorar un poco la frecuencia de limpieza de baños,9.0,2025-11-26,muy bien
the river hostel,bulgaria,litera en habitación compartida mixta de 12 camas,1,persona que viaja sola,muy bien,las camas,el agua en el baño poca precion tardas mucho para duchar antes iba bien o el problema esta solo en la ultima planta,8.0,2025-11-25,muy bien
the river hostel,españa,litera en una habitación compartida femenina,1,persona que viaja sola,genial para una noche en cuanto calidad -precio,lo bien comunicado que estaba,,8.0,2025-11-24,muy bien
the river hostel,españa,litera en habitación compartida mixta de 12 camas,6,persona que viaja sola,fantástico,muy céntrico y un ambiente muy cordial,no ay nada que objetar,9.0,2025-11-23,muy bien
the river hostel,chile,cama en habitación compartida mixta de 4 camas,6,persona que viaja sola,muy agradable,"ubicación , limpio, seguro , personal muy amable","el desayuno muy monótono, exactamente lo mismo cada día",9.0,2025-11-19,muy bien
the river hostel,italia,litera en habitación compartida mixta de 12 camas,2,persona que viaja sola,fantástico,"la habitación,",las duchas no funcionaban bien,9.0,2025-11-16,muy bien
the river hostel,españa,litera en habitación compartida mixta de 12 camas,1,persona que viaja sola,bien,"baños, duchas, ubicación.",,7.0,2025-11-14,muy bien
the river hostel,españa,litera en habitación compartida mixta de 12 camas,1,persona que viaja sola,"las chicas de recepción, increíbles .","en la recepción me trataron muy bien en todo momento, siempre muy atentos con cualquier necesidad. eso se valora mucho.","el elevador es eterno, 15 minutos esperando.",8.0,2025-11-14,muy bien
the river hostel,colombia,cama en habitación compartida mixta de 6 camas,4,persona que viaja sola,muy bien,"el sitio está súper bien ubicado, no estuve mucho tiempo en si en el hostal por que solo llegaba a dormir pero tenían bastantes actividades programadas.",las camas están un poco antiguas necesitan un cambio o una adecuación,8.0,2025-11-12,muy bien
the river hostel,españa,litera en habitación compartida mixta de 12 camas,2,persona que viaja sola,muy bien,"el desayuno bufet libre excelente, las camas con cortina y un poco de privacidad muy bueno , que tenga enchufe en las parede muy bien , excelente la limpieza de las camas y tuve suerte que poco ruido casi nulo de la gente pero eso quizás es suerte","no hay un metro cerca del hostel , hay que caminar un poco para uno",8.0,2025-11-11,muy bien
the river hostel,españa,cama en habitación compartida mixta de 4 camas,1,persona que viaja sola,calidad precio excelente,ubicación tranquilidad,,9.0,2025-11-10,muy bien
the river hostel,uruguay,litera en dormitorio compartido mixto con 10 camas,2,persona que viaja sola,muy bien,muy buen ambiente y muy buen desayuno,tuve un problema con un lavarropas que estaba roto y no había cartel o aviso,8.0,2025-11-06,muy bien
the river hostel,colombia,litera en habitación compartida mixta de 12 camas,2,pareja,cumple,los baños siempre limpios,en la recepción no te explican las actividades del hostal ni la ubicación de las zonas comunes.,7.0,2025-11-04,muy bien
the river hostel,colombia,litera en habitación compartida mixta de 12 camas,2,persona que viaja sola,excelente vocación de servicio y atención,la atención y ubicación,no tengo comentarios al respecto,9.0,2025-11-03,muy bien
the river hostel,españa,cama en habitación compartida mixta de 8 camas,2,persona que viaja sola,muy bien,céntrico y el personal daba facilidades en todo momento. buen sitio para la media maratón de valencia,,8.0,2025-11-02,muy bien
the river hostel,españa,litera en dormitorio compartido mixto con 10 camas,1,persona que viaja sola,sólo pasé una noche por trabajo. pero repetiría.,"me trataron muy bien. el emplazamiento es perfecto! la limpieza en baños y duchas, genial.",echo en falta un servicio para guardar bicis plegables. y más tal como ahora está valència en lo que se refiere al uso de la bici urbana.,7.0,2025-11-01,muy bien
the river hostel,colombia,litera en dormitorio compartido mixto con 10 camas,4,persona que viaja sola,river hostel a must have,el personal es muy bueno,el sistema de cocina es lamentable!,8.0,2025-10-29,muy bien
the river hostel,colombia,litera en dormitorio compartido mixto con 10 camas,2,persona que viaja sola,bien,,"el personal del lobby , poco amable",7.0,2025-10-28,muy bien
the river hostel,españa,cama en habitación compartida mixta de 6 camas,2,persona que viaja sola,bien,,ruido,7.0,2025-10-27,muy bien
the river hostel,argentina,cama en habitación compartida mixta de 8 camas,1,persona que viaja sola,fantástico,"lo que más me gusto fue el clima de las personas que estaban hospedadas en el hostel, la limpieza de la habitación y de los espacios comunes, la buena onda de las chicas de recepción y del personal en general. sin dudas, volvería y recomiendo la experiencia en el river hostel.",,9.0,2025-10-25,muy bien
the river hostel,españa,litera en dormitorio compartido mixto con 10 camas,2,persona que viaja sola,fantástico,"buena cocina, habitación espaciosa, circa del centro, .","ruido de la calle, colchon no muy confortable.",9.0,2025-10-24,muy bien
the river hostel,españa,litera en una habitación compartida femenina,4,persona que viaja sola,escapada por valencia,la ubicación del hostel es muy buena. la cama muy cómoda y habitación espaciosa y ventilada.,todo estuvo bastante bien,9.0,2025-10-24,muy bien
the river hostel,colombia,litera en habitación compartida mixta de 12 camas,3,persona que viaja sola,muy bien,tiene una cocina amplia y cómoda.,cierran las zonas comunes muy temprano.,8.0,2025-10-24,muy bien
the river hostel,españa,litera en habitación compartida mixta de 12 camas,1,persona que viaja sola,muy bien,"la amabilidad en la atención, la relación calidad-precio y la ubicación","como único pega, en la cama había muchos mosquitos diminutos, quizás se deba a la luz y calor, pero terminé llega de picaduras",8.0,2025-10-24,muy bien
the river hostel,españa,litera en habitación compartida mixta de 12 camas,1,familia,bien,,que hacía mucho calor en la habitación y mucho olor de la gente,7.0,2025-10-24,muy bien
the river hostel,argentina,litera en dormitorio compartido mixto con 10 camas,2,persona que viaja sola,todo bien,muy amable el trato de las recepcionistas y del personal en general,,9.0,2025-10-22,muy bien
the river hostel,españa,cama en habitación compartida mixta de 6 camas,1,pareja,muy bien,la atención y la ubicación,,8.0,2025-10-22,muy bien
the river hostel,españa,litera en dormitorio compartido mixto con 10 camas,1,persona que viaja sola,para una noche,qué me tocase un cuarto de 10 para mí solo. qué regalo cuando necesitaba descanso.,"30 min de reloj esperando al check in con solo dos personas delante y dos en recepción. ni una sonrisa, se ve que están hartos y saturados. y lo mismo para el staff a la salida. 0 vibra de hostel por parte del staff.",7.0,2025-10-21,muy bien
the river hostel,españa,cama en habitación compartida mixta de 6 camas,3,persona que viaja sola,muy bien,el desayuno buen precio y opciones saludables y sin gluten,los baños,8.0,2025-10-20,muy bien
the river hostel,australia,litera en dormitorio compartido mixto con 10 camas,15,persona que viaja sola,fantástico,la limpieza y la ubicación,"sé que no es culpa del hostel pero hay muchos grupos de estudiantes y no hay control del ruido que hacen, sobre todo de noche.",9.0,2025-10-17,muy bien
the river hostel,españa,litera en dormitorio compartido mixto con 10 camas,2,persona que viaja sola,muy bien,"el desayuno estupendo, muy completo y la ubicación también. también me encantó el trato recibido por el personal de recepción.","el cubículo para dejar la maleta me resultó incómodo; el cajón estaba un poco caído. también eché de menos en la cama alguna pequeña repisa para dejar las gafas, el móvil, un libro, etc.",8.0,2025-10-17,muy bien
the river hostel,colombia,litera en una habitación compartida femenina,3,persona que viaja sola,excelente ubicación,está ubicado en un lugar céntrico y seguro,"el hostal está bien, pero los anfitriones son chicos jóvenes que no hablan español, lo que dificulta la comunicación. entiendo que el público es mayoritariamente extranjero, pero se agradecería contar con más apoyo y atención en español. también hay muy pocas actividades disponibles en este idioma.",8.0,2025-10-15,muy bien
the river hostel,francia,cama en habitación compartida mixta de 6 camas,2,persona que viaja sola,fantástico,todo bien,,9.0,2025-10-14,muy bien
the river hostel,españa,cama en habitación compartida mixta de 6 camas,2,persona que viaja sola,muy adecuado para pasar la noche.,"confortable dentro de un hostel. tranquilo. el desayuno, las duchas muy limpias.",encuentro que el precio es elevado para estar compartiendo habitación.,8.0,2025-10-13,muy bien
the river hostel,indonesia,litera en una habitación compartida femenina,3,persona que viaja sola,fantástico,"los trabajadores muy amables, me ayuda en todos lo que necesitaba. gracias.",todo bien,9.0,2025-10-05,muy bien
the river hostel,españa,cama en habitación compartida mixta de 8 camas,1,persona que viaja sola,fantástico,todo muy ameno,,9.0,2025-10-04,muy bien
the river hostel,argentina,litera en habitación compartida mixta de 12 camas,2,persona que viaja sola,muy bien,"la ubicación, el personal que trabaja en el lugar, la limpieza","lo que no me gustó que es ajeno al establecimiento es que la mayoría de los casos de los visitantes carecen de empatía, pero debe ser una cuestión cultural de los visitantes o turistas de algunos paises que viajan, y por otro lado a cuestión de propuesta, la cartelería debería tener más en español, ya que estamos en españa y los turistas debe preocurar x entender tan noble idioma.",8.0,2025-10-02,muy bien
the river hostel,argentina,litera en dormitorio compartido mixto con 10 camas,10,persona que viaja sola,bien,"la ubicación, el trato de los recepcionistas siempre dispuestos a ayudar","las duchas y baños fuera de las habitaciones, sin espacio tipo co-working sino que en el mismo desayunador y sala de estar había que ponerse a trabajar y es muy difícil con tanto ruido y personas queriendo almorzar cenar  etc",7.0,2025-10-01,muy bien
the river hostel,españa,litera en habitación compartida mixta de 12 camas,3,persona que viaja sola,todo excelente salvo la cama donde dormir,buena ubicación en valencia los desayunos estaban completos y muy baratos para todo lo que se me ofrecía nanos y resto lugar común limpio y libre basura,"la cama en litera, se sentía irse a dormir en una caja. incapaz de sentarme en ella para usarla para cambio de ropa. el metal sonaba mucho al moverme y como era plan caja, chocaba las paredes con mis piernas o el techo con mis brazos",7.0,2025-09-30,muy bien
the river hostel,españa,litera en dormitorio compartido mixto con 10 camas,2,persona que viaja sola,muy bien.,muy buena ubicación. personal atento. baños limpios. en general me gusto bastante.,"un huésped, mujer, de madrugada me abre la cortina estando ya dormido para decirme que no me estuviera moviendo mucho en la cama, cuando yo ya estaba totalmente dormido. ya esa noche no pude dormir.",8.0,2025-09-29,muy bien
the river hostel,argentina,litera en habitación compartida mixta de 12 camas,4,persona que viaja sola,muy bien,la ubicación,el lugar de guardado de maletas en las habitaciones estaba deteriorados. algunas duchas estaban con poco mantenimiento.,8.0,2025-09-29,muy bien
the river hostel,uruguay,litera en una habitación compartida femenina,1,persona que viaja sola,me gusto! pero puede mejorar,me gusto mucho la tranquilidad del lugar! y tenia buenas instalaciones para recreacion fuera del dormitorio,"la ducha tenia un sensor, entonces mientras me bañaba se apago 4 veces la luz y tuve que salir a prenderla  me imagino que habia alguna luz fija para predner y yo no la vi, porque eso no tiene sentido",8.0,2025-09-28,muy bien
the river hostel,argentina,litera en una habitación compartida femenina,3,persona que viaja sola,fantástico,la ubicación del lugar fue genial,las duchas salía el agua con poca fuerza,9.0,2025-09-28,muy bien
the river hostel,españa,litera en dormitorio compartido mixto con 10 camas,1,pareja,hostel con intimidad al dormir,"todo correcto, un muy buen punto fue que cada cama tiene cortina. esto te da más intimidad. el desayuno no fue una maravilla, pero por el precio está bien.",las instalaciones son bastante antiguas y parte del personal no habla bien español. el precio por una noche en septiembre me parece un poco elevado para lo que ofrece  34 euros por cama .,8.0,2025-09-28,muy bien
the river hostel,argentina,litera en habitación compartida mixta de 12 camas,3,persona que viaja sola,muy bien,"bien equipada la cocina, el personal amable.",baños lejos de la habitación.,8.0,2025-09-25,muy bien
the river hostel,españa,litera en habitación compartida mixta de 12 camas,3,persona que viaja sola,bien,"ubicación, zonas comunes, baños",habitación algo antigua como las cajoneras y las puertas de entrada a la habitación,7.0,2025-09-20,muy bien
the river hostel,españa,litera en dormitorio compartido mixto con 10 camas,1,grupo,comodidad,"la tranquilidad, estaba todo muy en silencio","las taquillas para guardar las cosas, eran poco seguras",8.0,2025-09-17,muy bien
the river hostel,españa,litera en habitación compartida mixta de 12 camas,1,persona que viaja sola,mejorar estructura de aseos,el personal fue muy bueno!,la limpieza de las duchas... el agua quedaba estancada. creo que deberían mejorar eso,8.0,2025-09-17,muy bien
the river hostel,países bajos,cama en habitación compartida mixta de 6 camas,4,persona que viaja sola,muy bien,la chica ecuatoriana cara sonriendo con ojos de corazón,,8.0,2025-09-17,muy bien
the river hostel,colombia,litera en habitación compartida mixta de 12 camas,2,persona que viaja sola,me gustó mucho el trato del personal pero la cama era un poco vieja y ya se veía desgastada,"las chicas de recepción fueron muy cordiales y el trato fue muy profesional, y amigable, me encanto y el señor que está en la noche también fue muy amable y me hizo sentir muy cómodo el servicio fue 10 10,","las camas estaban un poco viejas, la dicha del fondo no servía y todo sonaba mucho",8.0,2025-09-12,muy bien
the river hostel,colombia,litera en habitación compartida mixta de 12 camas,5,persona que viaja sola,super,todo muy bien,,9.0,2025-09-10,muy bien
the river hostel,argentina,litera en una habitación compartida femenina,3,persona que viaja sola,muy bien,"el desayuno era bastante completo, y la atención del personal siempre fue muy buena!",,8.0,2025-09-10,muy bien
the river hostel,españa,litera en dormitorio compartido mixto con 10 camas,3,grupo,cómodo y confortable el lugar,"la comodidad e instalaciones, era bastante cómodo y tenía de todo para que puedas hacerte ahí",,8.0,2025-09-10,muy bien
the river hostel,argentina,cama en habitación compartida mixta de 4 camas,7,persona que viaja sola,fantástico,"el hostel es enorme, buena atención de los chicos y personal. la ubicacion es excelente, a un paso del centro histórico y con buenas conexiones para llegar a cualquier sitio.",como es tan grande tiene mucho movimiento de gente en las habitaciones y por ahí se complicaba descansar. por lo demás me gustó.,9.0,2025-09-08,muy bien
the river hostel,argentina,litera en habitación compartida mixta de 12 camas,2,persona que viaja sola,muy bien,,que hay poco personal que hable español,8.0,2025-09-08,muy bien
the river hostel,españa,litera en dormitorio compartido mixto con 10 camas,2,persona que viaja sola,está bien pero...,"hablan varios idiomas, conoces gente muy diversa. tienes comedor al entrar en el hostel. las vistas desde mi habitación eran muy bonitas y la calle tranquila. muy cerca de todo y junto al río túria. puedes desayunar allí mismo por menos de 5 .",el entrar al cuarto era un poco incómodo ya que tenía que recordar cada vez el código digital. la instalación de esta estaba en bastante mal estado. mucho ruido en los pasillos y la habitación. los baños estaban fuera del cuarto y separados el wc de las duchas. eso sí muy limpio,7.0,2025-09-04,muy bien
the river hostel,países bajos,litera en habitación compartida mixta de 12 camas,5,persona que viaja sola,fantástico,el personal del hostal es muy amigable y atento. también me encontrado muy bien con la limpieza del lugar.,las camas no son tan comodas.,9.0,2025-09-03,muy bien
the river hostel,españa,litera en habitación compartida mixta de 12 camas,1,persona que viaja sola,genial,,que habia una habitación llenas de hombres y 2 mujeres,9.0,2025-09-03,muy bien
the river hostel,españa,litera en habitación compartida mixta de 12 camas,1,grupo,bien,"la ubicación. el baño estaba muy limpio y cómodo, grande.","la cocina estaba muy sucia y desordenada. soy celiaca y fie muy difícil cocinar sin riesgo de contaminación, a pesar de que me había llevado mis utencillos.",7.0,2025-09-03,muy bien
the river hostel,españa,litera en habitación compartida mixta de 12 camas,2,persona que viaja sola,caro y bien.,"la ubicación está muy bien, el edificio es precioso y está reformado bastante moderno el hostel, no he utilizado la cocina ni las zonas comunes pero todo está limpio y intentan fomentar que haya relación entre los huéspedes.","a mi lo de estar en españa y que me escriban en inglés y una de las recepcionistas no sepa hablar español... me chocó. otra cosa que no me gustó fue lo de poner el código en la puerta que fallaba y que el baño estuviera tan lejos de la habitación, pero la verdad que siempre estaba vacio.",7.0,2025-09-01,muy bien
the river hostel,españa,litera en habitación compartida mixta de 12 camas,1,persona que viaja sola,gran lugar para pasar una estancia en valencia,"estancia agradable, lugar limpio y personal muy amable",,9.0,2025-08-31,muy bien
the river hostel,españa,litera en habitación compartida mixta de 12 camas,2,persona que viaja sola,muy bien,el ambiente del establecimiento. limpieza.,,8.0,2025-08-30,muy bien
the river hostel,portugal,litera en dormitorio compartido mixto con 10 camas,3,persona que viaja sola,valencia guay,"- la ubicación es fantástica, una de las mejores cosas que tiene el hostel, esta casi todo a 5 10m a pie. - recepción 24 7. 10 10 - pagas una tasa por la toalla y te los devuelven cuando haces el check-out  debes guardar el papel o tirarle una foto . 9 10, tendrian el 10 sinó tuviese que dar el papel. haha. - baños bien divididos y limpios, uno que otro detalle que se escapa, pero normal. 8 10 - cumplieron con mis preferencias, cama inferior y lejos de la puerta. 10 10 - personal muy atento, 10 10","- desayuno muy escaso. las fuentes de proteina eran muy pocas la verdad. podrian mejorarlo agregando mas variedad. 5 10 - solo 1 elevador que demora bastante en ocasiones. 7 10 - para entrar necesitas una contraseña, la que siempre se me olvidaba y debia buscarla en el telefono, aparte que el ruido que hace el digitador despierta a todos los que estan durmiendo. deberian poner como tarjetas y en mood silence. 7 10",7.0,2025-08-28,muy bien
the river hostel,chile,cama en habitación compartida mixta de 4 camas,2,grupo,muy bien,,el baño muy caluroso y con poca ventilación,8.0,2025-08-26,muy bien
the river hostel,argentina,litera en habitación compartida mixta de 12 camas,2,persona que viaja sola,bien,ubicación,,7.0,2025-08-26,muy bien
the river hostel,españa,litera en dormitorio compartido mixto con 10 camas,1,persona que viaja sola,muy buen lugar para alojar,"todo muy bien, lo mejor el personal, muy amables y atentos.",los compartimentos para guardar el equipaje y mochilas en los dormitorios no estan en muy buen estado,9.0,2025-08-22,muy bien
the river hostel,polonia,litera en una habitación compartida femenina,2,persona que viaja sola,fantástico,"para mi la ubicación es perfecta y calidad-precio también. personal muy amable y ayuda con cualquier duda. se puede dejar el equipaje antes de check in o después del check out,viene genial.",,9.0,2025-08-21,muy bien
the river hostel,colombia,litera en habitación compartida mixta de 12 camas,1,pareja,un buen lugar para una escapada,fue primer vez que me quedaba en una habitación compartida y la verdad todo muy limpio y el lugar muy bien ubicado cercano a todo.,"con las personas que compartimos habitación la verdad no dejaron dormir por el ruido, 2 y 3 am y aún entraban y salían y no les importaba que hubieran más personas durmiendo .",8.0,2025-08-20,muy bien
the river hostel,españa,cama en habitación compartida mixta de 4 camas,3,persona que viaja sola,fantástico,"excelente ubicación, limpio, habitaciones cómoda, organizado y buen desayuno",,9.0,2025-08-17,muy bien
the river hostel,españa,litera en habitación compartida mixta de 12 camas,1,grupo,muy bien,el aire de la habitacion no funcionava y hacia bastante calor,,8.0,2025-08-11,muy bien
the river hostel,españa,litera en dormitorio compartido mixto con 10 camas,1,persona que viaja sola,cómoda,"relación, calidad precio. hospitalidad de los recepcionistas. había una chica, creo mexicana, super predispuesta. todos igual fueron muy amables! el desayuno muy completo-","no hay mucho. estaba super limpio. me hubiera gustado un locker que no sea de madera, que hacia mucho ruido para mis compañeros de la habitación, durante la noche. la cama, demasiado alta, e incomoda para subir, pero esta ok. luces automáticas en la habitación hubiera estado ok.",9.0,2025-08-11,muy bien
the river hostel,españa,litera en habitación compartida mixta de 12 camas,3,persona que viaja sola,fantástico,limpiezas y ubicación,,9.0,2025-08-06,muy bien
the river hostel,españa,litera en una habitación compartida femenina,1,persona que viaja sola,fantástico,nos facilitaron todo lo que necesitamos. personal muy humano y entendieron a la perfección nuestras necesidades concretas y las circunstancias.,,9.0,2025-08-04,muy bien
the river hostel,argentina,litera en dormitorio compartido mixto con 10 camas,4,persona que viaja sola,"buen lugar, cómodo, limpio y buena atención.",las instalaciones,deberían hacer respetar las normas relacionadas a mantener silencio en horario nocturno,9.0,2025-08-04,muy bien
the river hostel,perú,litera en una habitación compartida femenina,1,persona que viaja sola,buena experiencia,la ubicación,hubo una puerta de ducha rota sin manilla,7.0,2025-08-03,muy bien
the river hostel,españa,litera en una habitación compartida femenina,4,persona que viaja sola,buen precio para una buena estadia,"cocina bien equipada, limpieza de duchas y baños varias veces al día, nunca encontré el lugar sucio. hay muchas personas en el hostal cada día pero el lugar es grande y tiene mobiliario suficiente para todos. se puede lavar ropa por un buen precio y tiene servicio de desayuno por buen precio también. el dormitorio de 4 personas es grande, las camas cómodas y con buena privacidad, luz natural y ventilación.",a veces se agota el agua caliente  entre 10.00 y 11.00 am  hay que informar para que lo solucionen. en verano no hay problema terminar la ducha con agua fría pero en invierno...,9.0,2025-08-02,muy bien
the river hostel,españa,litera en habitación compartida mixta de 12 camas,2,persona que viaja sola,buena,"lo mejor es la ubicación, en pleno centro de valencia, super accesible. además que el hecho de que el desayuno sea buffet también es un plus",siento que a pesar de que está el comedor para socializar le faltan áreas comunes para poder conocer mejor a las personas del hostal,8.0,2025-08-01,muy bien
the river hostel,perú,cama en habitación compartida mixta de 4 camas,2,grupo,buena estadía con desayuno incluido.,"instalaciones limpias  habitación y baño , el desayuno buffet bastante completo en relación al precio, la atención del personal siempre amigable, facilidad para dejar el equipaje antes del check-in y después del check-out.","faltó rapidez en el check-in, estuvimos antes de las 15:00 pero tuvimos que esperar unos 20 minutos más a que la habitación estuviera disponible.",9.0,2025-07-27,muy bien
the river hostel,españa,litera en dormitorio compartido mixto con 10 camas,1,persona que viaja sola,excelente trato del personal. buena relación calidad precio,"sin duda alguna, lo mejor, el personal","hace calor por la noche, aunque escribí un mensaje a recepción y encendieron el aire. y luego, por otra parte, si vas con coche, que sepas que o dejas el coche en el parking que hay como unos 200 m, olvídate de aparcar",7.0,2025-07-25,muy bien
the river hostel,francia,cama en habitación compartida mixta de 8 camas,3,pareja,valencia - river hostel en julio 2025,"la ubicaciôn es excelente y el personal es muy amable. el espacio de convivencia es muy cômodo. me gusta la intimidad en las literas gracias a las cortinas, el enchufe y la lâmpara, puedes aislarte a pesar de estar compartiendo el dormitorio. las duchas tambiên son cômodas y no necesitas llevar gel ni champû. ademâs tienes secador y plancha de pelo. la gente estâ acustumbrada a compartir y el ambiente rebosa frescura.","las cajoneras para guardar la maletas o enseres personales estaban descuadradas. era difîcil cuadrar el gancho con el candado. nadie nos advirtiô que se podrîa regular el aire a nuestra conveniencia y una noche pasamos mucho frîo y otra muchisimo calor. de cualquier forma, es la segunda vez que me hospedo y sin duda, si es posible, repetirê",8.0,2025-07-18,muy bien
the river hostel,francia,cama en habitación compartida mixta de 6 camas,3,persona que viaja sola,bien,"las instalaciones en general muy buenas, sobre todo el cuarto.","el personal 50-50. algunos muy predispuestos y con buena actitud mientras otros ni te devolvían el saludo. pasaron a apagar el ac a las 9am de forma muy invasiva los 3 días. creo que tiene que ver con la falta de tacto y cercanía propia de los hostels más grandes. lo referido al edificio, todo espectacular. calidad humana a mejorar : ",7.0,2025-07-18,muy bien
the river hostel,argentina,litera en habitación compartida mixta de 12 camas,2,persona que viaja sola,muy bien,,muchas personas en un mismo cuarto.. los ventiladores hacian mucho ruido y varios chicos llegaron ebrios y uno vomito en el cuarto.,8.0,2025-07-15,muy bien
the river hostel,argentina,litera en dormitorio compartido mixto con 10 camas,5,persona que viaja sola,"buen hostel, muy bien ubicado en valencia y con destacable calidad de atención de todo su personal",excelente ubicación y muy buen desayuno,todo bien,9.0,2025-07-14,muy bien
the river hostel,españa,litera en una habitación compartida femenina,3,persona que viaja sola,fantástico,"la ubicación, el personal, el desayuno bastante bien","los aseos y duchas un poco lejos de las habitaciones, hay pocas perchas",9.0,2025-07-13,muy bien
the river hostel,chile,litera en dormitorio compartido mixto con 10 camas,7,persona que viaja sola,fantástico,"la ubicación, cerca al centro y al parque del rio turia .",la cocina no tiene campana extractor de aire y se acumula mucho calor al estar varios cocinando .,9.0,2025-07-09,muy bien
the river hostel,uruguay,litera en habitación compartida mixta de 12 camas,3,persona que viaja sola,muy bien,la buena onda,algunas cosas del equipamiento,8.0,2025-07-05,muy bien
the river hostel,italia,litera en habitación compartida mixta de 12 camas,1,persona que viaja sola,fantástico,las personas que trabajan en el lugar son muy amables,"que el dispensador de jabón en las duchas, estaba roto",9.0,2025-07-04,muy bien
the river hostel,españa,litera en dormitorio compartido mixto con 10 camas,1,persona que viaja sola,muy bien,"dormí súper bien, la habitación muy cómoda.","los baños, solo hay dos por piso con muchas camas, por la mañana todo el mundo va al baño y hay que esperar, se limita la intimidad",8.0,2025-07-02,muy bien
the river hostel,francia,litera en dormitorio compartido mixto con 10 camas,10,persona que viaja sola,recomiendo para corto periodo,"la amabilidad del personal, mucha limpieza, buen desayuno. camas amplias. cocina amplia y excelente onda!","si bien era verano y oía de calor, los ventiladores del comedor no ayudaban mucho, los aires acondicionados de las habitaciones los prendían muy corto tiempo y era muy difícil de estar. el cajón de mi habitación no se podía cerrar y el espacio era muy reducido en el cuarto para tantas personas.",9.0,2025-06-29,muy bien
the river hostel,españa,cama en habitación compartida mixta de 6 camas,2,persona que viaja sola,muy bien,"buena ubicación, exelente trato de las chicas de recepción y limpieza 10 puntos.","no me gustó la cama, hace mucho ruido, eso incomoda para dormir. mi colchón no era muy cómodo.",8.0,2025-06-27,muy bien
the river hostel,españa,litera en habitación compartida mixta de 12 camas,1,persona que viaja sola,fantástico,las instalaciones de la cocina y la sala están muy bien,"el desayuno estaba bien, pero yo eche de menos algo de fruta",9.0,2025-06-24,muy bien
the river hostel,argentina,litera en una habitación compartida femenina,3,persona que viaja sola,muy bien,"la ubicación es buena, el personal predispuesto.",falta más ventilación en habitaciones y baños. las duchas tenían la cañería tapada. había sólo 2 baños  2 inodoros y 2 bachas  para todo el piso. no todo el personal habla en español.,8.0,2025-06-23,muy bien
the river hostel,españa,litera en habitación compartida mixta de 12 camas,2,persona que viaja sola,buena ubicaicon y amplios espacios,las camas comodas y baños amplios,,8.0,2025-06-17,muy bien
the river hostel,uruguay,litera en una habitación compartida femenina,1,persona que viaja sola,muy bien,"la ubicación, ideal, con transporte urbano para varios lugares",dificultad de comunicación. usan poco el idioma español,8.0,2025-06-15,muy bien
the river hostel,españa,cama en habitación compartida mixta de 4 camas,1,persona que viaja sola,"albergue centrico, con muchos usuarios jovenes debido a su relación calidad-precio.",precio muy económico,compartir habitación con otras personas,8.0,2025-06-12,muy bien
the river hostel,colombia,litera en dormitorio compartido mixto con 10 camas,3,persona que viaja sola,la ubicación y la fachada del edificio son espectaculares.,"la ubicación es increíble, justo frente a los jardines del turia. puedes ir caminando a todas partes desde ahí. las habitaciones son amplias, con cortinas y en general se mantienen limpias.","no sientes que la recepción esté tan disponible a resolver dudas. es un hostal muy pensado para alojar grandes grupos de jóvenes europeos de países distintos a españa, y evidentemente no es tan pensado para turistas latinoamericanos.",9.0,2025-06-10,muy bien
the river hostel,españa,cama en habitación compartida mixta de 4 camas,1,grupo,genial,"la ubicación, el personal y la limpieza",la almohada bastante incómoda,9.0,2025-06-07,muy bien
the river hostel,españa,litera en habitación compartida mixta de 12 camas,1,persona que viaja sola,bien,ubicación,el ascensor tarda mucho en subir y bajar,7.0,2025-06-06,muy bien
the river hostel,colombia,litera en habitación compartida mixta de 12 camas,5,persona que viaja sola,gracias!!,"me gustó mucho el lugar en si, pero los baños me parecieron un poco sucios, sin embargo sé que eso no es culpa del hostal sino de las personas que vienen",,8.0,2025-06-01,muy bien
the river hostel,españa,cama en habitación compartida mixta de 4 camas,5,persona que viaja sola,genial la calidad precio de este hostel,"la limpieza, la ubicación y la amabilidad del personal. el uso libre de la cocina sin casi restricciones horarias.","en principio nada , todo bien .",8.0,2025-05-30,muy bien
the river hostel,españa,litera en habitación compartida mixta de 12 camas,3,persona que viaja sola,bien!,"me gustó la comodidad de las camas, que tenían cortinas y estaban limpias las sábanas. los baños también muy limpios y cuidados. para mi muy importante sentirte a gusto a la hora de descansar y de bañarte. hay agua, café y te gratis. no está muy a la vista pero una vez que lo descubris es un plus. la cocina está equipada con todo! se puede guardar el equipaje sin cargo lo cual también es un plus. las chicas de recepción españolas muy amables y dispuestas. la ubicación está cómoda para ir al centro histórico y para ir al jardín de turia y la ciudad moderna. hay muchos enchufes disponibles!","no me gustó que faltaba mantenimiento de pintura en paredes y puertas, lo cual resta a la visual del lugar. en la recepción no te guían a la habitación, lo tenes que descubrir solo, tampoco te llevan a conocer el lugar, tenes que hacerlo solo. elegí dormir en una habitación compartida y es la primera vez que me pasa que había un señor mayor de un aspecto muy dudoso, lo cual me hizo poner en duda sobre quedarme o no. me quedé y ok, pero me hizo ruido ese detalle. también me pasó que tiraron mi bolsa de comida de la heladera cuando hicieron limpieza y perdí mi compra! pongan nombre y fecha bien grande! estuve una noche que era de fin de semana y había mucho ruido, después en días de semana no. se recibe muchísima gente de todas las edades, niños, grupos de adolescentes, personas mayores, lo cual puede ser bueno o malo según lo que estés buscando. yo quizás prefiero un ambiente más tranquilo la próxima vez.",7.0,2025-05-29,muy bien
the river hostel,españa,cama en habitación compartida mixta de 6 camas,1,persona que viaja sola,atención excelente,la atención del personal de recepción excelente.,,8.0,2025-05-26,muy bien
the river hostel,chile,cama en habitación compartida mixta de 6 camas,2,persona que viaja sola,3 noches,la ubicación es muy céntrica,"los baños un poco descuidados, dado que habían algunas baldosas rotas y era peligroso. lo demás todo bien.",8.0,2025-05-25,muy bien
the river hostel,españa,litera en dormitorio compartido mixto con 10 camas,1,persona que viaja sola,siempre regreso,la ubicación comodidad y servicio,,8.0,2025-05-23,muy bien
the river hostel,argentina,litera en habitación compartida mixta de 12 camas,2,persona que viaja sola,muy bien,"todo muy acorde al lugar, las habitaciones sencillas y muy cómodas con un gran espacio en las bauleras de las camas para guardar el equipaje, el personal muy atento y la limpieza muy bien","cuando llegue no tenían toallas disponibles una simple manchita en mi hospedaje de dos días, tenía la mía personal así que tampoco fue mucha la molestia",8.0,2025-05-22,muy bien
the river hostel,españa,cama en habitación compartida mixta de 6 camas,2,persona que viaja sola,"hostal river muy comodo, buen servicio y excelente atencion.","el personal de empleados muy eficientes , colaboradores y agradables. el desayuno buffet muy bueno y abundante. recomiendo este hostel.",me hubiese gustado quedarme mas noches.,8.0,2025-05-21,muy bien
the river hostel,españa,cama en habitación compartida mixta de 8 camas,3,persona que viaja sola,muy bien,"habitación bastante amplia para 8 personas, baños muy limpios y amplios. hay secadores de pelo que es de agradecer y la zona de las duchas también es amplia. buena ubicación, a 10 minutos andando de las torres de serrano y enfrente de los jardines del turia. personal súper agradable! tienes zona en la que dejar tú equipaje después del check out que está controlada por el personal. en las camas tienes luz individual, cortina, enchufe y algunos ganchos. lockers debajo de la cama muy amplios.","en mi litera había restos de envoltorios de comida en el somier de la cama de arriba que daban a mi cama. algunos compañeros muy ruidosos de madrugada, estaría bien recordar las normas a quien se hospeda aquí. el colchón en litera de abajo se hundía un poco pero no era del todo incómodo. quizás más espacio con perchas para poder colgar toallas y abrigos.",8.0,2025-05-19,muy bien
the river hostel,españa,litera en habitación compartida mixta de 12 camas,1,persona que viaja sola,muy bien,"la limpieza, el personal y el orden","no se debería de cocinar de 23 a 7, y debería haber algún baño más por planta",8.0,2025-05-19,muy bien
the river hostel,república checa,litera en una habitación compartida femenina,1,persona que viaja sola,fantástico,"ubicación y actividades, comida buena",un poquito viejo,9.0,2025-05-18,muy bien
the river hostel,argentina,litera en una habitación compartida femenina,1,persona que viaja sola,fantástico,"excelente ubicacion, buen trato del personal.",,9.0,2025-05-18,muy bien
the river hostel,argentina,litera en habitación compartida mixta de 12 camas,2,persona que viaja sola,muy bien,ubicación. desayuno.,a veces se sentía olor feo.,8.0,2025-05-15,muy bien
the river hostel,argentina,litera en una habitación compartida femenina,2,persona que viaja sola,"para una muy corta visita, recomendable","buena ubicación. la habitación tenía una buena distribución y espacio, además de mantener una buena limpieza en los espacios tanto de baño como con los dormitorios.","las personas no suelen cumplir las reglas sobre las horas de silencio, lo cual puede molestar dado que es tarde en la noche.",8.0,2025-05-08,muy bien
the river hostel,francia,litera en una habitación compartida femenina,3,persona que viaja sola,valencia,"la atención, la ubicación, el desayuno y el hecho de que las camas tuvieran cortinas, con ellas logras algo de privacidad.",,7.0,2025-05-08,muy bien
the river hostel,argentina,litera en habitación compartida mixta de 12 camas,1,persona que viaja sola,bien,,"comodo, seguro, buena atencion del personal solo una cosa a corregir, el cafe del desayuno un asco. si mejoran un poquito eso, 10 de 10.",7.0,2025-05-08,muy bien
the river hostel,costa rica,litera en habitación compartida mixta de 12 camas,2,persona que viaja sola,fantástico,la ubicación y limpieza,deben dar mantenimiento a los lockers,9.0,2025-05-07,muy bien
the river hostel,españa,litera en habitación compartida mixta de 12 camas,3,persona que viaja sola,bien,todo en general.,,7.0,2025-05-06,muy bien
the river hostel,españa,litera en habitación compartida mixta de 12 camas,1,persona que viaja sola,bueno cara feliz con ojos sonrientes,los baños súper limpios y las duchas,la estructura como tal tiembla sn caminar,9.0,2025-05-02,muy bien
the river hostel,españa,litera en una habitación compartida femenina,1,grupo,nos gustas river hostel. volveremos,la posibilidad de dormir en grupo es algo que nos gusta.,"hubo un problema de limpieza en la habitación, y eso que llegamos a la tarde noche. suerte que en recepción lo solventaron rápidamente y quedó la habitación impecable.",8.0,2025-05-01,muy bien
the river hostel,españa,litera en habitación compartida mixta de 12 camas,1,persona que viaja sola,bien,la ubicación,muchas camas en el dormitorio,7.0,2025-04-29,muy bien
the river hostel,españa,litera en dormitorio compartido mixto con 10 camas,2,persona que viaja sola,bien,la ubicación y el desayuno variado.,el ascensor parecía estar en malas condiciones y se tardaba demasiado. el box para guardar equipaje y objetos personales estaba roto y no tenía candado,7.0,2025-04-27,muy bien
the river hostel,argentina,cama en habitación compartida mixta de 8 camas,1,pareja,"para ser un hostel compartido, me sentí muy cómoda. es grande y limpio.",me gusto que las habitaciones tienen espacio y privacidad. enchufe y luz propia. los baños amplios y cantidad además de que esta impecable todo. super recomendable,,9.0,2025-04-24,muy bien
the river hostel,españa,litera en dormitorio compartido mixto con 10 camas,1,persona que viaja sola,bien,todo muy limpio y cómodo.,"al estar al lado de la carretera se escucha mucho el tráfico, al menos en la habitación que estaba yo, y molesta al dormir.",7.0,2025-04-23,muy bien
the river hostel,ecuador,litera en dormitorio compartido mixto con 10 camas,1,persona que viaja sola,fantástico,la apertura para solucionar inconvenientes,,9.0,2025-04-23,muy bien
the river hostel,argentina,litera en una habitación compartida femenina,10,persona que viaja sola,fantástico,"muy buena ubicación, excelente atención y la limpieza muy bien",,9.0,2025-04-15,muy bien
the river hostel,españa,litera en una habitación compartida femenina,1,persona que viaja sola,bien,todo estaba muy bien,,7.0,2025-04-12,muy bien
the river hostel,españa,litera en habitación compartida mixta de 12 camas,1,persona que viaja sola,muy bien,"el lugar es limpio, las instalaciones estaban bien. siempre hay alguien que te atiende, el desayuno estaba bueno y abundante! sin dudas lo volvería a elegir",,8.0,2025-04-12,muy bien
the river hostel,argelia,cama en habitación compartida mixta de 8 camas,2,pareja,muy bien,el hostal está muy cerca del centro de valencia.,"no me ha gustado el estado de la habitación, estaba sucia",8.0,2025-04-11,muy bien
the river hostel,malta,litera en una habitación compartida femenina,3,persona que viaja sola,muy bien,"es un buen lugar con buena ubicación, el personal del hostal es amable y tienen varias actividades en la semana, la cama es cómoda y los baños son limpios pero tienen un algo que no me gusto de pronto el diseño de interior pero es algo mínimo ",,8.0,2025-04-10,muy bien
the river hostel,españa,litera en una habitación compartida femenina,3,persona que viaja sola,muy bien,"bien situado, tranquilo, habitaciones normalitas con colchones y almohadas cómodas.","en recepción me recibieron hablando en inglés porque nadie hablaba español así que tuve que hacer el checkin en inglés, estando en españa... sólo habia guiris cosa que bueno lo entiendo. algo caro para lo que es, la verdad, las duchas dejan bastante que desear.",8.0,2025-04-08,muy bien
the river hostel,méxico,litera en una habitación compartida femenina,2,persona que viaja sola,fantástico,la paella que ofrecen gratis a las 7 de la tarde es lo mejor jajjajaja,,9.0,2025-04-07,muy bien
the river hostel,españa,litera en habitación compartida mixta de 12 camas,4,persona que viaja sola,comodidad y tranquilidad...,todo muy bien...,todo muy bien...,8.0,2025-04-03,muy bien
the river hostel,españa,litera en dormitorio compartido mixto con 10 camas,2,persona que viaja sola,muy buena,"muy bien ubicado, cama, ropa de cama, almohada todo de buena calidad.",lo que menos me gustó fue dejar comida en la nevera y la alacena y que desapareciera 3 veces.,8.0,2025-04-02,muy bien
the river hostel,españa,litera en habitación compartida mixta de 12 camas,1,persona que viaja sola,volveré...,"la simpatía de toda la plantilla del river hostel, tanto de recepción como de limpieza y seguridad nocturna. un 10 a su atención al público y empatía como viajer s de todo tipo de nacionalidad y tramos de edad.","la altura de la litera, aunque el problema es el estado físico propio, no la altura para acceder a la parte de arriba.",9.0,2025-04-02,muy bien
the river hostel,chile,litera en habitación compartida mixta de 12 camas,3,persona que viaja sola,cumple pero podria ser mejor,"tiene todo lo que necesitas y un lugar con areas comunes limpias. sin embargo, mi estancia se vio no tan cómoda por tema de olores. no solo yo estuve abriendo ventanas para asegurar ventilación de la habitación. recomiendo poner atención a eso.",,7.0,2025-03-30,muy bien
the river hostel,españa,litera en habitación compartida mixta de 12 camas,1,pareja,recomendado,"no me esperaba que por el precio la experiencia fuera a ser muy buena, los recomiendo mucho y volvería de ser el caso",,9.0,2025-03-27,muy bien
the river hostel,alemania,litera en una habitación compartida femenina,2,persona que viaja sola,fantástico,simplemente me gustó todo! ubicación perfecta!!!,la almuada muy dura .....   algo sin importancia  ,9.0,2025-03-26,muy bien
the river hostel,argentina,litera en una habitación compartida femenina,1,persona que viaja sola,bien,"la atención , la ubicación",,7.0,2025-03-25,muy bien
the river hostel,españa,litera en habitación compartida mixta de 12 camas,2,persona que viaja sola,muy bien,"limpieza, ubicación, secador, gel y champú en duchas. desayuno bueno.","personal recepción no habla español. tal vez uno solo  ..si estuviera en otro país lo entiendo pero estando en españa...no tiene sentido. cama, litera superior, sin soporte para dejar algo. pocos percheros y 0 armarios para dejar ropa. hay cajón bajo las camas.",8.0,2025-03-20,muy bien
the river hostel,españa,litera en una habitación compartida femenina,4,pareja,fantástico,"la ubicación del hostel, muy cercana al centro. limpieza diaria, habitaciones cómodas.",quizás las sábanas tienen un tacto un poco áspero.,9.0,2025-03-20,muy bien
the river hostel,colombia,litera en habitación compartida mixta de 12 camas,4,persona que viaja sola,check in,"la ubicación, buen mobiliario y los demás huespedes",la recepción... llegué al hostal de un viaje de más de 15 horas  11:30 pm  con ganas de descansar y el chico de la recepción no me permitió la entrada sino hasta pasada la media noche... que esperara hasta que fueran las 12 de la media noche para ahí si hacer el check in... muy mal!,8.0,2025-03-14,muy bien
the river hostel,italia,litera en habitación compartida mixta de 12 camas,3,persona que viaja sola,muy bien,la comodidad de la cama,muy pocos baños,8.0,2025-03-12,muy bien
the river hostel,españa,litera en habitación compartida mixta de 12 camas,2,grupo,muy bien,muy bien ubicado,todo estuvo bien,8.0,2025-03-10,muy bien
the river hostel,españa,litera en habitación compartida mixta de 12 camas,2,persona que viaja sola,fantástico,la atención del personal y las actividades,las escaleras para la cama de arriba son incomodas,9.0,2025-03-09,muy bien
the river hostel,españa,litera en una habitación compartida femenina,1,persona que viaja sola,buena,que tenía su cocina y zona de ocio,las duchas no salía el agua caliente,9.0,2025-03-08,muy bien
the river hostel,venezuela,litera en una habitación compartida femenina,1,persona que viaja sola,bien,"las duchas están separadas de los vater. varias actividades para los huéspedes. toalla y candado gratis, dejando un depósito. habitación amplia.","las duchas con mucho olor a humedad. la habitación sin muchos sitios para colgar ropa o toallas, teniendo espacio para poner esto. el aseo de mujeres cerrado todo el tiempo teniendo que usar uno mixto. no había donde poner las cosas mientras estas en el lavamano. hubo una persona que dejó su ropa de cama en mi cama, he ido a recepción a avisar y las han apartado. he dejado las mias en la cama con las cortinas cerradas y la toalla y la persona que se dejó la ropa de cama ha entrado a mi litera y me ha dejado sin sábanas, un comportamiento bastante de  ladrona . no se entra en una litera ajena y menos si las cortinas estan cerradas. la litera que me tocó, para encender la luz tienes que gatear a la cabecera de la cama.",7.0,2025-03-07,muy bien
the river hostel,irlanda,litera en una habitación compartida femenina,2,persona que viaja sola,volvería sin dudarlo,"me gusto los colores, bastante organizado, limpio y el desayuno fue fabuloso.","llegue en plena lluvia, por lo que se cayo la clave del wifi y no tuve acceso a ello",9.0,2025-03-07,muy bien
the river hostel,españa,litera en dormitorio compartido mixto con 10 camas,1,persona que viaja sola,perfecto para estar un par de noches en valencia,la gente,la cocina,9.0,2025-03-05,muy bien
the river hostel,españa,litera en una habitación compartida femenina,4,grupo,mascletás en valencia,"hemos estado 4 dias hospedadas ahi. las fotografías engañan sobre las instalaciones. el servivio de limpieza bueno pero las literas eran incomodas por los colchones, y había frío. los servicios de duchas funcionsn mal, las alcachofas de la ducha están viejas y sale mal el agua. reservè habitación femenina de 6 y me dieron de 8 y cuando reclamé me dijeron que eso no existia, habiéndola reservado así, x la cual también aboné más. el desayuno bien y la ubicación también. dicen que te atienden en todos los idiomas y realmente pensé que la que estaba en el extranjero era yo, porque la mayoria de los voluntarios del.hostel no entendian el castellano. sale de nota un 7 pero realmente con un 6 le sobra",,7.0,2025-03-04,muy bien
the river hostel,españa,litera en dormitorio compartido mixto con 10 camas,1,grupo,fantástico,el desayuno y los baños,el ruido en la noche de los otros cuartos,9.0,2025-03-02,muy bien
the river hostel,españa,litera en dormitorio compartido mixto con 10 camas,1,persona que viaja sola,ruido nocturno,la limpieza y el café es gratuito,el ruido en la noche no fue fácil dormir,9.0,2025-02-24,muy bien
the river hostel,francia,litera en dormitorio compartido mixto con 10 camas,2,persona que viaja sola,"muy buen ambiente, buena disposición del personal y bastante confor y servicios para un hostel","recepción 24h, café gratis, desayuno abundante, buen ambiente, buena ubicación, personal bien dispuesto y atento. habitación amplia, muy buen colchón, enchufe accesible  solo faltaría una tablita , luz pequeña, cortina!, todo genial.","nada, solo pondría una tablita en las camas para apoyar algunas cosas y les sugeriría poner ceniceros afuera, es una pena ver todas las colillas en el suelo.",9.0,2025-02-21,muy bien
the river hostel,colombia,litera en habitación compartida mixta de 12 camas,1,persona que viaja sola,muy bien,"lo único fue que pedí habitación mujeres y me colocaron en una mixta porque no había más, ya lo había solit",la verdad todo está muy bien.,8.0,2025-02-21,muy bien
the river hostel,españa,litera en una habitación compartida femenina,3,persona que viaja sola,experiencia buena pero mejorable!,"la ubicación, instalaciones y el personal.","la limpieza en zonas comunes y el check in de personas nuevas en horas de descanso y silencio, que interrumpen constantemente el sueño con los ruidos, las luces y la falta de higiene.",8.0,2025-02-20,muy bien
the river hostel,españa,litera en una habitación compartida femenina,1,persona que viaja sola,tranquilo y comodo,"excelente y completo l desayuno ubicación súper céntrica cerca de catedral, rio y lo más turístico de valencia., por la noche hay servicio de vigilancia, personalmuy profesional y atento. te ayudan en todo, son familiares y resolutivos.","nada, todo bien en general",9.0,2025-02-20,muy bien
the river hostel,colombia,litera en una habitación compartida femenina,1,persona que viaja sola,muy bien,excelente ubicación,,8.0,2025-02-19,muy bien
the river hostel,españa,cama en habitación compartida mixta de 4 camas,1,persona que viaja sola,"centrico, económico, recomendable.","el desayuno, muy bien, variedad y simpatia. muy céntrico y lavabos y duchas limpias.","el idioma es un pequeño problema. estancia dedicada a juventud extranjera y ,tanto recepción como restauración, casi exclusivamente hablan inglés.",7.0,2025-02-17,muy bien
the river hostel,españa,cama en habitación compartida mixta de 6 camas,1,persona que viaja sola,bien,,el colchón es súper incomodo,7.0,2025-02-16,muy bien
the river hostel,españa,litera en una habitación compartida femenina,7,persona que viaja sola,muy bien,"la ubicación excelente, muy cerca del centro y del transporte público para poder desplazarte fácilmente",,8.0,2025-02-15,muy bien
the river hostel,españa,cama en habitación compartida mixta de 4 camas,12,persona que viaja sola,fantástico,"me gusta que este todo con clave, la entrada y el locker. la cama muy cómoda. recomendado para unos días.","no se que era pero en mi cama me picaba todo, cosa que no es muy común. no tiene para realizar comidas elaboradas.",9.0,2025-02-05,muy bien
the river hostel,españa,litera en habitación compartida mixta de 12 camas,1,grupo,muy bien,todo muy limpio y ordenado. todo el personal muy amable.,"la gente que se iba y dejaba la luz de la cama encendida toda la noche, el ruido hacía difícil descansar incluso con tapones, y la temperatura de la sala era algo difícil de controlar. había gente que quería ventana completamente abierta en pleno invierno, otros que la queríamos cerrada. yo acabé resfriada.",8.0,2025-02-03,muy bien
the river hostel,colombia,litera en habitación compartida mixta de 12 camas,1,persona que viaja sola,muy bien,"excelente ubicación y un desayuno genial cara feliz con ojos sonrientes , el personal maravilloso muy bien atendida .","pues deberían exigir un poco más a los clientes, por qué tuve una noche pésima , no pude dormir nada con el ruido de los otros chicos , alistando maletas abriendo y cerrando la puerta , hablando a las ,2 o 3 de la mañana, cuando uno firma las condiciones antes de entrar se deberían cumplir , pero la falta de respeto hacia los mismos compañeros de habitación me parece que está muy mal, quisiera q tuvieran en cuenta eso .. le agradezco enormemente del resto todo estuvo perfecto cien puntos",8.0,2025-01-27,muy bien
the river hostel,colombia,cama en habitación compartida mixta de 4 camas,2,persona que viaja sola,bien,tienen desayunos por cuatro euros. la sala para compartir con más personas es bonita,las sábanas que entregaron estaban sucias y tocó pedir cambio. no me gustó que las duchas están fuera de las habitaciones,7.0,2025-01-26,muy bien
the river hostel,españa,litera en dormitorio compartido mixto con 10 camas,1,persona que viaja sola,muy bien,el desayuno fue una pasada!,,8.0,2025-01-26,muy bien
the river hostel,españa,cama en habitación compartida mixta de 4 camas,2,persona que viaja sola,bien,buenas ubicación limpieza de duchas muy biem buem desayuno,la limpieza de vasos y platos se podía mejorar y el lugar donde se guarda las maletas desordenado,7.0,2025-01-24,muy bien
the river hostel,reino unido,litera en una habitación compartida femenina,5,persona que viaja sola,"tranquilo y buen ambiente. la manutención de los servicios  agua, limpieza, cocina  podría ser mejor","me gustó que pusieran reglas para poder descansar luego de las 10pm, eso era lo que más me preocupaba de quedarme en un hostal ya que iba por trabajo. me gustó el espacio comunal en el primer piso con los bean bags y los cojines. muy acogedor y las literas también muy buenas. buen espacio debajo de las camas para guardar maletas y demás. buen ambiente en general, diverso, tranquilo, no como otros hostales que son puro relajo todo el día y toda la noche. me gustó que tenían toallas y candados y que no costaban nada  había un depósito y nada más , otros hostales ofrecen lo mismo pero tiene costó adicional. tenían una buena variedad de utensilios de cocina y buen espacio en la refrigeradora. igual me gustó que tenían espacio para dejar comida para uso comunal, y así mismo pude beneficiarme de lo que otros dejaron. buen sistema","no me gustó que en la publicidad decía  litera compartida para mujeres  y no decía que habían varias literas como los otros anuncios, lo que hacía pensar que era nada más dos personas. por eso pague  15 adicionales y cuando llegué me dijeron que no, que eramos 8. la cocina estaba sucia todo el tiempo. vi al personal limpiar cada cierto tiempo pero deberían crear un sistema para que la gente limpie luego de usar el espacio. el cubertor de cama me pareció difícil de colocar, era bastante mas pequeño que la cobija en si y era incómodo. la almohada dura. se fue el agua caliente una mañana y tuve que bañarme con agua fría. las cañerías de las duchas estaban tapadas y el agua sucia no se iba pronto. el mapa del piso estaba puesto en una pared que hacía que todo se viera al revés entonces era confuso ir de las habitaciones a los baños y al ascensor. cuando fui a lavar mi ropa estaba sucio el filtro, aceptaba solo monedas y al pedir cambio en la recepción no me querían ayudar y tuve que presionar. luego la secadora no secó bien y tuve que pagar otra secada. no me gustó que dejé una comida en la alacena con mi nombre y todo como debía ser y alguien se la comió.  hay un espacio compartido, pero no lo dejé ahí . los cajones debajo de la cama se movían para todos los lados y era difícil cerrar con candado sin hacer bulla.",8.0,2025-01-22,muy bien
the river hostel,argentina,cama en habitación compartida mixta de 4 camas,1,persona que viaja sola,muy cómodo agradable,la atención recibida fue excelente por parte del empleado de recepción,la falta de higiene y orden en la cocina además muy pequeña para tantas habitaciones,8.0,2025-01-22,muy bien
the river hostel,españa,cama en habitación compartida mixta de 6 camas,1,persona que viaja sola,muy bien,"está muy limpio, bastante nuevo en habitación femenina que me había tocado","al principio me asignaron habitación mixta  no me fijé que eligi esta  y olía fatal, pero era por los otros que dormían allí",8.0,2025-01-20,muy bien
the river hostel,colombia,litera en habitación compartida mixta de 12 camas,1,persona que viaja sola,muy bien,"la ubicación, la limpieza y el personal.","aun que la limpieza de las camas es bien, deberían reformarlas, debido a que estas suenan cuando uno se mueve. sería un plus más si las cambiaran por nuevas junto a sus cortinas.. saludos mano con señal de victoria pulgar hacia arriba",8.0,2025-01-07,muy bien
the river hostel,argentina,cama en habitación compartida mixta de 4 camas,1,familia,"muy bien, considerando precio calidad","el personal muy amable, las instalaciones limpias, la cocina con mucha gente, muy rico desayuno pagando un adicional",,9.0,2025-01-07,muy bien
the river hostel,españa,litera en dormitorio compartido mixto con 10 camas,1,persona que viaja sola,bueno,"la cama , pude leer con tranquilidad","el precio, me parece que ahora ya cobran como hotel",7.0,2025-01-06,muy bien
the river hostel,españa,litera en una habitación compartida femenina,1,persona que viaja sola,bien,"la ubicación y practicidad. estuve en habitación compartida femenina y me pareció correcta, cajón para dejar el equipaje.",las ventanas son antiguas con lo que se oye bastante la calle. el baño quedaba un poco apartado y sólo vi uno en el pasillo donde estuve.,7.0,2025-01-03,muy bien
the river hostel,argentina,litera en habitación compartida mixta de 12 camas,3,persona que viaja sola,fantástico,la ubicación y las duchas de agua caliente l,"las heladeras, había muchas bolsas sin saber dónde guardar lo propio",9.0,2025-01-02,muy bien
the river hostel,colombia,litera en habitación compartida mixta de 12 camas,3,persona que viaja sola,fantástico,las camas y colchones. cada litera tiene cortina . además el hostal tiene cocina,"los huéspedes son muy cochinos. a pesar que en el hostal hay canecas para cada tipo de residuos , los huéspedes no reciclan . no cuidan.",9.0,2024-12-31,muy bien
the river hostel,españa,litera en una habitación compartida femenina,1,persona que viaja sola,  ,la locación y la relación calidad -precio.,"he reservado solo una noche, lo único que me pareció raro es que en la cama no había ninguna manta  pilota.",9.0,2024-12-27,muy bien
the river hostel,españa,litera en habitación compartida mixta de 12 camas,2,persona que viaja sola,bien,la limpieza del lugar,nada en general,7.0,2024-12-26,muy bien
the river hostel,españa,litera en habitación compartida mixta de 12 camas,4,persona que viaja sola,buenas estancia,"las zonas comunes,las camas,la limpieza y el personal!!!!",estaba frio,8.0,2024-12-23,muy bien
the river hostel,españa,litera en habitación compartida mixta de 12 camas,1,persona que viaja sola,bien,esta muy bien ubicado,la limpieza de la habitación y ruido,7.0,2024-12-21,muy bien
the river hostel,españa,litera en dormitorio compartido mixto con 10 camas,1,persona que viaja sola,bien,agradecido con las personas de resecion,la chica que limpia la de pelo corto de boca sucia se metía en todo insultaba a las personas muy mal la verdad,7.0,2024-12-20,muy bien
the river hostel,argentina,cama en habitación compartida mixta de 4 camas,3,persona que viaja sola,bien,"la ubicación, la limpieza, el hostel muy lindo","el primer día, a 15 min de haber llegado, me robaron el iphone de la habitación conmigo presente  un huésped , si bien el personal se comportó muy bien conmigo y me ayudó en ese momento y me cambió de habitación, el huésped que robó y luego devolvió el celular por miedo a la denuncia que estaba por hacer siguió con su estadía en el hostel poniendo en peligro de robo a los demás huéspedes",7.0,2024-12-18,muy bien
the river hostel,españa,litera en habitación compartida mixta de 12 camas,1,pareja,bien,la comodidad de las camas,que no tuvieran las consignas llaves por lo demás bien,7.0,2024-12-18,muy bien
the river hostel,colombia,litera en una habitación compartida femenina,1,persona que viaja sola,servicio excelente,atención del personal encargado,,9.0,2024-12-17,muy bien
the river hostel,españa,litera en habitación compartida mixta de 12 camas,2,persona que viaja sola,fantástico,"los baños muy bien equipados, agua caliente de inmediato. las habitaciones muy bien, y la cocina y espacios comunes con ambiente y bien mantenido",,9.0,2024-12-15,muy bien
the river hostel,españa,litera en habitación compartida mixta de 12 camas,1,pareja,"a pesar del frío, contenta de la estancia",ubicación y amabilidad las chicas de recepción,el baño un poco lleno de la habitación y frío en la habitación y pasillo,8.0,2024-12-15,muy bien
the river hostel,españa,litera en una habitación compartida femenina,3,persona que viaja sola,fantástico,"el trato del personal, la limpieza y se agradece la privacidad en las camas con la cortina. lo recomiendo. además tienen cocina para preparar tus alimentos!",la puerta tiene código y a veces se bloqueaba.,9.0,2024-12-10,muy bien
the river hostel,españa,litera en habitación compartida mixta de 12 camas,1,persona que viaja sola,muy bien,el desayuno,el ruido de la calle.,8.0,2024-12-09,muy bien
the river hostel,españa,litera en una habitación compartida femenina,3,persona que viaja sola,bien,"la situación, la cama es cómoda, la habitación no es pequeña, instalaciones.","las duchas olían bastante mal, a pis, no estaban limpias. necesitan una muy buena limpieza diaria.",8.0,2024-12-09,muy bien
the river hostel,españa,litera en habitación compartida mixta de 12 camas,1,persona que viaja sola,fantástico,ubicación,,9.0,2024-12-08,muy bien
the river hostel,chile,litera en habitación compartida mixta de 12 camas,5,persona que viaja sola,excelente lugar en valencia,excelente ubicación frente al jardín del turia. es un lugar muy tranquilo y seguro por la noche. tienes todo cerca.,"alguien del personal no era muy agradable cuando le pedí cambiar un billete por monedas para utilizar la lavadora. salvo eso, todo genial",9.0,2024-12-08,muy bien
the river hostel,venezuela,litera en habitación compartida mixta de 12 camas,1,persona que viaja sola,recomendado,la buena atención y sus lugares sociales,señal de aprobación con la mano,7.0,2024-12-06,muy bien
the river hostel,españa,litera en habitación compartida mixta de 12 camas,1,persona que viaja sola,bien,"ubicación, comodidad",no contar con taquilla en la propia habitación,8.0,2024-12-05,muy bien
the river hostel,españa,litera en habitación compartida mixta de 12 camas,2,persona que viaja sola,muy bien,todo en general,lavabo fuera de habitacion,8.0,2024-11-28,muy bien
the river hostel,colombia,cama en habitación compartida mixta de 6 camas,4,persona que viaja sola,fantástico,la ubicación,,9.0,2024-11-28,muy bien
the river hostel,chile,litera en dormitorio compartido mixto con 10 camas,4,persona que viaja sola,fantástico,"el ambiente, el personal, la ubicación","no tiene culpa el hostal pero habia un grupo de chicas que no dejaba de conversar, a toda hora, tambien viendo videos en sus telefonos, creo que no conocen los audifonos persona con la mano en la frente tono de piel claro",9.0,2024-11-27,muy bien
the river hostel,españa,litera en dormitorio compartido mixto con 10 camas,1,persona que viaja sola,fantástico,la ubicación muy bien.,,9.0,2024-11-27,muy bien
the river hostel,países bajos,litera en habitación compartida mixta de 12 camas,2,persona que viaja sola,bien,me gustó la atención,,7.0,2024-11-26,muy bien
the river hostel,argentina,litera en dormitorio compartido mixto con 10 camas,2,persona que viaja sola,me sentí muy comoda,"buenos precios,muchas actividades. ventilado, limpio. bien el detalle de las cortinas en cada litera, me dieron una toalla limpia había jabón y shampoo. centrico",las camas sonaban mucho,8.0,2024-11-26,muy bien
the river hostel,españa,litera en habitación compartida mixta de 12 camas,3,persona que viaja sola,muy bien,está muy bien ubicado a 5 min del centro,"dentro de la habitación, habían malos olores pero supongo que al haber tantas personas es inevitable",8.0,2024-11-25,muy bien
the river hostel,españa,litera en habitación compartida mixta de 12 camas,6,persona que viaja sola,bien,ubicación,mucha gente q viene de voluntario y después no limpian su equipo: dejan el hotel muy sucio. deberían darsw un manguerazo antes de entrar,7.0,2024-11-20,muy bien
the river hostel,españa,litera en habitación compartida mixta de 12 camas,1,grupo,fantástico,la ubicación es ideal y el desayuno e instalaciones están muy bien.,no está tan limpio y nuevo como en las imágenes.,9.0,2024-11-19,muy bien
the river hostel,españa,litera en habitación compartida mixta de 12 camas,8,persona que viaja sola,fantástico,"la ubicación, muy cerca de todo.","que al principio no sabía que eran camas solamente, pensé que eran habitaciones.",9.0,2024-11-19,muy bien
the river hostel,españa,litera en habitación compartida mixta de 12 camas,1,grupo,fantástico,el personal era muy amable y los baños estaban limpios.,,9.0,2024-11-18,muy bien
the river hostel,españa,litera en habitación compartida mixta de 12 camas,2,persona que viaja sola,voluntario en dana valencia,la amabilidad y el ambiente. fui de voluntario a ayudar con la dana en valencia y todo el mundo estaba igual. hicimos una gran piña. gran detalle el de dar el desayuno gratis.,un poco sucios los aseos,9.0,2024-11-12,muy bien
the river hostel,argentina,cama en habitación compartida mixta de 4 camas,3,persona que viaja sola,fantástico,excelente ubicación. personal muy amable. baños cómodos y preparados para tipo de hospedaje hostel. tiene cocina. muy completo el desayuno,,9.0,2024-11-12,muy bien
the river hostel,españa,litera en habitación compartida mixta de 12 camas,1,persona que viaja sola,recomiendo!,"la cama cómoda con cortinas y luz  intimidad , la ventilación del cuarto y los espacios comunes. la cocina está muy bien equipada!","no me gustó que la cama que me asignaron al llegar estaba ocupada... tuve que reclamar y me la cambiaron sin drama. no se si es desorganización o que hay gente que hace lo que se le da la gana sin respetar las pautas. quizá un poco y un poco, se puede mejorar.",7.0,2024-11-08,muy bien
the river hostel,españa,cama en habitación compartida mixta de 6 camas,4,persona que viaja sola,unos días por valencia,me gustó que estuviera en el casco antiguo a 8 min de la catedral. también que estuviera en una calle tranquila y que tuviera cocina compartida. el desayuno básico me gustó.,"me pareció que estaba en otro país porque las recepcionistas hablaban todo el rato en inglés aunque sí que es verdad que cambiaban al español  sobre todo las españolas . solo había un secador de aire caliente en el baño y tres zonas de wc y piletas en la primera planta. se agradecerían más piletas en el baño de mujeres, donde está el espejo. hay que llevar un candado para la caja de equipaje que está debajo de las camas.",8.0,2024-11-08,muy bien
the river hostel,españa,litera en habitación compartida mixta de 12 camas,5,persona que viaja sola,imbatible en relación calidad precio,"cada cama tiene su propia lámpara, enchufe, cortina y cajón de gran tamaño para guardar objetos. instalaciones muy limpias.",toallas no incluídas.,9.0,2024-11-08,muy bien
the river hostel,españa,litera en dormitorio compartido mixto con 10 camas,1,persona que viaja sola,estancia agradable,"la atención y las instalaciones, además del personal.",estaba todo bien,9.0,2024-11-07,muy bien
the river hostel,chile,cama en habitación compartida mixta de 4 camas,2,pareja,limpieza y buen ambiente,"muy buen sitio. personal amable, lugar limpio  destacar los baños, impecables  y bien equipado. tenian actividades variadas dependiendo del día y se percibia un buen ambiente. ubicado cerca del centro de la ciudad.","en la habitación de 4 camas hacia bastate calor por la noche, y al abrir la ventana se escuchaban los ruidos del exterior. nada terrible en realidad, en general todo bastante bien.",9.0,2024-11-05,muy bien
the river hostel,españa,litera en una habitación compartida femenina,1,grupo,fantástico,cama grande cafe gratis por la mañana,ascensor muy lento mucha gente y los chicos de la recepcion no se enteraban mucho y nos dieron codigo incorrecto para entrar a la habitacion,9.0,2024-11-05,muy bien
the river hostel,italia,litera en una habitación compartida femenina,1,grupo,buena relación calidad precio,"es muy limpio, las habitaciones sono muy tranquilas, se duerme bien.",que el alojamiento no ofrece toallas,7.0,2024-11-03,muy bien
the river hostel,argentina,litera en dormitorio compartido mixto con 10 camas,4,persona que viaja sola,muy bien,bien ubicado,instalaciones y literas algo viejas.,8.0,2024-10-25,muy bien
the river hostel,colombia,litera en una habitación compartida femenina,1,persona que viaja sola,bien,muy cerca de todo,,7.0,2024-10-23,muy bien
the river hostel,colombia,litera en dormitorio compartido mixto con 10 camas,3,pareja,agradable.,"el orden y la limpieza. su ubicación, perfecta.",la cocina es pequeña para la cantidad de personas que se hospedan. en verano hace mucho calor en la cocina.,8.0,2024-10-23,muy bien
the river hostel,españa,litera en dormitorio compartido mixto con 10 camas,1,grupo,"agradable, bien ubicado, buen trato.",la ubicación,zona de camas se ve ya envejecida. zonas comunes en pasillos de habitaciones algo pobres,7.0,2024-10-23,muy bien
the river hostel,argentina,cama en habitación compartida mixta de 6 camas,7,persona que viaja sola,buen punto de ubicación con cositas para mejorar,la cercanía a todos los puntos importantes de la ciudad y a las paradas de buses. el desayuno buffet limpieza de los baños,falta de mantenimiento en las habitaciones. deberían ser para 4 personas,8.0,2024-10-22,muy bien
the river hostel,españa,litera en dormitorio compartido mixto con 10 camas,1,persona que viaja sola,"hostal perfecto. si quieres más vete a un hotel, pero merece la pena.",el trato la ubicación los baños limpios y las habitaciones muy okey,nada reseñable que disguste,9.0,2024-10-22,muy bien
the river hostel,italia,litera en dormitorio compartido mixto con 10 camas,2,persona que viaja sola,muy bien,la ubicación,un tanto frío e impersonal,8.0,2024-10-17,muy bien
the river hostel,españa,litera en una habitación compartida femenina,1,persona que viaja sola,he dormido divinamente,"al estar cerca de la estación de bus me he podido mover andando y eso ha facilitado mi estancia. las camas estaban muy bien, buen colchón, buena almohada y muy limpias.",falta de papel higiénico.,8.0,2024-10-12,muy bien
the river hostel,venezuela,litera en habitación compartida mixta de 12 camas,1,persona que viaja sola,fantástico,instalaciones limpias y gente amable,,9.0,2024-10-12,muy bien
the river hostel,reino unido,litera en habitación compartida mixta de 12 camas,2,persona que viaja sola,"good, pero a excepción de los enfermos, hubiese sido excellent !!!",localización,"compartir habitación con personas que estaban con la gripe, deberían ser un obstáculo no acceder al booking si no están plenamente sanos.",8.0,2024-10-11,muy bien
the river hostel,españa,cama en habitación compartida mixta de 8 camas,2,persona que viaja sola,muy bien,"todo muy bien, podrían mejorar un poco el estado de los baños",,8.0,2024-10-06,muy bien
the river hostel,méxico,cama en habitación compartida mixta de 4 camas,4,persona que viaja sola,fantástico,la ubicación muy cerca del centro y el transporte publico,,9.0,2024-10-06,muy bien
the river hostel,españa,litera en dormitorio compartido mixto con 10 camas,4,persona que viaja sola,bien,el trato de las personas,tenían que distribuir mejor las habitaciones,7.0,2024-10-05,muy bien
the river hostel,argentina,litera en dormitorio compartido mixto con 10 camas,1,pareja,"está ok, regular.","la ubicación es muy buena, los baños muy limpios, las camas cómodas.","cuando llegamos nuestra cama estaba ocupada, al avisar que agarramos la de al lado por este motivo nos trataron bastante mal. hostel muy ruidoso.",7.0,2024-09-30,muy bien
the river hostel,chile,litera en dormitorio compartido mixto con 10 camas,3,grupo,muy bien,"buena ubicación, en general comodo para ser compartido","es extraño ir a un hostel en una pais de habla hispana y que los recepcionistas no hablen español, pero se puede manejar me parecio mal que las chicas en el desayuno no esten atentas, una señora mayor les pidio una cuchara y simplemente le contestaron que no habia que las que habian acumulado habia que lavarlas y era en la maquina no manual. me imagino que ese tipo de respuestas es por lo joven q son",8.0,2024-09-30,muy bien
the river hostel,españa,room  0,0,persona que viaja sola,muy bien,sencillez y trato respetuoso,,8.0,2024-09-28,muy bien
the river hostel,colombia,litera en habitación compartida mixta de 12 camas,1,persona que viaja sola,muy bien,"las instalaciones, la limpieza, muy completo el baño y la cocina con todo lo necesario",los colchones demasiado blandos,9.0,2024-09-28,muy bien
the river hostel,españa,litera en habitación compartida mixta de 12 camas,1,persona que viaja sola,fantástico,"la persona que me atendió cuando llegué era amable y me explicó todo el funcionamiento del hostel. la cama era cómoda, tenía cortina cosa que agradezco para no molestar con la luz a otros durmientes, no hubo ningún ruido en toda la noche, me tocó gente respetuosa de compañer s de habitación. los baños estaban muy bien, duchas amplias, con puertas para mayor intimidad, había secador y plancha  muy completo y limpio . el desayuno era correcto...","lo que menos me gustó es que en la sala de desayuno le pregunté a una chica por mermelada, me dijo en inglés que no me entendía... de mermelada a mermelade, no hay gran diferencia... se lo pregunté en un tono normal y educado. cuando me di media vuelta para coger el agua del grifo de cerveza, me estaba haciendo burla porque yo estaba de espaldas, aunque la vi por el rabillo del ojo cara lanzando un beso cara lanzando un beso cara sonriendo con superioridad cara sonriendo con superioridad cara sonriendo con superioridad . lejos de parecerme mal, me pareció hasta gracioso, algo tan pueril... si le bajo la nota a este sitio, es por esa persona en concreto, de no ser así tendrían un 10 pero la mala educación aunque sea a espaldas de uno no se debe de premiar. si no sabes español trabajando en españa, puedo entender que frases muy elaboradas no te sepas, pero  mermelada  o cosas sencillas del desayuno estando sirviendo el mismo, muestra muy poco interés... me parece de principiantes, saber lo básico.",9.0,2024-09-27,muy bien
the river hostel,argentina,cama en habitación compartida mixta de 4 camas,1,pareja,muy bien,el desayuno muy bueno y variado . la ubicación excelente .,podrían mejorar el box q está debajo d las camas .,8.0,2024-09-27,muy bien
the river hostel,españa,litera en habitación compartida mixta de 12 camas,1,familia,fantástico,súper limpio y relación calidad-precio inmejorable.,,9.0,2024-09-23,muy bien
the river hostel,argentina,litera en dormitorio compartido mixto con 10 camas,3,persona que viaja sola,"bien ubicado, precio calidad.",la ubicación,"en temporada alta, reforzaría la limpieza a mediodía. estaba limpio, si. ayudaría a mantenerlo hasta el otro día",7.0,2024-09-23,muy bien
the river hostel,españa,litera en habitación compartida mixta de 12 camas,5,persona que viaja sola,estuvo bien en general,"lo que más me gustó fue la ubicación. está muy céntrico y puedes visitar la ciudad muy fácilmente andando desde el hostal. para ir a la playa también tiene buena conexión con el metro y transbordo con el tranvia. había agua fría gratis y eso era todo un acierto. también había café gratis, actividades y pub crawl de pago. la habitación era grande y al ir con código era muy cómodo.",pensaba que la cena gratis era algo más elaborado y para conocer a la gente pero al final solo era coger dos trozos de tortilla y ya. el hostal estaba lleno de güiris así que no pude relacionarme con nadie ya que no había gente que hablara castellano.,9.0,2024-09-17,muy bien
the river hostel,colombia,cama en habitación compartida mixta de 6 camas,7,persona que viaja sola,plácida,"la ubicación del hosta, la limpieza en general y la cama",,9.0,2024-09-16,muy bien
the river hostel,españa,litera en habitación compartida mixta de 12 camas,3,persona que viaja sola,divertido y fácil,"todo muy limpio y ordenado, las instalaciones bonitas, en el mismo centro cerca a un parque, maravilloso","lo único que puedo decir que no me gustó es que hay personas que roncan mucho jejeje, así pasa cuando sucede, es lo que hay, pero por el precio que tiene lo compensa todo",9.0,2024-09-14,muy bien
the river hostel,argentina,litera en habitación compartida mixta de 12 camas,5,persona que viaja sola,fantástico,ciudad de artes y ciencias,la playa. muy amplia. poco funcional. hablo de la malvarrosa,9.0,2024-09-13,muy bien
the river hostel,españa,litera en habitación compartida mixta de 12 camas,1,persona que viaja sola,fantástico,"en general el personal, el ambiente, las instalaciones que me parecieron adecuadas y muy limpias. la cama era cómoda. la ubicación que conecta con todo es genial y el hotel cuenta con muchas plazas de parking para motos que me vino de perlas.","creo que deberían poner algún cartel o advertir a los clientes que a partir de cierta hora no se debe hacer ruido. no es normal que a las 12 de la noche te vengan 2 personas haciendo ruidos, toqueteando el ventilador y llamando en voz muy alta a familiares y amigos. que maldita falta de respeto. pero, siendo de otro continente que esperas... los monos también tienen derecho a dormir. lamentable.",9.0,2024-09-13,muy bien
the river hostel,costa rica,litera en habitación compartida mixta de 12 camas,3,persona que viaja sola,fantástico,"la locación está súper bien si se quiere estar moviéndose fácilmente por el centro de valencia. me pareció muy limpio, los baños divididos de hombre y mujeres, grandes y cómodos. pude dejar mi maleta todo el día después del check out para seguir explorando la ciudad. el desayuno valió la pena, habían muchas opciones. se conoce a gente muy linda! volvería a river hostel: ",,9.0,2024-09-09,muy bien
the river hostel,españa,litera en habitación compartida mixta de 12 camas,1,pareja,cómodo y limpio. excelente desayuno y personal agradable,"camas cómodas y baños limpios, el desayuno es muy bueno!",me tocó un grupo algo ruidoso en el pasillo pero tienes un número de whatsapp para avisar por ruidos molestos. si buscas dormir toda la noche reserva habitaciones de menos gente,8.0,2024-09-09,muy bien
the river hostel,irlanda,litera en habitación compartida mixta de 12 camas,5,persona que viaja sola,buena ubicación,"la ubicación sin dudas, es un hostel grande hay espacio para hacer chill. personal muy amable. buen desayuno.",el olor que había en general en el edificio. poca luz natural. no tenían colchas para las camas y al estar el aire acondicionado encendido a la noche pase frío.,7.0,2024-09-08,muy bien
the river hostel,nueva zelanda,litera en dormitorio compartido mixto con 10 camas,2,persona que viaja sola,muy lindo pero muy lleno de gente,"muy buena ubicación, las camas cómodas. tiene lavandería in situ",el hostel era muy grande por ende la cocina y los baños tendían a estar desordenados y un poco sucios por el uso.,8.0,2024-09-05,muy bien
the river hostel,irlanda,litera en una habitación compartida femenina,2,persona que viaja sola,fantástico,"la ubicación y las instalaciones son excelentes! las habitaciones compartidas tienen cortinas, lo que da privacidad.el desayuno era muy completo y te permiten dejar tu equipaje en las instalaciones antes del check in y luego del check out.","parte del personal era desagradable.las chicas hispanohablantes del staff eran muy amables y ayudaban en todo, habían otras chicas que no hablaban español y que no eran amables ni respondían de la mejor manera.",9.0,2024-09-02,muy bien
the river hostel,perú,cama en habitación compartida mixta de 8 camas,2,persona que viaja sola,hermoso,"el domingo me dieron tortilla de patatas y una paella, a más rica que probé nunca.","quiza un pelin lejos de los paraderos de bus o tren, toca caminar sus 15 min para llegar o salir.",8.0,2024-09-02,muy bien
the river hostel,españa,litera en habitación compartida mixta de 12 camas,3,familia,fantástico,"la limpieza la atención, y la administración por edades , vi que había mucho chaval ami personal mente me gustó volvería a este sitio",realmente no tengo ninguna queja,9.0,2024-08-27,muy bien
the river hostel,españa,litera en habitación compartida mixta de 12 camas,2,persona que viaja sola,muy bien,ambiente y localizacion,me gustaria que todos los empleados hablasen castellano.,8.0,2024-08-26,muy bien
the river hostel,españa,litera en una habitación compartida femenina,1,persona que viaja sola,bien,la cama e la almohada,"las lavadoras no funcionan, algunas recepcionista no hablan español y son antipaticas",7.0,2024-08-26,muy bien
the river hostel,uruguay,litera en habitación compartida mixta de 12 camas,4,persona que viaja sola,fantástico,"muy prolijo, el personal súper amable y de hecho me cambiaron de cuarto cuando lo solicité por un chico que roncaba demasiado, y me pasaron a una habitación de solo chicas!",,9.0,2024-08-21,muy bien
the river hostel,españa,cama en habitación compartida mixta de 8 camas,7,persona que viaja sola,segunda vez que voy a este hostel!,"espacios comunes, desayuno a buen precio, personal amigable",,8.0,2024-08-21,muy bien
the river hostel,españa,litera en habitación compartida mixta de 12 camas,4,persona que viaja sola,muy bueno!,buenas propuestas de excursiones y actividades en conjunto.,faltaban ventiladores en la habitación.,9.0,2024-08-19,muy bien
the river hostel,argentina,cama en habitación compartida mixta de 4 camas,2,grupo,muy bien,"el tamaño de la habitación, muy cómodas las camas.","tuvimos un problema en la llegada, las camas que teníamos reservadas estaban ocupadas. afortunadamente lo solucionaron para nuestra comodidad.",7.0,2024-08-17,muy bien
the river hostel,italia,litera en dormitorio compartido mixto con 10 camas,3,persona que viaja sola,muy bien,la ubicación y comodidad.,"por la noche hacía calor en las habitaciones, tiene aire acondicionado pero lo racionan.",8.0,2024-08-17,muy bien
the river hostel,colombia,litera en una habitación compartida femenina,3,grupo,es barato pero no se si vale la pena,"la ubicación está muy bien! las camas muy cómodas y muy limpias!! el hostal no tiene aire acondicionado en todas las instalaciones solo en las habitaciones y lo suelen apagar, entonces ir al baño o salir de la habitación es una tortura del calor que hace. la cocina está bien, sin embargo los baños tienen mucha oportunidad de mejora, son muy encerrados calientes y huelen mal por el mismo encierro. el personas muy atento y están contigo en contacto 24h",,7.0,2024-08-14,muy bien
the river hostel,argentina,litera en dormitorio compartido mixto con 10 camas,3,persona que viaja sola,muy bien,las instalaciones buenas en general las habitaciones más o menos en relación al precio calidad. muy buena ubicación,la atención no es muy buena. estaría bueno que pongan chicos que al menos sepan ayudarte en info de la ciudad y hablen todos los idiomas. me tocó una chica que no hablaba español y se encontraba sola en la recepción.,8.0,2024-08-13,muy bien
the river hostel,españa,litera en habitación compartida mixta de 12 camas,2,persona que viaja sola,fantástico,las de recepción eran muy amables,fui al bar a tomar una bebida y no te dejaban pagar en efectivo,9.0,2024-08-12,muy bien
the river hostel,españa,litera en dormitorio compartido mixto con 10 camas,1,persona que viaja sola,muy bien,bien... más amplio que otros.. sole es increíble trabajadora que te ayuda a todo y super simpática ;  también el resto de personas. llegué en madrugada y todo fue muy bien,,8.0,2024-08-11,muy bien
the river hostel,perú,litera en una habitación compartida femenina,2,persona que viaja sola,bien,grande y funcional para un mochilero promedio como yo,las camas súper limpias y la ventilación de los cuartos,7.0,2024-08-08,muy bien
the river hostel,españa,litera en dormitorio compartido mixto con 10 camas,3,pareja,"hostel céntrico, muy aconsejable","paula y sol dos chicas recepcionistas, que nos ayudaron en todo momento y muy atentas en su trabajo. y del river hostel su ubicación, bien de limpieza y buen desayuno, sin duda volvería, gracias","el aparato de aire acondicionado de la habitación,, hacía mucho ruido,",9.0,2024-08-07,muy bien
the river hostel,méxico,litera en una habitación compartida femenina,2,persona que viaja sola,acojedor,"me gustó la actitud de todas las personas que trabajan en el hostal, se mostraban amables y accesibles siempre, el desayuno me pareció muy bueno pues era variado y completo y las habitaciones eran muy cómodas, me quedé en una habitación compartida femenina y la privacidad era uno de los principales puntos.",,9.0,2024-08-06,muy bien
the river hostel,españa,litera en habitación compartida mixta de 12 camas,2,grupo,muy bien,"la habitación era muy espaciosa y el cajón lo suficientemente grande. me gustó que las literas tuvieran cortina. el desayuno completo: huevos cocidos, tomate, bollería, café, leche, bebida vegetal, tés, pan, embutido, queso... había varios baños individuales y duchas. en la zona de duchas había bastante espacio.",,9.0,2024-08-03,muy bien
the river hostel,argentina,litera en habitación compartida mixta de 12 camas,3,persona que viaja sola,bien,"la cocina está muy equipada, la sala común es bastante grande. las camas son cómodas","las habitaciones son mixtas, y los baños están lejos de ellas",7.0,2024-08-02,muy bien
the river hostel,colombia,litera en habitación compartida mixta de 12 camas,1,persona que viaja sola,vacaciones!,"en general todo bien, buena ubicación.",,9.0,2024-08-01,muy bien
the river hostel,españa,litera en dormitorio compartido mixto con 10 camas,2,grupo,reseña,el personal es estupendo.,el aire acondicionado está siempre bastante alto en la habitación.,8.0,2024-07-29,muy bien
the river hostel,españa,litera en habitación compartida mixta de 12 camas,3,persona que viaja sola,bien,muy buen ambiente!!!,instalación algo vieja,7.0,2024-07-29,muy bien
the river hostel,españa,litera en dormitorio compartido mixto con 10 camas,4,persona que viaja sola,bien,"muy buena ubicación, habitaciones amplias. el desayuno es adecuado.",,7.0,2024-07-26,muy bien
the river hostel,españa,litera en una habitación compartida femenina,2,persona que viaja sola,recomiendo,"hay aire acondicionado en las habitaciones, se agradece. esta muy cerca del centro y de todo el casco historico de la ciudad. y es un puntazo que puedas desayunar  incluido ","los lavabos estan solo en un lado del pasillo, y en la zona comun de las habitacio es hacia mucha calor, faltaria un aire o algo",7.0,2024-07-21,muy bien
the river hostel,españa,litera en habitación compartida mixta de 12 camas,2,persona que viaja sola,bastante bien y muy barato,el precio,no tenían servicio de restaurante no tenían televisión,8.0,2024-07-17,muy bien
the river hostel,españa,litera en habitación compartida mixta de 12 camas,3,persona que viaja sola,fantástico,"la ubicación excelente, la cama muy buena. el desayuno un poco flojo",,9.0,2024-07-10,muy bien
the river hostel,uruguay,cama en habitación compartida mixta de 6 camas,1,persona que viaja sola,fantástico,muy buena atención en la recepción,,9.0,2024-07-08,muy bien
the river hostel,argentina,cama en habitación compartida mixta de 6 camas,2,persona que viaja sola,"buena relación precio-calidad, limpio y amplio. el desayuno es muy completo","habitaciones amplias, el desayuno es muy completo",hacía calor en las habitaciones poca ventilación,8.0,2024-07-04,muy bien
the river hostel,españa,litera en una habitación compartida femenina,4,persona que viaja sola,volveré seguro!!,el desayuno fantástico! reponen continuamente y nunca falta de nada! la ubicación mejor imposible!,"quizás el sistema para abrir la puerta de la habitación, pero por decir algo...",8.0,2024-07-04,muy bien
the river hostel,dinamarca,litera en una habitación compartida femenina,1,grupo,muy bien,excelente ubicacion buen desayuno por precio razonable,,8.0,2024-07-03,muy bien
the river hostel,méxico,cama en habitación compartida mixta de 8 camas,2,persona que viaja sola,dos noche,ubicacion personal,frio en la habitacion,7.0,2024-07-02,muy bien
the river hostel,uruguay,litera en habitación compartida mixta de 12 camas,1,familia,fantástico,muy buen ambiente. el desayuno muy completo las camas cómodas,,9.0,2024-07-01,muy bien
the river hostel,colombia,cama en habitación compartida mixta de 4 camas,4,pareja,river hostel bonito,"la amplitud del sitio, y la amabilidad del personal, nos quedamos en literas y tienen muy buenos colchones, y la paella que obsequiaron.","que no hay toallas, faltaban un par de sillas en la habitacion. en la habitación no había aire acondicionado, sino un ventilador, en lo personal no nos molestó, lo comentamos por si hay personas que les guste más el aire acondicionado.",9.0,2024-06-29,muy bien
the river hostel,españa,litera en dormitorio compartido mixto con 10 camas,1,pareja,buena experiencia en general,"me encantó su ubicación, sus vistas, un lugar demasiado céntrico y relación calidad-precio acorde. el café gratis fue un punto extra a mi experiencia, puesto que soy super coffee lover. la cocina muy bien equipada para poder preparar comida healthy. duchas siempre con agua bien caliente y sin problema. buen ambiente en general. las camas son muy cómodas puesto que son colchón y no colchonetas.","que cerrasen la cocina, la zona chill y comedor por la noche puesto que si tienes hambre o te apetece tomar algo caliente, no dispones de ello. no tener la seguridad necesaria a la hora de que cualquier persona pueda entrar al hostal sin necesidad de identificarse como huésped. necesitaba tener un poco de aire acondicionado funcionando en las habitaciones.",8.0,2024-06-25,muy bien
the river hostel,uruguay,litera en una habitación compartida femenina,2,persona que viaja sola,muy recomendable,la comodidad de la habitación femenina y los baños es decir las duchas súper bien. la gente super bien y el personal muy amable.,"mi locker lo agarro otra chica porque el de ella estab roto, dijeron que lo iban a arreglar pero no lo arreglaron por lo que no podía trancarlo. agregué una noche más luego y tuve que pasarle a habitación compartida, y las instalaciones no son tan cómodas pero bien igual, el locker tampoco cierra bien",9.0,2024-06-25,muy bien
the river hostel,argentina,litera en dormitorio compartido mixto con 10 camas,2,grupo,fantástico,la ubicación,hacia calor en la habitación,9.0,2024-06-22,muy bien
the river hostel,españa,litera en habitación compartida mixta de 12 camas,1,persona que viaja sola,bien,la ubicación,,7.0,2024-06-14,muy bien
the river hostel,colombia,litera en dormitorio compartido mixto con 10 camas,1,pareja,hostal bueno bonito y barato en valencia,"tiene ascensor, el desayuno es económico menos de  4 y puedes comer y tomar lo que quieras del buffet que es muy generoso, los baños limpios y las habitaciones también.",cuando llegamos alguien ya estaba usando nuestra cama así que nos tuvieron que cambiar de habitación,8.0,2024-06-11,muy bien
the river hostel,españa,litera en dormitorio compartido mixto con 10 camas,3,persona que viaja sola,excelente relación precio calidad,el staff es realmente amable y dispuesto a ayudar al huésped,,9.0,2024-06-11,muy bien
the river hostel,venezuela,litera en dormitorio compartido mixto con 10 camas,2,persona que viaja sola,fantástico,"la atención, comodidad, amabilidad y colaboración",los basureros en la habitación llenos,9.0,2024-06-10,muy bien
the river hostel,españa,cama en habitación compartida mixta de 4 camas,3,persona que viaja sola,fantástico,es un edificio muy bonito con historia. el personal es muy amable y las instalaciones están muy limpias. la cama y el espacio personal para dejar la maleta son ideales.,"a pesar de que hay aire acondicionado, el ventilador de la habitación está muy alto a las camas inferiores llega poco aire.",9.0,2024-06-10,muy bien
the river hostel,italia,litera en una habitación compartida femenina,3,persona que viaja sola,fantástico,"lo mejor fue el ambiente súper amigable! recomiendo este hostel sin dudas: el personal muy atento, las áreas comunes muy espaciosas, las habitaciones y baños limpios, y una excelente ubicación!",,9.0,2024-06-07,muy bien
the river hostel,argentina,litera en dormitorio compartido mixto con 10 camas,3,persona que viaja sola,fantástico,"la gente es muy copada, los que trabajan muy buena onda siempre te sacan charla muy bien ambiente en el lugar. tenia 2 reservas una con baño privado y otra no. me aclmodaron todos los dias en una habitación ckn baño privado",la ubicación del hostel está lejos del centro pero hay bastantes playas buenas cerca,9.0,2024-06-06,muy bien
the river hostel,españa,cama en habitación compartida mixta de 4 camas,1,grupo,fantástico,,40  por noche para solamente 1 cama me parece un poco excesivo,9.0,2024-06-05,muy bien
the river hostel,argentina,litera en habitación compartida mixta de 12 camas,3,pareja,muy bien,muy bien desayuno. buena atención del personal. hay ascensor. se pueden dejar las valijas antes y después sin costo en un cuarto. baños grandes. muy bien ubicado. hay muchas actividades y varias son gratuitas. excelente precio.,los baños tenían olor feo y las luces se apagaban a cada minuto. una vez se apagaron mientras me duchaba. en los cuartos no hay mucho espacio para maletas por fuera del gabinete pero bien.,9.0,2024-06-01,muy bien
the river hostel,uruguay,litera en dormitorio compartido mixto con 10 camas,2,persona que viaja sola,muy bien,los espacios comunes,que no se respeten las camas en una habitación compartida. desorganizado en la designación de camas,8.0,2024-05-31,muy bien
the river hostel,colombia,litera en dormitorio compartido mixto con 10 camas,1,persona que viaja sola,muy bien,"el lugar esta bien ubicado, sus instalaciones son muy buenas, el lobby, las habitaciones, los baños y las actividades que ofrecen. el desayuno buen precio para lo que ofrecen.","habían muchos jóvenes y no eran respetuosos con el sitio, hicieron mucho desorden y los baños los dejaron super sucios y desordenados.",8.0,2024-05-31,muy bien
the river hostel,argentina,cama en habitación compartida mixta de 6 camas,3,persona que viaja sola,muy bien,ubicación: muy buena desayuno: muy bueno,camas: incómoda la escalera para subir a las camas de arriba baños están afuera de la habitación,8.0,2024-05-30,muy bien
the river hostel,argentina,litera en habitación compartida mixta de 12 camas,2,persona que viaja sola,muy buena estadía y recomendable,"buena ubicación, limpio y buenos servicios",,9.0,2024-05-28,muy bien
the river hostel,argentina,cama en habitación compartida mixta de 4 camas,2,grupo,"bueno, bonito y barato",el desayuno completo y nos dejaron dejar los bolsos antes de hacer el check in y después de hacer en check out.,que no había habitaciones femeninas. eran todas mixtas las de 4 personas.,9.0,2024-05-26,muy bien
the river hostel,italia,litera en una habitación compartida femenina,3,grupo,"estuvimos bien, nos gustó mucho el desayuno y la ubicación. el personal agradable","limpieza, desayuno, ubicación",aire acondicionado en la habitación compartida,7.0,2024-05-25,muy bien
the river hostel,españa,litera en una habitación compartida femenina,1,persona que viaja sola,buen sitio,"la ubicación, las cortinas en las camas daban mucha intimidad y los maleteros individuales muy grandes y cómodos.","el desayuno está muy bien pero falla que no tenían café descafeinado,  aunque fuese de sobre  ni sacarina. creo que hoy en día es algo imprescindible en un desayuno, por lo demás recomiendo el desayuno",8.0,2024-05-21,muy bien
the river hostel,españa,litera en dormitorio compartido mixto con 10 camas,2,persona que viaja sola,bien,,"alojé en un habitación mixta, me tocó solo con hombres y un par de ellos fumaron dentro de la habitación, la mantenían sucia, no respetaban los horarios de silencio para dormir, ponían música fuerte como si estuvieran en una habitación privada. no tiene que ver con el alojamiento en particular, pero da cuenta de que te puedes topar con personas que no respetan el espacio.",7.0,2024-05-20,muy bien
the river hostel,perú,cama en habitación compartida mixta de 8 camas,4,persona que viaja sola,fantástico,"la ubicación era genial, frente al jardín del turia. se podía llegar caminando a todos lados.",el desayuno tenía un buen precio pero no mucha variedad.,9.0,2024-05-17,muy bien
the river hostel,méxico,litera en habitación compartida mixta de 12 camas,1,persona que viaja sola,céntrico y tranquilo,muy bien conectado con el resto de la ciudad,baños muy lejos de la habitación,7.0,2024-05-14,muy bien
the river hostel,españa,litera en habitación compartida mixta de 12 camas,1,persona que viaja sola,muy bien,la comodidad de la cama la limpieza,la mayoría del personal no habla español,8.0,2024-05-13,muy bien
the river hostel,españa,litera en dormitorio compartido mixto con 10 camas,2,grupo,"un muy buen hostal, limpio, con espacios comunes muy grandes y chulos, y un personal muy amable","el hostal estaba bien ubicado, en el centro de valencia, y los servicios cumplieron lo que buscábamos.",,8.0,2024-05-13,muy bien
the river hostel,españa,litera en habitación compartida mixta de 12 camas,1,persona que viaja sola,muy confortable,el precio ubicación que tienen,,9.0,2024-05-08,muy bien
the river hostel,italia,litera en dormitorio compartido mixto con 10 camas,3,persona que viaja sola,regular,"la ubicación perfecta, buen desayuno y muy limpio",en las habitaciones no apagan la luz la gente llega embriagados y mucho desastre,7.0,2024-05-08,muy bien
the river hostel,españa,cama en habitación compartida mixta de 4 camas,2,persona que viaja sola,fantástico,excelente hostel. no tengo una queja,,9.0,2024-05-06,muy bien
the river hostel,chile,litera en habitación compartida mixta de 12 camas,1,persona que viaja sola,buena,baño privado bastante limpio,más privacidad en las camas individuales,8.0,2024-05-02,muy bien
the river hostel,argentina,litera en una habitación compartida femenina,1,persona que viaja sola,fantástico,"todo me pareció agradable: la ubicación, las instalaciones; el personal muy amable","las ventanas muy pequeñas, no permitían una buena ventilación del ambiente",9.0,2024-05-02,muy bien
the river hostel,españa,litera en una habitación compartida femenina,3,persona que viaja sola,bien,el desayuno y la ubicación,el ruido k hacía la puerta d la habitación cada vez k se abre o cierra era muy molesto,7.0,2024-04-30,muy bien
the river hostel,perú,cama en habitación compartida mixta de 8 camas,2,persona que viaja sola,fantástico,la atención muy buena.,la verdad que estuve solo 2 noches y casi todo el tiempo fuera. me sirvió para lo que necesitaba.,9.0,2024-04-24,muy bien
the river hostel,argentina,litera en dormitorio compartido mixto con 10 camas,2,persona que viaja sola,fantástico,el diseño de las camas muy práctico.podes guardar todo. la ubicación muy cerca del casco antiguo y del río.,muchos chicos muy jóvenes. hicieron mucho ruido a altas horas de la noche. quizá un poco más de control.,9.0,2024-04-16,muy bien
the river hostel,francia,litera en dormitorio compartido mixto con 10 camas,2,persona que viaja sola,muy bien,"bastante silencioso, bien ubicado, desayuno bastante bueno para el precio  3,95  , camas con cortinas que añaden más intimidad.",algunas sábanas con hueco pero estaban limpias,8.0,2024-04-15,muy bien
the river hostel,españa,cama en habitación compartida mixta de 8 camas,2,persona que viaja sola,genial,"la comodidad de la cama, la velocidad del wifi, la atención del personal y lo limpio que estaba todo.",,8.0,2024-04-14,muy bien
the river hostel,españa,cama en habitación compartida mixta de 8 camas,3,grupo,me encantó,"la atención de las trabajadoras, era muy atentas y fueron muy amables. nos recomendaron sitios para comer paella y tienen actividades",que no había aparcamiento,8.0,2024-04-08,muy bien
the river hostel,argentina,cama en habitación compartida mixta de 8 camas,1,familia,muy funcional!,"muy cómodas las camas, todo impecable en las habitaciones. lindos espacios comunes, amplios y confortables.","los baños de chicas del primer piso estaban muy sucios a la noche, a la mañana siguiente ya habían limpiado todo perfectamente.",8.0,2024-04-06,muy bien
the river hostel,colombia,litera en una habitación compartida femenina,2,grupo,fantástico,,2 sanitarios por piso es muy poquito,9.0,2024-04-06,muy bien
the river hostel,italia,litera en dormitorio compartido mixto con 10 camas,1,persona que viaja sola,muy bueno,buena ubicación y lugar amigable.,"hay una de las camas  que casualmente me toco a mí , es un poco incómodo el acceso. ya que tiene la escalera de la cama superior y las otras camas sobre el lado contrario.",8.0,2024-04-04,muy bien
the river hostel,argentina,cama en habitación compartida mixta de 6 camas,2,persona que viaja sola,buen lugar para conocer gente,"la cama comoda, ubicacion es buena y tiene un espacio común muy amplio donde todos se hacen amigos facilmente.",,9.0,2024-04-03,muy bien
the river hostel,estados unidos,cama en habitación compartida mixta de 8 camas,3,familia,estupendo hostal!! lo recomiendo!,"la ubicación es excelente, y el personal muy simpático y amigable. la relación precio calidad del desayuno bastante buena. el ambiente es moderno  dentro de un edificio histórico, lo cual me encanta  y desenfadado. orientado más al público joven y extranjero, pero muy adecuado para el nacional no tan joven  entre el que me incluyo, viajé con mi hija durante las fallas  todo estaba muy limpio. yo no tuve que usar esta opción, pero permiten dejar maletas antes despues de tu alojamiento, sin cobro adicional, lo cual es muy conveniente. todo muy limpio.","por tratarse de un edificio antiguo, imagino que la configuración de los baños tiene sus limitaciones. en un par de ocasión, todos los baños de mi genero, en mi planta estaban ocupados. eran unos 4 baños, y solo en mi habitacion habia 6 camas, casi todo lleno al ser fallas. parte del problema es que son cuartos pequenos individuales con taza y lavavo, de forma que si quien esta ahi esta lavándose la cara, cepillandose los dientes etc el baño al completo queda ocupado. seria mas funcional tener un area de multiples lavavos, y que solo estuvieran con puerta las tazas del inodoro  así tipo aeropuerto...  para permitir mayor flujo en el uso de los baños. en horas punta como la manana y la noche. en mi caso lo resolví subiendo a la planta de arriba, donde siempre encontré alguno libre.",9.0,2024-04-03,muy bien
the river hostel,españa,litera en habitación compartida mixta de 12 camas,2,persona que viaja sola,fantástico,,grifo de agua el ducha muy viejos,9.0,2024-04-03,muy bien
the river hostel,colombia,litera en dormitorio compartido mixto con 10 camas,1,familia,buen hospedaje,todo muy limpio y personal muy atento,,7.0,2024-03-27,muy bien
the river hostel,españa,litera en una habitación compartida femenina,2,persona que viaja sola,muy bien,la ubicación es genial,,8.0,2024-03-26,muy bien
the river hostel,españa,litera en habitación compartida mixta de 12 camas,3,grupo,estancia tranquila y recomendable,me gusto el silencio la atencion por parte del personal nativo muy agradable,"los baños y duchas, y todo en general esta dejado y es una lastima porque hay mucho potencial la atención por las adolescentes extranjeras, pues mucho que desear, porque no hay ninguna atención, sobretodo lo notamos en el servicio de desayuno, donde se terminaba algo, lo reclamabas, se ponian hablar y nunca mas lo tenias disponible, creo que esto seria recomendable mejorar. el sistema de la caja debajo la cama, quizas mejorar porque hace mucho ruido.",8.0,2024-03-21,muy bien
the river hostel,colombia,litera en habitación compartida mixta de 12 camas,1,persona que viaja sola,fantástico,"buena relación precio calidad, tranquilo y cómodo",,9.0,2024-03-16,muy bien
the river hostel,españa,litera en una habitación compartida femenina,2,persona que viaja sola,bien,la ubicación es estupenda y las habitaciones tienen buen tamaño y lo hace muy cómodo. la zona de estar y la cocina unas de las mejores zonas del hostal.,que gran parte del personal no pudiera comunicarse en español.,7.0,2024-03-15,muy bien
the river hostel,españa,litera en una habitación compartida femenina,1,persona que viaja sola,volveré seguro,"la habitación era bastante grande y las camas eran nuevas y super cómodas. la chica de recepción es muy maja y atenta. está muy bien ubicado, y la zona es muy tranquila.","los baños y las duchas aunque están pasables, necesitan una actualización.",7.0,2024-03-08,muy bien
the river hostel,argentina,cama en habitación compartida mixta de 6 camas,4,persona que viaja sola,muy buen hostel,"excelente ubicación, camas y distribución de espacios, aparte de muy silencioso. muy buenas duchas.","que el último día de mi estadía se quedaron sin agua caliente y no avisaron. estuve media hora esperando que saliera caliente, y me terminé duchando con agua fría en pleno invierno.",7.0,2024-02-25,muy bien
the river hostel,argentina,litera en una habitación compartida femenina,4,persona que viaja sola,fantástico,"limpio, bien ubicado, buen servicio",,9.0,2024-02-19,muy bien
the river hostel,españa,litera en dormitorio compartido mixto con 10 camas,6,persona que viaja sola,recomendable para pasar unos pocos dias,"excelente ubicación, zona muy conectada, cerca de muchos puntos de interés, instalaciones simples pero funcionales, todo muy limpio y ordenado, personal siempre a disposición.",no sabría el motivo pero en mi estancia muchísimos adolescentes lo cual ruidos en exceso permanente. faltaría café y te a disposición gratis en la cocina ya que muchos solo tomamos un café por la mañana y no se justifica pagar un desayuno.,8.0,2024-02-16,muy bien
the river hostel,españa,cama en habitación compartida mixta de 6 camas,2,grupo,perfecto para un fin de semana y conocer valencia a pie o en bici!,"la ubicación, muy cerca de todo. las camas eran cómodas y tenían privacidad al tener cortinas.",los secadores de pelo en el baño de mujeres en el segundo piso tenían algunos cables no protegidos que daban un poco de cuidado. por lo demás todo bien! es perfecto para pasar un fin de semana.,8.0,2024-02-15,muy bien
the river hostel,españa,litera en habitación compartida mixta de 12 camas,2,grupo,fantástico,el desayuno estupendo. silencio obligatorio a partir de las 22:00 lo que permite descansar. se puede cocinar o comprar comida el cualquier sitio y calentarla. las zonas comunes son amplias y cómodas.,,9.0,2024-02-15,muy bien
the river hostel,españa,litera en dormitorio compartido mixto con 10 camas,4,persona que viaja sola,fantástico,"las zonas comunes, cocina y habitaciones con cortina lo hizo muy cómodo para una persona que viaja sola. además había café y te gratis durante todo el día, con opciones de leche vegetal gratis, muy detallista por su parte : ","en los baños olía mal, pese a estar limpios, quizá fuese porque las basuras están abiertas y no es lo más higiénico o por el estado de las cañerías, pero era un poco desagradable. las puertas chirrian mucho al abrir y las camas al subirte moverte, lo cual molesta a los compañeros si has llegado tarde y te hace sentir mal.",9.0,2024-02-14,muy bien
the river hostel,chile,litera en habitación compartida mixta de 12 camas,1,persona que viaja sola,mejorable,ubicación y desayuno,instalaciones de aseo,7.0,2024-02-11,muy bien
the river hostel,argentina,litera en una habitación compartida femenina,3,persona que viaja sola,muy bien,el personal es súper amigable y predispuesto a ayudar.,había demasiados niños de viaje de estudios y el hostel era demasiado ruidoso en los espacios comunes gracias a eso.,7.0,2024-02-11,muy bien
the river hostel,españa,litera en una habitación compartida femenina,2,persona que viaja sola,fantástico,"personal muy amable, cama y almohada cómoda. los baños muy limpios, y bien organizados. además, te entregan un cajón con llave y candado para guardar tus cosas.",el desayuno podría mejorar. pocas opciones y desordenado.,9.0,2024-02-05,muy bien
the river hostel,españa,litera en una habitación compartida femenina,1,persona que viaja sola,"muy amables, y con desayuno de regalo","fueron muy amables, buscando una habitación con cama inferior libre para mí, dado que tengo vértigo y no puedo dormir en las literas superiores. a pesar de que no estaba incluido en mi reserva, me invitaron a desayunar.",,8.0,2024-01-27,muy bien
the river hostel,argentina,litera en dormitorio compartido mixto con 10 camas,3,persona que viaja sola,muy bien,estuve en habitación de 10 y demasiado tranquilo. todo ok. tiene cocina. la ubicación tremenda.,,8.0,2024-01-24,muy bien
the river hostel,españa,litera en habitación compartida mixta de 12 camas,3,persona que viaja sola,excelente,"la habitación, la intimidad, el personal, la instalaciones",,8.0,2024-01-20,muy bien
the river hostel,rusia,litera en dormitorio compartido mixto con 10 camas,3,persona que viaja sola,bien,camas comodas ubicación baños y aseos limpios,"personal bastante raro o por lo menos los q hablaron conmigo al hacer check in la chica hablaba conmigo solo en ingles. y no solo conmigo, pero con la señora después de mi también. la señora de la cocina es algo increíble. primer dia me regaño por usar papel para limpiar la mesa. nunca ni hola te dice. super súper desagradable. ni entrar a la cocina quieres y bueno   cuarto para 10 personas obvio q esperas que no tenemos 15 años y todos somos adultos, y sabes q es respetar uno a otro pero nah, ni cerca gente que habla a las 11 de la noche, que sacan la pelota de volley para jugar y pegar las paredes. que ponen despertadores a las 5 de la mañana y se van al baño sin apagarles. saludos a los de cuarto 26 que actuan como niños pequeños de jardineria obvio es cuestión de suerte. pero si q hay una chance muy grande de no poder dormir por la culpa de tontos que no saben que es convivir con 10 personas si puedes pagar cuarto con menos personas - te lo recomiendo",7.0,2024-01-19,muy bien
the river hostel,chile,litera en habitación compartida mixta de 12 camas,3,persona que viaja sola,bien,"en general súper bien, buena ubicación, todo limpio, buen desayuno.","si bien el personal era amable, en la llegada podrían explicar un poco más en detalle cómo funciona todo, desde cosas tan básicas como la ubicación del baño o la cocina. también podrían hablar respeto a las actividades que se realizan, como tours o la visita a los bares. pero fuera de eso todo bien.",8.0,2024-01-12,muy bien
the river hostel,argentina,litera en habitación compartida mixta de 12 camas,1,persona que viaja sola,"todo muy bien. el personal super atento, y todo muy limpio",que era muy limpio,"estaba en obra, pero es algo bueno a futuro",9.0,2024-01-09,muy bien
the river hostel,españa,cama en habitación compartida mixta de 6 camas,7,persona que viaja sola,bien,tuve un problema con mi habitación y me lo han resuelto.,,7.0,2024-01-09,muy bien
the river hostel,españa,litera en habitación compartida mixta de 12 camas,2,persona que viaja sola,albergue muy cómodo con buen ambiente,"la ubicación es excelente, cerca del centro de valencia, al lado del paseo por donde pasaba el río. en la planta baja hay un comedor, con espacio para descansar o cocinar, también hay un espacio de cafetería. las habitaciones y los baños están en los pisos superiores, todo ordenado y limpio. el trato en recepción ha sido muy bueno, en todo momento están para atender.",,8.0,2024-01-07,muy bien
the river hostel,chile,litera en una habitación compartida femenina,3,persona que viaja sola,buena ubicacion y tranquilo,ubicacion,desayuno,7.0,2024-01-07,muy bien
the river hostel,italia,litera en habitación compartida mixta de 12 camas,3,grupo,fantástico,me ha gustado mucho la zona común bastante grande para todos,,9.0,2024-01-06,muy bien
the river hostel,argentina,cama en habitación compartida mixta de 6 camas,2,pareja,muy bueno,el trato del personal y lo limpio que estaba todo,que justo me tocó malos compañeros de habitación,8.0,2024-01-05,muy bien
the river hostel,brasil,litera en dormitorio compartido mixto con 10 camas,1,persona que viaja sola,super buenísimo,el desayuno vale mucho la pena,"el baño de los hombres estaba un poco sucio en el suelo, pero nada grave.",9.0,2023-12-29,muy bien
the river hostel,perú,cama en habitación compartida mixta de 4 camas,4,persona que viaja sola,muy bien,la ubicación del hostal y su sala de descanso,las duchas y los baños.,8.0,2023-12-27,muy bien
the river hostel,españa,litera en habitación compartida mixta de 12 camas,2,persona que viaja sola,bien,localización,dejar claro a partir de qué hora de la mañana se puede hacer ruido en las habitaciones.,7.0,2023-12-26,muy bien
the river hostel,argentina,litera en dormitorio compartido mixto con 10 camas,7,pareja,bien,"la ubicación, muy cerca de los lugares principales de valencia. las áreas comunes son grandes y variadas, muy buena la opción del bar para pedirte algo para tomar. tiene muchas tomas disponibles para conectar tus dispositivos.","la limpieza de la cocina y los baños dejaba mucho que desear. una vez a la semana vacían la heladera para limpiar, lo cual esta bien pero mientras se hace la comida esta fuera de la misma durante muchísimo tiempo, debería ser más rápido para no perder la cadena de frío. había pocos baños para pisos con varias habitaciones de muchas personas, usualmente teníamos que ir a baños de otros pisos. el lobby cierra post 12 am, por lo cual si trabajas en ese horario te echan del lugar. al momento del check in no nos dieron las indicaciones de las instalaciones del lugar ni que actividades ofrecían  las cuales las vimos en un cartel en un espacio común .",7.0,2023-12-25,muy bien
the river hostel,españa,litera en habitación compartida mixta de 12 camas,2,persona que viaja sola,"hiso frio ,",la diversidad,"un cubre camas mejor , compañeros ruidosos y borrachos cara vomitando",8.0,2023-12-22,muy bien
the river hostel,españa,litera en una habitación compartida femenina,5,persona que viaja sola,bien,"la atención del personal, siempre intentan ayudar, muy agradecida por ayudarme a conseguirme una noche más","lo que se encarece el precio de la habitación los fines de semana, no tiene en cuenta que ya llevas allí toda la semana de domingo a jueves, y si necesitas el viernes y sábado se incrementa el precio el triple.",7.0,2023-12-21,muy bien
the river hostel,colombia,litera en una habitación compartida femenina,2,persona que viaja sola,bien,"en el baño hay secador y plancha para las chicas. tienes cortina en tu cama que brinda privacidad y las puertas de las habitaciones tienen clave de ingreso, así que solo ingresan las personas de la habitación y el personal de servicio.","el desayuno es sencillo, podrían poner fruta, solo hay naranjas y mucha harina, solo huevo cocido como opción de proteína, en últimas no es una mala opción si no quieres salir a comer afuera como fue mi situación, pero si vas a solicitarlo hazlo apenas llegues porque después te cobran más y no te lo dicen cuando haces el ingreso.",7.0,2023-12-21,muy bien
the river hostel,españa,cama en habitación compartida mixta de 4 camas,1,grupo,genial ubicacion y camas comodas.,"nos encanto la ubicacion esta muy bien situado del centro, no tanto de la estacion nord, pero hay un mentro a menos de 10 min andando. el desayuno estaba bastante bien por 3.8, las camas muy muy comodas, no eran ruidosas, y las cortinas dan privacidad, habia enchufe cerca y luz dentro. el cajon para guardar cosas es muy amplio asique genial, te proporcionan candado gratis pero siempre es bueno llevarte el tuyo. un grifo de agua filtrada siempre disponible. y el sistema de consigna esta genial para visitar la ciudad y poder dejar la mochila o maleta. ademas tiene muchas activdades","mucho calor en las habitaciones, sobretodo en las cama superiores donde caia el calor de la calefaccion. se lo dijimos a los chicos de la entrada. en la recepcion hay personal que solo habla ingles, no todos pero hay alguno de los chic s solo hablan ingles y nada de español.",8.0,2023-12-19,muy bien
the river hostel,argentina,litera en habitación compartida mixta de 12 camas,2,grupo,"cómodo, limpio y seguro.","muy bien ubicado, a 20 min de la estación de tren y cerca de paradas de colectivos. podes llegar caminando a todos lados y parece seguro para andar de noche. el lugar es super limpio, lindo y cómodo. wifi anda super bien para nomadas digitales. dan café, té, agua y cositas gratis.",la cocina es un poco chica y en hora pico colapsa.,8.0,2023-12-18,muy bien
the river hostel,colombia,cama en habitación compartida mixta de 6 camas,6,grupo,súper cerca de la histórica valencia,"la cercanía al centro histórico y los diferentes espacios que tiene para estar y pasar el rato, quizás para trabajar un poco.",que en los lugares solo se puede puede estar hasta la 1 am y a veces es importante tener donde estar por fuera de la habitación un poco más tarde.,9.0,2023-12-17,muy bien
the river hostel,colombia,litera en habitación compartida mixta de 12 camas,2,persona que viaja sola,buen lugar,la ubicación estaba excelente porque estaba cerca al centro y a muchos sitios de interés de la ciudad.,creo que era algo bulloso en sus alrededores.,8.0,2023-12-16,muy bien
the river hostel,argentina,cama en habitación compartida mixta de 8 camas,9,persona que viaja sola,muy bien,"me gusto ,la cocina muy bien equipada!! el salón bastante cómodo. los chicos de recepción siempre atentos",un día limpiaron heladeras.dejaron td la comida afuera,8.0,2023-12-13,muy bien
the river hostel,españa,litera en dormitorio compartido mixto con 10 camas,2,grupo,repetiremos,"el buen trato del personal, habitaciones limpias y con distribución que hace que parezca que hay menos personas compartiendo estancia. además cada cama tiene una cortina que aporta privacidad.",,9.0,2023-12-11,muy bien
the river hostel,marruecos,litera en habitación compartida mixta de 12 camas,2,persona que viaja sola,bien,"la amabilidad del personal, la limpieza, las camas con cortinas.","el soporte de las cortinas estaba roto o no muy bien instalado, había que no tocarlo para que no se cayera. los cajones estaban un poco en mal estado.",9.0,2023-12-11,muy bien
the river hostel,argentina,litera en una habitación compartida femenina,1,persona que viaja sola,fantástico,buena ubicación del hostel. bien la privacidad tanto en las habitaciones como en los baños. lugares comunes amplios y bien equipados,,9.0,2023-12-11,muy bien
the river hostel,españa,litera en habitación compartida mixta de 12 camas,3,persona que viaja sola,muy buen hostel,- buenas camas con cortinas - buenos recepcionistas - limpio - desayuno muy bueno,- el precio un poco caro - las luces del lavabo podrian durar mas tiempo encendidas,9.0,2023-12-11,muy bien
the river hostel,españa,cama en habitación compartida mixta de 6 camas,4,persona que viaja sola,muy bien,"desayuno muy completo, y muy bueno la ubicacion es excelente, está en el centro",no tengo queja del hostel,8.0,2023-12-08,muy bien
the river hostel,españa,litera en habitación compartida mixta de 12 camas,1,persona que viaja sola,muy bien,la atención,todo estuvo bien,8.0,2023-12-05,muy bien
the river hostel,argentina,cama en habitación compartida mixta de 4 camas,4,persona que viaja sola,buen hostel para pasar varios dias.,"limpieza del baño y habitaciones, mucho espacio para coworking. buena ventilacion de la habitación.",,9.0,2023-11-19,muy bien
the river hostel,españa,litera en dormitorio compartido mixto con 10 camas,1,grupo,hostel con amplio número de habitaciones,las camas cómodas y las habitaciones amplias.,incidencia con otro huésped que se metió en la habitación equivocada ocupando una cama que no era la suya.,7.0,2023-11-17,muy bien
the river hostel,españa,cama en habitación compartida mixta de 8 camas,1,grupo,hostel céntrico,la buena ubicación.,el ruido fuera de horario de descanso.,8.0,2023-11-17,muy bien
the river hostel,españa,cama en habitación compartida mixta de 4 camas,1,persona que viaja sola,no está mal pero es mejorable,lo cómoda y espaciosa que era la cama y la habitación. .,"el estado de los baños, algo sucios y no les vendría mal una reforma.",8.0,2023-11-15,muy bien
the river hostel,reino unido,cama en habitación compartida mixta de 4 camas,4,persona que viaja sola,una de las mejores experiencias de hostel en toda europa,"los colchones y almohadas son súper cómodos, hay espacio gigante bajo la cama para asegurar tus pertenencias y te dan candado de forma gratuita. todo está muy limpio y cuidado. hay café gratis todo el día hasta cierta hora y muchas neveras para guardar tus cosas. hay un ambiente muy respetuoso de hostel europeo, la gente comparte lo que deja atrás y no rebusca entre las cosas de los demás en la nevera, la cocina está completamente equipada y el desayuno es variado. la atención del personal es excelente.","realmente poco hay de lo que me pueda quejar, pero si pudiera decir algo es que la cama hace mucho ruido  estructura de metal  cuando te mueves o te vas a acostar y terminas despertando a los demás aunque intentes no hacer ruido, y que hay pocos cuartos de baños para chicas a ciertas horas  después del desayuno , ya que se junta la cola de la ducha a cambiarse de ropa con la de ir al baño. las maquinas expendedoras son solo de monedas.",9.0,2023-11-15,muy bien
the river hostel,colombia,cama en habitación compartida mixta de 8 camas,3,persona que viaja sola,hostal tranquilo y céntrico,lo que más me gustó fue la ubicación,"la atención del personal que no es para nada cercana y a veces no hablan bien español, no me gustó que los baños siempre tenían las papeleras a reventar y que mi cama no tenía cortina y no me la quisieron cambiar a pesar de pedirla o",7.0,2023-11-14,muy bien
the river hostel,colombia,litera en una habitación compartida femenina,4,persona que viaja sola,"muy buen hospedaje, volvería a quedarme allí.","ubicación excepcional junto al parque del turia y las zonas turísticas, en un edificio antiguo remodelado con todos los servicios. buen ambiente para conocer a los demás viajeros.",todo estuvo bien.,8.0,2023-11-14,muy bien
the river hostel,chile,litera en una habitación compartida femenina,3,persona que viaja sola,buenisima,"un hostal muy grande, con mucho espacio y actividades para los huéspedes. los espacios comunes muy lindos y limpios. las habitaciones amplias y comodas, con cortina separadora. cocina full equipada con encimera.",el baño y las duchas muy lejos de las habitaciones. el edificio antiguo por ende el ascensor era lentisimo.,9.0,2023-11-12,muy bien
the river hostel,españa,litera en dormitorio compartido mixto con 10 camas,1,persona que viaja sola,hostelería muy guay en valencia,ambiente y ubicación,los ronquidos de la litera de arriba,9.0,2023-11-10,muy bien
the river hostel,uruguay,litera en habitación compartida mixta de 12 camas,2,grupo,muy bueno,"muy lindo hostel, bien ubicado, la cocina súper equipada. café y agua gratis","las camas podrían mejorar, el colchón era fino y la cama hacía ruido",8.0,2023-11-08,muy bien
the river hostel,españa,litera en habitación compartida mixta de 12 camas,1,grupo,buenm hostel!,ubicacion ambiente muy bueno.,se les olvidó tomar en cuenta una petición de solicitud de cama pero nada grave,8.0,2023-11-05,muy bien
the river hostel,españa,litera en una habitación compartida femenina,1,persona que viaja sola,"calidad precio, estupendo","que tenga cocina, la ubicación y la intimidad que dan las cortinas de las literas",algunos recepcionistas no hablan castellano,8.0,2023-11-02,muy bien
the river hostel,españa,litera en una habitación compartida femenina,1,persona que viaja sola,superó mis expectativas,"ubicación, habitación y silencio",el baño de abajo muy sucio pero en la.planta bien,9.0,2023-10-30,muy bien
the river hostel,uruguay,cama en habitación compartida mixta de 4 camas,2,persona que viaja sola,bien,la ubicación,,7.0,2023-10-29,muy bien
the river hostel,españa,litera en una habitación compartida femenina,1,persona que viaja sola,fantástico,la atención es excelente!,,9.0,2023-10-28,muy bien
the river hostel,colombia,cama en habitación compartida mixta de 4 camas,2,persona que viaja sola,recomendado para hospedarse en valencia,"la calidad del servicio de las personas, las áreas comunes, que las literas tenían cortina  eso da más privacidad , el desayuno es muy completo y rico y es muy barato.",la calidad de las duchas y baños.,8.0,2023-10-27,muy bien
the river hostel,españa,litera en dormitorio compartido mixto con 10 camas,1,persona que viaja sola,bien,,"no me gusto de mi cama, que las sábanas y cojines percibían muy mal.",7.0,2023-10-27,muy bien
the river hostel,españa,litera en habitación compartida mixta de 12 camas,2,persona que viaja sola,agradable parada,"el desayuno es bastante completo, por 3,90 . el personal es muy agradable y siempre está pendiente de tu bienestar. en cada cama tienes una cortina que te da bastante intimidad. aunque algunas zonas son bastante obsoletas, están siempre limpias.",el colchón de la cama se hundía por la parte del centro.,8.0,2023-10-26,muy bien
the river hostel,españa,cama en habitación compartida mixta de 4 camas,1,pareja,bien,"ubicación muy buena, la habitación estaba equipada con grandes ventiladores para el calor que hacía en valencia y la cama era cómoda. el personal fue simpático y amable.","que el check-in me lo hicieran en inglés, estando en valencia. me parece fantástico que contraten a gente que tiene otras lenguas maternas que no sea el castellano o valenciano porque hay mucho turista europeo extranjero en general, pero agradecería que a mí me lo hicieran en castellano valenciano  aunque este tampoco lo entienda a la perfección, pero estamos en valencia cara sonriendo con sudor frío  ",7.0,2023-10-25,muy bien
the river hostel,españa,litera en dormitorio compartido mixto con 10 camas,1,persona que viaja sola,buen hostel,"en general un lugar muy bien ubicado y cuidado, las intalaciones buenas, baños mujeres limpios, con espacio y al mismo tiempo privacidad, secadores de pelo y plancha. las habitaciones limpias y comoda para poder moverse y dejar las cosas.","demasiados chicos en la habitacion y fue imposible dormir sin los dos ventiladores encendido y las dos ventana abiertas, ruido hasta las 3am, malasuerte.",8.0,2023-10-24,muy bien
the river hostel,colombia,cama en habitación compartida mixta de 4 camas,2,persona que viaja sola,excelente ubicación y atención,limpieza y las recepcionistas muy queridas,algún desorden en la cocina al amanecer pero es responsabilidad de algunos huéspedes,8.0,2023-10-21,muy bien
the river hostel,argentina,litera en una habitación compartida femenina,3,persona que viaja sola,muy bien,la ubicación es excelente! las habitaciones son grandes y espaciosas. cocina equipada y zona de estar.,los baños están un poco alejados de las habitaciones. a esta altura del año deberían pensar en incorporar mantas en las camas.,9.0,2023-10-20,muy bien
the river hostel,francia,litera en habitación compartida mixta de 12 camas,2,persona que viaja sola,me sentí bastante bien acogida y no tuve ningún problema,la sala común y la del desayuno. también el city tour me permitió tanto aprender un poco la historia y otras cosas sobre el lugar de mi estancia como conocer a otros viajeros del hostal!,la cocina que me pareció un poco simple en su estilo.,7.0,2023-10-19,muy bien
the river hostel,españa,cama en habitación compartida mixta de 4 camas,1,grupo,muy bien,buena ubicación y buena atención.,las regaderas oscuras y los baños podrían estar más limpios.,8.0,2023-10-14,muy bien
the river hostel,argentina,litera en una habitación compartida femenina,1,persona que viaja sola,muy bien.,"las camas son amplias, con una cortina muy comoda. tienen guardamaletas amplio con candado. los baños estan muy limpios.",la promesa de la clase de paella que aun no se cumple.,9.0,2023-10-09,muy bien
the river hostel,españa,litera en habitación compartida mixta de 12 camas,2,persona que viaja sola,cerca de todo y multicultural,baños duchas sala de recreación sábanas limpias almohadas.,ventanas viejas y sin aire acondicionado habitación 12 un ruido tremendo en calle,8.0,2023-10-08,muy bien
the river hostel,españa,litera en dormitorio compartido mixto con 10 camas,1,persona que viaja sola,muy bien,"la habitación era espaciosa, no habían aprovechado hasta el último milímetro para poner camas, lo cual se agradece. te dejan un candado para guardar tus cosas. la planta de abajo tiene bastante espacio de esparcimiento.","la cocina estaba algo sucia y desequipada, pocos baños para un lleno total.",8.0,2023-10-08,muy bien
the river hostel,argentina,litera en una habitación compartida femenina,3,grupo,recomiendo si sos joven,"cocina completa, desayuno extra muy bueno, ubicación buena, ambientación un diez","hay un solo ascensor para todo el hostel y demora mucho, suelen hospedar adolescentes de secundaria y no respetan los horarios de silencio",9.0,2023-10-06,muy bien
the river hostel,españa,litera en dormitorio compartido mixto con 10 camas,1,grupo,bien,,el alojamiento estaba muy bien pero la puerta de nuestra habitación no funcionaba y no hicieron nada para arreglarlo. tuvimos que coordinar con la otras personas de la habitación para que nos abran y poder entrar,7.0,2023-10-06,muy bien
the river hostel,españa,litera en una habitación compartida femenina,3,persona que viaja sola,fantástico,"es un sitio genial para viajar solo sola. en las zonas comunes siempre había gente, con muy buen ambiente. cómodo, práctico y barato. genial el detalle de que cada cama tuviera un cajón asociado con candado, para dejar tus pertenencias.",,9.0,2023-10-06,muy bien
the river hostel,méxico,litera en dormitorio compartido mixto con 10 camas,4,persona que viaja sola,fantástico,"la ubicación es muy buena, se puede acceder sencillamente desde el aeropuerto y hacia los distintos puntos de la ciudad. la habitación compartida donde me alojé es amplia. todos los espacios del hostal con los que tuve contacto estaban limpios.",,9.0,2023-10-05,muy bien
the river hostel,argentina,litera en habitación compartida mixta de 12 camas,2,persona que viaja sola,excelente ubicación y muy lindo hostel,"la ubicación es muy buena, a pocas cuadras del centro histórico de la ciudad y cerca de buses para ir a la playa. a pasitos nomás del nuevo parque donde antes estaba el río que rodeaba la ciudad. las áreas comunes son muy cómodas para teletrabajar o disfrutar del momento. las habitaciones son muy amplias, casi que no te das cuenta que son 10 camas, además tienen cortina para una excelente aislación. por otro lado los baños son muy limpios y espaciosos, y en el baño de mujeres hay secador de pelo y planchita.","la atención a la hora del check in dejó mucho que desear, no hablaban español, y las indicaciones fueron nulas. a pesar de ello quiero rescatar el trato de lidia y samuel, que fueron muy amables durante toda mi estadía.",8.0,2023-10-05,muy bien
the river hostel,argentina,cama en habitación compartida mixta de 8 camas,1,persona que viaja sola,fantástico,"excelente la atención, la ubicación y el edificio son muy bonitos",me resultan elevados los precios,9.0,2023-09-28,muy bien
the river hostel,argentina,litera en habitación compartida mixta de 12 camas,2,persona que viaja sola,muy bien,bien el agua libre,,8.0,2023-09-25,muy bien
the river hostel,españa,litera en dormitorio compartido mixto con 10 camas,3,persona que viaja sola,fantástico,lo que más me gustó fue la bienvenida de todas las personas que trabajan allí. te ponen todo tipo de facilidades y el desayuno lo recomiendo. un placer haberme alojado en un albergue tan cómodo. muchas gracias,,9.0,2023-09-21,muy bien
the river hostel,españa,cama en habitación compartida mixta de 6 camas,6,persona que viaja sola,fantástico,limpieza ubicación instalaciones,,9.0,2023-09-19,muy bien
the river hostel,méxico,litera en una habitación compartida femenina,2,persona que viaja sola,muy bien,"la buena recepción en el lobby, además de estar cercas de los lugares de interés históricos y públicos del centro de valencia.",,8.0,2023-09-16,muy bien
the river hostel,españa,litera en habitación compartida mixta de 12 camas,1,persona que viaja sola,muy bien,"las instalaciones, muy moderno actual",un poco la ubicación un poco spartado,8.0,2023-09-15,muy bien
the river hostel,argentina,litera en dormitorio compartido mixto con 10 camas,3,persona que viaja sola,excelente ubicación y personal,el personal de recepción super amable y atento. el desayuno y los espacios comunes,en las duchas  si bien el agua era perfecta  se acumulaba mucha agua en el piso.,9.0,2023-09-10,muy bien
the river hostel,españa,litera en una habitación compartida femenina,2,persona que viaja sola,fantástico,"excelente, muy buenas instalaciones y organización.",las dos recepcionistas hablaban ingles pero solo una español estando en españa,9.0,2023-09-09,muy bien
the river hostel,colombia,litera en habitación compartida mixta de 12 camas,2,persona que viaja sola,bien,"el desayuno tiene descuento si se paga durante el check in, me pareció buen desayuno. la ubicación está bien, es necesario caminar algunas calles para comprar comida, pero no es lejos y queda cerca al parque que atraviesa la ciudad. una señora de la recepción era muy agradable y daba las indicaciones con una sonrisa.","las camas no estaban tan limpias y algunas suenan mucho, por lo que puede ser muy incómodo para dormir y molestar a otros con el ruido. las llaves de la habitación lo mismo, algunas no funcionan bien y para abrir la puerta a veces cuesta. las duchas y los baños también podrían estar más limpios. el precio está ok por lo que se ofrece.",7.0,2023-09-06,muy bien
the river hostel,argentina,cama en habitación compartida mixta de 4 camas,3,persona que viaja sola,fantástico,unicacion excelente. baños y habitaciones grandes y cómodas. igual q las salas comunes,,9.0,2023-09-06,muy bien
the river hostel,españa,litera en habitación compartida mixta de 12 camas,2,grupo,corta estadía en valencia,"las camas son cómodas, agua fresca disponible y gratuita, café y té gratis. secador y plancha de pelo en el baño.",poca luz artificial en la habitación,7.0,2023-09-04,muy bien
the river hostel,argentina,litera en dormitorio compartido mixto con 10 camas,3,persona que viaja sola,excelente,"las camas me resultaron muy cómodas, y el hecho de tener un balcón fue un plus. los vestuarios son súper cómodos. y está buenísimo tener un bar en el establecimiento.",,9.0,2023-09-03,muy bien
the river hostel,venezuela,litera en habitación compartida mixta de 12 camas,4,persona que viaja sola,muy bien,la atención de sus empleados,,8.0,2023-09-01,muy bien
the river hostel,argentina,cama en habitación compartida mixta de 6 camas,2,persona que viaja sola,fantástico,"el alojamiento y el personal fueron excelentes. destaco el trabajo de lidia, la recepcionista, que fue un encanto durante toda la estadía.",me hubiera gustado contar con habitaciones con menos camas a un precio accesible.,9.0,2023-08-29,muy bien
the river hostel,españa,cama en habitación compartida mixta de 4 camas,1,grupo,fantástico,"me gusto mucho el trato del personal y la disponibilidad de cocina, un sitio para descansar y tomar café proporcionado por el hostel. y agua potable para beber todo el día.",,9.0,2023-08-28,muy bien
the river hostel,españa,litera en una habitación compartida femenina,3,persona que viaja sola,"bien, para adolescentes.",muy atento el personal. la verdad que de primera los chicos y las chicas.,"si tenés un sueño livianito mejor un hotel, yo pude dormir una noche de 3, porque no se respetaba el horario de descanso en la habitación. una noche en el espacio común había unos chicos tomando cerveza, quise comprar una y me dijeron que era el hijo del dueño con los amigos y que no era horario de bar...obvio no me la vendieron.... tendrá casa me imagino? o entonces hay privilegios, me pareció pésimo. o que se vaya a un bar con los amigos... en fin. pasan que cosas.",7.0,2023-08-27,muy bien
the river hostel,uruguay,litera en una habitación compartida femenina,4,persona que viaja sola,bien,,los secadores de pelo no tenían aire caliente,7.0,2023-08-25,muy bien
the river hostel,españa,cama en habitación compartida mixta de 4 camas,2,pareja,muy bien,el desayuno. la ubicación.,2 wc para solo una planta. neveras poco limpias.,8.0,2023-08-21,muy bien
the river hostel,españa,cama en habitación compartida mixta de 6 camas,1,grupo,bien,colchón,,7.0,2023-08-20,muy bien
the river hostel,argentina,litera en habitación compartida mixta de 12 camas,2,persona que viaja sola,bien,,las camas al ser madera y las escaleras de las cuchetas hacían demasiado ruido. había 3 duchas que no funcionaban.,7.0,2023-08-19,muy bien
the river hostel,argentina,cama en habitación compartida mixta de 8 camas,3,persona que viaja sola,muy bien,los espacios comunes son muy amplios y cómodos,faltan baños y el ascensor es extremadamente lento para un edificio de 4 pisos,8.0,2023-08-18,muy bien
the river hostel,españa,litera en dormitorio compartido mixto con 10 camas,1,persona que viaja sola,fantástico,"el trato del personal , las zonas compartidas, que dejen tener la maleta para visitar la ciudad",el ruido de la gente mientras se descansa,9.0,2023-08-17,muy bien
the river hostel,francia,litera en una habitación compartida femenina,1,persona que viaja sola,muy bien,,la taquilla de la cama arriba podría estar al lado y no debajo de la cama debajo,8.0,2023-08-16,muy bien
the river hostel,argentina,litera en habitación compartida mixta de 12 camas,4,persona que viaja sola,bien,ubicación,las habitaciones un poco descuidadas,7.0,2023-08-13,muy bien
the river hostel,españa,litera en dormitorio compartido mixto con 10 camas,3,grupo,bien,"ubicación , instalaciones","el precio me pareció alto , y por las noches había mucho ruido . creo que era del parque de a lado ,",7.0,2023-08-11,muy bien
the river hostel,alemania,litera en habitación compartida mixta de 12 camas,2,pareja,cool,"es un lugar muy equipado, ofrece servicios muy agradables. como obtener agua potable gratuita cuando quieras o tomar café gratis. un lugar muy cool cara sonriendo con gafas de sol",los baños de hombres olían un poco mal.,9.0,2023-08-11,muy bien
the river hostel,españa,cama en habitación compartida mixta de 6 camas,2,grupo,bien,"el agua fría gratis, ya que hacía mucho calor",que no hubiera gel en las duchas y que no hubiera un aire acondicionado de máquina,7.0,2023-08-11,muy bien
the river hostel,españa,litera en una habitación compartida femenina,1,grupo,muy bien para jóvenes,muchas actividades disponibles. los trabajadores listos para ayudar en todo. las camas tenían cortina y eran cómodas. el cajón para la maleta espacioso y te daban candado si no tenías.,las puertas de algunos baños no cerraban bien y hacía mucho calor en ellos.,8.0,2023-08-09,muy bien
the river hostel,chile,litera en dormitorio compartido mixto con 10 camas,1,persona que viaja sola,buen precio-calidad,"los lockers grandes y seguros, la ubicación del lugar y comedor",la cocina muy pequeña y poca supervisión del personal por mantener orden,8.0,2023-08-08,muy bien
the river hostel,españa,litera en dormitorio compartido mixto con 10 camas,1,persona que viaja sola,nice option,"en las habitaciones, las camas tienen cortinas, luz y enchufe. en las zonas comunes hay café, té y agua fresca disponibles todo el día. el personal es muy atento.","por ser pleno verano en una ciudad ya tan turística, el precio de una cama en habitación compartida  10 personas, mixta  ronda los 50  , que me parece una barbaridad.",8.0,2023-08-01,muy bien
the river hostel,españa,litera en dormitorio compartido mixto con 10 camas,3,persona que viaja sola,fantástico,primera vez que utilizo un hostel con habitación y baños compartidos. la experiencia ha sido positiva en todos los aspectos. el trato con el resto de compañeros de habitación ha sido mas que adecuado y el personal del hotel muy agradable.,"solo comentar el tema de los aseos y duchas, que estaban aceptables  siempre limpios  pero no son del todo cómodos.",9.0,2023-08-01,muy bien
the river hostel,españa,litera en una habitación compartida femenina,3,persona que viaja sola,fantástico,"el personal muy buena onda y siempre con una sonrisa! muy buen hostel realmente, recomiendo 100 ",,9.0,2023-07-31,muy bien
the river hostel,reino unido,litera en dormitorio compartido mixto con 10 camas,1,persona que viaja sola,fantástico,ubicación,,9.0,2023-07-30,muy bien
the river hostel,españa,cama en habitación compartida mixta de 4 camas,1,grupo,buena estancia cerca del centro historico,"la atención, los servicios que ofrecen y que mantengan el aire acondicionado en la habitacion siempre que el cliente quiera",el aparcamiento en la zona es complicado pero nos asesoraron para dejar el coche cerca,9.0,2023-07-30,muy bien
the river hostel,colombia,litera en una habitación compartida femenina,2,persona que viaja sola,muy bien,la ubicación y servicio de las personas,los baños no estaban limpios,8.0,2023-07-29,muy bien
the river hostel,argentina,litera en una habitación compartida femenina,4,persona que viaja sola,muy bien,"el personal suuuper amable, buen desayuno, las habitaciones muy cómodas.","los baños bastante sucios y algunas veces faltaba el jabón o el papel. había que pedir que prendan el aire a recepción, algunas noches la habitación estaba muy calurosa.",8.0,2023-07-28,muy bien
the river hostel,chile,cama en habitación compartida mixta de 4 camas,2,grupo,bien,"el personal fue muy atento y preocupado, el desayuno estaba bien.",el aseo en una de las camaa no parecia tan bueno pero nos ayudaron cambiando.,7.0,2023-07-28,muy bien
the river hostel,argentina,cama en habitación compartida mixta de 8 camas,3,persona que viaja sola,muy bien,"ubicación,ambiente,personal",,8.0,2023-07-24,muy bien
the river hostel,colombia,cama en habitación compartida mixta de 4 camas,1,persona que viaja sola,muy bien,gracias,gracias,8.0,2023-07-24,muy bien
the river hostel,uruguay,litera en una habitación compartida femenina,5,persona que viaja sola,muy bien,la cama súper cómoda con cortinas. los cuartos con balcones y buena ventilación. buen desayuno  se paga ahí pero es súper barato . el personal es amable y las instalaciones son cómodas y funcionales.,el aire acondicionado no funcionaba en la habitación y hacía demasiado calor.,8.0,2023-07-23,muy bien
the river hostel,españa,litera en dormitorio compartido mixto con 10 camas,2,persona que viaja sola,muy bien! corazón azul claro,"la ubicacion, la relacion precio-calidad, el desayuno.",la habitacion no era muy linda,9.0,2023-07-23,muy bien
the river hostel,españa,litera en dormitorio compartido mixto con 10 camas,2,persona que viaja sola,"ni bien, ni mal.",me gustó la ubicación del lugar.,"ignoraron mi solicitud de encender el aire acondicionado,  envié dos correos  las habitaciones son muy calientes. el desayuno no vale la pena en absoluto fue dinero perdido.",8.0,2023-07-22,muy bien
the river hostel,españa,litera en una habitación compartida femenina,1,persona que viaja sola,fantástico,la ubicación es perfecta.,no se le puede pedir más por su precio,9.0,2023-07-21,muy bien
the river hostel,venezuela,litera en dormitorio compartido mixto con 10 camas,1,pareja,buena opción calidad precio.,"el personal muy amable siempre, todo bastante limpio y ubicación fácil de acceder. también muy económico.","el aire acondicionado no era muy potente, a mitad de la noche simplemente se apagó.",8.0,2023-07-20,muy bien
the river hostel,españa,cama en habitación compartida mixta de 8 camas,2,persona que viaja sola,"ubicación genial, gente muy joven con muchas ganas de trabajar.","personal joven en recepción y muy eficaces. pedí un cambio a litera baja y rápidamente me cambiaron. cortina para privacidad, luz individual y para cargar el móbil dentro de tu habitáculo. grande ventilador en la habitación, se podía abrir la ventana para ventilar. desayuno muy económico si lo contratas el día anterior. la ubicación genial para aparcar si vas en coche, hay un paseo bastante largo en el que es gratuito aparcar. el hostel está cerca de todo pero un poco en  las afueras .",en los baños había secador y plancha de pelo pero no funcionaban. al día siguiente estaba el electricista para solucionar la avería.,7.0,2023-07-19,muy bien
the river hostel,españa,litera en habitación compartida mixta de 12 camas,1,grupo,perfecto para una estancia corta,la ubicación y calidad precio,,9.0,2023-07-17,muy bien
the river hostel,argentina,litera en una habitación compartida femenina,3,persona que viaja sola,lindo y buena ubicación,"esta super cerca de todo. me toco una habitacion compartida femenina que daba a la calle con vista al parque, super linda, comoda y sin ruidos. desayuno rico y abundante algo para destacar pero no excepcional, la habitacion no tenía aire acondicionado, solo ventiladores. le faltaba un poco de limpieza al piso. los baños duchas bien y limpios.","la habitacion no tenía aire acondicionado, solo ventiladores. le faltaba un poco de limpieza al piso",8.0,2023-07-12,muy bien
the river hostel,argentina,cama en habitación compartida mixta de 8 camas,7,persona que viaja sola,bien,"el desayuno esta buenisimo a buen precio el lugar para la valija es grande la cama comoda aunque la cortina no cubria toda la cama el personal muy simpatico siempre limpio info ni buena ni mala: el hostel esta muy lejos de la playa, a 30 min en bus, pero cerca del centro, a 10 min caminando","el pub crowl muy caro el bar muy poca varidad y tirando a caro no hay lugares para comer cerca, ni supermercados, todo a 10 min minimo caminando",8.0,2023-07-04,muy bien
the river hostel,argentina,litera en una habitación compartida femenina,3,persona que viaja sola,muy bien,los baños excelentes. amplios y cómodos. el espacio del locker tambien muy bueno.,en los días que estuve había muchos muchos chicos chiquitos entonces había muchos gritos y mucho no podía concentrarme para trabajar o relajar,8.0,2023-07-04,muy bien
the river hostel,chile,litera en habitación compartida mixta de 12 camas,1,persona que viaja sola,escapada,tenían agua fresca y los baños,ruidoso si te toca al lado de la puerta,8.0,2023-07-04,muy bien
the river hostel,argentina,litera en una habitación compartida femenina,1,persona que viaja sola,el calor si te mata,entorno.la gente .el precio .disponibilidad para electros,falto aire fresco   por así decirlo  calor excesivo en valencia y a mi cucheta nivel superior faltaba frescura para dormir un poco más confortable,8.0,2023-07-02,muy bien
the river hostel,españa,cama en habitación compartida mixta de 4 camas,1,persona que viaja sola,mejor hostal de valencia,"habitaciones, duchas y baños limpios, desayuno barato y muy bueno y personal amable. ubicación buena, a 5 minutos de metro y del casco historico.","poca privacidad en las camas individuales, las literas si están bien. check-in un poco tarde.",9.0,2023-06-29,muy bien
the river hostel,chile,cama en habitación compartida mixta de 8 camas,3,persona que viaja sola,agradable,"que esta en pleno centro histórico, buena ubicación para esto. además, un desayuno muy rico  si optas por buffet  y el personal muy simpático y atento. una cocina equipada para preparar tus propios desayuno o comidas si compras por tu parte",que esta lejos de playa,9.0,2023-06-29,muy bien
the river hostel,españa,litera en habitación compartida mixta de 12 camas,1,persona que viaja sola,muy bien,las camas eran muy cómodas,"que las habitaciones fueran mixtas, siendo mujer me senti un poco insegura rodeada de hombres extraños",8.0,2023-06-28,muy bien
the river hostel,argentina,litera en habitación compartida mixta de 12 camas,2,grupo,muy bueno,"la habitación estaba bien. la cama y el locker estaban bien. faltaba un poco de aire acondicionado pero estuvo bien, no lo sufrimos. los baños eran excelentes, varias duchas, super cómodos.","el desayuno se servía de 8 a 10:30. fue exactamente a las 10:30 y no me lo quisieron servir, ni siquiera haciendo una excepción. eso me desilusionó un poco porque el resto fue todo perfecto y en esto ni siquiera hubo intención de ayudar a pesar de haberme presentado en el horario límite.",9.0,2023-06-28,muy bien
the river hostel,marruecos,cama en habitación compartida mixta de 8 camas,2,persona que viaja sola,bien,buena ubicacion.y el buen desayuno,el aire acondicionado muy fuerte,7.0,2023-06-26,muy bien
the river hostel,españa,litera en dormitorio compartido mixto con 10 camas,2,grupo,muy bien,la ubicación,los baños estaban bastante alejados de la habitación y las camas un poco pequeñas. el desayuno de hostel un poco escaso,8.0,2023-06-26,muy bien
the river hostel,argentina,litera en habitación compartida mixta de 12 camas,3,persona que viaja sola,fantástico,muy bueno,,9.0,2023-06-22,muy bien
the river hostel,chile,cama en habitación compartida mixta de 6 camas,4,persona que viaja sola,muy bien,la amabilidad de algunas personas en la recepcion,la habitación de 6 camas era muy estrecho,8.0,2023-06-20,muy bien
the river hostel,chile,cama en habitación compartida mixta de 8 camas,4,persona que viaja sola,muy bien,ubicación desayuno cada espacio pensado para las necesidades de un viajero muy recomendable!,durante mi estadía también se alojó un grupo grande de estudiantes de colegio. si coincidias con ellos para el desayuno era muy caótico,8.0,2023-06-19,muy bien
the river hostel,españa,litera en habitación compartida mixta de 12 camas,2,persona que viaja sola,fantástico,lo céntrico que está,mucho ruido por la noche,9.0,2023-06-17,muy bien
the river hostel,colombia,litera en una habitación compartida femenina,1,persona que viaja sola,bien,la amplitud de las habitaciones y el servicio de guarda equipaje,ruido de los huéspedes de otra habitación,7.0,2023-06-16,muy bien
the river hostel,argentina,cama en habitación compartida mixta de 4 camas,3,persona que viaja sola,fantástico,las instalaciones,usaron alimentos míos de la nevera,9.0,2023-06-14,muy bien
the river hostel,colombia,litera en dormitorio compartido mixto con 10 camas,4,persona que viaja sola,fantástico,"las instalaciones , la cocina",que no arreglaran las camas todos los días ya que en colombia se lo hace,9.0,2023-06-13,muy bien
the river hostel,españa,litera en una habitación compartida femenina,3,persona que viaja sola,bien,"lo que más me gustó la cercanía al casco histórico, y al estar en frente de lo que era el caudal del turia, está genial para hacer otras actividades.",creo que en general no estuvo mal.,7.0,2023-06-09,muy bien
the river hostel,españa,litera en habitación compartida mixta de 12 camas,1,persona que viaja sola,señal de aprobación con la mano,"me enkanta alojarme en el river hostel, tienen flancha del pelo en la mayoria d ls kuartos d baño d xikas, el personal d rezepzion es eszepzional, y siempre resulta muy agradable la estanzia. .","me hubiera gustado kedarme un dia mas, xo no pude reservar xa no kanviar d kama, los prezios van subiendo x k ya ay turismo, y yo suelo ir x nezesidad cara con ojos en blanco",8.0,2023-06-05,muy bien
the river hostel,españa,litera en habitación compartida mixta de 12 camas,1,persona que viaja sola,agradable lastima el recepcionista,"la ubicación, camas bastante amplias y locker con candados incluidos","el chico de recepción solo hablaba ingles y no sabia ni una palabra de español ni estaba interesado en atender , increible que pase esto en españa.",7.0,2023-06-05,muy bien
the river hostel,españa,cama en habitación compartida mixta de 8 camas,1,persona que viaja sola,fantástico,ubicacion,no había sabana encimera,9.0,2023-06-04,muy bien
the river hostel,argentina,litera en una habitación compartida femenina,2,persona que viaja sola,fantástico,la limpieza y la comodidad de los espacio en cominies,,9.0,2023-06-01,muy bien
the river hostel,argentina,litera en habitación compartida mixta de 12 camas,1,persona que viaja sola,muy bien,"el día que llegué hubo cena gratis. las habitaciones amplias y cómodas, los baños y los espacios comunes también. muy buena onda en el hostel, la gente, las actividades que ofrecen, todo. las habitaciones tienen enchufe en cada cama y espacio para apoyar el teléfono. te dan sábanas y acolchado. también te dan un amplio locker con candado para objetos personales.","el té y café gratis está del lado del desayuno pago y si no pagás no podes usarlo  aunque durante el resto del día es gratis . lo mismo que el agua fría para cargar la botella. un poco sucio el baño de recepción, pero entiendo que es mucha gente yendo y viniendo.",8.0,2023-06-01,muy bien
the river hostel,argentina,cama en habitación compartida mixta de 8 camas,3,persona que viaja sola,bien,"la gente que trabajaba ahí muy amable, lugar super limpio .","llevan grupos del colegio primario a hospedarse ahí, muy ruidoso no se podía estar tranquilo ni desayunando .",7.0,2023-06-01,muy bien
the river hostel,españa,litera en una habitación compartida femenina,1,persona que viaja sola,fantástico,"está estupendo para gente joven que viaja con mochilas, la cocina muy bien, las zonas comunes estupendas, cerca de todo.",al compartir habitacion cada una entra a una hora diferente y se duerme poco.,9.0,2023-05-28,muy bien
the river hostel,uruguay,cama en habitación compartida mixta de 8 camas,3,persona que viaja sola,muy bien,"cómoda la cama, y con cortinas muy importante",,8.0,2023-05-22,muy bien
the river hostel,argentina,litera en una habitación compartida femenina,2,grupo,muy bien,la ubicación y como nos atendieron,la modalidad de hostel que nunca había ido,8.0,2023-05-21,muy bien
the river hostel,argentina,litera en habitación compartida mixta de 12 camas,1,pareja,fantástico,la amabilidad y predisposición del personal. muy buena ubicación.,,9.0,2023-05-21,muy bien
the river hostel,españa,litera en una habitación compartida femenina,1,persona que viaja sola,curioso,la ubicación y personal,mantenimeinto de las instalacioens en cuanto a higiene,8.0,2023-05-16,muy bien
the river hostel,argentina,litera en una habitación compartida femenina,3,persona que viaja sola,buena experiencia,me gusto la ubicación,muuchas personas por habitación y las cuchetas muy altas se dificultaba subir,7.0,2023-05-16,muy bien
the river hostel,argentina,cama en habitación compartida mixta de 4 camas,2,persona que viaja sola,bien,el desayuno y la recepcionista que estuvo la 2 noche x la tarde.,"precio desorbitado, el doble por ser fin de semana. cuando llegamos no hubo mucha empatia. al ingresar a la habitación 14:30 aún no estaba limpio esperamos no mucho. el de limpieza muy amable.",7.0,2023-05-15,muy bien
the river hostel,colombia,cama en habitación compartida mixta de 8 camas,2,grupo,buen lugar por un buen precio,"los baños y las habitaciones súper limpias, las camas muy cómodas. el desayuno muy bueno y por un precio muy cómodo  4,40 tipo buffet",,9.0,2023-05-12,muy bien
the river hostel,suiza,litera en habitación compartida mixta de 12 camas,2,persona que viaja sola,muy bien,las camas comodas,,8.0,2023-05-11,muy bien
the river hostel,chile,litera en habitación compartida mixta de 12 camas,1,persona que viaja sola,lo recomendaría,es agradable lugar,siempre hay que mejorar,9.0,2023-05-10,muy bien
the river hostel,chile,litera en dormitorio compartido mixto con 10 camas,2,persona que viaja sola,buen hostal recomendado,"baños muy limpios, personal agradable, buen desayuno",,9.0,2023-05-05,muy bien
the river hostel,españa,litera en una habitación compartida femenina,1,pareja,muy bien,calidad  precio,,8.0,2023-05-05,muy bien
the river hostel,españa,cama en habitación compartida mixta de 6 camas,2,grupo,puede mejorar,su ubicación y el personal.,"las condiciones de las habitaciones principalmente, puede mejorar mucho.",8.0,2023-05-04,muy bien
the river hostel,españa,litera en una habitación compartida femenina,2,persona que viaja sola,es posible que repita,las actividades para socializar con otras personas alojadas,,9.0,2023-04-28,muy bien
the river hostel,españa,cama en habitación compartida mixta de 6 camas,1,persona que viaja sola,muy bien,muy buen lugar. muy bien ubicado. buenas instalaciones. volveré sin duda.,,9.0,2023-04-26,muy bien
the river hostel,españa,litera en dormitorio compartido mixto con 10 camas,2,grupo,higiene y baños impecables,"los baños son amplios y comodos. tiene cubículos cerrados en cada váter y en cada ducha. sitio para dejar los elementos de higiene de sobra. el desayuno buffet estaba bien variado y el precio acorde. ha superado mis expectativas. además íbamos en grupo y no pudimos reservar una habitación para nosotros, sin embargo el personal tuvo la amabilidad de acomodarnos a todos juntos. todo estaba estupendamente limpio.","el personal ha sido muy atento la verdad, pero muy pocos hablaban español. para algunas cosas era necesario hablar con ellos en inglés porque no comprendían del todo el español.",8.0,2023-04-24,muy bien
the river hostel,españa,cama en habitación compartida mixta de 4 camas,2,persona que viaja sola,"algunas recepcionistas no saben español  en españa . por lo demás, todo genial.","el desayuno. por un poco más en el precio, el desayuno está genial. la ubicación estaba bien, y la habitación con tan sólo 4 camas, también. un cofre para meter la maleta entera y que te dieran la llave y el candado del cofre, genial. todo muy limpio, aparentemente nuevo, de calidad y confortable, la verdad.","menos mal que soy bilingüe y pude hablar bien en inglés con las recepcionistas, porque si no... increíble que en mi propio país, la recepcionista me pidiera hablar en inglés porque no sabía español... fatal, eso estuvo fatal. si no sabéis inglés, mejor no vayáis. siempre suele haber dos y una habla en español, pero no me pareció de recibo... comencé a hablar en español al llegar, y la chica me dijo:  excuse me, do you speak english? . mi respuesta:  yes, but....  antes de que terminara de decir  yes, but we are in spain , me cortó y se me puso a hablar en inglés. de muy mala educación. fue una de las recepcionistas del viernes por la tarde-noche, una rubita, no me quedé con el nombre. había otros que se notaba que tampoco sabían español, pero parecían un poco más amables, no tan mal educados. por otra parte, las duchas estaban súper altas y a mí, que soy bajita, apenas llegaba el agua a mi cuerpo  se repartía por todo el espacio . y los aseos separados de las duchas, por lo que era imposible asearte y ducharte a la vez.",8.0,2023-04-20,muy bien
the river hostel,francia,litera en dormitorio compartido mixto con 10 camas,1,persona que viaja sola,muy bien,personal muy simpático,,8.0,2023-04-19,muy bien
the river hostel,españa,litera en dormitorio compartido mixto con 10 camas,2,persona que viaja sola,lo que buscaba.,lo mejor la localización.,"la escalera de la litera, me pareció incómoda.",8.0,2023-04-18,muy bien
the river hostel,españa,cama en habitación compartida mixta de 8 camas,1,pareja,muy bien,la atención,,8.0,2023-04-17,muy bien
the river hostel,indonesia,litera en dormitorio compartido mixto con 10 camas,2,persona que viaja sola,muy bien,"me gusta the river hostel porque es muy comodo para ir a la centro, al museum, a la estación de autobus, y al parque.",no me gusta porque el chico y la niña estan en la misma cuarto,8.0,2023-04-16,muy bien
the river hostel,argentina,litera en dormitorio compartido mixto con 10 camas,4,persona que viaja sola,aceptable,las camas,no funcionó el ascensor en los 4 días que estuve y mí habitación era en el cuarto piso el personal al recibirte no te explica nada faltó limpieza en los espacios comunes,5.0,2026-04-16,muy bien
the river hostel,españa,litera en habitación compartida mixta de 12 camas,2,persona que viaja sola,excepcional,la atención del personal es excelente muy amables y aclaran cualquier duda el servicio es excepcional 100  recomendado,,10.0,2026-04-15,muy bien
the river hostel,colombia,litera en dormitorio compartido mixto con 10 camas,1,grupo,alojamiento de primera,"muy completo el alojamiento, primera experiencia en hostal con habitación compartida. me gusto la cercanía a lugares turísticos. la atención muy completa. la cama muy cómoda, la litera cuenta con luz independiente y cortina. los casilleros quedan debajo de las camas, recomendable cargar tu propio candado ya que te cobran por prestarte uno pero es reembolsable. los baños de las chicas eran separados y privados. volvería para una estancia corta y de paso.",,10.0,2026-04-13,muy bien
the river hostel,españa,litera en dormitorio compartido mixto con 10 camas,1,persona que viaja sola,excepcional,la atención es excelente las chicas muy profesionales amables.. recomendación al 100 ,,10.0,2026-04-12,muy bien
the river hostel,colombia,litera en dormitorio compartido mixto con 10 camas,3,persona que viaja sola,comoda y efectiva,excelente ubicacion,"algunas personas del staff solo hablan inglés, no español",10.0,2026-04-11,muy bien
the river hostel,españa,litera en habitación compartida mixta de 12 camas,4,persona que viaja sola,excepcional,el trato y la atención ke prestan las y los empleados,,10.0,2026-04-09,muy bien
the river hostel,españa,litera en una habitación compartida femenina,1,persona que viaja sola,muy mal,los chicos que hacen el turno de noche muy bien pero las chicas de mañana la verdad me decepcione,hoy ala tarde fuy a reservar una cama para esta noche y le dije a la chica que me de una noche mas y despues de alojarme varios dias me dijo que estaban completos y le dije ok me busco otro hostal y resulta que entro en bookin y veo que el hostal donde me alojaba no estaba completo resumen atencion al cliente la chica nefasta,2.0,2026-04-08,muy bien
the river hostel,argentina,litera en habitación compartida mixta de 12 camas,7,persona que viaja sola,excelente,"todo, excelente estadía, desde la cama, con cortina para más privacidad, hasta los lugares en común para socializar",,10.0,2026-04-08,muy bien
the river hostel,españa,litera en una habitación compartida femenina,2,persona que viaja sola,bien pero podría ser mejor,"en el dormitorio para las mujeres, las camas permiten tener mucha privacidad.","no hay sitio especifico con pilas para lavarse la cara o los dientes. hay que usar las dos únicas pilas muy pequeñas de los aseos, lo cual es muy incómodo y poco práctico. además, los aseos y las duchas no están muy limpios.",6.0,2026-04-07,muy bien
the river hostel,españa,cama en habitación compartida mixta de 4 camas,1,persona que viaja sola,fantástico día en valencia en fallas,ubicación y amabilidad del personal,,10.0,2026-04-06,muy bien
the river hostel,méxico,cama en habitación compartida mixta de 4 camas,2,persona que viaja sola,increíble,desayuno increíble y todo el staff súper amable,los baños están un poco descuidados,10.0,2026-04-06,muy bien
the river hostel,argelia,litera en habitación compartida mixta de 12 camas,1,persona que viaja sola,agradable,, por qué no he recibido mis 5 euros dos veces en los últimos 7 días?,6.0,2026-04-06,muy bien
the river hostel,españa,litera en una habitación compartida femenina,1,pareja,excepcional,me encantó el lugar muy bien ubicado y las personas muy agradables,,10.0,2026-04-05,muy bien
the river hostel,uruguay,cama en habitación compartida mixta de 8 camas,2,persona que viaja sola,excelente manos levantadas celebrando tono de piel claro medio,"me gustaron mucho las habitaciones, todas con espacio. a su vez la parte para guardar el carry on y la mochila, súper amplio y cómodo. las actividades que propones son entretenidas y hacen que se interactúe con el resto de los huéspedes. a su vez, son interesantes, promueven mucho el conocer valencia y tenes distintas experiencias. la cocina tiene de todo y está bien organizado.","solo cambiaría las duchas de los baños compartidos, ya que el agua sale de manera rara",10.0,2026-04-02,muy bien
the river hostel,polonia,cama en habitación compartida mixta de 8 camas,1,persona que viaja sola,mal,todavía no me han devuelto mis 5 euros.,todavía no me han devuelto mis 5 euros.,3.0,2026-04-01,muy bien
the river hostel,españa,litera en dormitorio compartido mixto con 10 camas,1,persona que viaja sola,excepcional,"es un edificio histórico, muy bien situado. el personal es muy atento y competente. las camas son confortables y los baños amplios y limpios",quizá podría estar algo mejor reformado,10.0,2026-03-28,muy bien
the river hostel,españa,litera en habitación compartida mixta de 12 camas,1,persona que viaja sola,me gustó,"el ambiente. las trabajadoras eran muy majas y atendían cualquier duda. el sitio está bien cuidado, limpio. la cama también era cómoda y también tenía aire. cada una con cortinas y su cajón. buen servicio. además está en un sitio bien localizado.",no tengo algo que no me haya gustado especialmente. pero como sugerencia se podrían poner otras sillas diferentes a las blancas. a lo mejor algún puff y una mesita.,10.0,2026-03-27,muy bien
the river hostel,uruguay,cama en habitación compartida mixta de 8 camas,3,persona que viaja sola,excepcional,las instalaciones estaban muy bien y además el hostel está en una buena ubicación,,10.0,2026-03-26,muy bien
the river hostel,españa,litera en habitación compartida mixta de 12 camas,2,persona que viaja sola,pésimo,,"a llegar cama sucias y utilizadas da alguien entro en mi cama después esperar otra dos horas más ,hago el check out y me engañas con la devolución de lo 5 de la pulsera , me robaron antes de llegar a qui y le expliqué que el 5 de la pulsera lo necesitaba a salir de aquí aunque avi apagado con tarjeta...me dijieron que si y ahora me lo devuelven en el banco y me quedo yo sin dinero",1.0,2026-03-23,muy bien
the river hostel,perú,litera en dormitorio compartido mixto con 10 camas,4,persona que viaja sola,excepcional,"todas las chicas del staff y muchachos  recepción  , la rubia de la limpieza muy atenta .y sus compañera latinas también muy laboriosas y amables y los muchachos de seguridad muy amables y atentos en resumen un buen equipo humano la cocina bien equipada sus neveras ,todo excelente , ya soy cliente habitual y siempre lo elijo en mis visitas a valencia , me hospedaria muchas veces más ,100  recomendable.",,10.0,2026-03-20,muy bien
the river hostel,españa,litera en habitación compartida mixta de 12 camas,3,persona que viaja sola,mucho que mejorar,"me gustó sobretodo la ubicación, esta cerca del transporte público y andando 10 - 15 min llegas al centro de la ciudad. el desayuno era escueto pero suficiente. también las camas eran amplias.","que la mayoría de los que atienden el lugar no sepan hablar nada de español. tuve un problema con un ticket, intenté explicárselo a una de ellas y me soltó que se lo explicara en inglés de mala manera. también la falta de organización, llegue tarde del vuelo y me cambiaron como 3 veces de habitación porque no sabían quién estaba ahí. y la litera de arriba que me tocó no tenía luz porque le habían cortado el cable, entiendo que no puedan estar pendiente de todo pero no arreglar cosas básicas... le falta organizarse y contratar personas que tengan idea de español porque yo manejaba algo de inglés pero quien no sepa... no va a poder solucionar nada allí.",2.0,2026-03-20,muy bien
the river hostel,españa,litera en dormitorio compartido mixto con 10 camas,1,familia,personal super amable y profesional.hostal muy recomendable,el personal super amable y te explica todo els chicas en el check in fueron muy amables . muchas gracias por todo.hemos estado muy cómodos.es muy recomendable.mil gracias a todos el equipo.,,10.0,2026-03-18,muy bien
the river hostel,españa,cama en habitación compartida mixta de 8 camas,1,persona que viaja sola,normal,el precio es muy barato y esta muy bien ubicado,mucho ruido y el check in no fue sencillo,6.0,2026-03-17,muy bien
the river hostel,chile,litera en dormitorio compartido mixto con 10 camas,2,persona que viaja sola,agradable,"muy lindas habitaciones, privacidad máxima",,6.0,2026-03-11,muy bien
the river hostel,españa,litera en habitación compartida mixta de 12 camas,1,persona que viaja sola,excepcional,todo está muy bien,,10.0,2026-03-09,muy bien
the river hostel,marruecos,litera en habitación compartida mixta de 12 camas,1,persona que viaja sola,excepcional,recepción.,el sueño es un poco incómodo.,10.0,2026-03-07,muy bien
the river hostel,españa,litera en habitación compartida mixta de 12 camas,1,persona que viaja sola,re bien,"me costó 17 pavos la noche y súper bien, la de recepción agradable y nada de que quejarme a decir verdad",,10.0,2026-03-03,muy bien
the river hostel,españa,cama en habitación compartida mixta de 8 camas,2,persona que viaja sola,excepcional,la atención personalizada.,,10.0,2026-03-02,muy bien
the river hostel,méxico,litera en habitación compartida mixta de 12 camas,2,persona que viaja sola,excepcional,muy bien ubicado y el desayuno tiene muchas opciones.,,10.0,2026-02-24,muy bien
the river hostel,argentina,litera en dormitorio compartido mixto con 10 camas,2,persona que viaja sola,sálvese quien pueda,los recepcionistas hacen lo mejor que pueden en un muy mal ambiente,viven hombres de manera permanente en el hostel. es muy inseguro. un huésped  de los que vivía ahí  le pegó a otro una piña en la cara en frente mío y tuvieron que llamar a la policía. en los días siguientes llamaron a la policía de nuevo repetidas veces por diversas situaciones. están muy sucios los espacios comunes de abajo. el colchón q me tocó tenía un hundimiento en el medio q no me permitía dormir.,1.0,2026-02-15,muy bien
the river hostel,argentina,litera en una habitación compartida femenina,5,persona que viaja sola,mal,tenia muchas duchas y baños.,"la cocina una mugre, lleno de platos, vasos, ollas sin lavar todas acumuladas, lleno de latas y botellas de cerveza en la mesada de la cocina, entiendo que son los huespedes que no lavan pero deberian poner sanciones o tomar medidas. por otro lado hubo un hombre que estuvo borracho y robo comida de las heladeras a varias personas , de las cuales a mi tambien. las recepcionistas no se hicieron mucho cargo de la situacion. vi mucha gente grande random en ese hostel, muy mala vibra. no volveria.",3.0,2026-02-09,muy bien
the river hostel,colombia,litera en habitación compartida mixta de 12 camas,2,persona que viaja sola,agradable,bueno,,6.0,2026-02-05,muy bien
the river hostel,españa,litera en una habitación compartida femenina,5,persona que viaja sola,aceptable,la ubicación,"el ambiente que había no era nada seguro, la cocina imposible usarla ,siempre sucia, en la nevera lo mismo sucia y con mucho riesgo que te roben lo que dejas. es una lastima, podría ser un hostel mejor",5.0,2026-02-03,muy bien
the river hostel,españa,litera en dormitorio compartido mixto con 10 camas,6,persona que viaja sola,,,,3.0,2026-02-02,muy bien
the river hostel,marruecos,cama en habitación compartida mixta de 6 camas,2,persona que viaja sola,aceptable,ubicación,"malos olores en el cuarto. me cobrarón 5   para un desayuno muy pobre, miéntras que en la info eran 4 .",5.0,2026-01-29,muy bien
the river hostel,españa,litera en habitación compartida mixta de 12 camas,3,persona que viaja sola,volveré a repetir,fue mejor de lo que me esperaba para ser mi primera vez en un hostel,prácticamente estaba todo perfecto incluso mejor de lo q me esperaba y todo muy limpio,10.0,2026-01-28,muy bien
the river hostel,españa,litera en habitación compartida mixta de 12 camas,3,persona que viaja sola,agradable,la ubicación y el trato con el personal,"los huespedes no tenian ni sentido de limpieza ni de vergüenza, robaron los productos de alimentación que habia comprado, por mas que limpie el personal la gente no ayuda ensucian y dejan todo tirado, es una pena por que asi quitan las ganas de ir y convivir",6.0,2026-01-27,muy bien
the river hostel,españa,litera en habitación compartida mixta de 12 camas,2,persona que viaja sola,volveré,"la atención de las chicas en recepción, y del personal en general, muy amables y cordiales",no hay nada de lo que deba quedarme,10.0,2026-01-27,muy bien
the river hostel,argentina,litera en una habitación compartida femenina,2,persona que viaja sola,excepcional,"exelente hostel. impecable limpieza. las camas súper cómodas. ubicación exelente. atención de todo personal, amables y siempre dispuestos a darte una solución. los servicios son muy buenos.",,10.0,2026-01-25,muy bien
the river hostel,colombia,litera en habitación compartida mixta de 12 camas,1,persona que viaja sola,excepcional,todo bien,la cocina es muy pequeña para tantas personas,10.0,2026-01-24,muy bien
the river hostel,colombia,litera en habitación compartida mixta de 12 camas,1,persona que viaja sola,excepcional,,la cocina común se la pasa sucia y aglomerada,10.0,2026-01-24,muy bien
the river hostel,españa,litera en habitación compartida mixta de 12 camas,1,persona que viaja sola,excepcional,"la ubicacion es perfecta, y el personal todo el tiempo disponible para resolver cualquier detalle. he tenido un pequeño inconveniente, y lo han resuelto muy bien! magnifico el personal.",todo ha ido bien. ademas se ha creado un grupo muy lindo en la sala compartida! me la he pasado genial.,10.0,2026-01-22,muy bien
the river hostel,costa rica,litera en habitación compartida mixta de 12 camas,3,persona que viaja sola,agradable,,hay personas vendiendo mariguana y los indigentes duermen en las escaleras,6.0,2026-01-22,muy bien
the river hostel,costa rica,litera en habitación compartida mixta de 12 camas,1,persona que viaja sola,agradable,,hay personas vendiendo mariguana dentro del hostal. los trabajadores lo saben y no hacen nada,6.0,2026-01-22,muy bien
the river hostel,colombia,litera en habitación compartida mixta de 12 camas,1,persona que viaja sola,las mejores de las mejores de las mejores,todo es lo mejor pero la atencion en recepción es fenomenal les califico un 20 son los mejores y no hace falta nada,,10.0,2026-01-20,muy bien
the river hostel,españa,litera en habitación compartida mixta de 12 camas,4,persona que viaja sola,excepcional,"me alojé recientemente y la experiencia no puede ser mejor. todas las chicas de la recepción fueron encantadoras, siempre con una sonrisa y dispuestas a ayudar en lo que hiciera falta. el alojamiento es muy cómodo y tranquilo, ideal para descansar. la cocina está súper bien equipada, con todo lo necesario para cocinar con comodidad. además, la ubicación es excelente. sin duda un lugar al que volvería sin pensarlo.",,10.0,2026-01-19,muy bien
the river hostel,argentina,litera en dormitorio compartido mixto con 10 camas,1,persona que viaja sola,aceptable,la amabilidad del personal.,"las instalaciones de las habitaciones muy deterioradas, ninguna habitación tiene baño  piso 2 . no lo recomiendo para descansar.",5.0,2026-01-14,muy bien
the river hostel,venezuela,litera en habitación compartida mixta de 12 camas,2,persona que viaja sola,muy mal,ubicación,"no es culpa de ellos, pero la gente que se hospeda es muy sucia que ni limpiando se mantiene tanto tiempo limpia. no recomiendo hospedarse en las de 12 camas. mientras menos gente, mejor. reduces la probabilidad de estar con gente desastrosa. el desayuno súper básico",2.0,2026-01-12,muy bien
the river hostel,italia,litera en habitación compartida mixta de 12 camas,1,persona que viaja sola,no,,"la limpieza era nula, lleno de gente rara y homeless viviendo ahí.",3.0,2026-01-11,muy bien
the river hostel,argentina,cama en habitación compartida mixta de 6 camas,4,persona que viaja sola,agradable,el personal del hotel y las camas,"la gente que está en el hostel es muy random, la limpieza no es su furte",6.0,2026-01-10,muy bien
the river hostel,españa,litera en dormitorio compartido mixto con 10 camas,1,persona que viaja sola,excepcional,el buen trato y cordialidad del personal,,10.0,2026-01-10,muy bien
the river hostel,españa,litera en habitación compartida mixta de 12 camas,2,persona que viaja sola,aceptable,está en una buena ubicación y el personal muy amable,las literas hacen mucho ruido y las habitaciones un poco descuidadas,5.0,2026-01-08,muy bien
the river hostel,españa,litera en habitación compartida mixta de 12 camas,1,persona que viaja sola,muy buen trato.,el trato de los recepcionistas.,"el olor de la habitación, pero es comprensible",10.0,2026-01-08,muy bien
the river hostel,colombia,cama en habitación compartida mixta de 6 camas,1,persona que viaja sola,excepcional,un sitio muy agradable confortable y lo más importante central a todos los sitios siendo muy económico gracias de verdad muchas gracias volvere,no hubo nada que no m pudiere gustar xq el desayuna genial,10.0,2026-01-06,muy bien
the river hostel,españa,litera en habitación compartida mixta de 12 camas,1,persona que viaja sola,muy bien por el precio.,el desayuno era algo básico pero no estaba mal. la ubicación muy bien.,la limpieza en general y quizá la ventilación en las habitaciones es mejorable. pero tampoco estaba sucio ni era desagradable.,6.0,2026-01-06,muy bien
the river hostel,españa,litera en habitación compartida mixta de 12 camas,1,persona que viaja sola,excepcional,allá recepción fueron amables,,10.0,2026-01-06,muy bien
the river hostel,italia,cama en habitación compartida mixta de 6 camas,7,persona que viaja sola,fin de año a valencia,la buena ubicación. cerca del centro y bien conectado con medios de transporte y el aeropuerto. servicio de café y té gratuito durante todo el día para los huéspedes.,es un hostel muy económico que es utilizado también por personas extranjeras que viven y trabajan en valencia. la dirección debería tener en cuenta que no se puede mezclar en una misma habitación a estas personas con los turistas extranjeros  jóvenes casi todos . sería necesario un poco más de organización visto que el edificio tiene 4 plantas.,6.0,2026-01-04,muy bien
the river hostel,españa,litera en habitación compartida mixta de 12 camas,1,persona que viaja sola,excepcional,todo. desayuno bueno y barato.,,10.0,2026-01-03,muy bien
the river hostel,colombia,litera en una habitación compartida femenina,2,persona que viaja sola,"el lugar está bien ubicado, sin embargo la limpieza del lugar deja mucho que desear, si bien las fotos se veían increíbl",me gustó que las camas tenían privacidad.,"el aseo, al haber tanta gente poca frecuencia de limpieza. la cocina siempre cochina, igual los baños. la cultura de las personas que estaban muy mal pues siempre mantenían todo desordenado. además de que tienen en la entrada un basket de sábanas sucias nada que ver. el personal es amable pero no el mejor. la verdad no me quedaría otra vez allí.",3.0,2026-01-02,muy bien
the river hostel,españa,litera en una habitación compartida femenina,1,persona que viaja sola,agradable y buen hostel para conocer gente y hacer comunidad.,buena ubicación con linda vista hacia los jardines del turia. cama aceptable y cocna completa y limpia.,los baños y las duchas algo lejos de las habitaciones lo que era un poco incómodo para chicas.,6.0,2025-12-30,muy bien
the river hostel,españa,litera en dormitorio compartido mixto con 10 camas,1,persona que viaja sola,excepcional,"la limpieza, el silencio, la atención de recepción",el que no se pueda pagar en efectivo,10.0,2025-12-29,muy bien
the river hostel,españa,litera en habitación compartida mixta de 12 camas,1,persona que viaja sola,excepcional,"los hombres robustos aceitados masculinos , trabajadores de obra , machorros franceses bebedores de cerveza incansables y guiris postureo marca dolge gabbana",,10.0,2025-12-26,muy bien
the river hostel,españa,litera en habitación compartida mixta de 12 camas,1,persona que viaja sola,excepcional,limpio y el personal de recepción fue muy servicial.,,10.0,2025-12-11,muy bien
the river hostel,españa,litera en habitación compartida mixta de 12 camas,1,persona que viaja sola,excepcional,todo estuvo bien recomendadisimo,,10.0,2025-12-09,muy bien
the river hostel,españa,cama en habitación compartida mixta de 6 camas,2,persona que viaja sola,excepcional,"el ambiente con el resto de alojados, la atención del personal, los detalles que tenían con nosotros y la ubicacion",todo estuvo perfecto.,10.0,2025-12-07,muy bien
the river hostel,españa,litera en dormitorio compartido mixto con 10 camas,1,persona que viaja sola,low cost,"la habitación apestaba... no es olor a pies... es fermento concentrado. una italiana en recepción me hizo el checking con total desgana, y ni si quiera me dio la info y acceso al desayuno que pague... aunque habiendolo visto luego... los 3 euros que pague, no lo valen...","solo me gustó la chica del checkout y el emplazamiento en el centro, las fotos no son fieles a la realidad",2.0,2025-12-03,muy bien
the river hostel,españa,cama en habitación compartida mixta de 8 camas,2,persona que viaja sola,gran servicio.,instalaciones.,,10.0,2025-11-28,muy bien
the river hostel,españa,litera en una habitación compartida femenina,1,persona que viaja sola,cuidadosi eres mujer,la ubicacion es ideal y las camas no estan mal,"hay muchos hombres que no son turistas o estan de paso, se ha convertido en un lugar donde viven y para las mujeres a veces da sensación de inseguridad.",4.0,2025-11-28,muy bien
the river hostel,españa,litera en habitación compartida mixta de 12 camas,1,persona que viaja sola,mal,lo único q me gustó el trato del personal,que las avitaciones estén compartiendas con hombres y mujeres es decir yo y me imagino q irán más chicas solas pero ami me tocó una avitacion con tres hombres sería mucho mejor que fueran hombres con hombres y mujeres con mujeres la cama estaba cómoda y es para lo que es entrada por salida,3.0,2025-11-25,muy bien
the river hostel,españa,litera en una habitación compartida femenina,2,persona que viaja sola,"excelente hostel: ubicación privilegiada, instalaciones siempre limpias, personal muy amable y espacios comunes con gran","excelente hostel: ubicación privilegiada, instalaciones siempre limpias, personal muy amable y espacios comunes con gran ambiente para conocer viajeros.  totalmente recomendado! chispas",,10.0,2025-11-23,muy bien
the river hostel,españa,litera en habitación compartida mixta de 12 camas,2,persona que viaja sola,no recomendable,la ubicación,"las camas son colchónetas de 10cm ruidos constantemente  maletas arrastrando, bicicletas dentro de la habitación golpes, volumen de voz alto  las personas no respetan el silencio no ahi jabón en las duchas las literas son de hierro y movimiento que haga suena y el personal no hace nada solicito cambio de habitación y me ponen en otra peor de dos noche solo pase 1 me tuve que ir a las 3 de la mañana me despertaron y ya no pude dormir del ruido.",1.0,2025-11-21,muy bien
the river hostel,españa,litera en habitación compartida mixta de 12 camas,3,persona que viaja sola,aceptable,"es muy corriente , y muy ruidoso","muy ruidoso, por la noche",5.0,2025-11-18,muy bien
the river hostel,españa,litera en una habitación compartida femenina,11,persona que viaja sola,excepcional,"el personal, la ubicación, las instalaciones, para mi fenomenal, y el hecho de tener un guardia de seguridad todo la noche, puedes hacer cheking aunque llegues tarde avisando...bla bla bla, fenomenal cara guiñando el ojo","las ollas de la cocina, un poco destartaladas cara llorando de risa",10.0,2025-11-15,muy bien
the river hostel,uruguay,litera en una habitación compartida femenina,3,grupo,agradable,ubicación. desayuno bien.,"en recepción ninguno de los chicos habla español, era un poco difícil entenderse. pedimos con mi amiga para estar en la misma habitación y nos dijeron que no había disponibilidad, en mi habitación hubo una cama libre toda la estadía.",6.0,2025-11-15,muy bien
the river hostel,argentina,cama en habitación compartida mixta de 8 camas,3,persona que viaja sola,excepcional,"todo bien, el hostel estaba bueno, muy limpio y la gente que trabaja en la recepcion muy buena onda, sobretodo aitana",,10.0,2025-11-14,muy bien
the river hostel,chile,cama en habitación compartida mixta de 4 camas,1,persona que viaja sola,excepcional,la ubicacion y la atencion del personal. habitaciones limpias,,10.0,2025-11-11,muy bien
the river hostel,uruguay,litera en dormitorio compartido mixto con 10 camas,1,persona que viaja sola,excepcional,todo muy bien. el personal super atento. muy recomendable,,10.0,2025-11-11,muy bien
the river hostel,españa,litera en habitación compartida mixta de 12 camas,1,persona que viaja sola,si vas de fiesta está bien . si vas a descansar no,la ubicacion y el precio,las habitaciones no sirven para descansar . lugar si vas de fiesta cara de fiesta,1.0,2025-11-10,muy bien
the river hostel,chile,litera en una habitación compartida femenina,2,persona que viaja sola,una estancia tranquila y central,"muy bueno, limpio y tenía lavandería y muy buen desayuno muy central la gente muy respetuosa",que los baños no estuvieran cercanos a la habitación pero no es algo que reste el buen servicio y lo agradable que es,10.0,2025-11-05,muy bien
the river hostel,españa,litera en habitación compartida mixta de 12 camas,1,persona que viaja sola,lo mejor en relación calidad - precio,"las instalaciones y detalles como los de tener una plancha o hacer las literas como mas íntimas, además de que me pareció baratisimo. además de que por lo que cuesta, el desayuno esta muy bien y tiene zonas de ocio bastante bonitas y acogedoras","la cama : , dormí bastante incomoda y me desperté con mucho dolor de espalda, hombros y cuello",10.0,2025-11-04,muy bien
the river hostel,venezuela,cama en habitación compartida mixta de 6 camas,3,persona que viaja sola,"für eine nacht reicht es, wenn man nur auf der durchreise ist",la ubicación y el desayuno creo que es lo mejor y mas recomendable.,las camas son muy anticuadas y con dudosa calidad. los baños no tienen la higiene adecuada. la atención del personal dejo mucho que desear. quizás falta de interés o experiencia en el ámbito hostelero. las imagines que publican son sin duda muy diferentes a la realidad. la habitaciones no tiene todas las comodidades para el precio que cuestan.,5.0,2025-11-04,muy bien
the river hostel,argentina,litera en habitación compartida mixta de 12 camas,2,persona que viaja sola,pésimo,"la vista, es hermoso cara sonriendo con ojos de corazón","la falta de empatía, para la distribución de guespet",1.0,2025-10-29,muy bien
the river hostel,españa,litera en una habitación compartida femenina,2,persona que viaja sola,excepcional,relación calidad precio excepcional,,10.0,2025-10-27,muy bien
the river hostel,chile,litera en una habitación compartida femenina,1,persona que viaja sola,bien para una estancia breve,"la ubicación estaba muy bien! me toco una cama que no era litera en la ventana, por lo que tenía luz natural.","mi cama acaparaba toda la ventana, por lo que con las cortinas cerradas el resto de la habitación no tenía luz natural. el cajón tenía pésimo olor.",6.0,2025-10-16,muy bien
the river hostel,argentina,cama en habitación compartida mixta de 4 camas,4,persona que viaja sola,exelente ubicacion y servicios,el hostal es muy cómodo y acogedor. tiene de todo para tener una exelente estadia.,la 4.  planta puede ser muy calurosa durante el verano.,10.0,2025-10-11,muy bien
the river hostel,españa,litera en una habitación compartida femenina,1,persona que viaja sola,pésimo,k me echaron sin hacer nada un mal educado,k encima el dinero no me la devuelto pero lo conseguiré,1.0,2025-10-02,muy bien
the river hostel,méxico,litera en una habitación compartida femenina,4,persona que viaja sola,excepcional,"todo fue muy bueno, personal amable, buena ubicación, limpio",,10.0,2025-10-02,muy bien
the river hostel,argentina,cama en habitación compartida mixta de 4 camas,3,persona que viaja sola,excepcional,"las camas son muy cómodas, el desayuno cumple muy bien, la limpieza es impecable. y el staff es muy amable y predispuesto a ayudarnos sin problemas.",,10.0,2025-10-01,muy bien
the river hostel,honduras,litera en habitación compartida mixta de 12 camas,3,persona que viaja sola,agradable,localizacion,mucho ruido en los cuantos y pasillos a altas horas de la noche. no descanse nada,6.0,2025-09-25,muy bien
the river hostel,colombia,litera en habitación compartida mixta de 12 camas,2,persona que viaja sola,excepcional,la atención de las chicas fue excelente,,10.0,2025-09-24,muy bien
the river hostel,españa,litera en una habitación compartida femenina,1,persona que viaja sola,check in con 4h de espera,buena ubicación e instalaciones nuevas y bien cuidadas,"lo del check-in fue desesperante. 4h de cola, pero el problema no es que hubiera mucha gente  que también , es lo extremadamente lento que es su proceso  aunque hayas hecho el check-in online . no repetiría solo por este motivo. si no hacías el check-in ni siquiera podías dejar el equipaje para hacerlo mas tarde.",5.0,2025-09-24,muy bien
the river hostel,portugal,cama en habitación compartida mixta de 4 camas,2,persona que viaja sola,excelente,"la ubicación, la atención del personal, el orden y la limpieza",nada de que quejarme,10.0,2025-09-22,muy bien
the river hostel,argentina,litera en habitación compartida mixta de 12 camas,1,familia,a la gente le falta ser un poco más respetuosa a la hora de dormir en un hostel. no pegue con mi hermano un ojo en toda,ubicación,"no es realmente lo que muestra en fotos, le falta limpieza",6.0,2025-09-22,muy bien
the river hostel,italia,litera en dormitorio compartido mixto con 10 camas,1,persona que viaja sola,excepcional,actividades de ocio sin cargo y a mí me coincidió con el friday dinner free,,10.0,2025-09-22,muy bien
the river hostel,españa,litera en dormitorio compartido mixto con 10 camas,2,persona que viaja sola,recomendable 100 ,he visitado varias veces valencia y elijo este hoste la ubicación y la tranquilidad,el aire estaba un poco frío para mi gusto personal,10.0,2025-09-21,muy bien
the river hostel,argentina,litera en dormitorio compartido mixto con 10 camas,10,persona que viaja sola,super recomendable,"no me puedo quejar de nada, el personal , todos excelente, las instalaciones y la limpieza un 10, super recomiendo, subanles el sueldo a los trabajadores de ahí q son todos unos genios",,10.0,2025-09-20,muy bien
the river hostel,argentina,litera en una habitación compartida femenina,4,persona que viaja sola,agradable,,"el acceso a la habitación, no tomaba bien el código para acceder.",6.0,2025-09-20,muy bien
the river hostel,argentina,litera en una habitación compartida femenina,2,persona que viaja sola,excepcional,super completo para las necesidades de cualquier viaje . la atención excelente,,10.0,2025-09-14,muy bien
the river hostel,brasil,cama en habitación compartida mixta de 4 camas,1,persona que viaja sola,excepcional,"la atención del personal fue estupenda, la ubicación también.",el baño estaba un poco sucio,10.0,2025-09-12,muy bien
the river hostel,españa,litera en habitación compartida mixta de 12 camas,1,persona que viaja sola,preciso,"la atención ,atención muy rápida y educada . cerca del centro . limpieza",,10.0,2025-09-10,muy bien
the river hostel,uruguay,litera en habitación compartida mixta de 12 camas,2,persona que viaja sola,"ubicación y repides en atención cuando llegue habíaisgente que llegaron antes que yo , yo teniendo pronto el check-in de",rápido el check-in con app que ellos,,10.0,2025-09-09,muy bien
the river hostel,españa,litera en habitación compartida mixta de 12 camas,2,persona que viaja sola,excepcional,"las chicas que me atendieron muy majas, logre dejar la maleta antes del check in y me vino genial ya que había llegado demasiado pronto. hay mucha limpieza y la infraestructura del lugar bien mantenido.",,10.0,2025-09-05,muy bien
the river hostel,guatemala,litera en habitación compartida mixta de 12 camas,4,persona que viaja sola,magnífico para el precio. gran ubicación y servicio,"muy buenas las instalaciones. excelente la ubicación. los servicios como pub crawl y walkin tour son buenos. el desayuno es simple, pan, jamón queso, huevos duros, cereales, café, leche. te puedes llenar, pero no es la gran cosa. muy cómodo para estar",la cama ya se sentía muy usada. el desayuno estaba muy sencillo para mi gusto.,10.0,2025-09-04,muy bien
the river hostel,argentina,litera en dormitorio compartido mixto con 10 camas,3,persona que viaja sola,aceptable,la ubicación e internet,"mucho calor, un aire y dos ventiladores qué estaban todos sucios no alcanzan para refrigerar la habitacion donde duermen10 personas, la cocina no tiene ventilación se sienten todos los olores de lo que cocinan y el comedor además de sucio hace mucho calor!",5.0,2025-09-04,muy bien
the river hostel,españa,cama en habitación compartida mixta de 4 camas,2,persona que viaja sola,volveré,"zonas comunes, baños, ubicación, habitación","clientes no tiran basura de mesas ,no separan desperdicios para reciclar y ni limpian objetos usados",10.0,2025-09-02,muy bien
the river hostel,españa,litera en habitación compartida mixta de 12 camas,1,persona que viaja sola,excepcional,"limpio, el staff muy atento, amiable, servicial. las installations están bien adecuadas, tienen buen espacio para hacer coworking y ofrecen actividades para hacer amigos. las camas son limpias y tienen cortina para más privacidad","deberían tener un rango de edades más definido, pues se veía gente muy joven y alguna gente en la edad adulta, por lo que sería más cómodo y agradable estar con gente de la misma edad, también deberían tener un control en el tipo de personas las cuales sería hospedan  que sean limpias, pulcras, respetuosas, etc ",10.0,2025-09-01,muy bien
the river hostel,españa,litera en habitación compartida mixta de 12 camas,2,persona que viaja sola,decepcionante,,no es limpio . hay hormigas suciedad,4.0,2025-08-30,muy bien
the river hostel,españa,litera en una habitación compartida femenina,1,persona que viaja sola,excepcional,"todo limpio, cama duchas banos. bueno desayuno. gente ayuda en recepción, feliz",huéspedes más problemas no limpiar cocina o mesas. deca mal,10.0,2025-08-29,muy bien
the river hostel,españa,litera en una habitación compartida femenina,6,persona que viaja sola,"estancia cómoda y práctica, ideal para conocer valencia","estaba cerca de centro histórico. el colchón era cómodo. tanto las habitaciones como el servicio estaban limpios. en general, del hostel no tengo queja.","en algunas ocasiones se escuchaban ronquidos, aunque es algo normal en un hostel. en el desayuno buffet me faltó variedad: tortilla, salchichas, beicon y lonchas de jamón. para ir caminando al oceanogràfic y al bioparc la distancia se hace algo larga. sin embargo, el hostel quedaba en una ubicación intermedia, ya que el bioparc estaba hacia la derecha y el oceanogràfic hacia la izquierda al salir del hostel.. para llegar a la playa es necesario coger el bus.",10.0,2025-08-29,muy bien
the river hostel,españa,cama en habitación compartida mixta de 4 camas,1,pareja,mal servicio pero buenas instalaciones,las instalaciones y la comodidad de la habitación,el personal del hotel y el servicio son horribles,5.0,2025-08-27,muy bien
the river hostel,ecuador,litera en habitación compartida mixta de 12 camas,2,persona que viaja sola,excepcional,hay privacidad aunque sea compartido. las duchas son separadas de los inodoros,falta más espacio para guardar maletas grandes,10.0,2025-08-25,muy bien
the river hostel,chile,litera en habitación compartida mixta de 12 camas,1,persona que viaja sola,excepcional,"la ubicacion muy centrica, la atencion del personal siempre muy atento, las instalaciones y baños siempre muy limpios,, hay una cafeteria, recepcion 24 horas, puedes pagar adicional el desayuno que conviene hacerlo porque tienes resuelto ese tema por poco dinero, en resumen muy buena experiencia y una super opcion en relacion calidad-precio. muy recomendable",,10.0,2025-08-24,muy bien
the river hostel,españa,litera en habitación compartida mixta de 12 camas,1,persona que viaja sola,excepcional,maravillosa experiencia todo muy bien y limpio gracias confortable estadia,,10.0,2025-08-22,muy bien
the river hostel,españa,cama en habitación compartida mixta de 4 camas,2,persona que viaja sola,excepcional,me gusto mucho 2 años después en el mismo hostel distinto habitación,iba comprar algo para beber en una maquina emprendedora pero no funcionaba,10.0,2025-08-21,muy bien
the river hostel,argentina,litera en dormitorio compartido mixto con 10 camas,2,persona que viaja sola,magnífico,te dan toalla gratis. no todos ofrecen ese servicio,,10.0,2025-08-19,muy bien
the river hostel,españa,litera en habitación compartida mixta de 12 camas,1,persona que viaja sola,excepcional,"precio, ubicación para lo que necesitaba",,10.0,2025-08-18,muy bien
the river hostel,argentina,cama en habitación compartida mixta de 4 camas,4,pareja,muy recomendable!,"excelente ubicación, la limpieza es para destacar, la climatización es muy buena, las camas son cómodas y está muy bien equipado. todos los días hay actividades y el espacio común ayuda a la integración. por último, los chicos del staff son muy amables y atentos.",falta algo de mantenimiento y el ascensor es más lento que patada de astronauta,10.0,2025-08-17,muy bien
the river hostel,españa,litera en dormitorio compartido mixto con 10 camas,7,persona que viaja sola,en el futuro buscaré otras opciones,el personal muy amable,"baños sucios, cocina sucia, otros pasajeros muy sucios y ruidosos",5.0,2025-08-15,muy bien
the river hostel,españa,litera en una habitación compartida femenina,2,persona que viaja sola,perfecta relación calidad precio,la limpieza impecable. perfecta relación calidad precio. baños grandes y cómodos. la cama es súper cómoda.,el personal de la recepción podría ser más amable.,10.0,2025-08-12,muy bien
the river hostel,portugal,litera en habitación compartida mixta de 12 camas,2,persona que viaja sola,excelente,"me gusto mucho el lugar muy cómodo, bien ubicado, siempre limpio 100  recomendado... volveré seguro a este lugar! gracias por todo!",,10.0,2025-08-08,muy bien
the river hostel,colombia,litera en habitación compartida mixta de 12 camas,2,persona que viaja sola,excepcional,la atención y la ubicación,,10.0,2025-08-05,muy bien
the river hostel,españa,litera en habitación compartida mixta de 12 camas,4,pareja,regular,buena ubicación. desayuno bueno.,"estamos en españa y se hablaba inglés. en varias ocasiones tuve que usar traductor para comunicarme con recepción. me parece increíble. mucho ruido incluso a horas prohibidas en las habitaciones. la gente no respeta, haciendo y deshaciendo maletas en la madrugada. nadie controlaba eso.",6.0,2025-08-05,muy bien
the river hostel,españa,litera en habitación compartida mixta de 12 camas,1,persona que viaja sola,excepcional,hospitalidad y todo limpio,,10.0,2025-08-04,muy bien
the river hostel,colombia,cama en habitación compartida mixta de 8 camas,2,persona que viaja sola,agradable,"buena ubicaciòn, se ofrecìan varias actividades. eran serviciales los empleados.",el colchon no era muy bueno.,6.0,2025-08-04,muy bien
the river hostel,españa,litera en habitación compartida mixta de 12 camas,1,persona que viaja sola,excepcional,la amabilidad del personal,,10.0,2025-08-02,muy bien
the river hostel,argentina,litera en habitación compartida mixta de 12 camas,4,persona que viaja sola,malísima,,las camas no son cómodas y yo tengo ataques de pánico diagnosticada y me metieron en una cucheta horrible no podía respirar. el olor que había en las habitaciones era feo. eso se debe a la falta de higiene de las personas.,3.0,2025-07-31,muy bien
the river hostel,españa,litera en una habitación compartida femenina,1,persona que viaja sola,excepcional,"instalación, trato, servicio",,10.0,2025-07-31,muy bien
the river hostel,república dominicana,litera en habitación compartida mixta de 12 camas,2,persona que viaja sola,excepcional,buena ubicación y muy cómodo,,10.0,2025-07-31,muy bien
the river hostel,venezuela,cama en habitación compartida mixta de 4 camas,1,persona que viaja sola,muy bien!,me gustó la atención y las comodidades del mismo! su ubicación es bastante buena!,,10.0,2025-07-23,muy bien
the river hostel,españa,litera en habitación compartida mixta de 12 camas,1,persona que viaja sola,excepcional,todo me gustó es un lugar cómodo y bueno en las áreas de cocina y salón de descanso,el material de las camas por qué es de metal y para pisarlo y subir a la planta de arriba duele el pie al subir,10.0,2025-07-22,muy bien
the river hostel,argentina,litera en habitación compartida mixta de 12 camas,2,grupo,excepcional,la habitación muy buena y la ubicación perfecta.,,10.0,2025-07-17,muy bien
the river hostel,argentina,litera en habitación compartida mixta de 12 camas,4,persona que viaja sola,no lo recomiendo para nada,el colchón estaba bien,"los baños siempre están sucios, en especial las duchas. escuché decir a una chica de limpieza a otra que no cambian las fundas de los colchones a menos que estén muy manchadas, osea que te acostas en la misma funda que otras personas sin que las laven! el desayuno era muy reducido, no me agradó. el aire acondicionado no funciona prácticamente, hace demasiado calor y además que lo apagan no funciona correctamente por qué no enfría. muy incómodo",2.0,2025-07-14,muy bien
the river hostel,españa,litera en dormitorio compartido mixto con 10 camas,2,persona que viaja sola,comodidad,el hostel me encanto. tanto los baños como las habitaciones son cómodos y están limpios. brindan actividades durante la estadía que para sumarse están buenas. también a veces hay cenas compartidas entre todos. el ambiente en común tiene mucha onda y para pasar el rato es muy agradable.,,10.0,2025-07-08,muy bien
the river hostel,españa,cama en habitación compartida mixta de 4 camas,2,persona que viaja sola,excepcional,"todo muy limpio, camas cómodas y taquillas en la habitación. personal muy simpático.",,10.0,2025-07-04,muy bien
the river hostel,colombia,litera en habitación compartida mixta de 12 camas,1,persona que viaja sola,excepcional,ubicación,i nstalaciones un poco detetioradas,10.0,2025-07-04,muy bien
the river hostel,argentina,cama en habitación compartida mixta de 8 camas,1,persona que viaja sola,viajo sola,lo bueno es que las camas son amplias el desayuno estuvo relativamente estándar acordé al precio,la ubicación no queda tan en zona céntrica los aires acondicionados no funcionan,4.0,2025-06-30,muy bien
the river hostel,reino unido,litera en habitación compartida mixta de 12 camas,2,persona que viaja sola,personal encantador,"lo mejor de este hostel, y con mucha diferencia es el trato de las personas que trabajan en recepción. especialmente aitana. atenta, resolutiva, siempre con una sonrisa, y muy agradable. me ayudó en todo momento. los jefes y jefas deberían subirle el sueldo. muchísimas gracias! el alojamiento muy bien ubicado, pero si vas en verano, deberían poner el aire acondicionado un poco más! hay ventiladores que te salvan algo. volvería a repetir ahí otra vez, por el trato recibido!",,10.0,2025-06-30,muy bien
the river hostel,colombia,litera en habitación compartida mixta de 12 camas,3,persona que viaja sola,excelente,"excelente ubicación, puedes llegar caminando a casi todos los sitios de interés cercanos y hay una parada de autobus a pocos metros. muchas áreas comunes y excelente ambiente en el lugar.",,10.0,2025-06-29,muy bien
the river hostel,españa,litera en habitación compartida mixta de 12 camas,1,persona que viaja sola,agradable,"los muy buenos baños, la cama y el desayuno",se escuchaba mucho el ruido de la calle y mis compañeros de habitación estaban a los gritos y no existía ningun control sobre eso,6.0,2025-06-28,muy bien
the river hostel,chile,litera en dormitorio compartido mixto con 10 camas,2,persona que viaja sola,aceptable solamente por la ubicación,la ubicación,"las camas poco cómodas y había de vez en cuando personal de recepción que solo hablaba inglés. esto para una persona que pretende viajar por españa porque no domina el inglés, y le toque en recepción gente que no habla español es fatal",5.0,2025-06-27,muy bien
the river hostel,chile,litera en habitación compartida mixta de 12 camas,4,pareja,malo,grande y buena ubicacion,"sobrepoblado y caro para la baja calidad, mucho ruido y no puedes trabajar en la noche porque cierran el sector comun",5.0,2025-06-27,muy bien
the river hostel,chile,litera en habitación compartida mixta de 12 camas,1,persona que viaja sola,para recomendar y regresar.. genial.,"es muy cómodo .. la ubicación genial, muy cerca de la catedral.. cama cómoda con cortina, luz y enchufe, lockers grande. el baño quedaba en el mismo piso solo un poco lejos de la habitación aunque era realmente cómodo.. amplio, privado, limpio, duchas suficientes con lugar para dejar y colgar cosas, secador de pelo. el desayuno rico, completo y a buen precio. el personal muy amable, con guardaequipaje antes del check in y después del check out.",no puedo pensar en algo que no me gustó.,10.0,2025-06-26,muy bien
the river hostel,españa,litera en dormitorio compartido mixto con 10 camas,2,persona que viaja sola,los hostel no son para mí,lo único que me gustó fueron las zonas comunes para teletrabajar.,"las escaleras de la litera me hacían doler los pies y prácticamente tenía que saltar desde arriba para bajarme. el aire acondicionado estaba puesto a tope y me moría de frio y solo encontré una sabana delgada para taparme y cuando fui a recepción dijeron que apagarían el aire porque no tenían nada más grueso para abrigar. la cama olía un poco a sudor, pero se notaba que estaba impecable la ropa de cama. había un concierto en el parque del frente y se escuchaba todo dentro de la habitación y me costó dormir.",5.0,2025-06-25,muy bien
the river hostel,colombia,litera en habitación compartida mixta de 12 camas,1,persona que viaja sola,excepcional,"los chicos de recepción soy muy colaboradores y con muy buena energía realmente tiene vibra hostelera el hostal cuenta con buenas instalaciones lastimosamente solo me quede una noche pero vi que tenían actividades,espero visitarlos nuevamente",todo bien,10.0,2025-06-24,muy bien
the river hostel,españa,litera en habitación compartida mixta de 12 camas,2,persona que viaja sola,excepcional,la ubicación y el desayuno,todo muy bien,10.0,2025-06-23,muy bien
the river hostel,españa,litera en habitación compartida mixta de 12 camas,1,grupo,agradable,esta bien situado.,en la habitación el aire acondicionado estaba super fuerte y he pasado frio,6.0,2025-06-21,muy bien
the river hostel,ecuador,cama en habitación compartida mixta de 4 camas,1,familia,excelente,me gustó todo el sitio es súper agradable y el personal y las instalaciones y todo genial podría dar una idea colocar mejor las señales para hombres y mujeres es lo único no se diferencia bien y los hombres se confunden,todo estuvo bien,10.0,2025-06-21,muy bien
the river hostel,argentina,litera en habitación compartida mixta de 12 camas,2,persona que viaja sola,excelente,"estaba súper limpio todo, y la cama era muy cómoda, el desayuno mega completo para el precio que era.",me gustó todo,10.0,2025-06-21,muy bien
the river hostel,argentina,litera en dormitorio compartido mixto con 10 camas,1,persona que viaja sola,satisfecho,"las chicas de recepción que hablan español, muy predispuestas",que solo había dos chicas que hablaban español.. pero es un dato menor,10.0,2025-06-20,muy bien
the river hostel,colombia,cama en habitación compartida mixta de 6 camas,2,persona que viaja sola,muy recomendado,"este hostal fue uno de los mejores que probé en valencia. está bien ubicado, las a reas de trabajo son cómodas, los baños también y el desayuno, por el precio, vale mucho la pena.","bueno, el ascensor hace un ruido muy fuerte lo cual me resultó un poco atemorizante.",10.0,2025-06-18,muy bien
the river hostel,argentina,litera en una habitación compartida femenina,2,persona que viaja sola,excepcional,habitaciones silenciosas aunque sean de muchas personas. camas comodas con privacidad. los baños estaban bien. las instalaciones y lugares comunes eran agradables. la ubicación muy buena.,,10.0,2025-06-18,muy bien
the river hostel,argentina,litera en habitación compartida mixta de 12 camas,1,persona que viaja sola,gran ubicación y limpieza!,el personal muy amable y la limpieza excepcional. no podía estar mejor ubicado!,,10.0,2025-06-17,muy bien
the river hostel,españa,litera en dormitorio compartido mixto con 10 camas,1,persona que viaja sola,alba,"alba, un pasaje de seguridad en un viaje de incertidumbre, resuelve más que los diputados de la unión europea, que barbaridad de trabajadora!!!! hace de una estancia, un pasaje cómodo","aire acondicionado puesto, pero hay que apretarlo un poco",10.0,2025-06-13,muy bien
the river hostel,españa,litera en habitación compartida mixta de 12 camas,2,persona que viaja sola,excepcional,"me gustó mucho el desayuno para lo que cuesta, la única sugerencia que podría es que deberían de variar las frutas a diario","si se podría decir que no me gustó mucho fue que vi mucho personal del hostal que hablan inglés y nada de castellano, no digo que este mal porque los chicos eran muy majos pero si están en españa deberían de hacer el esfuerzo de aprender un poco el idioma por lo menos para entender a los huéspedes de habla hispana, lo digo con propia voz ya que trabajo en la hostelería y no soy bilingüe y todos los días aprendo cositas nuevas para entender las necesidades de los huéspedes de habla inglés.  está crítica es constructiva no es de mala manera ya que me gustan los sitios como este hostal que tenga mucha diversidad cultural y he dejado mi mejor valoración porque me gustó mucho  también me disculpo ante mano si los chicos llevan poco tiempo en el país.",10.0,2025-06-10,muy bien
the river hostel,españa,litera en habitación compartida mixta de 12 camas,1,persona que viaja sola,excepcional,"el ambiente era muy bueno. las instalaciones estaban muy limpias. muy buena ubicación, cerca de transporte público y no muy lejos andando del centro.",todo estaba genial.,10.0,2025-06-09,muy bien
the river hostel,malta,litera en habitación compartida mixta de 12 camas,2,persona que viaja sola,excepcional,recomendado al 100 . el personal de recepción y la limpieza muy amables,,10.0,2025-06-07,muy bien
the river hostel,malta,litera en habitación compartida mixta de 12 camas,3,persona que viaja sola,excepcional,"todo estuvo genial, el personal muy amable, el desayuno variado, la limpieza excelente y la ubicación muy buena",,10.0,2025-06-07,muy bien
the river hostel,méxico,litera en habitación compartida mixta de 12 camas,1,persona que viaja sola,excepcional,es un lugar que te sientes cómod  y el lugar es muy bueno. el.ambiente es agradable. mi experiencia fue muy grata. vuelvo siempre.,,10.0,2025-06-07,muy bien
the river hostel,españa,litera en una habitación compartida femenina,1,persona que viaja sola,excepcional,me facilitaron y ayudaron con un problema. al tener 24 horas recepción el lugar es silencioso y sin jaleos nocturno. el desayuno bufet merece la pena. limpio y céntrico.,,10.0,2025-06-06,muy bien
the river hostel,argentina,litera en habitación compartida mixta de 12 camas,2,persona que viaja sola,muy bueno,"el desayuno super completo, los baños y las camas muy comodas. las instalaciones muy buenas. el personal super simpático. tiene ascensor",,10.0,2025-06-05,muy bien
the river hostel,españa,cama en habitación compartida mixta de 6 camas,1,persona que viaja sola,buena calidad relación calidad precio,atención del personal. muy limpio todo.,,10.0,2025-06-03,muy bien
the river hostel,italia,litera en habitación compartida mixta de 12 camas,1,familia,súper recomendable,la ubicación es excelente. justo fuimos un día que invitaban la cena y estaba muy rica.,,10.0,2025-06-03,muy bien
the river hostel,rumanía,litera en habitación compartida mixta de 12 camas,8,persona que viaja sola,excepcional,"fie maravilloso,todo limpio y un personal muy amabile...","el ruido de el are condicionado no te dejaba dormir,es una problema que necesita ser solucionada pero es unor de los mejores hosteles...",10.0,2025-05-31,muy bien
the river hostel,argentina,cama en habitación compartida mixta de 4 camas,2,persona que viaja sola,excepcional,"muy limpio todo. el desayuno, se paga aparte, pero es muy bueno y barato. ofrecen toallas y candado por un costo adicional que te devuelven al hacer checkout. muy recomendable.",,10.0,2025-05-29,muy bien
the river hostel,españa,litera en habitación compartida mixta de 12 camas,1,persona que viaja sola,excepcional,"muy limpio, cómodo y el personal muy amable. aunque tengas que hacer el check out a las 11 dejan tener las maletas gratis allí todo el día lo que es un gran punto positivo.",como las ventanas están abiertas se oía mucho el ruido de la calle y costaba un poco dormir. por otra parte es entendible que las dejaran así porque hacía calor y es una habitación con mucha gente.,10.0,2025-05-29,muy bien
the river hostel,españa,litera en habitación compartida mixta de 12 camas,1,persona que viaja sola,excepcional,el personal es muy amable y las instalaciones son estupendas...,,10.0,2025-05-27,muy bien
the river hostel,chile,litera en dormitorio compartido mixto con 10 camas,5,persona que viaja sola,excepcional,"la ubicación es buenísima, las instalaciones cumples con lo que dice en su descripción, el personal es muy amable. el desayuno 10 10",,10.0,2025-05-25,muy bien
the river hostel,españa,litera en habitación compartida mixta de 12 camas,1,persona que viaja sola,,,,6.0,2025-05-22,muy bien
the river hostel,españa,litera en habitación compartida mixta de 12 camas,2,persona que viaja sola,agradable,la habitación super pequeña para 10 camas.incomoda,"la habitación nada , las camas muy viejas",6.0,2025-05-18,muy bien
the river hostel,españa,litera en habitación compartida mixta de 12 camas,1,persona que viaja sola,pésimo,"la atencion de las chicas y chicos de recepcion, muy simpaticos, se agradece. en cambio un 0 para ana la manager, despues de 12 dias pague 1 dia mas por 50 euros y descuento de genius. y a la hora me llaman del hospital para operarme, y nego hacerme el rermbolso... con booking siempre bien, han echo todo lo posible para reembolsarme pero tamcopo lograron contactar. fatal con la direccion y  ana la manager  si no hablan ingles no os lo recomiendo todo esta en ingles y el 9 de cada diez solo hablan ingles. estos dias a estado al 50   de ingleses y 50  de marroquies, imposible dormir por las noches, las habitacion son de 12 personas y con suerte de 10. saludos corazón verde",ana la manager. y la direecion. es un hostal en españa solo para extranjeros.,1.0,2025-05-14,muy bien
the river hostel,españa,cama en habitación compartida mixta de 8 camas,2,persona que viaja sola,revlamacion ana manager.,el personal de recepcion chicos y chicas y el personal de mantenimio un 10.,"la managee  ana  se niega a reembolsable la reverva echa ayer de un dia mas 44,36 euros. sabiendo que tengo ingreso en el hospital clinico por operacion. con booquin ningun problema, ofrecen devolucion como otras veces por ser justicacion hospital. sin embargo ka señora ana  los apellidos no me los dan, se niega al reembolso. presento hoja de reclamaciones en consumo de cosejeria valencia. ana manager un  0 ",10.0,2025-05-13,muy bien
the river hostel,españa,litera en habitación compartida mixta de 12 camas,2,persona que viaja sola,excelente,"mucho ambiente, personal muy amable y en general es un hostal de gente joven. había secadores y plancha del pelo en los baños, desayuno muy variado, el colchón era muy cómodo",quizás las ventanas no aíslan mucho el ruido de afuera,10.0,2025-05-10,muy bien
the river hostel,españa,litera en habitación compartida mixta de 12 camas,2,persona que viaja sola,excepcional,la atencion la limpieza las recepcionistas son super majas me dan cafe gratis ; ,,10.0,2025-05-09,muy bien
the river hostel,argentina,litera en habitación compartida mixta de 12 camas,3,persona que viaja sola,excepcional,,estaría bueno que cuando se haga el check-in le recuerden a las personas que deben respetar no hacer tanto ruido en horas de sueño el resto bárbaro,10.0,2025-05-05,muy bien
the river hostel,españa,litera en una habitación compartida femenina,4,persona que viaja sola,excepcional,"todo nuevo , muy silencioso,buen desayuno.","me tocó litera superior,incomoda de subir tendría que ser más ancha la escalera y tener donde sujetarse mejor.",10.0,2025-05-05,muy bien
the river hostel,argentina,litera en una habitación compartida femenina,2,persona que viaja sola,"pésimo, no lo recomiendo",,"la atención muy mala, muy desorganizado y no entienden cuando les preguntas algo hablando en español. reservé una habitación femenina y me pusieron en una con 4 hombres",1.0,2025-04-27,muy bien
the river hostel,chile,cama en habitación compartida mixta de 8 camas,1,grupo,genial y buena experiencia.,"los baños muy limpios! y la ubicación es perfecta, frente al jardín de turia y muy cerca de bares y el centro",,10.0,2025-04-25,muy bien
the river hostel,españa,litera en dormitorio compartido mixto con 10 camas,1,persona que viaja sola,hospedaje con las tres b,"me gustó desde la entrada , la atención en recepción el sistema de seguridad para acceder a la habitación, los baños que es tan importante muy limpio olía muy rico y son cómodos",,10.0,2025-04-23,muy bien
the river hostel,españa,litera en dormitorio compartido mixto con 10 camas,7,persona que viaja sola,excepcional,el ambiente del hostel es excepcional. para conocer gente y hacer amigos es el lugar idóneo. hice muchos amigos y lo pasé muy bien!,,10.0,2025-04-19,muy bien
the river hostel,argentina,litera en dormitorio compartido mixto con 10 camas,1,persona que viaja sola,excepcional,el personal son personas con un hermoso carisma.,,10.0,2025-04-17,muy bien
the river hostel,españa,litera en habitación compartida mixta de 12 camas,2,persona que viaja sola,excepcional,saludos noes la primera vez que alojó en hotel siempre vengo ay mejoras que son de agradecer por ejemplo las puertas de las abitaciones tienen código de acceso y lo mejor que cortinas en camarote respectando tu intimidad para mí fue un lujo para dormir . sin ceramente estos días hubo respecto consideración con los ruidos .lajente casi no hacía ruidos o molestias alguna es de agradecer por el descanso del sueño. agradezco el cariño y respecto del personal muy amables y atentos les doy un 10 me llevo un buen recuerdo  volveré!,no tengo ninguna incidencia en este apartado,10.0,2025-04-15,muy bien
the river hostel,argentina,litera en dormitorio compartido mixto con 10 camas,6,persona que viaja sola,el mejor hostel que estuve...,"me gustó mucho la ubicación. además la habitación era cómoda, segura y limpia.",,10.0,2025-04-14,muy bien
the river hostel,españa,litera en habitación compartida mixta de 12 camas,1,persona que viaja sola,es caro.,"viajé sola y compartí una habitación mixta de 6 personas. lo que más me ha gustado ha sido: la comodidad del colchón de las literas, de la almohada y de las sábanas  así como que en cada cama haya una cortinita para tener mayor intimidad. también me ha gustado que para acceder a la habitación necesites una código, la limpieza de los baños era excelente y te dejan guardar tu equipaje una vez has hecho el check-out. por otra parte, lo que no me ha gustado, es que te cobren 5  extra  no reembolsable  por darte un candado para guardar tus cosas en un cajón, que el cajón que te asignen tenga la cerradura rota  y aún siendo conscientes, te lo asignen y no lo arreglen  por tanto, se queda abierto. tampoco me ha gustado que todo el personal no sabe hablar español y si eres de aquí no puedas comunicarte con ellos as. el precio de la cama  sólo una noche de viernes, habitación de 6 personas mixta, con baño exterior a la habitación  30    5  por un candado para guardar tus cosas. me parece un precio bastante excesivo.",,6.0,2025-04-13,muy bien
the river hostel,colombia,litera en dormitorio compartido mixto con 10 camas,3,persona que viaja sola,opción acertada,es muy limpio muy amables la comida rica,,10.0,2025-04-11,muy bien
the river hostel,españa,litera en habitación compartida mixta de 12 camas,1,persona que viaja sola,excepcional,"una experiencia excelente, el personal amable, atento y resolutivo. el desayuno es muy bueno, de buffet, abundante y variado. si. duda repetiré en próximos viajes. después del check out, te guardan el equipaje de manera gratuita.",,10.0,2025-04-09,muy bien
the river hostel,colombia,litera en dormitorio compartido mixto con 10 camas,1,persona que viaja sola,muy buen desayuno y la mejor relación calidad-precio,"la ubicación del hostal es excelente, muy cerca a sitios de interés y a las paradas de autobús. perfecto para conocer valencia. una moción especial para el desayuno tipo buffet, muy completo y la mejor relación calidad-precio. el personal muy atento y amable.",,10.0,2025-04-07,muy bien
the river hostel,colombia,litera en una habitación compartida femenina,3,persona que viaja sola,muy bueno,"buen desayuno, excelente ubicación cerca al centro histórico y muy buena conexión de transporte",,10.0,2025-04-04,muy bien
the river hostel,chile,litera en habitación compartida mixta de 12 camas,1,persona que viaja sola,de lujo!,"todo bueno, ha sido el mejor lugar con camas compartidas en el que me he quedado.",,10.0,2025-04-02,muy bien
the river hostel,argentina,litera en dormitorio compartido mixto con 10 camas,2,persona que viaja sola,excepcional,el orden. las reglas. el respeto. el lugar. las cercaniasss,,10.0,2025-04-01,muy bien
the river hostel,argentina,litera en habitación compartida mixta de 12 camas,1,pareja,excepcional,"la ubicación es increíble, los baños super limpios y cómodos, el personal super amable",,10.0,2025-03-31,muy bien
the river hostel,argentina,litera en dormitorio compartido mixto con 10 camas,1,persona que viaja sola,excepcional,la atención por parte del personal,,10.0,2025-03-31,muy bien
the river hostel,españa,litera en una habitación compartida femenina,1,persona que viaja sola,sin palabras ...,no me gustó que llamé por teléfono y envié un correo electrónico para preguntar unas dudas y nadie me contestó ni a la llamada ni al correo electrónico,,5.0,2025-03-30,muy bien
the river hostel,españa,cama en habitación compartida mixta de 4 camas,1,persona que viaja sola,genial,"no sé si es porque han cambiado de dueños o que pero es la vez que mejor he visto este hostal. trabajadores amables, todo súper limpio, la wifi rápida.",,10.0,2025-03-26,muy bien
the river hostel,españa,litera en dormitorio compartido mixto con 10 camas,3,persona que viaja sola,excepcional,"todo está muy bien, la ubicación, la litera, la limpieza, el personal. para los que vamos con coche, se aparca muy bien en la avenida de la alameda, justo cruzando el puente.",,10.0,2025-03-25,muy bien
the river hostel,españa,litera en dormitorio compartido mixto con 10 camas,2,persona que viaja sola,"amabilidad, buen precio y cerca a todo","de llegada la ubicación cerca a locales de interes   farmacias, teatros, restaurantes, supermercados y muchos garitos para disfrutar de tu estancia en valencia  el ckeck in es una maravilla y el trato amable del personal es de resaltar, todos super majos, incluyendo al que se encuentra en las noches eso del guarda equipajes antes del check   in o posterior al check out un puntazo. las instalaciones en general son super diáfanas limpias y organizadas. cuenta con una zona bastante amplia y una cocina con todo lo que necesites igualmente super espaciosa y con todos los utensilios de cocina que puedas necesitar las habitaciones super cómodas y con cortinas en cada cama que te da un poco de privacidad, muy luminosas y con vistas a la calle.","no es culpa del hostal, es de los usuarios que no sabe ser limpios y dejan los baños, la cocina y la zona de comidas totalmente asquerosos aunque los limpian con regularidad... se que eso se sale de las posibilidades del hostal y mira que hay carteles por todos lados recordándole",10.0,2025-03-20,muy bien
the river hostel,españa,litera en una habitación compartida femenina,3,persona que viaja sola,"buen lugar , cómodo, limpio y seguro","buen ambiente, gente de edades variadas  todo limpio y correcto",,10.0,2025-03-18,muy bien
the river hostel,españa,litera en dormitorio compartido mixto con 10 camas,2,persona que viaja sola,genial,ubicación y instalación,,10.0,2025-03-12,muy bien
the river hostel,españa,litera en habitación compartida mixta de 12 camas,3,persona que viaja sola,genial,instalaciones y ubicación,,10.0,2025-03-12,muy bien
the river hostel,argentina,litera en habitación compartida mixta de 12 camas,3,persona que viaja sola,excelente,la ubicación muy buena a una parada de bus a pocos metros . las camas muy cómodas y limpias.,"me gusto todo, en recepción fueron super atentos a mis consultas. muy flexibles.",10.0,2025-03-12,muy bien
the river hostel,españa,cama en habitación compartida mixta de 4 camas,3,persona que viaja sola,buena ubicación y camas de madera cómodas,"la ubicación es muy buena, está bastante limpio y buena conexión con centro tren bus.",la comunicación con los clientes.,5.0,2025-03-11,muy bien
the river hostel,españa,cama en habitación compartida mixta de 6 camas,2,persona que viaja sola,"calidad precio y ubicación buenas. gestión sin ganas de trabajar, recepción son majos.",la ubicación y las camas son muy cómodas,"la gestión. al llegar me dijeron que no tenía reserva, ya me ha pasado en otras ocasiones en el mismo hostel.",5.0,2025-03-11,muy bien
the river hostel,españa,litera en una habitación compartida femenina,2,persona que viaja sola,cómodo y limpio,.me robaron la comida y me invitaron a desayunar !la recepcionista fue muy simpática,"en los cuartos no había cuarto de baño , estaban lejos",10.0,2025-03-11,muy bien
the river hostel,españa,litera en habitación compartida mixta de 12 camas,2,persona que viaja sola,"incómodo, inhóspito y trato desagradable",,"la limpieza podría ser mejor. las camas eran incómodas y las almohadas eran duras como piedras. las instalaciones viejas y deterioradas. todo estaba lleno de guiris y nadie del personal del alojamiento  repito nadie  hablaba español pese a estar en valencia. el trato por parte del personal era desagradable y dejaba mucho que desear. en definitiva, un lugar incómodo del que solo puedes desear querer salir.",4.0,2025-03-10,muy bien
the river hostel,españa,litera en habitación compartida mixta de 12 camas,1,persona que viaja sola,agradable,la literas muy comodas,está algo viejo pero bien,6.0,2025-03-09,muy bien
the river hostel,españa,litera en habitación compartida mixta de 12 camas,1,persona que viaja sola,"si queréis un campamento de colegio ir sino evitar este sitio a toda costa, y cortinas no tapan cama",la ubicación y lo único,"el personal súper desagradable con mi chico pese a haber zonas comunes no lo dejaron pasar y lo abordaron con una porra por no saberse mi número de habitación cosa obvia.. no sabía que eso era como una cárcel y que una no puede llevar a una zona común de sofases a su chico si acaba f aterrizar son las 2 d la mañana y a las 7 coge otro vuelo que obviamente perdí para poder estar con el y cuyo beneficio fue para el hostel ya que contrate un día más, día por cierto en el que deje una batería extraíble esencial para mi viaje y al pasar limpieza desapareció junto mi cargador de 40aw y a lo que ni responden por whatssap o dicen 2 días después ke acban d mirar en la habitación y que ahí no está.. hola??? tuve que vagabundear por el río toda la madrugada con mi chico para pagar los un día más y que me desaparicieran cosas... totalmente nefasto parece un campamento de verano sin monitor u uno con porra que ahuyenta a tus seres queridos en el que todo el rato tienes presente estar eso en un albergue del colegio en fin no tireis el dinero chicos hay hostel muchos mejores con mucha más humanidad y dignidad. ojalá hubiera leído yo esto de alguien",1.0,2025-03-08,muy bien
the river hostel,españa,litera en una habitación compartida femenina,2,persona que viaja sola,excepcional,todo bien,,10.0,2025-03-08,muy bien
the river hostel,españa,litera en habitación compartida mixta de 12 camas,2,familia,excepcional,excelente atención del personal!,,10.0,2025-03-07,muy bien
the river hostel,españa,litera en dormitorio compartido mixto con 10 camas,1,persona que viaja sola,decepcionante,intento entrar un amigo a verme y sallio el de recepción con una porra,me deje un cargador y una batería externa y allí decían ke no había nada,4.0,2025-03-05,muy bien
the river hostel,españa,litera en habitación compartida mixta de 12 camas,7,persona que viaja sola,agradable,"un buen lugar para una corta estancia en el centro de la ciudad, calidad precio",,6.0,2025-03-04,muy bien
the river hostel,españa,litera en dormitorio compartido mixto con 10 camas,1,pareja,decepcionada.,me a parecido una falta de educación y respeto que nos echen antes del check out. no volvería a reservar aquí.,,3.0,2025-03-03,muy bien
the river hostel,españa,litera en dormitorio compartido mixto con 10 camas,1,persona que viaja sola,pésimo,mala atención,cancelar reserva,1.0,2025-02-25,muy bien
the river hostel,españa,litera en habitación compartida mixta de 12 camas,1,persona que viaja sola,agradable,"todo bien,correcto","todo bien,correcto",6.0,2025-02-19,muy bien
the river hostel,españa,cama en habitación compartida mixta de 8 camas,2,persona que viaja sola,un hostel con calidad internacional,"el personal, rafa, jesús, sol  no caben todos . instalaciones cuidadas, ambiente internacional, ubicación inmejorable  al lado del río y a 15 minutos de la plaza del pilar . limpio y bien cuidado... el mejor hostel de valencia.",que se hace tan popular que el precio se dispara los fines de semana y en época alta xddd,10.0,2025-02-19,muy bien
the river hostel,españa,cama en habitación compartida mixta de 4 camas,3,persona que viaja sola,excepcional,la atención de las chicas excelente,,10.0,2025-02-12,muy bien
the river hostel,italia,cama en habitación compartida mixta de 4 camas,3,persona que viaja sola,no regresaría,me gustó la ubicación y la predisposición del personal para reservarme el taxi. hay una linda atmósfera juvenil y actividades planificadas para hacer. tienen secador y planchita.,"en las imágenes de la reserva figuraban camas en boxes, y me asignaron una cama sin cobertura. dormí tapada y muerta de calor por no tener mi espacio  mínimamente privado  que para mi es determinante al elegir el lugar. muy diferente a lo que reservé. solicité reubicarme por la app, pero como no me respondían fui a recepción, me indicaron que estaba lleno. sin embargo una amiga de la habitación 44 me dijo que había 5 camas con cortinitas vacías todas las noches. los baños estaban siempre clausurados.",5.0,2025-02-06,muy bien
the river hostel,españa,cama en habitación compartida mixta de 4 camas,3,persona que viaja sola,excepcional,los espacios compartidos son agradables,,10.0,2025-02-01,muy bien
the river hostel,perú,litera en habitación compartida mixta de 12 camas,2,persona que viaja sola,excepcional,el personal muy atento.,todo muy bien,10.0,2025-01-30,muy bien
the river hostel,españa,cama en habitación compartida mixta de 4 camas,2,persona que viaja sola,pésimo,la ubicación,"que alojan a personas de la calle , les permiten tomar licor vaso de whisky y fumar dentro de las habitaciones, es fatal , los recepcionistas no tienen el control sobre ello",1.0,2025-01-30,muy bien
the river hostel,argentina,litera en una habitación compartida femenina,1,persona que viaja sola,genial!,"es perfecto para una persona que viaja sola. podés cocinarte, guardar cosas en la heladera, hay café y agua a libre demanda. estás con gente todo el tiempo. las camas son cómodas. el espacio de guardado de tus pertenencias es enorme. podés lavar y secar tu ropa ahí mismo. la ubicación es genial.","no es que no me haya gustado pero me parece un dato a tener en cuenta que las duchas y baños son compartidos por todo el piso, no solo por las personas de la habitacion en la que estás alojado.",10.0,2025-01-30,muy bien
the river hostel,españa,litera en habitación compartida mixta de 12 camas,3,grupo,sin palabras,la cocina era grande y tiene muchos refrigeradores. y los zonas comunes eran espectaculares.,"en recepción no hablan español ni les interesa aprender para otorgar un mejor servicio. las puertas de las habitaciones se pueden bloquear para que no se cierren. había gente que por no saberse de memoria el codigo , hacia eso. y tiene residente permanente.",4.0,2025-01-28,muy bien
the river hostel,argentina,litera en dormitorio compartido mixto con 10 camas,2,persona que viaja sola,"barato, bien ubicado aunque un tanto desprolijo.",la ubicación,"muy sucia la cocina, no pueden lograr que la gente sea cuidadosa. los baños también. en el baño de hombres se nota que fumaban, dejando un olor muy fuerte ahí.",3.0,2025-01-20,muy bien
the river hostel,españa,litera en habitación compartida mixta de 12 camas,1,persona que viaja sola,excepcional,me gusta la cama persona en la cama,,10.0,2025-01-14,muy bien
the river hostel,españa,litera en habitación compartida mixta de 12 camas,1,persona que viaja sola,superó en creces mis expectativas.,la ubicación. la cama muy cómoda. y sobretodo las cortinas de las literal por la privacidad.,la almohada no era muy cómoda.,10.0,2025-01-14,muy bien
the river hostel,españa,litera en habitación compartida mixta de 12 camas,2,persona que viaja sola,excepcional,"me gusto todo y todo muy bien,si voy otra vez a valencia,yo voy a coger el mismo sitio para dormir, muchas gracias por todo",,10.0,2025-01-13,muy bien
the river hostel,españa,litera en habitación compartida mixta de 12 camas,1,persona que viaja sola,cómo en casa,"todo en general y en especial el personal tamara, sol, ana, marina, jordi, rafa... y todos , gracias por todo","nada, algún huésped rarito",10.0,2025-01-10,muy bien
the river hostel,argentina,cama en habitación compartida mixta de 4 camas,4,persona que viaja sola,excepcional,"el desayuno, la ubicación, la predisposición del personal",,10.0,2025-01-10,muy bien
the river hostel,españa,litera en habitación compartida mixta de 12 camas,5,persona que viaja sola,aceptable,cortinas para mayor privacidad y camas cómodas,mal olor y ruido,5.0,2025-01-09,muy bien
the river hostel,españa,litera en habitación compartida mixta de 12 camas,3,persona que viaja sola,muy mal,"no ponen la calefacción , en las habitaciones , hace frio, se solicita pero pasan , mucha chusma en las habitaciones , y las sábanas , tenian machas , de sagre como de mujer en su periodo mensual , en el edredón, tendrián que revisar antes.","el frio de las habitación, y que den largas para no ponerla., no hay buena gestión.",2.0,2025-01-07,muy bien
the river hostel,argentina,litera en una habitación compartida femenina,5,persona que viaja sola,super recomiendo este hostel. relación recio calidad más que excelente.,"el staff es muy buena onda y tienen muy buena predisposición para ayudarte en todo. incluso me dejaron usar la cocina una vez hecho el check out. todo esta muy bien equipado, la cocina con utensilios, los baños con secador y planchita de pelo. también te ofrecen toalla sin cargo.",solo una vez las duchas no estaban limpias. y los cuartos no los limpian a diario. pero en general todo muy bien.,10.0,2025-01-01,muy bien
the river hostel,españa,litera en habitación compartida mixta de 12 camas,4,persona que viaja sola,decepcionante,,el trato prepotente del recepcionista conmigo y con otros clientes,4.0,2025-01-01,muy bien
the river hostel,chile,litera en habitación compartida mixta de 12 camas,2,persona que viaja sola,recomendado,"el lugar es muy cómodo, bien ubicado, habitaciones amplias, camas con cortinas para mayor privacidad, baños limpios, duchas con secador de pelo y alisador  en el caso de las mujeres , cocina donde puedes preparar tus cosas, desayuno muy bueno y económico.","me gustó todo, sólo que los otros huéspedes son muy ruidosos o sucios. tuve un problema con un grupo de chicas que no paraban de gritar durante la noche y me cambiaron de habitación. fueron muy amables.",10.0,2024-12-27,muy bien
the river hostel,venezuela,litera en habitación compartida mixta de 12 camas,5,persona que viaja sola,excepcional,la atención del personal y que todo siempre está limpio y ordenado.,señal de aprobación con la mano,10.0,2024-12-21,muy bien
the river hostel,argentina,litera en una habitación compartida femenina,1,persona que viaja sola,excelente opción en valencia: ,"cuartos muy limpios, personal súper amable y camas cómodas que no son cuchetas sino cubos  no se siente si la persona de abajo o arriba se mueve . el desayuno está muy bien y la ubicación es muy centrica y cerca de todo!",,10.0,2024-12-16,muy bien
the river hostel,venezuela,litera en habitación compartida mixta de 12 camas,1,persona que viaja sola,excepcional,señal de aprobación con la mano,señal de aprobación con la mano,10.0,2024-12-16,muy bien
the river hostel,venezuela,litera en habitación compartida mixta de 12 camas,5,persona que viaja sola,excepcional,"la buena atención, sus amplias instalaciones y el buen ambiente .",señal de aprobación con la mano,10.0,2024-12-16,muy bien
the river hostel,españa,litera en habitación compartida mixta de 12 camas,1,familia,excepcional,todo genial y muy buena ubicación y personal muy amable.,,10.0,2024-12-15,muy bien
the river hostel,españa,litera en habitación compartida mixta de 12 camas,4,persona que viaja sola,agradable,ubicación,voluntarios q ensucian de barrro hasta la cocina: hay una lavanderia en la azotea. falta mantenimiento,6.0,2024-12-13,muy bien
the river hostel,españa,litera en dormitorio compartido mixto con 10 camas,2,persona que viaja sola,excepcional,"es cómodo y la ubicación perfecta.sienpre que voy a valencia me hospedó aquí , sin dudarlo.",,10.0,2024-12-09,muy bien
the river hostel,españa,litera en habitación compartida mixta de 12 camas,3,persona que viaja sola,pésimo,"me gusto , que está centrico.","no , me gustó , que la habitación , hacia mucho frio , y no te. ponen ,aire de calor , por no gastar, te toman el pelo, te dicen que la ponen , y luego no lo hacen , dicen que está rota,,mucho ruido , por la noche en los pasillos de la gente gritando de fiesta , y no les dicen nada, el.personal pasa,denlos hostel de valencia , que he estado , el peor, las camas , hacen mucho ruido, estan muy viejas,.",1.0,2024-12-08,muy bien
the river hostel,españa,litera en dormitorio compartido mixto con 10 camas,1,pareja,inmejorable.,la amabilidad del chico que recepción. un 10 para el en todo. la habitación perfecta y la piscina una pasada! la zona de billar todo un puntazo para pasar el rato. me encantó,,10.0,2024-12-07,muy bien
the river hostel,españa,cama en habitación compartida mixta de 8 camas,2,pareja,agradable,"el personal fue muy amable, las zonas comunes bien. los baños limpios de manera regular","las instalaciones son viejas, la primera habitación en la que nos instalaron las camas eran de hierro, el edredón estaba sucio, las paredes desconchadas  pedimos que nos cambiasen de habitación y mejor, sobre todo porque nos pusieron en una habitación en la que todo eran corredores como nosotros",6.0,2024-12-02,muy bien
the river hostel,españa,litera en habitación compartida mixta de 12 camas,21,persona que viaja sola,patético,la ubicación,"me robaron todos los productos de higiene y a otra chica la ropa interior. por quejarme el manager me llamó racista e inclusive llamó a la policía otro día para amedrentarme al haberle puesto una hoja de reclamaciones. yo tengo discapacidad, por lo tanto ellos si han cometido un delito de odio, y no presunto, lo han cometido al acusarme de quejarme por haberme robado y saber que sujetos no españoles eran. no lo recomiendo para nada, nada serio",1.0,2024-12-01,muy bien
the river hostel,venezuela,litera en habitación compartida mixta de 12 camas,3,persona que viaja sola,excepcional,la atención y el buen servicio.,todo bien.,10.0,2024-11-30,muy bien
the river hostel,colombia,litera en habitación compartida mixta de 12 camas,3,persona que viaja sola,excepcional,todo muy bien servicio completo buena atención,,10.0,2024-11-29,muy bien
the river hostel,panamá,litera en habitación compartida mixta de 12 camas,3,persona que viaja sola,excepcional,todo perfecto ubicación estratégica y cerca de los lugares de interés,sin críticas,10.0,2024-11-25,muy bien
the river hostel,méxico,litera en dormitorio compartido mixto con 10 camas,1,persona que viaja sola,"lo recomiendo, cómodo, agradable y buen ambiente.","definitivamente el personal que trabaja allí,os.chic s lo hacen todo más sencillo y ameno, apoyándote en cualquier detalle en tu estancia y en tu viaje. me gusta que tienen una flexibilidad enorme en cuanto al guarda equipaje, eso ayuda muchísimo a quienes van viajando con el tema de las maletas y que haya esa flexibilidad en tenerte tus cosas. yo estuve en el dormitorio de chicas en el 4to piso y también se me hizo muy cómodas las camas, limpias, y buenas vistas. el.desayuno es muy accesible y rico. hay un buen ambiente en general y esta bien ubicado. tiene muchas mesas y conexiones para trabajar digitalmente su llevas computadora, y orecwrgar el cel. los compartimientos en las camas también son grandes lo que te permite tener espacio para dejar tus cosas bajo llave. buena ubicación cerca del río y parque, muy céntrico. en general lo pase muy bien allí y seguiré regresando cuando vuelva a valencia, lo recomiendo al 100. además los precios son muy accesibles para viajeros. gracias cara sonriendo con corazones cara sonriente chispas corazones giratorios",,10.0,2024-11-23,muy bien
the river hostel,españa,litera en habitación compartida mixta de 12 camas,1,persona que viaja sola,como en casa,"todo son excepcion, y un personal de diez: tamara, sol, claudia, jordi, rafa, nathan.... y todos. muchas gracias","prácticamente nada, quizá la falta de limpieza de algunos hospedados",10.0,2024-11-23,muy bien
the river hostel,españa,litera en habitación compartida mixta de 12 camas,6,persona que viaja sola,agradable,bien pero algo deteriorado.,la camas eran bastante dura y incomoda.,6.0,2024-11-21,muy bien
the river hostel,venezuela,litera en habitación compartida mixta de 12 camas,1,persona que viaja sola,excepcional,la atención de todos,todo bien.,10.0,2024-11-21,muy bien
the river hostel,españa,litera en habitación compartida mixta de 12 camas,1,grupo,una noche dura,la ubicación en el centro,"la limpieza, la cama era incomoda y la gente hacia mucho ruido",5.0,2024-11-21,muy bien
the river hostel,españa,litera en una habitación compartida femenina,4,persona que viaja sola,mala experiencia compartiendo habitación,"la zona que tienen para cocinar, comer y descansar",que no dieran toallas de forma gratuita y el ruido que hacían las compañeras por las noches llegando a despertarme todos los días.,4.0,2024-11-20,muy bien
the river hostel,españa,litera en dormitorio compartido mixto con 10 camas,1,persona que viaja sola,excepcional,personal muy amable y atento. cama muy cómoda. desayuno muy bueno para un albergue.,,10.0,2024-11-19,muy bien
the river hostel,españa,litera en habitación compartida mixta de 12 camas,1,persona que viaja sola,excepcional,en la recepcion me recibio paula ...siempre con una sonrisa y muy amable .. execelente trabajadora !!,,10.0,2024-11-17,muy bien
the river hostel,españa,cama en habitación compartida mixta de 6 camas,2,persona que viaja sola,excepcional,el excelente trato con los voluntarios... muchas gracias por todo cara sonriente seguro que volvere ...,,10.0,2024-11-11,muy bien
the river hostel,argentina,litera en dormitorio compartido mixto con 10 camas,5,pareja,decepcionante,"la ubicación, aunque no es el centro propiamente dicho de valencia, si se encuentra en el barrio centro, por lo que a 10  o 15  a pie llegarás al casco céntrico.","no recomiendo este hostel  los de recepción tienen una mala onda increíble, no esperes una sonrisa porque te quedarás con las ganas. dicen que hacen limpieza en los baños 2 veces por día, pero realmente los baños dejan mucho que decir  los pisos sucios, alrededor de los inodoros todo salpicado, pelos en los lavamanos  desde el día anterior , la basura no la cambiaban, vi el mismo contenido de desechos durante mis dos días de estadía. la verdad que la limpieza es algo fundamental y más allá de que es importante que los huéspedes la cuiden y mantengan, con la cantidad de camas y dormitorios por piso, no podes limpiarlos dos veces al día. en las habitaciones, los colchones de las camas están sobre una tabla súper rígida, por lo tanto a media noche te levantarás inmovilizado del dolor de espalda. deberían invertir un poco en eso. y lo que menos me gustó es que los baúles donde puedes dejar tus cosas, están mal diseñados  si bien son amplios y eso está bueno para organizar tus pertenencias, los mismos al cerrarlos con un candado  que debes llevar  se mueven para los costados y desplazan, por lo que es posible con la mano alcanzar algunos objetos cercanos.",4.0,2024-11-04,muy bien
the river hostel,argentina,litera en dormitorio compartido mixto con 10 camas,5,persona que viaja sola,agradable,excelente ubicación. sector de cocina muy bueno.,,6.0,2024-11-04,muy bien
the river hostel,colombia,litera en habitación compartida mixta de 12 camas,2,pareja,mucho más que un hostel!,"todo, las instalaciones buenísimas, los baños súper amplios, completos y cómodos, la zona social excepcional.","nada , todo fue perfecto.",10.0,2024-11-02,muy bien
the river hostel,españa,litera en habitación compartida mixta de 12 camas,1,persona que viaja sola,recomendable,el personal fie muy amable y cimplio con mis espectativas,,10.0,2024-10-31,muy bien
the river hostel,españa,litera en habitación compartida mixta de 12 camas,3,persona que viaja sola,hostel muy recomendable,"todo. desde la cama, que es cómoda y tiene una cortina y una lampara y enchufe, hasta los sitios comunes y los baños. todo limpio y bastante nuevo.","que casi todo el personal de recepción sean extranjeros. entiendo que hay mucho turismo, pero debería haber al menos uno que hable bien el español, que estamos en españa.",10.0,2024-10-30,muy bien
the river hostel,argentina,litera en una habitación compartida femenina,3,persona que viaja sola,mi viaje a valencia,excelente atención del personal,"la cama de arriba, pero me la cambiaron cara sonriendo con sudor frío",10.0,2024-10-27,muy bien
the river hostel,españa,litera en una habitación compartida femenina,5,persona que viaja sola,extremadamente ruidoso.,las duchas y baños comunes estaban limpios.,el ruido del tráfico es insoportable.no cesa durante toda la noche. en el interior de la habitación los ventiladores hacen un ruido de escándalo. imposible dormir.,4.0,2024-10-25,muy bien
the river hostel,argentina,litera en dormitorio compartido mixto con 10 camas,2,persona que viaja sola,excepcional,los chicos de recepción son geniales. me dieron recomendaciones para que mí viaje en valencia sea genial.,,10.0,2024-10-24,muy bien
the river hostel,españa,litera en habitación compartida mixta de 12 camas,1,persona que viaja sola,excelente,ventilador y cortinas para privacidad. instalaciones bonitas,,10.0,2024-10-16,muy bien
the river hostel,colombia,litera en una habitación compartida femenina,2,persona que viaja sola,10000 10,estaba muy limpio todo y cercano a todo. excelente zona.,,10.0,2024-10-14,muy bien
the river hostel,argentina,litera en dormitorio compartido mixto con 10 camas,2,persona que viaja sola,excepcional,"uno de los mejores hosteles que he ido. la limpieza 10 puntos, lockers 10 puntos, la cocina bien equipada para cocinar, y la sala de estar increíble. en cada cama tiene enchufe para cargar el cel que es muy importante también. la verdad todo bien, un éxito. volvería sin dudar.",,10.0,2024-10-13,muy bien
the river hostel,uruguay,litera en habitación compartida mixta de 12 camas,2,persona que viaja sola,pésimo,"realmente no puedo calificar otra cosa que la falta de responsabilidad. me robaron el celular dentro del hostel. en el comedor, mientras estaba lavando los platos. una situación totalmente inusual pero que me arruinó el viaje","no me dieron ninguna respuesta, solo q si quería podría hacer la denuncia para ver las cámaras pero que en realidad no había cámaras en ese lugar. creo que deberían tener alguna forma de acceder a las cámaras y controlar mejor quien entra o sale",1.0,2024-10-13,muy bien
the river hostel,portugal,litera en dormitorio compartido mixto con 10 camas,3,pareja,no lo recomiendo por la atención de los funcionarios!,"localización central y buena estructura, camas confortables, lugares amplios, cocina equipada y duchas amplias y espaciosas y barandas acogedoras y con vistas bonitas, también disponen de aire acondicionado.","la atención es pésima!!! el primer día nos atendió un chico español de mala gana y con nariz empinado, en que le preguntamos por las toallas, área de fumadores y el bar y a todo respondió corto y de mala gana, los días siguientes la recepción estaba llena de 3 o 4 chicas que solo hablaban inglés, siendo que me parece ridículo que estando en españa las recepcionistas no sepan hablar español, además siempre estaban entre ellas hablando en grupo o usando el móvil y cuando se les preguntaba algo o solo se les decía un buenos días ponían mala cara y atendían de mala gana, inclusive la más gorda, rubia y de cabello largo que creo que era de áustria fue muy mal educada con nosotros, pues al tomar el desayuno los vasos que nos entregaron estaban sucios como si tuvieran sebo y gentilmente pedimos que los cambiaran, ella dijo que recién habían salido de la máquina de lavar, insistimos en que nos los cambiaran y con mala cara colocó otros dos vasos de mala gana y con golpes en el mesón, también nos pasó que el primer día cuando fuimos a desayunar salió una extranjera con una mano de 6 bananas del desayuno del hostel y no entanto, en todo el tiempo que estuvimos desayunando nadie repuso las bananas, pero como esas chicas solo quieren hablar y usar el móvil y atienden de la patada no me sorprende que no tengan ningún control sobre el desayuno. por último, a mi pareja le robaron un objeto de valor y calidad estando allí y en un día es casi necesario llamar unas 20 vezes para que finalmente alguien atienda el teléfono, debe ser porque la mayor parte del tiempo quienes están no saben hablar español..... aunque en general todas las áreas estaban siempre limpias, el baño del piso 2 tuvo durante las 3 noches que allí estuvimos ropa sucia y un boxer usado colgando de la puerta de una de las duchas, lo que me parece un poco desagradable no tienen área de fumadores. en resumen, no lo recomiendo, de certeza absoluta que hay lugares mucho mejores y una buena atención cuenta mucho!",3.0,2024-10-11,muy bien
the river hostel,argentina,litera en habitación compartida mixta de 12 camas,3,persona que viaja sola,excepcional,"la ubicación cerca del centro, los baños siempre limpios y las habitaciones cómodas. volvería sin dudas !",,10.0,2024-10-08,muy bien
the river hostel,italia,litera en habitación compartida mixta de 12 camas,2,persona que viaja sola,excepcional,"excelente el lugar, la verdad lo recomiendo, ubicacion inmejorable, el desayuno muy rico y variado, muy limpio., y las camas supwr comodas","la verdad que no hubo nada que no me gusto, lo volvería a elegir precisamente por eso, superó mis expectativas.",10.0,2024-10-08,muy bien
the river hostel,colombia,litera en habitación compartida mixta de 12 camas,2,persona que viaja sola,excepcional,el desayuno,los cuartos son muy oscuros,10.0,2024-10-07,muy bien
the river hostel,argentina,litera en una habitación compartida femenina,3,persona que viaja sola,aceptable,la ubicación,"me tocó la cama de arriba de la cucheta: subir no tanto pero bajar por la escalera de la cama debería ser considerado deporte de riesgo. la cortina se salía. el techo del sector de mi cama estaba inclinado, si ponía la almohada del lado más bajo me golpeaba la cabeza al levantarme. si a la noche tenes ganas de ir al baño tenes que salir de la habitación y caminar varios metros. los secadores de pelo están en el sector de las duchas que tiene ventanas muy chicas y siempre está lleno de vapor; es como secarte el pelo en un sauna. varios de los recepcionistas no hablan español, solo inglés  raro porque el hostel queda en valencia .",5.0,2024-10-04,muy bien
the river hostel,españa,litera en habitación compartida mixta de 12 camas,1,persona que viaja sola,tranquilo y muy buena ubicación,excelente servicio y personal muy amable,el acceso a las literas superiores!!,10.0,2024-10-04,muy bien
the river hostel,argentina,litera en una habitación compartida femenina,3,persona que viaja sola,excepcional,"la ubicación, la amabilidad de todos, y la habitación, tanto las camas como el lugar de guardado",era un poco complicado desayunar cuando había contingentes de escuelas...nada grave,10.0,2024-09-27,muy bien
the river hostel,colombia,litera en dormitorio compartido mixto con 10 camas,2,persona que viaja sola,excelente opción de estadía,la ubicación del hostal es muy buena,la cantidad de baños era algo reducida,10.0,2024-09-26,muy bien
the river hostel,ucrania,cama en habitación compartida mixta de 4 camas,2,familia,uno de los mejores,"no es la primera vez que me hospedo en este lugar. espacio muy bien organizado en la habitación y en la zona común. limpio, tranquilo. muy buen desayuno. la cocina tiene todo lo necesario para cocinar. nevera enorme y espaciosa, cocina, microondas, vajilla, hervidor eléctrico - hay absolutamente de todo. en el salón no sólo se puede comer, sino también tumbarse y leer. la ubicación es conveniente, no muy lejos de muchos lugares de interés de valencia. recomendado.",,10.0,2024-09-24,muy bien
the river hostel,españa,litera en una habitación compartida femenina,2,persona que viaja sola,excepcional,la ubicacion es excelente y las instalaciones estaban en perfecto estado,"mi cama se encontraba en en altura, y le faltaba la cortina en uno de sus lados",10.0,2024-09-18,muy bien
the river hostel,colombia,litera en una habitación compartida femenina,4,persona que viaja sola,excepcional,excelente hostel! la habitación que me tocó era grande e iluminada así que no me sentí apretada aunque éramos 8 chicas. los baños bien aseados y el buffet de desayuno muy bueno. yo no cociné mucho pero vi que la cocina tenía todo lo necesario.,,10.0,2024-09-16,muy bien
the river hostel,chile,litera en una habitación compartida femenina,7,persona que viaja sola,aceptable,la ubicación,aire acondicionado demasiado alto en las habitaciones. el desayuno faltan productos sin azúcar y sin gluten. faltan habitaciones de menos camas.,5.0,2024-09-12,muy bien
the river hostel,españa,litera en una habitación compartida femenina,4,persona que viaja sola,aceptable,la cámara era cómoda aunque demasiado alta. había ventiladores en la habitación pero estaban mirando pa cuenca. también había aire acondicionado pero para encenderlo debias avisar al personal y que lo encendiera el porque no había mando. el baño estaba limpio pero quedaba demasiado lejos de la habitación. había luz en los pasillos pero era demasiado fuerte y no se apagaba en toda la noche. el horario de la cafetería era reducido y debías pagar casi 5  por la bolleria-buffet aunque el agua y el café si entraba dentro de la reserva. no faltaba personal pero muchas veces no sabías si eran trabajadores o amigos de los trabajadores con lo cual no sabías bien a quien dirigirte. se preparaban actividades de recreo en su gran mayoría destinados íntegramente a extranjeros. estaba en el centro pero muy lejos de la playa.,en general no me gustó casi nada de este hostel. no volveré.,5.0,2024-09-08,muy bien
the river hostel,españa,litera en una habitación compartida femenina,1,persona que viaja sola,"volveré, todo perfecto.","la ubicación es perfecta. los chicos de recepción muy majos y serviciales. la cama cómoda, con luz y cargador y un pequeño estante, con una cortina, camas asignadas al llegar, taquillas personalizadas, pero hay que traer consigo un candado, sino lo puedes comprar en recepción por 5 , a mi los chicos de recepción me hicieron un favor y me lo dieron gratis con la promesa que lo devolvería, lo que hice. un candado pequeño de maleta te vale. toallas se pagan 2 , pero yo me traje una conmigo. los aseos y duchas están apartados de las habitaciones por tanto aunque llegues tarde no molestas a nadie.",,10.0,2024-09-01,muy bien
the river hostel,españa,litera en habitación compartida mixta de 12 camas,1,persona que viaja sola,excelente estancia.,"me encanto la buena atención del personal, super agradable, buena música, muy cómodo para descansar con disponibilidad de locker cerca de tu cama. muy bueno lo recomiendo.",el baño un poco sucio pero en general todo muy bien.,10.0,2024-08-31,muy bien
the river hostel,italia,cama en habitación compartida mixta de 8 camas,6,persona que viaja sola,decepcionante,la buena ubicacion.,el aire acondicionado estaba muy fuerte todas las noches y me terminé enfermando y arruinando mis últimos días de vacaciones.,4.0,2024-08-28,muy bien
the river hostel,españa,litera en dormitorio compartido mixto con 10 camas,2,grupo,"es aceptable, pero por ese precio he estado en hostales mejores, le hace falta una mejora.",está cerca del casco viejo.,hacía un calor insoportable y las escaleras de las literas eran muy incómodas.,5.0,2024-08-26,muy bien
the river hostel,españa,cama en habitación compartida mixta de 8 camas,1,persona que viaja sola,excepcional,muy limpio todo y sus instalaciones paula me ayudó cuando me corte con un plato tanto manuel me ayudó todo y tamara muy amable recomendado  ,,10.0,2024-08-25,muy bien
the river hostel,italia,litera en dormitorio compartido mixto con 10 camas,2,persona que viaja sola,muy amables todos . excelente lugar! seguro y buen ubicado. estuve 3 semanas y es muy cómodo y limpio.,"muy acogedor. aire en las habitaciones y espacios comunes. comodidades, hay para lavar la ropa . cocina súper equipada y con espacio suficiente para muchas personas. actividades para los huéspedes.",pagar el lavarropas y secar ropas con monedas,10.0,2024-08-24,muy bien
the river hostel,argentina,litera en dormitorio compartido mixto con 10 camas,4,familia,excepcional,la habitación estaba muy bien. las camas cómodas. los baños son separados para mujeres y hombres. el personal super amable,,10.0,2024-08-17,muy bien
the river hostel,argentina,litera en dormitorio compartido mixto con 10 camas,2,grupo,excepcional,buenisima ubicación y la limpieza del lugar,,10.0,2024-08-16,muy bien
the river hostel,españa,cama en habitación compartida mixta de 8 camas,1,persona que viaja sola,excepcional,los de la recepción son muy majos y en total estoy encantado de elegir este sitio para alojarme,,10.0,2024-08-14,muy bien
the river hostel,brasil,litera en habitación compartida mixta de 12 camas,4,persona que viaja sola,excepcional,ubicación excelente,el aire acondicionado estaba com problemas y todos los días necesitaba llamar a recepción para encenderlo y que mismo en verano solo encienden muy tarde.,10.0,2024-08-14,muy bien
the river hostel,españa,litera en habitación compartida mixta de 12 camas,1,persona que viaja sola,aceptable,amabilidad del personal,muy frío dentro y sin mantas. duchas baño descuidado,5.0,2024-08-13,muy bien
the river hostel,chile,litera en una habitación compartida femenina,3,persona que viaja sola,"buena hubicación, pero sin aire acondicionado.",buena ubicación,"el recinto no contaba con aire acondicionado en las habitaciones, por lo que no recomiendo ir en verano, ya que con los ventiladores no es suficiente para apaciguar el calor  ya que hicieron entre 36 y 37 grados .",4.0,2024-08-12,muy bien
the river hostel,españa,litera en habitación compartida mixta de 12 camas,2,persona que viaja sola,no es lo peor pero no es bueno,las habitaciones son feas pero están limpias. el desayuno es poco en variedad y no muy aseado pero es barato. el personal es amable pero la mayoría parece no saber que hacen.,"los baños son decentes pero las duchas huelen asqueroso, es como entrar a un orinal de hombre en un bar de madrugada. la cocina es territorio de guerra, súper sucia todo el tiempo, es un desastre.",5.0,2024-08-12,muy bien
the river hostel,españa,litera en habitación compartida mixta de 12 camas,1,persona que viaja sola,agradable,"está muy bien ubicado, muy cerca del centro histórico. el personal es muy atento y con muy buena limpieza en el baño.",las camas eran demasiadas blandas y se hundían al menos la que yo estaba.,6.0,2024-08-08,muy bien
the river hostel,colombia,litera en dormitorio compartido mixto con 10 camas,3,persona que viaja sola,divertido,"las instalaciones, hay agua fria, la gente, un buen lugar para estar, yo soy nomada digital y pude trabajar sin problemas",,10.0,2024-08-06,muy bien
the river hostel,chile,litera en una habitación compartida femenina,1,persona que viaja sola,agradable,"limpio y para el precio esta bien el equipamiento, pero imposible dormir, la gente no respeta, hacen mucho ruido, entran y salen de las habitaciones como si estuvieran solos y la administración del lugar parece que no hace mucho para mantener el orden de esto.",,6.0,2024-08-05,muy bien
the river hostel,colombia,litera en habitación compartida mixta de 12 camas,1,persona que viaja sola,excepcional,las instalaciones,se podría mejorar el desayuno,10.0,2024-08-05,muy bien
the river hostel,españa,litera en dormitorio compartido mixto con 10 camas,1,persona que viaja sola,excepcional,ubicación y comodidad,,10.0,2024-07-28,muy bien
the river hostel,colombia,litera en dormitorio compartido mixto con 10 camas,1,persona que viaja sola,excepcional,"amabilidad, respeto, organización",el aire acondicionado de la habitación no funcionaba,10.0,2024-07-27,muy bien
the river hostel,españa,cama en habitación compartida mixta de 4 camas,2,persona que viaja sola,excepcional,"todo me gusta, está en mi lista de los 5 mejores hostels donde me he alojado ...",,10.0,2024-07-25,muy bien
the river hostel,españa,litera en dormitorio compartido mixto con 10 camas,1,familia,excepcional,"la atención del personal y las instalaciones excepcionales su terraza a destacar he ido con mi hija y lo hemos pasado genial , volveríamos",todo estuvo bien,10.0,2024-07-22,muy bien
the river hostel,españa,litera en habitación compartida mixta de 12 camas,1,persona que viaja sola,excepcional,"gracias a todo el equipo por hacerme las cosas más fácil todo este tiempo....lidia,tamara,jordi,sara,rafa...y a los becarios que también se lo han currado.... mil gracias...y nos seguiremos viendo...un abrazo.",,10.0,2024-07-11,muy bien
the river hostel,argentina,litera en dormitorio compartido mixto con 10 camas,2,grupo,mal,la ubicación,"después de las 00 intenté bañarme y el agua salía helada, no me dieron una solución. las camas no eran muy cómodas",3.0,2024-07-11,muy bien
the river hostel,ecuador,litera en habitación compartida mixta de 12 camas,3,persona que viaja sola,agradable,la ubicación,"el aire acondicionado en la habitación era demasiado fuerte, pedí una manta y no tenían. vi una cucaracha muerta en la habitación. las fotos de las habitaciones son distintas a la realidad.",6.0,2024-07-09,muy bien
the river hostel,españa,litera en dormitorio compartido mixto con 10 camas,1,persona que viaja sola,un lugar que quiero volver !,viaje por todo españa en coche y sin duda alguna este fue el hospedaje que más me gustó y que claramente repetire,más comida y un servicio de cafetería 24hrs cuando me fui no había café pero de resto todo espectacular,10.0,2024-07-09,muy bien
the river hostel,argentina,litera en habitación compartida mixta de 12 camas,3,persona que viaja sola,excepcional,limpio. camas cómodos. el personal amable.,ek ascensor es nuy lento. a veces baños sucios. el desayuno es más o menos.,10.0,2024-07-07,muy bien
the river hostel,españa,litera en dormitorio compartido mixto con 10 camas,2,grupo,muy bien,"la ubicación las camas, las duchas muy bien tiene abajo una cocina, varios frigoríficos para poder dejar la comida",,10.0,2024-07-02,muy bien
the river hostel,argentina,litera en habitación compartida mixta de 12 camas,2,persona que viaja sola,mucho por mejorar,la atención,"el ascensor un desastre, la intalaciones bastante descuidadas, se llovía en el baño, perdida en un caño",6.0,2024-07-01,muy bien
the river hostel,españa,cama en habitación compartida mixta de 8 camas,4,persona que viaja sola,"lo recomiendo comi ulitma opción para salir de paso si no vez nada mas para coger ,pero no me gusto",centro de la ciudad único bueno,"la instalación un poco obsoleta las camas indimoda no tienen aire acondicionado la cocina no está bien bien limpia y las neveras mal , parte la gente no respeta el sueño de los demás llegan borrachos",6.0,2024-07-01,muy bien
the river hostel,puerto rico,litera en una habitación compartida femenina,2,persona que viaja sola,excepcional,la localizacion,,10.0,2024-06-26,muy bien
the river hostel,españa,litera en dormitorio compartido mixto con 10 camas,2,grupo,para una o dos noches. cómoda ubicacion pero no está muy bien conservado. le falta limpieza y decoración.,la ubicación y el precio,esta descuidado. no muy limpio. el baño olía mal.,5.0,2024-06-18,muy bien
the river hostel,italia,litera en dormitorio compartido mixto con 10 camas,3,persona que viaja sola,de los mejores viajes solo que realicé,"excelente el desayuno, muy completo. la limpieza de todos los sectores. el personal súper atento, agradable, tenes la posibilidad de dejar el equipaje y retirarlo sin cargo luego del check out. sin dudas que volveré a visitarlos.","el cholchón podría ser de mejor calidad, se nota bastante su uso.",10.0,2024-06-18,muy bien
the river hostel,uruguay,litera en dormitorio compartido mixto con 10 camas,3,persona que viaja sola,excepcional,la ubicación,,10.0,2024-06-17,muy bien
the river hostel,españa,litera en habitación compartida mixta de 12 camas,1,persona que viaja sola,sin agua caliente en las duchas,el precio,sin agua caliente en las duchas de todas las plantas,2.0,2024-06-11,muy bien
the river hostel,españa,litera en una habitación compartida femenina,1,persona que viaja sola,todo genial,las instalaciones y el ambiente. las recepcionistas muy amables. y la ubicación excelente !! lo recomiendo,,10.0,2024-06-10,muy bien
the river hostel,chile,litera en dormitorio compartido mixto con 10 camas,3,persona que viaja sola,buena ubicación!,"la cama era cómoda, era espacioso con muy buena ubicación, personal amable y los desayunos son buffett y valían la pena!",,10.0,2024-06-02,muy bien
the river hostel,uruguay,litera en dormitorio compartido mixto con 10 camas,3,grupo,perfecta,"todo. fue una excelente elección. las camas las mejores de todas, al igual que la seguridad de los lockers. excelente en todos los aspectos.",no tengo queja alguna,10.0,2024-05-28,muy bien
the river hostel,españa,litera en habitación compartida mixta de 12 camas,2,persona que viaja sola,excepcional,el trato desde el primer momento que entre amabilidad siempre y con una sonrisa,,10.0,2024-05-28,muy bien
the river hostel,argentina,litera en dormitorio compartido mixto con 10 camas,1,grupo,agradable,"buena ubicación, camas cómodas, muy bien el desayuno, completo y rico en función de lo que pagas.",el baño de mujeres muy sucio; la mayoría del personal no habla español y no son muy claros con las indicaciones.,6.0,2024-05-26,muy bien
the river hostel,españa,litera en habitación compartida mixta de 12 camas,1,persona que viaja sola,pésimo,,no o poder meter la bici en el hotel y no darme una solución correcta.,1.0,2024-05-25,muy bien
the river hostel,españa,litera en dormitorio compartido mixto con 10 camas,2,familia,aceptable,ubicación,los baños no estaban muy limpios,5.0,2024-05-21,muy bien
the river hostel,argentina,litera en dormitorio compartido mixto con 10 camas,2,persona que viaja sola,aceptable,ubicación,habitación,5.0,2024-05-21,muy bien
the river hostel,argentina,litera en una habitación compartida femenina,4,persona que viaja sola,decepción cara decepcionada,no me gustó especialmente nada,"en el 4 piso donde le aloje había 6 habitaciones con un promedio de 10 camas cada una , y solo había un baño de mujer con dos inodoros y dos lavabos y un baño de hombre igual. para ir al baño tenía que caminar 25 metros eso no es privado privado es cuando está en la habitación , yo estube en un hostel de sevilla éramos 6 mujeres y había un baño cada dos , y tres duchas en la habitación, el trato deja bastante que desear hay una chica que habla solo inglés y no te entiende entonces va a buscar al chico hay en la cocina para que le traduzca , no me gustó no repetiría, ahhh otra cosa en el baño no hay perchero en la pared y tampoco estante para apoyar ñas cosas y en la habitación no hay sillas ni nesa no sillón comp para sentarse a ponerte las zapatillas",6.0,2024-05-17,muy bien
the river hostel,argentina,litera en habitación compartida mixta de 12 camas,6,persona que viaja sola,agradable,la ubicacion,despues de las 22hs no se permitían ruidos y era un desastre los pasillos : ,6.0,2024-05-17,muy bien
the river hostel,españa,litera en dormitorio compartido mixto con 10 camas,2,pareja,excelente,"el desayuno estaba genial, tenian variedad de cosas y las reponían todo el tiempo. el hostel en si muy limpio, grande y lindo. las duchas estaban geniales.",,10.0,2024-05-16,muy bien
the river hostel,argentina,litera en habitación compartida mixta de 12 camas,2,pareja,más o menos..,la ubicación,"mala organización: había 2 grupos de estudiantes  niños  de 60 personas. a la hora del desayuno se quedaban todos ocupando el espacio hasta que salían y no podíamos sentarnos para desayunar. nadie del hostel reguló esa situación. en los baños siempre faltaba papel higiénico, más aún durante la noche. en el momento del check in no nos brindaron la información necesaria sobre horarios, distribución de servicios, etc.",6.0,2024-05-16,muy bien
the river hostel,colombia,litera en dormitorio compartido mixto con 10 camas,3,persona que viaja sola,perfección y sugerencia,"me sentía muy segura, fueron muy amables todos desde que llegué y amo las instalaciones , todo muy bien pensado , distribuido , iluminado y cómodo, de verdad super recomendado, y las señoras del aseo , excelente servicio.","lo único es que si les diría que por favor le sugieran a la gente cerrar las puertas más suave , en mi habitación incluida mi cama vibraba cada vez que los vecinos cerraban su puerta, ese detalle es importante.",10.0,2024-05-15,muy bien
the river hostel,españa,litera en habitación compartida mixta de 12 camas,1,persona que viaja sola,terror,en el centro. me prestaron el candado.,"salid corriendo. hay chinches en este albergue. y no pocas. el albergue en sí me pareció limpio y todo correcto, pero en cuanto me metí en la cama todo el cuerpo empezó a picarme. que horror de noche. al principio pensé que eran imaginaciones mías pero no podía parar de rascarme. el albergue tiene reseñas recientes que hablan de el problema de las chinches. un horror. definitivamente tienen que fumigar. por añadir, la escalera a la litera la veo un poco peligrosa.",1.0,2024-05-13,muy bien
the river hostel,españa,litera en dormitorio compartido mixto con 10 camas,1,persona que viaja sola,excepcional,lo de recepción es de monumento....,,10.0,2024-05-12,muy bien
the river hostel,uruguay,cama en habitación compartida mixta de 8 camas,1,persona que viaja sola,decepcionante,buena ubicación,"es un hostel muy grande, descuidado y bastante ruidoso. durante el día no se puede estar casi en los espacios comunes. ocasionalmente suena la alarma para incendios en momentos aleatorios, lo que complica bastante poder descansar de forma apropiada.",4.0,2024-05-12,muy bien
the river hostel,españa,cama en habitación compartida mixta de 6 camas,2,persona que viaja sola,todo me gusta en este gran hostel,todo me gusta en este gran hostel! es una casa con mucha solera en la mejor zona de valencia...,,10.0,2024-05-09,muy bien
the river hostel,uruguay,litera en dormitorio compartido mixto con 10 camas,1,persona que viaja sola,genial,"todo , lo cómodo , amplio , limpio, ubicación, personal",,10.0,2024-05-08,muy bien
the river hostel,colombia,litera en dormitorio compartido mixto con 10 camas,1,persona que viaja sola,excepcional,"todo muy bien, limpieza, atención, ubicación. recomendadisimo",,10.0,2024-05-07,muy bien
the river hostel,méxico,cama en habitación compartida mixta de 6 camas,1,persona que viaja sola,buena opcion,"excelente opción. el personal muy amable, el lugar muy limpio, ordenado y comodo. esta muy bien ubicado.",,10.0,2024-05-02,muy bien
the river hostel,francia,litera en una habitación compartida femenina,3,persona que viaja sola,una experiencia perfecta en valencia,"me gustó mucho todo! las camas son muy cómodas, el lugar es muy limpio y no hay ruido durante las noches cara feliz con ojos sonrientes si pagas 4  más cada noche puedes también comer el desayuno que es super rico, puedes elegir muchas cosas, es muy completo! el personal es también super simpático y el hostel está perfectamente localizado! lo recomiendo 100  sol",nadaaa todo fue perfecto!,10.0,2024-04-30,muy bien
the river hostel,españa,litera en habitación compartida mixta de 12 camas,1,persona que viaja sola,excepcional,atención amplitud,me gustó todo,10.0,2024-04-25,muy bien
the river hostel,méxico,litera en habitación compartida mixta de 12 camas,1,persona que viaja sola,excepcional,excelente como siempre,,10.0,2024-04-22,muy bien
the river hostel,españa,litera en una habitación compartida femenina,2,persona que viaja sola, esperando haya suerte con lxs compañerxs de habitación  es lo sencillo: ni más ni menos que una cama con luz de noche y,la ubicación bastante bien aunque no excelente. autobuses cerca y el metro más cercano era colón a aproximadamente 8 cuadras.,"lxs compañerxs de habitación no respetaban los horarios de descanso: entraban y salían varias veces, conversaban alto, dejaban su ropa y pertenencias en el piso dificultando el tránsito, todo entre las 3-4 am",5.0,2024-04-21,muy bien
the river hostel,colombia,litera en habitación compartida mixta de 12 camas,2,persona que viaja sola,excepcional,me encanto la privacidad de la cama y la amabilidad de todo el personal,"durante los días de mi estancia, hubo un grupo de estudiantes bastante ruidoso.",10.0,2024-04-18,muy bien
the river hostel,brasil,litera en dormitorio compartido mixto con 10 camas,5,persona que viaja sola,mira a todos los estudante e turista lhes asseguro que es un estabelicito organizado e limpio para a,yo me senti en casa cuando conoci rafael que es el portugues que ablar mi edioma e e la gerente no me acuerdo su nombre e de la maginica e la sara que acido muy amablre comigo ou seas e tambem el tenicono que no me orvido el nombre exuberante de simplicidade e muita elegancia e simpatia as superado todas mis espctivas estoy muy contento gracias todas las vezes que me boy a valencia me quedo nesse sitio com mucho gusto,me gustou de todo do estabelicimentos pero de los chicos rafael e sara e la engardada todos muy limpio e organizado sinceramente me lo hey passado bien ou no tengo que doque me quejar de nada,10.0,2024-04-16,muy bien
the river hostel,colombia,litera en habitación compartida mixta de 12 camas,2,persona que viaja sola,excepcional,"súper recomendado, todo muy limpio, el personal muy atento.",,10.0,2024-04-15,muy bien
the river hostel,argentina,litera en una habitación compartida femenina,2,persona que viaja sola,muy bueno todo!,"muy limpio todo, muy amable el personal.","lo que cambiaría es que tengan en cuenta en las actividades que incluyan el idioma español, no solo el inglés.",10.0,2024-04-14,muy bien
the river hostel,argentina,litera en habitación compartida mixta de 12 camas,2,persona que viaja sola,lo recomiendo. volvería.,muy lindo el lugar. buen desayuno. buena ubicación. buena calidad del personal. sin dudas volvería!,"la almohada era muy fina, para nada cómoda. deberían cambiarlas.",10.0,2024-04-09,muy bien
the river hostel,españa,litera en habitación compartida mixta de 12 camas,2,persona que viaja sola,agradable,ubicación,orientación tours,6.0,2024-04-09,muy bien
the river hostel,españa,litera en habitación compartida mixta de 12 camas,2,persona que viaja sola,excepcional,"la ubicación es estupenda aparte que el lugar vibra con una energía particularmente agradable. he tenido la oportunidad de quedarme en otras ocasiones y está no fue diferente en lo cómodo, seguro y agradable de la experiencia. llegar en la noche después de recorrer y conocer la vida nocturna de valencia fue sencillo pues está cerca de todo al mismo tiempo",,10.0,2024-04-02,muy bien
the river hostel,españa,litera en dormitorio compartido mixto con 10 camas,1,persona que viaja sola,pésimo,,muy sucio y ruidoso.,1.0,2024-03-27,muy bien
the river hostel,españa,cama en habitación compartida mixta de 6 camas,3,persona que viaja sola,excepcional,"la ubicación del hostel, su tranquilidad, sus instalaciones",todo estuvo perfecto,10.0,2024-03-27,muy bien
the river hostel,argentina,litera en habitación compartida mixta de 12 camas,1,persona que viaja sola,agradable,el desayuno,"las camas son re incomodas y yo reservé habitacion compartida, pero en el cuadradito de 4 camas en el que me tocaba estar me pusieron con puros hombres y una, siendo mujer, se pone incómoda",6.0,2024-03-27,muy bien
the river hostel,españa,litera en una habitación compartida femenina,1,persona que viaja sola,"más que satisfecho para lo que uno busca, dormir.","había cometido un error a la hora de elegir habitación, fueron muy amables y eficaces en solucionar el problema. gracias!",,10.0,2024-03-26,muy bien
the river hostel,españa,litera en dormitorio compartido mixto con 10 camas,2,persona que viaja sola,ubicación perfecta para cualquier combinación,"- amabilidad en recepción - solicité la cama inferior de la litera, y así me la facilitaron - la comodidad de la cama y la almohada, especialmente la almohada - cada cama tiene una cortina opaca que da casi total intimidad - la cocina amplia - el desayuno ofrecido era variado - tanque de agua para rellenar tus botellas sin coste alguno - el baño muy cómodo, amplio y muy limpio - las zonas comunes muy tranquilas y limpias, con multitud de enchufes para conectar tus dispositivos",- la masificación de la habitación: el resto de huéspedes no quería la ventana abierta y en la madrugada el ambiente era muy cargado - que el baño esté independiente de la habitación hace que ir en la madrugada sea un poco molesto,10.0,2024-03-23,muy bien
the river hostel,españa,litera en una habitación compartida femenina,2,persona que viaja sola,excepcional,el ambiente tranquilo y limpio,,10.0,2024-03-14,muy bien
the river hostel,ecuador,litera en una habitación compartida femenina,2,persona que viaja sola,no dudes en hospedarte en the river hostel,"lo cómodo y limpio que estaba. y un 10 10 en la atención. algo que no mencionan mucho es el tema de guardar el equipaje el cual es importante, las habitaciones están creadas para que puedas guardar el equipaje con seguridad, no olviden llevar candado, aunque ellos te dan uno al ingreso.","el ascensor es un poco viejo pero funciona muy bien, realmente no tengo quejas.",10.0,2024-03-12,muy bien
the river hostel,españa,litera en dormitorio compartido mixto con 10 camas,3,grupo,decepcionante,el desayuno,"los espacios no eran como se muestran en las fotos, a la noche no se respetaron los horarios de silencio. mi amiga pagó 20  menos que yo por el mismo servicio  estafa ",4.0,2024-03-05,muy bien
the river hostel,perú,litera en habitación compartida mixta de 12 camas,2,familia,bbb,"hola, nos gusto mucho la ubicacion del hostel, el desayuno pofrecido tambien, nos quedamos 02 noches y fue conveniente tomar el desayuno. tienen cocina con todo equipado para que puedas preparar tu propia comida. lo que me parecio genial, es que te den candado para los cajones debajo de tu cama - gratis -  muchas hostel no te ofrecen eso . te permiten dejar tu maleta en custodia, sin costo adicional.","lo que no nos gusto, fue que en la mañana al tomar el desayuno, tenias que salir y bordear la esquina del hostel para volver a entrar a salon designado. despues de eso, todo fue genial.",10.0,2024-03-02,muy bien
the river hostel,españa,litera en habitación compartida mixta de 12 camas,2,persona que viaja sola,bien pero podría mejorar bastante,la ubicación,"el ambiente en el hostel era muy frío, las zonas comunes no propician la comunicación entre los huéspedes.",5.0,2024-02-29,muy bien
the river hostel,argentina,litera en habitación compartida mixta de 12 camas,1,persona que viaja sola,excelente,"atención, limpieza y ubicación excelente! ",,10.0,2024-02-17,muy bien
the river hostel,españa,litera en habitación compartida mixta de 12 camas,2,persona que viaja sola,excepcional,todo genial.,,10.0,2024-02-15,muy bien
the river hostel,argentina,cama en habitación compartida mixta de 4 camas,3,persona que viaja sola,excepcional,excelente el desayuno. la cocina muy confortable y completa. habitaciones amplias,todo muy bien,10.0,2024-02-14,muy bien
the river hostel,españa,litera en habitación compartida mixta de 12 camas,1,persona que viaja sola,agradable,está bien,"no poder usar las zonas comunes de noche ,ni cocina ni salón",6.0,2024-02-12,muy bien
the river hostel,colombia,litera en una habitación compartida femenina,6,persona que viaja sola,excepcional,es un lugar ideal para esas vacaciones cortas,el personal le falta un poco más de entrenamiento por el cliente. no brinda la información completa si no se la solicitan. tienen características de ser pasantes o practicantes.,10.0,2024-02-12,muy bien
the river hostel,países bajos,litera en habitación compartida mixta de 12 camas,1,persona que viaja sola,excepcional,las instalaciones.limpias y comodas,,10.0,2024-02-08,muy bien
the river hostel,españa,litera en dormitorio compartido mixto con 10 camas,3,pareja,volveré,el ambiente y la comodidad,la gente era un poco sucia en la cocina,10.0,2024-02-08,muy bien
the river hostel,costa rica,litera en habitación compartida mixta de 12 camas,3,persona que viaja sola,muy buen sitio,"todo estaba super ordenado y la ubicación es bastante sencillo el movilizarse, la habitación estaba muy cómoda y el desayuno muy bien organizado. el personal es amable.","durante el check-in no te dan información al inicio de las actividades o información turística, ni cómo funciona el hostel, sería bueno como una introducción.",10.0,2024-02-02,muy bien
the river hostel,españa,litera en dormitorio compartido mixto con 10 camas,5,pareja,excepcional,"mi mamá se quedó aquí porque yo estaba trabajando aún. el personal muy colaborador, muy atento con ella que es una señora mayor. el área de lobby muy calida, colorido y cómoda, la cocina excelente   aunque los mismos usuarios a veces no mantienen la limpieza  , la cama es grande para ser individual y en relación calidad precio está bien, los baños limpios cuentan con secadora y plancha para el cabello en caso de las damas, otras opciones como poder rentar una toalla, entre otras ... quedé muy satisfecha porque trataron a mi madre muy bien",,10.0,2024-02-02,muy bien
the river hostel,argentina,litera en una habitación compartida femenina,1,persona que viaja sola,excepcional,instalación,,10.0,2024-01-28,muy bien
the river hostel,españa,cama en habitación compartida mixta de 6 camas,2,grupo,mejor hostel donde me he quedado!,"el lugar súper limpio, la gente muy buena onda, las camas cómodas, fuimos un grupo de 6 y lo pasamos increíble, repetiríamos cara radiante con ojos sonrientes también la ubicación muy buena, cerca del centro y del turia.","una cosa sería de repente el mal olor en los baños, sin embargo, la señora de la limpieza los limpiaba de seguido.",10.0,2024-01-28,muy bien
the river hostel,argentina,cama en habitación compartida mixta de 6 camas,4,persona que viaja sola,"buena estadía, se debe prestar atención a que las personas problematicas no incomoden al resto.","el hostel está muy bien ubicado tanto como par ir a conocer el centro histórico como para realizar paseos en el parque. para ir a la playa es necesario tomar un bus o el tram, unos 20 minutos de viaje, está muy bien. el hostel es confortable, en cada piso hay baños y vestuarios con duchas. en general tienen un buen servicio de limpieza, muchas veces el problema no son los trabajadores sino las personas y su mala educación para mantener la limpieza. el wifi funciona muy bien, he trabajado desde el hostel sin problemas.",durante mi estadía en el hostel estuvieron hospedadas distintas personas que fueron problematicas tanto para los viajeros y turistas como para los trabajadores del hostel. de todos modos la encargada del hostel resolvió el problema y terminó expulsando a una de las personas problematicas. otro grupo de personas que eran problematicas sin embargo persistieron más tiempo en el hostel incluso causando otros problemas de convivencia.,6.0,2024-01-24,muy bien
the river hostel,españa,litera en dormitorio compartido mixto con 10 camas,2,persona que viaja sola,aceptable,nada más. lo obvio es obvio.,paso total.,5.0,2024-01-20,muy bien
the river hostel,españa,litera en dormitorio compartido mixto con 10 camas,1,persona que viaja sola,bien.,no está muy céntrico pero tiene muchas líneas de buses. la ubicación está bien.,cuando pregunté por alguna playa cerca no supieron explicarme donde había alguna. tenía ilusión de ir a ver una.,6.0,2024-01-20,muy bien
the river hostel,,litera en una habitación compartida femenina,1,persona que viaja sola,excepcional,el alojamiento fav de valencia! en pleno centro y personal super simpático siempre!,,10.0,2024-01-19,muy bien
the river hostel,argentina,cama en habitación compartida mixta de 6 camas,1,grupo,noche de un nefasto.,buena ubicacion. lindo edificio.,"fui directamente al hostel por la noche ya que había perdido el bus para viajar. al llegar el recepcionista me dijo que esas no eran horas de llegar y que no me alquilaría nada. me metí aquí en booking, alquile la cama y no le quedo mas opción que hacerme el checkin. no me explico absolutamente nada, ni me indico donde estaba el cuarto ni los baños ni me dio ropa de cama. absolutamente nada.",1.0,2024-01-18,muy bien
the river hostel,españa,litera en una habitación compartida femenina,1,persona que viaja sola,precario y descuidado y sucio por las obras.,"que había café gratis durante el día hasta las 20 horas que en otro sitio no hay, aunque yo no bebo cafe","la mala mantención, cosas que se rompen nadie las ve ni las reparan. yo tuve que avisar de los desperfectos, en un enchufe del secador que tenía los cables a la vista, y la bisagra de mi caja devla caja 6 hsb. 35 estaba rota , avisé el primer día y nadie vino a repararla hasta 5 días después cuando avise por segunda vez. la habitación 35 no tuvo nunca calefacción, el aparato no funciona, cuando avise el primer día no hicieron nada , lo encendían y salía aire frío. al tercer día avisé de nuevo ...lo encendían a 27 grados y salía aire frío. que muy a menudo se bloquean las puertas, no funciona bien la clave y la puerta por ende no se abre. hay que bajar hasta la recepción pues las chicas no contestan nunca el teléfono, lo dejan sonar y hay que bajar para que te la desbloqueen. las duchas están mal hechas pues se acumula el agua de la ducha en el suelo. la luz de las duchas, tercer piso mujeres, se apaga y hay que darme la ducha a oscuras. si no hay ninguna persona más en las duchas la luz continúa apagada no hay ningún palito en el suelo para pisar cuando se sale de la ducha. la ventana se abre sola y te da en el cuerpo mojado todo el aire frío del invierno.",5.0,2024-01-18,muy bien
the river hostel,españa,litera en habitación compartida mixta de 12 camas,1,persona que viaja sola,fenomenal,todo y el personal,,10.0,2024-01-17,muy bien
the river hostel,argentina,litera en habitación compartida mixta de 12 camas,4,grupo,aceptable,,"habitaciones descuidadas, algo sucias.",5.0,2024-01-16,muy bien
the river hostel,españa,litera en dormitorio compartido mixto con 10 camas,1,persona que viaja sola,limpieza de la cocina,todo muy bien pulgar hacia arriba,limpieza de la cocina !!!!!!!!!!!!!       ,10.0,2024-01-10,muy bien
the river hostel,uruguay,litera en habitación compartida mixta de 12 camas,1,pareja,excelente vale la pena,cómodo y limpio,,10.0,2024-01-08,muy bien
the river hostel,españa,litera en habitación compartida mixta de 12 camas,1,persona que viaja sola,ideal para viajeros ligeros,el personal tiene un trato excelente con el cliente. todo son facilidades,no encuentro nada reseñable,10.0,2023-12-31,muy bien
the river hostel,alemania,cama en habitación compartida mixta de 8 camas,1,persona que viaja sola,excelente lugar,"el lugar es esta muy bien. la gente es amable, muy atentos. las instalaciones super",,10.0,2023-12-30,muy bien
the river hostel,españa,litera en habitación compartida mixta de 12 camas,2,pareja,"excelente lugar, muy recomendable","atención, excelentes instalaciones y muy limpio, los desayunos eran muy buenos...",todo estuvo a la altura de mis expectativas,10.0,2023-12-30,muy bien
the river hostel,españa,litera en dormitorio compartido mixto con 10 camas,3,persona que viaja sola,excepcional,muy buen ambiente. super bien situado limpio y espacioso. buen desayuno,,10.0,2023-12-28,muy bien
the river hostel,argentina,litera en habitación compartida mixta de 12 camas,2,pareja,excepcional,"instalaciones, ubicación, espacios comunes, cama cómoda, cocina grande y muy equipada, buena atención!",,10.0,2023-12-25,muy bien
the river hostel,españa,cama en habitación compartida mixta de 4 camas,2,persona que viaja sola,normal,"los baños y las duchas, la comodidad de la cama.","el personal femenino educado pero el chico de jersey blanco es un maleducado. tuve que hacer el check in en inglés ya que él, que habla español, ni me miró. las ventanas no aíslan y se oye todo lo que ocurre en la calle. llevad tapones para los oídos si soy de sueño ligero.",6.0,2023-12-25,muy bien
the river hostel,españa,cama en habitación compartida mixta de 4 camas,1,persona que viaja sola,agua de la ducha fria,cama amplia y limpieza,"el agua de la ducha salía tibia por no decir fria por la tarde noche hacía frio en los pasillos y en la habitación, y en cambio por la mañana demasiado calor",6.0,2023-12-19,muy bien
the river hostel,argentina,cama en habitación compartida mixta de 4 camas,2,grupo,muy cómodo y bien ubicado,las habitaciones de cuatro personas son amplias y están bien las camas.,no había mucho  ambiente  de hostel.,10.0,2023-12-17,muy bien
the river hostel,españa,litera en una habitación compartida femenina,1,persona que viaja sola,espectacular,"honestamente, es el mejor hostal en el que yo nunca estuve, y menos aún por el precio que tiene. los recepcionistas son pacientes, educados y bastante enrollados. en general en el hostal se respira bastante muy buen ambiente, la gente que va es de todas las edades, lo cual ayuda a un entorno de paz en general. todo está muy cuidado. hay lavadora y secadora cada una por unos 3 euros aprox, de uso sencillo, también un patio superior para tender la ropa. las habitaciones son bastante espaciosas y sobretodo casi todas con un balcon o dos, muy luminosas y diáfanas. el desayuno, por 3.90 ,pagándolo el día anterior; la verdad es que espectacular. hay tres tipos de panes diferentes  baguette y tambien pan de molde blanco e integral ; café y leche de vaca y también vegetal caliente a disposición, yogures de distintos sabores, mantequilla y mermelada de buena calidad, nutella a disposición, mini croissants, cuatro tipo de embutidos, queso en lonchas, manzanas, cinco tipo de cereales diferentes. también había bollitos en packs individuales. había tomate triturado, aceite de oliva virgen. de verdad un diez, todo superlimpio y el ambiente tranquilo y agradable. los baños también molan bastante, me repito pero: muy limpios, nuevos, cuidados y cómodos. aunque estés en habitaciones de varias camas, tú en el baño tienes además de taza, lavabo,espejo y secador de manos para ti solo. afuera tienen secador rowenta y también plancha de pelo a disposición de quién la quiera usar. el ascensor funciona perfectamente y es espacioso. a pesar de que cositas que no me gustan, porque yo cuento todo todo se merece un 10 porque las ventajas ganan con muchas creces.","yo creía  culpa mía ;que estaría más cerca de la playa pero está alrededor de unos 30 minutos en bus.lo bueno es que del centro histórico está a 5-10 minutos a pie. las escaleras de metal para subir a la litera de arriba son muy estables pero las barras redondas se clavan bastante en las plantas de los pies para mi punto de vista. hay bastante silencio en general sin embargo, si alguien ronca lo puedes escuchar desde fuera de la habitación  las paredes pueden ser algo finas . como en todo hostal, recomiendo tapones. un detalle que no me gustó mucho es que muchos de los becarios de recepcion no hablan nada nada de español y te piden si les puedes hablar en inglés, a mí en lo particular, aunque sean nuevos en la profesión se me hace muy desagradable que en el país donde vivo se me sugiera comunicarme en inglés si me ofrecen un servicio pero es verdad que no tengo muy claras las funciones exactas de los becarios. solo me parece que algunos de ellos al menos deberían tener interés o al menos intentar hablar el idioma del lugar en el que trabajan, por una cuestión de profesionalidad y respeto cultural.",10.0,2023-12-16,muy bien
the river hostel,españa,litera en habitación compartida mixta de 12 camas,2,persona que viaja sola,excepcional,muy profesional,,10.0,2023-12-14,muy bien
the river hostel,portugal,cama en habitación compartida mixta de 4 camas,1,persona que viaja sola,muy bueno el hostel,es muy lindo el lugar y excelente ubicación,,10.0,2023-12-07,muy bien
the river hostel,chile,litera en habitación compartida mixta de 12 camas,1,persona que viaja sola,regular,la ubicación,la comunicación y el ruido de las habitaciones,6.0,2023-12-05,muy bien
the river hostel,españa,litera en habitación compartida mixta de 12 camas,3,persona que viaja sola,aceptable,poca cosa. compartir la habitación con 12 personas es complicado. el desayuno fue lo que me gustó más.,no me gustó la poca comodidad y poca luz en las habitaciones y por eso me dejé la camiseta con mi dorsal de la maratón. ocupaba la habitación 12 cama 10. como puedo recuperar la camiseta con mi nombre joan?,5.0,2023-12-04,muy bien
the river hostel,argentina,cama en habitación compartida mixta de 6 camas,3,persona que viaja sola,muy bueno,"todo muy bueno, como punto positivo me permitieron dejar las valijas sin ningun costo ya que llegue un poco antes del horario de ingreso","lo unico que senti que falto, pero no es indispensable, es un estantecito en la cama para poder dejar cosas a mano",10.0,2023-12-03,muy bien
the river hostel,estados unidos,cama en habitación compartida mixta de 8 camas,4,persona que viaja sola,me encanto y volvere a quedarme aqui,"la ubicacion es centrica en el mismo centro de la comunidad del carmen. en cuanto a los cuartos de el 3er piso donde me quede, los encontre super comodos, tranquilo y super limpio.",,10.0,2023-12-03,muy bien
the river hostel,españa,litera en habitación compartida mixta de 12 camas,2,persona que viaja sola,falta de profesionalidad y mucho ruido. no repito,,"la chica de recepción fue bastante seca y desagradable, estaba con dos chicos  uns chica rubia y un chico  que creo que ambos estaban aprendiendo las tareas de recepción, pero la  veterana  tenía pocas ganas de trabajar, no se me explicó absolutamente nada durante el c i a excepción de donde se encontraba mi habitación. esta lleno de gente muy joven  18 23 años  que hacen mucho ruido. la zona horrible para aparcar so viene con coche. de dos noches que reservé sólo dormí una. fatal!",5.0,2023-12-02,muy bien
the river hostel,españa,litera en una habitación compartida femenina,1,persona que viaja sola,buena estancia,ubicación,,10.0,2023-12-01,muy bien
the river hostel,españa,litera en habitación compartida mixta de 12 camas,2,persona que viaja sola,excepcional,"el trato, la limpieza y su comodidad. todo volvere",,10.0,2023-11-30,muy bien
the river hostel,españa,litera en habitación compartida mixta de 12 camas,1,persona que viaja sola,excepcional,"lidia, tamara, sara, jordi....gran equipo.... gracias por todo.",,10.0,2023-11-28,muy bien
the river hostel,españa,litera en habitación compartida mixta de 12 camas,1,persona que viaja sola,excepcional,las chicas de la recepción muy atentas y agradables,,10.0,2023-11-28,muy bien
the river hostel,españa,litera en habitación compartida mixta de 12 camas,1,persona que viaja sola,decepcionante,ubicacion y desayuno,me dieron una cama que no era que ya estaba ocupada mi cama no tenia cobija y me toco pedirla,4.0,2023-11-27,muy bien
the river hostel,españa,litera en dormitorio compartido mixto con 10 camas,2,persona que viaja sola,excepcional,la tranquilidad y la buena ubicación del sitio,todo guay,10.0,2023-11-24,muy bien
the river hostel,españa,litera en dormitorio compartido mixto con 10 camas,3,persona que viaja sola,excepcional,las personas que trabajan en el hostel,,10.0,2023-11-23,muy bien
the river hostel,españa,litera en habitación compartida mixta de 12 camas,3,grupo,encantada!,"me encantó sobretodo la acogida, el buen rollo, la predisposición del personal y organización de actividades para que las personas que se hospeden se integren y se relacionen","todo estaba muy bien, a lo mejor una reforma para mejorar y actualizar muebles no vendría mal pero todo muy bien!",10.0,2023-11-22,muy bien
the river hostel,españa,litera en una habitación compartida femenina,1,persona que viaja sola,uno de los mejores hostels,"uno de los hostels donde e dormido mejor. literas de madera que apenas hacían ruido cuando alguien baja o sube de ella, cortinas para mayor privacidad y cajón en la litera con candado. bastantes baños y muy limpios. agua fría gratis, este punto para mí es un plus muy importante haha. pagar dos euros más solo para dormir con mujeres fue un acertazo. esta muy bien ubicado. te guardan las maletas aunque hagas check out.",el calor. me ha pasado en más de un hostel. sudo y paso frío por las noches.,10.0,2023-11-18,muy bien
the river hostel,paraguay,litera en habitación compartida mixta de 12 camas,5,persona que viaja sola,bien dentro todo !,la buena atención!,"le falta más limpieza, no cambiaban las sábanas de la habitación y me quedé casi una semana , el desayuno que ofrecían bien , solo faltaba jugos naturales !",6.0,2023-11-17,muy bien
the river hostel,argentina,litera en una habitación compartida femenina,1,persona que viaja sola,excepcional,las instalaciones y el personal,,10.0,2023-11-14,muy bien
the river hostel,españa,litera en habitación compartida mixta de 12 camas,3,persona que viaja sola,excepcional,"la acogida como la convivencia, gente maja y sonriente. la sonrisa es contagiosa en este hostel.","todo bien, de verdad pulgar hacia arriba",10.0,2023-11-10,muy bien
the river hostel,chile,litera en habitación compartida mixta de 12 camas,1,persona que viaja sola,una maravilla,"el mejor en el que he estado, ubicación excelente, cortinas en las camas para más privacidad, todo limpio, desayuno excelente, atención del personal maravillosa",,10.0,2023-11-08,muy bien
the river hostel,méxico,litera en una habitación compartida femenina,2,familia,valencia noviembre,"la ubicación es excelente, muy cerca de la catedral y de loa puntos históricos, también cerca del bus que te lleva al acuario.","la verdad todo es muy bueno, si a caso añadiría algo más de variedad en el desayuno.",10.0,2023-11-08,muy bien
the river hostel,españa,cama en habitación compartida mixta de 8 camas,2,persona que viaja sola,excepcional,el personal súper agradable y atentos. un poco retirado del casco viejo pero la ciudad se recorre caminando.,,10.0,2023-11-05,muy bien
the river hostel,colombia,litera en dormitorio compartido mixto con 10 camas,2,persona que viaja sola,excepcional,el personal muy atento siempre con una sonrisa,todo muy bien,10.0,2023-11-03,muy bien
the river hostel,españa,cama en habitación compartida mixta de 4 camas,1,persona que viaja sola,aceptable,buena ubicación. atención buena por el personal  aunque algunos fallos de entendimiento por barreras idiomáticas . wifi funciona correctamente y los baños son aceptables.,"las camas suenan como carro de chatarra hasta cuando estas tumbado. pedi con antelación cama baja, sin embargo, no me fue asignada  ya estaba medianamente advertido por el hostal .",6.0,2023-11-03,muy bien
the river hostel,chile,litera en una habitación compartida femenina,2,pareja,pésima y no recomendada hostal,la ubicación,"hostel terrible! hicimos el check-in a las 11 de la mañana  sin ningún problema   podíamos entrar recién a las 2 a las habitaciones  y nos fuimos a recorrer la ciudad, a las 5 de la tarde nos llaman de que no nos podíamos alojar en la hostal por que tenían overbooking -situación entendible si nos hubiesen dicho esto al llegar, no cuando ya hasta nos habían hecho firmar las reglas de la hostal. la unica solución era irnos a otra hostal o nos devolvían el dinero, situación problematica ya que viajabamos con 2 amigas más que si se iban a poder alojar en esa hostal, cero intención de buscar alguna otra solución por parte del personal, el cual insistio en que  sino nos devolvia el dinero y nos buscabamos otra cosa , medio punto a favor de que nos regalaran el desayuno por 2 días, cosa que literal pedimos por el mal rato que nos estaban haciendo pasar, porque sino ni se les pasa por la cabeza. además de todo esto durante el desayuno el personal se olvido de poner algunas cosas y de reponer otras y  cuál sería el detalle de todo esto? que de eso nos enteramos por que dos personas del personal estaban discutiendo en plena recepción y no en un tono que no se escuchara, para eso lo profesional sería salir del hostel, no ponerse a discutir con huéspedes alrededor. la verdad no recomiendo este hostel, si pudiese evaluar con un 0 lo haría. si agradezco al  center valencia youth hostel  que nos tuvo que recibir después de toda esta situación y nos recibieron de la mejor forma!",1.0,2023-11-02,muy bien
the river hostel,argentina,cama en habitación compartida mixta de 4 camas,2,persona que viaja sola,excelente,"el lugar es muy lindo, hice buenos grupos, la ubicación es ideal, la cama muy comoda y la atención del personal excelente. el desayuno es el tio continental super abundante y rico.",la verdad no tengo nada malo que decir.,10.0,2023-11-01,muy bien
the river hostel,colombia,litera en habitación compartida mixta de 12 camas,2,persona que viaja sola,excelencia y calidad ,la ubicación del hostal me encantó y lo limpio que es.,"al momento del check in un poco demorados, nada que no se pueda manejar. el autocheck in estaba sin funcionamiento.",10.0,2023-10-31,muy bien
the river hostel,méxico,litera en una habitación compartida femenina,2,persona que viaja sola,excelente lugar,"excelente atención, buenos servicios me gustó la dinámica del hostal regresaría definitivamente.",que los cargos extras se hicieron después del alojamiento pero bueno solo gastas lo que usas,10.0,2023-10-31,muy bien
the river hostel,argentina,cama en habitación compartida mixta de 4 camas,2,persona que viaja sola,excepcional,"muy buen desayuno ,muy completo con mucha variedad. el personal muy amable y no tienen inconveniente en guardar el equipaje o que uses el baño cuando ya realizaste el check out",,10.0,2023-10-30,muy bien
the river hostel,,litera en habitación compartida mixta de 12 camas,4,persona que viaja sola,excepcional,"el personal súper agradable, ubicación, calidad  precio... volvería y por supuesto muy recomendable señal de aprobación con la mano",,10.0,2023-10-23,muy bien
the river hostel,españa,litera en habitación compartida mixta de 12 camas,1,persona que viaja sola,excepcional,las habitaciones son tranquilas y las camas tienen cortinas para una mayor privacidad. te dejan un candado en recepción para tus pertenencias y al día siguiente puedes guardar tu equipaje si lo necesitas. los baños y las duchas también estan muy bien.,,10.0,2023-10-23,muy bien
the river hostel,españa,litera en una habitación compartida femenina,2,persona que viaja sola,"alojamiento cómodo, limpio y céntrico","me gustó que las camas de las literas tuviesen una cortina para darle intimidad, también su propia luz, enchufe, perchero y baul para maleta con candado. en las duchas había también secador de pelo que no sale en la descripción de los servicios. te proporcionan las sabanas, almohada y edredon pero la toalla se solicita aparte bajo fianza.","la luz del cuarto de las duchas se apaga automáticamente después de un tiempo y hay que situarse bajo el sensor para que se vuelva a encender. el problema es que el sensor no está en el habitaculo de cada ducha, por lo que se te apaga la luz mientras te duchas y tienes que salir mojada y a oscuras hasta el sensor.",10.0,2023-10-21,muy bien
the river hostel,españa,litera en dormitorio compartido mixto con 10 camas,1,persona que viaja sola,mola !,las instalaciones y el ambiente,el piso sucio,10.0,2023-10-20,muy bien
the river hostel,dinamarca,cama en habitación compartida mixta de 8 camas,5,persona que viaja sola,excepcional,"el hambiente que tiene y que tiene muchas áreas de común, la flexibilidad de varias cosas como por ejemplo en la áreas comunes que se pueda jugar y conocer gente nueva hasta tarde, o que aveces el personal hace comidas para integra a la.gente. otro punto importante es que tienen un muy buen desayuno","creo que las instalaciones de baños, por lo menos en el pirmier piso, se podrían modernizar así como la cocina  aunque está muy bien equipada ",10.0,2023-10-11,muy bien
the river hostel,argentina,litera en habitación compartida mixta de 12 camas,2,persona que viaja sola,"bien, para ser mi segundo hostel bien. excelente ubicación pero sin duda mejoraría la limoieza d ellos espacios de higie",la ubicación y amabilidad de la recepcionistas.,"las habitaciones sin aire acondicionado, con calor los duchas sucias con olor a pis.las sábanas manchadas.",6.0,2023-10-09,muy bien
the river hostel,españa,cama en habitación compartida mixta de 6 camas,1,grupo,excepcional,"muy limpio, muy buen ambiente personal muy agradable",todo bien,10.0,2023-10-08,muy bien
the river hostel,españa,litera en dormitorio compartido mixto con 10 camas,1,persona que viaja sola,agradable,opción de guardar tus cosas en el mismo lugar,"el olor de disolvente , estaban en remodelación al parecer",10.0,2023-09-29,muy bien
the river hostel,república checa,cama en habitación compartida mixta de 6 camas,1,persona que viaja sola,que lindo lugar,"excelente lugar, muy cómodo y bien organizado. lindo balcón y servicio . mejor opción si no tienes problema con compartir habitación",,10.0,2023-09-28,muy bien
the river hostel,chile,litera en habitación compartida mixta de 12 camas,7,persona que viaja sola,valencia te amo,el espacio es perfecto para hacer amigos y disfrutar del bar y la ciudad,a veces las recepcionistas eran un poco zor  s pero bien es su cultura quizas.,10.0,2023-09-20,muy bien
the river hostel,españa,litera en dormitorio compartido mixto con 10 camas,1,grupo,me encanta el sitio seguramente repita,"me gustó mucho la diversidad de personas que hay y el buen rollo que se crea, hablando con con gente de todas partes etc, también me gustó el hostal como tal super agradable y cómodo","lo que no me gustó mucho es que al ser cocina compartida cada uno lava sus platos y utensilios utilizados, habían cosas que no estaban bien limpias, pero no es algo limitador.",10.0,2023-09-12,muy bien
the river hostel,españa,litera en una habitación compartida femenina,1,grupo,excepcional,la limpieza y la atención del personal.,,10.0,2023-09-11,muy bien
the river hostel,españa,litera en una habitación compartida femenina,2,grupo,excepcional,"todas las instalaciones están en perfecto estado, el hostel es muy completo. tanto la cocina como los baños y las habitaciones son confortables y acogedores. si eres joven es un lugar perfecto para conocer gente y aprender idiomas, ya que hay gente de todas partes del mundo y mientras desayunas o en las habitaciones se te acercan a hablar  en inglés .",,10.0,2023-09-10,muy bien
the river hostel,españa,litera en habitación compartida mixta de 12 camas,1,persona que viaja sola,corta estancia pero de 10 10,"buena ubicación, personal muy amable, instalaciones guay, todo perfecto",,10.0,2023-09-09,muy bien
the river hostel,españa,cama en habitación compartida mixta de 4 camas,1,persona que viaja sola,excepcional,,faltaban platos de la cocina mientras preparaba la cena,10.0,2023-09-02,muy bien
the river hostel,españa,cama en habitación compartida mixta de 8 camas,7,persona que viaja sola,experiencia inmejorable,"lo que más me gustó fue el trato del personal, destacar a jesús  mantenimiento . super atentos siempre. tambien me gustó la cantidad de actividades que organiza el propio hostel, tanto las gratuitas como las de pago.","quedé satisfecha con todo, no puedo destacar nada que no me gustara",10.0,2023-09-02,muy bien
the river hostel,españa,litera en habitación compartida mixta de 12 camas,1,persona que viaja sola,excepcional,la limpieza de los aseos magnifica y de todo en general muy bien. todo muy bien organizado. la atención es excelente,,10.0,2023-08-29,muy bien
the river hostel,suiza,cama en habitación compartida mixta de 8 camas,1,persona que viaja sola,sitio ideal para viajar sola !,"me ha encantado el lugar. súper bonito cuidado al detalle, limpio. los espacios comunes invitan tanto a conocer gente como a tener un rato de lectura a solas. sin duda para repetir.",,10.0,2023-08-28,muy bien
the river hostel,españa,litera en dormitorio compartido mixto con 10 camas,2,persona que viaja sola,bien.,"la ubicación y la zonas comunes son muy buenas. todo el staff del hostel fue increíble y súper amable! realizan actividades variadas que está buenas para concer la ciudad y, sobre todo, personas nuevas!","quizás podrían modernizar un poco lo que son las habitaciones ya que se las nota descuidadas, al igual que los baños. el desayuno podría contener un poco más de variedad pero para el precio del mismo, aplica.",5.0,2023-08-28,muy bien
the river hostel,colombia,litera en dormitorio compartido mixto con 10 camas,2,persona que viaja sola,excepcional,"muy atentos a todo lo que uno necesite, un lugar muy limpio y dinámico, el desayuno estuvo espectacular",,10.0,2023-08-22,muy bien
the river hostel,uruguay,litera en dormitorio compartido mixto con 10 camas,3,grupo,aceptable,los lugares comunes y la limpieza,las habitaciones con la luz y ruido 24 7,5.0,2023-08-22,muy bien
the river hostel,colombia,litera en habitación compartida mixta de 12 camas,2,persona que viaja sola,"el lugar, el cafe y su servicio, muy bueno.","el lugar, el café y su servicio, muy bueno. excelente ubicación y precio. muy buena orientación al huésped.",,10.0,2023-08-21,muy bien
the river hostel,españa,litera en dormitorio compartido mixto con 10 camas,1,grupo,pésimo,la ubicación es excelente. el personal tiene un muy buen trato.,"había un olor insoportable en nuestra habitación, el olor más vomitivo que he sentido. parece que hay gente que no se baña, ésto se lo comunicamos al hostel pero solo tiraron ambientador, lo que solucionó el problema por una hora máximo. un huésped estaba usando mi cama sin mi permiso cuando salí por la tarde. otro huésped prendió la luz a las 3 am y la dejo así por media hora. estas son cosas de los huéspedes, lo sé. pero aún así yo pagué para dormir y entre todas estas cosas no pude dormir ni tres horas",1.0,2023-08-21,muy bien
the river hostel,españa,cama en habitación compartida mixta de 8 camas,1,familia,repetiré,la organización,"no hubo claridad a la hora de alargar la estancia, fue un tema de comunicación, de resto excelente",10.0,2023-08-21,muy bien
the river hostel,argentina,cama en habitación compartida mixta de 4 camas,2,persona que viaja sola,excepcional,,"el desayuno esta bien, pero le faltaria frutas para el que no come harinas o lacteos.",10.0,2023-08-20,muy bien
the river hostel,españa,litera en habitación compartida mixta de 12 camas,1,persona que viaja sola,todo genial,"el edificio es precioso, la limpieza perfecta, las camas cómodas y los espacios comunes muy chulos",,10.0,2023-08-18,muy bien
the river hostel,españa,litera en una habitación compartida femenina,2,persona que viaja sola,primera vez en este tipo de alojamiento y volveré...,la ubicación y lo agradable del ambiente. nada de follones ni ruidos molestos para dormir.,"no hay aire acondicionado en el comedor, barra, hall y tampoco en los pasillos. o no estaban encendidos. en las habitaciones si que hay a c. realmente el calor de estos días dificultó el teletrabajo... pero supongo que esto no es culpa del hostal. la limpieza de los baños se puede mejorar. en la mañana están limpios porque recién los limpian pero al final del día están sucios y con papeles tirados en el suelo. tal vez tener dos turnos de limpieza resuelva este inconveniente.",10.0,2023-08-18,muy bien
the river hostel,españa,cama en habitación compartida mixta de 6 camas,3,persona que viaja sola,excepcional,súper céntrico y bien comunicado con la playa! muy buena atención de carlos.,,10.0,2023-08-16,muy bien
the river hostel,argentina,litera en dormitorio compartido mixto con 10 camas,1,persona que viaja sola,"volvería, me sentí muy cómoda.","la atención del personal. eran varias en recepción, pero la dedicación de lidia fue excelente... creo que significó todo...","que tiraran la comida. me parece una locura que todos los lunes por la mañana hacen eso. aunque tenga nombre y fecha de salida , si no la sacas por la mañana, la perdés. fue un error mío no ver el cartel de aviso. pero creo que deben buscar otra solución...",10.0,2023-08-15,muy bien
the river hostel,españa,litera en dormitorio compartido mixto con 10 camas,2,persona que viaja sola,hostal super recomendado para quedarse,"lindo hostal, super recomendado, las instalaciones, las habitaciones, baños, todo en general estaba en optimas condiciones.","el desayuno no era el mejor, pero solucionaba la primera comida del día.",10.0,2023-08-14,muy bien
the river hostel,argentina,litera en habitación compartida mixta de 12 camas,1,grupo,pulgar hacia arriba,nada en particular,que sacaran mis cosas en una bolsa de consorcio sin avisarme por un error,6.0,2023-08-14,muy bien
the river hostel,argentina,litera en dormitorio compartido mixto con 10 camas,1,persona que viaja sola,"no estuvo mal, lastima un inconveniente que hubo al final donde sacaron mis cosas en una bolsa de consorcio por un error",buenas duchas y las camas muy cómodas y espaciosas,no había horno para cocinar. en el comedor hacía calor. faltaba algún espacio al aire libre.,5.0,2023-08-10,muy bien
the river hostel,españa,litera en una habitación compartida femenina,3,familia,excepcional,el trato amigable de todo su personal. disponían de café y agua gratis durante todo el día. zonas comunes muy comodas,igual la habitación que me tocó un poco pequeña y demasiadas camas,10.0,2023-08-05,muy bien
the river hostel,alemania,cama en habitación compartida mixta de 6 camas,2,persona que viaja sola,excepcional,las instalaciones,el personal no fue descortez pero quizas pude see un poquito mas amable en algunas cosas,10.0,2023-08-04,muy bien
the river hostel,francia,litera en una habitación compartida femenina,1,persona que viaja sola,totalmente recomendable para pasar una estadía corta o larga y muy buena ubicación en la ciudad.,"excelente ubicación, muy buena atención por parte del personal y todo completamente limpio.",todo estuvo bien durante mi estadía en el hostal.,10.0,2023-08-03,muy bien
the river hostel,chile,litera en dormitorio compartido mixto con 10 camas,1,persona que viaja sola,autentico albergue citadino,"el edificio antiguo adecuado a la modernidad, la gentileza de tener café a toda hora y la calidad de la cocina para prepararse comidas y guardar alimentos y por supuesto la ubicación. espero que ver tantos huéspedes sea señal que seguirán funcionando por mucho tiempo, pues espero volver.","no puedo cuestionar la construcción porque es antigua y buena, pero supongo que el aire acondicionado y o la climatización de los baños y duchas puede mejorar, una persona con defensas bajas puede resfriarse con los cambios de temperatura de una habitación a otra.",10.0,2023-08-01,muy bien
the river hostel,españa,cama en habitación compartida mixta de 6 camas,3,persona que viaja sola,muy recomendado!,"sus instalaciones siempre limpias, el personal muy atento para lo que necesites, además está muy bien ubicado!! volveré sin pensarlo .",,10.0,2023-07-31,muy bien
the river hostel,ecuador,litera en dormitorio compartido mixto con 10 camas,1,persona que viaja sola,excepcional,la ubicación y el precio,el aire acondicionado si es un tema a considerar,10.0,2023-07-31,muy bien
the river hostel,españa,litera en una habitación compartida femenina,2,persona que viaja sola,aceptable,que estaba cerca de donde necesitaba. que había aire acondicionado en la habitación.,los aseos no estaban muy limpios. la cocina tampoco estaba muy limpia.,5.0,2023-07-30,muy bien
the river hostel,argentina,cama en habitación compartida mixta de 6 camas,4,persona que viaja sola,excepcional,la comodidad y la amabilidad de quienes atienden,"que todas las actividades sean en inglés, debería haber algunas en español",10.0,2023-07-29,muy bien
the river hostel,españa,cama en habitación compartida mixta de 4 camas,1,persona que viaja sola,tiene lo necesario.,su ubicación y el respeto entre compañeros de habitación.,"los recepcionistas no hablan español. había un chico que sí lo hablaba pero luego terminó su turno laboral, después llegó una chica italiana y hacía su mejor intento para hablarlo.",5.0,2023-07-28,muy bien
the river hostel,españa,litera en dormitorio compartido mixto con 10 camas,1,grupo,las chicas muy amables pero la cama de la habitacion no tenía cortina,el precio,no habían cortinas,3.0,2023-07-26,muy bien
the river hostel,españa,litera en dormitorio compartido mixto con 10 camas,1,persona que viaja sola,recomendado,muy contento con todo en general.,"nada, un 10.",10.0,2023-07-24,muy bien
the river hostel,españa,cama en habitación compartida mixta de 8 camas,4,persona que viaja sola,pésimo,la zona común aunque al parecer había horarios para estar y a las 12 te echaban,la distribución de las habitaciones y la falta de aire acondicionado en la cuarta planta,1.0,2023-07-17,muy bien
the river hostel,argentina,litera en una habitación compartida femenina,1,persona que viaja sola,excepcional,la buena onda y la enorme predisposición por parte de los chicos que trabajan en la recepción.,,10.0,2023-07-12,muy bien
the river hostel,españa,cama en habitación compartida mixta de 4 camas,1,persona que viaja sola,excepcional,estaba todo en orden y en la habitación me tocó una cama individual,estaba todo bien,10.0,2023-07-11,muy bien
the river hostel,españa,litera en dormitorio compartido mixto con 10 camas,2,persona que viaja sola,excepcional,todo genial tal sara la recepcionista super amable un encanto de persona te ayuda en todo recomendado al 100  y el resto del personal tambien volveré muy contento,,10.0,2023-07-10,muy bien
the river hostel,españa,litera en dormitorio compartido mixto con 10 camas,2,persona que viaja sola,agradable,"buena ubicación, cama cómoda","falta de control del aire acondicionado. a pesar de pedir en la recepción que lo pusieran, no se puso   no se sentía. las camas que están lejos del ventilador no reciben nada de aire. pasé 2 noches casi sin poder dormir.",6.0,2023-07-05,muy bien
the river hostel,españa,cama en habitación compartida mixta de 4 camas,1,persona que viaja sola,agradable,buena ubicación. el candado del cajón es gratis.,"las camas son bastante antiguas y a la mínima que te mueves hacen mucho ruido. para no molestar al resto de usuarios de mi habitación, no dormí cómodo por no hacer ruido.",6.0,2023-07-02,muy bien
the river hostel,españa,cama en habitación compartida mixta de 8 camas,1,grupo,100 10,"el personal y la atención al cliente para mi fue lo mejor. siempre fueron muy amables. las instalaciones la verdad superaron mis expectativas porque usualmente no se suelen parecer a las fotos que ponen, pero en este caso eran idénticas",los baños los basureros no servían entonces todo el papel estaba tirado.,10.0,2023-06-30,muy bien
the river hostel,españa,litera en dormitorio compartido mixto con 10 camas,2,persona que viaja sola,alejado de la playa,el personal muy amable,había cucarachas cucaracha no tiene aire acondicionado,6.0,2023-06-30,muy bien
the river hostel,españa,litera en dormitorio compartido mixto con 10 camas,2,persona que viaja sola,sitio donde dejar pertenencias y descansar un poco,"no desayuné, la ubicación , un poco destartale , muebles.","que solicité una cama baja , y no.me la dieron,en algunas camas está muy pegado el aire acondicionado y te congelas.",5.0,2023-06-25,muy bien
the river hostel,españa,cama en habitación compartida mixta de 8 camas,1,familia,pésimo,,lo incómodo que era compartir habitación con más personas si éramos familia con niños no teníamos por q compartir con nadie mas,1.0,2023-06-19,muy bien
the river hostel,españa,litera en habitación compartida mixta de 12 camas,1,persona que viaja sola,normal,las personas,,5.0,2023-06-19,muy bien
the river hostel,andorra,cama en habitación compartida mixta de 4 camas,1,persona que viaja sola,gran hostal,todo más instalaciones,todo fue perfecto,10.0,2023-06-18,muy bien
the river hostel,argentina,cama en habitación compartida mixta de 6 camas,2,persona que viaja sola,"lindo hostel, lástima que lo usan ademas para adolescentes en viaje de egresados","los baños y duchas, colchon cómodo, agua gratis","es un hostel que aloja grupos de adolescentes en viajea de fin de curso, por lo que fue muy molesto por los ruidos, pateaban las puertas, gritaban. creo que el alojamiento deberia aclarar esto para que uno decida si quiere aguantar a 50 adolescentes en su etapa hormonal o no.",4.0,2023-06-15,muy bien
the river hostel,españa,litera en una habitación compartida femenina,1,persona que viaja sola,well,"tanto el edificio como el sitio es bastante bonito y grande  aunque los pasillos un poco mal rolleros , y sobre todo muy bien situado.","descansé fatal, en parte porque tanto el colchón como la almohada están bastante duros, pero sobre todo porque hubo un grupo de chavales y chavalas gritando muy alto  de verdad, al principio pensaba que estaban matando a alguien  despertando a mí y a mis compañeras de golpe, y corriendo por los pasillos, durante una hora, entre semana, a la 1am. y bueno, se escuchaba todo. luego por la mañana a las 8am  sin haber podido dormir casi nada  mis compañeras de habitación tuvieron el gusto de abrir las ventanas  entra mucha luz, sin duda, muy bonitos, pero me despertó de golpe, junto con todo el ruido de los coches que pasan por allí , para luego también ponerse a secarse el pelo en medio de la habitación, durante media hora, y bueno, a las 11 yo tenía que estar fuera. por tanto, el descanso nulo, en esencia por los demás huéspedes, pero supongo que también porque no hay x reglas o un respeto hacia el resto  esencial en los albergues , que se haga acatar.",6.0,2023-06-10,muy bien
the river hostel,españa,litera en una habitación compartida femenina,1,persona que viaja sola,gracias por todo,"personal muy amable ! tuvimos que hacer una reserva de ultimo minuto porque mi hermana se descompenso durante nuestra visita a valencia, y en recepción nos dejaron quedar en el lobby todo el tiempo necesario hasta que la hb estuvo lista. el hostel se encuentra a minutos de todos los sitios turísticos de casco antiguo de valencia! volveremos!",,10.0,2023-06-10,muy bien
the river hostel,francia,litera en una habitación compartida femenina,2,persona que viaja sola,excepcional,las actividades propuestas,,10.0,2023-06-08,muy bien
the river hostel,españa,cama en habitación compartida mixta de 8 camas,3,persona que viaja sola,excepcional,el personal muy amable y el ambiente excelente. tiene muy buena ubicación. volvería a alojarme allí sin dudarlo,,10.0,2023-06-05,muy bien
the river hostel,españa,litera en habitación compartida mixta de 12 camas,3,persona que viaja sola,excepcional,"todo fantástico, especialmente la ubicación. los baños estaban muy bien y las duchas muy amplias. la atención muy bien también.",nada que señalar.,10.0,2023-06-02,muy bien
the river hostel,españa,litera en dormitorio compartido mixto con 10 camas,3,persona que viaja sola,excepcional,la morena que trabaja en rececion,,10.0,2023-06-02,muy bien
the river hostel,chile,litera en habitación compartida mixta de 12 camas,1,persona que viaja sola,gel para ducha,la amplitud de las instalaciones,creo que las duchas deberian tener gel para ducharse... a veces es de lo mas incomodo cargarla en el equipaje. y en otras experiencias siempre he encontrado la opcion en las duchas.,10.0,2023-06-01,muy bien
the river hostel,españa,litera en habitación compartida mixta de 12 camas,1,grupo,aceptable,,un fracaso y un poco sucio,5.0,2023-05-29,muy bien
the river hostel,españa,litera en habitación compartida mixta de 12 camas,1,persona que viaja sola,aceptable,se inundó el día que estuve,,5.0,2023-05-27,muy bien
the river hostel,españa,litera en dormitorio compartido mixto con 10 camas,1,persona que viaja sola,excepcional,el lugar muy limpio y la atención del personal muy educados y buenos.,,10.0,2023-05-24,muy bien
the river hostel,españa,litera en una habitación compartida femenina,1,persona que viaja sola,excepcional,ubicación,,10.0,2023-05-22,muy bien
the river hostel,españa,litera en una habitación compartida femenina,3,persona que viaja sola,excepcional,"el desayuno muy completo y bien atendido. la ubicación perfecta para mis necesidades, muy céntrico.",la almohada era muy dura y para subir a la cama de arriba hacía mucho ruido y la escalera es bastante incómoda.,10.0,2023-05-21,muy bien
the river hostel,perú,cama en habitación compartida mixta de 8 camas,1,persona que viaja sola,excepcional,"las instalaciones muy comodas, el servicio y personal muy amables.",,10.0,2023-05-19,muy bien
the river hostel,argentina,litera en una habitación compartida femenina,3,persona que viaja sola,excepcional,todo tal cual sale en las fotos . muy recomendable,,10.0,2023-05-18,muy bien
the river hostel,méxico,litera en dormitorio compartido mixto con 10 camas,2,persona que viaja sola,excepcional,"es un excelente hostal, las chicas de la recepción son muy amables, las camas son cómodas. también tomé el free tour que ofrecen y todo genial.",,10.0,2023-05-15,muy bien
the river hostel,argentina,litera en dormitorio compartido mixto con 10 camas,2,persona que viaja sola,excepcional,la ubicación y los servicios,el ruido de jóvenes en fiesta,10.0,2023-05-15,muy bien
the river hostel,argentina,litera en una habitación compartida femenina,1,persona que viaja sola,excepcional,"camas cómodas, cocina amplia y espacio de ocio con libros y café",la mayoría del personal no hablaba español.,10.0,2023-05-15,muy bien
the river hostel,españa,litera en una habitación compartida femenina,1,grupo,buena,"muy buena ubicación, gente muy maja y la limpieza excelente. camas muy cómodas, además te ofrecían un espacio donde dejar tus cosas bajo candando. desayuno completo y a muy buen precio! muy recomendable.",que estando en españa los que trabajaban en el mostrador del hostal de cara al público me hablaran en inglés y no español.,10.0,2023-05-15,muy bien
the river hostel,españa,litera en una habitación compartida femenina,1,persona que viaja sola,excepcional,"céntrico e inmejorable, me gustaron mucho las vistas desde el balcón. la habitación estaba bien y la zona de aseos y duchas, bastante limpio, con aseos y duchas suficientes.","para mí lo tenía todo genial, me gustó todo. repetiría",10.0,2023-05-11,muy bien
the river hostel,españa,litera en una habitación compartida femenina,6,persona que viaja sola,excepcional,"personal, ubicación",,10.0,2023-05-10,muy bien
the river hostel,argentina,litera en habitación compartida mixta de 12 camas,1,persona que viaja sola,mal,,"me tocó compartir el hostel con un grupo grande de escuela  muchos! , las instalaciones estaban tomadas casi en su totalidad, dejando inclusive nada de lugar para sentarse a comer en una mesa. ni hablar del ruido que hicieron todas las noches, aparentemente no hay ningún tipo de control de parte de los empleados del hostel. aparentemente los lunes limpian las heladeras y retiran la comida de los huéspedes que ya se fueron, e inclusive de los que aun están, ya que dejaron la mía afuera  donde estaba bien señalado cuando tenia el check out , en conclusion perdi mi comida y también todas las bolsas del resto estuvieron desparramadas por la cocina hasta el día siguiente haciendo imposible apoyar nada ni cocinar. no se si fue que justo fue fin de semana de fiesta y no había nadie responsable o si realmente siempre es así pero mi estadía fue bastante desfavorable",3.0,2023-05-07,muy bien
the river hostel,,litera en habitación compartida mixta de 12 camas,1,persona que viaja sola,excepcional,"la ubicación es muy buena. el personal es muy atento y los chicos de recepción son muy amigables y serviciales.. la limpieza es excelente y proporcionan colchas por si hiciera frío por la noche. café, té y agua gratis pulgar hacia arriba . los colchones son muy cómodos y espaciosos. los baños están en excelentes condiciones y te guardan el equipaje cuando haces el check out, sin costo. sin duda, volvería a hospedarme aquí.","las almohadas eran muy duras y anchas, lo cual las hace algo incómodas. el precio de la cama se elevó al doble por ser fin de semana por lo cual no pude quedarme otra noche. cara llorando",10.0,2023-05-04,muy bien
the river hostel,españa,litera en dormitorio compartido mixto con 10 camas,3,persona que viaja sola,agradable,la atención del personal,los baños con mucho olor a tubería muchísimo ruido por el tipo de clientela esos días,6.0,2023-05-01,muy bien
the river hostel,andorra,cama en habitación compartida mixta de 8 camas,2,persona que viaja sola,visita a valencia,estaba muy céntrico. camas cómodas. habitaciones compartidas de 8 muy silenciosas. huéspedes con bastante respeto a los demás.,,10.0,2023-04-28,muy bien
the river hostel,argentina,cama en habitación compartida mixta de 8 camas,1,persona que viaja sola,para que sea de paso,"tenia buena ventilacion, camas comodas. cocina completa","el baño muy lejos de la habitacion, eso resulta incomodo. pero relacion precio calidad creo que es caro para lo que brinda",6.0,2023-04-28,muy bien
the river hostel,méxico,litera en dormitorio compartido mixto con 10 camas,1,persona que viaja sola,excelente hostal en el centro de valencia,"excelente hostal en el centro de valencia, cerca de todas las atraciones turisticas principales.",,10.0,2023-04-27,muy bien
the river hostel,méxico,cama en habitación compartida mixta de 6 camas,2,persona que viaja sola,bonito hostal en el centro de velancia,la ubicacion y la atmosfera del lugar es bastante pacifica,,10.0,2023-04-25,muy bien
the river hostel,méxico,cama en habitación compartida mixta de 6 camas,1,persona que viaja sola,bonito hostal en el centro de valencia,las personas que conocí en el alojamiento se parecieron muy interesantes y el personal siempre atento a cualquier duda que pudiese surgir,,10.0,2023-04-25,muy bien
the river hostel,argentina,litera en dormitorio compartido mixto con 10 camas,2,grupo,el mejor hostel en el que estuve por la mitad de precio que pagué en el resto.,"todo funciona como corresponde, excelente atención y servicio. te dan un candado, llave, lo que debería ser básico en todos lados pero no sucede, este hostel lo toma como parte de su servicio y brinda un poco más. es excelente, sus espacios comunes, la comodidad de la cama, las duchas, el baño, todo limpio y excelente. la cocina está perfectamente equipada y tiene muy buena franja horaria",todo fue excelente!,10.0,2023-04-25,muy bien
the river hostel,argentina,litera en dormitorio compartido mixto con 10 camas,2,persona que viaja sola,excepcional,"era la primera vez que iba a un hostel. una experiencia increíble, y todo se respeta , ya sea en la habitación con la gente que no conoces como en las condiciones de contratación.",,10.0,2023-04-24,muy bien
the river hostel,españa,cama en habitación compartida mixta de 4 camas,1,persona que viaja sola,excelente estadía para algo de paso,"si me gustó, buena ubicación, habitaciones, etc",el desayuno no estaba lo suficientemente surtido,10.0,2023-04-24,muy bien
the river hostel,españa,litera en habitación compartida mixta de 12 camas,3,persona que viaja sola,excepcional,"los personales súper majos, muy recomendable este sitio ningún ruido yo los 4 días que estuve estuve como en mi casa manos aplaudiendo",,10.0,2023-04-18,muy bien
the river hostel,españa,litera en dormitorio compartido mixto con 10 camas,3,persona que viaja sola,tirando a malo,la ubicación.,"el desayuno continental, comida y bebida de mala calidad. el colchón cómodo, pero la escalera para subir a la litera era incómoda, cuando la gente andaba por la habitación temblaba el suelo y la litera. muchas veces faltaba papel en los baños, poca limpieza en general tanto en habitaciones como en los baños. los recepcionistas algunos solo hablaban inglés y te pedían que les hablases en inglés en un hostal en valencia.",5.0,2023-04-16,muy bien
the river hostel,españa,litera en dormitorio compartido mixto con 10 camas,1,grupo,buena relación calidad precio,baños muy limpios y cómodos. la seguridad de dejar las pertenencias en un cajón con candado.,el desayuno,8.0,2023-07-24,muy bien
the river hostel,francia,litera en una habitación compartida femenina,3,grupo,pésima,la ubicación y la cocina,"fueron muy desorganizados, dejaron fuera del establecimiento a dos amigas que ya habían pagado la estancia en el mismo, la limpieza pésima, muchos niños en el alojamiento, no se respeta los horarios de silencio en las habitaciones. el personal poco resolutivo",4.0,2023-11-07,muy bien
the river hostel,portugal,cama en habitación compartida mixta de 4 camas,3,persona que viaja sola,fantástico,,,9.0,2025-06-30,muy bien
the river hostel,colombia,cama en habitación compartida mixta de 8 camas,2,persona que viaja sola,awesome location! señal de aprobación con la mano tono de piel claro medio,the space in the rooms is huge! señal de aprobación con la mano tono de piel claro medio cara sonriendo con estrellas,,8.0,2023-10-11,muy bien
the river hostel,japón,cama en habitación compartida mixta de 4 camas,6,persona que viaja sola,,,,8.0,2023-08-07,muy bien
the river hostel,canadá,litera en dormitorio compartido mixto con 10 camas,7,persona que viaja sola,,,,6.0,2026-02-26,muy bien
the river hostel,italia,litera en dormitorio compartido mixto con 10 camas,1,persona que viaja sola,excepcional,tamara was so cool   helpful thanks manos en oración tono de piel medio,,10.0,2025-03-23,muy bien
the river hostel,alemania,litera en habitación compartida mixta de 12 camas,3,persona que viaja sola,very good experience! cara sonriendo con estrellas,best hostel in valencia! cara sonriendo con estrellas i would definitely come again! cara sonriendo con gafas de sol,,10.0,2024-06-10,muy bien
the river hostel,alemania,litera en habitación compartida mixta de 12 camas,1,persona que viaja sola,muy bien,,,8.0,2026-03-31,muy bien
the river hostel,kirguizistán,litera en una habitación compartida femenina,1,persona que viaja sola,bien,"        ,                                          ",                      ,7.0,2026-02-23,muy bien
the river hostel,méxico,litera en una habitación compartida femenina,2,persona que viaja sola,estable para el tiempo que estuvimos,"la ubicación está increíble, está muy cerca de todo","no estaba muy limpio los baños, la gente era en exceso ruidosa, no se sentía muy seguro y naaaaada que ver las fotos que subieron aquí con lo que en realidad es, la basura está literalmente afuera del lugar y repito, la seguridad da mucho que desear",7.0,2026-01-31,muy bien
the river hostel,portugal,litera en habitación compartida mixta de 12 camas,2,persona que viaja sola,curta temporada.,"a localización, y la calefacción.","luego de llegada ya tenía pelea, el día siguiente polícia y mucho ruido en la habitación.",7.0,2026-01-30,muy bien
the river hostel,taiwán,litera en una habitación compartida femenina,5,persona que viaja sola,                                                      ,        ,     ,9.0,2026-01-27,muy bien
the river hostel,corea del sur,litera en habitación compartida mixta de 12 camas,1,persona que viaja sola,bien,    ,  ,7.0,2026-01-26,muy bien
the river hostel,méxico,litera en habitación compartida mixta de 12 camas,2,persona que viaja sola,bien,la ubicación es buena. la litera tiene muy buen espacio y se encontraba muy limpia. el personal fue amable siempre.,"el edificio se percibe descuidado, da la impresión de que está sucio. igualmente, los baños siempre me tocaban sucios, pero también, es un buen recordatorio de que como huéspedes debemos ser limpios y respetuosos con los demás con quienes compartimos. las literas de mi habitación rechinaban muuuy fuerte",7.0,2026-01-24,muy bien
the river hostel,corea del sur,litera en habitación compartida mixta de 12 camas,2,persona que viaja sola,muy bien,          .              .                         ,                                                        .                                                                 .                        .                                                                    .,8.0,2026-01-05,muy bien
the river hostel,ucrania,litera en habitación compartida mixta de 12 camas,1,persona que viaja sola,muy bien,,               .                                             .,8.0,2025-12-19,muy bien
the river hostel,reino unido,litera en dormitorio compartido mixto con 10 camas,1,persona que viaja sola,muy bien,good pulgar hacia arriba,good pulgar hacia arriba,8.0,2025-12-09,muy bien
the river hostel,méxico,litera en habitación compartida mixta de 12 camas,1,persona que viaja sola,agradable,el desayuno y el check in y out muy rápido,un poco incómodas las camas,8.0,2025-12-04,muy bien
the river hostel,brasil,litera en una habitación compartida femenina,1,persona que viaja sola,hostel limpo e confortável,confortável,,8.0,2025-11-28,muy bien
the river hostel,ucrania,litera en una habitación compartida femenina,7,persona que viaja sola,"              ,             .","            .           ,          ,                  .                ,                                         .","                       .    6                 ,                                                   ,                          .                                .                                                   .                                 ,                              ,                                                        .                        ,                                   .                   ,                             ,                     .                           .                                              .                                    .                                   .",7.0,2025-11-18,muy bien
the river hostel,polonia,litera en habitación compartida mixta de 12 camas,1,persona que viaja sola,fantástico,"     ,          .                 .                       .               .          .                           .",,9.0,2025-11-14,muy bien
the river hostel,rusia,litera en una habitación compartida femenina,1,persona que viaja sola,fantástico,"                         ,                                 .                          ,                       6.                                     25       ,       60       .                                  .                        .                                 .                                            .","                                    ,                                                      .",9.0,2025-11-11,muy bien
the river hostel,españa,cama en habitación compartida mixta de 8 camas,1,persona que viaja sola,,,,7.0,2025-11-07,muy bien
the river hostel,grecia,litera en dormitorio compartido mixto con 10 camas,3,persona que viaja sola,bien,                                                   .,                            .,7.0,2025-09-11,muy bien
the river hostel,españa,litera en una habitación compartida femenina,1,persona que viaja sola,    ,                      ,           ,8.0,2025-09-05,muy bien
the river hostel,méxico,litera en habitación compartida mixta de 12 camas,1,persona que viaja sola,fantástico,estuvo dentro de mis expectativas,,9.0,2025-08-27,muy bien
the river hostel,corea del sur,litera en una habitación compartida femenina,2,persona que viaja sola,   .      .,       .                7     .                             .                             .                            .,   4                          .                  .             .                        .               .,9.0,2025-06-25,muy bien
the river hostel,ucrania,litera en dormitorio compartido mixto con 10 camas,2,persona que viaja sola,                                    ,"                      ,                    .                         ,         ,     ,    ,       ,      ...","                                             ,                                   ,                                                                               ....                                                                                         .                                       ,                      ,                                  ...                                                                                                                                  ...",8.0,2025-05-29,muy bien
the river hostel,brasil,cama en habitación compartida mixta de 4 camas,1,pareja,bom custo benefício!,a gentileza dos funcionários!,,8.0,2025-05-14,muy bien
the river hostel,corea del sur,litera en habitación compartida mixta de 12 camas,2,persona que viaja sola,bien,              ,             ,7.0,2025-05-07,muy bien
the river hostel,hungría,litera en una habitación compartida femenina,1,persona que viaja sola,fantástico,      ,,9.0,2025-02-17,muy bien
the river hostel,grecia,litera en dormitorio compartido mixto con 10 camas,1,persona que viaja sola,fantástico,                  .                                                    .                                               .                           .,,9.0,2025-02-13,muy bien
the river hostel,ucrania,litera en una habitación compartida femenina,13,persona que viaja sola,fantástico,"                      ,                       -           ,                                                                                    .",               ,9.0,2025-02-11,muy bien
the river hostel,kazajistán,cama en habitación compartida mixta de 4 camas,2,persona que viaja sola,muy bien,"                          ,                          ,                                                   ,                                                 ,                                                            ,                                                                                    .",                                             .                                            .                                                                               .                                      .,8.0,2025-01-27,muy bien
the river hostel,ucrania,cama en habitación compartida mixta de 4 camas,1,persona que viaja sola,river hostel,"                   ,         .                 .                                                                       .",                             4                                                       .                                                                                            .,9.0,2025-01-24,muy bien
the river hostel,francia,litera en una habitación compartida femenina,4,persona que viaja sola,,,,7.0,2025-01-22,muy bien
the river hostel,corea del sur,cama en habitación compartida mixta de 4 camas,1,persona que viaja sola,muy bien,"           .                   ?         30                           4                       .                               :        11                                                :                            ,                      !     4                                               !                    .",,8.0,2024-12-10,muy bien
the river hostel,argentina,litera en habitación compartida mixta de 12 camas,2,persona que viaja sola,fantástico,espectacular !!! señal de aprobación con la mano,,9.0,2024-12-06,muy bien
the river hostel,polonia,litera en habitación compartida mixta de 12 camas,1,persona que viaja sola,              ,     ,"                       ,              .",7.0,2024-11-02,muy bien
the river hostel,rusia,litera en dormitorio compartido mixto con 10 camas,1,persona que viaja sola,fantástico,"                     ,                                   ,                                 .","                                              ,                                   :             ,                                      .                          ,                          .",9.0,2024-10-23,muy bien
the river hostel,taiwán,litera en dormitorio compartido mixto con 10 camas,2,grupo,bien,               ...        ...,       ...  10  ...             ... cara con ojos abiertos y boca tapada cara con ojos abiertos y boca tapada,7.0,2024-10-20,muy bien
the river hostel,ucrania,litera en dormitorio compartido mixto con 10 camas,5,persona que viaja sola,bien,"              ,                        .                  ,                                 ,                                        .              .",                .,7.0,2024-10-06,muy bien
the river hostel,ucrania,litera en habitación compartida mixta de 12 camas,1,persona que viaja sola,           señal de aprobación con la mano tono de piel medio,"                      ,                    !",                          ,7.0,2024-09-29,muy bien
the river hostel,ucrania,litera en dormitorio compartido mixto con 10 camas,1,persona que viaja sola,bien,"                                            .                         .                              .                                                     .            ,     ,     ,       ,     ,      ,         ,               ,                             .                   .","                                           .                       .                              ,                                                                             .                                 .                      .                                      .                 ,                 .                 ,              .                            .         ,         ,                       .",7.0,2024-09-28,muy bien
the river hostel,méxico,cama en habitación compartida mixta de 4 camas,3,persona que viaja sola,muy bien,"la habitación es bastante grande y limpias, los baños están fuera de la habitación lo que es genial para no molestar mucho a los de más huéspedes, el balcón está genial y una vista a la ciudad, la estancia y la cocina bastante comoda y grande, y sin problema puedes entrar y salir, hay lugar para poder guardar tu maleta con toda seguridad, el wifi rápido...","las camas hacen demasiado ruido, para comprar en el bar solo tarjeta, deberían aceptar el efectivo también, por todo lo demás está súper bien.",8.0,2024-07-11,muy bien
the river hostel,ucrania,cama en habitación compartida mixta de 6 camas,5,persona que viaja sola,muy bien,                    .                .                                               .                .,             .                                   .,8.0,2024-05-20,muy bien
the river hostel,ucrania,cama en habitación compartida mixta de 6 camas,2,persona que viaja sola,bien,,"          ,              ",7.0,2024-05-09,muy bien
the river hostel,taiwán,litera en habitación compartida mixta de 12 camas,2,persona que viaja sola,bien,    ,       ,7.0,2024-04-30,muy bien
the river hostel,méxico,litera en dormitorio compartido mixto con 10 camas,4,persona que viaja sola,excelente,"instalaciones, privacidad, limpieza",algunos huéspedes eran muy escandalosos,8.0,2024-03-15,muy bien
the river hostel,japón,litera en habitación compartida mixta de 12 camas,1,persona que viaja sola,bien,,           ,7.0,2024-02-14,muy bien
the river hostel,ucrania,litera en dormitorio compartido mixto con 10 camas,2,persona que viaja sola,fantástico,"                  ,                             .                                                                                       .                             ,                                      .                                                      .                                                           .",,9.0,2024-01-27,muy bien
the river hostel,ucrania,litera en habitación compartida mixta de 12 camas,2,persona que viaja sola,                     ,"                    .                      ,      ,                .                  ,                                     ",,9.0,2024-01-15,muy bien
the river hostel,méxico,litera en una habitación compartida femenina,3,persona que viaja sola,muy bien,"excelente ubicación, todo muy cerca caminando","instalaciones algo antiguas, y tuve mala suerte un dia completo arreglando tuberías y nos quedamos sin agua disponible",8.0,2024-01-13,muy bien
the river hostel,bielorrusia,cama en habitación compartida mixta de 8 camas,7,persona que viaja sola,"          -                                                 ,                                           -        .","                             ,                                   .                           ,         10               ,                                       ,                        .                 ,                                    ,                         .","                  -         ,             ,                   .                                                                    2       .                                      .",9.0,2024-01-05,muy bien
the river hostel,ucrania,litera en dormitorio compartido mixto con 10 camas,1,persona que viaja sola,fantástico,"                           ,                ,                             .",,9.0,2023-12-17,muy bien
the river hostel,polonia,litera en habitación compartida mixta de 12 camas,2,persona que viaja sola,fantástico,"                         ,                     ,                 -             ",                         ,9.0,2023-12-11,muy bien
the river hostel,ucrania,litera en una habitación compartida femenina,6,persona que viaja sola,muy bien,"              -                                              .         ,                                           ,                                       .                       ,                           .      ,         .","                         ,          10-                                              .",8.0,2023-12-05,muy bien
the river hostel,méxico,litera en una habitación compartida femenina,7,persona que viaja sola,bien ubicado y limpio!,"esta muy bien ubicado, cercano a la parada del autobús y a 6 minutos caminando de la zona centro. un edificio histórico buen conservado.","el mobiliario de las habitaciones muy viejo, las literas despintadas y rechinando las tablas.",8.0,2023-11-30,muy bien
the river hostel,rusia,litera en habitación compartida mixta de 12 camas,2,persona que viaja sola,bien,"                  ,                                                                                 .                     ,                                       -                                                                                    .",                                               .                                                .,7.0,2023-11-30,muy bien
the river hostel,ucrania,litera en una habitación compartida femenina,2,persona que viaja sola,bien,                                      .                               ,"             - 2        .                                                              .                             .                                  ,                 ,          .                      .                       ,           .                                  .",7.0,2023-11-13,muy bien
the river hostel,rusia,litera en dormitorio compartido mixto con 10 camas,1,persona que viaja sola,fantástico,"                          ,            .                                    .               5                 4         ,                 !                         ,          7             ,           5      .                                                    .         1      .                   .       3                                 2 ","                                                                  2                  .                      ,                     .                             ",9.0,2023-09-14,muy bien
the river hostel,rusia,cama en habitación compartida mixta de 8 camas,1,persona que viaja sola,fantástico,"              ,      ,                  ,     ,                   .","                                   ,                                         ",9.0,2023-09-05,muy bien
the river hostel,israel,cama en habitación compartida mixta de 6 camas,2,persona que viaja sola,                                    ,"                !                                                     !                                                                       .             ,                             .",                                                                      .,8.0,2023-08-27,muy bien
the river hostel,brasil,cama en habitación compartida mixta de 6 camas,5,persona que viaja sola,muy bien,localiza  o,,8.0,2023-08-23,muy bien
the river hostel,rusia,litera en habitación compartida mixta de 12 camas,2,persona que viaja sola,muy bien,"                    ,              ,                           ,                      .                               ,                   .    4                                 .                              ,          ,                .                            .              .                                ","                                         .         ,          ,                                     ",8.0,2023-07-22,muy bien
the river hostel,españa,cama en habitación compartida mixta de 8 camas,1,persona que viaja sola,                     ,"                                      ,                     ,                                              ,             ","              ,                                  ,                     .                        ,                   ,                 .         ,                                                                ,                              ,        2                             ",7.0,2023-07-20,muy bien
the river hostel,rusia,cama en habitación compartida mixta de 8 camas,1,persona que viaja sola,fantástico,"                                                                           .             ,                                                  ",,9.0,2023-06-30,muy bien
the river hostel,ucrania,litera en una habitación compartida femenina,1,persona que viaja sola,muy bien,"                    ,                     .                                                                              .",,8.0,2023-06-29,muy bien
the river hostel,méxico,litera en dormitorio compartido mixto con 10 camas,2,persona que viaja sola,fantástico,la cercanía,no servía el aire acondicionado,9.0,2023-06-27,muy bien
the river hostel,méxico,litera en dormitorio compartido mixto con 10 camas,2,grupo,bastante bien,están bien las habitaciones y tiene cada quien su espacio,"no funcionaba el aire acondicionado, ni los ventiladores",7.0,2023-06-26,muy bien
the river hostel,brasil,litera en habitación compartida mixta de 12 camas,3,persona que viaja sola,fantástico,el hostel es bueníssimo y tiene buena ubicación.,el baño tenia algunas goteras en el techo,9.0,2023-06-20,muy bien
the river hostel,españa,cama en habitación compartida mixta de 8 camas,5,persona que viaja sola,fantástico,la ubicación y las instalaciones,,9.0,2023-06-04,muy bien
the river hostel,corea del sur,litera en dormitorio compartido mixto con 10 camas,3,persona que viaja sola,fantástico,    ..       ..      ,                          ,9.0,2023-05-26,muy bien
the river hostel,corea del sur,litera en dormitorio compartido mixto con 10 camas,2,persona que viaja sola,fantástico,"  .            .                                 .                          ,                                    .                               .",,9.0,2023-05-21,muy bien
the river hostel,méxico,cama en habitación compartida mixta de 6 camas,3,persona que viaja sola,si puedes domir con todo el ruido del mundo globo terráqueo mostrando américa adelante es buen lugar,"la ubicación excelente, transporte cerca excelente",me desaparecieron mis productos de higiene personal . no hay aire acondicionando en la habitación y es sumamente ruidoso . muy pero muy ruidoso afuera y se tiene que tener ventana abierta por falta de aa,7.0,2023-05-05,muy bien
the river hostel,francia,litera en dormitorio compartido mixto con 10 camas,1,grupo,excepcional,"tout était impeccable : l accueil, les services proposés, la propreté etc. señal de aprobación con la mano tono de piel claro",,10.0,2026-04-04,muy bien
the river hostel,china,cama en habitación compartida mixta de 4 camas,1,persona que viaja sola,    ,    ,,10.0,2026-04-02,muy bien
the river hostel,ucrania,litera en dormitorio compartido mixto con 10 camas,1,persona que viaja sola,excepcional,"               .                                                        .        ,        ,                 ",,10.0,2026-03-28,muy bien
the river hostel,ucrania,litera en habitación compartida mixta de 12 camas,1,persona que viaja sola,excepcional,"        ,                 ,                ,       ",,10.0,2026-03-12,muy bien
the river hostel,irak,litera en dormitorio compartido mixto con 10 camas,6,persona que viaja sola,            ,                   ,       5                                                                     ,1.0,2026-03-06,muy bien
the river hostel,ucrania,litera en dormitorio compartido mixto con 10 camas,1,persona que viaja sola,"                          ,              ",                                                     ,"                                             8                                        10                                                                                      ,                                                                             3                                                                                                                                       ,                            ",3.0,2026-02-28,muy bien
the river hostel,polonia,litera en habitación compartida mixta de 12 camas,1,persona que viaja sola,                   .... .,                          !,"              5                     !!!!                      21                                           ,                                                                     !                     ,           .                                                                                     .                            ,                      .",1.0,2026-02-08,muy bien
the river hostel,italia,litera en una habitación compartida femenina,7,persona que viaja sola,,,,1.0,2026-02-02,muy bien
the river hostel,polonia,litera en dormitorio compartido mixto con 10 camas,2,pareja,excepcional,"            ,                    corazón blanco",,10.0,2026-01-30,muy bien
the river hostel,ucrania,litera en una habitación compartida femenina,1,persona que viaja sola,pésimo,                           !?,"                           ,                                                           ,                                                                                                !                  !",1.0,2026-01-25,muy bien
the river hostel,españa,litera en habitación compartida mixta de 12 camas,1,pareja,excepcional,"por que todo esta excelente, limpieza, servicios, convivencia, etc.",,10.0,2026-01-16,muy bien
the river hostel,españa,litera en habitación compartida mixta de 12 camas,1,persona que viaja sola,,,,1.0,2026-01-10,muy bien
the river hostel,bélgica,litera en habitación compartida mixta de 12 camas,1,persona que viaja sola,excepcional,las rutas muceos,,10.0,2026-01-02,muy bien
the river hostel,méxico,litera en habitación compartida mixta de 12 camas,2,persona que viaja sola,buena ubicación,que las camas tenían privacidad aun y cuando se comparte la habitacion,el depósito para la llave,10.0,2025-12-23,muy bien
the river hostel,argelia,litera en dormitorio compartido mixto con 10 camas,5,persona que viaja sola,,,,1.0,2025-12-12,muy bien
the river hostel,marruecos,cama en habitación compartida mixta de 8 camas,1,persona que viaja sola,excepcional,                                                                                                                  ,     ,10.0,2025-11-14,muy bien
the river hostel,taiwán,litera en una habitación compartida femenina,1,persona que viaja sola,                                                         ,         ,                       ,6.0,2025-11-12,muy bien
the river hostel,méxico,litera en habitación compartida mixta de 12 camas,2,persona que viaja sola,pésimo,el área común.,"todo el personal sin interes ni atención, la única chica atenta fue la que me atendió en el check out.",1.0,2025-11-03,muy bien
the river hostel,países bajos,litera en dormitorio compartido mixto con 10 camas,2,persona que viaja sola,,,,6.0,2025-10-29,muy bien
the river hostel,ucrania,litera en una habitación compartida femenina,2,persona que viaja sola,               ,                 ,"        8                              12         .                  .            1            ,                                  -       .                                ",6.0,2025-10-27,muy bien
the river hostel,ucrania,litera en habitación compartida mixta de 12 camas,4,persona que viaja sola,excepcional,"                               ,                 .",,10.0,2025-10-05,muy bien
the river hostel,méxico,litera en habitación compartida mixta de 12 camas,1,persona que viaja sola,.,,,5.0,2025-09-11,muy bien
the river hostel,méxico,litera en una habitación compartida femenina,2,persona que viaja sola,"fantástico, lo recomiendo y volvería","el lugar es súper lindo, limpio, cómodo, bien ubicado, el desayuno es excelente, y el bar lo hace todo!! también fue un lugar para hacer amigos en el walking tour.",no poder pagar la lavandería con tarjeta porque muchos ya no viajamos con cash.,10.0,2025-08-29,muy bien
the river hostel,brasil,litera en habitación compartida mixta de 12 camas,2,persona que viaja sola,excepcional,de toda a estrutura que oferece o espa o....,,10.0,2025-08-12,muy bien
the river hostel,méxico,litera en una habitación compartida femenina,2,persona que viaja sola,buena ubicación pésima instalación y limpieza,la ubicación está bien y el personal fue amable,"estaba muy sucio, los baños olían muy feo la cama no estaba limpia y amanecí con piquetes en el cuerpo tuve que dejar el lugar en la mañana y buscar un airbnb. cuando comente esto en recepción me dijeron que no era posible devolver el dinero no me importa el dinero solo quería un lugar cómodo y limpio para descansar 2 noches",3.0,2025-08-11,muy bien
the river hostel,alemania,litera en dormitorio compartido mixto con 10 camas,2,pareja,agradable,"                 ,                ,      ",                                                   ,6.0,2025-07-18,muy bien
the river hostel,españa,litera en dormitorio compartido mixto con 10 camas,1,grupo,volvería sin pensarlo,"desde mi llegada el personal siempre fue muy amable y atento, al hacer el checkout nos cuidaron las maletas porque nuestro transporte salía de noche. la habitación cómoda y los baños siempre muy limpios.",,10.0,2025-07-07,muy bien
the river hostel,argentina,litera en habitación compartida mixta de 12 camas,1,persona que viaja sola,excepcional,muy atentas las chicas de recepción,,10.0,2025-07-02,muy bien
the river hostel,méxico,cama en habitación compartida mixta de 6 camas,1,persona que viaja sola,un placer,limpio buen ambiente excelente servicio,,10.0,2025-06-27,muy bien
the river hostel,ucrania,litera en una habitación compartida femenina,2,persona que viaja sola,excepcional,"                           .                   ,                         ,                                                     .                                    .                                 .                                                   .                                        .                     ",,10.0,2025-06-26,muy bien
the river hostel,méxico,litera en dormitorio compartido mixto con 10 camas,2,pareja,excepcional,es muy cómodo y la recepcionista muy amable,,10.0,2025-06-23,muy bien
the river hostel,polonia,litera en dormitorio compartido mixto con 10 camas,1,persona que viaja sola,decepcionante,    ,"                                8                          ,                               ",4.0,2025-06-07,muy bien
the river hostel,ucrania,litera en dormitorio compartido mixto con 10 camas,1,persona que viaja sola,perfecto señal de aprobación con la mano,"                                                             ,                                                            ,                 ,                       ,         ,      ,          ",,10.0,2025-05-27,muy bien
the river hostel,ucrania,litera en una habitación compartida femenina,2,grupo,excepcional,"                 ,                        ,                              179                                                                           ",          .                .,10.0,2025-05-25,muy bien
the river hostel,ucrania,cama en habitación compartida mixta de 4 camas,1,persona que viaja sola,"                                   ,              50              ","                   .            ,          .                           .               .           ,                                  -     -            ","         ,                                             .                               .      .",5.0,2025-04-14,muy bien
the river hostel,ucrania,litera en una habitación compartida femenina,2,persona que viaja sola,mal,                   ,"                     ,              ,                                                   ,                                                          ",3.0,2025-04-01,muy bien
the river hostel,ucrania,litera en una habitación compartida femenina,3,persona que viaja sola,                                    ,"                       ,                       .                                 ","        ,            .                           ,           .                                                .                   ,                                                 ,                                                    ,                       .                40                                                                 ,                                           ,                         ,                              ,                                                     .                             ,                   ,                              ,                                     ,                                                .                   ,               ,                      ,                                                 .                                                                        .         ,                                            ,                    .                                                                            ,                                     .                                    ,                                       .",3.0,2025-03-05,muy bien
the river hostel,bielorrusia,cama en habitación compartida mixta de 4 camas,2,persona que viaja sola,                  !  ,"                   .                                  .               :                                 ,                                     .            -                                  .                                                              -                        .                  10                        .                                          ,                                         15-25                           :                       ,                                    .                                                           :                                         ,                                       .                   -                             ,                          .       4      ,                    ,                                                          .     .                    ,                     .           ,                                                     .                    .         ,                           ,                           3      .                                ,         ,                        .                          -                                                                    .                        100                  .                                                        :                             ,                                                           .           -                         .",,10.0,2025-03-04,muy bien
the river hostel,bulgaria,litera en una habitación compartida femenina,3,pareja,excepcional,"                     ,                 .",,10.0,2025-03-03,muy bien
the river hostel,españa,litera en habitación compartida mixta de 12 camas,1,persona que viaja sola,excepcional,la comodidad para dormir,,10.0,2025-02-20,muy bien
the river hostel,italia,litera en una habitación compartida femenina,6,persona que viaja sola,pésimo,la camera,la cucina,1.0,2025-02-16,muy bien
the river hostel,china,litera en habitación compartida mixta de 12 camas,2,persona que viaja sola,excepcional,                                             ,,10.0,2025-01-17,muy bien
the river hostel,china,litera en habitación compartida mixta de 12 camas,2,persona que viaja sola,            ,           ,                        5                            ,6.0,2025-01-04,muy bien
the river hostel,rusia,litera en una habitación compartida femenina,2,persona que viaja sola,agradable,,                       ,6.0,2024-12-12,muy bien
the river hostel,chile,litera en habitación compartida mixta de 12 camas,3,persona que viaja sola,horrible,había alguien borracho despierto toda la noche mi reservaron era parcialmente reembolsable me fui antes y al día de hoy nada y eso que el recepcionista dijo que estaba resuelto,había alguien borracho despierto toda la noche mi reservaron era parcialmente reembolsable me fui antes y al día de hoy nada y eso que el recepcionista dijo que estaba resuelto,1.0,2024-12-11,muy bien
the river hostel,españa,cama en habitación compartida mixta de 4 camas,1,persona que viaja sola,excepcional,                                                       ,    ,10.0,2024-11-25,muy bien
the river hostel,polonia,litera en habitación compartida mixta de 12 camas,1,persona que viaja sola,aceptable,                          ,"                 ,              .",5.0,2024-11-21,muy bien
the river hostel,españa,cama en habitación compartida mixta de 4 camas,1,persona que viaja sola,excepcional,                                                                                                                                              ,     ,10.0,2024-11-11,muy bien
the river hostel,rusia,litera en habitación compartida mixta de 12 camas,1,persona que viaja sola,pésimo,"                         ,                          ",                                          ,1.0,2024-10-30,muy bien
the river hostel,rusia,litera en habitación compartida mixta de 12 camas,1,persona que viaja sola,pésimo,"                          ,           ","                                     ,               ,        ,",1.0,2024-10-30,muy bien
the river hostel,grecia,litera en una habitación compartida femenina,2,persona que viaja sola,excepcional,"      ,           ,           ,                                                     .                                 .",,10.0,2024-10-29,muy bien
the river hostel,ucrania,litera en una habitación compartida femenina,1,persona que viaja sola,                                        ,"           .      ,                                                        .                         ,                      ,                                       .        ,      ,            ,                 ,                                                              .                                       .                        .                            .",                            ,1.0,2024-10-24,muy bien
the river hostel,ucrania,cama en habitación compartida mixta de 4 camas,1,persona que viaja sola,excepcional,"                    .                            .                            .                      ,                                          .     ,                                      .                      .                                .                                            .",,10.0,2024-10-17,muy bien
the river hostel,ucrania,litera en una habitación compartida femenina,1,grupo,                              ,"                            .             ,                  .                                    .                                    .                                                 .            -            22       .                         .                                                   .                .","                         .                ,                     ,                ,                               .                                   5     .",10.0,2024-10-12,muy bien
the river hostel,alemania,litera en habitación compartida mixta de 12 camas,6,persona que viaja sola,excepcional,         !                                                                                    -                  ,,10.0,2024-09-24,muy bien
the river hostel,méxico,litera en habitación compartida mixta de 12 camas,1,grupo,bien pero puede mejorar mucho,había una cocina con varios instrumentos y había varias tarjas y la ubicación está muy bien por el precio,no estaba muy limpio y las sábanas que te dan son muy malas,6.0,2024-09-14,muy bien
the river hostel,méxico,litera en una habitación compartida femenina,1,persona que viaja sola,"todo bien, muy buen ambiente y lugar limpio","me gustó, tiene buena ubicación aunque un poco lejos de la playa pero el autobús está muy bien y la línea del metro al aeropuerto también muy bien",todo bien,10.0,2024-09-07,muy bien
the river hostel,grecia,litera en dormitorio compartido mixto con 10 camas,2,grupo,excepcional,"                                ,          .",               !,10.0,2024-08-21,muy bien
the river hostel,méxico,litera en habitación compartida mixta de 12 camas,2,persona que viaja sola,un lugar cómodo por el costo,"buena ubicación, el desayuno bastante bien para el costo, baños compartidos pero amplios, siempre encuentras libre.","me tocó un baúl que no estaba abajo de mi cama y los demás huéspedes lo usaban como mesa para dejar sus cosas, el ventilador de mi habitación hacía mucho ruido.",10.0,2024-08-04,muy bien
the river hostel,méxico,litera en habitación compartida mixta de 12 camas,1,persona que viaja sola,aceptable,la ubicación es muy buena para conocer valencia,"el aire acondicionado no funcionaba, no tienes forma de encenderlo desde el cuarto y tienes que ir a recepción a que lo enciendan. fuimos varias veces y no lo encendían, al parecer no funcionaba y con el calor a más de 35 de grados era imposible estar cómodo",5.0,2024-07-31,muy bien
the river hostel,ucrania,litera en habitación compartida mixta de 12 camas,1,persona que viaja sola,agradable,                            ..   4                       ..,   2                                         ,6.0,2024-06-26,muy bien
the river hostel,taiwán,litera en una habitación compartida femenina,1,persona que viaja sola,                                                       ,           ,              ,2.0,2024-06-21,muy bien
the river hostel,perú,cama en habitación compartida mixta de 6 camas,2,persona que viaja sola,aceptable,,,5.0,2024-05-23,muy bien
the river hostel,ucrania,cama en habitación compartida mixta de 6 camas,1,persona que viaja sola,excepcional,              ,,10.0,2024-05-23,muy bien
the river hostel,brasil,litera en una habitación compartida femenina,3,persona que viaja sola,excepcional,ubicación,,10.0,2024-04-05,muy bien
the river hostel,china,litera en una habitación compartida femenina,5,persona que viaja sola,  ,        3      4.5 ,                   ,5.0,2024-03-15,muy bien
the river hostel,ucrania,litera en habitación compartida mixta de 12 camas,2,persona que viaja sola,aceptable,"                  ,                   .",                                       .                                            22-00       .                        .,5.0,2024-02-14,muy bien
the river hostel,república checa,litera en habitación compartida mixta de 12 camas,1,persona que viaja sola,excepcional,"                       .                   24     .                      .                            ,                  .                           ,            ,       ,              ,                        .                                                              .          ",   .,10.0,2024-02-08,muy bien
the river hostel,polonia,litera en dormitorio compartido mixto con 10 camas,6,persona que viaja sola,excepcional,                   ,,10.0,2024-02-04,muy bien
the river hostel,ucrania,litera en una habitación compartida femenina,6,persona que viaja sola,excepcional,               ...                                              .,,10.0,2023-12-28,muy bien
the river hostel,rusia,litera en habitación compartida mixta de 12 camas,2,persona que viaja sola,excepcional,"               :                   -             ,                                                           ,                         ;                                            ,                                                                         ,             ,                         ,         ,                                                                                    .                      -                             ,     ,      ,       ,                ,     ,        ,    ,                              ,                  ,                                      ,                            ,    .                        .                                        ,        ,      ,                           .                                  ,                                        ,                       -                               ,                                      .    -       .                               ,                  .                          !","                   ,                       -                                                                                                            ,                                                                    .",10.0,2023-12-24,muy bien
the river hostel,españa,litera en una habitación compartida femenina,1,persona que viaja sola,"             ,              !","        ,              ,                                          ,                   ,                                    .                                                                                  .","                  ,             .               ,         -                                    ,                   .                        ,            .",10.0,2023-12-19,muy bien
the river hostel,rusia,litera en habitación compartida mixta de 12 camas,2,persona que viaja sola,"                      ,    the river hostel!","                                  !       ,                    !                                                                    ,                                                   .",,10.0,2023-12-08,muy bien
the river hostel,rusia,litera en habitación compartida mixta de 12 camas,1,persona que viaja sola,                                 !,"             ,                 ,           ,                                                                           ,                !",,10.0,2023-12-08,muy bien
the river hostel,bélgica,litera en una habitación compartida femenina,4,persona que viaja sola,agradable,la ubicación. la limpieza. la cocina es grande y limpia. tido funcionaba de maravilla. la sala común es muy buena. hay separadores en la cama.,"la gente es muy irrespetuosa, no respetan los horarios y hacen muchísimo ruido. tanto en el cuarto como afuera. cuando uno se baña la temperatura del agua cambia de fría a caliente o al revés sola. no sé si eso fue por si más de 2 personas se bañaban o otro motivo. la luz en el baño se apagaba muy rápido y al bañarse se tenía que salir de la ducha para que se prendiera de nuevo. fatal. las camas son super incómodas y muy duras. no son colchones.",6.0,2023-11-30,muy bien
the river hostel,ucrania,litera en una habitación compartida femenina,1,grupo,             ,"      ,                .                         ,                                 ,                         .                                            .                                                               .              ,               .                   .                                       .                        .                  .      ,        ,    ,     ,      ,       ,     ,    ,          ,      .                               .",               ,10.0,2023-11-13,muy bien
the river hostel,georgia,litera en una habitación compartida femenina,2,persona que viaja sola,      !,"              ,                              !",                       ,10.0,2023-11-02,muy bien
the river hostel,polonia,litera en dormitorio compartido mixto con 10 camas,4,persona que viaja sola,excepcional,"                                           .         ,          ,                                        .                             ,                         .                                        .",                : ,10.0,2023-10-28,muy bien
the river hostel,rusia,litera en dormitorio compartido mixto con 10 camas,1,grupo,excepcional,"             ,        ,                      .                         .                    .    -    .                     .                           ",              ,10.0,2023-10-24,muy bien
the river hostel,rusia,cama en habitación compartida mixta de 6 camas,4,persona que viaja sola,excepcional,                                                                                 .,"              ,                                                              .",10.0,2023-10-11,muy bien
the river hostel,polonia,litera en dormitorio compartido mixto con 10 camas,2,persona que viaja sola,excepcional,"        ,         ",,10.0,2023-10-09,muy bien
the river hostel,ucrania,litera en dormitorio compartido mixto con 10 camas,2,familia,agradable,"             ,               ,                 .","                                                    15,5    .                         ,                           ,  .  .                16    ...                                 ...                     ,                               .                                .                      ,                                     ,                                       ...",6.0,2023-09-26,muy bien
the river hostel,ucrania,litera en dormitorio compartido mixto con 10 camas,3,persona que viaja sola,                          ,                                                           ,,10.0,2023-09-09,muy bien
the river hostel,méxico,litera en una habitación compartida femenina,1,persona que viaja sola,muy bien,me gustó que era muy limpio y muy bien ubicado,el aire acondicionado estaba muy frío,10.0,2023-08-28,muy bien
the river hostel,alemania,litera en dormitorio compartido mixto con 10 camas,4,persona que viaja sola,                                  ,"           ,                                    ,                                      .","                                                                 .                                                                                                       .                                                               .                                  .                 . 30     45                             .                                                              ,              .",10.0,2023-08-04,muy bien
the river hostel,ucrania,cama en habitación compartida mixta de 4 camas,2,persona que viaja sola,excepcional,"                           ,                          .                                    ,                                         -    ,                       .                                   .                                         ,          .                   ,                       .                   .            !                                            ,                             ,                                                                    .                  !","           ,               ,                                                                                     ,              8    9,                                       ,                  ,         ,      .        !",10.0,2023-07-26,muy bien
the river hostel,china,litera en una habitación compartida femenina,2,persona que viaja sola,                   ,     ,         ,5.0,2023-07-25,muy bien
the river hostel,méxico,litera en habitación compartida mixta de 12 camas,2,persona que viaja sola,recomendado,todo muy limpio y baños grandes,todo bien,10.0,2023-07-25,muy bien
the river hostel,rusia,litera en una habitación compartida femenina,1,persona que viaja sola,excepcional,            !!           ,,10.0,2023-07-08,muy bien
the river hostel,ucrania,litera en habitación compartida mixta de 12 camas,1,persona que viaja sola,               .,"                             .                 .                                    .                                                        ,                                                  .                .                                       ,              .                     .",                                           .,10.0,2023-07-03,muy bien
the river hostel,méxico,litera en una habitación compartida femenina,2,persona que viaja sola,céntrico pero mala opción para dormir bien,"está céntrico. tiene varios baños y regaderas separados, casi siempre encontrabas uno.","es demasiado ruidoso en la noche, ya que aceptan niños y adolescentes  como cursos de verano  y no respetan la regla de no hacer ruido después de las 10 de la noche por lo que después de un día pesado, no puedes descansar.",5.0,2023-06-21,muy bien
the river hostel,rusia,cama en habitación compartida mixta de 8 camas,1,persona que viaja sola,excepcional,                    ,                                     ,10.0,2023-06-15,muy bien
the river hostel,jordania,litera en habitación compartida mixta de 12 camas,1,persona que viaja sola,         ,                     ,      ,10.0,2023-04-25,muy bien
the river hostel,argentina,litera en habitación compartida mixta de 12 camas,1,persona que viaja sola,fantástico,,,9.0,2026-04-11,muy bien
the river hostel,bélgica,litera en dormitorio compartido mixto con 10 camas,4,persona que viaja sola,muy bien,,,8.0,2026-04-11,muy bien
the river hostel,irlanda,litera en habitación compartida mixta de 12 camas,1,pareja,muy bien,,,8.0,2026-04-11,muy bien
the river hostel,argentina,cama en habitación compartida mixta de 6 camas,3,persona que viaja sola,fantástico,,,9.0,2026-04-08,muy bien
the river hostel,españa,litera en habitación compartida mixta de 12 camas,1,persona que viaja sola,muy bien,,,8.0,2026-04-07,muy bien
the river hostel,españa,litera en dormitorio compartido mixto con 10 camas,1,grupo,muy bien,,,8.0,2026-04-04,muy bien
the river hostel,colombia,litera en habitación compartida mixta de 12 camas,1,persona que viaja sola,bien,,,7.0,2026-04-02,muy bien
the river hostel,españa,litera en dormitorio compartido mixto con 10 camas,3,grupo,bien,,,7.0,2026-03-31,muy bien
the river hostel,españa,cama en habitación compartida mixta de 8 camas,2,persona que viaja sola,bien,,,7.0,2026-03-30,muy bien
the river hostel,españa,cama en habitación compartida mixta de 4 camas,1,persona que viaja sola,fantástico,,,9.0,2026-03-29,muy bien
the river hostel,españa,cama en habitación compartida mixta de 8 camas,2,persona que viaja sola,fantástico,,,9.0,2026-03-29,muy bien
the river hostel,españa,cama en habitación compartida mixta de 8 camas,4,persona que viaja sola,bien,,,7.0,2026-03-23,muy bien
the river hostel,colombia,litera en habitación compartida mixta de 12 camas,1,persona que viaja sola,fantástico,,,9.0,2026-03-23,muy bien
the river hostel,españa,cama en habitación compartida mixta de 4 camas,2,pareja,muy bien,,,8.0,2026-03-22,muy bien
the river hostel,españa,litera en una habitación compartida femenina,1,persona que viaja sola,fantástico,,,9.0,2026-03-21,muy bien
the river hostel,españa,cama en habitación compartida mixta de 8 camas,1,persona que viaja sola,bien,,,7.0,2026-03-20,muy bien
the river hostel,españa,litera en habitación compartida mixta de 12 camas,1,persona que viaja sola,fantástico,,,9.0,2026-03-20,muy bien
the river hostel,españa,litera en dormitorio compartido mixto con 10 camas,6,persona que viaja sola,muy bien,,,8.0,2026-03-20,muy bien
the river hostel,españa,cama en habitación compartida mixta de 6 camas,3,pareja,fantástico,,,9.0,2026-03-19,muy bien
the river hostel,españa,cama en habitación compartida mixta de 4 camas,1,persona que viaja sola,muy bien,,,8.0,2026-03-19,muy bien
the river hostel,reino unido,cama en habitación compartida mixta de 6 camas,2,persona que viaja sola,muy bien,,,8.0,2026-03-17,muy bien
the river hostel,argentina,cama en habitación compartida mixta de 8 camas,3,persona que viaja sola,muy bien,,,8.0,2026-03-12,muy bien
the river hostel,guatemala,litera en habitación compartida mixta de 12 camas,2,persona que viaja sola,muy bien,,,8.0,2026-03-12,muy bien
the river hostel,españa,cama en habitación compartida mixta de 6 camas,1,persona que viaja sola,muy bien,,,8.0,2026-03-06,muy bien
the river hostel,españa,cama en habitación compartida mixta de 6 camas,4,persona que viaja sola,fantástico,,,9.0,2026-03-06,muy bien
the river hostel,españa,litera en dormitorio compartido mixto con 10 camas,1,persona que viaja sola,muy bien,,,8.0,2026-03-05,muy bien
the river hostel,españa,cama en habitación compartida mixta de 8 camas,2,persona que viaja sola,muy bien,,,8.0,2026-03-02,muy bien
the river hostel,panamá,cama en habitación compartida mixta de 6 camas,3,persona que viaja sola,fantástico,,,9.0,2026-02-28,muy bien
the river hostel,españa,cama en habitación compartida mixta de 4 camas,7,persona que viaja sola,bien,,,7.0,2026-02-25,muy bien
the river hostel,españa,litera en una habitación compartida femenina,5,persona que viaja sola,fantástico,,,9.0,2026-02-24,muy bien
the river hostel,españa,litera en una habitación compartida femenina,4,persona que viaja sola,fantástico,,,9.0,2026-02-24,muy bien
the river hostel,españa,litera en una habitación compartida femenina,1,persona que viaja sola,fantástico,,,9.0,2026-02-18,muy bien
the river hostel,españa,litera en habitación compartida mixta de 12 camas,1,persona que viaja sola,bien,,,7.0,2026-02-18,muy bien
the river hostel,perú,cama en habitación compartida mixta de 6 camas,2,persona que viaja sola,bien,,,7.0,2026-02-16,muy bien
the river hostel,españa,litera en habitación compartida mixta de 12 camas,1,persona que viaja sola,fantástico,,,9.0,2026-02-15,muy bien
the river hostel,españa,cama en habitación compartida mixta de 4 camas,1,persona que viaja sola,fantástico,,,9.0,2026-02-15,muy bien
the river hostel,españa,litera en habitación compartida mixta de 12 camas,2,persona que viaja sola,muy bien,,,8.0,2026-02-15,muy bien
the river hostel,españa,litera en habitación compartida mixta de 12 camas,5,persona que viaja sola,bien,,,7.0,2026-02-07,muy bien
the river hostel,españa,litera en una habitación compartida femenina,1,persona que viaja sola,muy bien,,,8.0,2026-02-07,muy bien
the river hostel,españa,cama en habitación compartida mixta de 6 camas,3,persona que viaja sola,bien,,,7.0,2026-02-06,muy bien
the river hostel,españa,cama en habitación compartida mixta de 4 camas,2,persona que viaja sola,fantástico,,,9.0,2026-02-05,muy bien
the river hostel,españa,litera en habitación compartida mixta de 12 camas,1,persona que viaja sola,fantástico,,,9.0,2026-02-05,muy bien
the river hostel,uruguay,litera en habitación compartida mixta de 12 camas,1,persona que viaja sola,muy bien,,,8.0,2026-02-05,muy bien
the river hostel,españa,litera en dormitorio compartido mixto con 10 camas,7,persona que viaja sola,muy bien,,,8.0,2026-02-03,muy bien
the river hostel,argentina,litera en habitación compartida mixta de 12 camas,2,persona que viaja sola,fantástico,,,9.0,2026-01-26,muy bien
the river hostel,españa,litera en habitación compartida mixta de 12 camas,2,persona que viaja sola,fantástico,,,9.0,2026-01-26,muy bien
the river hostel,españa,litera en habitación compartida mixta de 12 camas,1,persona que viaja sola,muy bien,,,8.0,2026-01-25,muy bien
the river hostel,marruecos,litera en habitación compartida mixta de 12 camas,1,persona que viaja sola,fantástico,,,9.0,2026-01-24,muy bien
the river hostel,españa,litera en habitación compartida mixta de 12 camas,1,persona que viaja sola,muy bien,,,8.0,2026-01-22,muy bien
the river hostel,españa,litera en habitación compartida mixta de 12 camas,1,persona que viaja sola,fantástico,,,9.0,2026-01-22,muy bien
the river hostel,españa,cama en habitación compartida mixta de 4 camas,1,persona que viaja sola,muy bien,,,8.0,2026-01-21,muy bien
the river hostel,españa,litera en habitación compartida mixta de 12 camas,1,persona que viaja sola,fantástico,,,9.0,2026-01-20,muy bien
the river hostel,italia,cama en habitación compartida mixta de 4 camas,3,persona que viaja sola,fantástico,,,9.0,2026-01-16,muy bien
the river hostel,españa,litera en habitación compartida mixta de 12 camas,1,persona que viaja sola,bien,,,7.0,2026-01-15,muy bien
the river hostel,españa,litera en habitación compartida mixta de 12 camas,2,persona que viaja sola,muy bien,,,8.0,2026-01-15,muy bien
the river hostel,españa,litera en una habitación compartida femenina,1,persona que viaja sola,muy bien,,,8.0,2026-01-14,muy bien
the river hostel,españa,litera en habitación compartida mixta de 12 camas,3,persona que viaja sola,bien,,,7.0,2026-01-14,muy bien
the river hostel,españa,litera en dormitorio compartido mixto con 10 camas,1,grupo,muy bien,,,8.0,2026-01-13,muy bien
the river hostel,españa,cama en habitación compartida mixta de 4 camas,5,persona que viaja sola,muy bien,,,8.0,2026-01-12,muy bien
the river hostel,francia,cama en habitación compartida mixta de 8 camas,1,persona que viaja sola,fantástico,,,9.0,2026-01-12,muy bien
the river hostel,españa,litera en una habitación compartida femenina,5,persona que viaja sola,bien,,,7.0,2026-01-09,muy bien
the river hostel,españa,litera en habitación compartida mixta de 12 camas,3,persona que viaja sola,fantástico,,,9.0,2026-01-09,muy bien
the river hostel,españa,litera en dormitorio compartido mixto con 10 camas,2,persona que viaja sola,muy bien,,,8.0,2026-01-07,muy bien
the river hostel,argentina,litera en habitación compartida mixta de 12 camas,2,persona que viaja sola,bien,,,7.0,2025-12-30,muy bien
the river hostel,españa,litera en habitación compartida mixta de 12 camas,1,persona que viaja sola,fantástico,,,9.0,2025-12-28,muy bien
the river hostel,españa,litera en habitación compartida mixta de 12 camas,1,persona que viaja sola,muy bien,,,8.0,2025-12-28,muy bien
the river hostel,colombia,cama en habitación compartida mixta de 8 camas,2,persona que viaja sola,muy bien,,,8.0,2025-12-22,muy bien
the river hostel,españa,litera en habitación compartida mixta de 12 camas,3,persona que viaja sola,muy bien,,,8.0,2025-12-19,muy bien
the river hostel,españa,litera en habitación compartida mixta de 12 camas,1,persona que viaja sola,muy bien,,,8.0,2025-12-16,muy bien
the river hostel,españa,cama en habitación compartida mixta de 8 camas,2,persona que viaja sola,muy bien,,,8.0,2025-12-12,muy bien
the river hostel,españa,litera en una habitación compartida femenina,1,persona que viaja sola,muy bien,,,8.0,2025-12-10,muy bien
the river hostel,letonia,litera en habitación compartida mixta de 12 camas,4,persona que viaja sola,muy bien,,,8.0,2025-12-10,muy bien
the river hostel,andorra,litera en habitación compartida mixta de 12 camas,1,persona que viaja sola,muy bien,,,8.0,2025-12-10,muy bien
the river hostel,españa,litera en habitación compartida mixta de 12 camas,2,persona que viaja sola,fantástico,,,9.0,2025-12-05,muy bien
the river hostel,españa,litera en dormitorio compartido mixto con 10 camas,2,persona que viaja sola,fantástico,,,9.0,2025-12-01,muy bien
the river hostel,colombia,litera en habitación compartida mixta de 12 camas,4,persona que viaja sola,muy bien,,,8.0,2025-11-25,muy bien
the river hostel,españa,cama en habitación compartida mixta de 4 camas,1,persona que viaja sola,fantástico,,,9.0,2025-11-24,muy bien
the river hostel,colombia,litera en habitación compartida mixta de 12 camas,2,persona que viaja sola,muy bien,,,8.0,2025-11-22,muy bien
the river hostel,colombia,litera en dormitorio compartido mixto con 10 camas,10,persona que viaja sola,muy bien,,,8.0,2025-11-22,muy bien
the river hostel,españa,litera en habitación compartida mixta de 12 camas,3,persona que viaja sola,fantástico,,,9.0,2025-11-21,muy bien
the river hostel,italia,litera en dormitorio compartido mixto con 10 camas,2,persona que viaja sola,fantástico,,,9.0,2025-11-20,muy bien
the river hostel,argentina,litera en una habitación compartida femenina,4,persona que viaja sola,muy bien,,,8.0,2025-11-14,muy bien
the river hostel,países bajos,litera en dormitorio compartido mixto con 10 camas,3,persona que viaja sola,bien,,,7.0,2025-11-13,muy bien
the river hostel,españa,litera en habitación compartida mixta de 12 camas,1,persona que viaja sola,fantástico,,,9.0,2025-11-13,muy bien
the river hostel,colombia,cama en habitación compartida mixta de 6 camas,2,persona que viaja sola,fantástico,,,9.0,2025-11-12,muy bien
the river hostel,españa,litera en dormitorio compartido mixto con 10 camas,1,pareja,muy bien,,,8.0,2025-11-11,muy bien
the river hostel,españa,litera en una habitación compartida femenina,1,persona que viaja sola,bien,,,7.0,2025-11-10,muy bien
the river hostel,españa,litera en habitación compartida mixta de 12 camas,1,persona que viaja sola,fantástico,,,9.0,2025-11-07,muy bien
the river hostel,argentina,litera en habitación compartida mixta de 12 camas,1,persona que viaja sola,muy bien,,,8.0,2025-11-05,muy bien
the river hostel,españa,litera en habitación compartida mixta de 12 camas,1,persona que viaja sola,muy bien,,,8.0,2025-11-01,muy bien
the river hostel,italia,litera en habitación compartida mixta de 12 camas,2,persona que viaja sola,muy bien,,,8.0,2025-10-30,muy bien
the river hostel,argentina,cama en habitación compartida mixta de 4 camas,3,persona que viaja sola,fantástico,,,9.0,2025-10-30,muy bien
the river hostel,españa,litera en dormitorio compartido mixto con 10 camas,1,persona que viaja sola,bien,,,7.0,2025-10-29,muy bien
the river hostel,argentina,litera en habitación compartida mixta de 12 camas,3,persona que viaja sola,bien,,,7.0,2025-10-26,muy bien
the river hostel,españa,litera en habitación compartida mixta de 12 camas,1,persona que viaja sola,muy bien,,,8.0,2025-10-25,muy bien
the river hostel,españa,litera en habitación compartida mixta de 12 camas,2,persona que viaja sola,fantástico,,,9.0,2025-10-24,muy bien
the river hostel,colombia,litera en habitación compartida mixta de 12 camas,1,persona que viaja sola,muy bien,,,8.0,2025-10-24,muy bien
the river hostel,argentina,cama en habitación compartida mixta de 4 camas,2,persona que viaja sola,muy bien,,,8.0,2025-10-22,muy bien
the river hostel,españa,litera en dormitorio compartido mixto con 10 camas,2,grupo,muy bien,,,8.0,2025-10-21,muy bien
the river hostel,argentina,litera en habitación compartida mixta de 12 camas,3,persona que viaja sola,fantástico,,,9.0,2025-10-20,muy bien
the river hostel,españa,cama en habitación compartida mixta de 6 camas,1,grupo,fantástico,,,9.0,2025-10-19,muy bien
the river hostel,argentina,litera en habitación compartida mixta de 12 camas,3,pareja,fantástico,,,9.0,2025-10-16,muy bien
the river hostel,argentina,litera en una habitación compartida femenina,2,persona que viaja sola,muy bien,,,8.0,2025-10-16,muy bien
the river hostel,españa,litera en dormitorio compartido mixto con 10 camas,6,persona que viaja sola,muy bien,,,8.0,2025-10-15,muy bien
the river hostel,españa,litera en habitación compartida mixta de 12 camas,1,persona que viaja sola,muy bien,,,8.0,2025-10-13,muy bien
the river hostel,marruecos,litera en habitación compartida mixta de 12 camas,8,persona que viaja sola,fantástico,,,9.0,2025-10-10,muy bien
the river hostel,argentina,litera en habitación compartida mixta de 12 camas,1,persona que viaja sola,fantástico,,,9.0,2025-10-10,muy bien
the river hostel,españa,litera en habitación compartida mixta de 12 camas,1,grupo,muy bien,,,8.0,2025-10-07,muy bien
the river hostel,españa,litera en habitación compartida mixta de 12 camas,1,grupo,fantástico,,,9.0,2025-10-07,muy bien
the river hostel,argentina,litera en dormitorio compartido mixto con 10 camas,2,grupo,muy bien,,,8.0,2025-10-05,muy bien
the river hostel,españa,litera en habitación compartida mixta de 12 camas,1,persona que viaja sola,muy bien,,,8.0,2025-10-04,muy bien
the river hostel,argentina,litera en habitación compartida mixta de 12 camas,16,persona que viaja sola,fantástico,,,9.0,2025-10-03,muy bien
the river hostel,españa,litera en habitación compartida mixta de 12 camas,2,persona que viaja sola,fantástico,,,9.0,2025-09-30,muy bien
the river hostel,españa,litera en habitación compartida mixta de 12 camas,1,persona que viaja sola,muy bien,,,8.0,2025-09-30,muy bien
the river hostel,españa,litera en habitación compartida mixta de 12 camas,4,persona que viaja sola,bien,,,7.0,2025-09-30,muy bien
the river hostel,españa,litera en habitación compartida mixta de 12 camas,1,pareja,muy bien,,,8.0,2025-09-27,muy bien
the river hostel,argentina,litera en dormitorio compartido mixto con 10 camas,2,persona que viaja sola,muy bien,,,8.0,2025-09-26,muy bien
the river hostel,españa,litera en habitación compartida mixta de 12 camas,1,persona que viaja sola,muy bien,,,8.0,2025-09-23,muy bien
the river hostel,españa,litera en una habitación compartida femenina,1,persona que viaja sola,fantástico,,,9.0,2025-09-21,muy bien
the river hostel,argentina,litera en dormitorio compartido mixto con 10 camas,1,persona que viaja sola,bien,,,7.0,2025-09-18,muy bien
the river hostel,italia,cama en habitación compartida mixta de 6 camas,1,persona que viaja sola,muy bien,,,8.0,2025-09-18,muy bien
the river hostel,españa,litera en habitación compartida mixta de 12 camas,2,persona que viaja sola,muy bien,,,8.0,2025-09-09,muy bien
the river hostel,brasil,litera en una habitación compartida femenina,3,grupo,muy bien,,,8.0,2025-09-09,muy bien
the river hostel,españa,litera en una habitación compartida femenina,2,persona que viaja sola,muy bien,,,8.0,2025-09-08,muy bien
the river hostel,argentina,litera en una habitación compartida femenina,2,persona que viaja sola,muy bien,,,8.0,2025-09-02,muy bien
the river hostel,argentina,cama en habitación compartida mixta de 6 camas,2,persona que viaja sola,fantástico,,,9.0,2025-09-01,muy bien
the river hostel,españa,cama en habitación compartida mixta de 8 camas,3,persona que viaja sola,muy bien,,,8.0,2025-08-30,muy bien
the river hostel,españa,litera en una habitación compartida femenina,3,grupo,muy bien,,,8.0,2025-08-23,muy bien
the river hostel,españa,litera en dormitorio compartido mixto con 10 camas,1,persona que viaja sola,fantástico,,,9.0,2025-08-20,muy bien
the river hostel,españa,litera en habitación compartida mixta de 12 camas,2,persona que viaja sola,bien,,,7.0,2025-08-20,muy bien
the river hostel,argentina,litera en una habitación compartida femenina,3,persona que viaja sola,fantástico,,,9.0,2025-08-18,muy bien
the river hostel,argentina,litera en habitación compartida mixta de 12 camas,6,persona que viaja sola,fantástico,,,9.0,2025-08-17,muy bien
the river hostel,argentina,litera en una habitación compartida femenina,2,persona que viaja sola,fantástico,,,9.0,2025-08-16,muy bien
the river hostel,argentina,cama en habitación compartida mixta de 6 camas,6,persona que viaja sola,muy bien,,,8.0,2025-08-16,muy bien
the river hostel,uruguay,litera en una habitación compartida femenina,1,pareja,fantástico,,,9.0,2025-08-15,muy bien
the river hostel,españa,litera en habitación compartida mixta de 12 camas,1,persona que viaja sola,fantástico,,,9.0,2025-08-14,muy bien
the river hostel,italia,litera en habitación compartida mixta de 12 camas,4,persona que viaja sola,muy bien,,,8.0,2025-08-14,muy bien
the river hostel,españa,cama en habitación compartida mixta de 6 camas,3,persona que viaja sola,muy bien,,,8.0,2025-08-12,muy bien
the river hostel,españa,litera en habitación compartida mixta de 12 camas,2,persona que viaja sola,fantástico,,,9.0,2025-08-10,muy bien
the river hostel,argentina,litera en dormitorio compartido mixto con 10 camas,4,persona que viaja sola,muy bien,,,8.0,2025-08-08,muy bien
the river hostel,españa,litera en habitación compartida mixta de 12 camas,2,persona que viaja sola,bien,,,7.0,2025-08-01,muy bien
the river hostel,españa,litera en una habitación compartida femenina,2,persona que viaja sola,muy bien,,,8.0,2025-07-29,muy bien
the river hostel,españa,litera en habitación compartida mixta de 12 camas,2,persona que viaja sola,bien,,,7.0,2025-07-27,muy bien
the river hostel,españa,litera en una habitación compartida femenina,2,persona que viaja sola,muy bien,,,8.0,2025-07-27,muy bien
the river hostel,eslovaquia,litera en habitación compartida mixta de 12 camas,1,persona que viaja sola,fantástico,,,9.0,2025-07-25,muy bien
the river hostel,españa,litera en una habitación compartida femenina,2,persona que viaja sola,muy bien,,,8.0,2025-07-25,muy bien
the river hostel,españa,litera en habitación compartida mixta de 12 camas,1,persona que viaja sola,muy bien,,,8.0,2025-07-21,muy bien
the river hostel,españa,cama en habitación compartida mixta de 8 camas,1,persona que viaja sola,fantástico,,,9.0,2025-07-18,muy bien
the river hostel,españa,cama en habitación compartida mixta de 4 camas,2,familia,fantástico,,,9.0,2025-07-17,muy bien
the river hostel,italia,cama en habitación compartida mixta de 4 camas,1,persona que viaja sola,bien,,,7.0,2025-07-16,muy bien
the river hostel,españa,litera en dormitorio compartido mixto con 10 camas,1,persona que viaja sola,bien,,,7.0,2025-07-08,muy bien
the river hostel,argentina,litera en habitación compartida mixta de 12 camas,2,persona que viaja sola,muy bien,,,8.0,2025-07-07,muy bien
the river hostel,españa,litera en dormitorio compartido mixto con 10 camas,1,persona que viaja sola,muy bien,,,8.0,2025-07-04,muy bien
the river hostel,colombia,litera en dormitorio compartido mixto con 10 camas,1,persona que viaja sola,fantástico,,,9.0,2025-07-03,muy bien
the river hostel,argentina,cama en habitación compartida mixta de 6 camas,2,grupo,fantástico,,,9.0,2025-06-27,muy bien
the river hostel,españa,litera en dormitorio compartido mixto con 10 camas,3,persona que viaja sola,bien,,,7.0,2025-06-24,muy bien
the river hostel,españa,litera en una habitación compartida femenina,1,persona que viaja sola,muy bien,,,8.0,2025-06-23,muy bien
the river hostel,españa,cama en habitación compartida mixta de 4 camas,1,persona que viaja sola,fantástico,,,9.0,2025-06-23,muy bien
the river hostel,españa,litera en dormitorio compartido mixto con 10 camas,1,persona que viaja sola,muy bien,,,8.0,2025-06-18,muy bien
the river hostel,españa,litera en una habitación compartida femenina,1,persona que viaja sola,fantástico,,,9.0,2025-06-16,muy bien
the river hostel,alemania,litera en habitación compartida mixta de 12 camas,1,persona que viaja sola,fantástico,,,9.0,2025-06-14,muy bien
the river hostel,ecuador,litera en dormitorio compartido mixto con 10 camas,1,persona que viaja sola,muy bien,,,8.0,2025-06-09,muy bien
the river hostel,colombia,litera en dormitorio compartido mixto con 10 camas,5,persona que viaja sola,fantástico,,,9.0,2025-06-06,muy bien
the river hostel,españa,litera en una habitación compartida femenina,1,persona que viaja sola,muy bien,,,8.0,2025-06-03,muy bien
the river hostel,españa,litera en dormitorio compartido mixto con 10 camas,5,persona que viaja sola,bien,,,7.0,2025-05-31,muy bien
the river hostel,españa,litera en habitación compartida mixta de 12 camas,2,persona que viaja sola,bien,,,7.0,2025-05-29,muy bien
the river hostel,españa,cama en habitación compartida mixta de 6 camas,1,persona que viaja sola,muy bien,,,8.0,2025-05-27,muy bien
the river hostel,argentina,litera en una habitación compartida femenina,2,persona que viaja sola,muy bien,,,8.0,2025-05-26,muy bien
the river hostel,españa,litera en una habitación compartida femenina,1,persona que viaja sola,bien,,,7.0,2025-05-24,muy bien
the river hostel,españa,litera en habitación compartida mixta de 12 camas,1,persona que viaja sola,fantástico,,,9.0,2025-05-21,muy bien
the river hostel,georgia,litera en dormitorio compartido mixto con 10 camas,1,persona que viaja sola,fantástico,,,9.0,2025-05-21,muy bien
the river hostel,españa,litera en dormitorio compartido mixto con 10 camas,1,persona que viaja sola,muy bien,,,8.0,2025-05-16,muy bien
the river hostel,argentina,cama en habitación compartida mixta de 8 camas,1,persona que viaja sola,muy bien,,,8.0,2025-05-15,muy bien
the river hostel,españa,litera en habitación compartida mixta de 12 camas,2,grupo,muy bien,,,8.0,2025-05-11,muy bien
the river hostel,españa,litera en habitación compartida mixta de 12 camas,1,persona que viaja sola,muy bien,,,8.0,2025-05-09,muy bien
the river hostel,españa,litera en dormitorio compartido mixto con 10 camas,3,persona que viaja sola,muy bien,,,8.0,2025-05-07,muy bien
the river hostel,italia,litera en habitación compartida mixta de 12 camas,1,grupo,muy bien,,,8.0,2025-05-06,muy bien
the river hostel,españa,litera en una habitación compartida femenina,2,persona que viaja sola,bien,,,7.0,2025-04-27,muy bien
the river hostel,españa,litera en dormitorio compartido mixto con 10 camas,1,persona que viaja sola,muy bien,,,8.0,2025-04-23,muy bien
the river hostel,emiratos árabes unidos,litera en dormitorio compartido mixto con 10 camas,5,persona que viaja sola,muy bien,,,8.0,2025-04-18,muy bien
the river hostel,italia,litera en una habitación compartida femenina,2,persona que viaja sola,bien,,,7.0,2025-04-15,muy bien
the river hostel,colombia,litera en habitación compartida mixta de 12 camas,1,persona que viaja sola,bien,,,7.0,2025-04-03,muy bien
the river hostel,españa,litera en habitación compartida mixta de 12 camas,1,persona que viaja sola,bien,,,7.0,2025-04-02,muy bien
the river hostel,argentina,litera en dormitorio compartido mixto con 10 camas,3,persona que viaja sola,muy bien,,,8.0,2025-04-02,muy bien
the river hostel,españa,litera en habitación compartida mixta de 12 camas,1,persona que viaja sola,muy bien,,,8.0,2025-03-26,muy bien
the river hostel,españa,litera en dormitorio compartido mixto con 10 camas,4,persona que viaja sola,bien,,,7.0,2025-03-23,muy bien
the river hostel,méxico,litera en dormitorio compartido mixto con 10 camas,1,persona que viaja sola,muy bien,,,8.0,2025-03-20,muy bien
the river hostel,españa,litera en dormitorio compartido mixto con 10 camas,1,persona que viaja sola,muy bien,,,8.0,2025-03-17,muy bien
the river hostel,argentina,litera en dormitorio compartido mixto con 10 camas,3,persona que viaja sola,muy bien,,,8.0,2025-03-13,muy bien
the river hostel,italia,litera en habitación compartida mixta de 12 camas,5,persona que viaja sola,muy bien,,,8.0,2025-03-11,muy bien
the river hostel,españa,litera en una habitación compartida femenina,4,persona que viaja sola,fantástico,,,9.0,2025-03-01,muy bien
the river hostel,españa,cama en habitación compartida mixta de 8 camas,1,persona que viaja sola,fantástico,,,9.0,2025-02-25,muy bien
the river hostel,colombia,litera en habitación compartida mixta de 12 camas,1,persona que viaja sola,muy bien,,,8.0,2025-02-23,muy bien
the river hostel,argentina,litera en habitación compartida mixta de 12 camas,2,persona que viaja sola,bien,,,7.0,2025-02-18,muy bien
the river hostel,españa,cama en habitación compartida mixta de 6 camas,1,persona que viaja sola,bien,,,7.0,2025-02-18,muy bien
the river hostel,españa,litera en dormitorio compartido mixto con 10 camas,1,persona que viaja sola,muy bien,,,8.0,2025-02-16,muy bien
the river hostel,españa,litera en habitación compartida mixta de 12 camas,1,persona que viaja sola,bien,,,7.0,2025-02-15,muy bien
the river hostel,españa,litera en habitación compartida mixta de 12 camas,1,persona que viaja sola,bien,,,7.0,2025-02-13,muy bien
the river hostel,españa,cama en habitación compartida mixta de 6 camas,2,persona que viaja sola,bien,,,7.0,2025-02-07,muy bien
the river hostel,españa,litera en habitación compartida mixta de 12 camas,1,persona que viaja sola,bien,,,7.0,2025-02-04,muy bien
the river hostel,españa,litera en habitación compartida mixta de 12 camas,2,persona que viaja sola,muy bien,,,8.0,2025-02-04,muy bien
the river hostel,argentina,litera en habitación compartida mixta de 12 camas,2,persona que viaja sola,muy bien,,,8.0,2025-01-31,muy bien
the river hostel,suiza,litera en habitación compartida mixta de 12 camas,3,persona que viaja sola,fantástico,,,9.0,2025-01-30,muy bien
the river hostel,españa,litera en habitación compartida mixta de 12 camas,2,persona que viaja sola,muy bien,,,8.0,2025-01-27,muy bien
the river hostel,alemania,litera en habitación compartida mixta de 12 camas,4,persona que viaja sola,fantástico,,,9.0,2025-01-26,muy bien
the river hostel,españa,cama en habitación compartida mixta de 6 camas,1,persona que viaja sola,muy bien,,,8.0,2025-01-24,muy bien
the river hostel,argentina,litera en dormitorio compartido mixto con 10 camas,5,persona que viaja sola,muy bien,,,8.0,2025-01-23,muy bien
the river hostel,españa,litera en habitación compartida mixta de 12 camas,2,persona que viaja sola,fantástico,,,9.0,2025-01-20,muy bien
the river hostel,españa,litera en una habitación compartida femenina,3,persona que viaja sola,muy bien,,,8.0,2025-01-17,muy bien
the river hostel,españa,litera en dormitorio compartido mixto con 10 camas,1,persona que viaja sola,muy bien,,,8.0,2025-01-16,muy bien
the river hostel,francia,litera en habitación compartida mixta de 12 camas,2,persona que viaja sola,muy bien,,,8.0,2025-01-15,muy bien
the river hostel,españa,litera en habitación compartida mixta de 12 camas,3,persona que viaja sola,bien,,,7.0,2025-01-11,muy bien
the river hostel,españa,cama en habitación compartida mixta de 6 camas,1,persona que viaja sola,fantástico,,,9.0,2025-01-10,muy bien
the river hostel,españa,litera en habitación compartida mixta de 12 camas,1,persona que viaja sola,fantástico,,,9.0,2025-01-09,muy bien
the river hostel,argentina,litera en habitación compartida mixta de 12 camas,1,persona que viaja sola,muy bien,,,8.0,2025-01-03,muy bien
the river hostel,uruguay,litera en habitación compartida mixta de 12 camas,3,persona que viaja sola,muy bien,,,8.0,2025-01-01,muy bien
the river hostel,argentina,litera en habitación compartida mixta de 12 camas,4,persona que viaja sola,muy bien,,,8.0,2025-01-01,muy bien
the river hostel,españa,litera en habitación compartida mixta de 12 camas,1,persona que viaja sola,muy bien,,,8.0,2024-12-31,muy bien
the river hostel,españa,litera en dormitorio compartido mixto con 10 camas,2,persona que viaja sola,fantástico,,,9.0,2024-12-30,muy bien
the river hostel,españa,litera en habitación compartida mixta de 12 camas,1,persona que viaja sola,bien,,,7.0,2024-12-25,muy bien
the river hostel,españa,cama en habitación compartida mixta de 4 camas,3,persona que viaja sola,muy bien,,,8.0,2024-12-25,muy bien
the river hostel,españa,litera en dormitorio compartido mixto con 10 camas,1,persona que viaja sola,fantástico,,,9.0,2024-12-24,muy bien
the river hostel,españa,litera en una habitación compartida femenina,1,persona que viaja sola,fantástico,,,9.0,2024-12-21,muy bien
the river hostel,españa,litera en habitación compartida mixta de 12 camas,2,persona que viaja sola,fantástico,,,9.0,2024-12-20,muy bien
the river hostel,colombia,litera en habitación compartida mixta de 12 camas,1,persona que viaja sola,fantástico,,,9.0,2024-12-19,muy bien
the river hostel,colombia,litera en habitación compartida mixta de 12 camas,1,persona que viaja sola,fantástico,,,9.0,2024-12-17,muy bien
the river hostel,españa,litera en una habitación compartida femenina,1,persona que viaja sola,muy bien,,,8.0,2024-12-16,muy bien
the river hostel,españa,litera en habitación compartida mixta de 12 camas,3,persona que viaja sola,fantástico,,,9.0,2024-12-15,muy bien
the river hostel,españa,litera en dormitorio compartido mixto con 10 camas,8,persona que viaja sola,fantástico,,,9.0,2024-12-12,muy bien
the river hostel,españa,litera en habitación compartida mixta de 12 camas,1,persona que viaja sola,muy bien,,,8.0,2024-12-08,muy bien
the river hostel,españa,litera en una habitación compartida femenina,1,persona que viaja sola,fantástico,,,9.0,2024-12-06,muy bien
the river hostel,españa,litera en habitación compartida mixta de 12 camas,6,persona que viaja sola,fantástico,,,9.0,2024-12-03,muy bien
the river hostel,españa,litera en habitación compartida mixta de 12 camas,2,persona que viaja sola,muy bien,,,8.0,2024-12-02,muy bien
the river hostel,españa,litera en dormitorio compartido mixto con 10 camas,1,persona que viaja sola,muy bien,,,8.0,2024-11-28,muy bien
the river hostel,argentina,litera en habitación compartida mixta de 12 camas,5,persona que viaja sola,muy bien,,,8.0,2024-11-22,muy bien
the river hostel,españa,cama en habitación compartida mixta de 6 camas,1,persona que viaja sola,bien,,,7.0,2024-11-20,muy bien
the river hostel,españa,cama en habitación compartida mixta de 8 camas,4,persona que viaja sola,muy bien,,,8.0,2024-11-20,muy bien
the river hostel,españa,cama en habitación compartida mixta de 8 camas,1,persona que viaja sola,muy bien,,,8.0,2024-11-17,muy bien
the river hostel,españa,cama en habitación compartida mixta de 8 camas,2,persona que viaja sola,muy bien,,,8.0,2024-11-15,muy bien
the river hostel,alemania,cama en habitación compartida mixta de 6 camas,4,persona que viaja sola,muy bien,,,8.0,2024-11-15,muy bien
the river hostel,españa,cama en habitación compartida mixta de 8 camas,1,grupo,bien,,,7.0,2024-11-11,muy bien
the river hostel,españa,litera en habitación compartida mixta de 12 camas,2,persona que viaja sola,fantástico,,,9.0,2024-11-11,muy bien
the river hostel,españa,litera en dormitorio compartido mixto con 10 camas,1,grupo,bien,,,7.0,2024-11-10,muy bien
the river hostel,chile,litera en dormitorio compartido mixto con 10 camas,10,persona que viaja sola,bien,,,7.0,2024-11-03,muy bien
the river hostel,españa,cama en habitación compartida mixta de 4 camas,2,grupo,bien,,,7.0,2024-11-02,muy bien
the river hostel,españa,litera en dormitorio compartido mixto con 10 camas,1,persona que viaja sola,fantástico,,,9.0,2024-11-01,muy bien
the river hostel,españa,cama en habitación compartida mixta de 4 camas,1,persona que viaja sola,fantástico,,,9.0,2024-11-01,muy bien
the river hostel,españa,cama en habitación compartida mixta de 6 camas,1,persona que viaja sola,bien,,,7.0,2024-10-30,muy bien
the river hostel,panamá,litera en dormitorio compartido mixto con 10 camas,1,grupo,muy bien,,,8.0,2024-10-28,muy bien
the river hostel,españa,litera en una habitación compartida femenina,1,persona que viaja sola,muy bien,,,8.0,2024-10-28,muy bien
the river hostel,españa,litera en habitación compartida mixta de 12 camas,2,grupo,fantástico,,,9.0,2024-10-27,muy bien
the river hostel,argentina,litera en dormitorio compartido mixto con 10 camas,5,persona que viaja sola,muy bien,,,8.0,2024-10-26,muy bien
the river hostel,españa,litera en dormitorio compartido mixto con 10 camas,4,persona que viaja sola,muy bien,,,8.0,2024-10-25,muy bien
the river hostel,españa,litera en habitación compartida mixta de 12 camas,1,persona que viaja sola,muy bien,,,8.0,2024-10-25,muy bien
the river hostel,españa,litera en una habitación compartida femenina,2,persona que viaja sola,muy bien,,,8.0,2024-10-24,muy bien
the river hostel,españa,litera en una habitación compartida femenina,1,persona que viaja sola,fantástico,,,9.0,2024-10-24,muy bien
the river hostel,españa,litera en habitación compartida mixta de 12 camas,2,persona que viaja sola,bien,,,7.0,2024-10-19,muy bien
the river hostel,españa,litera en dormitorio compartido mixto con 10 camas,1,persona que viaja sola,fantástico,,,9.0,2024-10-17,muy bien
the river hostel,colombia,litera en dormitorio compartido mixto con 10 camas,1,familia,fantástico,,,9.0,2024-10-14,muy bien
the river hostel,españa,litera en una habitación compartida femenina,3,persona que viaja sola,muy bien,,,8.0,2024-10-13,muy bien
the river hostel,argentina,litera en dormitorio compartido mixto con 10 camas,2,pareja,bien,,,7.0,2024-10-13,muy bien
the river hostel,españa,litera en dormitorio compartido mixto con 10 camas,1,persona que viaja sola,fantástico,,,9.0,2024-10-08,muy bien
the river hostel,españa,litera en habitación compartida mixta de 12 camas,1,persona que viaja sola,muy bien,,,8.0,2024-10-07,muy bien
the river hostel,colombia,litera en dormitorio compartido mixto con 10 camas,2,persona que viaja sola,fantástico,,,9.0,2024-10-05,muy bien
the river hostel,españa,cama en habitación compartida mixta de 6 camas,1,persona que viaja sola,bien,,,7.0,2024-10-04,muy bien
the river hostel,argentina,litera en dormitorio compartido mixto con 10 camas,1,pareja,bien,,,7.0,2024-10-01,muy bien
the river hostel,argentina,cama en habitación compartida mixta de 4 camas,1,grupo,muy bien,,,8.0,2024-10-01,muy bien
the river hostel,españa,litera en habitación compartida mixta de 12 camas,1,persona que viaja sola,bien,,,7.0,2024-09-24,muy bien
the river hostel,españa,cama en habitación compartida mixta de 6 camas,1,persona que viaja sola,bien,,,7.0,2024-09-23,muy bien
the river hostel,argentina,litera en una habitación compartida femenina,6,persona que viaja sola,muy bien,,,8.0,2024-09-21,muy bien
the river hostel,españa,litera en una habitación compartida femenina,2,persona que viaja sola,muy bien,,,8.0,2024-09-19,muy bien
the river hostel,uruguay,litera en dormitorio compartido mixto con 10 camas,3,persona que viaja sola,muy bien,,,8.0,2024-09-18,muy bien
the river hostel,italia,litera en dormitorio compartido mixto con 10 camas,7,persona que viaja sola,fantástico,,,9.0,2024-09-18,muy bien
the river hostel,españa,cama en habitación compartida mixta de 4 camas,4,persona que viaja sola,muy bien,,,8.0,2024-09-17,muy bien
the river hostel,españa,litera en dormitorio compartido mixto con 10 camas,2,persona que viaja sola,fantástico,,,9.0,2024-09-16,muy bien
the river hostel,argentina,litera en dormitorio compartido mixto con 10 camas,1,persona que viaja sola,fantástico,,,9.0,2024-09-11,muy bien
the river hostel,argentina,litera en una habitación compartida femenina,1,persona que viaja sola,fantástico,,,9.0,2024-09-11,muy bien
the river hostel,uruguay,litera en una habitación compartida femenina,1,grupo,fantástico,,,9.0,2024-09-10,muy bien
the river hostel,españa,litera en habitación compartida mixta de 12 camas,1,persona que viaja sola,fantástico,,,9.0,2024-09-10,muy bien
the river hostel,españa,litera en dormitorio compartido mixto con 10 camas,1,persona que viaja sola,muy bien,,,8.0,2024-09-09,muy bien
the river hostel,españa,litera en dormitorio compartido mixto con 10 camas,4,persona que viaja sola,muy bien,,,8.0,2024-09-09,muy bien
the river hostel,españa,cama en habitación compartida mixta de 6 camas,1,grupo,muy bien,,,8.0,2024-09-07,muy bien
the river hostel,españa,litera en una habitación compartida femenina,1,persona que viaja sola,fantástico,,,9.0,2024-09-04,muy bien
the river hostel,argentina,litera en dormitorio compartido mixto con 10 camas,3,persona que viaja sola,fantástico,,,9.0,2024-09-03,muy bien
the river hostel,españa,litera en habitación compartida mixta de 12 camas,2,persona que viaja sola,muy bien,,,8.0,2024-08-29,muy bien
the river hostel,españa,litera en habitación compartida mixta de 12 camas,3,grupo,muy bien,,,8.0,2024-08-26,muy bien
the river hostel,españa,litera en habitación compartida mixta de 12 camas,2,grupo,muy bien,,,8.0,2024-08-25,muy bien
the river hostel,españa,litera en habitación compartida mixta de 12 camas,3,persona que viaja sola,fantástico,,,9.0,2024-08-25,muy bien
the river hostel,españa,cama en habitación compartida mixta de 6 camas,1,grupo,muy bien,,,8.0,2024-08-16,muy bien
the river hostel,españa,litera en dormitorio compartido mixto con 10 camas,2,persona que viaja sola,bien,,,7.0,2024-08-16,muy bien
the river hostel,austria,cama en habitación compartida mixta de 6 camas,3,persona que viaja sola,bien,,,7.0,2024-08-14,muy bien
the river hostel,españa,litera en habitación compartida mixta de 12 camas,1,grupo,muy bien,,,8.0,2024-08-11,muy bien
the river hostel,españa,litera en dormitorio compartido mixto con 10 camas,1,persona que viaja sola,muy bien,,,8.0,2024-08-10,muy bien
the river hostel,colombia,litera en una habitación compartida femenina,1,persona que viaja sola,fantástico,,,9.0,2024-08-09,muy bien
the river hostel,argentina,litera en habitación compartida mixta de 12 camas,2,persona que viaja sola,bien,,,7.0,2024-08-06,muy bien
the river hostel,uruguay,litera en habitación compartida mixta de 12 camas,4,grupo,muy bien,,,8.0,2024-08-05,muy bien
the river hostel,españa,litera en dormitorio compartido mixto con 10 camas,3,persona que viaja sola,muy bien,,,8.0,2024-07-28,muy bien
the river hostel,uruguay,cama en habitación compartida mixta de 4 camas,4,pareja,fantástico,,,9.0,2024-07-27,muy bien
the river hostel,argentina,litera en habitación compartida mixta de 12 camas,1,persona que viaja sola,fantástico,,,9.0,2024-07-27,muy bien
the river hostel,argentina,cama en habitación compartida mixta de 4 camas,3,persona que viaja sola,muy bien,,,8.0,2024-07-24,muy bien
the river hostel,españa,litera en habitación compartida mixta de 12 camas,2,persona que viaja sola,bien,,,7.0,2024-07-24,muy bien
the river hostel,argentina,litera en habitación compartida mixta de 12 camas,1,persona que viaja sola,muy bien,,,8.0,2024-07-22,muy bien
the river hostel,argentina,litera en una habitación compartida femenina,2,persona que viaja sola,muy bien,,,8.0,2024-07-21,muy bien
the river hostel,españa,litera en habitación compartida mixta de 12 camas,1,persona que viaja sola,fantástico,,,9.0,2024-07-19,muy bien
the river hostel,costa rica,cama en habitación compartida mixta de 8 camas,1,persona que viaja sola,fantástico,,,9.0,2024-07-15,muy bien
the river hostel,uruguay,litera en una habitación compartida femenina,3,persona que viaja sola,fantástico,,,9.0,2024-07-13,muy bien
the river hostel,españa,litera en dormitorio compartido mixto con 10 camas,1,grupo,muy bien,,,8.0,2024-07-12,muy bien
the river hostel,argentina,litera en dormitorio compartido mixto con 10 camas,1,persona que viaja sola,fantástico,,,9.0,2024-07-12,muy bien
the river hostel,españa,litera en habitación compartida mixta de 12 camas,2,grupo,fantástico,,,9.0,2024-07-08,muy bien
the river hostel,argentina,litera en una habitación compartida femenina,2,persona que viaja sola,bien,,,7.0,2024-07-05,muy bien
the river hostel,españa,litera en dormitorio compartido mixto con 10 camas,2,grupo,muy bien,,,8.0,2024-07-03,muy bien
the river hostel,marruecos,cama en habitación compartida mixta de 4 camas,2,persona que viaja sola,fantástico,,,9.0,2024-07-02,muy bien
the river hostel,argentina,cama en habitación compartida mixta de 4 camas,1,persona que viaja sola,fantástico,,,9.0,2024-07-02,muy bien
the river hostel,españa,litera en dormitorio compartido mixto con 10 camas,2,persona que viaja sola,fantástico,,,9.0,2024-06-25,muy bien
the river hostel,argentina,litera en habitación compartida mixta de 12 camas,1,persona que viaja sola,muy bien,,,8.0,2024-06-23,muy bien
the river hostel,argentina,litera en habitación compartida mixta de 12 camas,1,persona que viaja sola,muy bien,,,8.0,2024-06-19,muy bien
the river hostel,españa,litera en habitación compartida mixta de 12 camas,2,persona que viaja sola,muy bien,,,8.0,2024-06-13,muy bien
the river hostel,españa,litera en dormitorio compartido mixto con 10 camas,1,persona que viaja sola,fantástico,,,9.0,2024-06-10,muy bien
the river hostel,república dominicana,litera en habitación compartida mixta de 12 camas,1,persona que viaja sola,fantástico,,,9.0,2024-06-07,muy bien
the river hostel,argentina,litera en una habitación compartida femenina,2,persona que viaja sola,bien,,,7.0,2024-06-06,muy bien
the river hostel,españa,litera en dormitorio compartido mixto con 10 camas,2,pareja,muy bien,,,8.0,2024-06-05,muy bien
the river hostel,argentina,litera en habitación compartida mixta de 12 camas,1,persona que viaja sola,muy bien,,,8.0,2024-05-24,muy bien
the river hostel,brasil,litera en una habitación compartida femenina,2,persona que viaja sola,fantástico,,,9.0,2024-05-19,muy bien
the river hostel,españa,litera en habitación compartida mixta de 12 camas,1,pareja,bien,,,7.0,2024-05-19,muy bien
the river hostel,españa,litera en dormitorio compartido mixto con 10 camas,3,persona que viaja sola,fantástico,,,9.0,2024-05-15,muy bien
the river hostel,españa,litera en dormitorio compartido mixto con 10 camas,2,persona que viaja sola,muy bien,,,8.0,2024-05-15,muy bien
the river hostel,república dominicana,litera en habitación compartida mixta de 12 camas,1,persona que viaja sola,fantástico,,,9.0,2024-05-15,muy bien
the river hostel,argentina,litera en dormitorio compartido mixto con 10 camas,3,persona que viaja sola,fantástico,,,9.0,2024-05-11,muy bien
the river hostel,argentina,litera en dormitorio compartido mixto con 10 camas,1,persona que viaja sola,muy bien,,,8.0,2024-05-09,muy bien
the river hostel,francia,cama en habitación compartida mixta de 4 camas,1,persona que viaja sola,bien,,,7.0,2024-05-02,muy bien
the river hostel,francia,litera en habitación compartida mixta de 12 camas,1,persona que viaja sola,fantástico,,,9.0,2024-05-02,muy bien
the river hostel,españa,cama en habitación compartida mixta de 6 camas,2,pareja,bien,,,7.0,2024-04-26,muy bien
the river hostel,italia,litera en dormitorio compartido mixto con 10 camas,3,persona que viaja sola,fantástico,,,9.0,2024-04-21,muy bien
the river hostel,chile,litera en dormitorio compartido mixto con 10 camas,2,persona que viaja sola,fantástico,,,9.0,2024-04-21,muy bien
the river hostel,alemania,litera en dormitorio compartido mixto con 10 camas,2,grupo,fantástico,,,9.0,2024-04-15,muy bien
the river hostel,argentina,cama en habitación compartida mixta de 6 camas,1,persona que viaja sola,grata experiencia,,,8.0,2024-04-15,muy bien
the river hostel,colombia,litera en dormitorio compartido mixto con 10 camas,5,persona que viaja sola,muy bien,,,8.0,2024-04-14,muy bien
the river hostel,italia,litera en dormitorio compartido mixto con 10 camas,2,familia,fantástico,,,9.0,2024-04-13,muy bien
the river hostel,españa,litera en habitación compartida mixta de 12 camas,1,persona que viaja sola,muy bien,,,8.0,2024-04-13,muy bien
the river hostel,argentina,litera en habitación compartida mixta de 12 camas,3,persona que viaja sola,fantástico,,,9.0,2024-04-09,muy bien
the river hostel,brasil,cama en habitación compartida mixta de 4 camas,2,persona que viaja sola,fantástico,,,9.0,2024-04-04,muy bien
the river hostel,españa,cama en habitación compartida mixta de 6 camas,1,persona que viaja sola,fantástico,,,9.0,2024-04-04,muy bien
the river hostel,españa,litera en una habitación compartida femenina,1,persona que viaja sola,bien,,,7.0,2024-03-31,muy bien
the river hostel,españa,litera en habitación compartida mixta de 12 camas,4,persona que viaja sola,fantástico,,,9.0,2024-03-29,muy bien
the river hostel,españa,cama en habitación compartida mixta de 6 camas,2,persona que viaja sola,muy bien,,,8.0,2024-03-28,muy bien
the river hostel,españa,cama en habitación compartida mixta de 6 camas,2,grupo,muy bien,,,8.0,2024-03-24,muy bien
the river hostel,españa,cama en habitación compartida mixta de 8 camas,1,persona que viaja sola,fantástico,,,9.0,2024-03-22,muy bien
the river hostel,colombia,litera en una habitación compartida femenina,1,familia,bien,,,7.0,2024-03-16,muy bien
the river hostel,alemania,litera en dormitorio compartido mixto con 10 camas,4,persona que viaja sola,muy bien,,,8.0,2024-03-14,muy bien
the river hostel,españa,litera en una habitación compartida femenina,2,persona que viaja sola,muy bien,,,8.0,2024-03-14,muy bien
the river hostel,españa,cama en habitación compartida mixta de 6 camas,1,persona que viaja sola,muy bien,,,8.0,2024-03-12,muy bien
the river hostel,españa,litera en una habitación compartida femenina,1,grupo,muy bien,,,8.0,2024-03-12,muy bien
the river hostel,españa,litera en dormitorio compartido mixto con 10 camas,3,persona que viaja sola,bien,,,7.0,2024-03-08,muy bien
the river hostel,españa,litera en habitación compartida mixta de 12 camas,2,persona que viaja sola,fantástico,,,9.0,2024-03-02,muy bien
the river hostel,méxico,litera en dormitorio compartido mixto con 10 camas,1,persona que viaja sola,fantástico,,,9.0,2024-02-26,muy bien
the river hostel,colombia,litera en dormitorio compartido mixto con 10 camas,1,persona que viaja sola,fantástico,,,9.0,2024-02-25,muy bien
the river hostel,españa,cama en habitación compartida mixta de 4 camas,1,grupo,muy bien,,,8.0,2024-02-12,muy bien
the river hostel,francia,litera en habitación compartida mixta de 12 camas,3,persona que viaja sola,muy bien,,,8.0,2024-02-11,muy bien
the river hostel,españa,litera en habitación compartida mixta de 12 camas,1,persona que viaja sola,fantástico,,,9.0,2024-02-10,muy bien
the river hostel,españa,litera en habitación compartida mixta de 12 camas,2,persona que viaja sola,bien,,,7.0,2024-02-07,muy bien
the river hostel,italia,litera en una habitación compartida femenina,3,grupo,fantástico,,,9.0,2024-02-02,muy bien
the river hostel,irlanda,litera en habitación compartida mixta de 12 camas,1,persona que viaja sola,bien,,,7.0,2024-01-31,muy bien
the river hostel,españa,litera en habitación compartida mixta de 12 camas,1,persona que viaja sola,fantástico,,,9.0,2024-01-28,muy bien
the river hostel,perú,litera en una habitación compartida femenina,2,persona que viaja sola,muy bien,,,8.0,2024-01-22,muy bien
the river hostel,españa,litera en una habitación compartida femenina,7,persona que viaja sola,muy bien,,,8.0,2024-01-22,muy bien
the river hostel,alemania,litera en dormitorio compartido mixto con 10 camas,3,persona que viaja sola,muy bien,,,8.0,2024-01-21,muy bien
the river hostel,españa,litera en habitación compartida mixta de 12 camas,1,persona que viaja sola,fantástico,,,9.0,2024-01-20,muy bien
the river hostel,argentina,litera en dormitorio compartido mixto con 10 camas,3,persona que viaja sola,muy bien,,,8.0,2024-01-19,muy bien
the river hostel,españa,litera en dormitorio compartido mixto con 10 camas,1,persona que viaja sola,muy bien,,,8.0,2024-01-19,muy bien
the river hostel,españa,litera en dormitorio compartido mixto con 10 camas,1,persona que viaja sola,muy bien,,,8.0,2024-01-16,muy bien
the river hostel,españa,litera en dormitorio compartido mixto con 10 camas,2,persona que viaja sola,muy bien,,,8.0,2024-01-15,muy bien
the river hostel,españa,cama en habitación compartida mixta de 4 camas,1,persona que viaja sola,fantástico,,,9.0,2024-01-13,muy bien
the river hostel,argentina,litera en habitación compartida mixta de 12 camas,2,persona que viaja sola,muy bien,,,8.0,2024-01-09,muy bien
the river hostel,italia,litera en dormitorio compartido mixto con 10 camas,3,persona que viaja sola,muy bien,,,8.0,2024-01-07,muy bien
the river hostel,colombia,litera en habitación compartida mixta de 12 camas,4,persona que viaja sola,fantástico,,,9.0,2024-01-07,muy bien
the river hostel,alemania,litera en habitación compartida mixta de 12 camas,1,persona que viaja sola,muy bien,,,8.0,2024-01-06,muy bien
the river hostel,italia,cama en habitación compartida mixta de 8 camas,1,persona que viaja sola,fantástico,,,9.0,2024-01-06,muy bien
the river hostel,españa,litera en una habitación compartida femenina,1,persona que viaja sola,fantástico,,,9.0,2024-01-06,muy bien
the river hostel,españa,litera en habitación compartida mixta de 12 camas,1,persona que viaja sola,muy bien,,,8.0,2024-01-02,muy bien
the river hostel,argentina,litera en dormitorio compartido mixto con 10 camas,2,grupo,muy bien,,,8.0,2023-12-27,muy bien
the river hostel,colombia,litera en habitación compartida mixta de 12 camas,1,persona que viaja sola,bien,,,7.0,2023-12-27,muy bien
the river hostel,argentina,litera en habitación compartida mixta de 12 camas,2,persona que viaja sola,muy bien,,,8.0,2023-12-26,muy bien
the river hostel,alemania,litera en una habitación compartida femenina,2,persona que viaja sola,fantástico,,,9.0,2023-12-25,muy bien
the river hostel,españa,cama en habitación compartida mixta de 4 camas,2,persona que viaja sola,bien,,,7.0,2023-12-23,muy bien
the river hostel,españa,litera en dormitorio compartido mixto con 10 camas,1,pareja,buena experiencia pero falta limpieza,,,8.0,2023-12-21,muy bien
the river hostel,argentina,litera en habitación compartida mixta de 12 camas,2,persona que viaja sola,muy bien,,,8.0,2023-12-18,muy bien
the river hostel,españa,cama en habitación compartida mixta de 4 camas,2,persona que viaja sola,muy bien,,,8.0,2023-12-18,muy bien
the river hostel,españa,litera en una habitación compartida femenina,1,persona que viaja sola,muy bien,,,8.0,2023-12-18,muy bien
the river hostel,españa,litera en habitación compartida mixta de 12 camas,1,persona que viaja sola,fantástico,,,9.0,2023-12-17,muy bien
the river hostel,españa,litera en dormitorio compartido mixto con 10 camas,2,persona que viaja sola,muy bien,,,8.0,2023-12-14,muy bien
the river hostel,españa,litera en una habitación compartida femenina,3,grupo,muy bien,,,8.0,2023-12-11,muy bien
the river hostel,españa,cama en habitación compartida mixta de 6 camas,2,persona que viaja sola,bien,,,7.0,2023-12-11,muy bien
the river hostel,españa,litera en una habitación compartida femenina,2,persona que viaja sola,fantástico,,,9.0,2023-12-10,muy bien
the river hostel,argentina,litera en habitación compartida mixta de 12 camas,3,grupo,muy bien,,,8.0,2023-12-05,muy bien
the river hostel,argentina,litera en dormitorio compartido mixto con 10 camas,3,persona que viaja sola,bien,,,7.0,2023-11-29,muy bien
the river hostel,argentina,litera en habitación compartida mixta de 12 camas,1,persona que viaja sola,muy bien,,,8.0,2023-11-23,muy bien
the river hostel,españa,litera en habitación compartida mixta de 12 camas,2,persona que viaja sola,muy bien,,,8.0,2023-11-22,muy bien
the river hostel,perú,litera en dormitorio compartido mixto con 10 camas,2,persona que viaja sola,muy bien,,,8.0,2023-11-21,muy bien
the river hostel,españa,cama en habitación compartida mixta de 4 camas,1,grupo,muy bien,,,8.0,2023-11-16,muy bien
the river hostel,españa,litera en habitación compartida mixta de 12 camas,1,persona que viaja sola,muy bien,,,8.0,2023-11-15,muy bien
the river hostel,honduras,cama en habitación compartida mixta de 8 camas,3,persona que viaja sola,muy bien,,,8.0,2023-11-15,muy bien
the river hostel,argentina,litera en habitación compartida mixta de 12 camas,1,persona que viaja sola,bien,,,7.0,2023-11-15,muy bien
the river hostel,españa,litera en dormitorio compartido mixto con 10 camas,3,persona que viaja sola,muy bien,,,8.0,2023-11-14,muy bien
the river hostel,españa,litera en dormitorio compartido mixto con 10 camas,1,persona que viaja sola,fantástico,,,9.0,2023-11-13,muy bien
the river hostel,italia,litera en habitación compartida mixta de 12 camas,2,persona que viaja sola,fantástico,,,9.0,2023-11-12,muy bien
the river hostel,españa,cama en habitación compartida mixta de 4 camas,2,persona que viaja sola,muy bien,,,8.0,2023-11-10,muy bien
the river hostel,chile,cama en habitación compartida mixta de 8 camas,3,pareja,fantástico,,,9.0,2023-11-09,muy bien
the river hostel,argentina,cama en habitación compartida mixta de 4 camas,1,persona que viaja sola,muy bien,,,8.0,2023-11-09,muy bien
the river hostel,méxico,litera en dormitorio compartido mixto con 10 camas,2,persona que viaja sola,fantástico,,,9.0,2023-11-08,muy bien
the river hostel,españa,litera en habitación compartida mixta de 12 camas,2,persona que viaja sola,muy bien,,,8.0,2023-11-07,muy bien
the river hostel,chile,litera en dormitorio compartido mixto con 10 camas,2,persona que viaja sola,fantástico,,,9.0,2023-11-03,muy bien
the river hostel,españa,litera en dormitorio compartido mixto con 10 camas,2,persona que viaja sola,muy bien,,,8.0,2023-10-30,muy bien
the river hostel,españa,litera en dormitorio compartido mixto con 10 camas,5,pareja,muy bien,,,8.0,2023-10-28,muy bien
the river hostel,argentina,litera en dormitorio compartido mixto con 10 camas,3,persona que viaja sola,fantástico,,,9.0,2023-10-26,muy bien
the river hostel,reino unido,litera en habitación compartida mixta de 12 camas,1,persona que viaja sola,bien,,,7.0,2023-10-25,muy bien
the river hostel,argentina,litera en habitación compartida mixta de 12 camas,2,persona que viaja sola,bien,,,7.0,2023-10-24,muy bien
the river hostel,españa,litera en una habitación compartida femenina,1,persona que viaja sola,bien,,,7.0,2023-10-20,muy bien
the river hostel,españa,litera en habitación compartida mixta de 12 camas,3,persona que viaja sola,bien,,,7.0,2023-10-16,muy bien
the river hostel,chile,cama en habitación compartida mixta de 6 camas,3,grupo,bien,,,7.0,2023-10-16,muy bien
the river hostel,españa,litera en una habitación compartida femenina,1,grupo,fantástico,,,9.0,2023-10-08,muy bien
the river hostel,colombia,cama en habitación compartida mixta de 4 camas,3,persona que viaja sola,muy bien,,,8.0,2023-10-08,muy bien
the river hostel,malta,litera en habitación compartida mixta de 12 camas,2,persona que viaja sola,fantástico,,,9.0,2023-10-06,muy bien
the river hostel,suiza,litera en una habitación compartida femenina,3,persona que viaja sola,bien,,,7.0,2023-10-06,muy bien
the river hostel,argentina,litera en una habitación compartida femenina,3,grupo,fantástico,,,9.0,2023-10-05,muy bien
the river hostel,españa,litera en habitación compartida mixta de 12 camas,2,persona que viaja sola,muy bien,,,8.0,2023-10-03,muy bien
the river hostel,argentina,cama en habitación compartida mixta de 8 camas,3,grupo,fantástico,,,9.0,2023-10-01,muy bien
the river hostel,españa,cama en habitación compartida mixta de 8 camas,1,persona que viaja sola,fantástico,,,9.0,2023-09-25,muy bien
the river hostel,argentina,litera en una habitación compartida femenina,1,persona que viaja sola,muy bien,,,8.0,2023-09-24,muy bien
the river hostel,alemania,litera en dormitorio compartido mixto con 10 camas,1,persona que viaja sola,bien,,,7.0,2023-09-22,muy bien
the river hostel,colombia,cama en habitación compartida mixta de 8 camas,3,persona que viaja sola,bien,,,7.0,2023-09-20,muy bien
the river hostel,argentina,cama en habitación compartida mixta de 4 camas,2,persona que viaja sola,muy bien,,,8.0,2023-09-19,muy bien
the river hostel,argentina,litera en una habitación compartida femenina,3,persona que viaja sola,muy bien,,,8.0,2023-09-16,muy bien
the river hostel,españa,litera en habitación compartida mixta de 12 camas,1,persona que viaja sola,bien,,,7.0,2023-09-15,muy bien
the river hostel,españa,cama en habitación compartida mixta de 4 camas,4,grupo,muy bien,,,8.0,2023-09-08,muy bien
the river hostel,,cama en habitación compartida mixta de 4 camas,2,persona que viaja sola,muy bien,,,8.0,2023-09-07,muy bien
the river hostel,españa,litera en habitación compartida mixta de 12 camas,1,pareja,bien,,,7.0,2023-09-04,muy bien
the river hostel,españa,litera en una habitación compartida femenina,1,grupo,bien,,,7.0,2023-09-04,muy bien
the river hostel,argentina,cama en habitación compartida mixta de 8 camas,3,persona que viaja sola,fantástico,,,9.0,2023-09-03,muy bien
the river hostel,españa,litera en dormitorio compartido mixto con 10 camas,5,persona que viaja sola,fantástico,,,9.0,2023-08-29,muy bien
the river hostel,españa,cama en habitación compartida mixta de 6 camas,1,persona que viaja sola,fantástico,,,9.0,2023-08-26,muy bien
the river hostel,españa,cama en habitación compartida mixta de 4 camas,2,grupo,fantástico,,,9.0,2023-08-26,muy bien
the river hostel,españa,litera en habitación compartida mixta de 12 camas,3,persona que viaja sola,muy bien,,,8.0,2023-08-25,muy bien
the river hostel,polonia,litera en una habitación compartida femenina,7,persona que viaja sola,muy bien,,,8.0,2023-08-23,muy bien
the river hostel,andorra,cama en habitación compartida mixta de 6 camas,2,grupo,bien,,,7.0,2023-08-20,muy bien
the river hostel,argentina,cama en habitación compartida mixta de 8 camas,1,persona que viaja sola,muy bien,,,8.0,2023-08-19,muy bien
the river hostel,españa,cama en habitación compartida mixta de 4 camas,4,persona que viaja sola,fantástico,,,9.0,2023-08-18,muy bien
the river hostel,españa,litera en dormitorio compartido mixto con 10 camas,2,persona que viaja sola,muy bien,,,8.0,2023-08-17,muy bien
the river hostel,francia,litera en habitación compartida mixta de 12 camas,2,pareja,muy bien,,,8.0,2023-08-16,muy bien
the river hostel,uruguay,litera en dormitorio compartido mixto con 10 camas,1,persona que viaja sola,bien,,,7.0,2023-08-15,muy bien
the river hostel,españa,litera en una habitación compartida femenina,1,persona que viaja sola,muy bien,,,8.0,2023-08-14,muy bien
the river hostel,argentina,litera en dormitorio compartido mixto con 10 camas,1,persona que viaja sola,bien,,,7.0,2023-08-12,muy bien
the river hostel,uruguay,cama en habitación compartida mixta de 8 camas,2,persona que viaja sola,bien,,,7.0,2023-08-11,muy bien
the river hostel,españa,litera en habitación compartida mixta de 12 camas,2,grupo,muy bien,,,8.0,2023-08-11,muy bien
the river hostel,argentina,litera en habitación compartida mixta de 12 camas,5,persona que viaja sola,bien,,,7.0,2023-08-11,muy bien
the river hostel,polonia,cama en habitación compartida mixta de 4 camas,2,persona que viaja sola,fantástico,,,9.0,2023-08-11,muy bien
the river hostel,hungría,litera en una habitación compartida femenina,1,persona que viaja sola,muy bien,,,8.0,2023-08-10,muy bien
the river hostel,españa,cama en habitación compartida mixta de 4 camas,1,grupo,fantástico,,,9.0,2023-08-05,muy bien
the river hostel,españa,litera en una habitación compartida femenina,2,persona que viaja sola,fantástico,,,9.0,2023-08-05,muy bien
the river hostel,españa,litera en dormitorio compartido mixto con 10 camas,1,persona que viaja sola,muy bien,,,8.0,2023-08-03,muy bien
the river hostel,españa,litera en habitación compartida mixta de 12 camas,1,persona que viaja sola,muy bien,,,8.0,2023-08-02,muy bien
the river hostel,españa,litera en una habitación compartida femenina,2,persona que viaja sola,fantástico,,,9.0,2023-08-02,muy bien
the river hostel,españa,litera en habitación compartida mixta de 12 camas,1,persona que viaja sola,muy bien,,,8.0,2023-07-30,muy bien
the river hostel,argentina,litera en una habitación compartida femenina,3,persona que viaja sola,fantástico,,,9.0,2023-07-28,muy bien
the river hostel,españa,litera en dormitorio compartido mixto con 10 camas,1,persona que viaja sola,muy bien,,,8.0,2023-07-26,muy bien
the river hostel,argentina,cama en habitación compartida mixta de 6 camas,2,grupo,muy bien,,,8.0,2023-07-24,muy bien
the river hostel,españa,cama en habitación compartida mixta de 4 camas,2,persona que viaja sola,fantástico,,,9.0,2023-07-22,muy bien
the river hostel,españa,cama en habitación compartida mixta de 4 camas,1,persona que viaja sola,muy bien,,,8.0,2023-07-21,muy bien
the river hostel,argentina,cama en habitación compartida mixta de 6 camas,3,persona que viaja sola,muy bien,,,8.0,2023-07-19,muy bien
the river hostel,españa,cama en habitación compartida mixta de 4 camas,2,familia,bien,,,7.0,2023-07-17,muy bien
the river hostel,italia,cama en habitación compartida mixta de 4 camas,2,persona que viaja sola,bien,,,7.0,2023-07-16,muy bien
the river hostel,españa,litera en habitación compartida mixta de 12 camas,1,grupo,fantástico,,,9.0,2023-07-13,muy bien
the river hostel,chile,cama en habitación compartida mixta de 4 camas,1,persona que viaja sola,fantástico,,,9.0,2023-07-10,muy bien
the river hostel,españa,cama en habitación compartida mixta de 4 camas,1,persona que viaja sola,muy bien,,,8.0,2023-07-08,muy bien
the river hostel,españa,litera en dormitorio compartido mixto con 10 camas,2,persona que viaja sola,muy bien,,,8.0,2023-07-03,muy bien
the river hostel,méxico,cama en habitación compartida mixta de 8 camas,3,persona que viaja sola,muy bien,,,8.0,2023-06-29,muy bien
the river hostel,españa,cama en habitación compartida mixta de 6 camas,1,persona que viaja sola,muy bien,,,8.0,2023-06-24,muy bien
the river hostel,venezuela,litera en dormitorio compartido mixto con 10 camas,3,familia,bien,,,7.0,2023-06-22,muy bien
the river hostel,españa,cama en habitación compartida mixta de 6 camas,1,persona que viaja sola,muy bien,,,8.0,2023-06-20,muy bien
the river hostel,españa,litera en dormitorio compartido mixto con 10 camas,1,persona que viaja sola,muy bien,,,8.0,2023-06-18,muy bien
the river hostel,españa,cama en habitación compartida mixta de 4 camas,1,persona que viaja sola,muy bien,,,8.0,2023-06-17,muy bien
the river hostel,españa,litera en dormitorio compartido mixto con 10 camas,3,grupo,fantástico,,,9.0,2023-06-15,muy bien
the river hostel,españa,cama en habitación compartida mixta de 4 camas,1,persona que viaja sola,bien,,,7.0,2023-06-08,muy bien
the river hostel,españa,cama en habitación compartida mixta de 6 camas,1,persona que viaja sola,muy bien,,,8.0,2023-06-07,muy bien
the river hostel,españa,litera en dormitorio compartido mixto con 10 camas,2,grupo,fantástico,,,9.0,2023-06-04,muy bien
the river hostel,españa,cama en habitación compartida mixta de 8 camas,1,persona que viaja sola,fantástico,,,9.0,2023-05-31,muy bien
the river hostel,españa,litera en dormitorio compartido mixto con 10 camas,2,persona que viaja sola,muy bien,,,8.0,2023-05-30,muy bien
the river hostel,colombia,cama en habitación compartida mixta de 8 camas,2,persona que viaja sola,muy bien,,,8.0,2023-05-23,muy bien
the river hostel,españa,litera en una habitación compartida femenina,3,persona que viaja sola,muy bien,,,8.0,2023-05-21,muy bien
the river hostel,españa,cama en habitación compartida mixta de 8 camas,1,persona que viaja sola,muy bien,,,8.0,2023-05-18,muy bien
the river hostel,españa,litera en una habitación compartida femenina,4,persona que viaja sola,bien,,,7.0,2023-05-18,muy bien
the river hostel,argentina,litera en dormitorio compartido mixto con 10 camas,2,persona que viaja sola,muy bien,,,8.0,2023-05-17,muy bien
the river hostel,uruguay,litera en dormitorio compartido mixto con 10 camas,2,persona que viaja sola,muy bien,,,8.0,2023-05-15,muy bien
the river hostel,brasil,litera en una habitación compartida femenina,1,persona que viaja sola,muy bien,,,8.0,2023-05-14,muy bien
the river hostel,españa,cama en habitación compartida mixta de 4 camas,1,persona que viaja sola,muy bien,,,8.0,2023-05-09,muy bien
the river hostel,españa,litera en dormitorio compartido mixto con 10 camas,2,grupo,fantástico,,,9.0,2023-05-08,muy bien
the river hostel,chile,litera en habitación compartida mixta de 12 camas,2,persona que viaja sola,fantástico,,,9.0,2023-05-07,muy bien
the river hostel,españa,cama en habitación compartida mixta de 4 camas,3,persona que viaja sola,fantástico,,,9.0,2023-05-01,muy bien
the river hostel,españa,litera en habitación compartida mixta de 12 camas,1,grupo,bien,,,7.0,2023-04-28,muy bien
the river hostel,perú,litera en dormitorio compartido mixto con 10 camas,1,persona que viaja sola,bien,,,7.0,2023-04-25,muy bien
the river hostel,españa,cama en habitación compartida mixta de 8 camas,3,persona que viaja sola,bien,,,7.0,2023-04-24,muy bien
the river hostel,españa,litera en dormitorio compartido mixto con 10 camas,2,persona que viaja sola,bien,,,7.0,2023-04-24,muy bien
the river hostel,argentina,cama en habitación compartida mixta de 4 camas,1,grupo,bien,,,7.0,2023-04-23,muy bien
the river hostel,argentina,litera en dormitorio compartido mixto con 10 camas,4,persona que viaja sola,muy bien,,,8.0,2023-04-21,muy bien
the river hostel,argentina,cama en habitación compartida mixta de 8 camas,6,pareja,muy bien,,,8.0,2023-04-20,muy bien
the river hostel,españa,litera en habitación compartida mixta de 12 camas,1,persona que viaja sola,fantástico,,,9.0,2023-04-17,muy bien
the river hostel,españa,litera en una habitación compartida femenina,1,persona que viaja sola,excepcional,,,10.0,2026-04-16,muy bien
the river hostel,ecuador,litera en habitación compartida mixta de 12 camas,2,persona que viaja sola,decepcionante,,,4.0,2026-04-16,muy bien
the river hostel,españa,litera en habitación compartida mixta de 12 camas,1,persona que viaja sola,excepcional,,,10.0,2026-04-09,muy bien
the river hostel,marruecos,litera en una habitación compartida femenina,1,persona que viaja sola,agradable,,,6.0,2026-04-08,muy bien
the river hostel,españa,litera en dormitorio compartido mixto con 10 camas,1,persona que viaja sola,pésimo,,,1.0,2026-04-08,muy bien
the river hostel,paraguay,litera en habitación compartida mixta de 12 camas,1,persona que viaja sola,excepcional,,,10.0,2026-04-07,muy bien
the river hostel,hungría,litera en habitación compartida mixta de 12 camas,1,persona que viaja sola,excepcional,,,10.0,2026-04-06,muy bien
the river hostel,alemania,litera en dormitorio compartido mixto con 10 camas,4,persona que viaja sola,excepcional,,,10.0,2026-04-06,muy bien
the river hostel,españa,cama en habitación compartida mixta de 8 camas,1,grupo,agradable,,,6.0,2026-04-05,muy bien
the river hostel,españa,litera en habitación compartida mixta de 12 camas,1,persona que viaja sola,excepcional,,,10.0,2026-04-05,muy bien
the river hostel,españa,litera en dormitorio compartido mixto con 10 camas,3,persona que viaja sola,excepcional,,,10.0,2026-04-04,muy bien
the river hostel,españa,litera en dormitorio compartido mixto con 10 camas,1,persona que viaja sola,aceptable,,,5.0,2026-04-01,muy bien
the river hostel,españa,litera en dormitorio compartido mixto con 10 camas,3,persona que viaja sola,decepcionante,,,4.0,2026-03-31,muy bien
the river hostel,españa,litera en dormitorio compartido mixto con 10 camas,1,persona que viaja sola,excepcional,,,10.0,2026-03-23,muy bien
the river hostel,colombia,litera en habitación compartida mixta de 12 camas,1,persona que viaja sola,excepcional,,,10.0,2026-03-22,muy bien
the river hostel,españa,litera en dormitorio compartido mixto con 10 camas,1,persona que viaja sola,excepcional,,,10.0,2026-03-20,muy bien
the river hostel,españa,litera en dormitorio compartido mixto con 10 camas,2,persona que viaja sola,aceptable,,,5.0,2026-03-19,muy bien
the river hostel,españa,litera en dormitorio compartido mixto con 10 camas,1,persona que viaja sola,excepcional,,,10.0,2026-03-16,muy bien
the river hostel,españa,litera en dormitorio compartido mixto con 10 camas,3,persona que viaja sola,excepcional,,,10.0,2026-03-16,muy bien
the river hostel,españa,litera en habitación compartida mixta de 12 camas,1,persona que viaja sola,agradable,,,6.0,2026-03-10,muy bien
the river hostel,españa,litera en habitación compartida mixta de 12 camas,4,persona que viaja sola,excepcional,,,10.0,2026-03-03,muy bien
the river hostel,españa,cama en habitación compartida mixta de 6 camas,3,persona que viaja sola,excepcional,,,10.0,2026-03-03,muy bien
the river hostel,españa,litera en habitación compartida mixta de 12 camas,2,persona que viaja sola,aceptable,,,5.0,2026-03-01,muy bien
the river hostel,colombia,cama en habitación compartida mixta de 4 camas,1,persona que viaja sola,excepcional,,,10.0,2026-03-01,muy bien
the river hostel,españa,litera en habitación compartida mixta de 12 camas,2,persona que viaja sola,excepcional,,,10.0,2026-03-01,muy bien
the river hostel,españa,litera en habitación compartida mixta de 12 camas,1,persona que viaja sola,excepcional,,,10.0,2026-02-28,muy bien
the river hostel,españa,litera en habitación compartida mixta de 12 camas,3,persona que viaja sola,decepcionante,,,4.0,2026-02-21,muy bien
the river hostel,españa,litera en habitación compartida mixta de 12 camas,2,persona que viaja sola,excepcional,,,10.0,2026-02-20,muy bien
the river hostel,españa,litera en una habitación compartida femenina,4,persona que viaja sola,mal,,,3.0,2026-02-19,muy bien
the river hostel,españa,litera en una habitación compartida femenina,4,persona que viaja sola,pésimo,,,1.0,2026-02-19,muy bien
the river hostel,chile,litera en habitación compartida mixta de 12 camas,2,persona que viaja sola,aceptable,,,5.0,2026-02-19,muy bien
the river hostel,territorio palestino,litera en habitación compartida mixta de 12 camas,2,persona que viaja sola,excepcional,,,10.0,2026-02-18,muy bien
the river hostel,españa,litera en dormitorio compartido mixto con 10 camas,2,persona que viaja sola,excepcional,,,10.0,2026-02-16,muy bien
the river hostel,españa,litera en habitación compartida mixta de 12 camas,2,persona que viaja sola,muy mal,,,2.0,2026-02-16,muy bien
the river hostel,argentina,cama en habitación compartida mixta de 8 camas,2,persona que viaja sola,excepcional,,,10.0,2026-02-15,muy bien
the river hostel,españa,litera en habitación compartida mixta de 12 camas,2,persona que viaja sola,excepcional,,,10.0,2026-02-08,muy bien
the river hostel,españa,litera en una habitación compartida femenina,3,persona que viaja sola,excepcional,,,10.0,2026-02-05,muy bien
the river hostel,españa,litera en habitación compartida mixta de 12 camas,1,persona que viaja sola,aceptable,,,5.0,2026-02-03,muy bien
the river hostel,españa,litera en habitación compartida mixta de 12 camas,1,persona que viaja sola,excepcional,,,10.0,2026-02-02,muy bien
the river hostel,colombia,litera en una habitación compartida femenina,2,persona que viaja sola,excepcional,,,10.0,2026-01-31,muy bien
the river hostel,españa,litera en habitación compartida mixta de 12 camas,1,persona que viaja sola,excepcional,,,10.0,2026-01-28,muy bien
the river hostel,españa,litera en habitación compartida mixta de 12 camas,4,persona que viaja sola,excepcional,,,10.0,2026-01-28,muy bien
the river hostel,colombia,litera en habitación compartida mixta de 12 camas,2,persona que viaja sola,agradable,,,6.0,2026-01-28,muy bien
the river hostel,españa,litera en habitación compartida mixta de 12 camas,3,persona que viaja sola,aceptable,,,5.0,2026-01-27,muy bien
the river hostel,españa,cama en habitación compartida mixta de 4 camas,1,persona que viaja sola,excepcional,,,10.0,2026-01-27,muy bien
the river hostel,españa,litera en habitación compartida mixta de 12 camas,1,persona que viaja sola,decepcionante,,,4.0,2026-01-26,muy bien
the river hostel,colombia,litera en habitación compartida mixta de 12 camas,1,persona que viaja sola,excepcional,,,10.0,2026-01-24,muy bien
the river hostel,españa,litera en habitación compartida mixta de 12 camas,2,persona que viaja sola,excepcional,,,10.0,2026-01-21,muy bien
the river hostel,marruecos,litera en habitación compartida mixta de 12 camas,1,persona que viaja sola,excepcional,,,10.0,2026-01-20,muy bien
the river hostel,colombia,litera en habitación compartida mixta de 12 camas,3,persona que viaja sola,excepcional,,,10.0,2026-01-20,muy bien
the river hostel,colombia,litera en habitación compartida mixta de 12 camas,10,persona que viaja sola,excepcional,,,10.0,2026-01-20,muy bien
the river hostel,brasil,litera en habitación compartida mixta de 12 camas,3,persona que viaja sola,excepcional,,,10.0,2026-01-19,muy bien
the river hostel,italia,litera en una habitación compartida femenina,1,persona que viaja sola,excepcional,,,10.0,2026-01-16,muy bien
the river hostel,argentina,litera en habitación compartida mixta de 12 camas,1,persona que viaja sola,excepcional,,,10.0,2026-01-16,muy bien
the river hostel,españa,litera en habitación compartida mixta de 12 camas,1,pareja,excepcional,,,10.0,2026-01-12,muy bien
the river hostel,argentina,litera en habitación compartida mixta de 12 camas,2,persona que viaja sola,excepcional,,,10.0,2026-01-11,muy bien
the river hostel,marruecos,cama en habitación compartida mixta de 8 camas,1,persona que viaja sola,excepcional,,,10.0,2026-01-11,muy bien
the river hostel,argentina,litera en habitación compartida mixta de 12 camas,2,persona que viaja sola,aceptable,,,5.0,2026-01-11,muy bien
the river hostel,españa,litera en habitación compartida mixta de 12 camas,1,persona que viaja sola,excepcional,,,10.0,2026-01-10,muy bien
the river hostel,españa,litera en habitación compartida mixta de 12 camas,1,persona que viaja sola,excepcional,,,10.0,2026-01-09,muy bien
the river hostel,españa,litera en dormitorio compartido mixto con 10 camas,1,persona que viaja sola,decepcionante,,,4.0,2026-01-09,muy bien
the river hostel,españa,litera en dormitorio compartido mixto con 10 camas,1,persona que viaja sola,aceptable,,,5.0,2026-01-09,muy bien
the river hostel,argentina,litera en una habitación compartida femenina,1,persona que viaja sola,excepcional,,,10.0,2026-01-08,muy bien
the river hostel,españa,litera en habitación compartida mixta de 12 camas,1,persona que viaja sola,excepcional,,,10.0,2026-01-07,muy bien
the river hostel,españa,litera en habitación compartida mixta de 12 camas,3,persona que viaja sola,mal,,,3.0,2026-01-06,muy bien
the river hostel,españa,cama en habitación compartida mixta de 8 camas,3,persona que viaja sola,agradable,,,6.0,2026-01-06,muy bien
the river hostel,españa,litera en habitación compartida mixta de 12 camas,3,pareja,excepcional,,,10.0,2026-01-04,muy bien
the river hostel,españa,litera en habitación compartida mixta de 12 camas,2,persona que viaja sola,excepcional,,,10.0,2026-01-04,muy bien
the river hostel,españa,litera en una habitación compartida femenina,1,persona que viaja sola,excepcional,,,10.0,2026-01-04,muy bien
the river hostel,españa,litera en habitación compartida mixta de 12 camas,1,persona que viaja sola,excepcional,,,10.0,2026-01-02,muy bien
the river hostel,españa,litera en habitación compartida mixta de 12 camas,2,persona que viaja sola,excepcional,,,10.0,2026-01-01,muy bien
the river hostel,españa,cama en habitación compartida mixta de 4 camas,2,persona que viaja sola,excepcional,,,10.0,2025-12-30,muy bien
the river hostel,españa,cama en habitación compartida mixta de 4 camas,4,persona que viaja sola,excepcional,,,10.0,2025-12-30,muy bien
the river hostel,españa,litera en habitación compartida mixta de 12 camas,3,persona que viaja sola,excepcional,,,10.0,2025-12-30,muy bien
the river hostel,colombia,litera en habitación compartida mixta de 12 camas,1,persona que viaja sola,excepcional,,,10.0,2025-12-29,muy bien
the river hostel,españa,cama en habitación compartida mixta de 4 camas,2,persona que viaja sola,excepcional,,,10.0,2025-12-28,muy bien
the river hostel,españa,litera en habitación compartida mixta de 12 camas,1,persona que viaja sola,excepcional,,,10.0,2025-12-28,muy bien
the river hostel,argentina,litera en habitación compartida mixta de 12 camas,2,persona que viaja sola,excepcional,,,10.0,2025-12-25,muy bien
the river hostel,españa,litera en habitación compartida mixta de 12 camas,1,grupo,excepcional,,,10.0,2025-12-25,muy bien
the river hostel,españa,litera en habitación compartida mixta de 12 camas,1,persona que viaja sola,decepcionante,,,4.0,2025-12-20,muy bien
the river hostel,marruecos,litera en dormitorio compartido mixto con 10 camas,1,persona que viaja sola,excepcional,,,10.0,2025-12-19,muy bien
the river hostel,españa,litera en una habitación compartida femenina,1,persona que viaja sola,excepcional,,,10.0,2025-12-18,muy bien
the river hostel,españa,litera en habitación compartida mixta de 12 camas,1,persona que viaja sola,pésimo,,,1.0,2025-12-18,muy bien
the river hostel,españa,litera en una habitación compartida femenina,2,persona que viaja sola,excepcional,,,10.0,2025-12-16,muy bien
the river hostel,españa,litera en una habitación compartida femenina,2,persona que viaja sola,excepcional,,,10.0,2025-12-15,muy bien
the river hostel,portugal,litera en habitación compartida mixta de 12 camas,1,persona que viaja sola,excepcional,,,10.0,2025-12-15,muy bien
the river hostel,méxico,litera en habitación compartida mixta de 12 camas,3,persona que viaja sola,excepcional,,,10.0,2025-12-15,muy bien
the river hostel,españa,litera en habitación compartida mixta de 12 camas,2,persona que viaja sola,agradable,,,6.0,2025-11-27,muy bien
the river hostel,españa,litera en una habitación compartida femenina,1,persona que viaja sola,excepcional,,,10.0,2025-11-27,muy bien
the river hostel,italia,litera en habitación compartida mixta de 12 camas,4,persona que viaja sola,excepcional,,,10.0,2025-11-27,muy bien
the river hostel,argentina,litera en una habitación compartida femenina,1,persona que viaja sola,aceptable,,,5.0,2025-11-24,muy bien
the river hostel,españa,litera en habitación compartida mixta de 12 camas,1,persona que viaja sola,excepcional,,,10.0,2025-11-22,muy bien
the river hostel,venezuela,litera en dormitorio compartido mixto con 10 camas,1,persona que viaja sola,excepcional,,,10.0,2025-11-19,muy bien
the river hostel,colombia,litera en habitación compartida mixta de 12 camas,1,persona que viaja sola,decepcionante,,,4.0,2025-11-19,muy bien
the river hostel,españa,litera en una habitación compartida femenina,2,persona que viaja sola,excepcional,,,10.0,2025-11-19,muy bien
the river hostel,argentina,litera en una habitación compartida femenina,2,persona que viaja sola,excepcional,,,10.0,2025-11-19,muy bien
the river hostel,ecuador,litera en una habitación compartida femenina,1,grupo,aceptable,,,5.0,2025-11-18,muy bien
the river hostel,españa,litera en habitación compartida mixta de 12 camas,3,persona que viaja sola,excepcional,,,10.0,2025-11-17,muy bien
the river hostel,españa,litera en habitación compartida mixta de 12 camas,2,persona que viaja sola,excepcional,,,10.0,2025-11-08,muy bien
the river hostel,argentina,litera en dormitorio compartido mixto con 10 camas,4,persona que viaja sola,excepcional,,,10.0,2025-11-06,muy bien
the river hostel,argentina,litera en dormitorio compartido mixto con 10 camas,3,persona que viaja sola,excepcional,,,10.0,2025-11-06,muy bien
the river hostel,españa,litera en dormitorio compartido mixto con 10 camas,2,persona que viaja sola,excepcional,,,10.0,2025-11-03,muy bien
the river hostel,españa,litera en habitación compartida mixta de 12 camas,2,persona que viaja sola,excepcional,,,10.0,2025-11-02,muy bien
the river hostel,españa,litera en habitación compartida mixta de 12 camas,1,persona que viaja sola,excepcional,,,10.0,2025-10-31,muy bien
the river hostel,españa,cama en habitación compartida mixta de 4 camas,2,persona que viaja sola,excepcional,,,10.0,2025-10-31,muy bien
the river hostel,alemania,cama en habitación compartida mixta de 6 camas,3,persona que viaja sola,excepcional,,,10.0,2025-10-28,muy bien
the river hostel,argentina,litera en una habitación compartida femenina,2,persona que viaja sola,excepcional,,,10.0,2025-10-28,muy bien
the river hostel,argentina,cama en habitación compartida mixta de 6 camas,3,persona que viaja sola,agradable,,,6.0,2025-10-26,muy bien
the river hostel,españa,cama en habitación compartida mixta de 4 camas,2,persona que viaja sola,excepcional,,,10.0,2025-10-23,muy bien
the river hostel,chile,litera en una habitación compartida femenina,2,persona que viaja sola,excepcional,,,10.0,2025-10-14,muy bien
the river hostel,españa,litera en dormitorio compartido mixto con 10 camas,1,persona que viaja sola,excepcional,,,10.0,2025-10-14,muy bien
the river hostel,argentina,litera en una habitación compartida femenina,3,persona que viaja sola,excepcional,,,10.0,2025-10-12,muy bien
the river hostel,perú,litera en habitación compartida mixta de 12 camas,3,persona que viaja sola,excepcional,,,10.0,2025-10-08,muy bien
the river hostel,españa,litera en habitación compartida mixta de 12 camas,3,persona que viaja sola,excepcional,,,10.0,2025-09-28,muy bien
the river hostel,españa,litera en una habitación compartida femenina,1,grupo,excepcional,,,10.0,2025-09-21,muy bien
the river hostel,españa,litera en habitación compartida mixta de 12 camas,1,persona que viaja sola,excepcional,,,10.0,2025-09-21,muy bien
the river hostel,argentina,cama en habitación compartida mixta de 8 camas,2,persona que viaja sola,excepcional,,,10.0,2025-09-15,muy bien
the river hostel,colombia,litera en dormitorio compartido mixto con 10 camas,8,persona que viaja sola,excepcional,,,10.0,2025-09-15,muy bien
the river hostel,españa,litera en dormitorio compartido mixto con 10 camas,3,persona que viaja sola,excepcional,,,10.0,2025-09-12,muy bien
the river hostel,colombia,litera en dormitorio compartido mixto con 10 camas,3,grupo,excepcional,,,10.0,2025-09-11,muy bien
the river hostel,marruecos,litera en habitación compartida mixta de 12 camas,1,persona que viaja sola,excepcional,,,10.0,2025-09-10,muy bien
the river hostel,españa,litera en habitación compartida mixta de 12 camas,2,persona que viaja sola,excepcional,,,10.0,2025-09-08,muy bien
the river hostel,francia,litera en dormitorio compartido mixto con 10 camas,7,persona que viaja sola,el mejor hostel,,,10.0,2025-09-07,muy bien
the river hostel,españa,cama en habitación compartida mixta de 8 camas,1,persona que viaja sola,excepcional,,,10.0,2025-09-06,muy bien
the river hostel,españa,litera en habitación compartida mixta de 12 camas,2,persona que viaja sola,excepcional,,,10.0,2025-09-04,muy bien
the river hostel,españa,litera en habitación compartida mixta de 12 camas,1,persona que viaja sola,excepcional,,,10.0,2025-09-01,muy bien
the river hostel,españa,litera en dormitorio compartido mixto con 10 camas,1,persona que viaja sola,excepcional,,,10.0,2025-09-01,muy bien
the river hostel,españa,litera en dormitorio compartido mixto con 10 camas,3,persona que viaja sola,excepcional,,,10.0,2025-08-31,muy bien
the river hostel,argentina,litera en habitación compartida mixta de 12 camas,2,persona que viaja sola,excepcional,,,10.0,2025-08-30,muy bien
the river hostel,españa,litera en dormitorio compartido mixto con 10 camas,1,persona que viaja sola,agradable,,,6.0,2025-08-29,muy bien
the river hostel,españa,litera en habitación compartida mixta de 12 camas,1,persona que viaja sola,excepcional,,,10.0,2025-08-29,muy bien
the river hostel,malta,litera en habitación compartida mixta de 12 camas,1,persona que viaja sola,excepcional,,,10.0,2025-08-27,muy bien
the river hostel,españa,cama en habitación compartida mixta de 8 camas,1,persona que viaja sola,excepcional,,,10.0,2025-08-26,muy bien
the river hostel,nueva zelanda,cama en habitación compartida mixta de 4 camas,1,persona que viaja sola,excepcional,,,10.0,2025-08-22,muy bien
the river hostel,argentina,cama en habitación compartida mixta de 6 camas,4,persona que viaja sola,excepcional,,,10.0,2025-08-20,muy bien
the river hostel,argentina,litera en dormitorio compartido mixto con 10 camas,1,persona que viaja sola,excepcional,,,10.0,2025-08-19,muy bien
the river hostel,españa,litera en habitación compartida mixta de 12 camas,2,persona que viaja sola,excepcional,,,10.0,2025-08-12,muy bien
the river hostel,españa,litera en una habitación compartida femenina,1,persona que viaja sola,excepcional,,,10.0,2025-08-12,muy bien
the river hostel,españa,litera en habitación compartida mixta de 12 camas,1,grupo,excepcional,,,10.0,2025-08-11,muy bien
the river hostel,rusia,litera en habitación compartida mixta de 12 camas,1,persona que viaja sola,excepcional,,,10.0,2025-08-02,muy bien
the river hostel,argentina,litera en habitación compartida mixta de 12 camas,2,persona que viaja sola,excepcional,,,10.0,2025-07-31,muy bien
the river hostel,argentina,litera en una habitación compartida femenina,2,persona que viaja sola,excepcional,,,10.0,2025-07-30,muy bien
the river hostel,argentina,litera en una habitación compartida femenina,1,persona que viaja sola,excepcional,,,10.0,2025-07-29,muy bien
the river hostel,argentina,litera en habitación compartida mixta de 12 camas,2,persona que viaja sola,decepcionante,,,4.0,2025-07-28,muy bien
the river hostel,argentina,litera en una habitación compartida femenina,5,persona que viaja sola,excepcional,,,10.0,2025-07-27,muy bien
the river hostel,argentina,litera en una habitación compartida femenina,3,grupo,excepcional,,,10.0,2025-07-23,muy bien
the river hostel,españa,litera en habitación compartida mixta de 12 camas,1,persona que viaja sola,excepcional,,,10.0,2025-07-17,muy bien
the river hostel,españa,litera en dormitorio compartido mixto con 10 camas,1,persona que viaja sola,excepcional,,,10.0,2025-07-17,muy bien
the river hostel,españa,litera en habitación compartida mixta de 12 camas,1,pareja,excepcional,,,10.0,2025-07-15,muy bien
the river hostel,polonia,litera en dormitorio compartido mixto con 10 camas,1,persona que viaja sola,excepcional,,,10.0,2025-07-10,muy bien
the river hostel,argentina,cama en habitación compartida mixta de 4 camas,1,persona que viaja sola,excepcional,,,10.0,2025-07-06,muy bien
the river hostel,españa,litera en habitación compartida mixta de 12 camas,1,persona que viaja sola,pésimo,,,1.0,2025-06-30,muy bien
the river hostel,chile,litera en dormitorio compartido mixto con 10 camas,2,grupo,excepcional,,,10.0,2025-06-28,muy bien
the river hostel,alemania,cama en habitación compartida mixta de 4 camas,1,grupo,excepcional,,,10.0,2025-06-27,muy bien
the river hostel,españa,litera en habitación compartida mixta de 12 camas,1,persona que viaja sola,agradable,,,6.0,2025-06-16,muy bien
the river hostel,españa,litera en una habitación compartida femenina,2,persona que viaja sola,excepcional,,,10.0,2025-06-09,muy bien
the river hostel,españa,litera en habitación compartida mixta de 12 camas,2,persona que viaja sola,excepcional,,,10.0,2025-06-07,muy bien
the river hostel,españa,litera en dormitorio compartido mixto con 10 camas,1,persona que viaja sola,excepcional,,,10.0,2025-06-04,muy bien
the river hostel,españa,cama en habitación compartida mixta de 6 camas,1,persona que viaja sola,excepcional,,,10.0,2025-05-31,muy bien
the river hostel,españa,litera en una habitación compartida femenina,2,grupo,excepcional,,,10.0,2025-05-26,muy bien
the river hostel,argentina,litera en una habitación compartida femenina,2,grupo,excepcional,,,10.0,2025-05-25,muy bien
the river hostel,argentina,cama en habitación compartida mixta de 6 camas,2,persona que viaja sola,excepcional,,,10.0,2025-05-22,muy bien
the river hostel,españa,litera en habitación compartida mixta de 12 camas,2,persona que viaja sola,excepcional,,,10.0,2025-05-21,muy bien
the river hostel,malta,litera en dormitorio compartido mixto con 10 camas,1,persona que viaja sola,excepcional,,,10.0,2025-05-21,muy bien
the river hostel,brasil,litera en habitación compartida mixta de 12 camas,1,persona que viaja sola,excepcional,,,10.0,2025-05-13,muy bien
the river hostel,españa,cama en habitación compartida mixta de 8 camas,1,persona que viaja sola,excepcional,,,10.0,2025-05-12,muy bien
the river hostel,españa,litera en habitación compartida mixta de 12 camas,1,persona que viaja sola,excepcional,,,10.0,2025-05-11,muy bien
the river hostel,españa,litera en dormitorio compartido mixto con 10 camas,2,grupo,excepcional,,,10.0,2025-05-06,muy bien
the river hostel,españa,litera en una habitación compartida femenina,2,persona que viaja sola,excepcional,,,10.0,2025-04-28,muy bien
the river hostel,españa,litera en habitación compartida mixta de 12 camas,1,persona que viaja sola,muy mal,,,2.0,2025-04-27,muy bien
the river hostel,españa,litera en habitación compartida mixta de 12 camas,2,persona que viaja sola,aceptable,,,5.0,2025-04-27,muy bien
the river hostel,argentina,litera en una habitación compartida femenina,1,persona que viaja sola,excepcional,,,10.0,2025-04-26,muy bien
the river hostel,españa,litera en dormitorio compartido mixto con 10 camas,1,persona que viaja sola,pésimo,,,1.0,2025-04-25,muy bien
the river hostel,españa,litera en una habitación compartida femenina,2,persona que viaja sola,excepcional,,,10.0,2025-04-24,muy bien
the river hostel,españa,litera en dormitorio compartido mixto con 10 camas,1,persona que viaja sola,excepcional,,,10.0,2025-04-24,muy bien
the river hostel,españa,litera en habitación compartida mixta de 12 camas,1,persona que viaja sola,excepcional,,,10.0,2025-04-21,muy bien
the river hostel,españa,litera en dormitorio compartido mixto con 10 camas,1,persona que viaja sola,excepcional,,,10.0,2025-04-05,muy bien
the river hostel,chile,litera en dormitorio compartido mixto con 10 camas,1,persona que viaja sola,excepcional,,,10.0,2025-04-02,muy bien
the river hostel,chile,litera en dormitorio compartido mixto con 10 camas,2,persona que viaja sola,excepcional,,,10.0,2025-04-02,muy bien
the river hostel,españa,litera en habitación compartida mixta de 12 camas,1,persona que viaja sola,excepcional,,,10.0,2025-03-31,muy bien
the river hostel,argentina,litera en dormitorio compartido mixto con 10 camas,1,persona que viaja sola,excepcional,,,10.0,2025-03-31,muy bien
the river hostel,españa,litera en dormitorio compartido mixto con 10 camas,1,persona que viaja sola,excepcional,,,10.0,2025-03-29,muy bien
the river hostel,españa,cama en habitación compartida mixta de 4 camas,1,persona que viaja sola,excepcional,,,10.0,2025-03-26,muy bien
the river hostel,argentina,litera en dormitorio compartido mixto con 10 camas,1,familia,bueno bonito y barato,,,10.0,2025-03-26,muy bien
the river hostel,españa,litera en una habitación compartida femenina,7,persona que viaja sola,excepcional,,,10.0,2025-03-26,muy bien
the river hostel,españa,cama en habitación compartida mixta de 4 camas,6,persona que viaja sola,aceptable,,,5.0,2025-03-23,muy bien
the river hostel,venezuela,litera en habitación compartida mixta de 12 camas,1,persona que viaja sola,excepcional,,,10.0,2025-03-22,muy bien
the river hostel,españa,litera en dormitorio compartido mixto con 10 camas,5,persona que viaja sola,agradable,,,6.0,2025-03-21,muy bien
the river hostel,españa,cama en habitación compartida mixta de 4 camas,4,persona que viaja sola,aceptable,,,5.0,2025-03-11,muy bien
the river hostel,marruecos,cama en habitación compartida mixta de 6 camas,2,persona que viaja sola,agradable,,,6.0,2025-03-11,muy bien
the river hostel,marruecos,cama en habitación compartida mixta de 6 camas,1,persona que viaja sola,agradable,,,6.0,2025-03-11,muy bien
the river hostel,españa,litera en habitación compartida mixta de 12 camas,4,persona que viaja sola,agradable,,,6.0,2025-03-09,muy bien
the river hostel,españa,litera en habitación compartida mixta de 12 camas,1,grupo,muy mal,,,2.0,2025-03-06,muy bien
the river hostel,españa,litera en habitación compartida mixta de 12 camas,1,persona que viaja sola,excepcional,,,10.0,2025-03-02,muy bien
the river hostel,españa,litera en habitación compartida mixta de 12 camas,1,persona que viaja sola,excepcional,,,10.0,2025-02-25,muy bien
the river hostel,italia,litera en una habitación compartida femenina,3,grupo,excepcional,,,10.0,2025-02-12,muy bien
the river hostel,brasil,litera en dormitorio compartido mixto con 10 camas,1,persona que viaja sola,agradable,,,6.0,2025-02-11,muy bien
the river hostel,españa,litera en dormitorio compartido mixto con 10 camas,1,pareja,pésimo,,,1.0,2025-02-04,muy bien
the river hostel,españa,cama en habitación compartida mixta de 6 camas,1,persona que viaja sola,decepcionante,,,4.0,2025-02-01,muy bien
the river hostel,españa,litera en habitación compartida mixta de 12 camas,2,persona que viaja sola,excepcional,,,10.0,2025-01-30,muy bien
the river hostel,españa,litera en dormitorio compartido mixto con 10 camas,2,persona que viaja sola,aceptable,,,5.0,2025-01-29,muy bien
the river hostel,marruecos,cama en habitación compartida mixta de 6 camas,1,persona que viaja sola,excepcional,,,10.0,2025-01-29,muy bien
the river hostel,argentina,cama en habitación compartida mixta de 6 camas,1,persona que viaja sola,excepcional,,,10.0,2025-01-27,muy bien
the river hostel,italia,litera en dormitorio compartido mixto con 10 camas,8,persona que viaja sola,excepcional,,,10.0,2025-01-24,muy bien
the river hostel,españa,litera en habitación compartida mixta de 12 camas,1,persona que viaja sola,excepcional,,,10.0,2025-01-20,muy bien
the river hostel,españa,litera en dormitorio compartido mixto con 10 camas,1,persona que viaja sola,excepcional,,,10.0,2025-01-18,muy bien
the river hostel,españa,litera en habitación compartida mixta de 12 camas,1,persona que viaja sola,excepcional,,,10.0,2025-01-17,muy bien
the river hostel,argentina,litera en habitación compartida mixta de 12 camas,3,persona que viaja sola,excepcional,,,10.0,2025-01-16,muy bien
the river hostel,argentina,cama en habitación compartida mixta de 4 camas,1,persona que viaja sola,excepcional,,,10.0,2025-01-16,muy bien
the river hostel,argentina,litera en habitación compartida mixta de 12 camas,2,persona que viaja sola,excepcional,,,10.0,2025-01-15,muy bien
the river hostel,argentina,cama en habitación compartida mixta de 4 camas,1,persona que viaja sola,excepcional,,,10.0,2025-01-05,muy bien
the river hostel,españa,cama en habitación compartida mixta de 4 camas,1,persona que viaja sola,pésimo,,,1.0,2025-01-01,muy bien
the river hostel,portugal,litera en habitación compartida mixta de 12 camas,1,persona que viaja sola,excepcional,,,10.0,2024-12-30,muy bien
the river hostel,españa,cama en habitación compartida mixta de 6 camas,1,persona que viaja sola,excepcional,,,10.0,2024-12-27,muy bien
the river hostel,españa,cama en habitación compartida mixta de 8 camas,1,persona que viaja sola,excepcional,,,10.0,2024-12-18,muy bien
the river hostel,españa,litera en habitación compartida mixta de 12 camas,1,persona que viaja sola,excepcional,,,10.0,2024-12-16,muy bien
the river hostel,españa,cama en habitación compartida mixta de 4 camas,2,persona que viaja sola,excepcional,,,10.0,2024-12-15,muy bien
the river hostel,españa,litera en dormitorio compartido mixto con 10 camas,1,persona que viaja sola,excepcional,,,10.0,2024-12-15,muy bien
the river hostel,guinea ecuatorial,litera en dormitorio compartido mixto con 10 camas,15,persona que viaja sola,excepcional,,,10.0,2024-12-12,muy bien
the river hostel,españa,litera en dormitorio compartido mixto con 10 camas,3,grupo,excepcional,,,10.0,2024-12-10,muy bien
the river hostel,españa,litera en dormitorio compartido mixto con 10 camas,4,persona que viaja sola,excepcional,,,10.0,2024-12-01,muy bien
the river hostel,argentina,litera en habitación compartida mixta de 12 camas,1,persona que viaja sola,excepcional,,,10.0,2024-11-29,muy bien
the river hostel,españa,cama en habitación compartida mixta de 6 camas,5,pareja,agradable,,,6.0,2024-11-16,muy bien
the river hostel,españa,litera en una habitación compartida femenina,2,persona que viaja sola,excepcional,,,10.0,2024-11-14,muy bien
the river hostel,chile,litera en dormitorio compartido mixto con 10 camas,3,persona que viaja sola,excepcional,,,10.0,2024-11-13,muy bien
the river hostel,españa,litera en dormitorio compartido mixto con 10 camas,1,persona que viaja sola,excepcional,,,10.0,2024-11-12,muy bien
the river hostel,españa,litera en habitación compartida mixta de 12 camas,2,persona que viaja sola,excepcional,,,10.0,2024-11-12,muy bien
the river hostel,españa,litera en habitación compartida mixta de 12 camas,2,persona que viaja sola,excepcional,,,10.0,2024-11-11,muy bien
the river hostel,españa,cama en habitación compartida mixta de 4 camas,2,persona que viaja sola,excepcional,,,10.0,2024-11-10,muy bien
the river hostel,argentina,litera en dormitorio compartido mixto con 10 camas,1,persona que viaja sola,excepcional,,,10.0,2024-11-10,muy bien
the river hostel,españa,litera en habitación compartida mixta de 12 camas,2,persona que viaja sola,excepcional,,,10.0,2024-11-08,muy bien
the river hostel,colombia,litera en habitación compartida mixta de 12 camas,2,persona que viaja sola,excepcional,,,10.0,2024-11-05,muy bien
the river hostel,españa,litera en habitación compartida mixta de 12 camas,1,persona que viaja sola,agradable,,,6.0,2024-11-04,muy bien
the river hostel,polonia,litera en dormitorio compartido mixto con 10 camas,1,pareja,excepcional,,,10.0,2024-10-29,muy bien
the river hostel,suiza,litera en habitación compartida mixta de 12 camas,3,pareja,excepcional,,,10.0,2024-10-25,muy bien
the river hostel,españa,litera en dormitorio compartido mixto con 10 camas,1,grupo,excepcional,,,10.0,2024-10-25,muy bien
the river hostel,colombia,litera en habitación compartida mixta de 12 camas,1,persona que viaja sola,excepcional,,,10.0,2024-10-22,muy bien
the river hostel,uruguay,litera en dormitorio compartido mixto con 10 camas,1,persona que viaja sola,excepcional,,,10.0,2024-10-15,muy bien
the river hostel,uruguay,litera en habitación compartida mixta de 12 camas,5,persona que viaja sola,excepcional,,,10.0,2024-10-14,muy bien
the river hostel,argentina,cama en habitación compartida mixta de 4 camas,2,persona que viaja sola,aceptable,,,5.0,2024-10-13,muy bien
the river hostel,georgia,litera en habitación compartida mixta de 12 camas,2,persona que viaja sola,excepcional,,,10.0,2024-10-11,muy bien
the river hostel,españa,litera en dormitorio compartido mixto con 10 camas,5,grupo,excepcional,,,10.0,2024-10-10,muy bien
the river hostel,españa,litera en habitación compartida mixta de 12 camas,1,persona que viaja sola,excepcional,,,10.0,2024-10-02,muy bien
the river hostel,rusia,litera en habitación compartida mixta de 12 camas,3,persona que viaja sola,excepcional,,,10.0,2024-09-21,muy bien
the river hostel,argentina,litera en dormitorio compartido mixto con 10 camas,3,persona que viaja sola,excepcional,,,10.0,2024-09-19,muy bien
the river hostel,españa,litera en habitación compartida mixta de 12 camas,2,persona que viaja sola,excepcional,,,10.0,2024-09-18,muy bien
the river hostel,españa,litera en habitación compartida mixta de 12 camas,1,persona que viaja sola,aceptable,,,5.0,2024-09-09,muy bien
the river hostel,españa,cama en habitación compartida mixta de 6 camas,1,persona que viaja sola,excepcional,,,10.0,2024-09-08,muy bien
the river hostel,españa,litera en habitación compartida mixta de 12 camas,1,persona que viaja sola,aceptable,,,5.0,2024-09-03,muy bien
the river hostel,españa,litera en dormitorio compartido mixto con 10 camas,5,persona que viaja sola,excepcional,,,10.0,2024-08-28,muy bien
the river hostel,españa,litera en habitación compartida mixta de 12 camas,1,persona que viaja sola,excepcional,,,10.0,2024-08-28,muy bien
the river hostel,españa,litera en habitación compartida mixta de 12 camas,1,persona que viaja sola,agradable,,,6.0,2024-08-26,muy bien
the river hostel,españa,litera en una habitación compartida femenina,1,persona que viaja sola,excepcional,,,10.0,2024-08-24,muy bien
the river hostel,italia,litera en habitación compartida mixta de 12 camas,1,pareja,excepcional,,,10.0,2024-08-18,muy bien
the river hostel,españa,litera en una habitación compartida femenina,1,persona que viaja sola,excepcional,,,10.0,2024-08-12,muy bien
the river hostel,españa,litera en dormitorio compartido mixto con 10 camas,2,persona que viaja sola,excepcional,,,10.0,2024-08-11,muy bien
the river hostel,argentina,litera en dormitorio compartido mixto con 10 camas,3,persona que viaja sola,excepcional,,,10.0,2024-08-08,muy bien
the river hostel,españa,cama en habitación compartida mixta de 6 camas,1,persona que viaja sola,excepcional,,,10.0,2024-08-06,muy bien
the river hostel,argentina,litera en dormitorio compartido mixto con 10 camas,3,persona que viaja sola,excepcional,,,10.0,2024-08-05,muy bien
the river hostel,austria,litera en dormitorio compartido mixto con 10 camas,2,persona que viaja sola,aceptable,,,5.0,2024-08-04,muy bien
the river hostel,argentina,litera en una habitación compartida femenina,9,persona que viaja sola,excepcional,,,10.0,2024-08-04,muy bien
the river hostel,españa,litera en habitación compartida mixta de 12 camas,1,persona que viaja sola,excepcional,,,10.0,2024-07-31,muy bien
the river hostel,españa,cama en habitación compartida mixta de 4 camas,3,grupo,excepcional,,,10.0,2024-07-30,muy bien
the river hostel,españa,litera en una habitación compartida femenina,3,persona que viaja sola,agradable,,,6.0,2024-07-30,muy bien
the river hostel,españa,litera en una habitación compartida femenina,1,persona que viaja sola,aceptable,,,5.0,2024-07-29,muy bien
the river hostel,uruguay,cama en habitación compartida mixta de 4 camas,4,persona que viaja sola,excepcional,,,10.0,2024-07-29,muy bien
the river hostel,españa,litera en habitación compartida mixta de 12 camas,1,persona que viaja sola,muy mal,,,2.0,2024-07-26,muy bien
the river hostel,españa,litera en habitación compartida mixta de 12 camas,1,familia,excepcional,,,10.0,2024-07-23,muy bien
the river hostel,argentina,litera en dormitorio compartido mixto con 10 camas,1,persona que viaja sola,excepcional,,,10.0,2024-07-19,muy bien
the river hostel,chile,litera en una habitación compartida femenina,1,pareja,aceptable,,,5.0,2024-07-18,muy bien
the river hostel,españa,litera en dormitorio compartido mixto con 10 camas,2,familia,excepcional,,,10.0,2024-07-11,muy bien
the river hostel,argentina,litera en habitación compartida mixta de 12 camas,3,persona que viaja sola,excepcional,,,10.0,2024-07-09,muy bien
the river hostel,españa,litera en habitación compartida mixta de 12 camas,1,grupo,excepcional,,,10.0,2024-07-06,muy bien
the river hostel,costa rica,litera en habitación compartida mixta de 12 camas,2,persona que viaja sola,excepcional,,,10.0,2024-07-03,muy bien
the river hostel,italia,litera en una habitación compartida femenina,1,persona que viaja sola,excepcional,,,10.0,2024-07-02,muy bien
the river hostel,españa,litera en dormitorio compartido mixto con 10 camas,1,persona que viaja sola,excepcional,,,10.0,2024-06-26,muy bien
the river hostel,españa,litera en dormitorio compartido mixto con 10 camas,1,persona que viaja sola,excepcional,,,10.0,2024-06-20,muy bien
the river hostel,españa,litera en habitación compartida mixta de 12 camas,2,persona que viaja sola,excepcional,,,10.0,2024-06-18,muy bien
the river hostel,españa,cama en habitación compartida mixta de 8 camas,1,persona que viaja sola,excepcional,,,10.0,2024-06-18,muy bien
the river hostel,españa,litera en dormitorio compartido mixto con 10 camas,1,persona que viaja sola,excepcional,,,10.0,2024-06-11,muy bien
the river hostel,argentina,litera en habitación compartida mixta de 12 camas,2,persona que viaja sola,excepcional,,,10.0,2024-06-03,muy bien
the river hostel,españa,cama en habitación compartida mixta de 4 camas,1,pareja,agradable,,,6.0,2024-06-02,muy bien
the river hostel,españa,cama en habitación compartida mixta de 8 camas,1,persona que viaja sola,excepcional,,,10.0,2024-06-01,muy bien
the river hostel,españa,litera en habitación compartida mixta de 12 camas,1,persona que viaja sola,excepcional,,,10.0,2024-05-31,muy bien
the river hostel,españa,litera en habitación compartida mixta de 12 camas,1,persona que viaja sola,excepcional,,,10.0,2024-05-28,muy bien
the river hostel,argentina,litera en una habitación compartida femenina,2,persona que viaja sola,excepcional,,,10.0,2024-05-28,muy bien
the river hostel,españa,litera en habitación compartida mixta de 12 camas,3,persona que viaja sola,excepcional,,,10.0,2024-05-27,muy bien
the river hostel,españa,litera en dormitorio compartido mixto con 10 camas,2,persona que viaja sola,excepcional,,,10.0,2024-05-24,muy bien
the river hostel,argentina,litera en una habitación compartida femenina,1,persona que viaja sola,excepcional,,,10.0,2024-05-23,muy bien
the river hostel,españa,litera en dormitorio compartido mixto con 10 camas,2,persona que viaja sola,excepcional,,,10.0,2024-05-23,muy bien
the river hostel,argentina,litera en dormitorio compartido mixto con 10 camas,3,grupo,excepcional,,,10.0,2024-05-23,muy bien
the river hostel,españa,litera en dormitorio compartido mixto con 10 camas,1,persona que viaja sola,excepcional,,,10.0,2024-05-22,muy bien
the river hostel,españa,litera en una habitación compartida femenina,1,persona que viaja sola,excepcional,,,10.0,2024-05-22,muy bien
the river hostel,españa,litera en habitación compartida mixta de 12 camas,3,persona que viaja sola,excepcional,,,10.0,2024-05-20,muy bien
the river hostel,república dominicana,litera en dormitorio compartido mixto con 10 camas,1,persona que viaja sola,excepcional,,,10.0,2024-05-19,muy bien
the river hostel,españa,litera en dormitorio compartido mixto con 10 camas,1,persona que viaja sola,excepcional,,,10.0,2024-05-17,muy bien
the river hostel,perú,cama en habitación compartida mixta de 6 camas,1,persona que viaja sola,excepcional,,,10.0,2024-05-15,muy bien
the river hostel,españa,litera en dormitorio compartido mixto con 10 camas,2,persona que viaja sola,"voy siempre cuando me toca ir a valencia, me encanta el desayuno!",,,10.0,2024-05-14,muy bien
the river hostel,españa,litera en dormitorio compartido mixto con 10 camas,1,persona que viaja sola,excepcional,,,10.0,2024-05-09,muy bien
the river hostel,españa,litera en habitación compartida mixta de 12 camas,2,persona que viaja sola,excepcional,,,10.0,2024-05-07,muy bien
the river hostel,argentina,cama en habitación compartida mixta de 8 camas,3,persona que viaja sola,excepcional,,,10.0,2024-05-06,muy bien
the river hostel,portugal,litera en habitación compartida mixta de 12 camas,2,persona que viaja sola,excepcional,,,10.0,2024-05-06,muy bien
the river hostel,españa,litera en dormitorio compartido mixto con 10 camas,2,persona que viaja sola,excepcional,,,10.0,2024-05-05,muy bien
the river hostel,españa,litera en habitación compartida mixta de 12 camas,7,persona que viaja sola,excepcional,,,10.0,2024-05-05,muy bien
the river hostel,españa,litera en habitación compartida mixta de 12 camas,1,persona que viaja sola,excepcional,,,10.0,2024-05-05,muy bien
the river hostel,países bajos,litera en habitación compartida mixta de 12 camas,4,grupo,excepcional,,,10.0,2024-05-03,muy bien
the river hostel,argentina,litera en habitación compartida mixta de 12 camas,1,persona que viaja sola,mal,,,3.0,2024-04-28,muy bien
the river hostel,argentina,litera en dormitorio compartido mixto con 10 camas,1,persona que viaja sola,excepcional,,,10.0,2024-04-27,muy bien
the river hostel,venezuela,litera en dormitorio compartido mixto con 10 camas,1,persona que viaja sola,decepcionante,,,4.0,2024-04-27,muy bien
the river hostel,argentina,litera en habitación compartida mixta de 12 camas,2,persona que viaja sola,excepcional,,,10.0,2024-04-26,muy bien
the river hostel,españa,litera en una habitación compartida femenina,2,persona que viaja sola,excepcional,,,10.0,2024-04-26,muy bien
the river hostel,españa,litera en habitación compartida mixta de 12 camas,1,persona que viaja sola,excepcional,,,10.0,2024-04-26,muy bien
the river hostel,chile,litera en habitación compartida mixta de 12 camas,2,pareja,excepcional,,,10.0,2024-04-23,muy bien
the river hostel,españa,litera en dormitorio compartido mixto con 10 camas,2,persona que viaja sola,excepcional,,,10.0,2024-04-23,muy bien
the river hostel,rumanía,litera en habitación compartida mixta de 12 camas,1,persona que viaja sola,agradable,,,6.0,2024-04-16,muy bien
the river hostel,españa,litera en dormitorio compartido mixto con 10 camas,1,persona que viaja sola,excepcional,,,10.0,2024-04-04,muy bien
the river hostel,españa,litera en dormitorio compartido mixto con 10 camas,3,persona que viaja sola,excepcional,,,10.0,2024-03-29,muy bien
the river hostel,españa,litera en habitación compartida mixta de 12 camas,1,persona que viaja sola,excepcional,,,10.0,2024-03-25,muy bien
the river hostel,venezuela,litera en dormitorio compartido mixto con 10 camas,1,persona que viaja sola,excepcional,,,10.0,2024-03-20,muy bien
the river hostel,españa,litera en habitación compartida mixta de 12 camas,3,grupo,pésimo,,,1.0,2024-03-20,muy bien
the river hostel,españa,litera en una habitación compartida femenina,1,grupo,excepcional,,,10.0,2024-03-18,muy bien
the river hostel,chile,litera en dormitorio compartido mixto con 10 camas,3,persona que viaja sola,excepcional,,,10.0,2024-03-15,muy bien
the river hostel,españa,litera en una habitación compartida femenina,3,persona que viaja sola,excepcional,,,10.0,2024-03-14,muy bien
the river hostel,españa,litera en habitación compartida mixta de 12 camas,2,persona que viaja sola,agradable,,,6.0,2024-03-12,muy bien
the river hostel,argentina,litera en dormitorio compartido mixto con 10 camas,2,persona que viaja sola,excepcional,,,10.0,2024-03-12,muy bien
the river hostel,españa,litera en una habitación compartida femenina,1,persona que viaja sola,excepcional,,,10.0,2024-03-12,muy bien
the river hostel,españa,litera en habitación compartida mixta de 12 camas,1,persona que viaja sola,excepcional,,,10.0,2024-03-09,muy bien
the river hostel,españa,litera en dormitorio compartido mixto con 10 camas,2,persona que viaja sola,excepcional,,,10.0,2024-03-06,muy bien
the river hostel,españa,litera en habitación compartida mixta de 12 camas,1,persona que viaja sola,aceptable,,,5.0,2024-02-26,muy bien
the river hostel,españa,litera en dormitorio compartido mixto con 10 camas,1,persona que viaja sola,excepcional,,,10.0,2024-02-26,muy bien
the river hostel,españa,litera en habitación compartida mixta de 12 camas,4,persona que viaja sola,excepcional,,,10.0,2024-02-26,muy bien
the river hostel,españa,litera en habitación compartida mixta de 12 camas,1,persona que viaja sola,excepcional,,,10.0,2024-02-26,muy bien
the river hostel,españa,litera en dormitorio compartido mixto con 10 camas,1,persona que viaja sola,excepcional,,,10.0,2024-02-25,muy bien
the river hostel,españa,litera en habitación compartida mixta de 12 camas,1,persona que viaja sola,excepcional,,,10.0,2024-02-07,muy bien
the river hostel,españa,cama en habitación compartida mixta de 4 camas,2,persona que viaja sola,excepcional,,,10.0,2024-02-05,muy bien
the river hostel,bélgica,litera en dormitorio compartido mixto con 10 camas,3,persona que viaja sola,agradable,,,6.0,2024-02-05,muy bien
the river hostel,españa,litera en habitación compartida mixta de 12 camas,2,persona que viaja sola,excepcional,,,10.0,2024-01-31,muy bien
the river hostel,españa,litera en habitación compartida mixta de 12 camas,1,persona que viaja sola,excepcional,,,10.0,2024-01-29,muy bien
the river hostel,españa,litera en habitación compartida mixta de 12 camas,2,persona que viaja sola,excepcional,,,10.0,2024-01-27,muy bien
the river hostel,españa,litera en habitación compartida mixta de 12 camas,1,persona que viaja sola,excepcional,,,10.0,2024-01-26,muy bien
the river hostel,españa,cama en habitación compartida mixta de 8 camas,1,persona que viaja sola,excelente,,,10.0,2024-01-15,muy bien
the river hostel,españa,litera en habitación compartida mixta de 12 camas,2,persona que viaja sola,excepcional,,,10.0,2024-01-14,muy bien
the river hostel,españa,litera en dormitorio compartido mixto con 10 camas,1,persona que viaja sola,aceptable,,,5.0,2024-01-13,muy bien
the river hostel,españa,litera en dormitorio compartido mixto con 10 camas,3,persona que viaja sola,pésimo,,,1.0,2024-01-12,muy bien
the river hostel,españa,litera en habitación compartida mixta de 12 camas,1,persona que viaja sola,muy mal,,,2.0,2024-01-09,muy bien
the river hostel,argentina,litera en una habitación compartida femenina,2,grupo,excepcional,,,10.0,2024-01-09,muy bien
the river hostel,españa,litera en una habitación compartida femenina,2,persona que viaja sola,excepcional,,,10.0,2024-01-02,muy bien
the river hostel,alemania,cama en habitación compartida mixta de 6 camas,1,persona que viaja sola,excepcional,,,10.0,2023-12-31,muy bien
the river hostel,argentina,litera en habitación compartida mixta de 12 camas,1,grupo,excepcional,,,10.0,2023-12-30,muy bien
the river hostel,argentina,litera en habitación compartida mixta de 12 camas,3,persona que viaja sola,excepcional,,,10.0,2023-12-25,muy bien
the river hostel,españa,litera en una habitación compartida femenina,1,persona que viaja sola,agradable,,,6.0,2023-12-25,muy bien
the river hostel,españa,litera en dormitorio compartido mixto con 10 camas,1,persona que viaja sola,repetiría sin dudarlo,,,10.0,2023-12-23,muy bien
the river hostel,argentina,cama en habitación compartida mixta de 4 camas,3,persona que viaja sola,aceptable,,,5.0,2023-12-22,muy bien
the river hostel,españa,litera en dormitorio compartido mixto con 10 camas,1,persona que viaja sola,excepcional,,,10.0,2023-12-22,muy bien
the river hostel,españa,litera en dormitorio compartido mixto con 10 camas,2,persona que viaja sola,excepcional,,,10.0,2023-12-21,muy bien
the river hostel,españa,litera en habitación compartida mixta de 12 camas,1,persona que viaja sola,excepcional,,,10.0,2023-12-17,muy bien
the river hostel,españa,litera en una habitación compartida femenina,2,persona que viaja sola,excepcional,,,10.0,2023-12-17,muy bien
the river hostel,españa,litera en habitación compartida mixta de 12 camas,1,persona que viaja sola,excepcional,,,10.0,2023-12-16,muy bien
the river hostel,españa,litera en dormitorio compartido mixto con 10 camas,3,persona que viaja sola,excepcional,,,10.0,2023-12-15,muy bien
the river hostel,españa,litera en habitación compartida mixta de 12 camas,1,persona que viaja sola,excepcional,,,10.0,2023-12-11,muy bien
the river hostel,españa,litera en dormitorio compartido mixto con 10 camas,1,persona que viaja sola,excepcional,,,10.0,2023-12-11,muy bien
the river hostel,españa,litera en una habitación compartida femenina,2,persona que viaja sola,excepcional,,,10.0,2023-12-11,muy bien
the river hostel,españa,litera en una habitación compartida femenina,2,persona que viaja sola,excepcional,,,10.0,2023-12-09,muy bien
the river hostel,españa,litera en habitación compartida mixta de 12 camas,1,persona que viaja sola,excepcional,,,10.0,2023-12-08,muy bien
the river hostel,españa,litera en una habitación compartida femenina,3,persona que viaja sola,el mejor sin duda,,,10.0,2023-12-05,muy bien
the river hostel,españa,litera en habitación compartida mixta de 12 camas,1,persona que viaja sola,excepcional,,,10.0,2023-12-04,muy bien
the river hostel,españa,litera en habitación compartida mixta de 12 camas,1,persona que viaja sola,excepcional,,,10.0,2023-12-03,muy bien
the river hostel,argentina,litera en dormitorio compartido mixto con 10 camas,1,grupo,excepcional,,,10.0,2023-12-02,muy bien
the river hostel,españa,litera en habitación compartida mixta de 12 camas,1,persona que viaja sola,excepcional,,,10.0,2023-12-01,muy bien
the river hostel,españa,litera en dormitorio compartido mixto con 10 camas,1,persona que viaja sola,excepcional,,,10.0,2023-11-29,muy bien
the river hostel,españa,litera en habitación compartida mixta de 12 camas,3,grupo,excepcional,,,10.0,2023-11-23,muy bien
the river hostel,argentina,litera en habitación compartida mixta de 12 camas,1,persona que viaja sola,excepcional,,,10.0,2023-11-21,muy bien
the river hostel,españa,litera en habitación compartida mixta de 12 camas,1,persona que viaja sola,excepcional,,,10.0,2023-11-17,muy bien
the river hostel,españa,litera en dormitorio compartido mixto con 10 camas,7,persona que viaja sola,excepcional,,,10.0,2023-11-12,muy bien
the river hostel,españa,litera en dormitorio compartido mixto con 10 camas,1,grupo,excepcional,,,10.0,2023-11-10,muy bien
the river hostel,ucrania,litera en una habitación compartida femenina,1,persona que viaja sola,aceptable,,,5.0,2023-11-10,muy bien
the river hostel,españa,cama en habitación compartida mixta de 8 camas,1,persona que viaja sola,excepcional,,,10.0,2023-11-08,muy bien
the river hostel,españa,litera en dormitorio compartido mixto con 10 camas,3,persona que viaja sola,aceptable,,,5.0,2023-11-02,muy bien
the river hostel,españa,litera en habitación compartida mixta de 12 camas,1,persona que viaja sola,excepcional,,,10.0,2023-11-01,muy bien
the river hostel,españa,litera en dormitorio compartido mixto con 10 camas,5,persona que viaja sola,excepcional,,,10.0,2023-10-31,muy bien
the river hostel,alemania,cama en habitación compartida mixta de 8 camas,2,persona que viaja sola,excepcional,,,10.0,2023-10-30,muy bien
the river hostel,españa,litera en habitación compartida mixta de 12 camas,1,pareja,"me encanta el desayuno. camas cómodas, amplias y limpias",,,10.0,2023-10-30,muy bien
the river hostel,españa,litera en dormitorio compartido mixto con 10 camas,1,persona que viaja sola,excepcional,,,10.0,2023-10-24,muy bien
the river hostel,españa,litera en dormitorio compartido mixto con 10 camas,1,persona que viaja sola,excepcional,,,10.0,2023-10-23,muy bien
the river hostel,españa,litera en dormitorio compartido mixto con 10 camas,1,persona que viaja sola,excepcional,,,10.0,2023-10-20,muy bien
the river hostel,argentina,litera en dormitorio compartido mixto con 10 camas,2,persona que viaja sola,excepcional,,,10.0,2023-10-19,muy bien
the river hostel,portugal,litera en dormitorio compartido mixto con 10 camas,1,persona que viaja sola,alles ok!,,,10.0,2023-10-19,muy bien
the river hostel,argentina,litera en dormitorio compartido mixto con 10 camas,2,persona que viaja sola,excepcional,,,10.0,2023-10-16,muy bien
the river hostel,argentina,litera en una habitación compartida femenina,2,grupo,excepcional,,,10.0,2023-10-08,muy bien
the river hostel,rusia,litera en habitación compartida mixta de 12 camas,2,persona que viaja sola,excepcional,,,10.0,2023-10-05,muy bien
the river hostel,españa,litera en dormitorio compartido mixto con 10 camas,2,persona que viaja sola,excepcional,,,10.0,2023-10-01,muy bien
the river hostel,argentina,cama en habitación compartida mixta de 6 camas,3,persona que viaja sola,excepcional,,,10.0,2023-09-17,muy bien
the river hostel,españa,cama en habitación compartida mixta de 4 camas,1,persona que viaja sola,excepcional,,,10.0,2023-09-08,muy bien
the river hostel,españa,litera en una habitación compartida femenina,1,grupo,excepcional,,,10.0,2023-09-06,muy bien
the river hostel,francia,cama en habitación compartida mixta de 8 camas,1,grupo,excepcional,,,10.0,2023-09-05,muy bien
the river hostel,colombia,litera en dormitorio compartido mixto con 10 camas,2,grupo,excepcional,,,10.0,2023-09-04,muy bien
the river hostel,colombia,litera en dormitorio compartido mixto con 10 camas,1,grupo,excepcional,,,10.0,2023-09-04,muy bien
the river hostel,uruguay,litera en habitación compartida mixta de 12 camas,1,persona que viaja sola,excepcional,,,10.0,2023-09-03,muy bien
the river hostel,argentina,litera en habitación compartida mixta de 12 camas,2,persona que viaja sola,excepcional,,,10.0,2023-08-30,muy bien
the river hostel,argentina,cama en habitación compartida mixta de 8 camas,4,persona que viaja sola,excepcional,,,10.0,2023-08-29,muy bien
the river hostel,españa,litera en dormitorio compartido mixto con 10 camas,2,grupo,excepcional,,,10.0,2023-08-28,muy bien
the river hostel,españa,litera en una habitación compartida femenina,1,persona que viaja sola,excepcional,,,10.0,2023-08-26,muy bien
the river hostel,argentina,cama en habitación compartida mixta de 4 camas,2,persona que viaja sola,excepcional,,,10.0,2023-08-23,muy bien
the river hostel,españa,litera en una habitación compartida femenina,1,persona que viaja sola,excepcional,,,10.0,2023-08-22,muy bien
the river hostel,españa,litera en una habitación compartida femenina,1,persona que viaja sola,excepcional,,,10.0,2023-08-20,muy bien
the river hostel,argentina,litera en una habitación compartida femenina,1,persona que viaja sola,excepcional,,,10.0,2023-08-19,muy bien
the river hostel,españa,litera en habitación compartida mixta de 12 camas,1,persona que viaja sola,agradable,,,6.0,2023-08-11,muy bien
the river hostel,españa,litera en dormitorio compartido mixto con 10 camas,2,grupo,excepcional,,,10.0,2023-08-08,muy bien
the river hostel,españa,litera en una habitación compartida femenina,2,persona que viaja sola,excepcional,,,10.0,2023-08-07,muy bien
the river hostel,argentina,litera en una habitación compartida femenina,3,persona que viaja sola,excepcional,,,10.0,2023-08-03,muy bien
the river hostel,españa,litera en dormitorio compartido mixto con 10 camas,1,persona que viaja sola,excepcional,,,10.0,2023-07-31,muy bien
the river hostel,españa,litera en habitación compartida mixta de 12 camas,2,persona que viaja sola,aceptable,,,5.0,2023-07-31,muy bien
the river hostel,españa,cama en habitación compartida mixta de 8 camas,3,persona que viaja sola,aceptable,,,5.0,2023-07-30,muy bien
the river hostel,españa,litera en habitación compartida mixta de 12 camas,1,persona que viaja sola,excepcional,,,10.0,2023-07-29,muy bien
the river hostel,españa,litera en una habitación compartida femenina,1,persona que viaja sola,excepcional,,,10.0,2023-07-26,muy bien
the river hostel,argentina,litera en dormitorio compartido mixto con 10 camas,2,grupo,excepcional,,,10.0,2023-07-25,muy bien
the river hostel,argentina,litera en dormitorio compartido mixto con 10 camas,1,pareja,excepcional,,,10.0,2023-07-24,muy bien
the river hostel,españa,cama en habitación compartida mixta de 8 camas,1,grupo,excepcional,,,10.0,2023-07-24,muy bien
the river hostel,españa,litera en habitación compartida mixta de 12 camas,1,persona que viaja sola,agradable,,,6.0,2023-07-17,muy bien
the river hostel,españa,litera en dormitorio compartido mixto con 10 camas,2,persona que viaja sola,excepcional,,,10.0,2023-07-16,muy bien
the river hostel,argentina,litera en una habitación compartida femenina,2,persona que viaja sola,excepcional,,,10.0,2023-06-30,muy bien
the river hostel,españa,litera en dormitorio compartido mixto con 10 camas,1,persona que viaja sola,agradable,,,6.0,2023-06-29,muy bien
the river hostel,chile,litera en una habitación compartida femenina,3,persona que viaja sola,excepcional,,,10.0,2023-06-28,muy bien
the river hostel,españa,litera en una habitación compartida femenina,2,persona que viaja sola,pésimo,,,1.0,2023-06-28,muy bien
the river hostel,españa,litera en dormitorio compartido mixto con 10 camas,1,persona que viaja sola,excepcional,,,10.0,2023-06-22,muy bien
the river hostel,brasil,litera en habitación compartida mixta de 12 camas,6,persona que viaja sola,mal,,,3.0,2023-06-20,muy bien
the river hostel,españa,litera en dormitorio compartido mixto con 10 camas,2,persona que viaja sola,excepcional,,,10.0,2023-06-18,muy bien
the river hostel,argentina,litera en dormitorio compartido mixto con 10 camas,1,persona que viaja sola,aceptable,,,5.0,2023-06-17,muy bien
the river hostel,francia,cama en habitación compartida mixta de 6 camas,2,persona que viaja sola,excepcional,,,10.0,2023-06-05,muy bien
the river hostel,colombia,cama en habitación compartida mixta de 8 camas,1,persona que viaja sola,excepcional,,,10.0,2023-06-04,muy bien
the river hostel,colombia,cama en habitación compartida mixta de 4 camas,1,persona que viaja sola,excepcional,,,10.0,2023-06-02,muy bien
the river hostel,españa,litera en habitación compartida mixta de 12 camas,1,persona que viaja sola,excepcional,,,10.0,2023-05-29,muy bien
the river hostel,españa,litera en habitación compartida mixta de 12 camas,1,persona que viaja sola,agradable,,,6.0,2023-05-26,muy bien
the river hostel,españa,cama en habitación compartida mixta de 8 camas,4,persona que viaja sola,excepcional,,,10.0,2023-05-26,muy bien
the river hostel,españa,litera en una habitación compartida femenina,1,persona que viaja sola,excepcional,,,10.0,2023-05-22,muy bien
the river hostel,argentina,cama en habitación compartida mixta de 6 camas,3,grupo,excepcional,,,10.0,2023-05-22,muy bien
the river hostel,argentina,litera en habitación compartida mixta de 12 camas,3,grupo,excepcional,,,10.0,2023-05-21,muy bien
the river hostel,méxico,litera en habitación compartida mixta de 12 camas,1,persona que viaja sola,excepcional,,,10.0,2023-05-20,muy bien
the river hostel,argentina,litera en dormitorio compartido mixto con 10 camas,2,persona que viaja sola,excepcional,,,10.0,2023-05-15,muy bien
the river hostel,españa,litera en habitación compartida mixta de 12 camas,1,persona que viaja sola,excepcional,,,10.0,2023-05-13,muy bien
the river hostel,paraguay,litera en una habitación compartida femenina,1,persona que viaja sola,agradable,,,6.0,2023-05-13,muy bien
the river hostel,españa,cama en habitación compartida mixta de 4 camas,1,persona que viaja sola,excepcional,,,10.0,2023-05-10,muy bien
the river hostel,argentina,litera en una habitación compartida femenina,3,persona que viaja sola,excepcional,,,10.0,2023-05-07,muy bien
the river hostel,méxico,litera en una habitación compartida femenina,1,persona que viaja sola,excepcional,,,10.0,2023-05-07,muy bien
the river hostel,españa,cama en habitación compartida mixta de 8 camas,1,persona que viaja sola,excepcional,,,10.0,2023-05-04,muy bien
the river hostel,españa,litera en dormitorio compartido mixto con 10 camas,2,persona que viaja sola,agradable,,,6.0,2023-05-04,muy bien
the river hostel,países bajos,litera en habitación compartida mixta de 12 camas,1,persona que viaja sola,excepcional,,,10.0,2023-04-28,muy bien
the river hostel,españa,litera en habitación compartida mixta de 12 camas,3,persona que viaja sola,excepcional,,,10.0,2023-04-25,muy bien
the river hostel,italia,litera en dormitorio compartido mixto con 10 camas,3,persona que viaja sola,agradable,,,6.0,2023-04-23,muy bien
the river hostel,españa,litera en una habitación compartida femenina,2,persona que viaja sola,agradable,,,6.0,2023-04-22,muy bien
the river hostel,españa,cama en habitación compartida mixta de 6 camas,1,persona que viaja sola,decepcionante,,,4.0,2023-04-19,muy bien
the river hostel,colombia,litera en habitación compartida mixta de 12 camas,1,grupo,decepcionante,,,4.0,2023-04-17,muy bien
the river hostel,españa,litera en habitación compartida mixta de 12 camas,2,persona que viaja sola,muy bien,,,8.0,2024-01-08,muy bien
the river hostel,colombia,litera en una habitación compartida femenina,3,persona que viaja sola,muy bien,,,8.0,2026-04-15,muy bien
the river hostel,hungría,litera en una habitación compartida femenina,4,persona que viaja sola,muy bien,,,8.0,2026-04-14,muy bien
the river hostel,españa,litera en habitación compartida mixta de 12 camas,1,persona que viaja sola,fantástico,,,9.0,2026-04-14,muy bien
the river hostel,portugal,litera en una habitación compartida femenina,2,persona que viaja sola,muy bien,,,8.0,2026-04-14,muy bien
the river hostel,austria,litera en habitación compartida mixta de 12 camas,4,pareja,fantástico,,,9.0,2026-04-13,muy bien
the river hostel,ecuador,litera en habitación compartida mixta de 12 camas,2,persona que viaja sola,fantástico,,,9.0,2026-04-08,muy bien
the river hostel,italia,litera en una habitación compartida femenina,3,pareja,muy bien,,,8.0,2026-04-07,muy bien
the river hostel,turquía,litera en habitación compartida mixta de 12 camas,2,persona que viaja sola,fantástico,,,9.0,2026-04-07,muy bien
the river hostel,portugal,cama en habitación compartida mixta de 6 camas,3,persona que viaja sola,muy bien,,,8.0,2026-04-07,muy bien
the river hostel,australia,cama en habitación compartida mixta de 6 camas,2,persona que viaja sola,fantástico,,,9.0,2026-04-07,muy bien
the river hostel,canadá,litera en dormitorio compartido mixto con 10 camas,2,persona que viaja sola,muy bien,,,8.0,2026-04-04,muy bien
the river hostel,albania,litera en dormitorio compartido mixto con 10 camas,2,grupo,fantástico,,,9.0,2026-04-02,muy bien
the river hostel,eslovaquia,litera en una habitación compartida femenina,1,persona que viaja sola,fantástico,,,9.0,2026-04-02,muy bien
the river hostel,emiratos árabes unidos,litera en una habitación compartida femenina,2,persona que viaja sola,muy bien,,,8.0,2026-04-02,muy bien
the river hostel,italia,cama en habitación compartida mixta de 4 camas,2,grupo,fantástico,,,9.0,2026-03-29,muy bien
the river hostel,estados unidos,litera en habitación compartida mixta de 12 camas,7,persona que viaja sola,fantástico,,,9.0,2026-03-29,muy bien
the river hostel,estados unidos,litera en dormitorio compartido mixto con 10 camas,3,persona que viaja sola,fantástico,,,9.0,2026-03-29,muy bien
the river hostel,reino unido,litera en dormitorio compartido mixto con 10 camas,2,persona que viaja sola,fantástico,,,9.0,2026-03-26,muy bien
the river hostel,dinamarca,litera en dormitorio compartido mixto con 10 camas,3,persona que viaja sola,muy bien,,,8.0,2026-03-24,muy bien
the river hostel,españa,litera en habitación compartida mixta de 12 camas,2,pareja,bien,,,7.0,2026-03-22,muy bien
the river hostel,irlanda,litera en una habitación compartida femenina,5,persona que viaja sola,bien,,,7.0,2026-03-22,muy bien
the river hostel,emiratos árabes unidos,cama en habitación compartida mixta de 4 camas,2,persona que viaja sola,fantástico,,,9.0,2026-03-19,muy bien
the river hostel,uruguay,litera en dormitorio compartido mixto con 10 camas,2,persona que viaja sola,muy bien,,,8.0,2026-03-19,muy bien
the river hostel,uruguay,cama en habitación compartida mixta de 4 camas,1,persona que viaja sola,fantástico,,,9.0,2026-03-11,muy bien
the river hostel,rumanía,cama en habitación compartida mixta de 8 camas,4,persona que viaja sola,fantástico,,,9.0,2026-03-10,muy bien
the river hostel,ucrania,litera en dormitorio compartido mixto con 10 camas,2,persona que viaja sola,fantástico,,,9.0,2026-03-09,muy bien
the river hostel,ucrania,litera en dormitorio compartido mixto con 10 camas,1,persona que viaja sola,fantástico,,,9.0,2026-03-09,muy bien
the river hostel,bélgica,cama en habitación compartida mixta de 6 camas,1,persona que viaja sola,muy bien,,,8.0,2026-03-04,muy bien
the river hostel,croacia,litera en habitación compartida mixta de 12 camas,1,persona que viaja sola,fantástico,,,9.0,2026-03-04,muy bien
the river hostel,españa,cama en habitación compartida mixta de 6 camas,1,persona que viaja sola,fantástico,,,9.0,2026-02-25,muy bien
the river hostel,hong kong,cama en habitación compartida mixta de 4 camas,2,persona que viaja sola,fantástico,,,9.0,2026-02-17,muy bien
the river hostel,india,cama en habitación compartida mixta de 4 camas,1,grupo,muy bien,,,8.0,2026-02-15,muy bien
the river hostel,marruecos,litera en habitación compartida mixta de 12 camas,1,persona que viaja sola,bien,,,7.0,2026-02-08,muy bien
the river hostel,españa,litera en habitación compartida mixta de 12 camas,7,persona que viaja sola,fantástico,,,9.0,2026-02-04,muy bien
the river hostel,españa,cama en habitación compartida mixta de 4 camas,1,grupo,muy bien,,,8.0,2026-02-02,muy bien
the river hostel,reino unido,litera en una habitación compartida femenina,1,persona que viaja sola,bien,,,7.0,2026-01-29,muy bien
the river hostel,polonia,litera en una habitación compartida femenina,3,persona que viaja sola,fantástico,,,9.0,2026-01-28,muy bien
the river hostel,italia,litera en habitación compartida mixta de 12 camas,2,grupo,muy bien,,,8.0,2026-01-27,muy bien
the river hostel,alemania,cama en habitación compartida mixta de 6 camas,1,persona que viaja sola,muy bien,,,8.0,2026-01-23,muy bien
the river hostel,portugal,cama en habitación compartida mixta de 6 camas,3,persona que viaja sola,bien,,,7.0,2026-01-21,muy bien
the river hostel,polonia,litera en habitación compartida mixta de 12 camas,2,persona que viaja sola,muy bien,,,8.0,2026-01-21,muy bien
the river hostel,marruecos,litera en dormitorio compartido mixto con 10 camas,1,persona que viaja sola,muy bien,,,8.0,2026-01-20,muy bien
the river hostel,alemania,cama en habitación compartida mixta de 6 camas,1,persona que viaja sola,fantástico,,,9.0,2026-01-18,muy bien
the river hostel,alemania,litera en dormitorio compartido mixto con 10 camas,4,persona que viaja sola,bien,,,7.0,2026-01-16,muy bien
the river hostel,reino unido,cama en habitación compartida mixta de 4 camas,3,persona que viaja sola,fantástico,,,9.0,2026-01-14,muy bien
the river hostel,españa,litera en habitación compartida mixta de 12 camas,1,persona que viaja sola,bien,,,7.0,2026-01-10,muy bien
the river hostel,reino unido,cama en habitación compartida mixta de 6 camas,3,persona que viaja sola,muy bien,,,8.0,2026-01-10,muy bien
the river hostel,estados unidos,cama en habitación compartida mixta de 4 camas,1,persona que viaja sola,muy bien,,,8.0,2026-01-09,muy bien
the river hostel,alemania,litera en una habitación compartida femenina,3,persona que viaja sola,bien,,,7.0,2026-01-07,muy bien
the river hostel,alemania,litera en una habitación compartida femenina,1,persona que viaja sola,bien,,,7.0,2026-01-07,muy bien
the river hostel,reino unido,litera en habitación compartida mixta de 12 camas,3,persona que viaja sola,muy bien,,,8.0,2025-12-29,muy bien
the river hostel,colombia,litera en dormitorio compartido mixto con 10 camas,3,persona que viaja sola,fantástico,,,9.0,2025-12-26,muy bien
the river hostel,india,litera en dormitorio compartido mixto con 10 camas,1,persona que viaja sola,bien,,,7.0,2025-12-25,muy bien
the river hostel,nueva zelanda,litera en una habitación compartida femenina,2,persona que viaja sola,muy bien,,,8.0,2025-12-21,muy bien
the river hostel,argelia,litera en habitación compartida mixta de 12 camas,2,persona que viaja sola,bien,,,7.0,2025-12-18,muy bien
the river hostel,grecia,cama en habitación compartida mixta de 6 camas,3,persona que viaja sola,muy bien,,,8.0,2025-12-12,muy bien
the river hostel,turquía,litera en habitación compartida mixta de 12 camas,14,persona que viaja sola,fantástico,,,9.0,2025-12-11,muy bien
the river hostel,suecia,litera en dormitorio compartido mixto con 10 camas,3,persona que viaja sola,bien,,,7.0,2025-12-08,muy bien
the river hostel,países bajos,cama en habitación compartida mixta de 4 camas,3,persona que viaja sola,bien,,,7.0,2025-12-08,muy bien
the river hostel,irlanda,cama en habitación compartida mixta de 8 camas,2,pareja,fantástico,,,9.0,2025-12-07,muy bien
the river hostel,españa,litera en habitación compartida mixta de 12 camas,1,persona que viaja sola,muy bien,,,8.0,2025-12-03,muy bien
the river hostel,españa,litera en dormitorio compartido mixto con 10 camas,1,persona que viaja sola,muy bien,,,8.0,2025-12-02,muy bien
the river hostel,finlandia,litera en habitación compartida mixta de 12 camas,4,persona que viaja sola,bien,,,7.0,2025-11-25,muy bien
the river hostel,italia,litera en habitación compartida mixta de 12 camas,2,persona que viaja sola,fantástico,,,9.0,2025-11-21,muy bien
the river hostel,eslovenia,cama en habitación compartida mixta de 4 camas,3,grupo,muy bien,,,8.0,2025-11-20,muy bien
the river hostel,reino unido,litera en habitación compartida mixta de 12 camas,2,persona que viaja sola,muy bien,,,8.0,2025-11-11,muy bien
the river hostel,brasil,cama en habitación compartida mixta de 4 camas,7,persona que viaja sola,bien,,,7.0,2025-11-02,muy bien
the river hostel,españa,litera en dormitorio compartido mixto con 10 camas,4,persona que viaja sola,fantástico,,,9.0,2025-11-01,muy bien
the river hostel,bélgica,litera en habitación compartida mixta de 12 camas,4,persona que viaja sola,muy bien,,,8.0,2025-10-31,muy bien
the river hostel,españa,litera en habitación compartida mixta de 12 camas,2,persona que viaja sola,muy bien,,,8.0,2025-10-30,muy bien
the river hostel,ucrania,litera en habitación compartida mixta de 12 camas,1,persona que viaja sola,fantástico,,,9.0,2025-10-29,muy bien
the river hostel,estados unidos,litera en dormitorio compartido mixto con 10 camas,1,persona que viaja sola,fantástico,,,9.0,2025-10-24,muy bien
the river hostel,estados unidos,litera en una habitación compartida femenina,1,persona que viaja sola,muy bien,,,8.0,2025-10-24,muy bien
the river hostel,estados unidos,cama en habitación compartida mixta de 4 camas,2,persona que viaja sola,fantástico,,,9.0,2025-10-24,muy bien
the river hostel,estados unidos,cama en habitación compartida mixta de 6 camas,1,persona que viaja sola,fantástico,,,9.0,2025-10-24,muy bien
the river hostel,turquía,cama en habitación compartida mixta de 6 camas,1,persona que viaja sola,muy bien,,,8.0,2025-10-23,muy bien
the river hostel,irlanda,litera en una habitación compartida femenina,3,persona que viaja sola,fantástico,,,9.0,2025-10-18,muy bien
the river hostel,polonia,cama en habitación compartida mixta de 6 camas,5,grupo,bien,,,7.0,2025-10-14,muy bien
the river hostel,turquía,litera en dormitorio compartido mixto con 10 camas,3,persona que viaja sola,fantástico,,,9.0,2025-10-09,muy bien
the river hostel,alemania,litera en habitación compartida mixta de 12 camas,7,persona que viaja sola,bien,,,7.0,2025-10-09,muy bien
the river hostel,brasil,litera en dormitorio compartido mixto con 10 camas,2,persona que viaja sola,bien,,,7.0,2025-10-05,muy bien
the river hostel,españa,litera en dormitorio compartido mixto con 10 camas,5,persona que viaja sola,fantástico,,,9.0,2025-10-04,muy bien
the river hostel,estados unidos,litera en habitación compartida mixta de 12 camas,3,persona que viaja sola,fantástico,,,9.0,2025-10-04,muy bien
the river hostel,reino unido,litera en habitación compartida mixta de 12 camas,2,persona que viaja sola,fantástico,,,9.0,2025-10-01,muy bien
the river hostel,italia,cama en habitación compartida mixta de 4 camas,2,grupo,fantástico,,,9.0,2025-09-29,muy bien
the river hostel,italia,litera en una habitación compartida femenina,1,grupo,bien,,,7.0,2025-09-28,muy bien
the river hostel,japón,litera en una habitación compartida femenina,2,persona que viaja sola,fantástico,,,9.0,2025-09-28,muy bien
the river hostel,irlanda,litera en una habitación compartida femenina,2,persona que viaja sola,muy bien,,,8.0,2025-09-25,muy bien
the river hostel,brasil,litera en dormitorio compartido mixto con 10 camas,3,persona que viaja sola,fantástico,,,9.0,2025-09-25,muy bien
the river hostel,india,cama en habitación compartida mixta de 6 camas,2,persona que viaja sola,muy bien,,,8.0,2025-09-21,muy bien
the river hostel,australia,litera en habitación compartida mixta de 12 camas,2,persona que viaja sola,muy bien,,,8.0,2025-09-19,muy bien
the river hostel,macedonia del norte,litera en habitación compartida mixta de 12 camas,5,persona que viaja sola,bien,,,7.0,2025-09-18,muy bien
the river hostel,italia,cama en habitación compartida mixta de 6 camas,5,persona que viaja sola,bien,,,7.0,2025-09-15,muy bien
the river hostel,italia,litera en habitación compartida mixta de 12 camas,3,grupo,muy bien,,,8.0,2025-09-13,muy bien
the river hostel,canadá,cama en habitación compartida mixta de 8 camas,1,persona que viaja sola,muy bien,,,8.0,2025-09-13,muy bien
the river hostel,reino unido,litera en habitación compartida mixta de 12 camas,2,persona que viaja sola,fantástico,,,9.0,2025-09-11,muy bien
the river hostel,italia,cama en habitación compartida mixta de 6 camas,5,grupo,muy bien,,,8.0,2025-09-06,muy bien
the river hostel,turquía,cama en habitación compartida mixta de 4 camas,2,persona que viaja sola,muy bien,,,8.0,2025-08-28,muy bien
the river hostel,españa,litera en habitación compartida mixta de 12 camas,2,familia,fantástico,,,9.0,2025-08-23,muy bien
the river hostel,australia,litera en una habitación compartida femenina,2,persona que viaja sola,bien,,,7.0,2025-08-21,muy bien
the river hostel,israel,cama en habitación compartida mixta de 4 camas,3,persona que viaja sola,muy bien,,,8.0,2025-08-21,muy bien
the river hostel,españa,cama en habitación compartida mixta de 4 camas,2,persona que viaja sola,"perfect service, clean rooms, perfect localisation, the staff is very nice. i will come back.",,,9.0,2025-08-20,muy bien
the river hostel,españa,litera en una habitación compartida femenina,1,persona que viaja sola,bien,,,7.0,2025-08-20,muy bien
the river hostel,estados unidos,litera en habitación compartida mixta de 12 camas,3,persona que viaja sola,muy bien,,,8.0,2025-08-14,muy bien
the river hostel,reino unido,litera en dormitorio compartido mixto con 10 camas,3,persona que viaja sola,bien,,,7.0,2025-08-13,muy bien
the river hostel,australia,litera en dormitorio compartido mixto con 10 camas,1,grupo,fantástico,,,9.0,2025-08-13,muy bien
the river hostel,estados unidos,litera en una habitación compartida femenina,2,grupo,fantástico,,,9.0,2025-08-11,muy bien
the river hostel,reino unido,litera en habitación compartida mixta de 12 camas,4,grupo,bien,,,7.0,2025-08-09,muy bien
the river hostel,españa,litera en una habitación compartida femenina,1,familia,fantástico,,,9.0,2025-08-04,muy bien
the river hostel,tailandia,litera en dormitorio compartido mixto con 10 camas,1,persona que viaja sola,fantástico,,,9.0,2025-08-01,muy bien
the river hostel,jordania,cama en habitación compartida mixta de 8 camas,1,persona que viaja sola,muy bien,,,8.0,2025-07-29,muy bien
the river hostel,marruecos,litera en habitación compartida mixta de 12 camas,1,persona que viaja sola,fantástico,,,9.0,2025-07-28,muy bien
the river hostel,brasil,litera en habitación compartida mixta de 12 camas,3,persona que viaja sola,muy bien,,,8.0,2025-07-28,muy bien
the river hostel,australia,litera en habitación compartida mixta de 12 camas,3,persona que viaja sola,bien,,,7.0,2025-07-23,muy bien
the river hostel,italia,cama en habitación compartida mixta de 4 camas,1,persona que viaja sola,muy bien,,,8.0,2025-07-22,muy bien
the river hostel,canadá,litera en dormitorio compartido mixto con 10 camas,3,persona que viaja sola,bien,,,7.0,2025-07-21,muy bien
the river hostel,irlanda,litera en habitación compartida mixta de 12 camas,10,persona que viaja sola,bien,,,7.0,2025-07-19,muy bien
the river hostel,francia,litera en una habitación compartida femenina,1,persona que viaja sola,fantástico,,,9.0,2025-07-14,muy bien
the river hostel,méxico,litera en una habitación compartida femenina,4,persona que viaja sola,fantástico,,,9.0,2025-07-14,muy bien
the river hostel,francia,litera en una habitación compartida femenina,4,persona que viaja sola,muy bien,,,8.0,2025-07-12,muy bien
the river hostel,sri lanka,cama en habitación compartida mixta de 6 camas,4,persona que viaja sola,muy bien,,,8.0,2025-07-12,muy bien
the river hostel,reino unido,litera en habitación compartida mixta de 12 camas,2,pareja,fantástico,,,9.0,2025-07-11,muy bien
the river hostel,chipre,litera en habitación compartida mixta de 12 camas,1,pareja,muy bien,,,8.0,2025-07-10,muy bien
the river hostel,marruecos,litera en habitación compartida mixta de 12 camas,2,persona que viaja sola,fantástico,,,9.0,2025-07-08,muy bien
the river hostel,australia,cama en habitación compartida mixta de 6 camas,2,persona que viaja sola,muy bien,,,8.0,2025-07-08,muy bien
the river hostel,ucrania,cama en habitación compartida mixta de 4 camas,2,persona que viaja sola,fantástico,,,9.0,2025-07-07,muy bien
the river hostel,francia,litera en una habitación compartida femenina,5,persona que viaja sola,bien,,,7.0,2025-07-06,muy bien
the river hostel,alemania,litera en una habitación compartida femenina,3,persona que viaja sola,bien,,,7.0,2025-07-06,muy bien
the river hostel,australia,litera en una habitación compartida femenina,3,grupo,bien,,,7.0,2025-07-05,muy bien
the river hostel,reino unido,cama en habitación compartida mixta de 8 camas,1,persona que viaja sola,muy bien,,,8.0,2025-07-01,muy bien
the river hostel,portugal,litera en una habitación compartida femenina,1,persona que viaja sola,muy bien,,,8.0,2025-06-19,muy bien
the river hostel,estados unidos,cama en habitación compartida mixta de 8 camas,2,persona que viaja sola,bien,,,7.0,2025-06-12,muy bien
the river hostel,estados unidos,cama en habitación compartida mixta de 6 camas,1,persona que viaja sola,muy bien,,,8.0,2025-06-12,muy bien
the river hostel,alemania,litera en habitación compartida mixta de 12 camas,2,persona que viaja sola,muy bien,,,8.0,2025-06-11,muy bien
the river hostel,alemania,litera en habitación compartida mixta de 12 camas,1,persona que viaja sola,muy bien,,,8.0,2025-06-10,muy bien
the river hostel,bélgica,litera en habitación compartida mixta de 12 camas,2,grupo,bien,,,7.0,2025-06-10,muy bien
the river hostel,canadá,litera en dormitorio compartido mixto con 10 camas,4,persona que viaja sola,fantástico,,,9.0,2025-06-08,muy bien
the river hostel,españa,litera en dormitorio compartido mixto con 10 camas,2,grupo,fantástico,,,9.0,2025-06-06,muy bien
the river hostel,marruecos,litera en habitación compartida mixta de 12 camas,2,persona que viaja sola,fantástico,,,9.0,2025-06-04,muy bien
the river hostel,ucrania,litera en dormitorio compartido mixto con 10 camas,7,persona que viaja sola,muy bien,,,8.0,2025-05-31,muy bien
the river hostel,reino unido,litera en habitación compartida mixta de 12 camas,3,grupo,muy bien,,,8.0,2025-05-29,muy bien
the river hostel,estados unidos,litera en una habitación compartida femenina,1,persona que viaja sola,fantástico,,,9.0,2025-05-28,muy bien
the river hostel,italia,litera en habitación compartida mixta de 12 camas,1,persona que viaja sola,muy bien,,,8.0,2025-05-28,muy bien
the river hostel,españa,litera en una habitación compartida femenina,2,persona que viaja sola,fantástico,,,9.0,2025-05-25,muy bien
the river hostel,españa,cama en habitación compartida mixta de 4 camas,1,persona que viaja sola,bien,,,7.0,2025-05-19,muy bien
the river hostel,australia,litera en una habitación compartida femenina,4,persona que viaja sola,fantástico,,,9.0,2025-05-19,muy bien
the river hostel,españa,litera en habitación compartida mixta de 12 camas,2,grupo,fantástico,,,9.0,2025-05-17,muy bien
the river hostel,estonia,litera en dormitorio compartido mixto con 10 camas,2,persona que viaja sola,fantástico,,,9.0,2025-05-15,muy bien
the river hostel,tailandia,litera en dormitorio compartido mixto con 10 camas,3,persona que viaja sola,fantástico,,,9.0,2025-05-14,muy bien
the river hostel,argelia,cama en habitación compartida mixta de 8 camas,1,persona que viaja sola,muy bien,,,8.0,2025-05-12,muy bien
the river hostel,brasil,cama en habitación compartida mixta de 4 camas,3,persona que viaja sola,bien,,,7.0,2025-05-10,muy bien
the river hostel,arabia saudí,cama en habitación compartida mixta de 6 camas,1,persona que viaja sola,muy bien,,,8.0,2025-05-09,muy bien
the river hostel,reino unido,cama en habitación compartida mixta de 4 camas,1,persona que viaja sola,muy bien,,,8.0,2025-05-06,muy bien
the river hostel,chile,cama en habitación compartida mixta de 4 camas,2,persona que viaja sola,fantástico,,,9.0,2025-04-26,muy bien
the river hostel,francia,litera en una habitación compartida femenina,1,grupo,muy bien,,,8.0,2025-04-22,muy bien
the river hostel,eslovaquia,litera en habitación compartida mixta de 12 camas,3,persona que viaja sola,decent value for money experience.,,,7.0,2025-04-15,muy bien
the river hostel,emiratos árabes unidos,litera en habitación compartida mixta de 12 camas,2,persona que viaja sola,fantástico,,,9.0,2025-04-11,muy bien
the river hostel,alemania,litera en habitación compartida mixta de 12 camas,1,persona que viaja sola,bien,,,7.0,2025-04-11,muy bien
the river hostel,indonesia,litera en dormitorio compartido mixto con 10 camas,2,grupo,fantástico,,,9.0,2025-04-07,muy bien
the river hostel,francia,cama en habitación compartida mixta de 4 camas,2,persona que viaja sola,fantástico,,,9.0,2025-04-06,muy bien
the river hostel,túnez,litera en una habitación compartida femenina,2,persona que viaja sola,bien,,,7.0,2025-04-02,muy bien
the river hostel,hungría,litera en una habitación compartida femenina,3,persona que viaja sola,muy bien,,,8.0,2025-03-31,muy bien
the river hostel,bélgica,litera en dormitorio compartido mixto con 10 camas,2,persona que viaja sola,muy bien,,,8.0,2025-03-30,muy bien
the river hostel,reino unido,litera en dormitorio compartido mixto con 10 camas,2,grupo,fantástico,,,9.0,2025-03-28,muy bien
the river hostel,reino unido,litera en una habitación compartida femenina,1,persona que viaja sola,muy bien,,,8.0,2025-03-26,muy bien
the river hostel,irlanda,litera en habitación compartida mixta de 12 camas,2,persona que viaja sola,muy bien,,,8.0,2025-03-25,muy bien
the river hostel,irlanda,litera en dormitorio compartido mixto con 10 camas,3,persona que viaja sola,fantástico,,,9.0,2025-03-23,muy bien
the river hostel,ucrania,litera en habitación compartida mixta de 12 camas,1,persona que viaja sola,muy bien,,,8.0,2025-03-21,muy bien
the river hostel,japón,litera en habitación compartida mixta de 12 camas,1,persona que viaja sola,muy bien,,,8.0,2025-03-20,muy bien
the river hostel,francia,litera en habitación compartida mixta de 12 camas,1,persona que viaja sola,fantástico,,,9.0,2025-03-15,muy bien
the river hostel,portugal,cama en habitación compartida mixta de 4 camas,1,persona que viaja sola,bien,,,7.0,2025-03-09,muy bien
the river hostel,japón,cama en habitación compartida mixta de 8 camas,2,persona que viaja sola,muy bien,,,8.0,2025-03-08,muy bien
the river hostel,reino unido,litera en habitación compartida mixta de 12 camas,6,persona que viaja sola,muy bien,,,8.0,2025-03-07,muy bien
the river hostel,reino unido,litera en habitación compartida mixta de 12 camas,2,persona que viaja sola,muy bien,,,8.0,2025-02-28,muy bien
the river hostel,turquía,cama en habitación compartida mixta de 4 camas,2,persona que viaja sola,fantástico,,,9.0,2025-02-28,muy bien
the river hostel,bélgica,litera en habitación compartida mixta de 12 camas,2,persona que viaja sola,fantástico,,,9.0,2025-02-25,muy bien
the river hostel,estados unidos,litera en dormitorio compartido mixto con 10 camas,3,persona que viaja sola,fantástico,,,9.0,2025-02-25,muy bien
the river hostel,países bajos,cama en habitación compartida mixta de 4 camas,1,persona que viaja sola,fantástico,,,9.0,2025-02-24,muy bien
the river hostel,irlanda,litera en habitación compartida mixta de 12 camas,7,persona que viaja sola,muy bien,,,8.0,2025-02-20,muy bien
the river hostel,egipto,litera en habitación compartida mixta de 12 camas,1,persona que viaja sola,muy bien,,,8.0,2025-02-19,muy bien
the river hostel,hungría,litera en habitación compartida mixta de 12 camas,3,persona que viaja sola,muy bien,,,8.0,2025-02-17,muy bien
the river hostel,países bajos,cama en habitación compartida mixta de 6 camas,3,persona que viaja sola,muy bien,,,8.0,2025-02-14,muy bien
the river hostel,alemania,litera en habitación compartida mixta de 12 camas,1,persona que viaja sola,muy bien,,,8.0,2025-02-09,muy bien
the river hostel,reino unido,litera en habitación compartida mixta de 12 camas,1,persona que viaja sola,bien,,,7.0,2025-02-09,muy bien
the river hostel,reino unido,litera en una habitación compartida femenina,3,persona que viaja sola,bien,,,7.0,2025-02-07,muy bien
the river hostel,colombia,litera en habitación compartida mixta de 12 camas,3,persona que viaja sola,muy bien,,,8.0,2025-02-03,muy bien
the river hostel,argentina,cama en habitación compartida mixta de 4 camas,3,persona que viaja sola,fantástico,,,9.0,2025-01-28,muy bien
the river hostel,italia,litera en una habitación compartida femenina,7,persona que viaja sola,muy bien,,,8.0,2025-01-27,muy bien
the river hostel,kenia,cama en habitación compartida mixta de 8 camas,1,persona que viaja sola,bien,,,7.0,2025-01-25,muy bien
the river hostel,marruecos,litera en habitación compartida mixta de 12 camas,2,persona que viaja sola,muy bien,,,8.0,2025-01-25,muy bien
the river hostel,marruecos,cama en habitación compartida mixta de 4 camas,3,grupo,muy bien,,,8.0,2025-01-20,muy bien
the river hostel,malta,litera en una habitación compartida femenina,1,persona que viaja sola,fantástico,,,9.0,2025-01-16,muy bien
the river hostel,irlanda,cama en habitación compartida mixta de 6 camas,1,persona que viaja sola,fantástico,,,9.0,2025-01-09,muy bien
the river hostel,italia,litera en habitación compartida mixta de 12 camas,1,pareja,muy bien,,,8.0,2024-12-29,muy bien
the river hostel,bosnia y herzegovina,litera en dormitorio compartido mixto con 10 camas,3,persona que viaja sola,fantástico,,,9.0,2024-12-27,muy bien
the river hostel,reino unido,cama en habitación compartida mixta de 6 camas,1,persona que viaja sola,muy bien,,,8.0,2024-12-26,muy bien
the river hostel,italia,litera en habitación compartida mixta de 12 camas,2,persona que viaja sola,muy bien,,,8.0,2024-12-21,muy bien
the river hostel,alemania,cama en habitación compartida mixta de 4 camas,1,persona que viaja sola,muy bien,,,8.0,2024-12-20,muy bien
the river hostel,egipto,litera en habitación compartida mixta de 12 camas,3,persona que viaja sola,muy bien,,,8.0,2024-12-16,muy bien
the river hostel,eslovenia,litera en una habitación compartida femenina,7,persona que viaja sola,muy bien,,,8.0,2024-12-13,muy bien
the river hostel,polonia,litera en una habitación compartida femenina,4,persona que viaja sola,bien,,,7.0,2024-12-13,muy bien
the river hostel,territorio palestino,cama en habitación compartida mixta de 8 camas,2,persona que viaja sola,muy bien,,,8.0,2024-12-10,muy bien
the river hostel,malta,litera en una habitación compartida femenina,2,persona que viaja sola,muy bien,,,8.0,2024-12-10,muy bien
the river hostel,francia,litera en dormitorio compartido mixto con 10 camas,2,grupo,muy bien,,,8.0,2024-12-08,muy bien
the river hostel,finlandia,litera en habitación compartida mixta de 12 camas,4,persona que viaja sola,muy bien,,,8.0,2024-12-06,muy bien
the river hostel,polonia,litera en dormitorio compartido mixto con 10 camas,4,pareja,muy bien,,,8.0,2024-12-05,muy bien
the river hostel,países bajos,litera en una habitación compartida femenina,3,persona que viaja sola,muy bien,,,8.0,2024-12-02,muy bien
the river hostel,reino unido,cama en habitación compartida mixta de 4 camas,1,persona que viaja sola,muy bien,,,8.0,2024-12-02,muy bien
the river hostel,italia,litera en habitación compartida mixta de 12 camas,2,persona que viaja sola,fantástico,,,9.0,2024-11-28,muy bien
the river hostel,ucrania,cama en habitación compartida mixta de 6 camas,2,persona que viaja sola,muy bien,,,8.0,2024-11-20,muy bien
the river hostel,francia,litera en dormitorio compartido mixto con 10 camas,5,persona que viaja sola,bien,,,7.0,2024-11-09,muy bien
the river hostel,macedonia del norte,litera en dormitorio compartido mixto con 10 camas,6,grupo,muy bien,,,8.0,2024-11-08,muy bien
the river hostel,españa,litera en una habitación compartida femenina,2,persona que viaja sola,muy bien,,,8.0,2024-11-06,muy bien
the river hostel,estados unidos,litera en habitación compartida mixta de 12 camas,2,persona que viaja sola,muy bien,,,8.0,2024-11-05,muy bien
the river hostel,italia,cama en habitación compartida mixta de 4 camas,1,persona que viaja sola,muy bien,,,8.0,2024-11-01,muy bien
the river hostel,brasil,cama en habitación compartida mixta de 6 camas,3,persona que viaja sola,muy bien,,,8.0,2024-10-28,muy bien
the river hostel,brasil,litera en una habitación compartida femenina,3,grupo,muy bien,,,8.0,2024-10-27,muy bien
the river hostel,marruecos,litera en dormitorio compartido mixto con 10 camas,2,persona que viaja sola,bien,,,7.0,2024-10-26,muy bien
the river hostel,colombia,litera en dormitorio compartido mixto con 10 camas,2,grupo,muy bien,,,8.0,2024-10-26,muy bien
the river hostel,reino unido,litera en una habitación compartida femenina,4,persona que viaja sola,muy bien,,,8.0,2024-10-25,muy bien
the river hostel,españa,litera en dormitorio compartido mixto con 10 camas,2,persona que viaja sola,fantástico,,,9.0,2024-10-24,muy bien
the river hostel,letonia,litera en dormitorio compartido mixto con 10 camas,1,persona que viaja sola,muy bien,,,8.0,2024-10-22,muy bien
the river hostel,estados unidos,cama en habitación compartida mixta de 4 camas,1,persona que viaja sola,muy bien,,,8.0,2024-10-17,muy bien
the river hostel,reino unido,cama en habitación compartida mixta de 8 camas,1,persona que viaja sola,muy bien,,,8.0,2024-10-15,muy bien
the river hostel,irlanda,litera en una habitación compartida femenina,3,persona que viaja sola,muy bien,,,8.0,2024-10-13,muy bien
the river hostel,irak,litera en dormitorio compartido mixto con 10 camas,1,persona que viaja sola,fantástico,,,9.0,2024-10-12,muy bien
the river hostel,bélgica,cama en habitación compartida mixta de 4 camas,2,persona que viaja sola,fantástico,,,9.0,2024-10-08,muy bien
the river hostel,pakistán,litera en una habitación compartida femenina,2,persona que viaja sola,fantástico,,,9.0,2024-09-30,muy bien
the river hostel,bélgica,litera en una habitación compartida femenina,1,persona que viaja sola,muy bien,,,8.0,2024-09-26,muy bien
the river hostel,egipto,litera en dormitorio compartido mixto con 10 camas,2,persona que viaja sola,muy bien,,,8.0,2024-09-24,muy bien
the river hostel,reino unido,litera en habitación compartida mixta de 12 camas,2,pareja,fantástico,,,9.0,2024-09-24,muy bien
the river hostel,reino unido,litera en habitación compartida mixta de 12 camas,1,persona que viaja sola,muy bien,,,8.0,2024-09-23,muy bien
the river hostel,italia,litera en una habitación compartida femenina,4,grupo,muy bien,,,8.0,2024-09-22,muy bien
the river hostel,marruecos,cama en habitación compartida mixta de 6 camas,3,persona que viaja sola,bien,,,7.0,2024-09-11,muy bien
the river hostel,irlanda,litera en habitación compartida mixta de 12 camas,2,persona que viaja sola,muy bien,,,8.0,2024-09-11,muy bien
the river hostel,irlanda,litera en habitación compartida mixta de 12 camas,1,persona que viaja sola,muy bien,,,8.0,2024-09-11,muy bien
the river hostel,méxico,cama en habitación compartida mixta de 4 camas,3,persona que viaja sola,muy bien,,,8.0,2024-09-04,muy bien
the river hostel,países bajos,cama en habitación compartida mixta de 4 camas,2,persona que viaja sola,muy bien,,,8.0,2024-09-04,muy bien
the river hostel,grecia,litera en habitación compartida mixta de 12 camas,1,persona que viaja sola,muy bien,,,8.0,2024-09-01,muy bien
the river hostel,reino unido,litera en dormitorio compartido mixto con 10 camas,2,persona que viaja sola,fantástico,,,9.0,2024-09-01,muy bien
the river hostel,suiza,litera en una habitación compartida femenina,3,grupo,fantástico,,,9.0,2024-08-31,muy bien
the river hostel,italia,litera en dormitorio compartido mixto con 10 camas,3,persona que viaja sola,fantástico,,,9.0,2024-08-27,muy bien
the river hostel,alemania,cama en habitación compartida mixta de 6 camas,1,persona que viaja sola,bien,,,7.0,2024-08-26,muy bien
the river hostel,malta,cama en habitación compartida mixta de 4 camas,1,persona que viaja sola,fantástico,,,9.0,2024-08-14,muy bien
the river hostel,españa,litera en dormitorio compartido mixto con 10 camas,2,persona que viaja sola,fantástico,,,9.0,2024-08-12,muy bien
the river hostel,finlandia,litera en dormitorio compartido mixto con 10 camas,2,persona que viaja sola,bien,,,7.0,2024-08-08,muy bien
the river hostel,países bajos,cama en habitación compartida mixta de 6 camas,3,persona que viaja sola,fantástico,,,9.0,2024-08-08,muy bien
the river hostel,croacia,cama en habitación compartida mixta de 4 camas,9,persona que viaja sola,fantástico,,,9.0,2024-08-08,muy bien
the river hostel,brasil,cama en habitación compartida mixta de 6 camas,5,grupo,muy bien,,,8.0,2024-08-04,muy bien
the river hostel,españa,litera en habitación compartida mixta de 12 camas,1,persona que viaja sola,fantástico,,,9.0,2024-08-04,muy bien
the river hostel,hungría,cama en habitación compartida mixta de 6 camas,3,persona que viaja sola,muy bien,,,8.0,2024-08-03,muy bien
the river hostel,suiza,cama en habitación compartida mixta de 8 camas,2,grupo,bien,,,7.0,2024-07-29,muy bien
the river hostel,italia,litera en dormitorio compartido mixto con 10 camas,4,grupo,fantástico,,,9.0,2024-07-26,muy bien
the river hostel,canadá,litera en una habitación compartida femenina,2,persona que viaja sola,fantástico,,,9.0,2024-07-26,muy bien
the river hostel,australia,litera en habitación compartida mixta de 12 camas,3,persona que viaja sola,fantástico,,,9.0,2024-07-25,muy bien
the river hostel,españa,litera en habitación compartida mixta de 12 camas,1,persona que viaja sola,muy bien,,,8.0,2024-07-23,muy bien
the river hostel,australia,litera en una habitación compartida femenina,2,persona que viaja sola,muy bien,,,8.0,2024-07-21,muy bien
the river hostel,méxico,litera en habitación compartida mixta de 12 camas,4,persona que viaja sola,muy bien,,,8.0,2024-07-18,muy bien
the river hostel,italia,litera en dormitorio compartido mixto con 10 camas,2,persona que viaja sola,muy bien,,,8.0,2024-07-15,muy bien
the river hostel,bulgaria,litera en habitación compartida mixta de 12 camas,1,persona que viaja sola,bien,,,7.0,2024-07-13,muy bien
the river hostel,lituania,cama en habitación compartida mixta de 8 camas,1,persona que viaja sola,muy bien,,,8.0,2024-07-13,muy bien
the river hostel,irlanda,cama en habitación compartida mixta de 6 camas,2,persona que viaja sola,bien,,,7.0,2024-07-13,muy bien
the river hostel,portugal,litera en dormitorio compartido mixto con 10 camas,3,persona que viaja sola,muy bien,,,8.0,2024-07-12,muy bien
the river hostel,francia,litera en una habitación compartida femenina,7,persona que viaja sola,fantástico,,,9.0,2024-07-09,muy bien
the river hostel,españa,cama en habitación compartida mixta de 6 camas,1,persona que viaja sola,muy bien,,,8.0,2024-07-07,muy bien
the river hostel,polonia,cama en habitación compartida mixta de 4 camas,4,persona que viaja sola,muy bien,,,8.0,2024-07-03,muy bien
the river hostel,albania,cama en habitación compartida mixta de 4 camas,5,persona que viaja sola,fantástico,,,9.0,2024-07-02,muy bien
the river hostel,irlanda,cama en habitación compartida mixta de 8 camas,1,persona que viaja sola,fantástico,,,9.0,2024-07-02,muy bien
the river hostel,portugal,litera en habitación compartida mixta de 12 camas,4,persona que viaja sola,muy bien,,,8.0,2024-06-26,muy bien
the river hostel,australia,litera en habitación compartida mixta de 12 camas,2,persona que viaja sola,muy bien,,,8.0,2024-06-25,muy bien
the river hostel,portugal,cama en habitación compartida mixta de 8 camas,1,persona que viaja sola,muy bien,,,8.0,2024-06-21,muy bien
the river hostel,hungría,cama en habitación compartida mixta de 4 camas,2,persona que viaja sola,muy bien,,,8.0,2024-06-16,muy bien
the river hostel,india,cama en habitación compartida mixta de 8 camas,2,persona que viaja sola,muy bien,,,8.0,2024-06-15,muy bien
the river hostel,alemania,litera en habitación compartida mixta de 12 camas,2,persona que viaja sola,very nice and clean hostel for the offered price.,,,8.0,2024-06-14,muy bien
the river hostel,japón,litera en una habitación compartida femenina,2,persona que viaja sola,muy bien,,,8.0,2024-06-12,muy bien
the river hostel,españa,cama en habitación compartida mixta de 6 camas,1,persona que viaja sola,fantástico,,,9.0,2024-06-11,muy bien
the river hostel,países bajos,litera en dormitorio compartido mixto con 10 camas,8,persona que viaja sola,muy bien,,,8.0,2024-06-10,muy bien
the river hostel,rumanía,cama en habitación compartida mixta de 8 camas,2,persona que viaja sola,fantástico,,,9.0,2024-06-09,muy bien
the river hostel,albania,litera en dormitorio compartido mixto con 10 camas,6,persona que viaja sola,fantástico,,,9.0,2024-06-05,muy bien
the river hostel,reino unido,cama en habitación compartida mixta de 8 camas,2,persona que viaja sola,fantástico,,,9.0,2024-06-05,muy bien
the river hostel,alemania,litera en habitación compartida mixta de 12 camas,1,persona que viaja sola,bien,,,7.0,2024-05-28,muy bien
the river hostel,australia,litera en una habitación compartida femenina,2,persona que viaja sola,fantástico,,,9.0,2024-05-26,muy bien
the river hostel,bélgica,cama en habitación compartida mixta de 8 camas,2,persona que viaja sola,muy bien,,,8.0,2024-05-25,muy bien
the river hostel,españa,cama en habitación compartida mixta de 4 camas,1,persona que viaja sola,fantástico,,,9.0,2024-05-23,muy bien
the river hostel,italia,litera en dormitorio compartido mixto con 10 camas,1,grupo,bien,,,7.0,2024-05-21,muy bien
the river hostel,eslovenia,litera en una habitación compartida femenina,1,persona que viaja sola,bien,,,7.0,2024-05-19,muy bien
the river hostel,italia,cama en habitación compartida mixta de 6 camas,2,persona que viaja sola,muy bien,,,8.0,2024-05-17,muy bien
the river hostel,finlandia,cama en habitación compartida mixta de 4 camas,2,persona que viaja sola,fantástico,,,9.0,2024-05-15,muy bien
the river hostel,españa,litera en habitación compartida mixta de 12 camas,2,persona que viaja sola,muy bien,,,8.0,2024-05-12,muy bien
the river hostel,indonesia,cama en habitación compartida mixta de 6 camas,1,persona que viaja sola,fantástico,,,9.0,2024-05-12,muy bien
the river hostel,reino unido,litera en habitación compartida mixta de 12 camas,5,persona que viaja sola,muy bien,,,8.0,2024-05-11,muy bien
the river hostel,irlanda,cama en habitación compartida mixta de 6 camas,1,persona que viaja sola,muy bien,,,8.0,2024-05-10,muy bien
the river hostel,reino unido,litera en habitación compartida mixta de 12 camas,1,persona que viaja sola,muy bien,,,8.0,2024-05-07,muy bien
the river hostel,alemania,cama en habitación compartida mixta de 8 camas,5,persona que viaja sola,fantástico,,,9.0,2024-05-06,muy bien
the river hostel,ucrania,litera en una habitación compartida femenina,1,persona que viaja sola,bien,,,7.0,2024-05-06,muy bien
the river hostel,francia,litera en una habitación compartida femenina,2,persona que viaja sola,bien,,,7.0,2024-05-05,muy bien
the river hostel,italia,litera en una habitación compartida femenina,2,persona que viaja sola,muy bien,,,8.0,2024-05-01,muy bien
the river hostel,china,litera en una habitación compartida femenina,3,persona que viaja sola,muy bien,,,8.0,2024-04-29,muy bien
the river hostel,rusia,litera en una habitación compartida femenina,3,persona que viaja sola,bien,,,7.0,2024-04-25,muy bien
the river hostel,reino unido,litera en una habitación compartida femenina,3,persona que viaja sola,muy bien,,,8.0,2024-04-23,muy bien
the river hostel,países bajos,litera en una habitación compartida femenina,3,persona que viaja sola,muy bien,,,8.0,2024-04-22,muy bien
the river hostel,italia,litera en una habitación compartida femenina,1,persona que viaja sola,bien,,,7.0,2024-04-17,muy bien
the river hostel,españa,litera en habitación compartida mixta de 12 camas,3,grupo,fantástico,,,9.0,2024-04-17,muy bien
the river hostel,argentina,litera en habitación compartida mixta de 12 camas,1,persona que viaja sola,bien,,,7.0,2024-04-17,muy bien
the river hostel,españa,litera en dormitorio compartido mixto con 10 camas,2,grupo,fantástico,,,9.0,2024-04-15,muy bien
the river hostel,turquía,litera en habitación compartida mixta de 12 camas,1,persona que viaja sola,fantástico,,,9.0,2024-04-15,muy bien
the river hostel,francia,cama en habitación compartida mixta de 4 camas,4,persona que viaja sola,muy bien,,,8.0,2024-04-12,muy bien
the river hostel,españa,litera en una habitación compartida femenina,1,persona que viaja sola,muy bien,,,8.0,2024-04-10,muy bien
the river hostel,españa,litera en una habitación compartida femenina,1,persona que viaja sola,muy bien,,,8.0,2024-04-10,muy bien
the river hostel,australia,litera en una habitación compartida femenina,4,persona que viaja sola,fantástico,,,9.0,2024-04-04,muy bien
the river hostel,españa,litera en dormitorio compartido mixto con 10 camas,2,persona que viaja sola,muy bien,,,8.0,2024-04-04,muy bien
the river hostel,reino unido,litera en habitación compartida mixta de 12 camas,4,persona que viaja sola,fantástico,,,9.0,2024-03-31,muy bien
the river hostel,turquía,litera en una habitación compartida femenina,3,persona que viaja sola,bien,,,7.0,2024-03-31,muy bien
the river hostel,reino unido,litera en una habitación compartida femenina,2,grupo,bien,,,7.0,2024-03-30,muy bien
the river hostel,españa,litera en habitación compartida mixta de 12 camas,1,persona que viaja sola,fantástico,,,9.0,2024-03-27,muy bien
the river hostel,portugal,litera en dormitorio compartido mixto con 10 camas,2,persona que viaja sola,muy bien,,,8.0,2024-03-10,muy bien
the river hostel,portugal,litera en dormitorio compartido mixto con 10 camas,1,persona que viaja sola,muy bien,,,8.0,2024-03-06,muy bien
the river hostel,reino unido,litera en dormitorio compartido mixto con 10 camas,5,persona que viaja sola,fantástico,,,9.0,2024-03-02,muy bien
the river hostel,estados unidos,litera en habitación compartida mixta de 12 camas,2,persona que viaja sola,bien,,,7.0,2024-03-01,muy bien
the river hostel,países bajos,cama en habitación compartida mixta de 6 camas,2,pareja,muy bien,,,8.0,2024-03-01,muy bien
the river hostel,reino unido,litera en una habitación compartida femenina,1,persona que viaja sola,muy bien,,,8.0,2024-02-28,muy bien
the river hostel,argentina,litera en una habitación compartida femenina,2,persona que viaja sola,muy bien,,,8.0,2024-02-22,muy bien
the river hostel,reino unido,litera en habitación compartida mixta de 12 camas,1,persona que viaja sola,muy bien,,,8.0,2024-02-21,muy bien
the river hostel,portugal,litera en una habitación compartida femenina,2,grupo,muy bien,,,8.0,2024-02-21,muy bien
the river hostel,australia,litera en una habitación compartida femenina,1,persona que viaja sola,bien,,,7.0,2024-02-18,muy bien
the river hostel,eslovaquia,litera en habitación compartida mixta de 12 camas,1,familia,bien,,,7.0,2024-02-09,muy bien
the river hostel,alemania,litera en una habitación compartida femenina,3,persona que viaja sola,fantástico,,,9.0,2024-02-09,muy bien
the river hostel,reino unido,litera en habitación compartida mixta de 12 camas,10,persona que viaja sola,muy bien,,,8.0,2024-02-07,muy bien
the river hostel,bélgica,cama en habitación compartida mixta de 8 camas,2,persona que viaja sola,muy bien,,,8.0,2024-02-05,muy bien
the river hostel,eslovenia,litera en habitación compartida mixta de 12 camas,4,familia,muy bien,,,8.0,2024-02-04,muy bien
the river hostel,grecia,litera en una habitación compartida femenina,2,persona que viaja sola,fantástico,,,9.0,2024-02-03,muy bien
the river hostel,francia,litera en dormitorio compartido mixto con 10 camas,5,persona que viaja sola,fantástico,,,9.0,2024-01-30,muy bien
the river hostel,macedonia del norte,cama en habitación compartida mixta de 8 camas,1,persona que viaja sola,fantástico,,,9.0,2024-01-29,muy bien
the river hostel,canadá,litera en habitación compartida mixta de 12 camas,3,persona que viaja sola,bien,,,7.0,2024-01-29,muy bien
the river hostel,reino unido,litera en una habitación compartida femenina,3,persona que viaja sola,fantástico,,,9.0,2024-01-27,muy bien
the river hostel,portugal,litera en dormitorio compartido mixto con 10 camas,1,persona que viaja sola,fantástico,,,9.0,2024-01-25,muy bien
the river hostel,bélgica,litera en una habitación compartida femenina,2,persona que viaja sola,bien,,,7.0,2024-01-22,muy bien
the river hostel,reino unido,cama en habitación compartida mixta de 8 camas,3,grupo,muy bien,,,8.0,2024-01-19,muy bien
the river hostel,suecia,litera en habitación compartida mixta de 12 camas,2,persona que viaja sola,bien,,,7.0,2024-01-18,muy bien
the river hostel,españa,litera en habitación compartida mixta de 12 camas,2,pareja,muy bien,,,8.0,2024-01-15,muy bien
the river hostel,alemania,litera en dormitorio compartido mixto con 10 camas,2,grupo,muy bien,,,8.0,2024-01-15,muy bien
the river hostel,francia,cama en habitación compartida mixta de 4 camas,1,grupo,fantástico,,,9.0,2024-01-14,muy bien
the river hostel,egipto,litera en una habitación compartida femenina,3,persona que viaja sola,muy bien,,,8.0,2024-01-12,muy bien
the river hostel,italia,litera en dormitorio compartido mixto con 10 camas,2,persona que viaja sola,muy bien,,,8.0,2024-01-09,muy bien
the river hostel,rumanía,litera en habitación compartida mixta de 12 camas,4,persona que viaja sola,fantástico,,,9.0,2024-01-06,muy bien
the river hostel,bélgica,litera en dormitorio compartido mixto con 10 camas,4,persona que viaja sola,muy bien,,,8.0,2024-01-02,muy bien
the river hostel,españa,cama en habitación compartida mixta de 4 camas,3,persona que viaja sola,"excellent location. very close to the center,nord station and main attractions. very friendly staff.",,,8.0,2023-12-30,muy bien
the river hostel,nueva zelanda,cama en habitación compartida mixta de 8 camas,2,persona que viaja sola,bien,,,7.0,2023-12-29,muy bien
the river hostel,polonia,litera en habitación compartida mixta de 12 camas,1,persona que viaja sola,bien,,,7.0,2023-12-27,muy bien
the river hostel,irlanda,cama en habitación compartida mixta de 4 camas,1,persona que viaja sola,bien,,,7.0,2023-12-24,muy bien
the river hostel,serbia,cama en habitación compartida mixta de 4 camas,2,persona que viaja sola,fantástico,,,9.0,2023-12-24,muy bien
the river hostel,eslovenia,litera en una habitación compartida femenina,2,persona que viaja sola,muy bien,,,8.0,2023-12-22,muy bien
the river hostel,italia,litera en habitación compartida mixta de 12 camas,2,persona que viaja sola,fantástico,,,9.0,2023-12-22,muy bien
the river hostel,canadá,litera en una habitación compartida femenina,1,persona que viaja sola,bien,,,7.0,2023-12-19,muy bien
the river hostel,india,litera en una habitación compartida femenina,2,persona que viaja sola,fantástico,,,9.0,2023-12-17,muy bien
the river hostel,turquía,litera en una habitación compartida femenina,3,persona que viaja sola,bien,,,7.0,2023-12-13,muy bien
the river hostel,españa,litera en dormitorio compartido mixto con 10 camas,1,persona que viaja sola,muy bien,,,8.0,2023-12-11,muy bien
the river hostel,estados unidos,litera en una habitación compartida femenina,2,grupo,fantástico,,,9.0,2023-12-10,muy bien
the river hostel,alemania,cama en habitación compartida mixta de 4 camas,4,persona que viaja sola,bien,,,7.0,2023-12-09,muy bien
the river hostel,suecia,cama en habitación compartida mixta de 4 camas,3,persona que viaja sola,bien,,,7.0,2023-12-07,muy bien
the river hostel,ucrania,cama en habitación compartida mixta de 8 camas,2,persona que viaja sola,bien,,,7.0,2023-12-02,muy bien
the river hostel,países bajos,litera en una habitación compartida femenina,1,persona que viaja sola,muy bien,,,8.0,2023-11-27,muy bien
the river hostel,montenegro,litera en dormitorio compartido mixto con 10 camas,4,persona que viaja sola,muy bien,,,8.0,2023-11-23,muy bien
the river hostel,italia,litera en dormitorio compartido mixto con 10 camas,2,persona que viaja sola,fantástico,,,9.0,2023-11-22,muy bien
the river hostel,república checa,litera en una habitación compartida femenina,1,persona que viaja sola,muy bien,,,8.0,2023-11-19,muy bien
the river hostel,argentina,cama en habitación compartida mixta de 6 camas,2,persona que viaja sola,muy bien,,,8.0,2023-11-19,muy bien
the river hostel,reino unido,litera en dormitorio compartido mixto con 10 camas,3,persona que viaja sola,fantástico,,,9.0,2023-11-17,muy bien
the river hostel,república checa,cama en habitación compartida mixta de 6 camas,3,persona que viaja sola,muy bien,,,8.0,2023-11-13,muy bien
the river hostel,portugal,litera en dormitorio compartido mixto con 10 camas,3,persona que viaja sola,bien,,,7.0,2023-11-11,muy bien
the river hostel,lituania,litera en habitación compartida mixta de 12 camas,6,persona que viaja sola,muy bien,,,8.0,2023-11-10,muy bien
the river hostel,polonia,litera en habitación compartida mixta de 12 camas,3,grupo,bien,,,7.0,2023-11-07,muy bien
the river hostel,españa,litera en dormitorio compartido mixto con 10 camas,1,persona que viaja sola,bien,,,7.0,2023-11-06,muy bien
the river hostel,estados unidos,litera en habitación compartida mixta de 12 camas,1,persona que viaja sola,muy bien,,,8.0,2023-11-05,muy bien
the river hostel,países bajos,litera en habitación compartida mixta de 12 camas,3,persona que viaja sola,bien,,,7.0,2023-10-31,muy bien
the river hostel,filipinas,litera en dormitorio compartido mixto con 10 camas,2,persona que viaja sola,fantástico,,,9.0,2023-10-31,muy bien
the river hostel,alemania,cama en habitación compartida mixta de 4 camas,1,persona que viaja sola,bien,,,7.0,2023-10-30,muy bien
the river hostel,alemania,cama en habitación compartida mixta de 8 camas,1,persona que viaja sola,muy bien,,,8.0,2023-10-30,muy bien
the river hostel,alemania,litera en una habitación compartida femenina,2,persona que viaja sola,fantástico,,,9.0,2023-10-29,muy bien
the river hostel,australia,litera en una habitación compartida femenina,2,persona que viaja sola,fantástico,,,9.0,2023-10-29,muy bien
the river hostel,india,cama en habitación compartida mixta de 4 camas,1,persona que viaja sola,bien,,,7.0,2023-10-27,muy bien
the river hostel,irán,litera en dormitorio compartido mixto con 10 camas,4,persona que viaja sola,muy bien,,,8.0,2023-10-26,muy bien
the river hostel,reino unido,litera en habitación compartida mixta de 12 camas,1,persona que viaja sola,fantástico,,,9.0,2023-10-18,muy bien
the river hostel,reino unido,litera en dormitorio compartido mixto con 10 camas,3,persona que viaja sola,muy bien,,,8.0,2023-10-13,muy bien
the river hostel,reino unido,cama en habitación compartida mixta de 6 camas,2,persona que viaja sola,fantástico,,,9.0,2023-10-07,muy bien
the river hostel,malasia,litera en dormitorio compartido mixto con 10 camas,2,persona que viaja sola,fantástico,,,9.0,2023-10-04,muy bien
the river hostel,turquía,litera en habitación compartida mixta de 12 camas,2,persona que viaja sola,muy bien,,,8.0,2023-10-03,muy bien
the river hostel,alemania,litera en habitación compartida mixta de 12 camas,3,persona que viaja sola,fantástico,,,9.0,2023-10-02,muy bien
the river hostel,italia,litera en dormitorio compartido mixto con 10 camas,1,persona que viaja sola,fantástico,,,9.0,2023-10-01,muy bien
the river hostel,brasil,cama en habitación compartida mixta de 6 camas,2,persona que viaja sola,fantástico,,,9.0,2023-09-28,muy bien
the river hostel,reino unido,litera en dormitorio compartido mixto con 10 camas,2,persona que viaja sola,bien,,,7.0,2023-09-26,muy bien
the river hostel,isla mauricio,litera en dormitorio compartido mixto con 10 camas,3,persona que viaja sola,muy bien,,,8.0,2023-09-24,muy bien
the river hostel,irlanda,litera en una habitación compartida femenina,5,persona que viaja sola,fantástico,,,9.0,2023-09-24,muy bien
the river hostel,india,cama en habitación compartida mixta de 4 camas,1,grupo,muy bien,,,8.0,2023-09-24,muy bien
the river hostel,reino unido,cama en habitación compartida mixta de 8 camas,2,grupo,great hostel. good location.,,,9.0,2023-09-23,muy bien
the river hostel,marruecos,litera en dormitorio compartido mixto con 10 camas,3,persona que viaja sola,muy bien,,,8.0,2023-09-22,muy bien
the river hostel,colombia,litera en una habitación compartida femenina,4,persona que viaja sola,muy bien,,,8.0,2023-09-22,muy bien
the river hostel,azerbaiyán,cama en habitación compartida mixta de 4 camas,1,persona que viaja sola,fantástico,,,9.0,2023-09-21,muy bien
the river hostel,españa,cama en habitación compartida mixta de 8 camas,2,grupo,muy bien,,,8.0,2023-09-18,muy bien
the river hostel,noruega,litera en una habitación compartida femenina,2,persona que viaja sola,bien,,,7.0,2023-09-17,muy bien
the river hostel,australia,litera en habitación compartida mixta de 12 camas,3,persona que viaja sola,muy bien,,,8.0,2023-09-16,muy bien
the river hostel,irlanda,cama en habitación compartida mixta de 8 camas,2,persona que viaja sola,bien,,,7.0,2023-09-15,muy bien
the river hostel,reino unido,cama en habitación compartida mixta de 4 camas,3,persona que viaja sola,muy bien,,,8.0,2023-09-12,muy bien
the river hostel,españa,cama en habitación compartida mixta de 8 camas,1,persona que viaja sola,fantástico,,,9.0,2023-09-12,muy bien
the river hostel,reino unido,litera en habitación compartida mixta de 12 camas,6,persona que viaja sola,muy bien,,,8.0,2023-09-11,muy bien
the river hostel,colombia,cama en habitación compartida mixta de 8 camas,1,persona que viaja sola,muy bien,,,8.0,2023-09-10,muy bien
the river hostel,reino unido,cama en habitación compartida mixta de 6 camas,1,persona que viaja sola,fantástico,,,9.0,2023-09-06,muy bien
the river hostel,estonia,litera en dormitorio compartido mixto con 10 camas,1,grupo,fantástico,,,9.0,2023-09-06,muy bien
the river hostel,españa,litera en habitación compartida mixta de 12 camas,2,grupo,muy bien,,,8.0,2023-09-05,muy bien
the river hostel,argentina,litera en habitación compartida mixta de 12 camas,1,grupo,muy bien,,,8.0,2023-09-04,muy bien
the river hostel,india,cama en habitación compartida mixta de 6 camas,1,persona que viaja sola,bien,,,7.0,2023-09-03,muy bien
the river hostel,austria,litera en dormitorio compartido mixto con 10 camas,3,persona que viaja sola,muy bien,,,8.0,2023-08-30,muy bien
the river hostel,malasia,litera en una habitación compartida femenina,1,grupo,fantástico,,,9.0,2023-08-30,muy bien
the river hostel,estados unidos,litera en dormitorio compartido mixto con 10 camas,1,persona que viaja sola,fantástico,,,9.0,2023-08-25,muy bien
the river hostel,españa,litera en dormitorio compartido mixto con 10 camas,1,persona que viaja sola,muy bien,,,8.0,2023-08-24,muy bien
the river hostel,irlanda,cama en habitación compartida mixta de 4 camas,1,persona que viaja sola,muy bien,,,8.0,2023-08-23,muy bien
the river hostel,reino unido,cama en habitación compartida mixta de 4 camas,2,persona que viaja sola,fantástico,,,9.0,2023-08-22,muy bien
the river hostel,reino unido,litera en una habitación compartida femenina,2,persona que viaja sola,muy bien,,,8.0,2023-08-21,muy bien
the river hostel,italia,cama en habitación compartida mixta de 4 camas,1,persona que viaja sola,very good hostel manos aplaudiendo tono de piel claro,,,9.0,2023-08-20,muy bien
the river hostel,nueva zelanda,litera en dormitorio compartido mixto con 10 camas,2,persona que viaja sola,muy bien,,,8.0,2023-08-18,muy bien
the river hostel,kazajistán,litera en dormitorio compartido mixto con 10 camas,2,persona que viaja sola,muy bien,,,8.0,2023-08-18,muy bien
the river hostel,portugal,litera en habitación compartida mixta de 12 camas,1,grupo,fantástico,,,9.0,2023-08-17,muy bien
the river hostel,japón,cama en habitación compartida mixta de 4 camas,1,persona que viaja sola,fantástico,,,9.0,2023-08-15,muy bien
the river hostel,polonia,litera en una habitación compartida femenina,3,persona que viaja sola,bien,,,7.0,2023-08-15,muy bien
the river hostel,españa,cama en habitación compartida mixta de 4 camas,1,persona que viaja sola,muy bien,,,8.0,2023-08-14,muy bien
the river hostel,nueva zelanda,litera en dormitorio compartido mixto con 10 camas,1,persona que viaja sola,fantástico,,,9.0,2023-08-14,muy bien
the river hostel,alemania,litera en una habitación compartida femenina,3,persona que viaja sola,fantástico,,,9.0,2023-08-11,muy bien
the river hostel,irlanda,litera en una habitación compartida femenina,5,persona que viaja sola,muy bien,,,8.0,2023-08-07,muy bien
the river hostel,australia,cama en habitación compartida mixta de 8 camas,3,grupo,muy bien,,,8.0,2023-08-06,muy bien
the river hostel,eslovenia,litera en habitación compartida mixta de 12 camas,2,persona que viaja sola,bien,,,7.0,2023-08-05,muy bien
the river hostel,egipto,litera en dormitorio compartido mixto con 10 camas,4,persona que viaja sola,fantástico,,,9.0,2023-08-05,muy bien
the river hostel,luxemburgo,cama en habitación compartida mixta de 8 camas,1,persona que viaja sola,bien,,,7.0,2023-08-03,muy bien
the river hostel,colombia,litera en dormitorio compartido mixto con 10 camas,1,persona que viaja sola,fantástico,,,9.0,2023-07-28,muy bien
the river hostel,francia,cama en habitación compartida mixta de 6 camas,5,persona que viaja sola,fantástico,,,9.0,2023-07-24,muy bien
the river hostel,australia,litera en habitación compartida mixta de 12 camas,2,persona que viaja sola,fantástico,,,9.0,2023-07-23,muy bien
the river hostel,reino unido,litera en habitación compartida mixta de 12 camas,1,persona que viaja sola,fantástico,,,9.0,2023-07-20,muy bien
the river hostel,rusia,litera en habitación compartida mixta de 12 camas,1,persona que viaja sola,"everything was perfect, but please add some soap or shampoos to the showers",,,9.0,2023-07-19,muy bien
the river hostel,australia,litera en habitación compartida mixta de 12 camas,2,persona que viaja sola,fantástico,,,9.0,2023-07-17,muy bien
the river hostel,marruecos,cama en habitación compartida mixta de 8 camas,5,persona que viaja sola,muy bien,,,8.0,2023-07-16,muy bien
the river hostel,australia,litera en una habitación compartida femenina,3,persona que viaja sola,bien,,,7.0,2023-07-15,muy bien
the river hostel,chile,litera en una habitación compartida femenina,2,persona que viaja sola,muy bien,,,8.0,2023-07-14,muy bien
the river hostel,india,cama en habitación compartida mixta de 8 camas,1,persona que viaja sola,muy bien,,,8.0,2023-07-13,muy bien
the river hostel,países bajos,litera en habitación compartida mixta de 12 camas,2,persona que viaja sola,fantástico,,,9.0,2023-07-13,muy bien
the river hostel,australia,litera en una habitación compartida femenina,1,persona que viaja sola,muy bien,,,8.0,2023-07-12,muy bien
the river hostel,irlanda,litera en una habitación compartida femenina,2,persona que viaja sola,muy bien,,,8.0,2023-07-10,muy bien
the river hostel,canadá,cama en habitación compartida mixta de 4 camas,1,persona que viaja sola,bien,,,7.0,2023-07-10,muy bien
the river hostel,alemania,litera en habitación compartida mixta de 12 camas,1,persona que viaja sola,muy bien,,,8.0,2023-07-01,muy bien
the river hostel,reino unido,litera en dormitorio compartido mixto con 10 camas,4,persona que viaja sola,fantástico,,,9.0,2023-07-01,muy bien
the river hostel,australia,litera en habitación compartida mixta de 12 camas,2,persona que viaja sola,fantástico,,,9.0,2023-06-29,muy bien
the river hostel,alemania,cama en habitación compartida mixta de 6 camas,3,persona que viaja sola,muy bien,,,8.0,2023-06-28,muy bien
the river hostel,españa,litera en dormitorio compartido mixto con 10 camas,2,grupo,fantástico,,,9.0,2023-06-27,muy bien
the river hostel,estados unidos,cama en habitación compartida mixta de 4 camas,1,persona que viaja sola,muy bien,,,8.0,2023-06-27,muy bien
the river hostel,portugal,cama en habitación compartida mixta de 4 camas,3,grupo,muy bien,,,8.0,2023-06-26,muy bien
the river hostel,alemania,cama en habitación compartida mixta de 8 camas,2,persona que viaja sola,bien,,,7.0,2023-06-25,muy bien
the river hostel,alemania,litera en dormitorio compartido mixto con 10 camas,1,persona que viaja sola,muy bien,,,8.0,2023-06-24,muy bien
the river hostel,irlanda,cama en habitación compartida mixta de 4 camas,4,grupo,muy bien,,,8.0,2023-06-23,muy bien
the river hostel,estados unidos,litera en habitación compartida mixta de 12 camas,2,persona que viaja sola,fantástico,,,9.0,2023-06-21,muy bien
the river hostel,brasil,litera en una habitación compartida femenina,1,persona que viaja sola,muy bien,,,8.0,2023-06-19,muy bien
the river hostel,españa,litera en habitación compartida mixta de 12 camas,1,grupo,muy bien,,,8.0,2023-06-15,muy bien
the river hostel,nueva zelanda,cama en habitación compartida mixta de 4 camas,3,persona que viaja sola,fantástico,,,9.0,2023-06-13,muy bien
the river hostel,serbia,litera en habitación compartida mixta de 12 camas,1,grupo,muy bien,,,8.0,2023-06-13,muy bien
the river hostel,portugal,litera en una habitación compartida femenina,2,persona que viaja sola,muy bien,,,8.0,2023-06-12,muy bien
the river hostel,canadá,cama en habitación compartida mixta de 8 camas,2,grupo,fantástico,,,9.0,2023-06-09,muy bien
the river hostel,francia,cama en habitación compartida mixta de 6 camas,1,persona que viaja sola,fantástico,,,9.0,2023-06-08,muy bien
the river hostel,reino unido,litera en dormitorio compartido mixto con 10 camas,3,grupo,fantástico,,,9.0,2023-06-05,muy bien
the river hostel,argentina,cama en habitación compartida mixta de 4 camas,3,persona que viaja sola,muy bien,,,8.0,2023-06-05,muy bien
the river hostel,estados unidos,litera en dormitorio compartido mixto con 10 camas,3,grupo,muy bien,,,8.0,2023-06-01,muy bien
the river hostel,españa,litera en dormitorio compartido mixto con 10 camas,1,persona que viaja sola,muy bien,,,8.0,2023-06-01,muy bien
the river hostel,india,litera en dormitorio compartido mixto con 10 camas,2,persona que viaja sola,muy bien,,,8.0,2023-05-31,muy bien
the river hostel,alemania,litera en habitación compartida mixta de 12 camas,1,persona que viaja sola,bien,,,7.0,2023-05-31,muy bien
the river hostel,estados unidos,litera en dormitorio compartido mixto con 10 camas,3,persona que viaja sola,fantástico,,,9.0,2023-05-26,muy bien
the river hostel,australia,litera en una habitación compartida femenina,2,persona que viaja sola,fantástico,,,9.0,2023-05-19,muy bien
the river hostel,canadá,litera en dormitorio compartido mixto con 10 camas,2,persona que viaja sola,fantástico,,,9.0,2023-05-19,muy bien
the river hostel,alemania,litera en habitación compartida mixta de 12 camas,1,persona que viaja sola,it s a hostel. you can trust it. does what it needs to do : ,,,7.0,2023-05-10,muy bien
the river hostel,hungría,litera en dormitorio compartido mixto con 10 camas,1,persona que viaja sola,fantástico,,,9.0,2023-05-08,muy bien
the river hostel,canadá,litera en una habitación compartida femenina,4,persona que viaja sola,muy bien,,,8.0,2023-05-07,muy bien
the river hostel,polonia,litera en una habitación compartida femenina,2,persona que viaja sola,fantástico,,,9.0,2023-05-07,muy bien
the river hostel,españa,cama en habitación compartida mixta de 6 camas,4,persona que viaja sola,bien,,,7.0,2023-05-06,muy bien
the river hostel,reino unido,litera en habitación compartida mixta de 12 camas,1,persona que viaja sola,fantástico,,,9.0,2023-05-04,muy bien
the river hostel,italia,litera en habitación compartida mixta de 12 camas,2,grupo,muy bien,,,8.0,2023-05-01,muy bien
the river hostel,suiza,cama en habitación compartida mixta de 8 camas,7,persona que viaja sola,excepcional,,,10.0,2026-04-13,muy bien
the river hostel,países bajos,cama en habitación compartida mixta de 6 camas,3,persona que viaja sola,excepcional,,,10.0,2026-04-10,muy bien
the river hostel,estados unidos,litera en habitación compartida mixta de 12 camas,2,persona que viaja sola,excepcional,,,10.0,2026-04-08,muy bien
the river hostel,francia,litera en dormitorio compartido mixto con 10 camas,2,persona que viaja sola,excepcional,,,10.0,2026-04-07,muy bien
the river hostel,méxico,litera en dormitorio compartido mixto con 10 camas,1,persona que viaja sola,excepcional,,,10.0,2026-04-05,muy bien
the river hostel,reino unido,litera en dormitorio compartido mixto con 10 camas,4,persona que viaja sola,pésimo,,,1.0,2026-04-01,muy bien
the river hostel,españa,cama en habitación compartida mixta de 6 camas,1,persona que viaja sola,excepcional,,,10.0,2026-03-31,muy bien
the river hostel,irlanda,litera en una habitación compartida femenina,1,persona que viaja sola,excepcional,,,10.0,2026-03-31,muy bien
the river hostel,polonia,cama en habitación compartida mixta de 6 camas,7,persona que viaja sola,excepcional,,,10.0,2026-03-30,muy bien
the river hostel,reino unido,cama en habitación compartida mixta de 4 camas,3,persona que viaja sola,decepcionante,,,4.0,2026-03-21,muy bien
the river hostel,japón,cama en habitación compartida mixta de 4 camas,2,persona que viaja sola,excepcional,,,10.0,2026-03-20,muy bien
the river hostel,méxico,litera en una habitación compartida femenina,7,persona que viaja sola,excepcional,,,10.0,2026-03-18,muy bien
the river hostel,españa,litera en dormitorio compartido mixto con 10 camas,1,pareja,excepcional,,,10.0,2026-03-15,muy bien
the river hostel,españa,cama en habitación compartida mixta de 4 camas,2,persona que viaja sola,excepcional,,,10.0,2026-03-09,muy bien
the river hostel,austria,litera en una habitación compartida femenina,1,persona que viaja sola,excepcional,,,10.0,2026-03-03,muy bien
the river hostel,brasil,cama en habitación compartida mixta de 8 camas,2,persona que viaja sola,excepcional,,,10.0,2026-03-02,muy bien
the river hostel,españa,litera en habitación compartida mixta de 12 camas,2,persona que viaja sola,pésimo,,,1.0,2026-02-23,muy bien
the river hostel,españa,litera en habitación compartida mixta de 12 camas,3,persona que viaja sola,pésimo,,,1.0,2026-02-23,muy bien
the river hostel,españa,litera en una habitación compartida femenina,1,pareja,excepcional,,,10.0,2026-02-22,muy bien
the river hostel,francia,litera en habitación compartida mixta de 12 camas,1,pareja,agradable,,,6.0,2026-02-08,muy bien
the river hostel,méxico,litera en una habitación compartida femenina,2,persona que viaja sola,decepcionante,,,4.0,2026-02-04,muy bien
the river hostel,portugal,litera en habitación compartida mixta de 12 camas,2,persona que viaja sola,excepcional,,,10.0,2026-01-29,muy bien
the river hostel,españa,cama en habitación compartida mixta de 6 camas,1,persona que viaja sola,excepcional,,,10.0,2026-01-26,muy bien
the river hostel,bulgaria,litera en habitación compartida mixta de 12 camas,1,persona que viaja sola,excepcional,,,10.0,2026-01-18,muy bien
the river hostel,estados unidos,litera en habitación compartida mixta de 12 camas,2,persona que viaja sola,aceptable,,,5.0,2026-01-16,muy bien
the river hostel,pakistán,cama en habitación compartida mixta de 6 camas,1,persona que viaja sola,excepcional,,,10.0,2026-01-04,muy bien
the river hostel,noruega,cama en habitación compartida mixta de 6 camas,1,persona que viaja sola,decepcionante,,,4.0,2026-01-02,muy bien
the river hostel,méxico,cama en habitación compartida mixta de 8 camas,1,persona que viaja sola,excepcional,,,10.0,2025-12-30,muy bien
the river hostel,arabia saudí,cama en habitación compartida mixta de 4 camas,2,persona que viaja sola,agradable,,,6.0,2025-12-29,muy bien
the river hostel,polonia,litera en dormitorio compartido mixto con 10 camas,3,persona que viaja sola,excepcional,,,10.0,2025-12-28,muy bien
the river hostel,españa,litera en habitación compartida mixta de 12 camas,1,persona que viaja sola,excepcional,,,10.0,2025-12-27,muy bien
the river hostel,estados unidos,cama en habitación compartida mixta de 4 camas,2,persona que viaja sola,"great place to stay, lots of activities, friendly staff",,,10.0,2025-12-25,muy bien
the river hostel,irlanda,litera en dormitorio compartido mixto con 10 camas,7,persona que viaja sola,excepcional,,,10.0,2025-12-12,muy bien
the river hostel,marruecos,litera en habitación compartida mixta de 12 camas,2,persona que viaja sola,excepcional,,,10.0,2025-12-06,muy bien
the river hostel,españa,litera en habitación compartida mixta de 12 camas,2,persona que viaja sola,excepcional,,,10.0,2025-12-05,muy bien
the river hostel,macedonia del norte,cama en habitación compartida mixta de 6 camas,1,persona que viaja sola,excepcional,,,10.0,2025-12-03,muy bien
the river hostel,irlanda,cama en habitación compartida mixta de 4 camas,1,persona que viaja sola,excepcional,,,10.0,2025-12-03,muy bien
the river hostel,españa,litera en habitación compartida mixta de 12 camas,1,persona que viaja sola,excepcional,,,10.0,2025-11-27,muy bien
the river hostel,polonia,litera en habitación compartida mixta de 12 camas,3,persona que viaja sola,agradable,,,6.0,2025-11-25,muy bien
the river hostel,rumanía,litera en dormitorio compartido mixto con 10 camas,4,persona que viaja sola,excepcional,,,10.0,2025-11-21,muy bien
the river hostel,india,litera en dormitorio compartido mixto con 10 camas,11,persona que viaja sola,excepcional,,,10.0,2025-11-19,muy bien
the river hostel,polonia,cama en habitación compartida mixta de 4 camas,4,persona que viaja sola,aceptable,,,5.0,2025-11-06,muy bien
the river hostel,grecia,litera en una habitación compartida femenina,2,grupo,agradable,,,6.0,2025-10-29,muy bien
the river hostel,india,cama en habitación compartida mixta de 8 camas,2,persona que viaja sola,excepcional,,,10.0,2025-10-28,muy bien
the river hostel,canadá,litera en dormitorio compartido mixto con 10 camas,1,persona que viaja sola,excepcional,,,10.0,2025-10-27,muy bien
the river hostel,alemania,litera en habitación compartida mixta de 12 camas,3,persona que viaja sola,excepcional,,,10.0,2025-10-27,muy bien
the river hostel,estados unidos,litera en una habitación compartida femenina,2,persona que viaja sola,excepcional,,,10.0,2025-10-25,muy bien
the river hostel,lituania,litera en habitación compartida mixta de 12 camas,1,persona que viaja sola,excepcional,,,10.0,2025-10-24,muy bien
the river hostel,serbia,litera en habitación compartida mixta de 12 camas,1,persona que viaja sola,excepcional,,,10.0,2025-10-23,muy bien
the river hostel,méxico,litera en habitación compartida mixta de 12 camas,2,persona que viaja sola,excepcional,,,10.0,2025-10-22,muy bien
the river hostel,reino unido,litera en habitación compartida mixta de 12 camas,4,persona que viaja sola,excepcional,,,10.0,2025-10-07,muy bien
the river hostel,reino unido,litera en habitación compartida mixta de 12 camas,2,persona que viaja sola,excepcional,,,10.0,2025-10-04,muy bien
the river hostel,nueva zelanda,litera en dormitorio compartido mixto con 10 camas,3,persona que viaja sola,excepcional,,,10.0,2025-10-04,muy bien
the river hostel,estonia,litera en dormitorio compartido mixto con 10 camas,5,persona que viaja sola,excepcional,,,10.0,2025-09-30,muy bien
the river hostel,estados unidos,cama en habitación compartida mixta de 4 camas,2,persona que viaja sola,excepcional,,,10.0,2025-09-27,muy bien
the river hostel,arabia saudí,litera en dormitorio compartido mixto con 10 camas,2,persona que viaja sola,decepcionante,,,4.0,2025-09-27,muy bien
the river hostel,italia,litera en dormitorio compartido mixto con 10 camas,4,persona que viaja sola,excepcional,,,10.0,2025-09-24,muy bien
the river hostel,irlanda,litera en dormitorio compartido mixto con 10 camas,1,persona que viaja sola,excepcional,,,10.0,2025-09-22,muy bien
the river hostel,portugal,litera en dormitorio compartido mixto con 10 camas,2,persona que viaja sola,excepcional,,,10.0,2025-09-20,muy bien
the river hostel,rusia,litera en dormitorio compartido mixto con 10 camas,3,persona que viaja sola,"my stay in the hostel was comfortable and safe, the staff is cheerful and helpful",,,10.0,2025-09-18,muy bien
the river hostel,serbia,litera en una habitación compartida femenina,3,persona que viaja sola,excepcional,,,10.0,2025-09-17,muy bien
the river hostel,reino unido,litera en una habitación compartida femenina,3,persona que viaja sola,excepcional,,,10.0,2025-09-16,muy bien
the river hostel,españa,litera en habitación compartida mixta de 12 camas,1,persona que viaja sola,excepcional,,,10.0,2025-09-15,muy bien
the river hostel,reino unido,litera en dormitorio compartido mixto con 10 camas,2,persona que viaja sola,excepcional,,,10.0,2025-09-05,muy bien
the river hostel,australia,litera en habitación compartida mixta de 12 camas,3,persona que viaja sola,excepcional,,,10.0,2025-09-03,muy bien
the river hostel,marruecos,cama en habitación compartida mixta de 6 camas,3,persona que viaja sola,excepcional,,,10.0,2025-08-31,muy bien
the river hostel,serbia,litera en habitación compartida mixta de 12 camas,3,persona que viaja sola,agradable,,,6.0,2025-08-26,muy bien
the river hostel,australia,cama en habitación compartida mixta de 6 camas,2,persona que viaja sola,excepcional,,,10.0,2025-08-24,muy bien
the river hostel,serbia,litera en una habitación compartida femenina,4,persona que viaja sola,excepcional,,,10.0,2025-08-22,muy bien
the river hostel,españa,litera en habitación compartida mixta de 12 camas,2,persona que viaja sola,excepcional,,,10.0,2025-08-22,muy bien
the river hostel,marruecos,litera en habitación compartida mixta de 12 camas,1,persona que viaja sola,aceptable,,,5.0,2025-08-20,muy bien
the river hostel,irlanda,cama en habitación compartida mixta de 4 camas,1,persona que viaja sola,excepcional,,,10.0,2025-08-17,muy bien
the river hostel,australia,litera en una habitación compartida femenina,1,persona que viaja sola,excepcional,,,10.0,2025-08-15,muy bien
the river hostel,hungría,litera en una habitación compartida femenina,4,persona que viaja sola,excepcional,,,10.0,2025-08-14,muy bien
the river hostel,reino unido,cama en habitación compartida mixta de 8 camas,1,persona que viaja sola,excepcional,,,10.0,2025-08-14,muy bien
the river hostel,macedonia del norte,litera en habitación compartida mixta de 12 camas,3,grupo,excepcional,,,10.0,2025-08-12,muy bien
the river hostel,turquía,litera en habitación compartida mixta de 12 camas,2,persona que viaja sola,excepcional,,,10.0,2025-08-06,muy bien
the river hostel,estados unidos,litera en dormitorio compartido mixto con 10 camas,1,persona que viaja sola,excepcional,,,10.0,2025-08-04,muy bien
the river hostel,estados unidos,litera en dormitorio compartido mixto con 10 camas,1,persona que viaja sola,excepcional,,,10.0,2025-07-28,muy bien
the river hostel,francia,litera en habitación compartida mixta de 12 camas,1,persona que viaja sola,excepcional,,,10.0,2025-07-27,muy bien
the river hostel,perú,cama en habitación compartida mixta de 4 camas,3,persona que viaja sola,excepcional,,,10.0,2025-07-24,muy bien
the river hostel,portugal,litera en habitación compartida mixta de 12 camas,2,persona que viaja sola,excepcional,,,10.0,2025-07-23,muy bien
the river hostel,croacia,litera en habitación compartida mixta de 12 camas,1,persona que viaja sola,excepcional,,,10.0,2025-07-19,muy bien
the river hostel,arabia saudí,litera en habitación compartida mixta de 12 camas,1,persona que viaja sola,excepcional,,,10.0,2025-07-16,muy bien
the river hostel,españa,litera en dormitorio compartido mixto con 10 camas,1,persona que viaja sola,excepcional,,,10.0,2025-07-10,muy bien
the river hostel,reino unido,litera en una habitación compartida femenina,2,persona que viaja sola,excepcional,,,10.0,2025-07-09,muy bien
the river hostel,marruecos,litera en habitación compartida mixta de 12 camas,2,persona que viaja sola,excepcional,,,10.0,2025-07-08,muy bien
the river hostel,españa,litera en dormitorio compartido mixto con 10 camas,3,persona que viaja sola,pésimo,,,1.0,2025-07-03,muy bien
the river hostel,irlanda,litera en habitación compartida mixta de 12 camas,2,persona que viaja sola,excepcional,,,10.0,2025-06-26,muy bien
the river hostel,alemania,litera en dormitorio compartido mixto con 10 camas,2,persona que viaja sola,pésimo,,,1.0,2025-06-25,muy bien
the river hostel,polonia,litera en una habitación compartida femenina,1,persona que viaja sola,excepcional,,,10.0,2025-06-20,muy bien
the river hostel,hungría,litera en una habitación compartida femenina,3,persona que viaja sola,excepcional,,,10.0,2025-06-19,muy bien
the river hostel,ucrania,litera en dormitorio compartido mixto con 10 camas,3,persona que viaja sola,excepcional,,,10.0,2025-06-16,muy bien
the river hostel,reino unido,cama en habitación compartida mixta de 4 camas,1,persona que viaja sola,excepcional,,,10.0,2025-06-15,muy bien
the river hostel,estonia,cama en habitación compartida mixta de 4 camas,2,persona que viaja sola,excepcional,,,10.0,2025-06-11,muy bien
the river hostel,italia,litera en una habitación compartida femenina,2,persona que viaja sola,excepcional,,,10.0,2025-06-04,muy bien
the river hostel,reino unido,litera en una habitación compartida femenina,1,persona que viaja sola,excepcional,,,10.0,2025-06-02,muy bien
the river hostel,suiza,litera en habitación compartida mixta de 12 camas,3,grupo,excepcional,,,10.0,2025-06-02,muy bien
the river hostel,serbia,cama en habitación compartida mixta de 4 camas,6,persona que viaja sola,excepcional,,,10.0,2025-06-01,muy bien
the river hostel,reino unido,cama en habitación compartida mixta de 8 camas,2,persona que viaja sola,excepcional,,,10.0,2025-05-23,muy bien
the river hostel,italia,litera en una habitación compartida femenina,7,persona que viaja sola,agradable,,,6.0,2025-05-22,muy bien
the river hostel,francia,cama en habitación compartida mixta de 4 camas,2,persona que viaja sola,excepcional,,,10.0,2025-05-20,muy bien
the river hostel,hungría,litera en habitación compartida mixta de 12 camas,1,persona que viaja sola,excepcional,,,10.0,2025-05-15,muy bien
the river hostel,grecia,cama en habitación compartida mixta de 8 camas,3,persona que viaja sola,agradable,,,6.0,2025-05-13,muy bien
the river hostel,marruecos,litera en habitación compartida mixta de 12 camas,1,persona que viaja sola,excepcional,,,10.0,2025-05-13,muy bien
the river hostel,españa,litera en una habitación compartida femenina,1,persona que viaja sola,excepcional,,,10.0,2025-05-11,muy bien
the river hostel,italia,litera en habitación compartida mixta de 12 camas,2,persona que viaja sola,excepcional,,,10.0,2025-05-09,muy bien
the river hostel,colombia,cama en habitación compartida mixta de 6 camas,2,persona que viaja sola,mal,,,3.0,2025-05-08,muy bien
the river hostel,bosnia y herzegovina,litera en una habitación compartida femenina,4,persona que viaja sola,excepcional,,,10.0,2025-05-04,muy bien
the river hostel,francia,litera en habitación compartida mixta de 12 camas,1,grupo,aceptable,,,5.0,2025-05-02,muy bien
the river hostel,portugal,litera en una habitación compartida femenina,2,persona que viaja sola,decepcionante,,,4.0,2025-05-02,muy bien
the river hostel,portugal,litera en habitación compartida mixta de 12 camas,2,persona que viaja sola,decepcionante,,,4.0,2025-05-01,muy bien
the river hostel,polonia,cama en habitación compartida mixta de 4 camas,2,persona que viaja sola,excepcional,,,10.0,2025-04-30,muy bien
the river hostel,países bajos,litera en una habitación compartida femenina,1,familia,excepcional,,,10.0,2025-04-25,muy bien
the river hostel,rumanía,litera en dormitorio compartido mixto con 10 camas,4,persona que viaja sola,excepcional,,,10.0,2025-04-14,muy bien
the river hostel,reino unido,litera en habitación compartida mixta de 12 camas,1,persona que viaja sola,excepcional,,,10.0,2025-04-04,muy bien
the river hostel,españa,litera en una habitación compartida femenina,2,grupo,excepcional,,,10.0,2025-03-31,muy bien
the river hostel,argentina,litera en una habitación compartida femenina,1,persona que viaja sola,excepcional,,,10.0,2025-03-30,muy bien
the river hostel,argentina,litera en una habitación compartida femenina,4,persona que viaja sola,excepcional,,,10.0,2025-03-30,muy bien
the river hostel,eslovaquia,litera en habitación compartida mixta de 12 camas,1,persona que viaja sola,excepcional,,,10.0,2025-03-26,muy bien
the river hostel,serbia,litera en habitación compartida mixta de 12 camas,1,persona que viaja sola,excepcional,,,10.0,2025-03-20,muy bien
the river hostel,luxemburgo,cama en habitación compartida mixta de 8 camas,1,persona que viaja sola,aceptable,,,5.0,2025-03-18,muy bien
the river hostel,pakistán,litera en habitación compartida mixta de 12 camas,1,persona que viaja sola,excepcional,,,10.0,2025-03-14,muy bien
the river hostel,italia,litera en dormitorio compartido mixto con 10 camas,1,persona que viaja sola,pésimo,,,1.0,2025-03-10,muy bien
the river hostel,bulgaria,litera en dormitorio compartido mixto con 10 camas,3,pareja,excepcional,,,10.0,2025-03-08,muy bien
the river hostel,ucrania,cama en habitación compartida mixta de 4 camas,1,pareja,excepcional,,,10.0,2025-03-08,muy bien
the river hostel,japón,litera en una habitación compartida femenina,2,persona que viaja sola,mal,,,3.0,2025-03-04,muy bien
the river hostel,turquía,litera en dormitorio compartido mixto con 10 camas,7,persona que viaja sola,mal,,,3.0,2025-03-02,muy bien
the river hostel,marruecos,litera en habitación compartida mixta de 12 camas,1,persona que viaja sola,excepcional,,,10.0,2025-03-01,muy bien
the river hostel,canadá,litera en habitación compartida mixta de 12 camas,1,persona que viaja sola,excepcional,,,10.0,2025-02-22,muy bien
the river hostel,grecia,litera en habitación compartida mixta de 12 camas,3,persona que viaja sola,excepcional,,,10.0,2025-02-15,muy bien
the river hostel,albania,litera en habitación compartida mixta de 12 camas,1,persona que viaja sola,excepcional,,,10.0,2025-02-12,muy bien
the river hostel,albania,litera en una habitación compartida femenina,3,persona que viaja sola,excepcional,,,10.0,2025-02-12,muy bien
the river hostel,kenia,litera en dormitorio compartido mixto con 10 camas,4,persona que viaja sola,aceptable,,,5.0,2025-01-31,muy bien
the river hostel,kenia,litera en habitación compartida mixta de 12 camas,2,persona que viaja sola,decepcionante,,,4.0,2025-01-31,muy bien
the river hostel,macedonia del norte,litera en dormitorio compartido mixto con 10 camas,1,persona que viaja sola,excepcional,,,10.0,2025-01-27,muy bien
the river hostel,suiza,cama en habitación compartida mixta de 6 camas,2,persona que viaja sola,mal,,,3.0,2025-01-23,muy bien
the river hostel,italia,litera en habitación compartida mixta de 12 camas,1,persona que viaja sola,excepcional,,,10.0,2025-01-20,muy bien
the river hostel,españa,cama en habitación compartida mixta de 4 camas,1,persona que viaja sola,excepcional,,,10.0,2025-01-17,muy bien
the river hostel,alemania,litera en una habitación compartida femenina,3,persona que viaja sola,excepcional,,,10.0,2025-01-13,muy bien
the river hostel,reino unido,cama en habitación compartida mixta de 6 camas,3,persona que viaja sola,excepcional,,,10.0,2025-01-09,muy bien
the river hostel,eslovenia,litera en una habitación compartida femenina,2,grupo,agradable,,,6.0,2025-01-06,muy bien
the river hostel,reino unido,cama en habitación compartida mixta de 4 camas,2,grupo,excepcional,,,10.0,2025-01-03,muy bien
the river hostel,españa,litera en habitación compartida mixta de 12 camas,2,persona que viaja sola,excepcional,,,10.0,2025-01-01,muy bien
the river hostel,españa,litera en habitación compartida mixta de 12 camas,3,grupo,agradable,,,6.0,2024-12-28,muy bien
the river hostel,reino unido,litera en habitación compartida mixta de 12 camas,1,pareja,aceptable,,,5.0,2024-12-28,muy bien
the river hostel,brasil,litera en habitación compartida mixta de 12 camas,2,persona que viaja sola,excepcional,,,10.0,2024-12-21,muy bien
the river hostel,portugal,cama en habitación compartida mixta de 4 camas,1,persona que viaja sola,excepcional,,,10.0,2024-12-11,muy bien
the river hostel,reino unido,litera en dormitorio compartido mixto con 10 camas,3,persona que viaja sola,agradable,,,6.0,2024-12-08,muy bien
the river hostel,marruecos,cama en habitación compartida mixta de 6 camas,3,persona que viaja sola,excepcional,,,10.0,2024-12-06,muy bien
the river hostel,canadá,litera en dormitorio compartido mixto con 10 camas,7,persona que viaja sola,agradable,,,6.0,2024-12-05,muy bien
the river hostel,sudáfrica,litera en una habitación compartida femenina,2,persona que viaja sola,excepcional,,,10.0,2024-11-29,muy bien
the river hostel,españa,litera en habitación compartida mixta de 12 camas,1,persona que viaja sola,excepcional,,,10.0,2024-11-18,muy bien
the river hostel,reino unido,litera en habitación compartida mixta de 12 camas,3,persona que viaja sola,excepcional,,,10.0,2024-11-18,muy bien
the river hostel,países bajos,litera en dormitorio compartido mixto con 10 camas,2,persona que viaja sola,excepcional,,,10.0,2024-11-14,muy bien
the river hostel,canadá,cama en habitación compartida mixta de 8 camas,2,persona que viaja sola,excepcional,,,10.0,2024-11-09,muy bien
the river hostel,sudáfrica,litera en dormitorio compartido mixto con 10 camas,2,persona que viaja sola,excepcional,,,10.0,2024-11-07,muy bien
the river hostel,nueva zelanda,litera en dormitorio compartido mixto con 10 camas,5,persona que viaja sola,excepcional,,,10.0,2024-11-02,muy bien
the river hostel,colombia,litera en habitación compartida mixta de 12 camas,2,persona que viaja sola,excepcional,,,10.0,2024-10-22,muy bien
the river hostel,túnez,litera en habitación compartida mixta de 12 camas,1,persona que viaja sola,excepcional,,,10.0,2024-10-16,muy bien
the river hostel,marruecos,litera en habitación compartida mixta de 12 camas,1,persona que viaja sola,excepcional,,,10.0,2024-09-30,muy bien
the river hostel,australia,litera en dormitorio compartido mixto con 10 camas,1,pareja,excepcional,,,10.0,2024-09-20,muy bien
the river hostel,australia,litera en una habitación compartida femenina,1,persona que viaja sola,excepcional,,,10.0,2024-09-11,muy bien
the river hostel,reino unido,litera en dormitorio compartido mixto con 10 camas,2,persona que viaja sola,excepcional,,,10.0,2024-09-07,muy bien
the river hostel,finlandia,litera en habitación compartida mixta de 12 camas,3,persona que viaja sola,excepcional,,,10.0,2024-09-05,muy bien
the river hostel,estados unidos,litera en dormitorio compartido mixto con 10 camas,2,persona que viaja sola,excepcional,,,10.0,2024-08-28,muy bien
the river hostel,francia,litera en una habitación compartida femenina,5,familia,excepcional,,,10.0,2024-08-24,muy bien
the river hostel,italia,litera en habitación compartida mixta de 12 camas,1,persona que viaja sola,pésimo,,,1.0,2024-08-21,muy bien
the river hostel,ucrania,cama en habitación compartida mixta de 4 camas,11,persona que viaja sola,excepcional,,,10.0,2024-08-10,muy bien
the river hostel,reino unido,litera en dormitorio compartido mixto con 10 camas,2,grupo,excepcional,,,10.0,2024-08-06,muy bien
the river hostel,república checa,litera en dormitorio compartido mixto con 10 camas,4,grupo,"the hostel was great. nice rooms with ac and drawer that can be locked  bring your own lock . bathroom was nice, during",,,10.0,2024-08-03,muy bien
the river hostel,japón,litera en una habitación compartida femenina,1,persona que viaja sola,agradable,,,6.0,2024-07-31,muy bien
the river hostel,estados unidos,litera en habitación compartida mixta de 12 camas,10,persona que viaja sola,aceptable,,,5.0,2024-07-30,muy bien
the river hostel,irlanda,litera en una habitación compartida femenina,2,persona que viaja sola,agradable,,,6.0,2024-07-29,muy bien
the river hostel,irlanda,litera en habitación compartida mixta de 12 camas,2,grupo,excepcional,,,10.0,2024-07-23,muy bien
the river hostel,estados unidos,litera en dormitorio compartido mixto con 10 camas,2,persona que viaja sola,mal,,,3.0,2024-07-12,muy bien
the river hostel,marruecos,litera en habitación compartida mixta de 12 camas,2,persona que viaja sola,excepcional,,,10.0,2024-07-12,muy bien
the river hostel,reino unido,litera en dormitorio compartido mixto con 10 camas,2,grupo,excepcional,,,10.0,2024-07-10,muy bien
the river hostel,reino unido,cama en habitación compartida mixta de 8 camas,1,persona que viaja sola,excepcional,,,10.0,2024-07-10,muy bien
the river hostel,reino unido,litera en una habitación compartida femenina,3,grupo,excepcional,,,10.0,2024-07-09,muy bien
the river hostel,reino unido,cama en habitación compartida mixta de 4 camas,5,familia,excepcional,,,10.0,2024-07-09,muy bien
the river hostel,bulgaria,litera en dormitorio compartido mixto con 10 camas,2,grupo,excepcional,,,10.0,2024-07-01,muy bien
the river hostel,argentina,litera en habitación compartida mixta de 12 camas,1,grupo,excepcional,,,10.0,2024-06-28,muy bien
the river hostel,reino unido,litera en dormitorio compartido mixto con 10 camas,4,persona que viaja sola,excepcional,,,10.0,2024-06-28,muy bien
the river hostel,alemania,litera en habitación compartida mixta de 12 camas,3,persona que viaja sola,excepcional,,,10.0,2024-06-28,muy bien
the river hostel,españa,litera en una habitación compartida femenina,1,pareja,excepcional,,,10.0,2024-06-26,muy bien
the river hostel,italia,litera en una habitación compartida femenina,1,grupo,excepcional,,,10.0,2024-06-25,muy bien
the river hostel,grecia,litera en habitación compartida mixta de 12 camas,1,persona que viaja sola,excepcional,,,10.0,2024-06-21,muy bien
the river hostel,grecia,cama en habitación compartida mixta de 6 camas,2,persona que viaja sola,aceptable,,,5.0,2024-06-18,muy bien
the river hostel,méxico,litera en dormitorio compartido mixto con 10 camas,1,persona que viaja sola,agradable,,,6.0,2024-06-16,muy bien
the river hostel,australia,litera en habitación compartida mixta de 12 camas,1,persona que viaja sola,excepcional,,,10.0,2024-06-10,muy bien
the river hostel,canadá,cama en habitación compartida mixta de 8 camas,2,persona que viaja sola,excepcional,,,10.0,2024-06-07,muy bien
the river hostel,polonia,litera en habitación compartida mixta de 12 camas,2,persona que viaja sola,excepcional,,,10.0,2024-05-28,muy bien
the river hostel,reino unido,cama en habitación compartida mixta de 6 camas,1,persona que viaja sola,excepcional,,,10.0,2024-05-26,muy bien
the river hostel,bélgica,litera en habitación compartida mixta de 12 camas,1,persona que viaja sola,excepcional,,,10.0,2024-05-23,muy bien
the river hostel,irlanda,litera en una habitación compartida femenina,2,persona que viaja sola,agradable,,,6.0,2024-05-18,muy bien
the river hostel,alemania,litera en habitación compartida mixta de 12 camas,1,persona que viaja sola,excepcional,,,10.0,2024-05-18,muy bien
the river hostel,sudáfrica,litera en una habitación compartida femenina,1,persona que viaja sola,excepcional,,,10.0,2024-05-13,muy bien
the river hostel,canadá,litera en una habitación compartida femenina,1,persona que viaja sola,excepcional,,,10.0,2024-05-10,muy bien
the river hostel,bulgaria,litera en habitación compartida mixta de 12 camas,1,persona que viaja sola,excepcional,,,10.0,2024-05-07,muy bien
the river hostel,letonia,litera en dormitorio compartido mixto con 10 camas,1,persona que viaja sola,excepcional,,,10.0,2024-05-07,muy bien
the river hostel,rumanía,litera en una habitación compartida femenina,5,persona que viaja sola,excepcional,,,10.0,2024-04-23,muy bien
the river hostel,república checa,litera en habitación compartida mixta de 12 camas,2,persona que viaja sola,excepcional,,,10.0,2024-04-15,muy bien
the river hostel,reino unido,litera en habitación compartida mixta de 12 camas,2,persona que viaja sola,agradable,,,6.0,2024-04-04,muy bien
the river hostel,reino unido,cama en habitación compartida mixta de 8 camas,3,persona que viaja sola,excepcional,,,10.0,2024-03-22,muy bien
the river hostel,españa,litera en habitación compartida mixta de 12 camas,2,persona que viaja sola,agradable,,,6.0,2024-03-09,muy bien
the river hostel,reino unido,litera en habitación compartida mixta de 12 camas,4,persona que viaja sola,excepcional,,,10.0,2024-03-05,muy bien
the river hostel,españa,cama en habitación compartida mixta de 4 camas,1,pareja,excepcional,,,10.0,2024-03-02,muy bien
the river hostel,irlanda,litera en habitación compartida mixta de 12 camas,1,persona que viaja sola,excepcional,,,10.0,2024-02-22,muy bien
the river hostel,polonia,cama en habitación compartida mixta de 6 camas,4,persona que viaja sola,aceptable,,,5.0,2024-02-13,muy bien
the river hostel,turquía,litera en habitación compartida mixta de 12 camas,1,persona que viaja sola,mal,,,3.0,2024-02-09,muy bien
the river hostel,estados unidos,litera en una habitación compartida femenina,2,persona que viaja sola,agradable,,,6.0,2024-02-08,muy bien
the river hostel,estados unidos,litera en habitación compartida mixta de 12 camas,1,persona que viaja sola,pésimo,,,1.0,2024-01-30,muy bien
the river hostel,brasil,litera en una habitación compartida femenina,3,persona que viaja sola,aceptable,,,5.0,2024-01-29,muy bien
the river hostel,españa,litera en una habitación compartida femenina,2,persona que viaja sola,aceptable,,,5.0,2024-01-22,muy bien
the river hostel,reino unido,litera en dormitorio compartido mixto con 10 camas,3,grupo,excepcional,,,10.0,2024-01-22,muy bien
the river hostel,argentina,cama en habitación compartida mixta de 6 camas,5,persona que viaja sola,decepcionante,,,4.0,2024-01-20,muy bien
the river hostel,españa,litera en dormitorio compartido mixto con 10 camas,1,persona que viaja sola,excepcional,,,10.0,2024-01-20,muy bien
the river hostel,francia,litera en una habitación compartida femenina,4,persona que viaja sola,agradable,,,6.0,2024-01-13,muy bien
the river hostel,francia,litera en habitación compartida mixta de 12 camas,2,persona que viaja sola,agradable,,,6.0,2024-01-10,muy bien
the river hostel,serbia,litera en dormitorio compartido mixto con 10 camas,3,persona que viaja sola,aceptable,,,5.0,2024-01-07,muy bien
the river hostel,alemania,litera en dormitorio compartido mixto con 10 camas,5,persona que viaja sola,agradable,,,6.0,2024-01-05,muy bien
the river hostel,polonia,cama en habitación compartida mixta de 8 camas,3,persona que viaja sola,agradable,,,6.0,2024-01-04,muy bien
the river hostel,serbia,litera en habitación compartida mixta de 12 camas,1,persona que viaja sola,excepcional,,,10.0,2024-01-02,muy bien
the river hostel,reino unido,cama en habitación compartida mixta de 4 camas,1,persona que viaja sola,excepcional,,,10.0,2024-01-01,muy bien
the river hostel,irlanda,cama en habitación compartida mixta de 6 camas,4,persona que viaja sola,excepcional,,,10.0,2023-12-21,muy bien
the river hostel,canadá,litera en una habitación compartida femenina,1,persona que viaja sola,excepcional,,,10.0,2023-12-21,muy bien
the river hostel,españa,cama en habitación compartida mixta de 4 camas,2,persona que viaja sola,agradable,,,6.0,2023-12-19,muy bien
the river hostel,portugal,litera en habitación compartida mixta de 12 camas,2,pareja,pésimo,,,1.0,2023-12-19,muy bien
the river hostel,brasil,litera en habitación compartida mixta de 12 camas,4,persona que viaja sola,excepcional,,,10.0,2023-12-15,muy bien
the river hostel,estados unidos,cama en habitación compartida mixta de 8 camas,7,persona que viaja sola,excepcional,,,10.0,2023-12-15,muy bien
the river hostel,alemania,litera en una habitación compartida femenina,1,persona que viaja sola,agradable,,,6.0,2023-12-13,muy bien
the river hostel,reino unido,cama en habitación compartida mixta de 8 camas,3,persona que viaja sola,agradable,,,6.0,2023-12-12,muy bien
the river hostel,italia,litera en habitación compartida mixta de 12 camas,1,persona que viaja sola,excepcional,,,10.0,2023-12-10,muy bien
the river hostel,alemania,cama en habitación compartida mixta de 4 camas,3,persona que viaja sola,excepcional,,,10.0,2023-12-05,muy bien
the river hostel,alemania,cama en habitación compartida mixta de 8 camas,3,persona que viaja sola,excepcional,,,10.0,2023-12-02,muy bien
the river hostel,rusia,litera en habitación compartida mixta de 12 camas,4,persona que viaja sola,excepcional,,,10.0,2023-12-02,muy bien
the river hostel,argentina,cama en habitación compartida mixta de 4 camas,3,persona que viaja sola,hermoso fin de semana por valencia,,,10.0,2023-11-27,muy bien
the river hostel,ucrania,litera en dormitorio compartido mixto con 10 camas,4,persona que viaja sola,excepcional,,,10.0,2023-11-24,muy bien
the river hostel,república checa,litera en una habitación compartida femenina,1,persona que viaja sola,excepcional,,,10.0,2023-11-19,muy bien
the river hostel,reino unido,litera en habitación compartida mixta de 12 camas,4,persona que viaja sola,excepcional,,,10.0,2023-11-17,muy bien
the river hostel,,litera en habitación compartida mixta de 12 camas,2,persona que viaja sola,excepcional,,,10.0,2023-11-14,muy bien
the river hostel,alemania,litera en dormitorio compartido mixto con 10 camas,1,persona que viaja sola,"when you decided to stay in hostel, yes you are the right way,",,,10.0,2023-11-13,muy bien
the river hostel,españa,litera en habitación compartida mixta de 12 camas,2,persona que viaja sola,excepcional,,,10.0,2023-10-29,muy bien
the river hostel,irlanda,cama en habitación compartida mixta de 4 camas,4,pareja,excepcional,,,10.0,2023-10-29,muy bien
the river hostel,marruecos,litera en habitación compartida mixta de 12 camas,2,persona que viaja sola,aceptable,,,5.0,2023-10-28,muy bien
the river hostel,,litera en habitación compartida mixta de 12 camas,1,persona que viaja sola,excepcional,,,10.0,2023-10-27,muy bien
the river hostel,japón,litera en dormitorio compartido mixto con 10 camas,4,persona que viaja sola,excepcional,,,10.0,2023-10-19,muy bien
the river hostel,reino unido,litera en habitación compartida mixta de 12 camas,8,persona que viaja sola,excepcional,,,10.0,2023-10-16,muy bien
the river hostel,reino unido,litera en dormitorio compartido mixto con 10 camas,1,persona que viaja sola,decepcionante,,,4.0,2023-10-12,muy bien
the river hostel,países bajos,cama en habitación compartida mixta de 8 camas,3,persona que viaja sola,excepcional,,,10.0,2023-10-10,muy bien
the river hostel,alemania,cama en habitación compartida mixta de 6 camas,3,persona que viaja sola,agradable,,,6.0,2023-10-10,muy bien
the river hostel,nueva zelanda,cama en habitación compartida mixta de 8 camas,2,persona que viaja sola,agradable,,,6.0,2023-10-06,muy bien
the river hostel,australia,litera en habitación compartida mixta de 12 camas,2,grupo,excepcional,,,10.0,2023-10-05,muy bien
the river hostel,polonia,litera en dormitorio compartido mixto con 10 camas,2,persona que viaja sola,excepcional,,,10.0,2023-10-03,muy bien
the river hostel,españa,litera en una habitación compartida femenina,2,persona que viaja sola,excepcional,,,10.0,2023-10-01,muy bien
the river hostel,serbia,litera en una habitación compartida femenina,1,persona que viaja sola,excepcional,,,10.0,2023-09-29,muy bien
the river hostel,nueva zelanda,litera en dormitorio compartido mixto con 10 camas,1,persona que viaja sola,excepcional,,,10.0,2023-09-27,muy bien
the river hostel,kenia,litera en una habitación compartida femenina,3,persona que viaja sola,excepcional,,,10.0,2023-09-26,muy bien
the river hostel,polonia,cama en habitación compartida mixta de 8 camas,1,persona que viaja sola,excepcional,,,10.0,2023-09-24,muy bien
the river hostel,hungría,cama en habitación compartida mixta de 4 camas,1,persona que viaja sola,excepcional,,,10.0,2023-09-18,muy bien
the river hostel,georgia,litera en habitación compartida mixta de 12 camas,4,persona que viaja sola,excepcional,,,10.0,2023-09-08,muy bien
the river hostel,perú,litera en una habitación compartida femenina,2,persona que viaja sola,excepcional,,,10.0,2023-09-04,muy bien
the river hostel,túnez,litera en dormitorio compartido mixto con 10 camas,1,pareja,excepcional,,,10.0,2023-08-29,muy bien
the river hostel,reino unido,litera en dormitorio compartido mixto con 10 camas,3,persona que viaja sola,excepcional,,,10.0,2023-08-29,muy bien
the river hostel,reino unido,litera en dormitorio compartido mixto con 10 camas,1,pareja,excepcional,,,10.0,2023-08-27,muy bien
the river hostel,españa,litera en habitación compartida mixta de 12 camas,3,persona que viaja sola,excepcional,,,10.0,2023-08-27,muy bien
the river hostel,nueva zelanda,litera en habitación compartida mixta de 12 camas,5,persona que viaja sola,excepcional,,,10.0,2023-08-26,muy bien
the river hostel,argentina,litera en habitación compartida mixta de 12 camas,2,persona que viaja sola,excepcional,,,10.0,2023-08-24,muy bien
the river hostel,italia,litera en habitación compartida mixta de 12 camas,1,persona que viaja sola,excepcional,,,10.0,2023-08-24,muy bien
the river hostel,suiza,litera en una habitación compartida femenina,5,pareja,excepcional,,,10.0,2023-08-14,muy bien
the river hostel,méxico,cama en habitación compartida mixta de 4 camas,1,persona que viaja sola,excelent,,,10.0,2023-08-07,muy bien
the river hostel,francia,cama en habitación compartida mixta de 4 camas,1,persona que viaja sola,excepcional,,,10.0,2023-07-31,muy bien
the river hostel,austria,litera en dormitorio compartido mixto con 10 camas,1,persona que viaja sola,"competent, available and friendly staff, great facilities and location. if you are looking for great value for money in",,,10.0,2023-07-28,muy bien
the river hostel,turquía,litera en habitación compartida mixta de 12 camas,3,pareja,excepcional,,,10.0,2023-07-27,muy bien
the river hostel,italia,litera en habitación compartida mixta de 12 camas,1,pareja,excepcional,,,10.0,2023-07-27,muy bien
the river hostel,uruguay,litera en dormitorio compartido mixto con 10 camas,1,grupo,excepcional,,,10.0,2023-07-26,muy bien
the river hostel,alemania,litera en dormitorio compartido mixto con 10 camas,1,grupo,excepcional,,,10.0,2023-07-26,muy bien
the river hostel,suiza,litera en habitación compartida mixta de 12 camas,1,persona que viaja sola,excepcional,,,10.0,2023-07-25,muy bien
the river hostel,países bajos,cama en habitación compartida mixta de 6 camas,1,persona que viaja sola,agradable,,,6.0,2023-07-13,muy bien
the river hostel,bulgaria,litera en habitación compartida mixta de 12 camas,1,persona que viaja sola,excepcional,,,10.0,2023-07-11,muy bien
the river hostel,alemania,litera en habitación compartida mixta de 12 camas,1,persona que viaja sola,excepcional,,,10.0,2023-06-30,muy bien
the river hostel,australia,cama en habitación compartida mixta de 8 camas,3,grupo,excepcional,,,10.0,2023-06-29,muy bien
the river hostel,república checa,litera en una habitación compartida femenina,3,persona que viaja sola,agradable,,,6.0,2023-06-20,muy bien
the river hostel,reino unido,cama en habitación compartida mixta de 4 camas,2,persona que viaja sola,excepcional,,,10.0,2023-06-17,muy bien
the river hostel,letonia,litera en dormitorio compartido mixto con 10 camas,4,grupo,excepcional,,,10.0,2023-06-14,muy bien
the river hostel,macedonia del norte,litera en dormitorio compartido mixto con 10 camas,1,persona que viaja sola,excepcional,,,10.0,2023-06-08,muy bien
the river hostel,marruecos,litera en dormitorio compartido mixto con 10 camas,1,persona que viaja sola,excepcional,,,10.0,2023-06-06,muy bien
the river hostel,grecia,litera en habitación compartida mixta de 12 camas,1,persona que viaja sola,perfect location. thanks.,,,10.0,2023-06-05,muy bien
the river hostel,países bajos,cama en habitación compartida mixta de 8 camas,1,persona que viaja sola,nice stay near the center. value for money,,,10.0,2023-06-03,muy bien
the river hostel,españa,litera en habitación compartida mixta de 12 camas,1,persona que viaja sola,excepcional,,,10.0,2023-06-02,muy bien
the river hostel,estados unidos,cama en habitación compartida mixta de 4 camas,1,persona que viaja sola,excepcional,,,10.0,2023-06-01,muy bien
the river hostel,hungría,cama en habitación compartida mixta de 8 camas,4,persona que viaja sola,excepcional,,,10.0,2023-05-27,muy bien
the river hostel,reino unido,litera en habitación compartida mixta de 12 camas,4,persona que viaja sola,excepcional,,,10.0,2023-05-25,muy bien
the river hostel,españa,litera en habitación compartida mixta de 12 camas,1,persona que viaja sola,excepcional,,,10.0,2023-05-13,muy bien
the river hostel,españa,cama en habitación compartida mixta de 8 camas,3,persona que viaja sola,excepcional,,,10.0,2023-05-11,muy bien
the river hostel,reino unido,litera en una habitación compartida femenina,1,persona que viaja sola,aceptable,,,5.0,2023-05-10,muy bien
the river hostel,puerto rico,cama en habitación compartida mixta de 4 camas,1,persona que viaja sola,excepcional,,,10.0,2023-05-10,muy bien
the river hostel,países bajos,cama en habitación compartida mixta de 8 camas,4,persona que viaja sola,excepcional,,,10.0,2023-05-10,muy bien
the river hostel,suiza,litera en habitación compartida mixta de 12 camas,2,persona que viaja sola,excepcional,,,10.0,2023-04-30,muy bien
the river hostel,polonia,cama en habitación compartida mixta de 8 camas,1,persona que viaja sola,excepcional,,,10.0,2023-04-20,muy bien
the river hostel,portugal,litera en dormitorio compartido mixto con 10 camas,1,persona que viaja sola,muy bien,,,8.0,2023-12-20,muy bien
the river hostel,alemania,litera en dormitorio compartido mixto con 10 camas,3,persona que viaja sola,bien,,,7.0,2023-08-03,muy bien
the river hostel,canadá,cama en habitación compartida mixta de 8 camas,4,persona que viaja sola,excepcional,,,10.0,2023-05-20,muy bien
the river hostel,hungría,litera en habitación compartida mixta de 12 camas,2,persona que viaja sola,bien,,,7.0,2026-04-16,muy bien
the river hostel,españa,litera en habitación compartida mixta de 12 camas,1,persona que viaja sola,muy bien,,,8.0,2026-04-15,muy bien
the river hostel,francia,litera en dormitorio compartido mixto con 10 camas,1,persona que viaja sola,bien,,,7.0,2026-04-14,muy bien
the river hostel,turquía,cama en habitación compartida mixta de 6 camas,3,persona que viaja sola,bien,,,7.0,2026-04-13,muy bien
the river hostel,españa,litera en una habitación compartida femenina,1,persona que viaja sola,bien,,,7.0,2026-04-12,muy bien
the river hostel,polonia,litera en habitación compartida mixta de 12 camas,4,persona que viaja sola,muy bien,,,8.0,2026-04-11,muy bien
the river hostel,francia,litera en dormitorio compartido mixto con 10 camas,1,persona que viaja sola,fantástico,,,9.0,2026-04-11,muy bien
the river hostel,francia,litera en habitación compartida mixta de 12 camas,3,persona que viaja sola,muy bien,,,8.0,2026-04-10,muy bien
the river hostel,bélgica,litera en una habitación compartida femenina,4,persona que viaja sola,muy bien,,,8.0,2026-04-10,muy bien
the river hostel,francia,litera en habitación compartida mixta de 12 camas,2,persona que viaja sola,muy bien,,,8.0,2026-04-10,muy bien
the river hostel,marruecos,litera en habitación compartida mixta de 12 camas,1,persona que viaja sola,muy bien,,,8.0,2026-04-08,muy bien
the river hostel,polonia,litera en habitación compartida mixta de 12 camas,1,persona que viaja sola,bien,,,7.0,2026-04-08,muy bien
the river hostel,italia,litera en habitación compartida mixta de 12 camas,2,persona que viaja sola,muy bien,,,8.0,2026-04-07,muy bien
the river hostel,brasil,litera en habitación compartida mixta de 12 camas,26,persona que viaja sola,muy bien,,,8.0,2026-04-06,muy bien
the river hostel,ucrania,litera en dormitorio compartido mixto con 10 camas,1,persona que viaja sola,muy bien,,,8.0,2026-04-06,muy bien
the river hostel,alemania,litera en dormitorio compartido mixto con 10 camas,2,persona que viaja sola,muy bien,,,8.0,2026-04-05,muy bien
the river hostel,argelia,litera en dormitorio compartido mixto con 10 camas,1,persona que viaja sola,bien,,,7.0,2026-04-02,muy bien
the river hostel,alemania,litera en una habitación compartida femenina,7,persona que viaja sola,bien,,,7.0,2026-04-02,muy bien
the river hostel,ucrania,cama en habitación compartida mixta de 8 camas,8,persona que viaja sola,bien,,,7.0,2026-04-01,muy bien
the river hostel,italia,litera en habitación compartida mixta de 12 camas,3,persona que viaja sola,muy bien,,,8.0,2026-03-30,muy bien
the river hostel,países bajos,cama en habitación compartida mixta de 8 camas,4,persona que viaja sola,bien,,,7.0,2026-03-30,muy bien
the river hostel,portugal,cama en habitación compartida mixta de 4 camas,2,persona que viaja sola,bien,,,7.0,2026-03-30,muy bien
the river hostel,portugal,litera en habitación compartida mixta de 12 camas,5,persona que viaja sola,muy bien,,,8.0,2026-03-30,muy bien
the river hostel,españa,cama en habitación compartida mixta de 4 camas,2,persona que viaja sola,muy bien,,,8.0,2026-03-30,muy bien
the river hostel,polonia,litera en dormitorio compartido mixto con 10 camas,2,persona que viaja sola,muy bien,,,8.0,2026-03-29,muy bien
the river hostel,ucrania,litera en una habitación compartida femenina,1,persona que viaja sola,muy bien,,,8.0,2026-03-29,muy bien
the river hostel,alemania,litera en una habitación compartida femenina,7,persona que viaja sola,fantástico,,,9.0,2026-03-29,muy bien
the river hostel,francia,litera en dormitorio compartido mixto con 10 camas,1,persona que viaja sola,bien,,,7.0,2026-03-28,muy bien
the river hostel,españa,litera en dormitorio compartido mixto con 10 camas,1,persona que viaja sola,muy bien,,,8.0,2026-03-28,muy bien
the river hostel,reino unido,litera en habitación compartida mixta de 12 camas,1,persona que viaja sola,bien,,,7.0,2026-03-26,muy bien
the river hostel,marruecos,litera en una habitación compartida femenina,3,persona que viaja sola,fantástico,,,9.0,2026-03-25,muy bien
the river hostel,francia,litera en dormitorio compartido mixto con 10 camas,4,pareja,fantástico,,,9.0,2026-03-25,muy bien
the river hostel,italia,cama en habitación compartida mixta de 4 camas,3,persona que viaja sola,muy bien,,,8.0,2026-03-24,muy bien
the river hostel,alemania,cama en habitación compartida mixta de 4 camas,6,persona que viaja sola,fantástico,,,9.0,2026-03-23,muy bien
the river hostel,marruecos,litera en habitación compartida mixta de 12 camas,1,persona que viaja sola,fantástico,,,9.0,2026-03-22,muy bien
the river hostel,italia,litera en una habitación compartida femenina,1,persona que viaja sola,bien,,,7.0,2026-03-22,muy bien
the river hostel,italia,litera en una habitación compartida femenina,3,persona que viaja sola,fantástico,,,9.0,2026-03-22,muy bien
the river hostel,reino unido,litera en dormitorio compartido mixto con 10 camas,1,persona que viaja sola,bien,,,7.0,2026-03-22,muy bien
the river hostel,alemania,litera en habitación compartida mixta de 12 camas,7,grupo,bien,,,7.0,2026-03-21,muy bien
the river hostel,suecia,litera en dormitorio compartido mixto con 10 camas,2,pareja,muy bien,,,8.0,2026-03-20,muy bien
the river hostel,china,litera en habitación compartida mixta de 12 camas,7,persona que viaja sola,bien,,,7.0,2026-03-19,muy bien
the river hostel,españa,cama en habitación compartida mixta de 6 camas,2,familia,bien,,,7.0,2026-03-19,muy bien
the river hostel,italia,litera en habitación compartida mixta de 12 camas,3,persona que viaja sola,bien,,,7.0,2026-03-18,muy bien
the river hostel,ucrania,litera en habitación compartida mixta de 12 camas,2,persona que viaja sola,fantástico,,,9.0,2026-03-18,muy bien
the river hostel,francia,litera en habitación compartida mixta de 12 camas,5,persona que viaja sola,bien,,,7.0,2026-03-17,muy bien
the river hostel,república checa,litera en una habitación compartida femenina,1,persona que viaja sola,fantástico,,,9.0,2026-03-16,muy bien
the river hostel,francia,litera en habitación compartida mixta de 12 camas,4,persona que viaja sola,muy bien,,,8.0,2026-03-16,muy bien
the river hostel,alemania,litera en dormitorio compartido mixto con 10 camas,3,grupo,bien,,,7.0,2026-03-16,muy bien
the river hostel,italia,litera en dormitorio compartido mixto con 10 camas,8,persona que viaja sola,bien,,,7.0,2026-03-14,muy bien
the river hostel,portugal,litera en dormitorio compartido mixto con 10 camas,3,persona que viaja sola,muy bien,,,8.0,2026-03-11,muy bien
the river hostel,francia,cama en habitación compartida mixta de 6 camas,4,persona que viaja sola,bien,,,7.0,2026-03-10,muy bien
the river hostel,italia,cama en habitación compartida mixta de 8 camas,4,grupo,muy bien,,,8.0,2026-03-09,muy bien
the river hostel,italia,litera en una habitación compartida femenina,2,grupo,muy bien,,,8.0,2026-03-09,muy bien
the river hostel,croacia,cama en habitación compartida mixta de 8 camas,2,persona que viaja sola,fantástico,,,9.0,2026-03-08,muy bien
the river hostel,argelia,cama en habitación compartida mixta de 6 camas,2,persona que viaja sola,fantástico,,,9.0,2026-03-08,muy bien
the river hostel,francia,litera en habitación compartida mixta de 12 camas,1,persona que viaja sola,bien,,,7.0,2026-03-03,muy bien
the river hostel,italia,cama en habitación compartida mixta de 6 camas,2,familia,muy bien,,,8.0,2026-03-02,muy bien
the river hostel,italia,litera en dormitorio compartido mixto con 10 camas,6,persona que viaja sola,muy bien,,,8.0,2026-03-01,muy bien
the river hostel,francia,litera en habitación compartida mixta de 12 camas,1,persona que viaja sola,bien,,,7.0,2026-02-27,muy bien
the river hostel,países bajos,litera en una habitación compartida femenina,5,persona que viaja sola,muy bien,,,8.0,2026-02-27,muy bien
the river hostel,ucrania,litera en dormitorio compartido mixto con 10 camas,2,persona que viaja sola,muy bien,,,8.0,2026-02-26,muy bien
the river hostel,alemania,cama en habitación compartida mixta de 8 camas,2,persona que viaja sola,fantástico,,,9.0,2026-02-26,muy bien
the river hostel,españa,cama en habitación compartida mixta de 4 camas,1,persona que viaja sola,muy bien,,,8.0,2026-02-24,muy bien
the river hostel,italia,cama en habitación compartida mixta de 4 camas,3,persona que viaja sola,fantástico,,,9.0,2026-02-22,muy bien
the river hostel,brasil,litera en habitación compartida mixta de 12 camas,1,familia,muy bien,,,8.0,2026-02-20,muy bien
the river hostel,uzbekistán,litera en habitación compartida mixta de 12 camas,1,persona que viaja sola,fantástico,,,9.0,2026-02-18,muy bien
the river hostel,países bajos,litera en habitación compartida mixta de 12 camas,5,persona que viaja sola,bien,,,7.0,2026-02-16,muy bien
the river hostel,italia,litera en dormitorio compartido mixto con 10 camas,1,persona que viaja sola,fantástico,,,9.0,2026-02-16,muy bien
the river hostel,japón,litera en una habitación compartida femenina,1,persona que viaja sola,muy bien,,,8.0,2026-02-14,muy bien
the river hostel,marruecos,litera en habitación compartida mixta de 12 camas,1,persona que viaja sola,bien,,,7.0,2026-02-14,muy bien
the river hostel,corea del sur,litera en una habitación compartida femenina,3,persona que viaja sola,muy bien,,,8.0,2026-02-11,muy bien
the river hostel,rumanía,litera en habitación compartida mixta de 12 camas,2,persona que viaja sola,bien,,,7.0,2026-02-09,muy bien
the river hostel,italia,litera en habitación compartida mixta de 12 camas,2,persona que viaja sola,muy bien,,,8.0,2026-02-09,muy bien
the river hostel,alemania,cama en habitación compartida mixta de 8 camas,1,persona que viaja sola,muy bien,,,8.0,2026-02-09,muy bien
the river hostel,portugal,litera en habitación compartida mixta de 12 camas,3,persona que viaja sola,muy bien,,,8.0,2026-02-07,muy bien
the river hostel,italia,litera en una habitación compartida femenina,1,persona que viaja sola,muy bien,,,8.0,2026-02-02,muy bien
the river hostel,italia,litera en una habitación compartida femenina,2,persona que viaja sola,fantástico,,,9.0,2026-02-01,muy bien
the river hostel,suiza,litera en habitación compartida mixta de 12 camas,5,persona que viaja sola,muy bien,,,8.0,2026-01-31,muy bien
the river hostel,francia,litera en habitación compartida mixta de 12 camas,1,persona que viaja sola,muy bien,,,8.0,2026-01-30,muy bien
the river hostel,ucrania,litera en habitación compartida mixta de 12 camas,1,persona que viaja sola,fantástico,,,9.0,2026-01-28,muy bien
the river hostel,italia,litera en habitación compartida mixta de 12 camas,2,persona que viaja sola,muy bien,,,8.0,2026-01-26,muy bien
the river hostel,francia,litera en habitación compartida mixta de 12 camas,3,persona que viaja sola,fantástico,,,9.0,2026-01-26,muy bien
the river hostel,países bajos,litera en habitación compartida mixta de 12 camas,5,persona que viaja sola,bien,,,7.0,2026-01-26,muy bien
the river hostel,españa,litera en habitación compartida mixta de 12 camas,1,persona que viaja sola,muy bien,,,8.0,2026-01-26,muy bien
the river hostel,francia,litera en habitación compartida mixta de 12 camas,1,persona que viaja sola,fantástico,,,9.0,2026-01-24,muy bien
the river hostel,alemania,litera en habitación compartida mixta de 12 camas,3,persona que viaja sola,muy bien,,,8.0,2026-01-23,muy bien
the river hostel,canadá,litera en habitación compartida mixta de 12 camas,1,persona que viaja sola,fantástico,,,9.0,2026-01-21,muy bien
the river hostel,argelia,litera en dormitorio compartido mixto con 10 camas,1,persona que viaja sola,muy bien,,,8.0,2026-01-21,muy bien
the river hostel,italia,litera en habitación compartida mixta de 12 camas,3,persona que viaja sola,fantástico,,,9.0,2026-01-21,muy bien
the river hostel,italia,cama en habitación compartida mixta de 4 camas,4,persona que viaja sola,fantástico,,,9.0,2026-01-20,muy bien
the river hostel,italia,cama en habitación compartida mixta de 4 camas,3,persona que viaja sola,muy bien,,,8.0,2026-01-20,muy bien
the river hostel,italia,litera en dormitorio compartido mixto con 10 camas,3,persona que viaja sola,bien,,,7.0,2026-01-20,muy bien
the river hostel,italia,litera en una habitación compartida femenina,1,persona que viaja sola,fantástico,,,9.0,2026-01-15,muy bien
the river hostel,españa,cama en habitación compartida mixta de 4 camas,1,persona que viaja sola,muy bien,,,8.0,2026-01-11,muy bien
the river hostel,españa,cama en habitación compartida mixta de 4 camas,1,persona que viaja sola,muy bien,,,8.0,2026-01-11,muy bien
the river hostel,italia,cama en habitación compartida mixta de 4 camas,3,persona que viaja sola,muy bien,,,8.0,2026-01-08,muy bien
the river hostel,eslovaquia,litera en dormitorio compartido mixto con 10 camas,4,persona que viaja sola,bien,,,7.0,2026-01-07,muy bien
the river hostel,francia,litera en habitación compartida mixta de 12 camas,4,grupo,muy bien,,,8.0,2026-01-06,muy bien
the river hostel,alemania,litera en dormitorio compartido mixto con 10 camas,3,persona que viaja sola,muy bien,,,8.0,2026-01-06,muy bien
the river hostel,brasil,litera en una habitación compartida femenina,2,pareja,muy bien,,,8.0,2026-01-04,muy bien
the river hostel,marruecos,litera en habitación compartida mixta de 12 camas,4,persona que viaja sola,muy bien,,,8.0,2026-01-04,muy bien
the river hostel,eslovaquia,cama en habitación compartida mixta de 4 camas,2,persona que viaja sola,fantástico,,,9.0,2026-01-03,muy bien
the river hostel,italia,litera en una habitación compartida femenina,3,persona que viaja sola,muy bien,,,8.0,2026-01-03,muy bien
the river hostel,brasil,litera en una habitación compartida femenina,2,persona que viaja sola,bien,,,7.0,2026-01-02,muy bien
the river hostel,serbia,cama en habitación compartida mixta de 6 camas,4,persona que viaja sola,fantástico,,,9.0,2026-01-02,muy bien
the river hostel,bélgica,litera en habitación compartida mixta de 12 camas,4,persona que viaja sola,muy bien,,,8.0,2025-12-31,muy bien
the river hostel,españa,cama en habitación compartida mixta de 6 camas,1,persona que viaja sola,fantástico,,,9.0,2025-12-26,muy bien
the river hostel,ucrania,litera en habitación compartida mixta de 12 camas,1,persona que viaja sola,muy bien,,,8.0,2025-12-25,muy bien
the river hostel,alemania,litera en habitación compartida mixta de 12 camas,5,persona que viaja sola,fantástico,,,9.0,2025-12-24,muy bien
the river hostel,república checa,litera en dormitorio compartido mixto con 10 camas,3,persona que viaja sola,muy bien,,,8.0,2025-12-24,muy bien
the river hostel,polonia,litera en dormitorio compartido mixto con 10 camas,1,grupo,fantástico,,,9.0,2025-12-23,muy bien
the river hostel,españa,litera en dormitorio compartido mixto con 10 camas,1,grupo,bien,,,7.0,2025-12-20,muy bien
the river hostel,italia,cama en habitación compartida mixta de 8 camas,3,persona que viaja sola,fantástico,,,9.0,2025-12-20,muy bien
the river hostel,ucrania,litera en habitación compartida mixta de 12 camas,1,grupo,muy bien,,,8.0,2025-12-19,muy bien
the river hostel,portugal,cama en habitación compartida mixta de 4 camas,2,persona que viaja sola,fantástico,,,9.0,2025-12-14,muy bien
the river hostel,españa,litera en habitación compartida mixta de 12 camas,1,persona que viaja sola,bien,,,7.0,2025-12-13,muy bien
the river hostel,serbia,cama en habitación compartida mixta de 6 camas,4,persona que viaja sola,muy bien,,,8.0,2025-12-11,muy bien
the river hostel,italia,litera en una habitación compartida femenina,2,persona que viaja sola,fantástico,,,9.0,2025-12-11,muy bien
the river hostel,portugal,litera en dormitorio compartido mixto con 10 camas,2,persona que viaja sola,fantástico,,,9.0,2025-12-11,muy bien
the river hostel,italia,cama en habitación compartida mixta de 4 camas,1,persona que viaja sola,fantástico,,,9.0,2025-12-09,muy bien
the river hostel,francia,litera en una habitación compartida femenina,3,persona que viaja sola,muy bien,,,8.0,2025-12-09,muy bien
the river hostel,letonia,litera en dormitorio compartido mixto con 10 camas,4,persona que viaja sola,bien,,,7.0,2025-12-08,muy bien
the river hostel,brasil,cama en habitación compartida mixta de 8 camas,5,persona que viaja sola,fantástico,,,9.0,2025-12-08,muy bien
the river hostel,ucrania,litera en una habitación compartida femenina,3,persona que viaja sola,fantástico,,,9.0,2025-12-08,muy bien
the river hostel,países bajos,cama en habitación compartida mixta de 8 camas,4,persona que viaja sola,bien,,,7.0,2025-12-07,muy bien
the river hostel,italia,litera en habitación compartida mixta de 12 camas,1,persona que viaja sola,muy bien,,,8.0,2025-12-04,muy bien
the river hostel,brasil,litera en habitación compartida mixta de 12 camas,2,persona que viaja sola,muy bien,,,8.0,2025-12-03,muy bien
the river hostel,brasil,litera en una habitación compartida femenina,2,persona que viaja sola,bien,,,7.0,2025-12-01,muy bien
the river hostel,portugal,litera en una habitación compartida femenina,3,persona que viaja sola,fantástico,,,9.0,2025-11-28,muy bien
the river hostel,marruecos,litera en una habitación compartida femenina,4,persona que viaja sola,muy bien,,,8.0,2025-11-25,muy bien
the river hostel,polonia,litera en habitación compartida mixta de 12 camas,4,persona que viaja sola,bien,,,7.0,2025-11-24,muy bien
the river hostel,alemania,litera en una habitación compartida femenina,2,persona que viaja sola,fantástico,,,9.0,2025-11-24,muy bien
the river hostel,portugal,litera en una habitación compartida femenina,3,grupo,bien,,,7.0,2025-11-24,muy bien
the river hostel,brasil,litera en habitación compartida mixta de 12 camas,9,persona que viaja sola,bien,,,7.0,2025-11-24,muy bien
the river hostel,suiza,cama en habitación compartida mixta de 6 camas,3,persona que viaja sola,muy bien,,,8.0,2025-11-21,muy bien
the river hostel,italia,litera en habitación compartida mixta de 12 camas,4,persona que viaja sola,fantástico,,,9.0,2025-11-20,muy bien
the river hostel,bélgica,litera en una habitación compartida femenina,2,persona que viaja sola,muy bien,,,8.0,2025-11-19,muy bien
the river hostel,canadá,litera en habitación compartida mixta de 12 camas,5,persona que viaja sola,bien,,,7.0,2025-11-19,muy bien
the river hostel,alemania,litera en una habitación compartida femenina,3,persona que viaja sola,bien,,,7.0,2025-11-18,muy bien
the river hostel,italia,litera en habitación compartida mixta de 12 camas,4,persona que viaja sola,bien,,,7.0,2025-11-18,muy bien
the river hostel,italia,cama en habitación compartida mixta de 6 camas,4,persona que viaja sola,bien,,,7.0,2025-11-17,muy bien
the river hostel,francia,litera en habitación compartida mixta de 12 camas,2,persona que viaja sola,bien,,,7.0,2025-11-16,muy bien
the river hostel,colombia,litera en una habitación compartida femenina,1,persona que viaja sola,muy bien,,,8.0,2025-11-16,muy bien
the river hostel,italia,litera en una habitación compartida femenina,3,persona que viaja sola,muy bien,,,8.0,2025-11-16,muy bien
the river hostel,polonia,litera en habitación compartida mixta de 12 camas,2,persona que viaja sola,bien,,,7.0,2025-11-15,muy bien
the river hostel,finlandia,cama en habitación compartida mixta de 4 camas,2,persona que viaja sola,muy bien,,,8.0,2025-11-14,muy bien
the river hostel,italia,litera en una habitación compartida femenina,1,persona que viaja sola,fantástico,,,9.0,2025-11-13,muy bien
the river hostel,marruecos,litera en una habitación compartida femenina,4,persona que viaja sola,bien,,,7.0,2025-11-12,muy bien
the river hostel,argelia,litera en habitación compartida mixta de 12 camas,1,persona que viaja sola,muy bien,,,8.0,2025-11-12,muy bien
the river hostel,alemania,litera en dormitorio compartido mixto con 10 camas,3,persona que viaja sola,bien,,,7.0,2025-11-02,muy bien
the river hostel,italia,litera en una habitación compartida femenina,4,persona que viaja sola,fantástico,,,9.0,2025-10-31,muy bien
the river hostel,francia,litera en habitación compartida mixta de 12 camas,3,grupo,fantástico,,,9.0,2025-10-30,muy bien
the river hostel,portugal,cama en habitación compartida mixta de 4 camas,3,persona que viaja sola,fantástico,,,9.0,2025-10-28,muy bien
the river hostel,ucrania,litera en dormitorio compartido mixto con 10 camas,1,familia,fantástico,,,9.0,2025-10-27,muy bien
the river hostel,suiza,cama en habitación compartida mixta de 4 camas,3,grupo,fantástico,,,9.0,2025-10-27,muy bien
the river hostel,alemania,cama en habitación compartida mixta de 4 camas,2,persona que viaja sola,muy bien,,,8.0,2025-10-27,muy bien
the river hostel,kazajistán,litera en una habitación compartida femenina,2,persona que viaja sola,bien,,,7.0,2025-10-27,muy bien
the river hostel,bélgica,cama en habitación compartida mixta de 4 camas,1,persona que viaja sola,bien,,,7.0,2025-10-27,muy bien
the river hostel,portugal,cama en habitación compartida mixta de 6 camas,2,persona que viaja sola,muy bien,,,8.0,2025-10-27,muy bien
the river hostel,italia,litera en habitación compartida mixta de 12 camas,2,persona que viaja sola,fantástico,,,9.0,2025-10-26,muy bien
the river hostel,alemania,litera en dormitorio compartido mixto con 10 camas,1,persona que viaja sola,muy bien,,,8.0,2025-10-26,muy bien
the river hostel,alemania,litera en habitación compartida mixta de 12 camas,1,persona que viaja sola,muy bien,,,8.0,2025-10-26,muy bien
the river hostel,italia,cama en habitación compartida mixta de 6 camas,4,persona que viaja sola,muy bien,,,8.0,2025-10-25,muy bien
the river hostel,francia,litera en dormitorio compartido mixto con 10 camas,4,persona que viaja sola,muy bien,,,8.0,2025-10-25,muy bien
the river hostel,españa,cama en habitación compartida mixta de 6 camas,1,persona que viaja sola,muy bien,,,8.0,2025-10-24,muy bien
the river hostel,alemania,litera en una habitación compartida femenina,2,grupo,muy bien,,,8.0,2025-10-22,muy bien
the river hostel,taiwán,litera en una habitación compartida femenina,4,persona que viaja sola,bien,,,7.0,2025-10-21,muy bien
the river hostel,italia,litera en dormitorio compartido mixto con 10 camas,3,persona que viaja sola,muy bien,,,8.0,2025-10-19,muy bien
the river hostel,alemania,litera en una habitación compartida femenina,2,persona que viaja sola,muy bien,,,8.0,2025-10-17,muy bien
the river hostel,italia,litera en dormitorio compartido mixto con 10 camas,2,persona que viaja sola,fantástico,,,9.0,2025-10-15,muy bien
the river hostel,alemania,litera en dormitorio compartido mixto con 10 camas,1,persona que viaja sola,muy bien,,,8.0,2025-10-12,muy bien
the river hostel,argelia,litera en habitación compartida mixta de 12 camas,5,persona que viaja sola,muy bien,,,8.0,2025-10-09,muy bien
the river hostel,italia,litera en una habitación compartida femenina,1,grupo,muy bien,,,8.0,2025-10-09,muy bien
the river hostel,polonia,litera en una habitación compartida femenina,3,grupo,muy bien,,,8.0,2025-10-08,muy bien
the river hostel,polonia,cama en habitación compartida mixta de 6 camas,2,persona que viaja sola,bien,,,7.0,2025-10-08,muy bien
the river hostel,dinamarca,litera en dormitorio compartido mixto con 10 camas,3,persona que viaja sola,bien,,,7.0,2025-10-07,muy bien
the river hostel,ucrania,litera en habitación compartida mixta de 12 camas,2,persona que viaja sola,fantástico,,,9.0,2025-10-07,muy bien
the river hostel,italia,litera en una habitación compartida femenina,2,grupo,muy bien,,,8.0,2025-10-06,muy bien
the river hostel,brasil,litera en dormitorio compartido mixto con 10 camas,6,persona que viaja sola,fantástico,,,9.0,2025-10-05,muy bien
the river hostel,austria,litera en una habitación compartida femenina,5,grupo,fantástico,,,9.0,2025-10-05,muy bien
the river hostel,españa,cama en habitación compartida mixta de 4 camas,1,persona que viaja sola,bien,,,7.0,2025-10-04,muy bien
the river hostel,ucrania,litera en habitación compartida mixta de 12 camas,1,persona que viaja sola,fantástico,,,9.0,2025-10-03,muy bien
the river hostel,países bajos,litera en una habitación compartida femenina,4,persona que viaja sola,bien,,,7.0,2025-10-02,muy bien
the river hostel,francia,litera en dormitorio compartido mixto con 10 camas,4,persona que viaja sola,muy bien,,,8.0,2025-10-02,muy bien
the river hostel,italia,litera en una habitación compartida femenina,3,persona que viaja sola,muy bien,,,8.0,2025-10-01,muy bien
the river hostel,alemania,litera en habitación compartida mixta de 12 camas,1,grupo,fantástico,,,9.0,2025-10-01,muy bien
the river hostel,eslovenia,litera en una habitación compartida femenina,6,grupo,muy bien,,,8.0,2025-09-28,muy bien
the river hostel,alemania,litera en una habitación compartida femenina,1,grupo,sehr freundliches und kompetentes personal,,,9.0,2025-09-27,muy bien
the river hostel,suiza,litera en dormitorio compartido mixto con 10 camas,1,persona que viaja sola,fantástico,,,9.0,2025-09-26,muy bien
the river hostel,costa de marfil,litera en dormitorio compartido mixto con 10 camas,3,persona que viaja sola,muy bien,,,8.0,2025-09-24,muy bien
the river hostel,costa de marfil,litera en habitación compartida mixta de 12 camas,3,persona que viaja sola,muy bien,,,8.0,2025-09-24,muy bien
the river hostel,italia,litera en una habitación compartida femenina,3,persona que viaja sola,muy bien,,,8.0,2025-09-23,muy bien
the river hostel,polonia,litera en habitación compartida mixta de 12 camas,3,persona que viaja sola,muy bien,,,8.0,2025-09-23,muy bien
the river hostel,alemania,litera en una habitación compartida femenina,3,grupo,fantástico,,,9.0,2025-09-23,muy bien
the river hostel,alemania,litera en una habitación compartida femenina,1,grupo,fantástico,,,9.0,2025-09-23,muy bien
the river hostel,italia,litera en habitación compartida mixta de 12 camas,2,persona que viaja sola,fantástico,,,9.0,2025-09-21,muy bien
the river hostel,francia,litera en habitación compartida mixta de 12 camas,3,persona que viaja sola,muy bien,,,8.0,2025-09-20,muy bien
the river hostel,ucrania,cama en habitación compartida mixta de 6 camas,2,persona que viaja sola,fantástico,,,9.0,2025-09-18,muy bien
the river hostel,turquía,cama en habitación compartida mixta de 6 camas,2,pareja,muy bien,,,8.0,2025-09-18,muy bien
the river hostel,alemania,litera en una habitación compartida femenina,2,persona que viaja sola,fantástico,,,9.0,2025-09-18,muy bien
the river hostel,suiza,litera en dormitorio compartido mixto con 10 camas,3,persona que viaja sola,fantástico,,,9.0,2025-09-17,muy bien
the river hostel,alemania,litera en habitación compartida mixta de 12 camas,5,persona que viaja sola,muy bien,,,8.0,2025-09-15,muy bien
the river hostel,bélgica,litera en una habitación compartida femenina,2,persona que viaja sola,fantástico,,,9.0,2025-09-13,muy bien
the river hostel,italia,litera en habitación compartida mixta de 12 camas,4,persona que viaja sola,fantástico,,,9.0,2025-09-12,muy bien
the river hostel,austria,litera en una habitación compartida femenina,3,grupo,muy bien,,,8.0,2025-09-10,muy bien
the river hostel,república checa,litera en una habitación compartida femenina,3,grupo,muy bien,,,8.0,2025-09-10,muy bien
the river hostel,alemania,litera en una habitación compartida femenina,1,persona que viaja sola,bien,,,7.0,2025-09-09,muy bien
the river hostel,portugal,litera en una habitación compartida femenina,3,persona que viaja sola,fantástico,,,9.0,2025-09-08,muy bien
the river hostel,españa,litera en dormitorio compartido mixto con 10 camas,6,grupo,bien,,,7.0,2025-09-06,muy bien
the river hostel,francia,cama en habitación compartida mixta de 6 camas,3,persona que viaja sola,muy bien,,,8.0,2025-09-05,muy bien
the river hostel,marruecos,cama en habitación compartida mixta de 4 camas,3,persona que viaja sola,fantástico,,,9.0,2025-09-04,muy bien
the river hostel,italia,litera en una habitación compartida femenina,1,persona que viaja sola,muy bien,,,8.0,2025-09-04,muy bien
the river hostel,taiwán,litera en habitación compartida mixta de 12 camas,1,persona que viaja sola,muy bien,,,8.0,2025-09-03,muy bien
the river hostel,italia,litera en una habitación compartida femenina,1,familia,bien,,,7.0,2025-09-02,muy bien
the river hostel,ucrania,litera en habitación compartida mixta de 12 camas,1,persona que viaja sola,muy bien,,,8.0,2025-09-02,muy bien
the river hostel,francia,litera en dormitorio compartido mixto con 10 camas,7,persona que viaja sola,muy bien,,,8.0,2025-08-31,muy bien
the river hostel,portugal,litera en habitación compartida mixta de 12 camas,4,persona que viaja sola,muy bien,,,8.0,2025-08-31,muy bien
the river hostel,brasil,litera en habitación compartida mixta de 12 camas,3,persona que viaja sola,bien,,,7.0,2025-08-30,muy bien
the river hostel,ucrania,litera en habitación compartida mixta de 12 camas,1,persona que viaja sola,fantástico,,,9.0,2025-08-30,muy bien
the river hostel,marruecos,cama en habitación compartida mixta de 6 camas,2,grupo,bien,,,7.0,2025-08-29,muy bien
the river hostel,españa,litera en habitación compartida mixta de 12 camas,1,persona que viaja sola,muy bien,,,8.0,2025-08-29,muy bien
the river hostel,brasil,litera en habitación compartida mixta de 12 camas,5,grupo,fantástico,,,9.0,2025-08-27,muy bien
the river hostel,eslovaquia,litera en habitación compartida mixta de 12 camas,1,persona que viaja sola,"bolo to perfektné,  isto, skvele zariadené, bezpe ná úschov a bato iny a zadarmo nápoje.",,,9.0,2025-08-27,muy bien
the river hostel,brasil,litera en una habitación compartida femenina,6,persona que viaja sola,muy bien,,,8.0,2025-08-26,muy bien
the river hostel,brasil,litera en habitación compartida mixta de 12 camas,1,persona que viaja sola,bien,,,7.0,2025-08-26,muy bien
the river hostel,república checa,litera en dormitorio compartido mixto con 10 camas,1,grupo,bien,,,7.0,2025-08-26,muy bien
the river hostel,república checa,litera en habitación compartida mixta de 12 camas,1,grupo,bien,,,7.0,2025-08-26,muy bien
the river hostel,italia,litera en habitación compartida mixta de 12 camas,7,persona que viaja sola,muy bien,,,8.0,2025-08-25,muy bien
the river hostel,francia,cama en habitación compartida mixta de 4 camas,3,grupo,bien,,,7.0,2025-08-23,muy bien
the river hostel,francia,cama en habitación compartida mixta de 6 camas,2,persona que viaja sola,fantástico,,,9.0,2025-08-20,muy bien
the river hostel,italia,litera en dormitorio compartido mixto con 10 camas,3,grupo,muy bien,,,8.0,2025-08-20,muy bien
the river hostel,marruecos,litera en una habitación compartida femenina,4,grupo,bien,,,7.0,2025-08-20,muy bien
the river hostel,italia,litera en habitación compartida mixta de 12 camas,4,persona que viaja sola,muy bien,,,8.0,2025-08-19,muy bien
the river hostel,países bajos,litera en habitación compartida mixta de 12 camas,1,persona que viaja sola,muy bien,,,8.0,2025-08-19,muy bien
the river hostel,italia,litera en dormitorio compartido mixto con 10 camas,2,grupo,muy bien,,,8.0,2025-08-19,muy bien
the river hostel,alemania,litera en una habitación compartida femenina,7,persona que viaja sola,muy bien,,,8.0,2025-08-13,muy bien
the river hostel,países bajos,litera en habitación compartida mixta de 12 camas,2,persona que viaja sola,muy bien,,,8.0,2025-08-13,muy bien
the river hostel,italia,litera en habitación compartida mixta de 12 camas,1,persona que viaja sola,fantástico,,,9.0,2025-08-10,muy bien
the river hostel,italia,litera en una habitación compartida femenina,2,persona que viaja sola,bien,,,7.0,2025-08-07,muy bien
the river hostel,japón,litera en habitación compartida mixta de 12 camas,2,persona que viaja sola,bien,,,7.0,2025-08-07,muy bien
the river hostel,corea del sur,cama en habitación compartida mixta de 6 camas,3,grupo,muy bien,,,8.0,2025-08-06,muy bien
the river hostel,alemania,litera en habitación compartida mixta de 12 camas,8,persona que viaja sola,muy bien,,,8.0,2025-08-06,muy bien
the river hostel,marruecos,litera en habitación compartida mixta de 12 camas,2,persona que viaja sola,fantástico,,,9.0,2025-08-06,muy bien
the river hostel,marruecos,cama en habitación compartida mixta de 6 camas,1,persona que viaja sola,muy bien,,,8.0,2025-08-05,muy bien
the river hostel,suecia,cama en habitación compartida mixta de 8 camas,1,persona que viaja sola,bien,,,7.0,2025-08-05,muy bien
the river hostel,italia,litera en una habitación compartida femenina,1,grupo,muy bien,,,8.0,2025-08-04,muy bien
the river hostel,italia,litera en dormitorio compartido mixto con 10 camas,2,grupo,muy bien,,,8.0,2025-08-04,muy bien
the river hostel,suiza,litera en una habitación compartida femenina,3,persona que viaja sola,muy bien,,,8.0,2025-08-04,muy bien
the river hostel,irlanda,litera en dormitorio compartido mixto con 10 camas,4,persona que viaja sola,bien,,,7.0,2025-07-31,muy bien
the river hostel,marruecos,cama en habitación compartida mixta de 6 camas,1,persona que viaja sola,muy bien,,,8.0,2025-07-29,muy bien
the river hostel,marruecos,cama en habitación compartida mixta de 6 camas,4,persona que viaja sola,fantástico,,,9.0,2025-07-27,muy bien
the river hostel,españa,litera en habitación compartida mixta de 12 camas,1,persona que viaja sola,muy bien,,,8.0,2025-07-26,muy bien
the river hostel,marruecos,litera en dormitorio compartido mixto con 10 camas,3,persona que viaja sola,fantástico,,,9.0,2025-07-23,muy bien
the river hostel,alemania,litera en dormitorio compartido mixto con 10 camas,2,persona que viaja sola,muy bien,,,8.0,2025-07-22,muy bien
the river hostel,italia,cama en habitación compartida mixta de 6 camas,3,pareja,muy bien,,,8.0,2025-07-22,muy bien
the river hostel,francia,litera en dormitorio compartido mixto con 10 camas,5,persona que viaja sola,muy bien,,,8.0,2025-07-18,muy bien
the river hostel,portugal,cama en habitación compartida mixta de 6 camas,3,persona que viaja sola,fantástico,,,9.0,2025-07-13,muy bien
the river hostel,bulgaria,cama en habitación compartida mixta de 4 camas,2,familia,muy bien,,,8.0,2025-07-10,muy bien
the river hostel,italia,litera en habitación compartida mixta de 12 camas,1,persona que viaja sola,bien,,,7.0,2025-07-10,muy bien
the river hostel,italia,cama en habitación compartida mixta de 4 camas,1,grupo,muy bien,,,8.0,2025-07-10,muy bien
the river hostel,polonia,litera en una habitación compartida femenina,2,persona que viaja sola,fantástico,,,9.0,2025-07-09,muy bien
the river hostel,polonia,cama en habitación compartida mixta de 6 camas,1,persona que viaja sola,muy bien,,,8.0,2025-07-08,muy bien
the river hostel,portugal,litera en habitación compartida mixta de 12 camas,2,grupo,fantástico,,,9.0,2025-07-07,muy bien
the river hostel,españa,litera en una habitación compartida femenina,1,grupo,fantástico,,,9.0,2025-07-06,muy bien
the river hostel,hungría,litera en una habitación compartida femenina,22,persona que viaja sola,bien,,,7.0,2025-07-05,muy bien
the river hostel,francia,litera en habitación compartida mixta de 12 camas,1,persona que viaja sola,muy bien,,,8.0,2025-07-03,muy bien
the river hostel,méxico,litera en una habitación compartida femenina,3,persona que viaja sola,muy bien,,,8.0,2025-07-02,muy bien
the river hostel,marruecos,litera en dormitorio compartido mixto con 10 camas,1,persona que viaja sola,bien,,,7.0,2025-07-02,muy bien
the river hostel,turquía,litera en habitación compartida mixta de 12 camas,1,persona que viaja sola,fantástico,,,9.0,2025-07-02,muy bien
the river hostel,italia,litera en una habitación compartida femenina,3,persona que viaja sola,bien,,,7.0,2025-07-01,muy bien
the river hostel,suiza,litera en habitación compartida mixta de 12 camas,2,persona que viaja sola,muy bien,,,8.0,2025-06-30,muy bien
the river hostel,méxico,litera en habitación compartida mixta de 12 camas,3,persona que viaja sola,fantástico,,,9.0,2025-06-30,muy bien
the river hostel,francia,litera en una habitación compartida femenina,2,persona que viaja sola,fantástico,,,9.0,2025-06-29,muy bien
the river hostel,italia,litera en una habitación compartida femenina,2,persona que viaja sola,fantástico,,,9.0,2025-06-27,muy bien
the river hostel,ucrania,cama en habitación compartida mixta de 8 camas,1,persona que viaja sola,fantástico,,,9.0,2025-06-23,muy bien
the river hostel,italia,litera en dormitorio compartido mixto con 10 camas,4,persona que viaja sola,bien,,,7.0,2025-06-22,muy bien
the river hostel,francia,litera en una habitación compartida femenina,9,persona que viaja sola,bien,,,7.0,2025-06-21,muy bien
the river hostel,alemania,litera en habitación compartida mixta de 12 camas,6,persona que viaja sola,muy bien,,,8.0,2025-06-20,muy bien
the river hostel,portugal,cama en habitación compartida mixta de 4 camas,2,persona que viaja sola,fantástico,,,9.0,2025-06-20,muy bien
the river hostel,españa,litera en habitación compartida mixta de 12 camas,1,persona que viaja sola,fantástico,,,9.0,2025-06-18,muy bien
the river hostel,eslovenia,litera en una habitación compartida femenina,2,persona que viaja sola,fantástico,,,9.0,2025-06-16,muy bien
the river hostel,francia,litera en habitación compartida mixta de 12 camas,2,persona que viaja sola,muy bien,,,8.0,2025-06-15,muy bien
the river hostel,brasil,litera en una habitación compartida femenina,1,persona que viaja sola,bien,,,7.0,2025-06-12,muy bien
the river hostel,alemania,litera en habitación compartida mixta de 12 camas,2,persona que viaja sola,fantástico,,,9.0,2025-06-12,muy bien
the river hostel,italia,litera en una habitación compartida femenina,7,persona que viaja sola,muy bien,,,8.0,2025-06-11,muy bien
the river hostel,italia,cama en habitación compartida mixta de 6 camas,2,grupo,muy bien,,,8.0,2025-06-11,muy bien
the river hostel,italia,litera en dormitorio compartido mixto con 10 camas,2,persona que viaja sola,muy bien,,,8.0,2025-06-11,muy bien
the river hostel,taiwán,litera en habitación compartida mixta de 12 camas,3,persona que viaja sola,muy bien,,,8.0,2025-06-10,muy bien
the river hostel,polonia,litera en habitación compartida mixta de 12 camas,1,persona que viaja sola,muy bien,,,8.0,2025-06-06,muy bien
the river hostel,polonia,cama en habitación compartida mixta de 6 camas,1,persona que viaja sola,muy bien,,,8.0,2025-06-06,muy bien
the river hostel,brasil,litera en dormitorio compartido mixto con 10 camas,1,persona que viaja sola,muy bien,,,8.0,2025-06-01,muy bien
the river hostel,brasil,cama en habitación compartida mixta de 6 camas,2,persona que viaja sola,muy bien,,,8.0,2025-05-31,muy bien
the river hostel,italia,cama en habitación compartida mixta de 6 camas,1,persona que viaja sola,fantástico,,,9.0,2025-05-30,muy bien
the river hostel,portugal,litera en dormitorio compartido mixto con 10 camas,2,persona que viaja sola,fantástico,,,9.0,2025-05-29,muy bien
the river hostel,portugal,litera en dormitorio compartido mixto con 10 camas,1,persona que viaja sola,bien,,,7.0,2025-05-28,muy bien
the river hostel,españa,litera en dormitorio compartido mixto con 10 camas,3,persona que viaja sola,fantástico,,,9.0,2025-05-27,muy bien
the river hostel,bélgica,litera en dormitorio compartido mixto con 10 camas,2,grupo,fantástico,,,9.0,2025-05-26,muy bien
the river hostel,china,litera en habitación compartida mixta de 12 camas,1,persona que viaja sola,fantástico,,,9.0,2025-05-26,muy bien
the river hostel,marruecos,cama en habitación compartida mixta de 6 camas,3,grupo,muy bien,,,8.0,2025-05-25,muy bien
the river hostel,países bajos,cama en habitación compartida mixta de 6 camas,1,persona que viaja sola,fantástico,,,9.0,2025-05-24,muy bien
the river hostel,méxico,litera en dormitorio compartido mixto con 10 camas,1,persona que viaja sola,fantástico,,,9.0,2025-05-23,muy bien
the river hostel,turquía,litera en habitación compartida mixta de 12 camas,1,persona que viaja sola,muy bien,,,8.0,2025-05-20,muy bien
the river hostel,francia,litera en una habitación compartida femenina,4,persona que viaja sola,muy bien,,,8.0,2025-05-20,muy bien
the river hostel,francia,litera en habitación compartida mixta de 12 camas,3,persona que viaja sola,muy bien,,,8.0,2025-05-19,muy bien
the river hostel,italia,litera en habitación compartida mixta de 12 camas,2,grupo,fantástico,,,9.0,2025-05-19,muy bien
the river hostel,españa,litera en habitación compartida mixta de 12 camas,2,grupo,bien,,,7.0,2025-05-19,muy bien
the river hostel,marruecos,litera en dormitorio compartido mixto con 10 camas,1,persona que viaja sola,muy bien,,,8.0,2025-05-18,muy bien
the river hostel,alemania,litera en habitación compartida mixta de 12 camas,4,persona que viaja sola,muy bien,,,8.0,2025-05-15,muy bien
the river hostel,canadá,litera en una habitación compartida femenina,2,persona que viaja sola,bien,,,7.0,2025-05-14,muy bien
the river hostel,francia,litera en dormitorio compartido mixto con 10 camas,3,persona que viaja sola,bien,,,7.0,2025-05-12,muy bien
the river hostel,españa,litera en dormitorio compartido mixto con 10 camas,2,grupo,fantástico,,,9.0,2025-05-12,muy bien
the river hostel,suiza,litera en una habitación compartida femenina,3,persona que viaja sola,fantástico,,,9.0,2025-05-12,muy bien
the river hostel,rumanía,litera en habitación compartida mixta de 12 camas,1,persona que viaja sola,bien,,,7.0,2025-05-11,muy bien
the river hostel,italia,cama en habitación compartida mixta de 8 camas,1,persona que viaja sola,bien,,,7.0,2025-05-11,muy bien
the river hostel,egipto,litera en habitación compartida mixta de 12 camas,2,persona que viaja sola,muy bien,,,8.0,2025-05-09,muy bien
the river hostel,francia,cama en habitación compartida mixta de 8 camas,6,grupo,muy bien,,,8.0,2025-05-09,muy bien
the river hostel,francia,litera en dormitorio compartido mixto con 10 camas,1,persona que viaja sola,fantástico,,,9.0,2025-05-08,muy bien
the river hostel,turquía,litera en una habitación compartida femenina,2,persona que viaja sola,bien,,,7.0,2025-05-06,muy bien
the river hostel,italia,litera en habitación compartida mixta de 12 camas,3,persona que viaja sola,muy bien,,,8.0,2025-05-06,muy bien
the river hostel,italia,litera en dormitorio compartido mixto con 10 camas,2,persona que viaja sola,fantástico,,,9.0,2025-05-06,muy bien
the river hostel,italia,litera en una habitación compartida femenina,4,persona que viaja sola,muy bien,,,8.0,2025-05-06,muy bien
the river hostel,italia,cama en habitación compartida mixta de 4 camas,3,persona que viaja sola,bien,,,7.0,2025-05-04,muy bien
the river hostel,marruecos,cama en habitación compartida mixta de 8 camas,2,persona que viaja sola,fantástico,,,9.0,2025-05-03,muy bien
the river hostel,brasil,cama en habitación compartida mixta de 8 camas,1,persona que viaja sola,muy bien,,,8.0,2025-05-02,muy bien
the river hostel,marruecos,litera en dormitorio compartido mixto con 10 camas,3,persona que viaja sola,bien,,,7.0,2025-05-01,muy bien
the river hostel,portugal,cama en habitación compartida mixta de 6 camas,1,persona que viaja sola,muy bien,,,8.0,2025-04-29,muy bien
the river hostel,grecia,litera en una habitación compartida femenina,1,grupo,fantástico,,,9.0,2025-04-27,muy bien
the river hostel,marruecos,litera en habitación compartida mixta de 12 camas,3,persona que viaja sola,muy bien,,,8.0,2025-04-27,muy bien
the river hostel,marruecos,litera en habitación compartida mixta de 12 camas,1,persona que viaja sola,bien,,,7.0,2025-04-24,muy bien
the river hostel,alemania,litera en habitación compartida mixta de 12 camas,1,persona que viaja sola,bien,,,7.0,2025-04-24,muy bien
the river hostel,ucrania,litera en una habitación compartida femenina,2,persona que viaja sola,fantástico,,,9.0,2025-04-23,muy bien
the river hostel,italia,cama en habitación compartida mixta de 4 camas,4,persona que viaja sola,fantástico,,,9.0,2025-04-16,muy bien
the river hostel,italia,litera en una habitación compartida femenina,3,persona que viaja sola,muy bien,,,8.0,2025-04-15,muy bien
the river hostel,italia,cama en habitación compartida mixta de 4 camas,3,persona que viaja sola,muy bien,,,8.0,2025-04-15,muy bien
the river hostel,italia,litera en una habitación compartida femenina,5,grupo,bien,,,7.0,2025-04-14,muy bien
the river hostel,países bajos,cama en habitación compartida mixta de 6 camas,3,pareja,bien,,,7.0,2025-04-12,muy bien
the river hostel,alemania,litera en habitación compartida mixta de 12 camas,2,persona que viaja sola,fantástico,,,9.0,2025-04-09,muy bien
the river hostel,francia,litera en habitación compartida mixta de 12 camas,1,persona que viaja sola,fantástico,,,9.0,2025-04-09,muy bien
the river hostel,marruecos,cama en habitación compartida mixta de 4 camas,1,persona que viaja sola,fantástico,,,9.0,2025-04-07,muy bien
the river hostel,francia,litera en habitación compartida mixta de 12 camas,2,grupo,muy bien,,,8.0,2025-04-07,muy bien
the river hostel,alemania,litera en dormitorio compartido mixto con 10 camas,2,persona que viaja sola,bien,,,7.0,2025-04-07,muy bien
the river hostel,polonia,litera en habitación compartida mixta de 12 camas,3,persona que viaja sola,muy bien,,,8.0,2025-04-07,muy bien
the river hostel,hungría,cama en habitación compartida mixta de 4 camas,2,persona que viaja sola,fantástico,,,9.0,2025-04-06,muy bien
the river hostel,italia,cama en habitación compartida mixta de 4 camas,8,persona que viaja sola,bien,,,7.0,2025-04-05,muy bien
the river hostel,polonia,litera en dormitorio compartido mixto con 10 camas,4,persona que viaja sola,fantástico,,,9.0,2025-04-03,muy bien
the river hostel,marruecos,litera en habitación compartida mixta de 12 camas,1,persona que viaja sola,bien,,,7.0,2025-04-02,muy bien
the river hostel,italia,litera en habitación compartida mixta de 12 camas,2,persona que viaja sola,bien,,,7.0,2025-04-02,muy bien
the river hostel,polonia,litera en habitación compartida mixta de 12 camas,1,pareja,muy bien,,,8.0,2025-04-02,muy bien
the river hostel,taiwán,litera en habitación compartida mixta de 12 camas,2,persona que viaja sola,muy bien,,,8.0,2025-04-02,muy bien
the river hostel,españa,litera en dormitorio compartido mixto con 10 camas,2,persona que viaja sola,muy bien,,,8.0,2025-04-01,muy bien
the river hostel,italia,litera en una habitación compartida femenina,2,persona que viaja sola,muy bien,,,8.0,2025-03-31,muy bien
the river hostel,países bajos,cama en habitación compartida mixta de 6 camas,2,grupo,muy bien,,,8.0,2025-03-30,muy bien
the river hostel,alemania,litera en una habitación compartida femenina,1,grupo,muy bien,,,8.0,2025-03-30,muy bien
the river hostel,italia,litera en una habitación compartida femenina,3,persona que viaja sola,fantástico,,,9.0,2025-03-29,muy bien
the river hostel,noruega,litera en una habitación compartida femenina,2,persona que viaja sola,muy bien,,,8.0,2025-03-24,muy bien
the river hostel,turquía,litera en una habitación compartida femenina,2,persona que viaja sola,muy bien,,,8.0,2025-03-23,muy bien
the river hostel,italia,litera en dormitorio compartido mixto con 10 camas,4,grupo,muy bien,,,8.0,2025-03-18,muy bien
the river hostel,italia,litera en dormitorio compartido mixto con 10 camas,3,grupo,muy bien,,,8.0,2025-03-18,muy bien
the river hostel,méxico,litera en dormitorio compartido mixto con 10 camas,2,grupo,muy bien,,,8.0,2025-03-17,muy bien
the river hostel,españa,litera en habitación compartida mixta de 12 camas,1,persona que viaja sola,"super , je recommande vivement",,,7.0,2025-03-06,muy bien
the river hostel,italia,litera en habitación compartida mixta de 12 camas,2,persona que viaja sola,muy bien,,,8.0,2025-03-05,muy bien
the river hostel,polonia,litera en habitación compartida mixta de 12 camas,1,persona que viaja sola,muy bien,,,8.0,2025-03-05,muy bien
the river hostel,italia,litera en habitación compartida mixta de 12 camas,3,persona que viaja sola,bien,,,7.0,2025-03-04,muy bien
the river hostel,polonia,litera en una habitación compartida femenina,1,persona que viaja sola,fantástico,,,9.0,2025-03-03,muy bien
the river hostel,italia,litera en una habitación compartida femenina,6,persona que viaja sola,muy bien,,,8.0,2025-02-28,muy bien
the river hostel,países bajos,litera en habitación compartida mixta de 12 camas,3,persona que viaja sola,muy bien,,,8.0,2025-02-27,muy bien
the river hostel,italia,litera en habitación compartida mixta de 12 camas,1,persona que viaja sola,muy bien,,,8.0,2025-02-27,muy bien
the river hostel,ucrania,cama en habitación compartida mixta de 4 camas,1,pareja,muy bien,,,8.0,2025-02-27,muy bien
the river hostel,francia,cama en habitación compartida mixta de 4 camas,1,persona que viaja sola,fantástico,,,9.0,2025-02-26,muy bien
the river hostel,bélgica,cama en habitación compartida mixta de 4 camas,1,persona que viaja sola,bien,,,7.0,2025-02-25,muy bien
the river hostel,alemania,litera en habitación compartida mixta de 12 camas,1,persona que viaja sola,muy bien,,,8.0,2025-02-25,muy bien
the river hostel,turquía,litera en habitación compartida mixta de 12 camas,1,persona que viaja sola,bien,,,7.0,2025-02-24,muy bien
the river hostel,italia,litera en una habitación compartida femenina,2,persona que viaja sola,muy bien,,,8.0,2025-02-24,muy bien
the river hostel,marruecos,litera en una habitación compartida femenina,4,persona que viaja sola,muy bien,,,8.0,2025-02-24,muy bien
the river hostel,alemania,litera en habitación compartida mixta de 12 camas,3,persona que viaja sola,fantástico,,,9.0,2025-02-23,muy bien
the river hostel,marruecos,litera en una habitación compartida femenina,2,persona que viaja sola,bien,,,7.0,2025-02-20,muy bien
the river hostel,italia,litera en una habitación compartida femenina,3,persona que viaja sola,bien,,,7.0,2025-02-18,muy bien
the river hostel,polonia,litera en dormitorio compartido mixto con 10 camas,4,persona que viaja sola,bien,,,7.0,2025-02-17,muy bien
the river hostel,españa,litera en dormitorio compartido mixto con 10 camas,1,familia,muy bien,,,8.0,2025-02-16,muy bien
the river hostel,portugal,litera en dormitorio compartido mixto con 10 camas,8,persona que viaja sola,fantástico,,,9.0,2025-02-15,muy bien
the river hostel,francia,litera en habitación compartida mixta de 12 camas,2,persona que viaja sola,fantástico,,,9.0,2025-02-14,muy bien
the river hostel,italia,litera en una habitación compartida femenina,4,persona que viaja sola,muy bien,,,8.0,2025-02-12,muy bien
the river hostel,alemania,cama en habitación compartida mixta de 6 camas,3,persona que viaja sola,bien,,,7.0,2025-02-12,muy bien
the river hostel,república checa,litera en dormitorio compartido mixto con 10 camas,6,pareja,muy bien,,,8.0,2025-02-11,muy bien
the river hostel,grecia,cama en habitación compartida mixta de 4 camas,1,grupo,fantástico,,,9.0,2025-02-11,muy bien
the river hostel,españa,cama en habitación compartida mixta de 6 camas,1,persona que viaja sola,bien,,,7.0,2025-02-11,muy bien
the river hostel,bélgica,litera en habitación compartida mixta de 12 camas,2,persona que viaja sola,muy bien,,,8.0,2025-02-11,muy bien
the river hostel,taiwán,cama en habitación compartida mixta de 4 camas,2,persona que viaja sola,fantástico,,,9.0,2025-02-11,muy bien
the river hostel,turquía,cama en habitación compartida mixta de 4 camas,1,grupo,fantástico,,,9.0,2025-02-10,muy bien
the river hostel,alemania,litera en dormitorio compartido mixto con 10 camas,1,persona que viaja sola,bien,,,7.0,2025-02-10,muy bien
the river hostel,bélgica,litera en dormitorio compartido mixto con 10 camas,5,grupo,fantástico,,,9.0,2025-02-09,muy bien
the river hostel,españa,litera en dormitorio compartido mixto con 10 camas,3,persona que viaja sola,fantástico,,,9.0,2025-02-08,muy bien
the river hostel,españa,litera en habitación compartida mixta de 12 camas,1,persona que viaja sola,muy bien,,,8.0,2025-02-08,muy bien
the river hostel,italia,litera en habitación compartida mixta de 12 camas,2,persona que viaja sola,bien,,,7.0,2025-02-05,muy bien
the river hostel,marruecos,cama en habitación compartida mixta de 4 camas,1,persona que viaja sola,fantástico,,,9.0,2025-02-04,muy bien
the river hostel,italia,litera en dormitorio compartido mixto con 10 camas,2,pareja,fantástico,,,9.0,2025-02-02,muy bien
the river hostel,alemania,litera en habitación compartida mixta de 12 camas,3,persona que viaja sola,muy bien,,,8.0,2025-01-31,muy bien
the river hostel,polonia,litera en habitación compartida mixta de 12 camas,5,persona que viaja sola,bien,,,7.0,2025-01-29,muy bien
the river hostel,países bajos,litera en dormitorio compartido mixto con 10 camas,1,persona que viaja sola,muy bien,,,8.0,2025-01-29,muy bien
the river hostel,rusia,litera en habitación compartida mixta de 12 camas,7,persona que viaja sola,muy bien,,,8.0,2025-01-29,muy bien
the river hostel,italia,litera en una habitación compartida femenina,3,grupo,bien,,,7.0,2025-01-29,muy bien
the river hostel,japón,litera en una habitación compartida femenina,3,persona que viaja sola,muy bien,,,8.0,2025-01-25,muy bien
the river hostel,turquía,litera en dormitorio compartido mixto con 10 camas,1,grupo,fantástico,,,9.0,2025-01-24,muy bien
the river hostel,españa,litera en habitación compartida mixta de 12 camas,3,persona que viaja sola,fantástico,,,9.0,2025-01-24,muy bien
the river hostel,marruecos,litera en una habitación compartida femenina,3,persona que viaja sola,muy bien,,,8.0,2025-01-23,muy bien
the river hostel,italia,litera en habitación compartida mixta de 12 camas,1,persona que viaja sola,bien,,,7.0,2025-01-19,muy bien
the river hostel,hong kong,cama en habitación compartida mixta de 8 camas,1,persona que viaja sola,muy bien,,,8.0,2025-01-18,muy bien
the river hostel,italia,litera en habitación compartida mixta de 12 camas,4,persona que viaja sola,muy bien,,,8.0,2025-01-17,muy bien
the river hostel,italia,litera en habitación compartida mixta de 12 camas,1,persona que viaja sola,muy bien,,,8.0,2025-01-16,muy bien
the river hostel,alemania,cama en habitación compartida mixta de 6 camas,8,persona que viaja sola,muy bien,,,8.0,2025-01-15,muy bien
the river hostel,italia,litera en habitación compartida mixta de 12 camas,2,persona que viaja sola,fantástico,,,9.0,2025-01-15,muy bien
the river hostel,italia,litera en habitación compartida mixta de 12 camas,2,persona que viaja sola,muy bien,,,8.0,2025-01-14,muy bien
the river hostel,italia,litera en una habitación compartida femenina,1,persona que viaja sola,bien,,,7.0,2025-01-14,muy bien
the river hostel,italia,litera en una habitación compartida femenina,2,persona que viaja sola,fantástico,,,9.0,2025-01-14,muy bien
the river hostel,italia,litera en habitación compartida mixta de 12 camas,4,persona que viaja sola,bien,,,7.0,2025-01-12,muy bien
the river hostel,italia,litera en una habitación compartida femenina,4,persona que viaja sola,muy bien,,,8.0,2025-01-11,muy bien
the river hostel,brasil,litera en habitación compartida mixta de 12 camas,1,persona que viaja sola,fantástico,,,9.0,2025-01-11,muy bien
the river hostel,españa,litera en habitación compartida mixta de 12 camas,2,persona que viaja sola,fantástico,,,9.0,2025-01-10,muy bien
the river hostel,españa,litera en habitación compartida mixta de 12 camas,1,persona que viaja sola,muy bien,,,8.0,2025-01-08,muy bien
the river hostel,brasil,cama en habitación compartida mixta de 6 camas,2,persona que viaja sola,muy bien,,,8.0,2025-01-07,muy bien
the river hostel,italia,litera en habitación compartida mixta de 12 camas,6,grupo,muy bien,,,8.0,2025-01-06,muy bien
the river hostel,italia,litera en habitación compartida mixta de 12 camas,2,persona que viaja sola,muy bien,,,8.0,2025-01-05,muy bien
the river hostel,marruecos,cama en habitación compartida mixta de 6 camas,1,persona que viaja sola,muy bien,,,8.0,2025-01-02,muy bien
the river hostel,francia,litera en habitación compartida mixta de 12 camas,1,persona que viaja sola,muy bien,,,8.0,2025-01-01,muy bien
the river hostel,italia,litera en habitación compartida mixta de 12 camas,1,persona que viaja sola,bien,,,7.0,2024-12-30,muy bien
the river hostel,italia,litera en una habitación compartida femenina,3,persona que viaja sola,muy bien,,,8.0,2024-12-27,muy bien
the river hostel,italia,cama en habitación compartida mixta de 8 camas,5,persona que viaja sola,fantástico,,,9.0,2024-12-26,muy bien
the river hostel,ucrania,litera en habitación compartida mixta de 12 camas,1,persona que viaja sola,bien,,,7.0,2024-12-18,muy bien
the river hostel,francia,litera en habitación compartida mixta de 12 camas,2,persona que viaja sola,muy bien,,,8.0,2024-12-11,muy bien
the river hostel,marruecos,litera en habitación compartida mixta de 12 camas,3,persona que viaja sola,bien,,,7.0,2024-12-11,muy bien
the river hostel,francia,litera en habitación compartida mixta de 12 camas,3,persona que viaja sola,bien,,,7.0,2024-12-09,muy bien
the river hostel,españa,litera en una habitación compartida femenina,5,persona que viaja sola,fantástico,,,9.0,2024-12-09,muy bien
the river hostel,turquía,cama en habitación compartida mixta de 6 camas,6,persona que viaja sola,bien,,,7.0,2024-12-08,muy bien
the river hostel,españa,litera en dormitorio compartido mixto con 10 camas,2,grupo,muy bien,,,8.0,2024-12-08,muy bien
the river hostel,polonia,cama en habitación compartida mixta de 8 camas,3,persona que viaja sola,muy bien,,,8.0,2024-12-06,muy bien
the river hostel,francia,cama en habitación compartida mixta de 6 camas,2,persona que viaja sola,fantástico,,,9.0,2024-12-05,muy bien
the river hostel,bielorrusia,litera en dormitorio compartido mixto con 10 camas,5,grupo,fantástico,,,9.0,2024-12-04,muy bien
the river hostel,italia,cama en habitación compartida mixta de 8 camas,4,persona que viaja sola,fantástico,,,9.0,2024-12-04,muy bien
the river hostel,francia,litera en habitación compartida mixta de 12 camas,3,grupo,bien,,,7.0,2024-12-02,muy bien
the river hostel,italia,litera en dormitorio compartido mixto con 10 camas,2,persona que viaja sola,fantástico,,,9.0,2024-12-01,muy bien
the river hostel,italia,litera en dormitorio compartido mixto con 10 camas,1,persona que viaja sola,muy bien,,,8.0,2024-11-29,muy bien
the river hostel,italia,litera en dormitorio compartido mixto con 10 camas,1,grupo,consigliatissimo,,,9.0,2024-11-29,muy bien
the river hostel,rusia,litera en habitación compartida mixta de 12 camas,1,persona que viaja sola,bien,,,7.0,2024-11-28,muy bien
the river hostel,portugal,litera en habitación compartida mixta de 12 camas,3,persona que viaja sola,muy bien,,,8.0,2024-11-26,muy bien
the river hostel,alemania,cama en habitación compartida mixta de 4 camas,6,persona que viaja sola,bien,,,7.0,2024-11-25,muy bien
the river hostel,marruecos,litera en habitación compartida mixta de 12 camas,2,persona que viaja sola,muy bien,,,8.0,2024-11-22,muy bien
the river hostel,marruecos,litera en habitación compartida mixta de 12 camas,1,persona que viaja sola,fantástico,,,9.0,2024-11-19,muy bien
the river hostel,eslovaquia,litera en una habitación compartida femenina,2,grupo,muy bien,,,8.0,2024-11-17,muy bien
the river hostel,países bajos,litera en una habitación compartida femenina,5,persona que viaja sola,fantástico,,,9.0,2024-11-15,muy bien
the river hostel,portugal,litera en una habitación compartida femenina,4,persona que viaja sola,bien,,,7.0,2024-11-12,muy bien
the river hostel,italia,cama en habitación compartida mixta de 4 camas,7,persona que viaja sola,fantástico,,,9.0,2024-11-11,muy bien
the river hostel,países bajos,litera en habitación compartida mixta de 12 camas,2,pareja,muy bien,,,8.0,2024-11-08,muy bien
the river hostel,alemania,litera en habitación compartida mixta de 12 camas,5,persona que viaja sola,muy bien,,,8.0,2024-11-08,muy bien
the river hostel,italia,cama en habitación compartida mixta de 4 camas,2,grupo,bien,,,7.0,2024-11-05,muy bien
the river hostel,suiza,litera en una habitación compartida femenina,3,persona que viaja sola,muy bien,,,8.0,2024-11-04,muy bien
the river hostel,rusia,cama en habitación compartida mixta de 8 camas,3,persona que viaja sola,fantástico,,,9.0,2024-11-03,muy bien
the river hostel,italia,litera en dormitorio compartido mixto con 10 camas,1,persona que viaja sola,muy bien,,,8.0,2024-11-03,muy bien
the river hostel,túnez,litera en dormitorio compartido mixto con 10 camas,6,persona que viaja sola,muy bien,,,8.0,2024-11-03,muy bien
the river hostel,países bajos,litera en dormitorio compartido mixto con 10 camas,12,persona que viaja sola,fantástico,,,9.0,2024-11-01,muy bien
the river hostel,polonia,litera en dormitorio compartido mixto con 10 camas,7,persona que viaja sola,bien,,,7.0,2024-10-30,muy bien
the river hostel,ucrania,litera en habitación compartida mixta de 12 camas,1,persona que viaja sola,fantástico,,,9.0,2024-10-29,muy bien
the river hostel,portugal,litera en dormitorio compartido mixto con 10 camas,1,persona que viaja sola,muy bien,,,8.0,2024-10-29,muy bien
the river hostel,polonia,litera en una habitación compartida femenina,3,persona que viaja sola,fantástico,,,9.0,2024-10-29,muy bien
the river hostel,polonia,litera en habitación compartida mixta de 12 camas,1,persona que viaja sola,fantástico,,,9.0,2024-10-28,muy bien
the river hostel,austria,litera en dormitorio compartido mixto con 10 camas,2,persona que viaja sola,bien,,,7.0,2024-10-28,muy bien
the river hostel,portugal,litera en habitación compartida mixta de 12 camas,3,persona que viaja sola,fantástico,,,9.0,2024-10-27,muy bien
the river hostel,marruecos,litera en una habitación compartida femenina,2,persona que viaja sola,fantástico,,,9.0,2024-10-24,muy bien
the river hostel,polonia,litera en una habitación compartida femenina,2,persona que viaja sola,muy bien,,,8.0,2024-10-23,muy bien
the river hostel,suecia,litera en una habitación compartida femenina,3,persona que viaja sola,fantástico,,,9.0,2024-10-23,muy bien
the river hostel,taiwán,cama en habitación compartida mixta de 6 camas,5,persona que viaja sola,muy bien,,,8.0,2024-10-19,muy bien
the river hostel,portugal,litera en dormitorio compartido mixto con 10 camas,3,persona que viaja sola,bien,,,7.0,2024-10-18,muy bien
the river hostel,alemania,litera en habitación compartida mixta de 12 camas,1,persona que viaja sola,muy bien,,,8.0,2024-10-17,muy bien
the river hostel,bélgica,cama en habitación compartida mixta de 6 camas,2,grupo,fantástico,,,9.0,2024-10-16,muy bien
the river hostel,alemania,litera en habitación compartida mixta de 12 camas,1,persona que viaja sola,fantástico,,,9.0,2024-10-15,muy bien
the river hostel,francia,cama en habitación compartida mixta de 6 camas,6,persona que viaja sola,fantástico,,,9.0,2024-10-15,muy bien
the river hostel,alemania,litera en dormitorio compartido mixto con 10 camas,2,persona que viaja sola,muy bien,,,8.0,2024-10-14,muy bien
the river hostel,francia,litera en dormitorio compartido mixto con 10 camas,2,persona que viaja sola,muy bien,,,8.0,2024-10-13,muy bien
the river hostel,italia,litera en habitación compartida mixta de 12 camas,1,grupo,muy bien,,,8.0,2024-10-13,muy bien
the river hostel,alemania,litera en habitación compartida mixta de 12 camas,2,persona que viaja sola,bien,,,7.0,2024-10-12,muy bien
the river hostel,francia,litera en dormitorio compartido mixto con 10 camas,6,persona que viaja sola,fantástico,,,9.0,2024-10-09,muy bien
the river hostel,italia,litera en habitación compartida mixta de 12 camas,1,persona que viaja sola,fantástico,,,9.0,2024-10-07,muy bien
the river hostel,italia,litera en una habitación compartida femenina,4,grupo,bien,,,7.0,2024-10-07,muy bien
the river hostel,brasil,litera en dormitorio compartido mixto con 10 camas,2,persona que viaja sola,bien,,,7.0,2024-10-05,muy bien
the river hostel,austria,litera en una habitación compartida femenina,1,persona que viaja sola,fantástico,,,9.0,2024-10-05,muy bien
the river hostel,países bajos,litera en una habitación compartida femenina,6,persona que viaja sola,fantástico,,,9.0,2024-10-05,muy bien
the river hostel,brasil,litera en una habitación compartida femenina,2,persona que viaja sola,fantástico,,,9.0,2024-10-03,muy bien
the river hostel,corea del sur,litera en una habitación compartida femenina,1,persona que viaja sola,bien,,,7.0,2024-10-02,muy bien
the river hostel,francia,litera en una habitación compartida femenina,4,persona que viaja sola,muy bien,,,8.0,2024-10-02,muy bien
the river hostel,italia,litera en dormitorio compartido mixto con 10 camas,3,persona que viaja sola,muy bien,,,8.0,2024-10-01,muy bien
the river hostel,serbia,cama en habitación compartida mixta de 4 camas,4,persona que viaja sola,bien,,,7.0,2024-10-01,muy bien
the river hostel,italia,litera en una habitación compartida femenina,3,grupo,bien,,,7.0,2024-09-30,muy bien
the river hostel,españa,litera en habitación compartida mixta de 12 camas,1,persona que viaja sola,bien,,,7.0,2024-09-28,muy bien
the river hostel,brasil,litera en habitación compartida mixta de 12 camas,2,persona que viaja sola,bien,,,7.0,2024-09-28,muy bien
the river hostel,francia,cama en habitación compartida mixta de 4 camas,4,persona que viaja sola,muy bien,,,8.0,2024-09-27,muy bien
the river hostel,ucrania,litera en habitación compartida mixta de 12 camas,1,persona que viaja sola,fantástico,,,9.0,2024-09-25,muy bien
the river hostel,italia,cama en habitación compartida mixta de 8 camas,1,persona que viaja sola,bien,,,7.0,2024-09-24,muy bien
the river hostel,italia,cama en habitación compartida mixta de 8 camas,2,grupo,muy bien,,,8.0,2024-09-22,muy bien
the river hostel,países bajos,cama en habitación compartida mixta de 4 camas,3,persona que viaja sola,bien,,,7.0,2024-09-21,muy bien
the river hostel,italia,litera en una habitación compartida femenina,1,persona que viaja sola,muy bien,,,8.0,2024-09-18,muy bien
the river hostel,alemania,litera en dormitorio compartido mixto con 10 camas,3,persona que viaja sola,bien,,,7.0,2024-09-17,muy bien
the river hostel,grecia,litera en dormitorio compartido mixto con 10 camas,2,persona que viaja sola,muy bien,,,8.0,2024-09-17,muy bien
the river hostel,república checa,litera en dormitorio compartido mixto con 10 camas,2,persona que viaja sola,fantástico,,,9.0,2024-09-16,muy bien
the river hostel,alemania,cama en habitación compartida mixta de 4 camas,3,grupo,bien,,,7.0,2024-09-16,muy bien
the river hostel,alemania,cama en habitación compartida mixta de 4 camas,3,persona que viaja sola,muy bien,,,8.0,2024-09-15,muy bien
the river hostel,italia,litera en habitación compartida mixta de 12 camas,4,pareja,fantástico,,,9.0,2024-09-12,muy bien
the river hostel,polonia,litera en dormitorio compartido mixto con 10 camas,8,persona que viaja sola,fantástico,,,9.0,2024-09-10,muy bien
the river hostel,austria,litera en dormitorio compartido mixto con 10 camas,3,pareja,bien,,,7.0,2024-09-10,muy bien
the river hostel,ucrania,cama en habitación compartida mixta de 4 camas,3,familia,muy bien,,,8.0,2024-09-07,muy bien
the river hostel,francia,litera en dormitorio compartido mixto con 10 camas,3,persona que viaja sola,bien,,,7.0,2024-09-04,muy bien
the river hostel,austria,litera en una habitación compartida femenina,2,grupo,fantástico,,,9.0,2024-09-03,muy bien
the river hostel,francia,litera en dormitorio compartido mixto con 10 camas,3,grupo,muy bien,,,8.0,2024-09-02,muy bien
the river hostel,italia,litera en habitación compartida mixta de 12 camas,3,persona que viaja sola,fantástico,,,9.0,2024-09-02,muy bien
the river hostel,españa,litera en habitación compartida mixta de 12 camas,1,persona que viaja sola,muy bien,,,8.0,2024-09-02,muy bien
the river hostel,brasil,cama en habitación compartida mixta de 8 camas,2,persona que viaja sola,muy bien,,,8.0,2024-08-31,muy bien
the river hostel,italia,litera en dormitorio compartido mixto con 10 camas,3,persona que viaja sola,bien,,,7.0,2024-08-28,muy bien
the river hostel,italia,litera en una habitación compartida femenina,2,grupo,muy bien,,,8.0,2024-08-28,muy bien
the river hostel,alemania,litera en dormitorio compartido mixto con 10 camas,5,persona que viaja sola,bien,,,7.0,2024-08-27,muy bien
the river hostel,españa,litera en habitación compartida mixta de 12 camas,2,persona que viaja sola,muy bien,,,8.0,2024-08-27,muy bien
the river hostel,francia,litera en habitación compartida mixta de 12 camas,1,persona que viaja sola,fantástico,,,9.0,2024-08-26,muy bien
the river hostel,francia,cama en habitación compartida mixta de 6 camas,6,persona que viaja sola,fantástico,,,9.0,2024-08-26,muy bien
the river hostel,argelia,litera en habitación compartida mixta de 12 camas,2,persona que viaja sola,muy bien,,,8.0,2024-08-25,muy bien
the river hostel,portugal,litera en habitación compartida mixta de 12 camas,4,persona que viaja sola,fantástico,,,9.0,2024-08-23,muy bien
the river hostel,alemania,litera en habitación compartida mixta de 12 camas,1,persona que viaja sola,fantástico,,,9.0,2024-08-21,muy bien
the river hostel,china,litera en dormitorio compartido mixto con 10 camas,1,persona que viaja sola,fantástico,,,9.0,2024-08-20,muy bien
the river hostel,portugal,litera en habitación compartida mixta de 12 camas,1,pareja,muy bien,,,8.0,2024-08-20,muy bien
the river hostel,polonia,litera en una habitación compartida femenina,3,pareja,fantástico,,,9.0,2024-08-20,muy bien
the river hostel,polonia,litera en una habitación compartida femenina,1,persona que viaja sola,bien,,,7.0,2024-08-18,muy bien
the river hostel,francia,cama en habitación compartida mixta de 8 camas,2,pareja,fantástico,,,9.0,2024-08-17,muy bien
the river hostel,marruecos,litera en dormitorio compartido mixto con 10 camas,4,persona que viaja sola,fantástico,,,9.0,2024-08-16,muy bien
the river hostel,países bajos,litera en una habitación compartida femenina,2,persona que viaja sola,fantástico,,,9.0,2024-08-15,muy bien
the river hostel,polonia,litera en dormitorio compartido mixto con 10 camas,1,persona que viaja sola,muy bien,,,8.0,2024-08-12,muy bien
the river hostel,italia,litera en dormitorio compartido mixto con 10 camas,3,pareja,fantástico,,,9.0,2024-08-12,muy bien
the river hostel,italia,litera en dormitorio compartido mixto con 10 camas,3,persona que viaja sola,bien,,,7.0,2024-08-11,muy bien
the river hostel,alemania,litera en dormitorio compartido mixto con 10 camas,1,persona que viaja sola,fantástico,,,9.0,2024-08-08,muy bien
the river hostel,alemania,litera en dormitorio compartido mixto con 10 camas,2,persona que viaja sola,fantástico,,,9.0,2024-08-08,muy bien
the river hostel,argelia,litera en una habitación compartida femenina,3,persona que viaja sola,fantástico,,,9.0,2024-08-08,muy bien
the river hostel,alemania,cama en habitación compartida mixta de 6 camas,7,persona que viaja sola,fantástico,,,9.0,2024-08-08,muy bien
the river hostel,países bajos,cama en habitación compartida mixta de 4 camas,2,persona que viaja sola,bien,,,7.0,2024-08-04,muy bien
the river hostel,italia,litera en una habitación compartida femenina,1,persona que viaja sola,fantástico,,,9.0,2024-07-31,muy bien
the river hostel,reino unido,litera en dormitorio compartido mixto con 10 camas,3,persona que viaja sola,muy bien,,,8.0,2024-07-31,muy bien
the river hostel,españa,litera en habitación compartida mixta de 12 camas,1,grupo,fantástico,,,9.0,2024-07-30,muy bien
the river hostel,portugal,cama en habitación compartida mixta de 8 camas,2,persona que viaja sola,muy bien,,,8.0,2024-07-29,muy bien
the river hostel,portugal,litera en una habitación compartida femenina,2,persona que viaja sola,fantástico,,,9.0,2024-07-29,muy bien
the river hostel,italia,cama en habitación compartida mixta de 6 camas,3,persona que viaja sola,struttura giovanile e in ottima posizione. andato tutto bene! servizi sempre puliti. ottimo ostello!,,,9.0,2024-07-28,muy bien
the river hostel,francia,litera en una habitación compartida femenina,1,persona que viaja sola,fantástico,,,9.0,2024-07-28,muy bien
the river hostel,españa,litera en una habitación compartida femenina,1,persona que viaja sola,muy bien,,,8.0,2024-07-22,muy bien
the river hostel,alemania,litera en habitación compartida mixta de 12 camas,6,grupo,fantástico,,,9.0,2024-07-20,muy bien
the river hostel,españa,cama en habitación compartida mixta de 6 camas,2,persona que viaja sola,muy bien,,,8.0,2024-07-16,muy bien
the river hostel,alemania,litera en habitación compartida mixta de 12 camas,1,persona que viaja sola,muy bien,,,8.0,2024-07-15,muy bien
the river hostel,italia,litera en dormitorio compartido mixto con 10 camas,3,persona que viaja sola,fantástico,,,9.0,2024-07-13,muy bien
the river hostel,turquía,litera en dormitorio compartido mixto con 10 camas,2,persona que viaja sola,muy bien,,,8.0,2024-07-12,muy bien
the river hostel,turquía,cama en habitación compartida mixta de 8 camas,3,grupo,muy bien,,,8.0,2024-07-12,muy bien
the river hostel,polonia,litera en habitación compartida mixta de 12 camas,3,persona que viaja sola,bien,,,7.0,2024-07-11,muy bien
the river hostel,méxico,cama en habitación compartida mixta de 4 camas,1,grupo,muy bien,,,8.0,2024-07-11,muy bien
the river hostel,italia,litera en habitación compartida mixta de 12 camas,3,grupo,fantástico,,,9.0,2024-07-10,muy bien
the river hostel,italia,litera en habitación compartida mixta de 12 camas,1,persona que viaja sola,fantástico,,,9.0,2024-07-10,muy bien
the river hostel,brasil,litera en una habitación compartida femenina,1,persona que viaja sola,fantástico,,,9.0,2024-07-09,muy bien
the river hostel,italia,cama en habitación compartida mixta de 6 camas,1,grupo,fantástico,,,9.0,2024-07-08,muy bien
the river hostel,grecia,litera en habitación compartida mixta de 12 camas,2,grupo,bien,,,7.0,2024-07-07,muy bien
the river hostel,austria,litera en dormitorio compartido mixto con 10 camas,2,persona que viaja sola,fantástico,,,9.0,2024-07-03,muy bien
the river hostel,italia,litera en dormitorio compartido mixto con 10 camas,1,persona que viaja sola,muy bien,,,8.0,2024-07-03,muy bien
the river hostel,hungría,litera en habitación compartida mixta de 12 camas,1,persona que viaja sola,bien,,,7.0,2024-07-01,muy bien
the river hostel,corea del sur,litera en habitación compartida mixta de 12 camas,1,persona que viaja sola,muy bien,,,8.0,2024-06-30,muy bien
the river hostel,italia,cama en habitación compartida mixta de 6 camas,3,grupo,muy bien,,,8.0,2024-06-29,muy bien
the river hostel,alemania,cama en habitación compartida mixta de 6 camas,3,persona que viaja sola,muy bien,,,8.0,2024-06-28,muy bien
the river hostel,italia,litera en dormitorio compartido mixto con 10 camas,3,pareja,bien,,,7.0,2024-06-25,muy bien
the river hostel,italia,cama en habitación compartida mixta de 6 camas,6,grupo,muy bien,,,8.0,2024-06-25,muy bien
the river hostel,méxico,cama en habitación compartida mixta de 6 camas,2,persona que viaja sola,fantástico,,,9.0,2024-06-25,muy bien
the river hostel,portugal,cama en habitación compartida mixta de 4 camas,1,persona que viaja sola,bien,,,7.0,2024-06-25,muy bien
the river hostel,turquía,litera en dormitorio compartido mixto con 10 camas,3,persona que viaja sola,bien,,,7.0,2024-06-25,muy bien
the river hostel,italia,litera en una habitación compartida femenina,3,persona que viaja sola,muy bien,,,8.0,2024-06-25,muy bien
the river hostel,españa,litera en habitación compartida mixta de 12 camas,1,persona que viaja sola,muy bien,,,8.0,2024-06-23,muy bien
the river hostel,ucrania,litera en dormitorio compartido mixto con 10 camas,3,persona que viaja sola,muy bien,,,8.0,2024-06-22,muy bien
the river hostel,suecia,litera en dormitorio compartido mixto con 10 camas,3,persona que viaja sola,bien,,,7.0,2024-06-20,muy bien
the river hostel,francia,cama en habitación compartida mixta de 8 camas,2,persona que viaja sola,muy bien,,,8.0,2024-06-20,muy bien
the river hostel,turquía,cama en habitación compartida mixta de 4 camas,2,persona que viaja sola,muy bien,,,8.0,2024-06-19,muy bien
the river hostel,francia,cama en habitación compartida mixta de 8 camas,5,persona que viaja sola,fantástico,,,9.0,2024-06-18,muy bien
the river hostel,italia,litera en una habitación compartida femenina,2,persona que viaja sola,fantástico,,,9.0,2024-06-17,muy bien
the river hostel,bélgica,litera en una habitación compartida femenina,4,persona que viaja sola,fantástico,,,9.0,2024-06-15,muy bien
the river hostel,alemania,litera en una habitación compartida femenina,1,persona que viaja sola,fantástico,,,9.0,2024-06-10,muy bien
the river hostel,italia,litera en dormitorio compartido mixto con 10 camas,6,persona que viaja sola,fantástico,,,9.0,2024-06-04,muy bien
the river hostel,alemania,litera en dormitorio compartido mixto con 10 camas,3,persona que viaja sola,muy bien,,,8.0,2024-06-03,muy bien
the river hostel,portugal,cama en habitación compartida mixta de 6 camas,2,persona que viaja sola,bien,,,7.0,2024-06-03,muy bien
the river hostel,marruecos,cama en habitación compartida mixta de 6 camas,1,persona que viaja sola,muy bien,,,8.0,2024-05-30,muy bien
the river hostel,bélgica,litera en una habitación compartida femenina,5,persona que viaja sola,muy bien,,,8.0,2024-05-30,muy bien
the river hostel,bulgaria,litera en dormitorio compartido mixto con 10 camas,1,persona que viaja sola,fantástico,,,9.0,2024-05-27,muy bien
the river hostel,italia,litera en habitación compartida mixta de 12 camas,1,persona que viaja sola,bien,,,7.0,2024-05-27,muy bien
the river hostel,rusia,litera en dormitorio compartido mixto con 10 camas,3,persona que viaja sola,fantástico,,,9.0,2024-05-23,muy bien
the river hostel,polonia,litera en una habitación compartida femenina,3,persona que viaja sola,muy bien,,,8.0,2024-05-19,muy bien
the river hostel,italia,litera en dormitorio compartido mixto con 10 camas,1,persona que viaja sola,fantástico,,,9.0,2024-05-19,muy bien
the river hostel,ucrania,litera en dormitorio compartido mixto con 10 camas,1,persona que viaja sola,fantástico,,,9.0,2024-05-19,muy bien
the river hostel,italia,cama en habitación compartida mixta de 4 camas,1,persona que viaja sola,muy bien,,,8.0,2024-05-19,muy bien
the river hostel,polonia,litera en dormitorio compartido mixto con 10 camas,2,grupo,bien,,,7.0,2024-05-18,muy bien
the river hostel,rumanía,cama en habitación compartida mixta de 4 camas,1,grupo,bien,,,7.0,2024-05-17,muy bien
the river hostel,portugal,litera en una habitación compartida femenina,5,persona que viaja sola,bien,,,7.0,2024-05-15,muy bien
the river hostel,italia,litera en habitación compartida mixta de 12 camas,2,persona que viaja sola,fantástico,,,9.0,2024-05-15,muy bien
the river hostel,italia,litera en una habitación compartida femenina,2,persona que viaja sola,fantástico,,,9.0,2024-05-12,muy bien
the river hostel,taiwán,litera en habitación compartida mixta de 12 camas,2,persona que viaja sola,bien,,,7.0,2024-05-11,muy bien
the river hostel,españa,litera en habitación compartida mixta de 12 camas,1,persona que viaja sola,muy bien,,,8.0,2024-05-09,muy bien
the river hostel,italia,cama en habitación compartida mixta de 6 camas,2,persona que viaja sola,bien,,,7.0,2024-05-06,muy bien
the river hostel,italia,litera en una habitación compartida femenina,2,persona que viaja sola,bien,,,7.0,2024-05-05,muy bien
the river hostel,países bajos,cama en habitación compartida mixta de 8 camas,1,persona que viaja sola,fantástico,,,9.0,2024-04-27,muy bien
the river hostel,italia,litera en una habitación compartida femenina,3,grupo,bien,,,7.0,2024-04-22,muy bien
the river hostel,italia,litera en una habitación compartida femenina,5,persona que viaja sola,muy bien,,,8.0,2024-04-21,muy bien
the river hostel,países bajos,cama en habitación compartida mixta de 4 camas,3,persona que viaja sola,muy bien,,,8.0,2024-04-21,muy bien
the river hostel,turquía,litera en dormitorio compartido mixto con 10 camas,2,persona que viaja sola,muy bien,,,8.0,2024-04-20,muy bien
the river hostel,alemania,litera en una habitación compartida femenina,3,persona que viaja sola,bien,,,7.0,2024-04-18,muy bien
the river hostel,portugal,cama en habitación compartida mixta de 4 camas,2,grupo,fantástico,,,9.0,2024-04-16,muy bien
the river hostel,italia,cama en habitación compartida mixta de 6 camas,3,persona que viaja sola,muy bien,,,8.0,2024-04-16,muy bien
the river hostel,suiza,litera en dormitorio compartido mixto con 10 camas,2,persona que viaja sola,gutes hostel an zentraler lage,,,8.0,2024-04-15,muy bien
the river hostel,turquía,cama en habitación compartida mixta de 6 camas,1,persona que viaja sola,fantástico,,,9.0,2024-04-15,muy bien
the river hostel,turquía,cama en habitación compartida mixta de 4 camas,2,grupo,muy bien,,,8.0,2024-04-13,muy bien
the river hostel,austria,cama en habitación compartida mixta de 6 camas,3,persona que viaja sola,bien,,,7.0,2024-04-12,muy bien
the river hostel,países bajos,litera en una habitación compartida femenina,4,persona que viaja sola,fantástico,,,9.0,2024-04-11,muy bien
the river hostel,italia,litera en una habitación compartida femenina,2,persona que viaja sola,muy bien,,,8.0,2024-04-11,muy bien
the river hostel,alemania,litera en una habitación compartida femenina,3,persona que viaja sola,fantástico,,,9.0,2024-04-08,muy bien
the river hostel,francia,litera en dormitorio compartido mixto con 10 camas,2,persona que viaja sola,muy bien,,,8.0,2024-04-06,muy bien
the river hostel,países bajos,cama en habitación compartida mixta de 8 camas,1,persona que viaja sola,fantástico,,,9.0,2024-04-05,muy bien
the river hostel,italia,litera en dormitorio compartido mixto con 10 camas,1,persona que viaja sola,muy bien,,,8.0,2024-04-05,muy bien
the river hostel,brasil,litera en dormitorio compartido mixto con 10 camas,2,persona que viaja sola,fantástico,,,9.0,2024-04-04,muy bien
the river hostel,italia,litera en habitación compartida mixta de 12 camas,1,persona que viaja sola,bien,,,7.0,2024-04-01,muy bien
the river hostel,ucrania,cama en habitación compartida mixta de 8 camas,1,persona que viaja sola,muy bien,,,8.0,2024-04-01,muy bien
the river hostel,alemania,cama en habitación compartida mixta de 4 camas,2,persona que viaja sola,bien,,,7.0,2024-03-31,muy bien
the river hostel,noruega,litera en dormitorio compartido mixto con 10 camas,3,grupo,muy bien,,,8.0,2024-03-30,muy bien
the river hostel,austria,litera en dormitorio compartido mixto con 10 camas,3,persona que viaja sola,fantástico,,,9.0,2024-03-28,muy bien
the river hostel,alemania,cama en habitación compartida mixta de 8 camas,1,persona que viaja sola,muy bien,,,8.0,2024-03-28,muy bien
the river hostel,italia,cama en habitación compartida mixta de 8 camas,3,persona que viaja sola,fantástico,,,9.0,2024-03-27,muy bien
the river hostel,alemania,litera en una habitación compartida femenina,3,persona que viaja sola,muy bien,,,8.0,2024-03-26,muy bien
the river hostel,polonia,litera en dormitorio compartido mixto con 10 camas,2,persona que viaja sola,muy bien,,,8.0,2024-03-25,muy bien
the river hostel,francia,litera en dormitorio compartido mixto con 10 camas,2,persona que viaja sola,fantástico,,,9.0,2024-03-24,muy bien
the river hostel,españa,litera en habitación compartida mixta de 12 camas,1,persona que viaja sola,fantástico,,,9.0,2024-03-24,muy bien
the river hostel,italia,litera en dormitorio compartido mixto con 10 camas,4,grupo,bien,,,7.0,2024-03-23,muy bien
the river hostel,suecia,litera en habitación compartida mixta de 12 camas,5,persona que viaja sola,muy bien,,,8.0,2024-03-22,muy bien
the river hostel,corea del sur,litera en una habitación compartida femenina,3,persona que viaja sola,muy bien,,,8.0,2024-03-22,muy bien
the river hostel,portugal,litera en habitación compartida mixta de 12 camas,3,persona que viaja sola,muy bien,,,8.0,2024-03-21,muy bien
the river hostel,españa,litera en una habitación compartida femenina,6,persona que viaja sola,bien,,,7.0,2024-03-20,muy bien
the river hostel,polonia,litera en habitación compartida mixta de 12 camas,1,persona que viaja sola,muy bien,,,8.0,2024-03-19,muy bien
the river hostel,italia,litera en habitación compartida mixta de 12 camas,3,persona que viaja sola,fantástico,,,9.0,2024-03-19,muy bien
the river hostel,japón,litera en dormitorio compartido mixto con 10 camas,2,persona que viaja sola,bien,,,7.0,2024-03-18,muy bien
the river hostel,italia,litera en habitación compartida mixta de 12 camas,3,persona que viaja sola,fantástico,,,9.0,2024-03-18,muy bien
the river hostel,españa,litera en dormitorio compartido mixto con 10 camas,1,persona que viaja sola,muy bien,,,8.0,2024-03-17,muy bien
the river hostel,brasil,litera en una habitación compartida femenina,2,persona que viaja sola,fantástico,,,9.0,2024-03-14,muy bien
the river hostel,francia,litera en habitación compartida mixta de 12 camas,3,persona que viaja sola,muy bien,,,8.0,2024-03-13,muy bien
the river hostel,suiza,litera en habitación compartida mixta de 12 camas,3,grupo,muy bien,,,8.0,2024-03-12,muy bien
the river hostel,italia,litera en dormitorio compartido mixto con 10 camas,2,persona que viaja sola,muy bien,,,8.0,2024-03-11,muy bien
the river hostel,alemania,litera en una habitación compartida femenina,3,persona que viaja sola,muy bien,,,8.0,2024-03-09,muy bien
the river hostel,francia,litera en dormitorio compartido mixto con 10 camas,7,persona que viaja sola,muy bien,,,8.0,2024-03-08,muy bien
the river hostel,letonia,litera en una habitación compartida femenina,4,persona que viaja sola,fantástico,,,9.0,2024-03-07,muy bien
the river hostel,alemania,litera en dormitorio compartido mixto con 10 camas,3,persona que viaja sola,fantástico,,,9.0,2024-03-06,muy bien
the river hostel,alemania,litera en una habitación compartida femenina,3,persona que viaja sola,muy bien,,,8.0,2024-03-03,muy bien
the river hostel,hungría,litera en una habitación compartida femenina,2,persona que viaja sola,fantástico,,,9.0,2024-02-26,muy bien
the river hostel,españa,litera en habitación compartida mixta de 12 camas,1,grupo,fantástico,,,9.0,2024-02-23,muy bien
the river hostel,francia,litera en dormitorio compartido mixto con 10 camas,4,persona que viaja sola,fantástico,,,9.0,2024-02-22,muy bien
the river hostel,polonia,litera en habitación compartida mixta de 12 camas,1,pareja,muy bien,,,8.0,2024-02-22,muy bien
the river hostel,alemania,litera en una habitación compartida femenina,4,persona que viaja sola,fantástico,,,9.0,2024-02-21,muy bien
the river hostel,polonia,litera en habitación compartida mixta de 12 camas,3,persona que viaja sola,muy bien,,,8.0,2024-02-20,muy bien
the river hostel,república checa,litera en habitación compartida mixta de 12 camas,1,grupo,fantástico,,,9.0,2024-02-20,muy bien
the river hostel,polonia,litera en dormitorio compartido mixto con 10 camas,2,persona que viaja sola,fantástico,,,9.0,2024-02-18,muy bien
the river hostel,grecia,cama en habitación compartida mixta de 6 camas,1,persona que viaja sola,fantástico,,,9.0,2024-02-16,muy bien
the river hostel,sudáfrica,litera en habitación compartida mixta de 12 camas,3,persona que viaja sola,muy bien,,,8.0,2024-02-15,muy bien
the river hostel,suecia,litera en una habitación compartida femenina,1,persona que viaja sola,fantástico,,,9.0,2024-02-14,muy bien
the river hostel,países bajos,litera en habitación compartida mixta de 12 camas,4,persona que viaja sola,bien,,,7.0,2024-02-14,muy bien
the river hostel,alemania,litera en una habitación compartida femenina,2,persona que viaja sola,muy bien,,,8.0,2024-02-14,muy bien
the river hostel,italia,litera en habitación compartida mixta de 12 camas,3,grupo,bien,,,7.0,2024-02-12,muy bien
the river hostel,alemania,litera en una habitación compartida femenina,3,persona que viaja sola,fantástico,,,9.0,2024-02-12,muy bien
the river hostel,italia,litera en una habitación compartida femenina,2,grupo,muy bien,,,8.0,2024-02-12,muy bien
the river hostel,italia,litera en habitación compartida mixta de 12 camas,3,persona que viaja sola,fantástico,,,9.0,2024-02-11,muy bien
the river hostel,australia,cama en habitación compartida mixta de 6 camas,1,persona que viaja sola,muy bien,,,8.0,2024-02-10,muy bien
the river hostel,austria,litera en una habitación compartida femenina,2,persona que viaja sola,muy bien,,,8.0,2024-02-08,muy bien
the river hostel,eslovenia,litera en habitación compartida mixta de 12 camas,1,persona que viaja sola,muy bien,,,8.0,2024-02-04,muy bien
the river hostel,francia,litera en dormitorio compartido mixto con 10 camas,1,persona que viaja sola,muy bien,,,8.0,2024-02-02,muy bien
the river hostel,españa,litera en habitación compartida mixta de 12 camas,3,grupo,muy bien,,,8.0,2024-01-31,muy bien
the river hostel,ucrania,litera en habitación compartida mixta de 12 camas,2,persona que viaja sola,fantástico,,,9.0,2024-01-30,muy bien
the river hostel,italia,litera en habitación compartida mixta de 12 camas,1,persona que viaja sola,bien,,,7.0,2024-01-30,muy bien
the river hostel,marruecos,cama en habitación compartida mixta de 4 camas,8,persona que viaja sola,fantástico,,,9.0,2024-01-29,muy bien
the river hostel,australia,litera en una habitación compartida femenina,2,persona que viaja sola,muy bien,,,8.0,2024-01-28,muy bien
the river hostel,ucrania,litera en habitación compartida mixta de 12 camas,1,persona que viaja sola,muy bien,,,8.0,2024-01-27,muy bien
the river hostel,francia,cama en habitación compartida mixta de 4 camas,4,persona que viaja sola,muy bien,,,8.0,2024-01-25,muy bien
the river hostel,francia,litera en dormitorio compartido mixto con 10 camas,6,persona que viaja sola,muy bien,,,8.0,2024-01-25,muy bien
the river hostel,italia,litera en una habitación compartida femenina,2,persona que viaja sola,fantástico,,,9.0,2024-01-24,muy bien
the river hostel,polonia,litera en dormitorio compartido mixto con 10 camas,2,familia,fantástico,,,9.0,2024-01-23,muy bien
the river hostel,suiza,cama en habitación compartida mixta de 4 camas,3,persona que viaja sola,muy bien,,,8.0,2024-01-22,muy bien
the river hostel,polonia,litera en una habitación compartida femenina,1,persona que viaja sola,fantástico,,,9.0,2024-01-22,muy bien
the river hostel,italia,cama en habitación compartida mixta de 6 camas,4,persona que viaja sola,muy bien,,,8.0,2024-01-21,muy bien
the river hostel,españa,cama en habitación compartida mixta de 8 camas,1,persona que viaja sola,muy bien,,,8.0,2024-01-19,muy bien
the river hostel,ucrania,litera en dormitorio compartido mixto con 10 camas,16,persona que viaja sola,fantástico,,,9.0,2024-01-19,muy bien
the river hostel,,litera en habitación compartida mixta de 12 camas,2,persona que viaja sola,muy bien,,,8.0,2024-01-19,muy bien
the river hostel,polonia,litera en dormitorio compartido mixto con 10 camas,2,grupo,bien,,,7.0,2024-01-19,muy bien
the river hostel,italia,cama en habitación compartida mixta de 8 camas,2,grupo,bien,,,7.0,2024-01-18,muy bien
the river hostel,,litera en dormitorio compartido mixto con 10 camas,4,persona que viaja sola,fantástico,,,9.0,2024-01-16,muy bien
the river hostel,china,litera en habitación compartida mixta de 12 camas,1,persona que viaja sola,fantástico,,,9.0,2024-01-15,muy bien
the river hostel,italia,litera en dormitorio compartido mixto con 10 camas,5,persona que viaja sola,muy bien,,,8.0,2024-01-13,muy bien
the river hostel,irlanda,litera en dormitorio compartido mixto con 10 camas,1,persona que viaja sola,bien,,,7.0,2024-01-13,muy bien
the river hostel,marruecos,litera en dormitorio compartido mixto con 10 camas,2,persona que viaja sola,muy bien,,,8.0,2024-01-12,muy bien
the river hostel,francia,cama en habitación compartida mixta de 8 camas,4,persona que viaja sola,muy bien,,,8.0,2024-01-08,muy bien
the river hostel,rumanía,cama en habitación compartida mixta de 4 camas,2,persona que viaja sola,fantástico,,,9.0,2024-01-08,muy bien
the river hostel,alemania,litera en dormitorio compartido mixto con 10 camas,1,pareja,bien,,,7.0,2024-01-06,muy bien
the river hostel,portugal,litera en habitación compartida mixta de 12 camas,3,persona que viaja sola,muy bien,,,8.0,2024-01-06,muy bien
the river hostel,italia,litera en habitación compartida mixta de 12 camas,1,persona que viaja sola,muy bien,,,8.0,2024-01-05,muy bien
the river hostel,alemania,litera en una habitación compartida femenina,2,persona que viaja sola,muy bien,,,8.0,2024-01-05,muy bien
the river hostel,hungría,litera en una habitación compartida femenina,1,persona que viaja sola,fantástico,,,9.0,2024-01-04,muy bien
the river hostel,italia,litera en dormitorio compartido mixto con 10 camas,2,grupo,muy bien,,,8.0,2024-01-04,muy bien
the river hostel,españa,litera en dormitorio compartido mixto con 10 camas,6,grupo,muy bien,,,8.0,2024-01-03,muy bien
the river hostel,francia,litera en dormitorio compartido mixto con 10 camas,1,grupo,muy bien,,,8.0,2024-01-03,muy bien
the river hostel,polonia,cama en habitación compartida mixta de 4 camas,2,persona que viaja sola,fantástico,,,9.0,2024-01-02,muy bien
the river hostel,francia,litera en dormitorio compartido mixto con 10 camas,1,persona que viaja sola,muy bien,,,8.0,2024-01-02,muy bien
the river hostel,polonia,litera en habitación compartida mixta de 12 camas,1,grupo,muy bien,,,8.0,2024-01-02,muy bien
the river hostel,portugal,litera en dormitorio compartido mixto con 10 camas,3,persona que viaja sola,muy bien,,,8.0,2024-01-02,muy bien
the river hostel,italia,litera en una habitación compartida femenina,4,persona que viaja sola,muy bien,,,8.0,2024-01-02,muy bien
the river hostel,polonia,litera en habitación compartida mixta de 12 camas,2,persona que viaja sola,fantástico,,,9.0,2023-12-30,muy bien
the river hostel,polonia,litera en una habitación compartida femenina,2,persona que viaja sola,muy bien,,,8.0,2023-12-30,muy bien
the river hostel,francia,litera en habitación compartida mixta de 12 camas,1,persona que viaja sola,muy bien,,,8.0,2023-12-29,muy bien
the river hostel,corea del sur,litera en una habitación compartida femenina,3,persona que viaja sola,fantástico,,,9.0,2023-12-28,muy bien
the river hostel,italia,cama en habitación compartida mixta de 6 camas,3,persona que viaja sola,fantástico,,,9.0,2023-12-27,muy bien
the river hostel,italia,cama en habitación compartida mixta de 4 camas,2,persona que viaja sola,bien,,,7.0,2023-12-22,muy bien
the river hostel,alemania,litera en habitación compartida mixta de 12 camas,3,persona que viaja sola,muy bien,,,8.0,2023-12-22,muy bien
the river hostel,italia,cama en habitación compartida mixta de 8 camas,2,persona que viaja sola,bien,,,7.0,2023-12-21,muy bien
the river hostel,méxico,litera en dormitorio compartido mixto con 10 camas,3,familia,fantástico,,,9.0,2023-12-20,muy bien
the river hostel,alemania,litera en dormitorio compartido mixto con 10 camas,2,persona que viaja sola,bien,,,7.0,2023-12-20,muy bien
the river hostel,francia,cama en habitación compartida mixta de 4 camas,1,persona que viaja sola,muy bien,,,8.0,2023-12-19,muy bien
the river hostel,ucrania,litera en habitación compartida mixta de 12 camas,1,persona que viaja sola,bien,,,7.0,2023-12-19,muy bien
the river hostel,ucrania,litera en habitación compartida mixta de 12 camas,1,persona que viaja sola,bien,,,7.0,2023-12-19,muy bien
the river hostel,italia,cama en habitación compartida mixta de 4 camas,2,persona que viaja sola,fantástico,,,9.0,2023-12-18,muy bien
the river hostel,portugal,cama en habitación compartida mixta de 8 camas,1,persona que viaja sola,muy bien,,,8.0,2023-12-18,muy bien
the river hostel,italia,litera en una habitación compartida femenina,3,grupo,bien,,,7.0,2023-12-17,muy bien
the river hostel,turquía,litera en dormitorio compartido mixto con 10 camas,3,persona que viaja sola,muy bien,,,8.0,2023-12-16,muy bien
the river hostel,italia,cama en habitación compartida mixta de 6 camas,5,persona que viaja sola,fantástico,,,9.0,2023-12-12,muy bien
the river hostel,francia,litera en dormitorio compartido mixto con 10 camas,1,grupo,fantástico,,,9.0,2023-12-11,muy bien
the river hostel,bélgica,cama en habitación compartida mixta de 6 camas,5,persona que viaja sola,muy bien,,,8.0,2023-12-11,muy bien
the river hostel,suiza,litera en una habitación compartida femenina,2,persona que viaja sola,muy bien,,,8.0,2023-12-10,muy bien
the river hostel,polonia,litera en una habitación compartida femenina,1,grupo,fantástico,,,9.0,2023-12-08,muy bien
the river hostel,italia,litera en dormitorio compartido mixto con 10 camas,1,persona que viaja sola,bien,,,7.0,2023-12-07,muy bien
the river hostel,francia,litera en habitación compartida mixta de 12 camas,1,persona que viaja sola,muy bien,,,8.0,2023-12-05,muy bien
the river hostel,polonia,litera en habitación compartida mixta de 12 camas,7,persona que viaja sola,fantástico,,,9.0,2023-12-05,muy bien
the river hostel,francia,litera en habitación compartida mixta de 12 camas,3,persona que viaja sola,fantástico,,,9.0,2023-12-05,muy bien
the river hostel,taiwán,litera en dormitorio compartido mixto con 10 camas,2,persona que viaja sola,bien,,,7.0,2023-12-04,muy bien
the river hostel,república checa,cama en habitación compartida mixta de 8 camas,1,persona que viaja sola,fantástico,,,9.0,2023-12-03,muy bien
the river hostel,grecia,litera en dormitorio compartido mixto con 10 camas,1,persona que viaja sola,muy bien,,,8.0,2023-12-03,muy bien
the river hostel,eslovaquia,litera en dormitorio compartido mixto con 10 camas,1,grupo,muy bien,,,8.0,2023-11-30,muy bien
the river hostel,ucrania,litera en habitación compartida mixta de 12 camas,1,persona que viaja sola,bien,,,7.0,2023-11-30,muy bien
the river hostel,austria,litera en habitación compartida mixta de 12 camas,5,persona que viaja sola,muy bien,,,8.0,2023-11-29,muy bien
the river hostel,italia,litera en una habitación compartida femenina,1,persona que viaja sola,fantástico,,,9.0,2023-11-29,muy bien
the river hostel,brasil,litera en dormitorio compartido mixto con 10 camas,1,persona que viaja sola,fantástico,,,9.0,2023-11-29,muy bien
the river hostel,alemania,cama en habitación compartida mixta de 4 camas,5,persona que viaja sola,fantástico,,,9.0,2023-11-27,muy bien
the river hostel,italia,litera en una habitación compartida femenina,6,persona que viaja sola,fantástico,,,9.0,2023-11-27,muy bien
the river hostel,portugal,cama en habitación compartida mixta de 6 camas,3,persona que viaja sola,muy bien,,,8.0,2023-11-27,muy bien
the river hostel,corea del sur,litera en habitación compartida mixta de 12 camas,1,persona que viaja sola,muy bien,,,8.0,2023-11-26,muy bien
the river hostel,países bajos,litera en dormitorio compartido mixto con 10 camas,3,persona que viaja sola,prima hostel. aardig personeel en super mooie locatie.,,,7.0,2023-11-26,muy bien
the river hostel,italia,cama en habitación compartida mixta de 6 camas,2,persona que viaja sola,muy bien,,,8.0,2023-11-23,muy bien
the river hostel,italia,litera en habitación compartida mixta de 12 camas,3,persona que viaja sola,muy bien,,,8.0,2023-11-23,muy bien
the river hostel,alemania,cama en habitación compartida mixta de 8 camas,3,grupo,fantástico,,,9.0,2023-11-22,muy bien
the river hostel,portugal,litera en dormitorio compartido mixto con 10 camas,1,grupo,fantástico,,,9.0,2023-11-19,muy bien
the river hostel,italia,litera en habitación compartida mixta de 12 camas,1,persona que viaja sola,muy bien,,,8.0,2023-11-18,muy bien
the river hostel,polonia,litera en dormitorio compartido mixto con 10 camas,4,persona que viaja sola,muy bien,,,8.0,2023-11-17,muy bien
the river hostel,alemania,litera en una habitación compartida femenina,1,persona que viaja sola,muy bien,,,8.0,2023-11-17,muy bien
the river hostel,italia,litera en dormitorio compartido mixto con 10 camas,5,persona que viaja sola,muy bien,,,8.0,2023-11-17,muy bien
the river hostel,italia,cama en habitación compartida mixta de 4 camas,2,persona que viaja sola,fantástico,,,9.0,2023-11-16,muy bien
the river hostel,italia,litera en dormitorio compartido mixto con 10 camas,2,persona que viaja sola,fantástico,,,9.0,2023-11-16,muy bien
the river hostel,turquía,cama en habitación compartida mixta de 4 camas,3,persona que viaja sola,bien,,,7.0,2023-11-15,muy bien
the river hostel,polonia,litera en una habitación compartida femenina,1,persona que viaja sola,fantástico,,,9.0,2023-11-14,muy bien
the river hostel,marruecos,litera en una habitación compartida femenina,2,persona que viaja sola,bien,,,7.0,2023-11-14,muy bien
the river hostel,polonia,cama en habitación compartida mixta de 4 camas,2,persona que viaja sola,muy bien,,,8.0,2023-11-11,muy bien
the river hostel,rumanía,litera en habitación compartida mixta de 12 camas,2,persona que viaja sola,fantástico,,,9.0,2023-11-11,muy bien
the river hostel,italia,cama en habitación compartida mixta de 6 camas,4,persona que viaja sola,fantástico,,,9.0,2023-11-10,muy bien
the river hostel,italia,cama en habitación compartida mixta de 8 camas,4,persona que viaja sola,fantástico,,,9.0,2023-11-10,muy bien
the river hostel,alemania,litera en dormitorio compartido mixto con 10 camas,1,persona que viaja sola,muy bien,,,8.0,2023-11-10,muy bien
the river hostel,alemania,litera en habitación compartida mixta de 12 camas,1,persona que viaja sola,muy bien,,,8.0,2023-11-10,muy bien
the river hostel,letonia,litera en dormitorio compartido mixto con 10 camas,2,persona que viaja sola,muy bien,,,8.0,2023-11-08,muy bien
the river hostel,corea del sur,litera en dormitorio compartido mixto con 10 camas,2,persona que viaja sola,fantástico,,,9.0,2023-11-08,muy bien
the river hostel,españa,litera en dormitorio compartido mixto con 10 camas,2,persona que viaja sola,muy bien,,,8.0,2023-11-08,muy bien
the river hostel,dinamarca,cama en habitación compartida mixta de 4 camas,6,persona que viaja sola,fantástico,,,9.0,2023-11-06,muy bien
the river hostel,francia,cama en habitación compartida mixta de 6 camas,2,persona que viaja sola,fantástico,,,9.0,2023-11-06,muy bien
the river hostel,república checa,litera en una habitación compartida femenina,2,persona que viaja sola,fantástico,,,9.0,2023-11-05,muy bien
the river hostel,polonia,litera en una habitación compartida femenina,2,grupo,fantástico,,,9.0,2023-11-03,muy bien
the river hostel,francia,litera en dormitorio compartido mixto con 10 camas,3,persona que viaja sola,fantástico,,,9.0,2023-10-31,muy bien
the river hostel,italia,litera en dormitorio compartido mixto con 10 camas,3,persona que viaja sola,muy bien,,,8.0,2023-10-31,muy bien
the river hostel,españa,litera en habitación compartida mixta de 12 camas,1,grupo,muy bien,,,8.0,2023-10-27,muy bien
the river hostel,francia,cama en habitación compartida mixta de 8 camas,3,persona que viaja sola,muy bien,,,8.0,2023-10-25,muy bien
the river hostel,suecia,litera en dormitorio compartido mixto con 10 camas,1,grupo,muy bien,,,8.0,2023-10-25,muy bien
the river hostel,españa,cama en habitación compartida mixta de 8 camas,1,persona que viaja sola,fantástico,,,9.0,2023-10-25,muy bien
the river hostel,,litera en una habitación compartida femenina,4,persona que viaja sola,muy bien,,,8.0,2023-10-24,muy bien
the river hostel,alemania,cama en habitación compartida mixta de 8 camas,2,persona que viaja sola,bien,,,7.0,2023-10-23,muy bien
the river hostel,bielorrusia,cama en habitación compartida mixta de 8 camas,3,familia,fantástico,,,9.0,2023-10-23,muy bien
the river hostel,italia,litera en habitación compartida mixta de 12 camas,2,persona que viaja sola,fantástico,,,9.0,2023-10-22,muy bien
the river hostel,portugal,litera en una habitación compartida femenina,1,persona que viaja sola,fantástico,,,9.0,2023-10-22,muy bien
the river hostel,españa,litera en habitación compartida mixta de 12 camas,2,grupo,bien,,,7.0,2023-10-21,muy bien
the river hostel,alemania,cama en habitación compartida mixta de 8 camas,7,persona que viaja sola,muy bien,,,8.0,2023-10-20,muy bien
the river hostel,italia,litera en una habitación compartida femenina,3,grupo,fantástico,,,9.0,2023-10-17,muy bien
the river hostel,italia,litera en dormitorio compartido mixto con 10 camas,5,persona que viaja sola,muy bien,,,8.0,2023-10-16,muy bien
the river hostel,francia,litera en habitación compartida mixta de 12 camas,3,persona que viaja sola,fantástico,,,9.0,2023-10-15,muy bien
the river hostel,italia,cama en habitación compartida mixta de 8 camas,3,persona que viaja sola,fantástico,,,9.0,2023-10-14,muy bien
the river hostel,alemania,litera en habitación compartida mixta de 12 camas,2,persona que viaja sola,muy bien,,,8.0,2023-10-14,muy bien
the river hostel,portugal,litera en habitación compartida mixta de 12 camas,2,persona que viaja sola,muy bien,,,8.0,2023-10-14,muy bien
the river hostel,italia,cama en habitación compartida mixta de 8 camas,3,persona que viaja sola,fantástico,,,9.0,2023-10-13,muy bien
the river hostel,italia,litera en dormitorio compartido mixto con 10 camas,2,grupo,fantástico,,,9.0,2023-10-12,muy bien
the river hostel,italia,cama en habitación compartida mixta de 8 camas,1,persona que viaja sola,bien,,,7.0,2023-10-12,muy bien
the river hostel,bielorrusia,cama en habitación compartida mixta de 8 camas,6,persona que viaja sola,muy bien,,,8.0,2023-10-12,muy bien
the river hostel,italia,cama en habitación compartida mixta de 4 camas,4,persona que viaja sola,fantástico,,,9.0,2023-10-11,muy bien
the river hostel,suiza,litera en habitación compartida mixta de 12 camas,3,familia,muy bien,,,8.0,2023-10-10,muy bien
the river hostel,italia,cama en habitación compartida mixta de 8 camas,2,persona que viaja sola,muy bien,,,8.0,2023-10-10,muy bien
the river hostel,españa,litera en dormitorio compartido mixto con 10 camas,6,persona que viaja sola,muy bien,,,8.0,2023-10-08,muy bien
the river hostel,alemania,cama en habitación compartida mixta de 6 camas,9,persona que viaja sola,muy bien,,,8.0,2023-10-08,muy bien
the river hostel,portugal,litera en habitación compartida mixta de 12 camas,3,persona que viaja sola,muy bien,,,8.0,2023-10-07,muy bien
the river hostel,alemania,cama en habitación compartida mixta de 8 camas,2,persona que viaja sola,fantástico,,,9.0,2023-10-07,muy bien
the river hostel,alemania,litera en una habitación compartida femenina,2,grupo,bien,,,7.0,2023-10-06,muy bien
the river hostel,italia,litera en una habitación compartida femenina,3,persona que viaja sola,bien,,,7.0,2023-10-06,muy bien
the river hostel,república checa,litera en habitación compartida mixta de 12 camas,2,persona que viaja sola,fantástico,,,9.0,2023-10-04,muy bien
the river hostel,francia,cama en habitación compartida mixta de 4 camas,1,persona que viaja sola,muy bien,,,8.0,2023-10-04,muy bien
the river hostel,portugal,cama en habitación compartida mixta de 6 camas,1,persona que viaja sola,muy bien,,,8.0,2023-10-03,muy bien
the river hostel,portugal,litera en una habitación compartida femenina,1,persona que viaja sola,muy bien,,,8.0,2023-10-03,muy bien
the river hostel,portugal,litera en dormitorio compartido mixto con 10 camas,6,persona que viaja sola,fantástico,,,9.0,2023-10-03,muy bien
the river hostel,francia,cama en habitación compartida mixta de 6 camas,2,persona que viaja sola,muy bien,,,8.0,2023-10-02,muy bien
the river hostel,suiza,litera en una habitación compartida femenina,1,persona que viaja sola,bien,,,7.0,2023-09-29,muy bien
the river hostel,italia,cama en habitación compartida mixta de 8 camas,1,persona que viaja sola,bien,,,7.0,2023-09-28,muy bien
the river hostel,italia,litera en dormitorio compartido mixto con 10 camas,5,grupo,muy bien,,,8.0,2023-09-27,muy bien
the river hostel,italia,litera en dormitorio compartido mixto con 10 camas,3,persona que viaja sola,muy bien,,,8.0,2023-09-26,muy bien
the river hostel,alemania,cama en habitación compartida mixta de 4 camas,3,persona que viaja sola,bien,,,7.0,2023-09-26,muy bien
the river hostel,alemania,litera en habitación compartida mixta de 12 camas,2,persona que viaja sola,muy bien,,,8.0,2023-09-23,muy bien
the river hostel,malta,cama en habitación compartida mixta de 6 camas,3,persona que viaja sola,bien,,,7.0,2023-09-22,muy bien
the river hostel,alemania,litera en una habitación compartida femenina,3,persona que viaja sola,muy bien,,,8.0,2023-09-19,muy bien
the river hostel,suecia,litera en una habitación compartida femenina,3,persona que viaja sola,muy bien,,,8.0,2023-09-19,muy bien
the river hostel,alemania,cama en habitación compartida mixta de 4 camas,3,persona que viaja sola,muy bien,,,8.0,2023-09-18,muy bien
the river hostel,italia,cama en habitación compartida mixta de 4 camas,1,grupo,fantástico,,,9.0,2023-09-18,muy bien
the river hostel,alemania,litera en una habitación compartida femenina,2,persona que viaja sola,fantástico,,,9.0,2023-09-18,muy bien
the river hostel,alemania,cama en habitación compartida mixta de 8 camas,10,grupo,muy bien,,,8.0,2023-09-18,muy bien
the river hostel,alemania,litera en habitación compartida mixta de 12 camas,2,persona que viaja sola,muy bien,,,8.0,2023-09-17,muy bien
the river hostel,italia,cama en habitación compartida mixta de 4 camas,3,persona que viaja sola,fantástico,,,9.0,2023-09-16,muy bien
the river hostel,alemania,cama en habitación compartida mixta de 6 camas,3,persona que viaja sola,muy bien,,,8.0,2023-09-13,muy bien
the river hostel,italia,litera en dormitorio compartido mixto con 10 camas,1,grupo,muy bien,,,8.0,2023-09-13,muy bien
the river hostel,italia,litera en dormitorio compartido mixto con 10 camas,2,persona que viaja sola,muy bien,,,8.0,2023-09-12,muy bien
the river hostel,italia,litera en dormitorio compartido mixto con 10 camas,2,familia,bien,,,7.0,2023-09-12,muy bien
the river hostel,italia,cama en habitación compartida mixta de 8 camas,2,grupo,fantástico,,,9.0,2023-09-12,muy bien
the river hostel,italia,cama en habitación compartida mixta de 4 camas,5,grupo,fantástico,,,9.0,2023-09-11,muy bien
the river hostel,hungría,cama en habitación compartida mixta de 4 camas,3,persona que viaja sola,muy bien,,,8.0,2023-09-11,muy bien
the river hostel,italia,cama en habitación compartida mixta de 4 camas,5,grupo,"posizione spettacolare, vicino al centro e al rio turia con uno staff giovane, organizzato è disponibile.",,,9.0,2023-09-10,muy bien
the river hostel,marruecos,litera en dormitorio compartido mixto con 10 camas,1,persona que viaja sola,bien,,,7.0,2023-09-06,muy bien
the river hostel,italia,litera en dormitorio compartido mixto con 10 camas,2,persona que viaja sola,muy bien,,,8.0,2023-09-05,muy bien
the river hostel,alemania,litera en habitación compartida mixta de 12 camas,1,persona que viaja sola,muy bien,,,8.0,2023-09-05,muy bien
the river hostel,italia,litera en habitación compartida mixta de 12 camas,2,grupo,muy bien,,,8.0,2023-09-04,muy bien
the river hostel,italia,litera en una habitación compartida femenina,6,pareja,fantástico,,,9.0,2023-09-04,muy bien
the river hostel,ucrania,litera en dormitorio compartido mixto con 10 camas,5,persona que viaja sola,fantástico,,,9.0,2023-09-03,muy bien
the river hostel,italia,litera en dormitorio compartido mixto con 10 camas,5,persona que viaja sola,muy bien,,,8.0,2023-08-30,muy bien
the river hostel,francia,litera en dormitorio compartido mixto con 10 camas,1,persona que viaja sola,muy bien,,,8.0,2023-08-30,muy bien
the river hostel,francia,litera en habitación compartida mixta de 12 camas,1,persona que viaja sola,muy bien,,,8.0,2023-08-30,muy bien
the river hostel,italia,litera en una habitación compartida femenina,2,persona que viaja sola,bien,,,7.0,2023-08-30,muy bien
the river hostel,noruega,litera en habitación compartida mixta de 12 camas,4,grupo,fantástico,,,9.0,2023-08-29,muy bien
the river hostel,italia,litera en dormitorio compartido mixto con 10 camas,2,persona que viaja sola,fantástico,,,9.0,2023-08-29,muy bien
the river hostel,alemania,cama en habitación compartida mixta de 4 camas,1,persona que viaja sola,fantástico,,,9.0,2023-08-28,muy bien
the river hostel,italia,cama en habitación compartida mixta de 4 camas,3,pareja,fantástico,,,9.0,2023-08-28,muy bien
the river hostel,portugal,litera en una habitación compartida femenina,3,grupo,fantástico,,,9.0,2023-08-28,muy bien
the river hostel,países bajos,cama en habitación compartida mixta de 4 camas,2,persona que viaja sola,muy bien,,,8.0,2023-08-27,muy bien
the river hostel,ucrania,litera en habitación compartida mixta de 12 camas,1,persona que viaja sola,fantástico,,,9.0,2023-08-25,muy bien
the river hostel,alemania,litera en una habitación compartida femenina,3,persona que viaja sola,bien,,,7.0,2023-08-24,muy bien
the river hostel,hungría,cama en habitación compartida mixta de 4 camas,2,grupo,muy bien,,,8.0,2023-08-24,muy bien
the river hostel,bélgica,cama en habitación compartida mixta de 6 camas,5,persona que viaja sola,fantástico,,,9.0,2023-08-24,muy bien
the river hostel,españa,litera en habitación compartida mixta de 12 camas,1,persona que viaja sola,muy bien,,,8.0,2023-08-23,muy bien
the river hostel,países bajos,litera en habitación compartida mixta de 12 camas,7,persona que viaja sola,fantástico,,,9.0,2023-08-22,muy bien
the river hostel,alemania,litera en habitación compartida mixta de 12 camas,3,grupo,muy bien,,,8.0,2023-08-21,muy bien
the river hostel,italia,cama en habitación compartida mixta de 8 camas,7,grupo,muy bien,,,8.0,2023-08-21,muy bien
the river hostel,alemania,litera en habitación compartida mixta de 12 camas,1,persona que viaja sola,fantástico,,,9.0,2023-08-21,muy bien
the river hostel,marruecos,cama en habitación compartida mixta de 6 camas,3,persona que viaja sola,muy bien,,,8.0,2023-08-19,muy bien
the river hostel,italia,cama en habitación compartida mixta de 4 camas,8,grupo,muy bien,,,8.0,2023-08-18,muy bien
the river hostel,italia,litera en dormitorio compartido mixto con 10 camas,2,persona que viaja sola,fantástico,,,9.0,2023-08-17,muy bien
the river hostel,alemania,litera en una habitación compartida femenina,5,grupo,bien,,,7.0,2023-08-17,muy bien
the river hostel,alemania,litera en dormitorio compartido mixto con 10 camas,5,grupo,fantástico,,,9.0,2023-08-17,muy bien
the river hostel,portugal,litera en habitación compartida mixta de 12 camas,3,persona que viaja sola,muy bien,,,8.0,2023-08-17,muy bien
the river hostel,georgia,cama en habitación compartida mixta de 8 camas,1,persona que viaja sola,muy bien,,,8.0,2023-08-17,muy bien
the river hostel,alemania,cama en habitación compartida mixta de 8 camas,3,persona que viaja sola,fantástico,,,9.0,2023-08-16,muy bien
the river hostel,italia,litera en dormitorio compartido mixto con 10 camas,2,persona que viaja sola,muy bien,,,8.0,2023-08-15,muy bien
the river hostel,italia,cama en habitación compartida mixta de 8 camas,1,grupo,fantástico,,,9.0,2023-08-14,muy bien
the river hostel,portugal,litera en una habitación compartida femenina,4,persona que viaja sola,muy bien,,,8.0,2023-08-14,muy bien
the river hostel,portugal,litera en dormitorio compartido mixto con 10 camas,1,persona que viaja sola,muy bien,,,8.0,2023-08-14,muy bien
the river hostel,alemania,cama en habitación compartida mixta de 4 camas,5,persona que viaja sola,bien,,,7.0,2023-08-14,muy bien
the river hostel,polonia,cama en habitación compartida mixta de 6 camas,2,grupo,muy bien,,,8.0,2023-08-11,muy bien
the river hostel,portugal,litera en dormitorio compartido mixto con 10 camas,6,persona que viaja sola,fantástico,,,9.0,2023-08-11,muy bien
the river hostel,alemania,litera en habitación compartida mixta de 12 camas,4,grupo,muy bien,,,8.0,2023-08-11,muy bien
the river hostel,alemania,litera en una habitación compartida femenina,2,persona que viaja sola,fantástico,,,9.0,2023-08-10,muy bien
the river hostel,italia,litera en habitación compartida mixta de 12 camas,2,grupo,bien,,,7.0,2023-08-10,muy bien
the river hostel,italia,litera en habitación compartida mixta de 12 camas,2,persona que viaja sola,muy bien,,,8.0,2023-08-10,muy bien
the river hostel,portugal,litera en dormitorio compartido mixto con 10 camas,1,persona que viaja sola,fantástico,,,9.0,2023-08-10,muy bien
the river hostel,italia,litera en habitación compartida mixta de 12 camas,2,persona que viaja sola,bien,,,7.0,2023-08-09,muy bien
the river hostel,portugal,litera en habitación compartida mixta de 12 camas,1,persona que viaja sola,fantástico,,,9.0,2023-08-08,muy bien
the river hostel,marruecos,litera en habitación compartida mixta de 12 camas,3,grupo,fantástico,,,9.0,2023-08-08,muy bien
the river hostel,francia,litera en habitación compartida mixta de 12 camas,2,persona que viaja sola,muy bien,,,8.0,2023-08-07,muy bien
the river hostel,alemania,litera en una habitación compartida femenina,4,persona que viaja sola,fantástico,,,9.0,2023-08-07,muy bien
the river hostel,italia,cama en habitación compartida mixta de 4 camas,3,persona que viaja sola,fantástico,,,9.0,2023-08-07,muy bien
the river hostel,marruecos,litera en una habitación compartida femenina,3,persona que viaja sola,muy bien,,,8.0,2023-08-04,muy bien
the river hostel,países bajos,cama en habitación compartida mixta de 4 camas,4,persona que viaja sola,bien,,,7.0,2023-08-03,muy bien
the river hostel,italia,cama en habitación compartida mixta de 4 camas,1,grupo,muy bien,,,8.0,2023-08-03,muy bien
the river hostel,alemania,cama en habitación compartida mixta de 8 camas,3,persona que viaja sola,fantástico,,,9.0,2023-08-03,muy bien
the river hostel,polonia,cama en habitación compartida mixta de 6 camas,3,persona que viaja sola,muy bien,,,8.0,2023-08-02,muy bien
the river hostel,países bajos,litera en una habitación compartida femenina,6,grupo,muy bien,,,8.0,2023-08-01,muy bien
the river hostel,francia,litera en una habitación compartida femenina,1,persona que viaja sola,muy bien,,,8.0,2023-08-01,muy bien
the river hostel,bélgica,litera en dormitorio compartido mixto con 10 camas,4,grupo,fantástico,,,9.0,2023-07-31,muy bien
the river hostel,alemania,litera en habitación compartida mixta de 12 camas,4,persona que viaja sola,bien,,,7.0,2023-07-30,muy bien
the river hostel,italia,cama en habitación compartida mixta de 8 camas,4,persona que viaja sola,muy bien,,,8.0,2023-07-28,muy bien
the river hostel,italia,cama en habitación compartida mixta de 8 camas,1,persona que viaja sola,bien,,,7.0,2023-07-28,muy bien
the river hostel,italia,litera en habitación compartida mixta de 12 camas,2,grupo,muy bien,,,8.0,2023-07-28,muy bien
the river hostel,suiza,litera en dormitorio compartido mixto con 10 camas,3,persona que viaja sola,muy bien,,,8.0,2023-07-25,muy bien
the river hostel,españa,litera en una habitación compartida femenina,1,grupo,bien,,,7.0,2023-07-25,muy bien
the river hostel,italia,litera en habitación compartida mixta de 12 camas,1,persona que viaja sola,muy bien,,,8.0,2023-07-24,muy bien
the river hostel,francia,litera en dormitorio compartido mixto con 10 camas,3,persona que viaja sola,muy bien,,,8.0,2023-07-22,muy bien
the river hostel,españa,litera en una habitación compartida femenina,1,persona que viaja sola,fantástico,,,9.0,2023-07-20,muy bien
the river hostel,francia,litera en habitación compartida mixta de 12 camas,1,persona que viaja sola,bien,,,7.0,2023-07-18,muy bien
the river hostel,alemania,litera en habitación compartida mixta de 12 camas,2,persona que viaja sola,muy bien,,,8.0,2023-07-18,muy bien
the river hostel,austria,litera en una habitación compartida femenina,4,persona que viaja sola,muy bien,,,8.0,2023-07-15,muy bien
the river hostel,italia,cama en habitación compartida mixta de 4 camas,2,persona que viaja sola,bien,,,7.0,2023-07-15,muy bien
the river hostel,argelia,cama en habitación compartida mixta de 4 camas,1,persona que viaja sola,muy bien,,,8.0,2023-07-14,muy bien
the river hostel,polonia,litera en dormitorio compartido mixto con 10 camas,4,persona que viaja sola,muy bien,,,8.0,2023-07-12,muy bien
the river hostel,austria,litera en una habitación compartida femenina,1,persona que viaja sola,fantástico,,,9.0,2023-07-09,muy bien
the river hostel,alemania,litera en dormitorio compartido mixto con 10 camas,3,persona que viaja sola,fantástico,,,9.0,2023-07-07,muy bien
the river hostel,rusia,cama en habitación compartida mixta de 4 camas,1,persona que viaja sola,muy bien,,,8.0,2023-07-07,muy bien
the river hostel,italia,cama en habitación compartida mixta de 8 camas,2,persona que viaja sola,muy bien,,,8.0,2023-07-06,muy bien
the river hostel,francia,litera en dormitorio compartido mixto con 10 camas,2,persona que viaja sola,muy bien,,,8.0,2023-07-06,muy bien
the river hostel,alemania,litera en una habitación compartida femenina,2,persona que viaja sola,fantástico,,,9.0,2023-07-06,muy bien
the river hostel,portugal,litera en una habitación compartida femenina,1,persona que viaja sola,fantástico,,,9.0,2023-07-04,muy bien
the river hostel,italia,litera en habitación compartida mixta de 12 camas,1,grupo,muy bien,,,8.0,2023-07-03,muy bien
the river hostel,países bajos,cama en habitación compartida mixta de 8 camas,4,persona que viaja sola,fantástico,,,9.0,2023-07-02,muy bien
the river hostel,españa,litera en una habitación compartida femenina,1,grupo,muy bien,,,8.0,2023-06-28,muy bien
the river hostel,italia,cama en habitación compartida mixta de 6 camas,3,persona que viaja sola,fantástico,,,9.0,2023-06-27,muy bien
the river hostel,marruecos,cama en habitación compartida mixta de 4 camas,2,persona que viaja sola,fantástico,,,9.0,2023-06-27,muy bien
the river hostel,marruecos,litera en dormitorio compartido mixto con 10 camas,2,familia,muy bien,,,8.0,2023-06-25,muy bien
the river hostel,países bajos,cama en habitación compartida mixta de 8 camas,3,persona que viaja sola,muy bien,,,8.0,2023-06-23,muy bien
the river hostel,polonia,litera en habitación compartida mixta de 12 camas,2,persona que viaja sola,muy bien,,,8.0,2023-06-22,muy bien
the river hostel,italia,litera en dormitorio compartido mixto con 10 camas,3,persona que viaja sola,bien,,,7.0,2023-06-21,muy bien
the river hostel,portugal,cama en habitación compartida mixta de 8 camas,1,persona que viaja sola,muy bien,,,8.0,2023-06-17,muy bien
the river hostel,argelia,cama en habitación compartida mixta de 6 camas,2,persona que viaja sola,fantástico,,,9.0,2023-06-14,muy bien
the river hostel,italia,litera en habitación compartida mixta de 12 camas,1,persona que viaja sola,bien,,,7.0,2023-06-14,muy bien
the river hostel,alemania,litera en una habitación compartida femenina,4,grupo,"trotz gemeinschaftsunterkunft war der aufenthalt sehr angenehm, bis auf 2 junge lärmende frauen...",,,8.0,2023-06-09,muy bien
the river hostel,turquía,litera en una habitación compartida femenina,1,persona que viaja sola,muy bien,,,8.0,2023-06-07,muy bien
the river hostel,españa,cama en habitación compartida mixta de 6 camas,2,persona que viaja sola,muy bien,,,8.0,2023-06-06,muy bien
the river hostel,francia,litera en habitación compartida mixta de 12 camas,1,persona que viaja sola,muy bien,,,8.0,2023-06-03,muy bien
the river hostel,portugal,cama en habitación compartida mixta de 6 camas,1,grupo,bien,,,7.0,2023-06-01,muy bien
the river hostel,bélgica,litera en dormitorio compartido mixto con 10 camas,1,grupo,fantástico,,,9.0,2023-05-30,muy bien
the river hostel,alemania,litera en dormitorio compartido mixto con 10 camas,1,pareja,muy bien,,,8.0,2023-05-29,muy bien
the river hostel,países bajos,cama en habitación compartida mixta de 8 camas,1,persona que viaja sola,bien,,,7.0,2023-05-29,muy bien
the river hostel,alemania,litera en dormitorio compartido mixto con 10 camas,2,persona que viaja sola,muy bien,,,8.0,2023-05-28,muy bien
the river hostel,francia,litera en habitación compartida mixta de 12 camas,4,persona que viaja sola,bien,,,7.0,2023-05-26,muy bien
the river hostel,españa,litera en dormitorio compartido mixto con 10 camas,3,persona que viaja sola,muy bien,,,8.0,2023-05-22,muy bien
the river hostel,alemania,cama en habitación compartida mixta de 6 camas,7,persona que viaja sola,muy bien,,,8.0,2023-05-22,muy bien
the river hostel,ucrania,cama en habitación compartida mixta de 4 camas,3,grupo,fantástico,,,9.0,2023-05-22,muy bien
the river hostel,eslovaquia,cama en habitación compartida mixta de 6 camas,3,persona que viaja sola,muy bien,,,8.0,2023-05-22,muy bien
the river hostel,francia,cama en habitación compartida mixta de 8 camas,2,persona que viaja sola,bien,,,7.0,2023-05-20,muy bien
the river hostel,alemania,cama en habitación compartida mixta de 4 camas,5,persona que viaja sola,fantástico,,,9.0,2023-05-20,muy bien
the river hostel,alemania,litera en dormitorio compartido mixto con 10 camas,1,pareja,muy bien,,,8.0,2023-05-19,muy bien
the river hostel,italia,cama en habitación compartida mixta de 8 camas,3,grupo,fantástico,,,9.0,2023-05-19,muy bien
the river hostel,francia,litera en habitación compartida mixta de 12 camas,1,persona que viaja sola,fantástico,,,9.0,2023-05-18,muy bien
the river hostel,francia,litera en una habitación compartida femenina,3,persona que viaja sola,fantástico,,,9.0,2023-05-17,muy bien
the river hostel,países bajos,litera en dormitorio compartido mixto con 10 camas,3,persona que viaja sola,fantástico,,,9.0,2023-05-15,muy bien
the river hostel,francia,cama en habitación compartida mixta de 4 camas,3,persona que viaja sola,muy bien,,,8.0,2023-05-15,muy bien
the river hostel,países bajos,litera en dormitorio compartido mixto con 10 camas,3,persona que viaja sola,muy bien,,,8.0,2023-05-14,muy bien
the river hostel,francia,litera en habitación compartida mixta de 12 camas,1,persona que viaja sola,bien,,,7.0,2023-05-14,muy bien
the river hostel,corea del sur,cama en habitación compartida mixta de 4 camas,2,persona que viaja sola,bien,,,7.0,2023-05-13,muy bien
the river hostel,alemania,litera en una habitación compartida femenina,3,persona que viaja sola,fantástico,,,9.0,2023-05-11,muy bien
the river hostel,eslovenia,litera en dormitorio compartido mixto con 10 camas,5,persona que viaja sola,muy bien,,,8.0,2023-05-09,muy bien
the river hostel,francia,litera en habitación compartida mixta de 12 camas,1,persona que viaja sola,fantástico,,,9.0,2023-05-09,muy bien
the river hostel,república checa,cama en habitación compartida mixta de 4 camas,3,persona que viaja sola,muy bien,,,8.0,2023-05-08,muy bien
the river hostel,españa,litera en una habitación compartida femenina,2,persona que viaja sola,bien,,,7.0,2023-05-04,muy bien
the river hostel,francia,litera en habitación compartida mixta de 12 camas,2,grupo,muy bien,,,8.0,2023-05-03,muy bien
the river hostel,marruecos,litera en dormitorio compartido mixto con 10 camas,3,persona que viaja sola,fantástico,,,9.0,2023-05-02,muy bien
the river hostel,italia,litera en dormitorio compartido mixto con 10 camas,1,persona que viaja sola,fantástico,,,9.0,2023-05-01,muy bien
the river hostel,italia,litera en habitación compartida mixta de 12 camas,1,persona que viaja sola,muy bien,,,8.0,2023-05-01,muy bien
the river hostel,marruecos,cama en habitación compartida mixta de 4 camas,1,persona que viaja sola,bien,,,7.0,2023-04-30,muy bien
the river hostel,países bajos,cama en habitación compartida mixta de 4 camas,16,persona que viaja sola,muy bien,,,8.0,2023-04-29,muy bien
the river hostel,francia,cama en habitación compartida mixta de 4 camas,5,grupo,muy bien,,,8.0,2023-04-27,muy bien
the river hostel,bélgica,cama en habitación compartida mixta de 6 camas,1,persona que viaja sola,fantástico,,,9.0,2023-04-26,muy bien
the river hostel,grecia,cama en habitación compartida mixta de 6 camas,1,grupo,muy bien,,,8.0,2023-04-25,muy bien
the river hostel,república checa,litera en una habitación compartida femenina,1,persona que viaja sola,muy bien,,,8.0,2023-04-22,muy bien
the river hostel,alemania,litera en una habitación compartida femenina,3,persona que viaja sola,fantástico,,,9.0,2023-04-21,muy bien
the river hostel,españa,cama en habitación compartida mixta de 6 camas,1,persona que viaja sola,muy bien,,,8.0,2023-04-19,muy bien
the river hostel,españa,litera en habitación compartida mixta de 12 camas,1,persona que viaja sola,agradable,,,6.0,2026-04-16,muy bien
the river hostel,españa,litera en habitación compartida mixta de 12 camas,3,persona que viaja sola,agradable,,,6.0,2026-04-16,muy bien
the river hostel,francia,litera en habitación compartida mixta de 12 camas,1,persona que viaja sola,excepcional,,,10.0,2026-04-15,muy bien
the river hostel,perú,litera en habitación compartida mixta de 12 camas,2,persona que viaja sola,excepcional,,,10.0,2026-04-13,muy bien
the river hostel,brasil,litera en una habitación compartida femenina,2,persona que viaja sola,excepcional,,,10.0,2026-04-12,muy bien
the river hostel,españa,litera en habitación compartida mixta de 12 camas,1,persona que viaja sola,excepcional,,,10.0,2026-04-10,muy bien
the river hostel,españa,litera en habitación compartida mixta de 12 camas,1,persona que viaja sola,excepcional,,,10.0,2026-04-10,muy bien
the river hostel,españa,litera en habitación compartida mixta de 12 camas,1,persona que viaja sola,pésimo,,,1.0,2026-04-09,muy bien
the river hostel,alemania,litera en dormitorio compartido mixto con 10 camas,2,persona que viaja sola,excepcional,,,10.0,2026-04-07,muy bien
the river hostel,españa,litera en habitación compartida mixta de 12 camas,1,persona que viaja sola,excepcional,,,10.0,2026-04-07,muy bien
the river hostel,argelia,cama en habitación compartida mixta de 8 camas,1,persona que viaja sola,excepcional,,,10.0,2026-04-06,muy bien
the river hostel,italia,litera en habitación compartida mixta de 12 camas,2,persona que viaja sola,excepcional,,,10.0,2026-04-05,muy bien
the river hostel,italia,cama en habitación compartida mixta de 8 camas,4,persona que viaja sola,excepcional,,,10.0,2026-04-04,muy bien
the river hostel,países bajos,litera en dormitorio compartido mixto con 10 camas,2,persona que viaja sola,agradable,,,6.0,2026-04-04,muy bien
the river hostel,españa,cama en habitación compartida mixta de 6 camas,1,persona que viaja sola,excepcional,,,10.0,2026-04-03,muy bien
the river hostel,colombia,litera en dormitorio compartido mixto con 10 camas,1,persona que viaja sola,excepcional,,,10.0,2026-04-02,muy bien
the river hostel,españa,litera en habitación compartida mixta de 12 camas,1,persona que viaja sola,excepcional,,,10.0,2026-04-02,muy bien
the river hostel,españa,litera en dormitorio compartido mixto con 10 camas,1,persona que viaja sola,excepcional,,,10.0,2026-04-02,muy bien
the river hostel,españa,litera en habitación compartida mixta de 12 camas,1,persona que viaja sola,excepcional,,,10.0,2026-04-02,muy bien
the river hostel,españa,litera en dormitorio compartido mixto con 10 camas,1,persona que viaja sola,agradable,,,6.0,2026-04-01,muy bien
the river hostel,españa,cama en habitación compartida mixta de 8 camas,1,persona que viaja sola,excepcional,,,10.0,2026-04-01,muy bien
the river hostel,francia,litera en dormitorio compartido mixto con 10 camas,1,persona que viaja sola,excepcional,,,10.0,2026-03-31,muy bien
the river hostel,brasil,litera en una habitación compartida femenina,1,pareja,excepcional,,,10.0,2026-03-31,muy bien
the river hostel,españa,cama en habitación compartida mixta de 6 camas,1,persona que viaja sola,excepcional,,,10.0,2026-03-30,muy bien
the river hostel,turquía,litera en dormitorio compartido mixto con 10 camas,1,grupo,agradable,,,6.0,2026-03-28,muy bien
the river hostel,ucrania,cama en habitación compartida mixta de 4 camas,1,persona que viaja sola,excepcional,,,10.0,2026-03-28,muy bien
the river hostel,españa,litera en dormitorio compartido mixto con 10 camas,1,persona que viaja sola,excepcional,,,10.0,2026-03-24,muy bien
the river hostel,austria,litera en una habitación compartida femenina,3,persona que viaja sola,excepcional,,,10.0,2026-03-23,muy bien
the river hostel,brasil,litera en habitación compartida mixta de 12 camas,3,persona que viaja sola,excepcional,,,10.0,2026-03-22,muy bien
the river hostel,brasil,litera en dormitorio compartido mixto con 10 camas,1,persona que viaja sola,excepcional,,,10.0,2026-03-21,muy bien
the river hostel,suecia,litera en habitación compartida mixta de 12 camas,2,persona que viaja sola,agradable,,,6.0,2026-03-20,muy bien
the river hostel,alemania,cama en habitación compartida mixta de 6 camas,5,persona que viaja sola,agradable,,,6.0,2026-03-20,muy bien
the river hostel,república checa,litera en habitación compartida mixta de 12 camas,3,persona que viaja sola,excepcional,,,10.0,2026-03-18,muy bien
the river hostel,armenia,litera en habitación compartida mixta de 12 camas,3,persona que viaja sola,excepcional,,,10.0,2026-03-16,muy bien
the river hostel,bélgica,cama en habitación compartida mixta de 4 camas,2,persona que viaja sola,excepcional,,,10.0,2026-03-14,muy bien
the river hostel,polonia,cama en habitación compartida mixta de 8 camas,4,persona que viaja sola,excepcional,,,10.0,2026-03-10,muy bien
the river hostel,españa,litera en habitación compartida mixta de 12 camas,2,persona que viaja sola,agradable,,,6.0,2026-03-10,muy bien
the river hostel,italia,litera en dormitorio compartido mixto con 10 camas,2,persona que viaja sola,excepcional,,,10.0,2026-03-08,muy bien
the river hostel,suecia,cama en habitación compartida mixta de 4 camas,2,grupo,excepcional,,,10.0,2026-03-06,muy bien
the river hostel,suiza,litera en habitación compartida mixta de 12 camas,3,persona que viaja sola,aceptable,,,5.0,2026-03-05,muy bien
the river hostel,brasil,litera en habitación compartida mixta de 12 camas,7,persona que viaja sola,aceptable,,,5.0,2026-03-05,muy bien
the river hostel,italia,litera en una habitación compartida femenina,2,persona que viaja sola,pésimo,,,1.0,2026-03-04,muy bien
the river hostel,españa,litera en habitación compartida mixta de 12 camas,1,persona que viaja sola,excepcional,,,10.0,2026-03-01,muy bien
the river hostel,españa,cama en habitación compartida mixta de 8 camas,1,persona que viaja sola,excepcional,,,10.0,2026-03-01,muy bien
the river hostel,uzbekistán,litera en dormitorio compartido mixto con 10 camas,1,persona que viaja sola,excepcional,,,10.0,2026-02-26,muy bien
the river hostel,españa,litera en habitación compartida mixta de 12 camas,1,persona que viaja sola,excepcional,,,10.0,2026-02-24,muy bien
the river hostel,italia,cama en habitación compartida mixta de 4 camas,3,persona que viaja sola,excepcional,,,10.0,2026-02-24,muy bien
the river hostel,polonia,cama en habitación compartida mixta de 6 camas,4,persona que viaja sola,excepcional,,,10.0,2026-02-23,muy bien
the river hostel,francia,litera en habitación compartida mixta de 12 camas,1,persona que viaja sola,excepcional,,,10.0,2026-02-23,muy bien
the river hostel,hungría,litera en dormitorio compartido mixto con 10 camas,3,persona que viaja sola,agradable,,,6.0,2026-02-23,muy bien
the river hostel,francia,litera en dormitorio compartido mixto con 10 camas,1,persona que viaja sola,excepcional,,,10.0,2026-02-23,muy bien
the river hostel,brasil,litera en habitación compartida mixta de 12 camas,1,persona que viaja sola,aceptable,,,5.0,2026-02-23,muy bien
the river hostel,españa,litera en habitación compartida mixta de 12 camas,4,persona que viaja sola,decepcionante,,,4.0,2026-02-20,muy bien
the river hostel,china,litera en dormitorio compartido mixto con 10 camas,2,persona que viaja sola,excepcional,,,10.0,2026-02-19,muy bien
the river hostel,argelia,cama en habitación compartida mixta de 4 camas,3,persona que viaja sola,excepcional,,,10.0,2026-02-18,muy bien
the river hostel,marruecos,litera en dormitorio compartido mixto con 10 camas,2,persona que viaja sola,excepcional,,,10.0,2026-02-14,muy bien
the river hostel,marruecos,litera en habitación compartida mixta de 12 camas,3,persona que viaja sola,aceptable,,,5.0,2026-02-11,muy bien
the river hostel,españa,litera en dormitorio compartido mixto con 10 camas,1,persona que viaja sola,excepcional,,,10.0,2026-02-11,muy bien
the river hostel,españa,litera en habitación compartida mixta de 12 camas,2,persona que viaja sola,mal,,,3.0,2026-02-09,muy bien
the river hostel,argelia,cama en habitación compartida mixta de 8 camas,2,persona que viaja sola,pésimo,,,1.0,2026-02-08,muy bien
the river hostel,francia,litera en habitación compartida mixta de 12 camas,1,persona que viaja sola,excepcional,,,10.0,2026-02-08,muy bien
the river hostel,españa,litera en habitación compartida mixta de 12 camas,1,persona que viaja sola,excepcional,,,10.0,2026-02-03,muy bien
the river hostel,ucrania,litera en dormitorio compartido mixto con 10 camas,2,persona que viaja sola,excepcional,,,10.0,2026-02-02,muy bien
the river hostel,españa,litera en dormitorio compartido mixto con 10 camas,1,persona que viaja sola,excepcional,,,10.0,2026-01-31,muy bien
the river hostel,brasil,litera en habitación compartida mixta de 12 camas,4,pareja,excepcional,,,10.0,2026-01-29,muy bien
the river hostel,españa,litera en dormitorio compartido mixto con 10 camas,1,persona que viaja sola,excepcional,,,10.0,2026-01-29,muy bien
the river hostel,alemania,cama en habitación compartida mixta de 6 camas,2,persona que viaja sola,excepcional,,,10.0,2026-01-25,muy bien
the river hostel,ucrania,litera en habitación compartida mixta de 12 camas,1,persona que viaja sola,excepcional,,,10.0,2026-01-23,muy bien
the river hostel,países bajos,litera en habitación compartida mixta de 12 camas,2,persona que viaja sola,muy mal,,,2.0,2026-01-23,muy bien
the river hostel,españa,litera en habitación compartida mixta de 12 camas,1,persona que viaja sola,excepcional,,,10.0,2026-01-19,muy bien
the river hostel,países bajos,litera en habitación compartida mixta de 12 camas,6,persona que viaja sola,excepcional,,,10.0,2026-01-19,muy bien
the river hostel,rumanía,cama en habitación compartida mixta de 6 camas,2,persona que viaja sola,excepcional,,,10.0,2026-01-16,muy bien
the river hostel,argelia,litera en una habitación compartida femenina,6,persona que viaja sola,excepcional,,,10.0,2026-01-16,muy bien
the river hostel,españa,litera en habitación compartida mixta de 12 camas,1,persona que viaja sola,excepcional,,,10.0,2026-01-14,muy bien
the river hostel,polonia,litera en habitación compartida mixta de 12 camas,3,persona que viaja sola,excepcional,,,10.0,2026-01-12,muy bien
the river hostel,ucrania,litera en habitación compartida mixta de 12 camas,1,persona que viaja sola,excepcional,,,10.0,2026-01-12,muy bien
the river hostel,españa,litera en habitación compartida mixta de 12 camas,1,persona que viaja sola,excepcional,,,10.0,2026-01-11,muy bien
the river hostel,italia,litera en habitación compartida mixta de 12 camas,4,persona que viaja sola,excepcional,,,10.0,2026-01-10,muy bien
the river hostel,eslovaquia,litera en habitación compartida mixta de 12 camas,7,persona que viaja sola,excepcional,,,10.0,2026-01-10,muy bien
the river hostel,república checa,litera en una habitación compartida femenina,1,persona que viaja sola,excepcional,,,10.0,2026-01-08,muy bien
the river hostel,países bajos,litera en dormitorio compartido mixto con 10 camas,3,persona que viaja sola,agradable,,,6.0,2026-01-07,muy bien
the river hostel,francia,litera en habitación compartida mixta de 12 camas,3,persona que viaja sola,agradable,,,6.0,2026-01-05,muy bien
the river hostel,francia,litera en dormitorio compartido mixto con 10 camas,3,persona que viaja sola,aceptable,,,5.0,2026-01-05,muy bien
the river hostel,corea del sur,litera en habitación compartida mixta de 12 camas,3,persona que viaja sola,aceptable,,,5.0,2026-01-05,muy bien
the river hostel,españa,litera en habitación compartida mixta de 12 camas,1,persona que viaja sola,aceptable,,,5.0,2026-01-05,muy bien
the river hostel,suiza,litera en dormitorio compartido mixto con 10 camas,3,persona que viaja sola,"überteuertes hostel an guter lage, mit hygienestandards von 1925",,,5.0,2026-01-04,muy bien
the river hostel,alemania,cama en habitación compartida mixta de 6 camas,1,persona que viaja sola,excepcional,,,10.0,2026-01-01,muy bien
the river hostel,españa,litera en dormitorio compartido mixto con 10 camas,9,persona que viaja sola,excepcional,,,10.0,2025-12-31,muy bien
the river hostel,ucrania,litera en dormitorio compartido mixto con 10 camas,2,persona que viaja sola,agradable,,,6.0,2025-12-29,muy bien
the river hostel,españa,litera en habitación compartida mixta de 12 camas,1,persona que viaja sola,excepcional,,,10.0,2025-12-29,muy bien
the river hostel,francia,cama en habitación compartida mixta de 8 camas,4,persona que viaja sola,excepcional,,,10.0,2025-12-29,muy bien
the river hostel,colombia,litera en habitación compartida mixta de 12 camas,1,persona que viaja sola,aceptable,,,5.0,2025-12-28,muy bien
the river hostel,españa,litera en habitación compartida mixta de 12 camas,1,persona que viaja sola,excepcional,,,10.0,2025-12-27,muy bien
the river hostel,georgia,litera en habitación compartida mixta de 12 camas,1,persona que viaja sola,agradable,,,6.0,2025-12-26,muy bien
the river hostel,polonia,litera en habitación compartida mixta de 12 camas,2,persona que viaja sola,excepcional,,,10.0,2025-12-24,muy bien
the river hostel,españa,litera en habitación compartida mixta de 12 camas,1,persona que viaja sola,excepcional,,,10.0,2025-12-23,muy bien
the river hostel,ucrania,litera en habitación compartida mixta de 12 camas,1,persona que viaja sola,excepcional,,,10.0,2025-12-21,muy bien
the river hostel,españa,litera en habitación compartida mixta de 12 camas,1,persona que viaja sola,excepcional,,,10.0,2025-12-21,muy bien
the river hostel,polonia,cama en habitación compartida mixta de 4 camas,3,persona que viaja sola,excepcional,,,10.0,2025-12-19,muy bien
the river hostel,italia,litera en habitación compartida mixta de 12 camas,2,pareja,excepcional,,,10.0,2025-12-17,muy bien
the river hostel,italia,litera en una habitación compartida femenina,2,persona que viaja sola,excepcional,,,10.0,2025-12-17,muy bien
the river hostel,españa,litera en dormitorio compartido mixto con 10 camas,1,persona que viaja sola,excepcional,,,10.0,2025-12-16,muy bien
the river hostel,ucrania,litera en una habitación compartida femenina,1,persona que viaja sola,agradable,,,6.0,2025-12-16,muy bien
the river hostel,bélgica,litera en habitación compartida mixta de 12 camas,1,persona que viaja sola,aceptable,,,5.0,2025-12-16,muy bien
the river hostel,rumanía,cama en habitación compartida mixta de 4 camas,2,persona que viaja sola,agradable,,,6.0,2025-12-15,muy bien
the river hostel,españa,litera en habitación compartida mixta de 12 camas,1,persona que viaja sola,excepcional,,,10.0,2025-12-15,muy bien
the river hostel,alemania,litera en una habitación compartida femenina,4,persona que viaja sola,aceptable,,,5.0,2025-12-15,muy bien
the river hostel,españa,litera en habitación compartida mixta de 12 camas,1,persona que viaja sola,excepcional,,,10.0,2025-12-14,muy bien
the river hostel,china,litera en una habitación compartida femenina,5,persona que viaja sola,excepcional,,,10.0,2025-12-13,muy bien
the river hostel,francia,cama en habitación compartida mixta de 8 camas,3,persona que viaja sola,agradable,,,6.0,2025-12-08,muy bien
the river hostel,italia,litera en habitación compartida mixta de 12 camas,6,persona que viaja sola,excepcional,,,10.0,2025-12-07,muy bien
the river hostel,marruecos,litera en habitación compartida mixta de 12 camas,1,persona que viaja sola,excepcional,,,10.0,2025-12-06,muy bien
the river hostel,españa,litera en dormitorio compartido mixto con 10 camas,3,persona que viaja sola,excepcional,,,10.0,2025-12-03,muy bien
the river hostel,españa,litera en habitación compartida mixta de 12 camas,1,persona que viaja sola,excepcional,,,10.0,2025-12-01,muy bien
the river hostel,italia,litera en habitación compartida mixta de 12 camas,1,persona que viaja sola,excepcional,,,10.0,2025-12-01,muy bien
the river hostel,polonia,litera en dormitorio compartido mixto con 10 camas,1,persona que viaja sola,decepcionante,,,4.0,2025-11-29,muy bien
the river hostel,polonia,litera en habitación compartida mixta de 12 camas,4,persona que viaja sola,excepcional,,,10.0,2025-11-29,muy bien
the river hostel,españa,litera en habitación compartida mixta de 12 camas,2,persona que viaja sola,pésimo,,,1.0,2025-11-27,muy bien
the river hostel,alemania,litera en habitación compartida mixta de 12 camas,3,persona que viaja sola,excepcional,,,10.0,2025-11-27,muy bien
the river hostel,estonia,litera en habitación compartida mixta de 12 camas,1,persona que viaja sola,excepcional,,,10.0,2025-11-27,muy bien
the river hostel,alemania,cama en habitación compartida mixta de 6 camas,5,persona que viaja sola,excepcional,,,10.0,2025-11-24,muy bien
the river hostel,bosnia y herzegovina,litera en habitación compartida mixta de 12 camas,3,persona que viaja sola,agradable,,,6.0,2025-11-24,muy bien
the river hostel,polonia,cama en habitación compartida mixta de 4 camas,3,persona que viaja sola,agradable,,,6.0,2025-11-20,muy bien
the river hostel,grecia,litera en habitación compartida mixta de 12 camas,1,persona que viaja sola,excepcional,,,10.0,2025-11-18,muy bien
the river hostel,alemania,litera en habitación compartida mixta de 12 camas,1,persona que viaja sola,excepcional,,,10.0,2025-11-12,muy bien
the river hostel,españa,litera en habitación compartida mixta de 12 camas,1,persona que viaja sola,excepcional,,,10.0,2025-11-11,muy bien
the river hostel,marruecos,litera en una habitación compartida femenina,1,persona que viaja sola,excepcional,,,10.0,2025-11-08,muy bien
the river hostel,francia,cama en habitación compartida mixta de 6 camas,4,persona que viaja sola,excepcional,,,10.0,2025-11-07,muy bien
the river hostel,alemania,cama en habitación compartida mixta de 8 camas,1,persona que viaja sola,excepcional,,,10.0,2025-11-07,muy bien
the river hostel,brasil,litera en habitación compartida mixta de 12 camas,3,pareja,excepcional,,,10.0,2025-11-05,muy bien
the river hostel,reino unido,cama en habitación compartida mixta de 6 camas,2,persona que viaja sola,excepcional,,,10.0,2025-11-04,muy bien
the river hostel,italia,litera en habitación compartida mixta de 12 camas,1,persona que viaja sola,excepcional,,,10.0,2025-11-03,muy bien
the river hostel,irlanda,litera en habitación compartida mixta de 12 camas,1,pareja,excepcional,,,10.0,2025-11-03,muy bien
the river hostel,italia,litera en una habitación compartida femenina,1,persona que viaja sola,decepcionante,,,4.0,2025-11-01,muy bien
the river hostel,rusia,litera en habitación compartida mixta de 12 camas,2,persona que viaja sola,excepcional,,,10.0,2025-10-31,muy bien
the river hostel,hungría,cama en habitación compartida mixta de 4 camas,5,persona que viaja sola,excepcional,,,10.0,2025-10-31,muy bien
the river hostel,españa,litera en habitación compartida mixta de 12 camas,1,persona que viaja sola,excepcional,,,10.0,2025-10-28,muy bien
the river hostel,españa,litera en habitación compartida mixta de 12 camas,1,persona que viaja sola,excepcional,,,10.0,2025-10-24,muy bien
the river hostel,italia,litera en una habitación compartida femenina,1,persona que viaja sola,excepcional,,,10.0,2025-10-22,muy bien
the river hostel,brasil,litera en habitación compartida mixta de 12 camas,3,persona que viaja sola,excepcional,,,10.0,2025-10-21,muy bien
the river hostel,portugal,litera en una habitación compartida femenina,1,grupo,agradable,,,6.0,2025-10-21,muy bien
the river hostel,alemania,litera en habitación compartida mixta de 12 camas,1,persona que viaja sola,mal,,,3.0,2025-10-18,muy bien
the river hostel,españa,litera en habitación compartida mixta de 12 camas,4,persona que viaja sola,excepcional,,,10.0,2025-10-17,muy bien
the river hostel,brasil,litera en dormitorio compartido mixto con 10 camas,2,persona que viaja sola,"estadia foi ótima, galera super gentil e espa o agradável.",,,10.0,2025-10-15,muy bien
the river hostel,ucrania,litera en habitación compartida mixta de 12 camas,5,persona que viaja sola,excepcional,,,10.0,2025-10-13,muy bien
the river hostel,territorio palestino,litera en habitación compartida mixta de 12 camas,2,persona que viaja sola,excepcional,,,10.0,2025-10-06,muy bien
the river hostel,españa,litera en habitación compartida mixta de 12 camas,1,pareja,excepcional,,,10.0,2025-10-06,muy bien
the river hostel,portugal,litera en dormitorio compartido mixto con 10 camas,3,persona que viaja sola,excepcional,,,10.0,2025-10-04,muy bien
the river hostel,españa,cama en habitación compartida mixta de 8 camas,1,persona que viaja sola,excepcional,,,10.0,2025-10-02,muy bien
the river hostel,polonia,litera en habitación compartida mixta de 12 camas,4,persona que viaja sola,excepcional,,,10.0,2025-10-01,muy bien
the river hostel,italia,litera en dormitorio compartido mixto con 10 camas,3,persona que viaja sola,excepcional,,,10.0,2025-09-30,muy bien
the river hostel,polonia,cama en habitación compartida mixta de 4 camas,2,persona que viaja sola,excepcional,,,10.0,2025-09-29,muy bien
the river hostel,polonia,litera en habitación compartida mixta de 12 camas,4,persona que viaja sola,excepcional,,,10.0,2025-09-28,muy bien
the river hostel,italia,litera en una habitación compartida femenina,3,familia,agradable,,,6.0,2025-09-27,muy bien
the river hostel,serbia,litera en habitación compartida mixta de 12 camas,2,persona que viaja sola,excepcional,,,10.0,2025-09-26,muy bien
the river hostel,suiza,cama en habitación compartida mixta de 6 camas,2,persona que viaja sola,excepcional,,,10.0,2025-09-26,muy bien
the river hostel,ucrania,litera en dormitorio compartido mixto con 10 camas,2,persona que viaja sola,excepcional,,,10.0,2025-09-23,muy bien
the river hostel,italia,litera en dormitorio compartido mixto con 10 camas,2,persona que viaja sola,excepcional,,,10.0,2025-09-21,muy bien
the river hostel,brasil,litera en habitación compartida mixta de 12 camas,6,persona que viaja sola,aceptable,,,5.0,2025-09-21,muy bien
the river hostel,ucrania,litera en habitación compartida mixta de 12 camas,2,persona que viaja sola,excepcional,,,10.0,2025-09-18,muy bien
the river hostel,corea del sur,litera en habitación compartida mixta de 12 camas,3,persona que viaja sola,excepcional,,,10.0,2025-09-18,muy bien
the river hostel,portugal,litera en habitación compartida mixta de 12 camas,8,persona que viaja sola,excepcional,,,10.0,2025-09-16,muy bien
the river hostel,españa,litera en una habitación compartida femenina,1,pareja,excepcional,,,10.0,2025-09-16,muy bien
the river hostel,letonia,litera en dormitorio compartido mixto con 10 camas,2,persona que viaja sola,excepcional,,,10.0,2025-09-13,muy bien
the river hostel,alemania,litera en una habitación compartida femenina,3,persona que viaja sola,agradable,,,6.0,2025-09-13,muy bien
the river hostel,españa,litera en una habitación compartida femenina,1,persona que viaja sola,excepcional,,,10.0,2025-09-12,muy bien
the river hostel,portugal,cama en habitación compartida mixta de 4 camas,1,persona que viaja sola,excepcional,,,10.0,2025-09-11,muy bien
the river hostel,lituania,litera en una habitación compartida femenina,1,persona que viaja sola,excepcional,,,10.0,2025-09-07,muy bien
the river hostel,alemania,cama en habitación compartida mixta de 4 camas,1,persona que viaja sola,excepcional,,,10.0,2025-09-06,muy bien
the river hostel,francia,litera en habitación compartida mixta de 12 camas,6,persona que viaja sola,excepcional,,,10.0,2025-09-05,muy bien
the river hostel,españa,litera en habitación compartida mixta de 12 camas,1,persona que viaja sola,excepcional,,,10.0,2025-09-05,muy bien
the river hostel,italia,litera en habitación compartida mixta de 12 camas,1,persona que viaja sola,excepcional,,,10.0,2025-09-04,muy bien
the river hostel,polonia,litera en una habitación compartida femenina,2,persona que viaja sola,excepcional,,,10.0,2025-09-04,muy bien
the river hostel,polonia,litera en habitación compartida mixta de 12 camas,1,persona que viaja sola,excepcional,,,10.0,2025-08-30,muy bien
the river hostel,ucrania,litera en habitación compartida mixta de 12 camas,1,persona que viaja sola,excepcional,,,10.0,2025-08-30,muy bien
the river hostel,italia,cama en habitación compartida mixta de 4 camas,3,pareja,excepcional,,,10.0,2025-08-27,muy bien
the river hostel,italia,litera en habitación compartida mixta de 12 camas,3,persona que viaja sola,excepcional,,,10.0,2025-08-26,muy bien
the river hostel,italia,litera en una habitación compartida femenina,6,persona que viaja sola,excepcional,,,10.0,2025-08-18,muy bien
the river hostel,polonia,cama en habitación compartida mixta de 4 camas,3,persona que viaja sola,excepcional,,,10.0,2025-08-17,muy bien
the river hostel,marruecos,litera en dormitorio compartido mixto con 10 camas,3,persona que viaja sola,agradable,,,6.0,2025-08-17,muy bien
the river hostel,españa,litera en habitación compartida mixta de 12 camas,2,persona que viaja sola,excepcional,,,10.0,2025-08-15,muy bien
the river hostel,alemania,litera en una habitación compartida femenina,1,persona que viaja sola,"alles gut personal war super, die lage perfekt! ich würde wiederkommen.",,,10.0,2025-08-14,muy bien
the river hostel,polonia,litera en una habitación compartida femenina,1,persona que viaja sola,excepcional,,,10.0,2025-08-07,muy bien
the river hostel,polonia,litera en habitación compartida mixta de 12 camas,2,persona que viaja sola,excepcional,,,10.0,2025-08-06,muy bien
the river hostel,ucrania,litera en dormitorio compartido mixto con 10 camas,2,persona que viaja sola,excepcional,,,10.0,2025-07-26,muy bien
the river hostel,italia,litera en dormitorio compartido mixto con 10 camas,3,persona que viaja sola,excepcional,,,10.0,2025-07-25,muy bien
the river hostel,españa,litera en una habitación compartida femenina,1,persona que viaja sola,aceptable,,,5.0,2025-07-15,muy bien
the river hostel,italia,litera en una habitación compartida femenina,4,persona que viaja sola,excepcional,,,10.0,2025-07-13,muy bien
the river hostel,francia,litera en habitación compartida mixta de 12 camas,1,pareja,aceptable,,,5.0,2025-07-12,muy bien
the river hostel,italia,cama en habitación compartida mixta de 4 camas,1,persona que viaja sola,excepcional,,,10.0,2025-07-11,muy bien
the river hostel,italia,cama en habitación compartida mixta de 6 camas,2,persona que viaja sola,excepcional,,,10.0,2025-07-08,muy bien
the river hostel,bélgica,litera en dormitorio compartido mixto con 10 camas,2,persona que viaja sola,excepcional,,,10.0,2025-07-07,muy bien
the river hostel,bélgica,litera en una habitación compartida femenina,2,persona que viaja sola,excepcional,,,10.0,2025-07-05,muy bien
the river hostel,francia,litera en dormitorio compartido mixto con 10 camas,1,persona que viaja sola,excepcional,,,10.0,2025-07-02,muy bien
the river hostel,rusia,litera en dormitorio compartido mixto con 10 camas,1,persona que viaja sola,excepcional,,,10.0,2025-07-01,muy bien
the river hostel,italia,cama en habitación compartida mixta de 6 camas,4,persona que viaja sola,excepcional,,,10.0,2025-06-28,muy bien
the river hostel,italia,litera en dormitorio compartido mixto con 10 camas,4,persona que viaja sola,excepcional,,,10.0,2025-06-24,muy bien
the river hostel,dinamarca,litera en habitación compartida mixta de 12 camas,6,persona que viaja sola,decepcionante,,,4.0,2025-06-15,muy bien
the river hostel,brasil,litera en una habitación compartida femenina,2,persona que viaja sola,excepcional,,,10.0,2025-06-12,muy bien
the river hostel,españa,litera en una habitación compartida femenina,1,persona que viaja sola,excepcional,,,10.0,2025-06-09,muy bien
the river hostel,brasil,litera en dormitorio compartido mixto con 10 camas,7,persona que viaja sola,excepcional,,,10.0,2025-06-02,muy bien
the river hostel,españa,litera en dormitorio compartido mixto con 10 camas,1,persona que viaja sola,excepcional,,,10.0,2025-05-28,muy bien
the river hostel,argentina,litera en habitación compartida mixta de 12 camas,3,persona que viaja sola,excepcional,,,10.0,2025-05-26,muy bien
the river hostel,dinamarca,litera en habitación compartida mixta de 12 camas,1,persona que viaja sola,excepcional,,,10.0,2025-05-23,muy bien
the river hostel,francia,litera en una habitación compartida femenina,4,persona que viaja sola,excepcional,,,10.0,2025-05-19,muy bien
the river hostel,bélgica,litera en una habitación compartida femenina,4,persona que viaja sola,excepcional,,,10.0,2025-05-17,muy bien
the river hostel,rumanía,litera en una habitación compartida femenina,2,persona que viaja sola,excepcional,,,10.0,2025-05-16,muy bien
the river hostel,grecia,litera en habitación compartida mixta de 12 camas,1,persona que viaja sola,excepcional,,,10.0,2025-05-14,muy bien
the river hostel,brasil,litera en habitación compartida mixta de 12 camas,1,grupo,excepcional,,,10.0,2025-05-14,muy bien
the river hostel,brasil,cama en habitación compartida mixta de 6 camas,1,persona que viaja sola,excepcional,,,10.0,2025-05-13,muy bien
the river hostel,francia,litera en dormitorio compartido mixto con 10 camas,4,persona que viaja sola,agradable,,,6.0,2025-05-05,muy bien
the river hostel,italia,cama en habitación compartida mixta de 6 camas,3,persona que viaja sola,excepcional,,,10.0,2025-05-05,muy bien
the river hostel,brasil,litera en habitación compartida mixta de 12 camas,1,pareja,excepcional,,,10.0,2025-05-05,muy bien
the river hostel,españa,litera en habitación compartida mixta de 12 camas,1,persona que viaja sola,excepcional,,,10.0,2025-04-27,muy bien
the river hostel,francia,litera en una habitación compartida femenina,3,persona que viaja sola,excepcional,,,10.0,2025-04-27,muy bien
the river hostel,portugal,litera en una habitación compartida femenina,4,persona que viaja sola,excepcional,,,10.0,2025-04-26,muy bien
the river hostel,brasil,litera en habitación compartida mixta de 12 camas,2,persona que viaja sola,excepcional,,,10.0,2025-04-25,muy bien
the river hostel,ucrania,litera en habitación compartida mixta de 12 camas,1,persona que viaja sola,excepcional,,,10.0,2025-04-23,muy bien
the river hostel,grecia,cama en habitación compartida mixta de 4 camas,2,grupo,aceptable,,,5.0,2025-04-23,muy bien
the river hostel,brasil,litera en dormitorio compartido mixto con 10 camas,1,persona que viaja sola,excepcional,,,10.0,2025-04-22,muy bien
the river hostel,españa,litera en habitación compartida mixta de 12 camas,1,persona que viaja sola,agradable,,,6.0,2025-04-18,muy bien
the river hostel,croacia,litera en una habitación compartida femenina,3,persona que viaja sola,excepcional,,,10.0,2025-04-16,muy bien
the river hostel,españa,litera en una habitación compartida femenina,4,persona que viaja sola,excepcional,,,10.0,2025-04-13,muy bien
the river hostel,francia,litera en una habitación compartida femenina,1,persona que viaja sola,excepcional,,,10.0,2025-04-12,muy bien
the river hostel,españa,litera en una habitación compartida femenina,1,persona que viaja sola,aceptable,,,5.0,2025-04-11,muy bien
the river hostel,portugal,litera en dormitorio compartido mixto con 10 camas,5,persona que viaja sola,agradable,,,6.0,2025-04-09,muy bien
the river hostel,italia,litera en habitación compartida mixta de 12 camas,2,grupo,aceptable,,,5.0,2025-04-08,muy bien
the river hostel,francia,cama en habitación compartida mixta de 8 camas,3,grupo,excepcional,,,10.0,2025-04-06,muy bien
the river hostel,francia,litera en dormitorio compartido mixto con 10 camas,2,persona que viaja sola,excepcional,,,10.0,2025-04-04,muy bien
the river hostel,alemania,cama en habitación compartida mixta de 4 camas,2,persona que viaja sola,excepcional,,,10.0,2025-04-04,muy bien
the river hostel,italia,litera en una habitación compartida femenina,1,persona que viaja sola,excepcional,,,10.0,2025-04-03,muy bien
the river hostel,españa,cama en habitación compartida mixta de 8 camas,1,persona que viaja sola,excepcional,,,10.0,2025-04-01,muy bien
the river hostel,finlandia,cama en habitación compartida mixta de 6 camas,2,grupo,excepcional,,,10.0,2025-03-31,muy bien
the river hostel,japón,litera en dormitorio compartido mixto con 10 camas,3,persona que viaja sola,aceptable,,,5.0,2025-03-30,muy bien
the river hostel,italia,litera en habitación compartida mixta de 12 camas,1,persona que viaja sola,agradable,,,6.0,2025-03-26,muy bien
the river hostel,bulgaria,litera en dormitorio compartido mixto con 10 camas,4,persona que viaja sola,decepcionante,,,4.0,2025-03-26,muy bien
the river hostel,ucrania,litera en habitación compartida mixta de 12 camas,1,persona que viaja sola,excepcional,,,10.0,2025-03-26,muy bien
the river hostel,brasil,litera en habitación compartida mixta de 12 camas,3,persona que viaja sola,agradable,,,6.0,2025-03-14,muy bien
the river hostel,francia,litera en habitación compartida mixta de 12 camas,1,persona que viaja sola,aceptable,,,5.0,2025-03-10,muy bien
the river hostel,italia,litera en habitación compartida mixta de 12 camas,3,persona que viaja sola,pésimo,,,1.0,2025-03-05,muy bien
the river hostel,francia,litera en una habitación compartida femenina,1,persona que viaja sola,excepcional,,,10.0,2025-03-03,muy bien
the river hostel,alemania,litera en una habitación compartida femenina,2,persona que viaja sola,excepcional,,,10.0,2025-03-02,muy bien
the river hostel,italia,litera en habitación compartida mixta de 12 camas,2,persona que viaja sola,pésimo,,,1.0,2025-02-25,muy bien
the river hostel,italia,litera en habitación compartida mixta de 12 camas,1,persona que viaja sola,excepcional,,,10.0,2025-02-25,muy bien
the river hostel,alemania,cama en habitación compartida mixta de 4 camas,3,pareja,excepcional,,,10.0,2025-02-16,muy bien
the river hostel,italia,litera en habitación compartida mixta de 12 camas,4,persona que viaja sola,excepcional,,,10.0,2025-02-14,muy bien
the river hostel,italia,litera en habitación compartida mixta de 12 camas,2,persona que viaja sola,excepcional,,,10.0,2025-02-14,muy bien
the river hostel,bélgica,litera en habitación compartida mixta de 12 camas,1,grupo,excepcional,,,10.0,2025-02-13,muy bien
the river hostel,eslovaquia,litera en una habitación compartida femenina,4,persona que viaja sola,excepcional,,,10.0,2025-02-10,muy bien
the river hostel,españa,litera en una habitación compartida femenina,1,persona que viaja sola,excepcional,,,10.0,2025-02-07,muy bien
the river hostel,francia,litera en dormitorio compartido mixto con 10 camas,26,grupo,agradable,,,6.0,2025-02-03,muy bien
the river hostel,españa,litera en habitación compartida mixta de 12 camas,1,persona que viaja sola,excepcional,,,10.0,2025-02-02,muy bien
the river hostel,polonia,litera en una habitación compartida femenina,3,persona que viaja sola,excepcional,,,10.0,2025-02-01,muy bien
the river hostel,italia,litera en habitación compartida mixta de 12 camas,1,persona que viaja sola,excepcional,,,10.0,2025-01-31,muy bien
the river hostel,república checa,litera en una habitación compartida femenina,1,grupo,excepcional,,,10.0,2025-01-30,muy bien
the river hostel,brasil,cama en habitación compartida mixta de 8 camas,1,persona que viaja sola,excepcional,,,10.0,2025-01-25,muy bien
the river hostel,camboya,litera en una habitación compartida femenina,1,persona que viaja sola,excepcional,,,10.0,2025-01-22,muy bien
the river hostel,francia,cama en habitación compartida mixta de 4 camas,1,persona que viaja sola,excepcional,,,10.0,2025-01-21,muy bien
the river hostel,ucrania,cama en habitación compartida mixta de 4 camas,3,persona que viaja sola,excepcional,,,10.0,2025-01-21,muy bien
the river hostel,francia,litera en habitación compartida mixta de 12 camas,1,persona que viaja sola,aceptable,,,5.0,2025-01-13,muy bien
the river hostel,italia,litera en una habitación compartida femenina,3,persona que viaja sola,excepcional,,,10.0,2025-01-13,muy bien
the river hostel,francia,cama en habitación compartida mixta de 4 camas,1,persona que viaja sola,aceptable,,,5.0,2025-01-12,muy bien
the river hostel,hungría,cama en habitación compartida mixta de 4 camas,2,persona que viaja sola,excepcional,,,10.0,2025-01-12,muy bien
the river hostel,kazajistán,litera en habitación compartida mixta de 12 camas,1,persona que viaja sola,excepcional,,,10.0,2025-01-04,muy bien
the river hostel,italia,litera en una habitación compartida femenina,4,grupo,excepcional,,,10.0,2024-12-25,muy bien
the river hostel,países bajos,litera en habitación compartida mixta de 12 camas,1,persona que viaja sola,excepcional,,,10.0,2024-12-18,muy bien
the river hostel,italia,litera en una habitación compartida femenina,2,persona que viaja sola,excepcional,,,10.0,2024-12-11,muy bien
the river hostel,italia,cama en habitación compartida mixta de 4 camas,2,persona que viaja sola,excepcional,,,10.0,2024-12-10,muy bien
the river hostel,italia,cama en habitación compartida mixta de 4 camas,1,persona que viaja sola,excepcional,,,10.0,2024-12-09,muy bien
the river hostel,marruecos,litera en habitación compartida mixta de 12 camas,1,persona que viaja sola,excepcional,,,10.0,2024-12-08,muy bien
the river hostel,italia,cama en habitación compartida mixta de 6 camas,2,grupo,excepcional,,,10.0,2024-12-03,muy bien
the river hostel,méxico,litera en habitación compartida mixta de 12 camas,3,persona que viaja sola,excepcional,,,10.0,2024-12-02,muy bien
the river hostel,rusia,litera en habitación compartida mixta de 12 camas,1,grupo,excepcional,,,10.0,2024-12-02,muy bien
the river hostel,francia,cama en habitación compartida mixta de 6 camas,4,persona que viaja sola,excepcional,,,10.0,2024-12-02,muy bien
the river hostel,españa,cama en habitación compartida mixta de 4 camas,1,persona que viaja sola,excepcional,,,10.0,2024-11-29,muy bien
the river hostel,países bajos,litera en habitación compartida mixta de 12 camas,4,pareja,aceptable,,,5.0,2024-11-21,muy bien
the river hostel,españa,litera en habitación compartida mixta de 12 camas,1,persona que viaja sola,excepcional,,,10.0,2024-11-20,muy bien
the river hostel,italia,litera en habitación compartida mixta de 12 camas,2,persona que viaja sola,excepcional,,,10.0,2024-11-14,muy bien
the river hostel,alemania,litera en dormitorio compartido mixto con 10 camas,3,persona que viaja sola,excepcional,,,10.0,2024-11-13,muy bien
the river hostel,grecia,cama en habitación compartida mixta de 4 camas,1,persona que viaja sola,excepcional,,,10.0,2024-11-12,muy bien
the river hostel,alemania,litera en dormitorio compartido mixto con 10 camas,4,grupo,excepcional,,,10.0,2024-11-11,muy bien
the river hostel,polonia,litera en dormitorio compartido mixto con 10 camas,3,persona que viaja sola,excepcional,,,10.0,2024-11-07,muy bien
the river hostel,italia,cama en habitación compartida mixta de 4 camas,6,persona que viaja sola,excepcional,,,10.0,2024-11-06,muy bien
the river hostel,hungría,litera en dormitorio compartido mixto con 10 camas,2,persona que viaja sola,excepcional,,,10.0,2024-11-04,muy bien
the river hostel,españa,litera en una habitación compartida femenina,2,grupo,excepcional,,,10.0,2024-10-28,muy bien
the river hostel,ucrania,cama en habitación compartida mixta de 4 camas,4,persona que viaja sola,excepcional,,,10.0,2024-10-21,muy bien
the river hostel,españa,cama en habitación compartida mixta de 6 camas,2,persona que viaja sola,excepcional,,,10.0,2024-10-20,muy bien
the river hostel,alemania,litera en dormitorio compartido mixto con 10 camas,1,persona que viaja sola,excepcional,,,10.0,2024-10-19,muy bien
the river hostel,ucrania,litera en dormitorio compartido mixto con 10 camas,1,persona que viaja sola,excepcional,,,10.0,2024-10-18,muy bien
the river hostel,marruecos,cama en habitación compartida mixta de 6 camas,2,pareja,excepcional,,,10.0,2024-10-15,muy bien
the river hostel,italia,litera en habitación compartida mixta de 12 camas,1,persona que viaja sola,agradable,,,6.0,2024-10-14,muy bien
the river hostel,taiwán,litera en habitación compartida mixta de 12 camas,1,persona que viaja sola,excepcional,,,10.0,2024-10-13,muy bien
the river hostel,ucrania,litera en habitación compartida mixta de 12 camas,1,persona que viaja sola,excepcional,,,10.0,2024-10-11,muy bien
the river hostel,italia,cama en habitación compartida mixta de 4 camas,6,persona que viaja sola,excepcional,,,10.0,2024-10-10,muy bien
the river hostel,alemania,litera en una habitación compartida femenina,5,persona que viaja sola,excepcional,,,10.0,2024-10-09,muy bien
the river hostel,alemania,cama en habitación compartida mixta de 8 camas,2,persona que viaja sola,excepcional,,,10.0,2024-10-09,muy bien
the river hostel,turquía,cama en habitación compartida mixta de 6 camas,4,persona que viaja sola,excepcional,,,10.0,2024-10-07,muy bien
the river hostel,austria,cama en habitación compartida mixta de 6 camas,2,persona que viaja sola,excepcional,,,10.0,2024-10-03,muy bien
the river hostel,austria,litera en habitación compartida mixta de 12 camas,1,grupo,excepcional,,,10.0,2024-09-23,muy bien
the river hostel,portugal,litera en habitación compartida mixta de 12 camas,2,persona que viaja sola,excepcional,,,10.0,2024-09-23,muy bien
the river hostel,portugal,cama en habitación compartida mixta de 8 camas,1,persona que viaja sola,excepcional,,,10.0,2024-09-21,muy bien
the river hostel,grecia,litera en dormitorio compartido mixto con 10 camas,2,grupo,excepcional,,,10.0,2024-09-20,muy bien
the river hostel,portugal,litera en una habitación compartida femenina,2,grupo,excepcional,,,10.0,2024-09-17,muy bien
the river hostel,egipto,litera en dormitorio compartido mixto con 10 camas,2,persona que viaja sola,excepcional,,,10.0,2024-09-16,muy bien
the river hostel,portugal,litera en una habitación compartida femenina,7,grupo,excepcional,,,10.0,2024-09-15,muy bien
the river hostel,países bajos,cama en habitación compartida mixta de 8 camas,4,persona que viaja sola,excepcional,,,10.0,2024-09-12,muy bien
the river hostel,italia,cama en habitación compartida mixta de 8 camas,1,persona que viaja sola,excepcional,,,10.0,2024-09-11,muy bien
the river hostel,bélgica,litera en dormitorio compartido mixto con 10 camas,5,persona que viaja sola,excepcional,,,10.0,2024-09-10,muy bien
the river hostel,italia,cama en habitación compartida mixta de 6 camas,1,persona que viaja sola,excepcional,,,10.0,2024-09-08,muy bien
the river hostel,colombia,litera en dormitorio compartido mixto con 10 camas,1,persona que viaja sola,excepcional,,,10.0,2024-09-08,muy bien
the river hostel,italia,litera en habitación compartida mixta de 12 camas,1,persona que viaja sola,excepcional,,,10.0,2024-09-07,muy bien
the river hostel,marruecos,litera en dormitorio compartido mixto con 10 camas,1,persona que viaja sola,excepcional,,,10.0,2024-09-05,muy bien
the river hostel,italia,litera en dormitorio compartido mixto con 10 camas,7,grupo,excepcional,,,10.0,2024-09-04,muy bien
the river hostel,marruecos,litera en habitación compartida mixta de 12 camas,2,persona que viaja sola,excepcional,,,10.0,2024-09-03,muy bien
the river hostel,francia,litera en habitación compartida mixta de 12 camas,3,persona que viaja sola,excepcional,,,10.0,2024-09-03,muy bien
the river hostel,italia,litera en habitación compartida mixta de 12 camas,1,persona que viaja sola,excepcional,,,10.0,2024-08-31,muy bien
the river hostel,alemania,litera en dormitorio compartido mixto con 10 camas,6,grupo,excepcional,,,10.0,2024-08-29,muy bien
the river hostel,ucrania,litera en habitación compartida mixta de 12 camas,2,grupo,excepcional,,,10.0,2024-08-27,muy bien
the river hostel,bélgica,litera en dormitorio compartido mixto con 10 camas,4,persona que viaja sola,agradable,,,6.0,2024-08-27,muy bien
the river hostel,portugal,litera en habitación compartida mixta de 12 camas,1,persona que viaja sola,excepcional,,,10.0,2024-08-21,muy bien
the river hostel,brasil,litera en dormitorio compartido mixto con 10 camas,2,persona que viaja sola,excepcional,,,10.0,2024-08-20,muy bien
the river hostel,españa,litera en una habitación compartida femenina,3,persona que viaja sola,excepcional,,,10.0,2024-08-19,muy bien
the river hostel,estonia,cama en habitación compartida mixta de 6 camas,2,persona que viaja sola,excepcional,,,10.0,2024-08-15,muy bien
the river hostel,letonia,litera en habitación compartida mixta de 12 camas,1,persona que viaja sola,excepcional,,,10.0,2024-08-14,muy bien
the river hostel,marruecos,litera en dormitorio compartido mixto con 10 camas,3,persona que viaja sola,agradable,,,6.0,2024-08-12,muy bien
the river hostel,méxico,litera en una habitación compartida femenina,1,persona que viaja sola,agradable,,,6.0,2024-08-05,muy bien
the river hostel,italia,litera en habitación compartida mixta de 12 camas,2,persona que viaja sola,agradable,,,6.0,2024-08-04,muy bien
the river hostel,alemania,litera en dormitorio compartido mixto con 10 camas,2,persona que viaja sola,agradable,,,6.0,2024-08-01,muy bien
the river hostel,italia,litera en una habitación compartida femenina,4,grupo,excepcional,,,10.0,2024-07-31,muy bien
the river hostel,italia,cama en habitación compartida mixta de 6 camas,3,persona que viaja sola,excepcional,,,10.0,2024-07-28,muy bien
the river hostel,suecia,litera en habitación compartida mixta de 12 camas,3,persona que viaja sola,excepcional,,,10.0,2024-07-28,muy bien
the river hostel,canadá,litera en habitación compartida mixta de 12 camas,3,grupo,agradable,,,6.0,2024-07-27,muy bien
the river hostel,italia,litera en dormitorio compartido mixto con 10 camas,3,persona que viaja sola,excepcional,,,10.0,2024-07-27,muy bien
the river hostel,marruecos,litera en dormitorio compartido mixto con 10 camas,3,persona que viaja sola,agradable,,,6.0,2024-07-23,muy bien
the river hostel,italia,litera en dormitorio compartido mixto con 10 camas,1,persona que viaja sola,excepcional,,,10.0,2024-07-22,muy bien
the river hostel,francia,litera en dormitorio compartido mixto con 10 camas,3,grupo,excepcional,,,10.0,2024-07-15,muy bien
the river hostel,alemania,litera en dormitorio compartido mixto con 10 camas,4,persona que viaja sola,decepcionante,,,4.0,2024-07-03,muy bien
the river hostel,alemania,litera en habitación compartida mixta de 12 camas,1,persona que viaja sola,excepcional,,,10.0,2024-07-02,muy bien
the river hostel,moldavia,litera en habitación compartida mixta de 12 camas,1,persona que viaja sola,excepcional,,,10.0,2024-06-22,muy bien
the river hostel,italia,litera en una habitación compartida femenina,2,persona que viaja sola,excepcional,,,10.0,2024-06-21,muy bien
the river hostel,polonia,litera en dormitorio compartido mixto con 10 camas,1,persona que viaja sola,excepcional,,,10.0,2024-06-18,muy bien
the river hostel,alemania,litera en habitación compartida mixta de 12 camas,1,persona que viaja sola,excepcional,,,10.0,2024-06-18,muy bien
the river hostel,polonia,cama en habitación compartida mixta de 8 camas,2,persona que viaja sola,excepcional,,,10.0,2024-06-18,muy bien
the river hostel,méxico,litera en habitación compartida mixta de 12 camas,1,persona que viaja sola,excepcional,,,10.0,2024-06-14,muy bien
the river hostel,francia,litera en dormitorio compartido mixto con 10 camas,1,persona que viaja sola,excepcional,,,10.0,2024-06-11,muy bien
the river hostel,alemania,litera en dormitorio compartido mixto con 10 camas,3,persona que viaja sola,excepcional,,,10.0,2024-06-10,muy bien
the river hostel,españa,litera en una habitación compartida femenina,1,persona que viaja sola,pésimo,,,1.0,2024-06-09,muy bien
the river hostel,alemania,litera en dormitorio compartido mixto con 10 camas,2,persona que viaja sola,agradable,,,6.0,2024-06-07,muy bien
the river hostel,rumanía,litera en dormitorio compartido mixto con 10 camas,5,persona que viaja sola,excepcional,,,10.0,2024-06-04,muy bien
the river hostel,canadá,cama en habitación compartida mixta de 6 camas,3,persona que viaja sola,agradable,,,6.0,2024-05-31,muy bien
the river hostel,bélgica,litera en dormitorio compartido mixto con 10 camas,1,persona que viaja sola,pésimo,,,1.0,2024-05-28,muy bien
the river hostel,italia,cama en habitación compartida mixta de 6 camas,1,persona que viaja sola,excepcional,,,10.0,2024-05-25,muy bien
the river hostel,portugal,cama en habitación compartida mixta de 4 camas,3,persona que viaja sola,excepcional,,,10.0,2024-05-24,muy bien
the river hostel,reino unido,litera en dormitorio compartido mixto con 10 camas,1,persona que viaja sola,excepcional,,,10.0,2024-05-23,muy bien
the river hostel,brasil,cama en habitación compartida mixta de 4 camas,4,persona que viaja sola,excepcional,,,10.0,2024-05-21,muy bien
the river hostel,francia,litera en habitación compartida mixta de 12 camas,2,persona que viaja sola,pésimo,,,1.0,2024-05-18,muy bien
the river hostel,italia,litera en una habitación compartida femenina,2,grupo,excepcional,,,10.0,2024-05-18,muy bien
the river hostel,reino unido,litera en dormitorio compartido mixto con 10 camas,2,persona que viaja sola,excepcional,,,10.0,2024-05-18,muy bien
the river hostel,ucrania,cama en habitación compartida mixta de 6 camas,4,persona que viaja sola,excepcional,,,10.0,2024-05-12,muy bien
the river hostel,italia,litera en habitación compartida mixta de 12 camas,2,persona que viaja sola,excepcional,,,10.0,2024-05-10,muy bien
the river hostel,turquía,cama en habitación compartida mixta de 8 camas,6,persona que viaja sola,excepcional,,,10.0,2024-05-08,muy bien
the river hostel,turquía,litera en una habitación compartida femenina,1,persona que viaja sola,excepcional,,,10.0,2024-05-05,muy bien
the river hostel,ucrania,litera en habitación compartida mixta de 12 camas,7,persona que viaja sola,excepcional,,,10.0,2024-05-02,muy bien
the river hostel,italia,litera en habitación compartida mixta de 12 camas,2,persona que viaja sola,excepcional,,,10.0,2024-04-29,muy bien
the river hostel,brasil,litera en habitación compartida mixta de 12 camas,4,persona que viaja sola,excepcional,,,10.0,2024-04-29,muy bien
the river hostel,kazajistán,litera en dormitorio compartido mixto con 10 camas,1,grupo,excepcional,,,10.0,2024-04-24,muy bien
the river hostel,francia,litera en dormitorio compartido mixto con 10 camas,2,persona que viaja sola,excepcional,,,10.0,2024-04-18,muy bien
the river hostel,alemania,cama en habitación compartida mixta de 4 camas,1,persona que viaja sola,excepcional,,,10.0,2024-04-16,muy bien
the river hostel,italia,litera en dormitorio compartido mixto con 10 camas,1,persona que viaja sola,excepcional,,,10.0,2024-04-16,muy bien
the river hostel,españa,litera en habitación compartida mixta de 12 camas,1,persona que viaja sola,excepcional,,,10.0,2024-04-14,muy bien
the river hostel,polonia,litera en dormitorio compartido mixto con 10 camas,6,persona que viaja sola,excepcional,,,10.0,2024-04-09,muy bien
the river hostel,españa,litera en dormitorio compartido mixto con 10 camas,6,persona que viaja sola,excepcional,,,10.0,2024-04-08,muy bien
the river hostel,rusia,litera en habitación compartida mixta de 12 camas,4,persona que viaja sola,excepcional,,,10.0,2024-03-31,muy bien
the river hostel,polonia,litera en habitación compartida mixta de 12 camas,1,pareja,excepcional,,,10.0,2024-03-27,muy bien
the river hostel,polonia,cama en habitación compartida mixta de 4 camas,2,persona que viaja sola,excepcional,,,10.0,2024-03-23,muy bien
the river hostel,brasil,litera en habitación compartida mixta de 12 camas,1,persona que viaja sola,excepcional,,,10.0,2024-03-23,muy bien
the river hostel,españa,litera en habitación compartida mixta de 12 camas,1,grupo,excepcional,,,10.0,2024-03-20,muy bien
the river hostel,república checa,cama en habitación compartida mixta de 4 camas,3,persona que viaja sola,excepcional,,,10.0,2024-03-13,muy bien
the river hostel,italia,cama en habitación compartida mixta de 8 camas,1,persona que viaja sola,excepcional,,,10.0,2024-03-11,muy bien
the river hostel,países bajos,cama en habitación compartida mixta de 8 camas,2,persona que viaja sola,aceptable,,,5.0,2024-03-11,muy bien
the river hostel,italia,litera en dormitorio compartido mixto con 10 camas,4,grupo,excepcional,,,10.0,2024-03-07,muy bien
the river hostel,italia,litera en habitación compartida mixta de 12 camas,3,persona que viaja sola,excepcional,,,10.0,2024-03-06,muy bien
the river hostel,suecia,cama en habitación compartida mixta de 6 camas,3,persona que viaja sola,excepcional,,,10.0,2024-03-03,muy bien
the river hostel,suecia,cama en habitación compartida mixta de 6 camas,1,persona que viaja sola,excepcional,,,10.0,2024-03-03,muy bien
the river hostel,españa,cama en habitación compartida mixta de 6 camas,2,grupo,excepcional,,,10.0,2024-03-03,muy bien
the river hostel,alemania,litera en habitación compartida mixta de 12 camas,6,persona que viaja sola,agradable,,,6.0,2024-03-01,muy bien
the river hostel,italia,litera en habitación compartida mixta de 12 camas,1,persona que viaja sola,excepcional,,,10.0,2024-03-01,muy bien
the river hostel,méxico,litera en habitación compartida mixta de 12 camas,2,persona que viaja sola,excepcional,,,10.0,2024-02-28,muy bien
the river hostel,españa,litera en habitación compartida mixta de 12 camas,1,persona que viaja sola,excepcional,,,10.0,2024-02-26,muy bien
the river hostel,italia,litera en una habitación compartida femenina,3,persona que viaja sola,excepcional,,,10.0,2024-02-25,muy bien
the river hostel,alemania,litera en habitación compartida mixta de 12 camas,2,persona que viaja sola,aceptable,,,5.0,2024-02-24,muy bien
the river hostel,italia,litera en habitación compartida mixta de 12 camas,1,persona que viaja sola,excepcional,,,10.0,2024-02-23,muy bien
the river hostel,austria,litera en dormitorio compartido mixto con 10 camas,2,grupo,excepcional,,,10.0,2024-02-21,muy bien
the river hostel,polonia,litera en una habitación compartida femenina,2,persona que viaja sola,excepcional,,,10.0,2024-02-19,muy bien
the river hostel,españa,litera en una habitación compartida femenina,1,persona que viaja sola,excepcional,,,10.0,2024-02-15,muy bien
the river hostel,francia,litera en dormitorio compartido mixto con 10 camas,1,persona que viaja sola,excepcional,,,10.0,2024-02-12,muy bien
the river hostel,portugal,litera en habitación compartida mixta de 12 camas,1,persona que viaja sola,agradable,,,6.0,2024-02-08,muy bien
the river hostel,alemania,cama en habitación compartida mixta de 4 camas,1,persona que viaja sola,agradable,,,6.0,2024-02-07,muy bien
the river hostel,alemania,cama en habitación compartida mixta de 8 camas,2,persona que viaja sola,excepcional,,,10.0,2024-02-07,muy bien
the river hostel,italia,litera en una habitación compartida femenina,2,persona que viaja sola,pésimo,,,1.0,2024-01-30,muy bien
the river hostel,polonia,litera en dormitorio compartido mixto con 10 camas,2,persona que viaja sola,excepcional,,,10.0,2024-01-28,muy bien
the river hostel,marruecos,litera en habitación compartida mixta de 12 camas,3,persona que viaja sola,excepcional,,,10.0,2024-01-28,muy bien
the river hostel,argelia,litera en habitación compartida mixta de 12 camas,3,persona que viaja sola,excepcional,,,10.0,2024-01-25,muy bien
the river hostel,francia,cama en habitación compartida mixta de 8 camas,2,persona que viaja sola,excepcional,,,10.0,2024-01-25,muy bien
the river hostel,españa,litera en habitación compartida mixta de 12 camas,3,persona que viaja sola,excepcional,,,10.0,2024-01-25,muy bien
the river hostel,polonia,litera en habitación compartida mixta de 12 camas,3,persona que viaja sola,excepcional,,,10.0,2024-01-23,muy bien
the river hostel,portugal,litera en una habitación compartida femenina,1,persona que viaja sola,decepcionante,,,4.0,2024-01-22,muy bien
the river hostel,portugal,litera en una habitación compartida femenina,3,persona que viaja sola,agradable,,,6.0,2024-01-22,muy bien
the river hostel,brasil,litera en habitación compartida mixta de 12 camas,1,persona que viaja sola,excepcional,,,10.0,2024-01-19,muy bien
the river hostel,ucrania,litera en dormitorio compartido mixto con 10 camas,1,persona que viaja sola,excepcional,,,10.0,2024-01-18,muy bien
the river hostel,bélgica,cama en habitación compartida mixta de 8 camas,2,grupo,aceptable,,,5.0,2024-01-17,muy bien
the river hostel,alemania,litera en habitación compartida mixta de 12 camas,3,persona que viaja sola,excepcional,,,10.0,2024-01-15,muy bien
the river hostel,ucrania,litera en dormitorio compartido mixto con 10 camas,1,persona que viaja sola,agradable,,,6.0,2024-01-10,muy bien
the river hostel,alemania,litera en una habitación compartida femenina,2,persona que viaja sola,agradable,,,6.0,2024-01-05,muy bien
the river hostel,polonia,litera en habitación compartida mixta de 12 camas,3,grupo,agradable,,,6.0,2024-01-03,muy bien
the river hostel,reino unido,litera en habitación compartida mixta de 12 camas,2,persona que viaja sola,agradable,,,6.0,2024-01-01,muy bien
the river hostel,países bajos,litera en una habitación compartida femenina,2,persona que viaja sola,excepcional,,,10.0,2023-12-30,muy bien
the river hostel,marruecos,litera en una habitación compartida femenina,3,persona que viaja sola,excepcional,,,10.0,2023-12-26,muy bien
the river hostel,ucrania,litera en habitación compartida mixta de 12 camas,1,persona que viaja sola,excepcional,,,10.0,2023-12-26,muy bien
the river hostel,italia,cama en habitación compartida mixta de 4 camas,2,persona que viaja sola,agradable,,,6.0,2023-12-26,muy bien
the river hostel,polonia,litera en habitación compartida mixta de 12 camas,2,persona que viaja sola,excepcional,,,10.0,2023-12-25,muy bien
the river hostel,bélgica,litera en dormitorio compartido mixto con 10 camas,7,persona que viaja sola,agradable,,,6.0,2023-12-22,muy bien
the river hostel,españa,litera en dormitorio compartido mixto con 10 camas,2,persona que viaja sola,excepcional,,,10.0,2023-12-21,muy bien
the river hostel,italia,cama en habitación compartida mixta de 6 camas,4,grupo,aceptable,,,5.0,2023-12-20,muy bien
the river hostel,italia,litera en habitación compartida mixta de 12 camas,1,persona que viaja sola,excepcional,,,10.0,2023-12-15,muy bien
the river hostel,ucrania,litera en habitación compartida mixta de 12 camas,1,persona que viaja sola,excepcional,,,10.0,2023-12-15,muy bien
the river hostel,,cama en habitación compartida mixta de 6 camas,2,persona que viaja sola,agradable,,,6.0,2023-12-14,muy bien
the river hostel,eslovaquia,litera en habitación compartida mixta de 12 camas,1,grupo,aceptable,,,5.0,2023-12-14,muy bien
the river hostel,alemania,cama en habitación compartida mixta de 6 camas,2,persona que viaja sola,aceptable,,,5.0,2023-12-12,muy bien
the river hostel,noruega,litera en dormitorio compartido mixto con 10 camas,1,persona que viaja sola,aceptable,,,5.0,2023-12-04,muy bien
the river hostel,brasil,cama en habitación compartida mixta de 8 camas,3,persona que viaja sola,agradable,,,6.0,2023-11-29,muy bien
the river hostel,ucrania,litera en habitación compartida mixta de 12 camas,1,persona que viaja sola,excepcional,,,10.0,2023-11-27,muy bien
the river hostel,estados unidos,cama en habitación compartida mixta de 4 camas,2,persona que viaja sola,excepcional,,,10.0,2023-11-26,muy bien
the river hostel,italia,litera en una habitación compartida femenina,2,grupo,pésimo,,,1.0,2023-11-22,muy bien
the river hostel,ucrania,cama en habitación compartida mixta de 8 camas,3,persona que viaja sola,excepcional,,,10.0,2023-11-22,muy bien
the river hostel,portugal,litera en dormitorio compartido mixto con 10 camas,1,persona que viaja sola,aceptable,,,5.0,2023-11-21,muy bien
the river hostel,italia,cama en habitación compartida mixta de 8 camas,2,persona que viaja sola,excepcional,,,10.0,2023-11-21,muy bien
the river hostel,marruecos,litera en habitación compartida mixta de 12 camas,2,persona que viaja sola,agradable,,,6.0,2023-11-19,muy bien
the river hostel,italia,cama en habitación compartida mixta de 6 camas,3,persona que viaja sola,agradable,,,6.0,2023-11-18,muy bien
the river hostel,italia,litera en dormitorio compartido mixto con 10 camas,5,persona que viaja sola,agradable,,,6.0,2023-11-17,muy bien
the river hostel,italia,litera en dormitorio compartido mixto con 10 camas,2,persona que viaja sola,excepcional,,,10.0,2023-11-15,muy bien
the river hostel,portugal,litera en una habitación compartida femenina,2,grupo,agradable,,,6.0,2023-11-15,muy bien
the river hostel,suiza,litera en una habitación compartida femenina,3,persona que viaja sola,positiv überrascht!,,,10.0,2023-11-14,muy bien
the river hostel,españa,litera en una habitación compartida femenina,1,persona que viaja sola,excepcional,,,10.0,2023-11-10,muy bien
the river hostel,rumanía,litera en habitación compartida mixta de 12 camas,1,persona que viaja sola,excepcional,,,10.0,2023-11-07,muy bien
the river hostel,alemania,litera en dormitorio compartido mixto con 10 camas,5,persona que viaja sola,decepcionante,,,4.0,2023-11-07,muy bien
the river hostel,francia,cama en habitación compartida mixta de 4 camas,2,familia,excepcional,,,10.0,2023-11-06,muy bien
the river hostel,alemania,cama en habitación compartida mixta de 6 camas,2,persona que viaja sola,excepcional,,,10.0,2023-11-05,muy bien
the river hostel,irlanda,cama en habitación compartida mixta de 6 camas,2,grupo,excepcional,,,10.0,2023-11-03,muy bien
the river hostel,polonia,cama en habitación compartida mixta de 4 camas,1,persona que viaja sola,excepcional,,,10.0,2023-11-01,muy bien
the river hostel,italia,litera en una habitación compartida femenina,1,persona que viaja sola,agradable,,,6.0,2023-11-01,muy bien
the river hostel,taiwán,litera en una habitación compartida femenina,2,persona que viaja sola,agradable,,,6.0,2023-10-31,muy bien
the river hostel,italia,litera en habitación compartida mixta de 12 camas,2,persona que viaja sola,excepcional,,,10.0,2023-10-30,muy bien
the river hostel,portugal,cama en habitación compartida mixta de 8 camas,1,persona que viaja sola,excepcional,,,10.0,2023-10-28,muy bien
the river hostel,portugal,litera en dormitorio compartido mixto con 10 camas,2,persona que viaja sola,excepcional,,,10.0,2023-10-28,muy bien
the river hostel,taiwán,litera en una habitación compartida femenina,1,persona que viaja sola,agradable,,,6.0,2023-10-26,muy bien
the river hostel,argelia,litera en dormitorio compartido mixto con 10 camas,1,persona que viaja sola,agradable,,,6.0,2023-10-26,muy bien
the river hostel,bulgaria,litera en una habitación compartida femenina,1,persona que viaja sola,excepcional,,,10.0,2023-10-24,muy bien
the river hostel,italia,cama en habitación compartida mixta de 8 camas,3,persona que viaja sola,decepcionante,,,4.0,2023-10-24,muy bien
the river hostel,italia,cama en habitación compartida mixta de 4 camas,3,persona que viaja sola,excepcional,,,10.0,2023-10-24,muy bien
the river hostel,italia,litera en habitación compartida mixta de 12 camas,1,persona que viaja sola,excepcional,,,10.0,2023-10-21,muy bien
the river hostel,corea del sur,litera en una habitación compartida femenina,2,persona que viaja sola,excepcional,,,10.0,2023-10-21,muy bien
the river hostel,italia,cama en habitación compartida mixta de 8 camas,1,persona que viaja sola,agradable,,,6.0,2023-10-09,muy bien
the river hostel,italia,litera en dormitorio compartido mixto con 10 camas,1,persona que viaja sola,agradable,,,6.0,2023-10-09,muy bien
the river hostel,italia,litera en habitación compartida mixta de 12 camas,3,persona que viaja sola,excepcional,,,10.0,2023-10-09,muy bien
the river hostel,españa,litera en una habitación compartida femenina,3,persona que viaja sola,excepcional,,,10.0,2023-10-04,muy bien
the river hostel,portugal,litera en dormitorio compartido mixto con 10 camas,1,persona que viaja sola,agradable,,,6.0,2023-10-02,muy bien
the river hostel,suiza,cama en habitación compartida mixta de 8 camas,4,persona que viaja sola,agradable,,,6.0,2023-09-28,muy bien
the river hostel,italia,cama en habitación compartida mixta de 8 camas,4,grupo,excepcional,,,10.0,2023-09-27,muy bien
the river hostel,serbia,litera en habitación compartida mixta de 12 camas,2,pareja,excepcional,,,10.0,2023-09-26,muy bien
the river hostel,italia,cama en habitación compartida mixta de 4 camas,5,grupo,excepcional,,,10.0,2023-09-25,muy bien
the river hostel,italia,litera en dormitorio compartido mixto con 10 camas,1,persona que viaja sola,mal,,,3.0,2023-09-25,muy bien
the river hostel,francia,litera en dormitorio compartido mixto con 10 camas,1,persona que viaja sola,agradable,,,6.0,2023-09-21,muy bien
the river hostel,irlanda,litera en habitación compartida mixta de 12 camas,4,persona que viaja sola,excepcional,,,10.0,2023-09-20,muy bien
the river hostel,italia,litera en habitación compartida mixta de 12 camas,1,persona que viaja sola,excepcional,,,10.0,2023-09-18,muy bien
the river hostel,,litera en habitación compartida mixta de 12 camas,1,persona que viaja sola,excepcional,,,10.0,2023-09-18,muy bien
the river hostel,italia,litera en dormitorio compartido mixto con 10 camas,2,persona que viaja sola,excepcional,,,10.0,2023-09-18,muy bien
the river hostel,uruguay,litera en dormitorio compartido mixto con 10 camas,1,persona que viaja sola,excepcional,,,10.0,2023-09-17,muy bien
the river hostel,italia,cama en habitación compartida mixta de 4 camas,2,persona que viaja sola,excepcional,,,10.0,2023-09-17,muy bien
the river hostel,bélgica,litera en dormitorio compartido mixto con 10 camas,1,grupo,excepcional,,,10.0,2023-09-13,muy bien
the river hostel,españa,litera en dormitorio compartido mixto con 10 camas,3,grupo,excepcional,,,10.0,2023-09-02,muy bien
the river hostel,francia,litera en una habitación compartida femenina,3,persona que viaja sola,excepcional,,,10.0,2023-09-02,muy bien
the river hostel,alemania,litera en una habitación compartida femenina,10,persona que viaja sola,excepcional,,,10.0,2023-08-24,muy bien
the river hostel,alemania,litera en habitación compartida mixta de 12 camas,3,persona que viaja sola,excepcional,,,10.0,2023-08-19,muy bien
the river hostel,suiza,cama en habitación compartida mixta de 4 camas,1,pareja,excepcional,,,10.0,2023-08-18,muy bien
the river hostel,polonia,cama en habitación compartida mixta de 4 camas,1,persona que viaja sola,agradable,,,6.0,2023-08-18,muy bien
the river hostel,suiza,litera en una habitación compartida femenina,6,persona que viaja sola,mal,,,3.0,2023-08-16,muy bien
the river hostel,brasil,cama en habitación compartida mixta de 6 camas,3,persona que viaja sola,excepcional,,,10.0,2023-08-16,muy bien
the river hostel,ucrania,cama en habitación compartida mixta de 4 camas,2,persona que viaja sola,excepcional,,,10.0,2023-08-12,muy bien
the river hostel,españa,litera en dormitorio compartido mixto con 10 camas,1,persona que viaja sola,excepcional,,,10.0,2023-08-10,muy bien
the river hostel,marruecos,litera en dormitorio compartido mixto con 10 camas,6,persona que viaja sola,agradable,,,6.0,2023-08-06,muy bien
the river hostel,marruecos,cama en habitación compartida mixta de 6 camas,3,persona que viaja sola,excepcional,,,10.0,2023-08-05,muy bien
the river hostel,bélgica,cama en habitación compartida mixta de 8 camas,3,persona que viaja sola,excepcional,,,10.0,2023-08-05,muy bien
the river hostel,brasil,litera en habitación compartida mixta de 12 camas,1,persona que viaja sola,aceptable,,,5.0,2023-08-01,muy bien
the river hostel,italia,litera en dormitorio compartido mixto con 10 camas,3,grupo,excepcional,,,10.0,2023-07-29,muy bien
the river hostel,bielorrusia,litera en dormitorio compartido mixto con 10 camas,4,persona que viaja sola,agradable,,,6.0,2023-07-27,muy bien
the river hostel,italia,cama en habitación compartida mixta de 8 camas,1,grupo,excepcional,,,10.0,2023-07-25,muy bien
the river hostel,italia,litera en habitación compartida mixta de 12 camas,1,persona que viaja sola,excepcional,,,10.0,2023-07-19,muy bien
the river hostel,bélgica,cama en habitación compartida mixta de 4 camas,1,persona que viaja sola,excepcional,,,10.0,2023-07-03,muy bien
the river hostel,italia,litera en habitación compartida mixta de 12 camas,1,grupo,excepcional,,,10.0,2023-07-02,muy bien
the river hostel,turquía,cama en habitación compartida mixta de 8 camas,2,grupo,mal,,,3.0,2023-07-01,muy bien
the river hostel,francia,litera en dormitorio compartido mixto con 10 camas,4,persona que viaja sola,excepcional,,,10.0,2023-06-28,muy bien
the river hostel,canadá,litera en habitación compartida mixta de 12 camas,3,persona que viaja sola,agradable,,,6.0,2023-06-28,muy bien
the river hostel,españa,litera en habitación compartida mixta de 12 camas,2,persona que viaja sola,excepcional,,,10.0,2023-06-27,muy bien
the river hostel,alemania,litera en dormitorio compartido mixto con 10 camas,4,pareja,excepcional,,,10.0,2023-06-18,muy bien
the river hostel,rumanía,litera en una habitación compartida femenina,2,persona que viaja sola,excepcional,,,10.0,2023-06-09,muy bien
the river hostel,países bajos,litera en dormitorio compartido mixto con 10 camas,1,persona que viaja sola,excepcional,,,10.0,2023-06-08,muy bien
the river hostel,países bajos,cama en habitación compartida mixta de 4 camas,3,persona que viaja sola,excepcional,,,10.0,2023-06-05,muy bien
the river hostel,italia,litera en dormitorio compartido mixto con 10 camas,2,persona que viaja sola,excepcional,,,10.0,2023-06-05,muy bien
the river hostel,hungría,cama en habitación compartida mixta de 4 camas,2,persona que viaja sola,excepcional,,,10.0,2023-06-05,muy bien
the river hostel,rusia,cama en habitación compartida mixta de 8 camas,2,grupo,agradable,,,6.0,2023-05-28,muy bien
the river hostel,ucrania,litera en una habitación compartida femenina,1,persona que viaja sola,excepcional,,,10.0,2023-05-28,muy bien
the river hostel,alemania,cama en habitación compartida mixta de 6 camas,3,grupo,excepcional,,,10.0,2023-05-22,muy bien
the river hostel,ucrania,cama en habitación compartida mixta de 8 camas,3,persona que viaja sola,excepcional,,,10.0,2023-05-20,muy bien
the river hostel,alemania,litera en dormitorio compartido mixto con 10 camas,3,grupo,excepcional,,,10.0,2023-05-16,muy bien
the river hostel,alemania,litera en una habitación compartida femenina,2,persona que viaja sola,excepcional,,,10.0,2023-05-09,muy bien
the river hostel,marruecos,cama en habitación compartida mixta de 8 camas,2,persona que viaja sola,excepcional,,,10.0,2023-05-04,muy bien
the river hostel,polonia,litera en habitación compartida mixta de 12 camas,2,persona que viaja sola,excepcional,,,10.0,2023-05-03,muy bien
the river hostel,méxico,litera en una habitación compartida femenina,1,familia,excepcional,,,10.0,2023-05-03,muy bien
the river hostel,italia,litera en dormitorio compartido mixto con 10 camas,3,persona que viaja sola,excepcional,,,10.0,2023-05-03,muy bien
the river hostel,polonia,litera en dormitorio compartido mixto con 10 camas,1,persona que viaja sola,excepcional,,,10.0,2023-05-03,muy bien
the river hostel,españa,litera en habitación compartida mixta de 12 camas,1,persona que viaja sola,agradable,,,6.0,2023-05-01,muy bien
the river hostel,república checa,litera en habitación compartida mixta de 12 camas,2,pareja,agradable,,,6.0,2023-04-30,muy bien
the river hostel,alemania,cama en habitación compartida mixta de 6 camas,3,persona que viaja sola,agradable,,,6.0,2023-04-26,muy bien
the river hostel,portugal,litera en habitación compartida mixta de 12 camas,1,persona que viaja sola,excepcional,,,10.0,2023-04-25,muy bien
the river hostel,italia,cama en habitación compartida mixta de 8 camas,1,persona que viaja sola,excepcional,,,10.0,2023-04-22,muy bien
the river hostel,alemania,litera en habitación compartida mixta de 12 camas,3,persona que viaja sola,excepcional,,,10.0,2023-04-20,muy bien
the river hostel,alemania,litera en una habitación compartida femenina,4,persona que viaja sola,agradable,,,6.0,2023-04-18,muy bien
the river hostel,alemania,litera en dormitorio compartido mixto con 10 camas,3,persona que viaja sola,excepcional,,,10.0,2023-04-18,muy bien
the river hostel,italia,litera en dormitorio compartido mixto con 10 camas,4,persona que viaja sola,muy bien,,,8.0,2023-12-05,muy bien
the river hostel,japón,cama en habitación compartida mixta de 6 camas,2,persona que viaja sola,bien,,,7.0,2023-11-25,muy bien
the river hostel,alemania,litera en una habitación compartida femenina,5,grupo,muy bien,,,8.0,2023-11-10,muy bien
the river hostel,alemania,litera en una habitación compartida femenina,3,persona que viaja sola,muy bien,,,8.0,2023-09-21,muy bien
the river hostel,austria,cama en habitación compartida mixta de 8 camas,2,grupo,bien,,,7.0,2023-09-16,muy bien
the river hostel,italia,litera en dormitorio compartido mixto con 10 camas,1,grupo,bien,,,7.0,2023-08-02,muy bien
the river hostel,alemania,litera en una habitación compartida femenina,7,persona que viaja sola,fantástico,,,9.0,2023-07-10,muy bien
the river hostel,italia,litera en dormitorio compartido mixto con 10 camas,3,grupo,excepcional,,,10.0,2023-11-19,muy bien
the river hostel,italia,litera en habitación compartida mixta de 12 camas,3,persona que viaja sola,agradable,,,6.0,2023-09-23,muy bien
the river hostel,chile,litera en habitación compartida mixta de 12 camas,2,persona que viaja sola,excepcional,,,10.0,2023-08-06,muy bien
the river hostel,alemania,litera en dormitorio compartido mixto con 10 camas,1,persona que viaja sola,muito bom! com água gelada e café grátis. tudo muito bem pensado e planejado visando viajantes. eu adorei! cara sonriente,,,10.0,2023-06-30,muy bien
