nombre_del_hotel,nacionalidad,detalles_hab,noches,personas,comentario_general,positivo,negativo,nota,fecha,comentario_media_hotel
sweet hotel renasa,españa,habitación doble - 1 o 2 camas,1,persona que viaja sola,hotel perfecto para trabajo en la universidad de valencia,ubicación perfecta si viajas por trabajo a las facultades de la universidad de valencia que están en el campus centro.,,9.0,2026-03-26,muy bien
sweet hotel renasa,españa,habitación doble - 1 o 2 camas,2,pareja,fantástico,habitación muy amplia y cómoda,nada,9.0,2026-03-23,muy bien
sweet hotel renasa,españa,habitación doble - 1 o 2 camas,1,persona que viaja sola,fantástico,me dieron una muy buena habitación.,nada,9.0,2026-03-12,muy bien
sweet hotel renasa,españa,habitación doble - 1 o 2 camas,2,familia,buena relación calidad - precio.,los colchones de las camas y sobre todo las almohadas son comodísimos. la habitación es muy amplia. a muy poco tienes parada de bus y a unos minutos andando tienes estación de metro a solo dos paradas del centro.,nada,9.0,2026-03-02,muy bien
sweet hotel renasa,españa,habitación doble - 1 o 2 camas,1,pareja,fantástico,habitación espaciosa y camas muy cómodas. todo limpio.,,9.0,2026-02-27,muy bien
sweet hotel renasa,españa,habitación doble superior - 1 o 2 camas,1,grupo,perfecta estancia futbolística,"habitación muy espaciosa y bien aislada, de manera que pese e estar en un primer piso y junto a una gran avenida, no se oían ruidos en el interior. también el baño espacioso y buenos armarios. la ubicación, muy cerca del estadio de mestalla, perfecta para acudir al partido de fútbol, objeto de nuestro viaje.",en el baño había cierto mal olor procedente de los desagües,9.0,2026-02-06,muy bien
sweet hotel renasa,españa,habitación doble - 1 o 2 camas,2,pareja,"si voy a valencia,me hospedaré alli","amabilidad del personal,habitación amplia y limpieza general.",,8.0,2026-02-06,muy bien
sweet hotel renasa,españa,habitación doble - 1 o 2 camas,1,pareja,limpio y comodo,todo muy limpio,el vecino tuvo la tv hasta las 3 de la madrugada a tope,8.0,2026-02-04,muy bien
sweet hotel renasa,españa,habitación individual,1,persona que viaja sola,muy bien,la habitación es muy espaciosa y limpia. colchón muy cómodo. personal muy amable.,"por poner un pero, la habitación daba a la avenida principal y se oye bastante el ruido del tráfico.",8.0,2026-01-27,muy bien
sweet hotel renasa,españa,habitación doble - 1 o 2 camas,1,persona que viaja sola,cercano,"me gustó la actualización de las cosas, todo muy acorde al día, a la ciudad, bonito y elegante",,8.0,2026-01-24,muy bien
sweet hotel renasa,españa,habitación individual,1,persona que viaja sola,bien,"la gestión del parking: 16  por un día completo es excepcional en esta zona. el desayuno, bastante bien, aunque comenzar a las 7:30 me pareció tarde; tuve que irme a medias porque tenía que estar pronto en una reunión. hubiera deseado que comenzara a las 7:00",,7.0,2026-01-21,muy bien
sweet hotel renasa,españa,habitación doble - 1 o 2 camas,2,pareja,recomendable,instalaciones y ubicación,nada,9.0,2026-01-19,muy bien
sweet hotel renasa,españa,habitación doble - 1 o 2 camas,1,pareja,super bien!,todo excelente la verdad,,9.0,2026-01-11,muy bien
sweet hotel renasa,españa,habitación doble - 1 o 2 camas,7,pareja,fantástico,habitación muy cómoda. muy buena ubicación y bien comunicada con transporte público. muy buena atención del personal y buen restaurante.,no había nevera en la habitación y las toallas son muy viejas.,9.0,2025-12-24,muy bien
sweet hotel renasa,españa,habitación doble - 1 o 2 camas,5,pareja,hotel con buena relacion calidad precio,"la limpieza de la habitación, la comodidad de la cama, accesible a plantas superiores en ascensor,trato de la recepcion y relación calidad precio. en cuanto al restaurante, buen desayuno a bien precio, con personal amable, especialmente el camarero fran.","no es accesible a personas con discapacidad. ni por el restaurante no por la puerta principal del hotel. como se puede ver en la foto, hay que subir todos esos escalones para acceder al hotel.",8.0,2025-11-09,muy bien
sweet hotel renasa,españa,habitación doble - 1 o 2 camas,4,grupo,fantástico,"las camas, las habitación la cafetería, ... todo.",,9.0,2025-11-02,muy bien
sweet hotel renasa,españa,habitación doble - 1 o 2 camas,2,pareja,fantástico,"todo muy bien en general. algunos detalles que justifica no ponerle un 10 son las almohadas que no son nada cómodas y los jabones de baño  no se puede poner un gel que sirva para cuerpo y cabello, porque son horribles sobretodo para las mujeres . el resto, genial personal, limpieza excelente y ubicación más de lo mismo.",,9.0,2025-10-19,muy bien
sweet hotel renasa,españa,habitación doble - 1 o 2 camas,1,grupo,estancia agradable,la ubicación y la amabilidad del personal,nada.,9.0,2025-10-17,muy bien
sweet hotel renasa,españa,habitación doble - 1 o 2 camas,2,pareja,"todo perfecto, personal 10 10, habitación limpia cómoda sin neverita pero con lo demás compensa",el trato y la limpieza,que no hubiese neveras en la habitación,9.0,2025-10-04,muy bien
sweet hotel renasa,españa,habitación doble - 1 o 2 camas,1,grupo,muy bien,la amplitud de la habitación y lo cerca que estaba de todo.,"demasiado ruido de otras habitaciones, se escuchaba todo.",8.0,2025-10-02,muy bien
sweet hotel renasa,españa,habitación doble superior - 1 o 2 camas,4,pareja,fantástico,"la habitación nos sorprendió por el tamaño, ya que era bastante más espaciosa de lo que esperábamos. todo muy cómodo y la gestión con el personal muy agradable y sencilla. un acierto escoger este hotel. la verdad.","hay algún detalle  sobre todo del baño , que se podría renovar. no es que esté para caerse o no funcione, pero se nota que tiene algunos años y agradecería un lavado de cara.",9.0,2025-09-27,muy bien
sweet hotel renasa,españa,habitación doble - 1 o 2 camas,1,familia,buena relación calidad precio,es bastante limpio y tiene buena ubicación,en principio nada,9.0,2025-09-14,muy bien
sweet hotel renasa,españa,habitación doble - 1 o 2 camas,2,pareja,fantástico,e.l personal fue muy amable,t7vimos una habitación que no.funcilmaba el aire pero nos cambiaron la.ha kraxiln asi que muy contento,9.0,2025-09-13,muy bien
sweet hotel renasa,españa,habitación doble - 1 o 2 camas,2,pareja,muy bien,facilidades,ducha sin cortina y ruido,8.0,2025-09-12,muy bien
sweet hotel renasa,españa,habitación doble - 1 o 2 camas,4,pareja,fantástico,todo en general,,9.0,2025-09-07,muy bien
sweet hotel renasa,españa,habitación individual,1,persona que viaja sola,cumple mis expectativas . para repetir,la localización. todo moderno y limpio . el personal amable y educado . además se puede aparcar por la zona y no es zona azul y hay bares y mercadona y más supermercados,"lo único, por poner un pero, que no había una pequeña nevera en la habitación.",9.0,2025-09-01,muy bien
sweet hotel renasa,españa,habitación doble - 1 o 2 camas,1,pareja,muy bien,habitaciones y baños amplios.cama muy cómoda.,que no haya algún producto de aseo.,9.0,2025-08-31,muy bien
sweet hotel renasa,españa,habitación doble - 1 o 2 camas,2,familia,muy bien,la comodidad y la amplitud de la habitación,todo estuvo bien,8.0,2025-08-29,muy bien
sweet hotel renasa,españa,habitación doble con cama supletoria,3,grupo,fantástico,limpieza,todo bien,9.0,2025-08-24,muy bien
sweet hotel renasa,españa,habitación individual,1,persona que viaja sola,muy bien,relación calidad precio,,8.0,2025-08-02,muy bien
sweet hotel renasa,españa,habitación triple  2 adultos   1 niño ,2,familia,fantástico,"buena ubicacion, habitaciones amplias. desayuno no lo probamos, pero en el restaurante de al lado tomamos café con tostada y buenos a buen precio.",,9.0,2025-07-31,muy bien
sweet hotel renasa,españa,habitación doble - 1 o 2 camas,1,pareja,muy bien,,la falta de amenitis y que las toallas estaban muy gastadas,8.0,2025-07-14,muy bien
sweet hotel renasa,españa,habitación doble - 1 o 2 camas,1,pareja,bien,"las camas, la limpieza, el aire acondicionado moderno y funcional, el espacio, el detalle de 3 camas en la habitación doble  el sofá cama estaba hecho como una cama y no lo habíamos pedido, pero está bien que lo tuvieran en cuenta . la ubicación, la decoración, de las zonas comunes.","faltaban detalles como agua en la habitación. la máquina expendedora no funcionaba y cuando por fin atiné con una moneda que sí tragó, no devolvió cambio. lo reclamé y parece que al que vino a abrirla le molestó moverse por darme 80 céntimos, me lo dijo tal cual, con sorna. me pareció de muy mal gusto, porque en ningún momento me puse exigente, solo lo reclamé porque ya que es difícil conseguir agua, al menos que sepan que tienen mal la máquina para los demás clientes, si es que les importa algo mejorar el servicio. el recepcionista de tarde, no se entendía mucho con el sistema y tampoco tenía mucho don de gentes: seco, lento, sin hablarnos...  se dedicaría a otra cosa y estaba haciendo una suplencia? no me suelo quejar del personal, pero el hotel no es solo una habitación donde dormir, el trato hace y dice bastante. -cuando hablo del personal, no va por la chica recepcionista, lo poco que mi grupo trató con ella para el check-out fue correcto. -me hablaron de otro chico recepcionista que era amable también.",7.0,2025-07-12,muy bien
sweet hotel renasa,españa,habitación doble - 1 o 2 camas,3,pareja,muy bien,"buena ubicación, cama y baño cómodos.",la tv no contaba con posibilidad de compartir multimedia desde el móvil.,9.0,2025-07-12,muy bien
sweet hotel renasa,españa,habitación individual,1,persona que viaja sola,fantástico,casi al lado del estadio de mestalla,,9.0,2025-07-09,muy bien
sweet hotel renasa,españa,habitación doble - 1 o 2 camas,1,pareja,fantástico,"la comida en el servicio de cena excelente, buena ubicación, a 200 metros de mestalla, se puede aparcar bien por los alrededores, habitación limpia y comoda","no me gustó que el gimnasio no estuviera operativo y no lo mencionaran, ni lo avisaran ya que una.de las.cosas por las que reserve fue por eso",9.0,2025-06-23,muy bien
sweet hotel renasa,españa,habitación doble con cama supletoria,1,grupo,estancia correcta,la cercanía y el personal,las instalaciones y la pared con humedad donde estaba situado el aire y el baño que no estaba del todo bien pondrían cuidar esos detalles de mantenimiento.,7.0,2025-06-21,muy bien
sweet hotel renasa,españa,habitación individual,2,persona que viaja sola,muy bien,no tenía el desayuno incluido pero hice uso de la cafetería y eso es mejorable,"los baños del hall, cafetería, el acceso era muy lúgubre",8.0,2025-06-07,muy bien
sweet hotel renasa,españa,habitación doble con cama supletoria,1,persona que viaja sola,habitaciones muy amplias y calidad precio perfecto,el tamaño de las habitaciones,ruido de otra habitación,8.0,2025-05-29,muy bien
sweet hotel renasa,españa,habitación doble - 1 o 2 camas,1,persona que viaja sola,buenas relación calidad-precio,cuando llegué me cambiaron a una habitación de categoría superior a la que había reservado y el trato del personal muy amable,,9.0,2025-04-30,muy bien
sweet hotel renasa,españa,habitación doble superior - 1 o 2 camas,1,pareja,excelente ubicacion y trato del personal,"lo mejor: la ubicacion  esta cerca del estadio mestalla , a unos 15 minutos del centro historico y a 30 minutos del museo de las ciencias, todo a pie. el trato del personal, excelente. lo peor, en nuestro caso, no funcionaba el mini bar, pero eso fue un detalle menor.",,9.0,2025-04-10,muy bien
sweet hotel renasa,españa,habitación doble - 1 o 2 camas,1,pareja,perfecta,amplitud. limpieza. acogedor.,lavabo muy pequeño y ubicación del grifo.,8.0,2025-03-20,muy bien
sweet hotel renasa,españa,habitación doble - 1 o 2 camas,3,pareja,fabuloso,"la habitación, muy grande y limpia.",,8.0,2025-02-26,muy bien
sweet hotel renasa,españa,habitación doble - 1 o 2 camas,1,pareja,fantástico,ubicacion y también la habitación,,9.0,2025-02-23,muy bien
sweet hotel renasa,españa,habitación doble - 1 o 2 camas,1,familia,muy recomendable,la relación entre la calidad y el precio,hacia un poco de frío en la habitación.,9.0,2025-02-20,muy bien
sweet hotel renasa,españa,habitación doble - 1 o 2 camas,1,persona que viaja sola,fantástico,"funcional, limpio y amplio",nada,9.0,2025-02-19,muy bien
sweet hotel renasa,españa,habitación individual,1,persona que viaja sola,perfecto cerca de la universidad,cerca de la universidad por lo que es perfecto cuando vas a hacer gestiones,todo correcto,8.0,2025-02-17,muy bien
sweet hotel renasa,españa,habitación doble - 1 o 2 camas,2,pareja,agradable,,hacia un poco de frío el la habitación,8.0,2025-01-28,muy bien
sweet hotel renasa,españa,habitación doble - 1 o 2 camas,2,familia,fantástico,"es un hotel muy tranquilo pese a estar en una avenida muy transitada. el desayuno, muy bueno; el personal, muy servicial y las camas, muy cómodas",estaría bien q hubiera nevera en las habitaciones.,9.0,2025-01-26,muy bien
sweet hotel renasa,españa,habitación individual,1,persona que viaja sola,fantástico,todo,,9.0,2025-01-22,muy bien
sweet hotel renasa,españa,habitación doble - 1 o 2 camas,1,pareja,muy bien,,pedí cama matrimonio y cuando llegue no había y me creo discusión con mi esposo,8.0,2025-01-20,muy bien
sweet hotel renasa,españa,habitación doble - 1 o 2 camas,1,persona que viaja sola,muy bien,la limpieza,que no tuviera accesorios del aseo,8.0,2025-01-10,muy bien
sweet hotel renasa,españa,habitación doble - 1 o 2 camas,1,pareja,muy bien,,me falto la nevera con agua!,8.0,2025-01-07,muy bien
sweet hotel renasa,españa,habitación individual,1,persona que viaja sola,cómodo y buen servicio.,ubicación y que tenia lo necesario. fue una estancia corta. pude dejar mis maletas hasta que me fui. servicio y comida. bueno y todo en el mismo lugar.,el aire acondicionado sonaba un poco.,9.0,2025-01-06,muy bien
sweet hotel renasa,españa,habitación doble - 1 o 2 camas,1,grupo,fantástico,habitación confortable y amabilidad del personal de recepción.,,9.0,2025-01-05,muy bien
sweet hotel renasa,españa,habitación doble - 1 o 2 camas,1,pareja,para repetir,"ubicación céntrica a 30 minutos andando del centro, transporte de autobuses y metro,comercios, mercadona ,bares , aparcamiento alrededor fácil y gratis.el hotel muy bien ,cogimos media pensión y comimos muy bien ,muy amable y atenta la camarera.el hotel nuevo limpio y la habitación superrr grande no le faltaba detalle.sera sin duda la próxima vez que volvamos a valencia nuestra estancia a repetir.",nada que decir negativo,9.0,2024-12-23,muy bien
sweet hotel renasa,españa,habitación doble - 1 o 2 camas,1,pareja,perfecto,ubicación,nada,9.0,2024-12-20,muy bien
sweet hotel renasa,españa,habitación doble - 1 o 2 camas,1,pareja,perfecto,"habitación amplia y limpia, y personal muy atento",,9.0,2024-12-14,muy bien
sweet hotel renasa,españa,habitación doble - 1 o 2 camas,2,persona que viaja sola,muy bien,,no nos dieron de cenar porque faltaban mesas,8.0,2024-12-10,muy bien
sweet hotel renasa,españa,habitación doble - 1 o 2 camas,1,persona que viaja sola,bien,todo bien,nada,7.0,2024-12-08,muy bien
sweet hotel renasa,españa,habitación doble - 1 o 2 camas,1,pareja,agradable.,"las instalaciones son cómodas y limpias, la decoración agradable. la cafetería buen servicio .",,9.0,2024-12-06,muy bien
sweet hotel renasa,españa,habitación doble - 1 o 2 camas,1,persona que viaja sola,muy bien ubicado y buena atención .,excelente ubicación y buena atención del personal. excelente relación calidad-precio. además me ofrecieron una habitación superior sin coste.,,9.0,2024-11-26,muy bien
sweet hotel renasa,españa,habitación doble - 1 o 2 camas,2,pareja,estancia ideal,desayuno muy barato y de calidad. las habitaciones son muy amplias y el personal del hotel es muy amable. la ubicación es perfecta y en transporte público llegas muy rápido al centro histórico de la ciudad.,,9.0,2024-11-20,muy bien
sweet hotel renasa,españa,habitación doble - 1 o 2 camas,1,pareja,muy bien,la limpieza y la comodidad de las camas.,el olor de la cocina del restaurante no era muy agradable en las habitaciones.,8.0,2024-11-16,muy bien
sweet hotel renasa,españa,habitación doble - 1 o 2 camas,1,pareja,fantástico,"ubicación buena, habitación cómoda y limpia. muy recomendable, buena relación precio-calidad.",,9.0,2024-10-23,muy bien
sweet hotel renasa,españa,habitación doble superior - 1 o 2 camas,2,persona que viaja sola,"centrico, estupendo","decoracion, comodidad , ubicacion",,9.0,2024-10-08,muy bien
sweet hotel renasa,españa,habitación doble - 1 o 2 camas,1,grupo,escapada con amiga,"la cama súper cómoda, el personal muy amable y servicial, el desayuno muy variado. seguro que repetiré",,8.0,2024-09-28,muy bien
sweet hotel renasa,españa,habitación doble - 1 o 2 camas,3,pareja,servicio descontento,la comida,"tuvimos un problema con la cisterna del lavabo no tragaba,tuvimos que pasar una noche con todo el ruido,los recepcionistas nos mareaban en lugar de ayudar. hemos pedido una compensación económica y a día de hoy no hemos recibido ningúna respuesta. tenían un balcón inexistente   era muy pequeño ",7.0,2024-09-08,muy bien
sweet hotel renasa,españa,habitación doble - 1 o 2 camas,1,pareja,fantástico,"la habitación muy grande y limpia. el hotel muy bien situado, el personal agradable y el parking ubicado al lado. todo perfecto. volveré.",,9.0,2024-09-06,muy bien
sweet hotel renasa,españa,habitación doble - 1 o 2 camas,1,pareja,fantástico,ya lo conocía. camas muy comodas,no hay una pequeña nevera..,9.0,2024-08-30,muy bien
sweet hotel renasa,españa,habitación doble - 1 o 2 camas,2,persona que viaja sola,tranquilidad,las instalaciones,que no tuviera cama doble,9.0,2024-08-21,muy bien
sweet hotel renasa,españa,habitación doble - 1 o 2 camas,2,pareja,estancia acogedora y genial!,"estuvimos súper cómodos, el personal súper amable y la verdad que la habitación y los servicios genial. ojalá repitamos, porque estuvimos muy agusto.",todo genial.,9.0,2024-08-16,muy bien
sweet hotel renasa,españa,habitación triple  2 adultos   1 niño ,2,familia,hotel confortable y muy accesible,"la ubicación, la amabilidad del personal y la calidad del desayuno.",tienen escaleras de acceso principal. el acceso a las habitaciones parece un laberinto.,7.0,2024-08-07,muy bien
sweet hotel renasa,españa,habitación doble - 1 o 2 camas,2,pareja,fantástico,todo limpio y nuevo,que la habitación no tiene un mini bar,9.0,2024-07-31,muy bien
sweet hotel renasa,españa,habitación doble - 1 o 2 camas,3,pareja,buena experiencia,la habitación estaba genial. no se puede pedir más a un hotel de 3 estrellas,los horarios de desayuno y cena considero que son algo escasos. el desayuno se terminaba a las 10 am y en las cenas la cocina se cerraba a las 22:30. lo cual te obligaba a estar sobre las 22 como muy tarde para poder cenar. alargando 1 hora las comidas hubiese sido todo perfecto,8.0,2024-07-27,muy bien
sweet hotel renasa,españa,habitación doble - 1 o 2 camas,1,pareja,estupendísimo,"la verdad que todo estupendo! muy contentos con la elección. la ubicación buena, personal simpáticos, la habitación grande y limpia, las camas muy cómodas.","por decir una cosa, se echó de menos una pequeña rampa en la puerta principal. para las maletas, carros, sillas de ruedas etc.",9.0,2024-07-26,muy bien
sweet hotel renasa,españa,habitación doble - 1 o 2 camas,1,pareja,buena,"la amplitud de la habitación, que además estaba muy limpia.","el buffet del desayuno es algo excaso, y en la sala hace muchísimo calor, lo que hace que desayunes incómodo y con malestar.",8.0,2024-07-15,muy bien
sweet hotel renasa,españa,habitación individual,1,persona que viaja sola,muy bien,"la ubicación, de fácil acceso y cercana al campus universitario la amabilidad del personal",decoración muy fría y poca iluminación natural,8.0,2024-07-14,muy bien
sweet hotel renasa,españa,habitación triple  2 adultos   1 niño ,2,familia,fin de semana,"lo que más me gustado ha sido la amabilidad del personal , limpieza y el restaurante muy bien. lo recomiendo!!!","que no tiene youtube en la tele , si lo tenía no lo he encontrado. para niños movidos aveces es entretenido.",9.0,2024-07-12,muy bien
sweet hotel renasa,españa,habitación doble - 1 o 2 camas,1,pareja,hotel sorprendente relación calidad precio.,ubicación céntrica. amplitud y limpieza de habitaciones. amabilidad y rapidez de empleados.,no hubo nada que me desagradara.,9.0,2024-06-20,muy bien
sweet hotel renasa,españa,habitación doble - 1 o 2 camas,1,grupo,estancia correcta . calidad precio,la ubicación para ir a la universidad es ideal.,opción para comer algo si se te hace un poco tarde.,8.0,2024-06-17,muy bien
sweet hotel renasa,españa,habitación doble - 1 o 2 camas,4,grupo,muy práctico,la relación calidad precio y la cafetería,había algún problema con el desagüe y el agua caliente del baño,9.0,2024-05-30,muy bien
sweet hotel renasa,españa,habitación doble - 1 o 2 camas,1,persona que viaja sola,fantástico,que me hicieran un cambio a una habitación de categoría superior.,no puedo decir nada negativo.,9.0,2024-05-27,muy bien
sweet hotel renasa,españa,habitación doble - 1 o 2 camas,1,pareja,buena experiencia en general.,"la habitación era muy grande y la cama comodísima, estaba muy limpio y el personal muy simpático. así que para una noche o dos, como ha sido nuestro caso, es más que suficiente.","apenas teníamos agua caliente. tocando un poco las llaves de paso que hay encima de la ducha conseguimos sacar algo, pero casi nada. se escucha todo, las paredes son de papel. en la habitación de arriba había una familia que no dejó de hacer ruido en toda la noche y se escuchaba roncar al de al lado como si estuviera durmiendo con nosotras. si alguien quiere ver netflix, hbo, etc, las televisiones no son smart tv.",7.0,2024-05-08,muy bien
sweet hotel renasa,españa,habitación individual,1,persona que viaja sola,muy bien,"hotel limpio, tranquilo, con instalaciones nuevas y personal agradable.",eché en falta una nevera en la habitación.,8.0,2024-04-20,muy bien
sweet hotel renasa,españa,habitación doble - 1 o 2 camas,1,persona que viaja sola,fantástico,la ubicación,nada,9.0,2024-04-06,muy bien
sweet hotel renasa,españa,habitación triple  2 adultos   1 niño ,1,familia,muy bien,habitación,no hay parking,8.0,2024-03-29,muy bien
sweet hotel renasa,españa,habitación individual,2,persona que viaja sola,"confort, comodidad y exelencia",todo perfecto! me gustó mucho!,no tengo ningun comentario al respecto. véase la respuesta a la pregunta anterior.,9.0,2024-03-15,muy bien
sweet hotel renasa,españa,habitación doble - 1 o 2 camas,1,pareja,fantástico,"habitación muy amplia, cómoda, todo nuevo. sin ruidos. se puede aparcar cerca",,9.0,2024-03-12,muy bien
sweet hotel renasa,españa,habitación doble - 1 o 2 camas,3,persona que viaja sola,muy bien,,el desayuno,8.0,2024-03-08,muy bien
sweet hotel renasa,españa,habitación doble - 1 o 2 camas,2,pareja,bien,tamaño de la habitación. comodidad de las camas. atención del personal.,luz del baño. hubo un problema con el agua y no pudimos ducharnos por la mañana.,7.0,2024-03-02,muy bien
sweet hotel renasa,españa,habitación doble - 1 o 2 camas,2,pareja,muy bien,la amplitud de la habitación y el aseo ducha,que estando en valencia nos pusieran zumo de naranja de bote.,8.0,2024-02-24,muy bien
sweet hotel renasa,españa,habitación doble - 1 o 2 camas,6,pareja,fantástico,buena zona para aparcar.,,9.0,2024-02-18,muy bien
sweet hotel renasa,españa,habitación doble - 1 o 2 camas,4,pareja,fantástico,desayuno y camas cómodas,ruido exterior,9.0,2024-02-14,muy bien
sweet hotel renasa,españa,habitación doble - 1 o 2 camas,2,familia,fantástico,la ubicación y el hotel en general,no habia escobillas en el baño,9.0,2024-02-12,muy bien
sweet hotel renasa,españa,habitación doble - 1 o 2 camas,1,pareja,ok,desayuno espectacular,los escalones,8.0,2024-02-08,muy bien
sweet hotel renasa,españa,habitación doble - 1 o 2 camas,1,pareja,repetire,"la habitacion y baño esplendida, la cafetería fantástica para cenar y el desayuno lo valoro muy por encima de lo esperado en un hotel de esta categoría",subir escaleras para acceder a recepción desde la calle,8.0,2024-02-08,muy bien
sweet hotel renasa,españa,habitación doble - 1 o 2 camas,1,pareja,fantástico,la cama súper cómoda y que tenga nevera en la habitación,nada. me gusto todo,9.0,2024-01-31,muy bien
sweet hotel renasa,españa,habitación doble - 1 o 2 camas,1,pareja,muy bien,,"ví mal aprovechado el espacio del cuarto de baño de la 213. la pileta y el mueble muy reducido. con el espacio que hay. se debía de organizar de otra forma. lo demás todo muy bien, incluso la cafetería.",8.0,2024-01-30,muy bien
sweet hotel renasa,españa,habitación doble - 1 o 2 camas,1,persona que viaja sola,fantástico,personal muy amable. habitación amplia y todo muy limpio.,,9.0,2024-01-29,muy bien
sweet hotel renasa,españa,habitación doble - 1 o 2 camas,1,persona que viaja sola,"acogedor, cómodo y bien ubicado.",amabilidad de sus empleados. la decoración de las habitaciones y de las estancias comunes. camas súper cómodas. nada ruidoso.,todo estuvo muy bien,8.0,2024-01-27,muy bien
sweet hotel renasa,españa,habitación doble - 1 o 2 camas,2,pareja,muy bien,la comodidad de la cama,el olor de las tuberias,8.0,2024-01-22,muy bien
sweet hotel renasa,españa,habitación doble - 1 o 2 camas,2,pareja,encantados,"la verdad que todo fue muy bien,fuimos en media pensión y la comida estaba espectacular el desayuno tb muy bueno","lo único malo,que había un grupo d deportistas jóvenes,q hicieron un poco de bulla,pero tampoco,ya s sabe cuando s sale,jeje pero x lo demás muy recomendable",9.0,2024-01-16,muy bien
sweet hotel renasa,españa,habitación doble - 1 o 2 camas,1,pareja,fantástico,muy comodo y limpio,no hubo nada q no me gustara,9.0,2024-01-13,muy bien
sweet hotel renasa,españa,habitación doble - 1 o 2 camas,1,pareja,mejor de lo que pensaba,"el amplio espacio y la limpieza de la habitación, el silencio para poder dormir.",los almohadones son muy planos e incómodos para dormir.,9.0,2023-12-24,muy bien
sweet hotel renasa,españa,habitación individual,1,persona que viaja sola,muy bien,muy limpio y buena ubicación,se oyen muchos ruidos de las habitaciones,8.0,2023-12-16,muy bien
sweet hotel renasa,españa,habitación doble - 1 o 2 camas,2,persona que viaja sola,muy bien,"como siempre, excelente atención  he ido muchas veces . muy buena ubicación.",algunos elementos y acabados empiezan a estar obsoletos y con un mantenimiento no siempre al 100 .,8.0,2023-12-11,muy bien
sweet hotel renasa,españa,habitación doble superior - 1 o 2 camas,3,pareja,muy bien,el trato y la cercanía fueron muy buenos. en nuestro caso la cama era de 2x2 con mucha calidad.,los camareros del restaurante eran muy lentos.,8.0,2023-12-01,muy bien
sweet hotel renasa,españa,habitación doble - 1 o 2 camas,1,grupo,estancia expressssss,"la habitación, según la esperaba, amplia y cómoda y con dos camas, como la había reservado. no estuvimos mucho tiempo en el hotel, por lo que no tengo una opinión muy crítica...en principio, todo correcto.","en realidad no estuve el tiempo suficiente para detectar algo que no me gustara: llegamos sobre las 20:00 horas y dejamos la habitación a las 7:30 del día siguiente...pero, en principio, todo correcto.",9.0,2023-11-28,muy bien
sweet hotel renasa,españa,habitación doble - 1 o 2 camas,1,pareja,contento,"muy contento con el hotel y su ubicación fuimos para la media maratón, ubicación perfecta las instalaciones muy limpias habitación grande y cómoda , el personal muy agradable todo perfecto",,9.0,2023-10-26,muy bien
sweet hotel renasa,españa,habitación doble - 1 o 2 camas,3,pareja,muy bien,la limpieza y amplitud.,el buffet era escaso.,8.0,2023-10-25,muy bien
sweet hotel renasa,españa,habitación doble - 1 o 2 camas,1,pareja,muy bien,"habitación grande, cama grande y cómoda. tenía nevera, importante cuando llevas medicamentos.",poca presión de agua en la ducha.,8.0,2023-10-19,muy bien
sweet hotel renasa,españa,habitación doble - 1 o 2 camas,3,pareja,"real, las tres estrellas que tiene","lo amplia que era la habitación, y lo limpia que estaba no se subir las fotos",,9.0,2023-10-15,muy bien
sweet hotel renasa,españa,habitación triple  2 adultos   1 niño ,2,familia,súper recomendable,fenomenal el personal de recepción excepcional. nos ayudaron muchísimo,igual algo más de opción de cena  para más de 2 días se hace repetitivo el mismo menu,9.0,2023-09-13,muy bien
sweet hotel renasa,españa,habitación doble - 1 o 2 camas,2,pareja,bien.,,bastante ruido de la calle. los ventanales de la habitación no aíslan acústicamente,8.0,2023-09-03,muy bien
sweet hotel renasa,españa,habitación doble - 1 o 2 camas,3,pareja,confort y relajación,la ubicación y el precio. la zona es muy céntrica y de seguida se encuentra todo.,no tenía minibar y el horario de desayuno muy tarde para personas con horario laboral de las 7 de la mañana.,9.0,2023-08-09,muy bien
sweet hotel renasa,españa,habitación doble - 1 o 2 camas,1,familia,buena estancia,la comodidad y la limpieza de las habitaciones.,,8.0,2023-08-04,muy bien
sweet hotel renasa,españa,habitación doble - 1 o 2 camas,1,pareja,fantástico,"la habitación, muy grande y cómoda.",,9.0,2023-07-25,muy bien
sweet hotel renasa,españa,habitación doble superior - 1 o 2 camas,1,pareja,fantástico,habitación genial y el personal del restaurante fantástico.,que no tuviera parking en el hotel.,9.0,2023-07-23,muy bien
sweet hotel renasa,españa,habitación doble - 1 o 2 camas,1,pareja,fantástico,"la ubicación del hotel, metro más o menos cercano, se puede ir perfectamente andando al centro en poco tiempo.","mejoraría el tema de las almohadas, daría la opción de tener varias para elegir dureza etc. faltan artículos de higiene personal en el baño.",9.0,2023-06-26,muy bien
sweet hotel renasa,españa,habitación doble - 1 o 2 camas,4,pareja,buena estancia,"cómodo, amplio y limpio. el personal muy majo.","las puertas eran muy finas y se oía todo el jaleo del pasillo. el pasillo al gimnasio siempre muy oscuro, daba un poco de mal rollo. la colcha podrían lavarla más.",8.0,2023-06-06,muy bien
sweet hotel renasa,españa,habitación doble - 1 o 2 camas,1,pareja,fantástico,"la amplitud de la habitación y el baño , la limpieza . la cama muy cómoda. no hay ruido, el descanso garantizado. el personal muy amable.",no hay cafetera ni calentador de agua en la habitación y estaría bien . quitaría los cojines de terciopelo...,9.0,2023-06-05,muy bien
sweet hotel renasa,españa,habitación individual,2,persona que viaja sola,estancia correcta y personal amable,"su relación calidad precio. su ubicación para ir a la universidad es perfecta, para el centro es peor pero se puede coger un bono transportes y las paradas de bus y metro están cerca. el personal ha sido muy amable incluyendo el del restaurante.",lo único que destacaría es que las habitaciones no están totalmente insonorizadas porque se escuchaba la gente hablar en los pasillos y en las exteriores el ruido de los coches de una calle bastante transitada. sin embargo sabiéndolo llevaba tapones y listo. al final no los tuve que utilizar aunque si eres sensible q los ruidos debes intentar,8.0,2023-06-04,muy bien
sweet hotel renasa,españa,habitación triple  2 adultos   1 niño ,1,familia,estancia agradable y buena.,en conjunto todo y el trato de la gente trabajadora era muy atenta y amable. la ubicación era buena y todo estaba muy limpio y bien.,todo me gustó.,9.0,2023-05-08,muy bien
sweet hotel renasa,españa,habitación individual,2,persona que viaja sola,fantástico,el desayuno muy completo y la habitación individual estupenda. no se hace pequeña ni incómoda.,"la única pega es que en mi habitación la cama estaba cerca de la ventana y, al no tener persiana, entraba luz por los laterales de las cortinas.",9.0,2023-05-03,muy bien
sweet hotel renasa,españa,habitación individual,2,persona que viaja sola,bien pero mejorable,localización y servicios,"la habitación, individual, daba a un patio trasero sin apenas luz. pero lo mas desagradable es que a las 6:30 de la mañana se colaban olores de la cocina -o de algún servicio- que inundaban la habitación de olor a pan tostado. me desperté preocupado por algún escape de fuego.",7.0,2023-05-01,muy bien
sweet hotel renasa,españa,habitación doble - 1 o 2 camas,2,pareja,fantástico,la cama era muy cómoda,el buffet me faltó un poco de variedad .,9.0,2023-04-17,muy bien
sweet hotel renasa,españa,habitación doble - 1 o 2 camas,2,persona que viaja sola,buena opcion para unos dias,atencion del personal y comodidad,todo bien,8.0,2026-04-10,muy bien
sweet hotel renasa,españa,habitación doble superior - 1 o 2 camas,2,pareja,"todo bien, pero recomendaría en el desayuno hubiera leche desnatada para tener más diversidad de producto en el desayuno",lo amplio que es,la cisterna del wc se quedaba abierta y goteando mucho rato,8.0,2026-04-09,muy bien
sweet hotel renasa,españa,habitación doble superior - 1 o 2 camas,3,pareja,buen sitio para quedarse.,"la ubicación. el personal estuvo bien. la decoración era bonita, la estancia fue tranquila.","el baño, por protocolo no pueden tener escobillas, pero no teníamos ninguna alternativa. tuve que salir a comprar una.",8.0,2026-04-05,muy bien
sweet hotel renasa,españa,habitación doble superior - 1 o 2 camas,1,familia,descubriendo el oceanografico,ubicación,nada,8.0,2026-04-04,muy bien
sweet hotel renasa,españa,habitación doble con cama supletoria,2,familia,bien,calidad precio del hotel,la limpieza del baño podría ser mejor,7.0,2026-04-03,muy bien
sweet hotel renasa,españa,habitación doble - 1 o 2 camas,1,pareja,muy bien,cómodo y bien situado,la ducha se salía un poco por la mampara,8.0,2026-03-30,muy bien
sweet hotel renasa,españa,habitación doble superior - 1 o 2 camas,1,pareja,muy bien,la cafeteria,laa escaleras de la entrada,8.0,2026-03-22,muy bien
sweet hotel renasa,españa,habitación doble - 1 o 2 camas,3,pareja,buena ubicación,habitacion grande y cama comoda,falta de jabones en el baño . rampa o plataforma en la entrada para personas con movilidad reducida,7.0,2026-03-22,muy bien
sweet hotel renasa,españa,habitación doble - 1 o 2 camas,2,pareja,bien,"la habitación era muy grande y la cama muy cómoda, de ubicación perfecto",la habitación no estaba del todo limpia cuando entramos había pelos en el baño y no tenía neverita la habitación,7.0,2026-03-20,muy bien
sweet hotel renasa,españa,habitación doble superior - 1 o 2 camas,1,pareja,experiencia recomendable en este hotel,amplitud habitación,el ascensor se oye mucho,9.0,2026-03-19,muy bien
sweet hotel renasa,españa,habitación doble - 1 o 2 camas,2,pareja,fantástico,ubicación,,9.0,2026-03-19,muy bien
sweet hotel renasa,españa,habitación doble superior - 1 o 2 camas,2,pareja,fantástico,"la ubicación perfecta, el desayuno un poco básico y poco variado.",,9.0,2026-03-18,muy bien
sweet hotel renasa,españa,habitación doble - 1 o 2 camas,1,persona que viaja sola,practico,buen desayuno,cafeteria horario,8.0,2026-03-17,muy bien
sweet hotel renasa,españa,habitación doble - 1 o 2 camas,1,pareja,bien,el personal muy amable,"por poner una pega, el baño está muy bien y grande, pero es antiguo.",7.0,2026-03-13,muy bien
sweet hotel renasa,españa,habitación individual,1,persona que viaja sola,muy bien,limpieza,la persona en recepción de la tarde no saludaba cuando uno entraba.,8.0,2026-03-09,muy bien
sweet hotel renasa,españa,habitación individual,1,persona que viaja sola,almohadas duras,el desayuno esta bien. completo.,las almohadas son gordas y duras. eso me impidió tener un buen descanso. el resto está bien.,7.0,2026-03-03,muy bien
sweet hotel renasa,españa,habitación doble - 1 o 2 camas,3,pareja,bien,,para mi las camas deberían ser más duras,7.0,2026-02-28,muy bien
sweet hotel renasa,españa,habitación individual,2,persona que viaja sola,bien,,la situacion de la cama con la television que estaba al lado y no al frente,7.0,2026-02-17,muy bien
sweet hotel renasa,españa,habitación individual,4,persona que viaja sola,hotel cómodo y no muy caro,esta bien situada y cerca del metro,nada porque todo estuvo bien,8.0,2026-02-15,muy bien
sweet hotel renasa,españa,habitación individual,1,persona que viaja sola,bien,buena ubicación y calidad-precio buena,aunque se hubiera limpiado el wc tenía manchas y tampoco disponía de escobilla,7.0,2026-02-13,muy bien
sweet hotel renasa,españa,habitación individual,1,persona que viaja sola,buena relación calidad precio,el personal muy agradable y profesional.,la cafetería,8.0,2026-02-13,muy bien
sweet hotel renasa,españa,habitación doble - 1 o 2 camas,1,persona que viaja sola,un buen hotel centrico en valencia,la recepcionista argentina es simpatiquísima y muy eficiente. las habitaciones son sencillas pero confortables y aún estando en planta baja no escuche ruidos externos a la habitación. el desayuno es sencillo.,aparcar me costó mucho. llegando a última hora de la tarde había mucha gente en los bares y terrazas de la zona y no encontré sitio para aparcar. pero por nada del mundo lo metan en el parking primado reig que hay cerca porque me cobraron 47  por 12 horas de estancia y las plazas y accesos son pequeñísimos.,9.0,2026-02-09,muy bien
sweet hotel renasa,españa,habitación doble - 1 o 2 camas,1,pareja,muy bien,la cercanía al estadio del mestalla y fácil de llegar,,8.0,2026-02-06,muy bien
sweet hotel renasa,españa,habitación doble superior - 1 o 2 camas,3,pareja,muy bien,muy cómodo y acogedor,,8.0,2026-02-05,muy bien
sweet hotel renasa,españa,habitación individual,3,persona que viaja sola,muy bien,muy tranquilo.,,8.0,2026-01-27,muy bien
sweet hotel renasa,españa,habitación doble - 1 o 2 camas,1,pareja,muy bien,"me ha gustado la habitacion ,la cama era comoda","hacia mucho frio en la habitacion , tenia aire acondicionado pero solo calentaba mientras estaba encendido",8.0,2026-01-25,muy bien
sweet hotel renasa,españa,habitación doble - 1 o 2 camas,3,pareja,bien,habitación amplia,"cama ,para mi gusto blanda",7.0,2026-01-24,muy bien
sweet hotel renasa,españa,habitación individual,4,persona que viaja sola,bien,el personal,limpiaban muy tarde las habitaciones,7.0,2026-01-24,muy bien
sweet hotel renasa,españa,habitación doble con cama supletoria,3,grupo,bien,,el baño estaba un poco deteriorado,7.0,2026-01-20,muy bien
sweet hotel renasa,españa,habitación doble con cama supletoria,1,grupo,muy bien,"la relación calidad precio,la ubicación",,8.0,2026-01-19,muy bien
sweet hotel renasa,españa,habitación individual,2,persona que viaja sola,fantástico,,el estado de las camas,9.0,2026-01-15,muy bien
sweet hotel renasa,españa,habitación doble - 1 o 2 camas,3,persona que viaja sola,muy bien,el trato,,8.0,2026-01-06,muy bien
sweet hotel renasa,españa,habitación doble - 1 o 2 camas,2,pareja,"habitación muy cómoda, bien equipada y limpia",habitación muy cómoda. muy buena ubicación y bien comunicada con transporte público. muy buena atención del personal.,poca luz en el baño y no el agua no salía muy caliente,8.0,2026-01-04,muy bien
sweet hotel renasa,españa,habitación individual,2,persona que viaja sola,buena estancia y buena relación calidad-precio,"la ubicación y el personal, eran muy amables.","algunas de las instalaciones, como el lavabo  era muy pequeño  o la ducha  incómoda y no tragaba todo el agua .",7.0,2025-12-25,muy bien
sweet hotel renasa,españa,habitación doble - 1 o 2 camas,2,persona que viaja sola,no está mal.,reservé una habitación individual y me dieron una muy grande y con cama doble. la cama cómoda. la habitación también disponía de mini nevera.,el baño huele a humedad.,8.0,2025-12-22,muy bien
sweet hotel renasa,españa,habitación doble - 1 o 2 camas,2,pareja,bien,todo bien calidad-precio bien,la mujer de recepción fue muy desagradable o poco empática por poco nos vamos por culpa de ella no me gustó nada el trato,7.0,2025-12-18,muy bien
sweet hotel renasa,españa,habitación doble - 1 o 2 camas,1,pareja,muy bien,"para lo caro que estaba todo , esté hotel calidad y precio bueno",,8.0,2025-12-16,muy bien
sweet hotel renasa,españa,habitación individual,1,persona que viaja sola,muy bien.,el trato fue muy amable. la habitación era amplia y tenía todo lo necesario. la ubicación era exactamente la que me venía bien para mis actividades.,"el baño requería de una mayor ventilación, en el caso concreto de la habitación que me tocó. a pesar de estar en una segunda planta, el ruido de la calle se escuchaba bastante pero entiendo que es inevitable en una ciudad y es una consecuencia de que el alojamiento esté bien ubicado y comunicado.",8.0,2025-12-16,muy bien
sweet hotel renasa,españa,habitación doble - 1 o 2 camas,2,pareja,bien,limpieza,,7.0,2025-12-15,muy bien
sweet hotel renasa,españa,habitación doble - 1 o 2 camas,1,pareja,está bien,"tanto el colchón como la almohada resultaron muy cómodos, algo que agradecimos mucho. en general, la habitación estaba bastante bien.","había solicitado una cama doble, pero no fue posible. considero que el precio es algo alto para lo que ofrece realmente. además, nos asignaron una habitación en la planta baja y el pasillo hasta llegar a ella estaba algo oscuro. la jabonera tampoco funcionaba bien.",7.0,2025-12-05,muy bien
sweet hotel renasa,españa,habitación doble superior - 1 o 2 camas,1,persona que viaja sola,correcto,la ubicación al lado de la universidad y el desayuno bastante completo y variado,"no había set de baño  pasta de dientes, sobre todo  y la ducha salía poca agua. el baño es la parte de la habitación con más margen de mejora",7.0,2025-11-28,muy bien
sweet hotel renasa,españa,habitación doble - 1 o 2 camas,1,pareja,fantástico,el servicio de desayuno muy completo,lo que no me gusto es que yo reserve en exterior y me toco una habitacion muy abajo den el hotel,9.0,2025-11-27,muy bien
sweet hotel renasa,españa,habitación doble - 1 o 2 camas,1,pareja,bien,ubicación,nada,7.0,2025-11-27,muy bien
sweet hotel renasa,españa,habitación doble - 1 o 2 camas,2,persona que viaja sola,nunca decepciona. hotel historico reformado,el hotel lo frequento desde unos cuantos año.. de lo que era a lo que es ha mejorado mucho bajo todos los aspectos. location comoda para las universidades.. el mestalla y hay metro cerca.,nada en concfeto,8.0,2025-11-26,muy bien
sweet hotel renasa,españa,habitación doble superior - 1 o 2 camas,1,persona que viaja sola,muy bien,l as situación del hotelbuenasyh,,8.0,2025-11-10,muy bien
sweet hotel renasa,españa,habitación doble superior - 1 o 2 camas,2,grupo,hotel recomendable.,la ubicación y el trato.,pedimos dos camas y nos dieron cama matrimonio.,8.0,2025-11-09,muy bien
sweet hotel renasa,españa,habitación doble - 1 o 2 camas,1,pareja,bien,la ubicación,,7.0,2025-11-09,muy bien
sweet hotel renasa,españa,habitación individual,2,persona que viaja sola,bien,las habitaciones están muy bien. amplias y cómodas. la cama muy agradable para descansar. el baño incluso con bidé!,la ducha tiene una parte sin mampara  acceso  que resulta difícil no mojar por fuera. sería más útil quizás si hubiera una puerta de corredera. no hay una parada de metro demasiado cerca lo que complica a veces las comunicaciones. se echa en falta algo más de apoyo en el personal que gestiona el desayuno buffet.,7.0,2025-11-08,muy bien
sweet hotel renasa,españa,habitación doble - 1 o 2 camas,1,persona que viaja sola,fantástico,"todo correcto ,la cama el personal bien situado",,9.0,2025-11-06,muy bien
sweet hotel renasa,españa,habitación doble - 1 o 2 camas,1,pareja,recepcionista off,la tranquilidad y estaba todo muy limpio,"la atención de la recepcionista de ese turno,aparte de antipática nos cambio de habitación porque el mando de la tv no funcionaba llevaríamos allí 1hora y claro me había sentado en la cama y había usado el baño y me dijo: chicos los cambio de habitación porque es culpa nuestra osea ella se ofreció nosotros solo le pedíamos que cambiará el mando y me dijo pero arregla la cama y el baño que quede impoluto...y me toco jajaj",7.0,2025-11-04,muy bien
sweet hotel renasa,españa,habitación doble superior - 1 o 2 camas,2,persona que viaja sola,bien,la amabailidad del personal,la ducha estaba demasiaso alta y al querer colocarla bien me resbale porque el suelo resbala,7.0,2025-11-01,muy bien
sweet hotel renasa,españa,habitación doble - 1 o 2 camas,1,pareja,muy bien,"me alojé en una habitación muy grande, 2 camas muy grandes y cómodas. muy buena iluminación ya que tiene unas grandes vidrieras que dan a la calle. hotel muy limpio y silencioso",,8.0,2025-10-20,muy bien
sweet hotel renasa,españa,habitación doble - 1 o 2 camas,1,familia,muy bien,la amplitud de las habitaciones,toallas muy usadas,8.0,2025-10-19,muy bien
sweet hotel renasa,españa,habitación individual,3,persona que viaja sola,muy bien,la cercanía a la upv,"el baño es un poco justo de espacio  el ancho como mucho es 1,5m .",8.0,2025-10-17,muy bien
sweet hotel renasa,españa,habitación triple  2 adultos   1 niño ,1,familia,fantástico,,el suelo del baño estaba desecho por la humedad del agua de la ducha.,9.0,2025-10-13,muy bien
sweet hotel renasa,españa,habitación doble - 1 o 2 camas,2,pareja,bien,buena ubicación,,7.0,2025-10-07,muy bien
sweet hotel renasa,españa,habitación individual,1,persona que viaja sola,agradable y prático,estab muy bien para ser un 3 estrellas ejecutivo y el personal es super atento.,"no me gusto que no cuentan con algún servicio a la habitación basico de comida. el restaurante aledaño que se comunica directo con el hotel, como no tenia reserva directamente no me quiso atender y no dieron lugar ni al pedido del conserje aunque llovia torrencialmente.",8.0,2025-10-01,muy bien
sweet hotel renasa,españa,habitación individual,1,persona que viaja sola,hotel acogedor.,ya conocía el hotel de haber estado un par de veces antes. me gustó que lo habían reformado y la atención en la recepción al llegar y al salir.,me resbalaba un poco el plato de ducha.,8.0,2025-09-30,muy bien
sweet hotel renasa,españa,habitación doble - 1 o 2 camas,1,pareja,muy bien,habitación muy amplia,,8.0,2025-09-29,muy bien
sweet hotel renasa,españa,habitación doble - 1 o 2 camas,6,pareja,muy bien,trato del personal y la comodidad de las camas,"algo ruidoso, al menos en nuestra habitación, por el sonido de un montacargas o similar",8.0,2025-09-26,muy bien
sweet hotel renasa,españa,habitación doble - 1 o 2 camas,2,familia,comen casa!!!,"la amplitud,limpieza y las camas ,eran confortables",,9.0,2025-09-15,muy bien
sweet hotel renasa,españa,habitación doble - 1 o 2 camas,1,pareja,bien,la habitación muy cómoda y limpia,habia mucho ruido por la noche porque esta cerca de bares,7.0,2025-09-13,muy bien
sweet hotel renasa,españa,habitación doble - 1 o 2 camas,3,pareja,muy bien,suficiente para el precio,la poca iluminacion del baño,8.0,2025-09-05,muy bien
sweet hotel renasa,españa,habitación individual,1,persona que viaja sola,bien,"en general está bien en todos los aspectos, cumple su objetivo sin sobresalir en ningún aspecto. la ubicación bastante centrica","no tenía nevera, algo muy extraño en un hotel, hasta los más básicos suelen tenerla el aire acondicionado al salir de la habitación se apaga, y si ha hecho calor todo el día, al regresar a descansar debes esperar un par de horas a que se enfríe el ambiente, un sinsentido",7.0,2025-09-01,muy bien
sweet hotel renasa,españa,habitación doble - 1 o 2 camas,1,persona que viaja sola,fantástico,"ubicación ,comodidad ,limpieza",el olor de las toallas,9.0,2025-08-17,muy bien
sweet hotel renasa,españa,habitación doble - 1 o 2 camas,3,pareja,bien,"la amplitud de la habitación,el desayuno y el personal super majo del hotel","la gotera q teníamos en el baño,las cenas si no bajabas pronto no había casi de nada",7.0,2025-08-15,muy bien
sweet hotel renasa,españa,habitación doble - 1 o 2 camas,1,persona que viaja sola,fantástico,"la ubicación cerca de la universidad, me vino muy bien.",,9.0,2025-08-14,muy bien
sweet hotel renasa,españa,habitación doble - 1 o 2 camas,1,pareja,confortable,habitación muy amplia y limpia,rodeada de calles con mucho tráfico. lejos de la playa,9.0,2025-08-13,muy bien
sweet hotel renasa,españa,habitación individual,1,persona que viaja sola,cerca del hospital y en una buena zona yo llevo años usando el hotel y no tengo ninguna pega.,muy limpio y buena relación calidad precio,,8.0,2025-08-07,muy bien
sweet hotel renasa,españa,habitación doble con cama supletoria,1,familia,fantástico,la habitación y el personal,no había en la carta de cena nada más que pizzas hamburguesas y ensaladas tuve que salir y cenar en otro lugar,9.0,2025-08-03,muy bien
sweet hotel renasa,españa,habitación individual,2,persona que viaja sola,necesita más mantenimiento,"como siempre, personal muy agradable, limpieza y ubicación","la habitación necesita un buen repaso -urgente- en cuanto a mentenimiento  o, mejor, una reformita . el aire acondicionado funcionaba regular, baldosas rotas en el baño y varios detalles más  en fin, no puede esperar.",8.0,2025-07-28,muy bien
sweet hotel renasa,españa,habitación doble - 1 o 2 camas,1,pareja,muy bien,el trato del personal súper atento y pendientes de todo,la cama un poco incómoda para mi gusto,8.0,2025-07-28,muy bien
sweet hotel renasa,españa,habitación doble - 1 o 2 camas,2,pareja,buen hotel,"la cama es muy cómoda. el personal muy amable. está bien situado, a unos 20 minutos andando del centro. se puede aparcar fácilmente en los alrededores.",nuestra ventana daba a un patio donde estaban los aparatos del aire acondicionado y por la noche se escuchaba algo de ruido.,9.0,2025-07-27,muy bien
sweet hotel renasa,españa,habitación doble - 1 o 2 camas,1,pareja,fantástico,personal y tamaño de la habitación,"la ducha y las almohadas, la falta de nevera y agua.",9.0,2025-07-27,muy bien
sweet hotel renasa,españa,habitación doble - 1 o 2 camas,5,grupo,fantástico,la ubicación y lo bien comunicado que está tanto para ir a la playa como al centro,,9.0,2025-07-26,muy bien
sweet hotel renasa,españa,habitación doble - 1 o 2 camas,1,grupo,muy bien,la ubicación,,8.0,2025-07-22,muy bien
sweet hotel renasa,españa,habitación doble superior - 1 o 2 camas,1,pareja,muy bien,"la ubicación muy bien, pero el hotel estaba en obras, aunque no afectó a nuestro descanso",,8.0,2025-07-21,muy bien
sweet hotel renasa,españa,habitación doble - 1 o 2 camas,1,pareja,bien,,"no nos gustó que en la habitación no había nevera, o si la había, nosotros no la encontramos.",7.0,2025-07-15,muy bien
sweet hotel renasa,españa,habitación doble - 1 o 2 camas,2,pareja,muy bien,la habitación y el camarero de la cafetería genial y amable,no tiene plancha para la ropa,8.0,2025-07-15,muy bien
sweet hotel renasa,españa,habitación doble - 1 o 2 camas,1,pareja,bien,está ubicado en la entrada de valencia y la zona cuenta con muchos bares y restaurantes en los alrededores. desde dentro del hotel no se oye para nada el tráfico de fuera.,el colchón no era muy cómodo.,7.0,2025-07-12,muy bien
sweet hotel renasa,españa,habitación doble - 1 o 2 camas,1,pareja,fantástico,el trato del personal del hotel fue impecable.,"el desagüe del lavabo estaba un poco atascado, pero en general bien.",9.0,2025-07-12,muy bien
sweet hotel renasa,españa,habitación doble - 1 o 2 camas,1,pareja,fantástico,la suite,,9.0,2025-07-07,muy bien
sweet hotel renasa,españa,habitación doble con cama supletoria,1,familia,hotel cómodo cerca de la universidad.,,el desayuno podría mejorar,8.0,2025-07-05,muy bien
sweet hotel renasa,españa,habitación doble - 1 o 2 camas,3,pareja,nuestra estancia fue muy buena,la habitación estupenda y desayuno bueno la ubicación parta nosotros a lo que asistíamos fue perfecta,la ducha podría ser mejorada el mando de la tele no se podía apagar considero que son temas muy subsanables por lo demás todo perfecto y en caso de necesidad volveremos,8.0,2025-07-03,muy bien
sweet hotel renasa,españa,habitación doble superior - 1 o 2 camas,1,pareja,muy bien,todo bien,lo vi bastante bien todo,8.0,2025-07-01,muy bien
sweet hotel renasa,españa,habitación doble - 1 o 2 camas,1,pareja,bien,la relación calidad-precio está bien. estaría bien tener un aparcamiento del hotel.,,7.0,2025-06-20,muy bien
sweet hotel renasa,españa,habitación doble - 1 o 2 camas,1,persona que viaja sola,muy bien,el desayuno la amabilidad del personal,,8.0,2025-06-01,muy bien
sweet hotel renasa,españa,habitación doble - 1 o 2 camas,1,pareja,fantástico,,difícil acceso para gente con dificultad de movilidad.,9.0,2025-05-31,muy bien
sweet hotel renasa,españa,habitación doble - 1 o 2 camas,1,pareja,mi paso por el sweet,la relación calidad precio es buena el servicio de limpieza bueno el.oersonal que nos atendió amable y respetuoso en general todo bien repetiría de nuevo,falta de almohadas sepletorias y poca ventilación debido a la seguridad de las ventanas,8.0,2025-05-25,muy bien
sweet hotel renasa,españa,habitación doble - 1 o 2 camas,1,pareja,buen hotel para visitar valencia,"habitación muy amplia y cómoda. ibamos de boda y teníamos que vestirnos, así que pedimos hacer el checkin un poco antes de la hora, y sin problemas. muy amables en todo momento. la ubicación es perfecta",,9.0,2025-05-19,muy bien
sweet hotel renasa,españa,suite,1,pareja,la habitación te hace sentir como en tu casa,la habitación espaciosa y luminosa,"el desayuno no me gustó . el café malo, el zumo de naranja pésimo . el espacio del desayuno austero.",8.0,2025-05-12,muy bien
sweet hotel renasa,españa,habitación doble superior - 1 o 2 camas,3,grupo,muy bien,"muy atento el personal, y muy bien en general",,8.0,2025-05-10,muy bien
sweet hotel renasa,españa,habitación doble - 1 o 2 camas,1,pareja,muy bien,la disponibilidad del hotel para solucionar el problema que el apagón supuso proporcionando alojamiento una noche más.,algunos problemas con las instalaciones en el baño de la habitación que nos dieron en la segunda noche.,8.0,2025-05-10,muy bien
sweet hotel renasa,españa,habitación doble - 1 o 2 camas,1,pareja,bien,desayuno muy bien,,7.0,2025-04-26,muy bien
sweet hotel renasa,españa,habitación doble - 1 o 2 camas,2,familia,buen lugar para alojarse,me gustó mucho el trato de los empleados por facilitarme las cosas que dudaba. y por tratarme muy bien.,"la primera habitación que me dieron era oscura, y tenia falta de mobiliario. y algún que otro mosquito. pero después me dieron una muchísimo mejor",8.0,2025-04-25,muy bien
sweet hotel renasa,españa,habitación doble - 1 o 2 camas,1,persona que viaja sola,bien,lo céntrico que está y las instalaciones,la limpieza y el baño que olía mal e impregnaba de olor la habitacion,7.0,2025-04-25,muy bien
sweet hotel renasa,españa,habitación doble - 1 o 2 camas,1,persona que viaja sola,muy bien,la situación del hotel hay el trato del personal,,8.0,2025-04-23,muy bien
sweet hotel renasa,españa,habitación doble - 1 o 2 camas,1,familia,muy bien,"todo bien. fueron mis suegros, con cuñados y abuela y no hay quejas.",,8.0,2025-04-23,muy bien
sweet hotel renasa,españa,habitación doble - 1 o 2 camas,3,pareja,práctico,esta muy bien localizado y trasporte público al lado. los empleados de recepción y cafetería muy amables.,las habitaciones poco insonorizadas y las que dan al patio interior muy oscuras.,9.0,2025-04-18,muy bien
sweet hotel renasa,españa,habitación doble - 1 o 2 camas,1,pareja,muy bien,la ubicacion,camas separadas,8.0,2025-04-18,muy bien
sweet hotel renasa,españa,habitación doble - 1 o 2 camas,4,familia,muy bien,"las cenas incluidas en la media pension, estaba todo riquísimo, sobretodo las carnes. todo delicioso","he echado de menos una neverita i una bañera. por lo demás, genial",8.0,2025-04-17,muy bien
sweet hotel renasa,españa,habitación doble - 1 o 2 camas,1,pareja,cumplio las expectativas,"ubicación, atención personal y tranquilidad",no contar con zona de carga descarga para los vehículos particulares,9.0,2025-04-07,muy bien
sweet hotel renasa,españa,habitación doble - 1 o 2 camas,1,familia,genial porque estaba muy cerca del lugar donde íbamos.,"lo que más me ha gustado ha sido el cuarto de baño, la ducha era amplia y todo muy accesible; y la habitación era grande, desconozco si todas serán así. y el personal del hotel ha sido muy atento y amable. y por decir algo negativo, la cama, uno echa de menos la suya y sobre todo su cabecera, pero no estaba mal.",,9.0,2025-04-06,muy bien
sweet hotel renasa,españa,habitación doble - 1 o 2 camas,1,pareja,bien,desayuno muy bien,el baño estaba limpio pero las juntas de la bañera y azulejos ennegrecidos. dan muy mal aspecto. les falta un repaso de pintura blanca.,7.0,2025-03-21,muy bien
sweet hotel renasa,españa,habitación doble superior - 1 o 2 camas,1,pareja,muy bien,"la habitación muy grande, también el desayuno, en sí todo excelente señal de aprobación con la mano !",,8.0,2025-03-16,muy bien
sweet hotel renasa,españa,habitación individual,1,persona que viaja sola,suficiente,"buena ubicación, limpio","la habitación y el baño son un poco pequeña, cumple su función.",7.0,2025-03-16,muy bien
sweet hotel renasa,españa,habitación doble - 1 o 2 camas,1,persona que viaja sola,bien para un par de noches,"la localización bien, la cama y la almohada eran cómodas","las calidades no son lo mejor, se escuchaba todo de las habitaciones de al lado. el baño necesita mantenimiento.",7.0,2025-03-14,muy bien
sweet hotel renasa,españa,habitación doble - 1 o 2 camas,5,pareja,agradable,perfecto,,9.0,2025-03-05,muy bien
sweet hotel renasa,españa,habitación doble superior - 1 o 2 camas,4,pareja,"ciudad interesante , bonita y amable","teniendo en cuenta que fuimos en coche, la ubicación estupenda. está en la zona de universidades. a 1 km de la salida de la variante. se aparca bastante fácil en las inmediaciones en zona blanca. en media hora caminando se llega al barrio del carmen, que es la zona monumental y si no se quiere caminar, el transporte publico es estupendo y económico sacando un bono.",,9.0,2025-02-25,muy bien
sweet hotel renasa,españa,habitación doble - 1 o 2 camas,1,pareja,fantástico,lo tranquilo y cómodo que es.,el restaurante.,9.0,2025-02-19,muy bien
sweet hotel renasa,españa,habitación doble - 1 o 2 camas,1,persona que viaja sola,comodidad,me gustó mucho el confort en la habitación y el trato del personal.,,9.0,2025-02-08,muy bien
sweet hotel renasa,españa,habitación triple  2 adultos   1 niño ,1,familia,muy bien,la habitación estaba muy bien aislada de ruido.,,8.0,2025-01-28,muy bien
sweet hotel renasa,españa,habitación doble - 1 o 2 camas,2,pareja,muy bien,la habitación limpia y cama cómoda,la comida se hace repetitiva y en el bar meten prisa por cerrar cuando ni siquiera es la hora,8.0,2025-01-27,muy bien
sweet hotel renasa,españa,habitación doble superior - 1 o 2 camas,1,pareja,no lo dudes ves,"el personal joven ,muy dispuesto para hacer la estancia muy agradable",tener que entrar a las 15:00 pero fue resuelto por el personal del hotel,9.0,2025-01-17,muy bien
sweet hotel renasa,españa,habitación doble - 1 o 2 camas,4,pareja,días maravillosos de cielo azul corazón azul,"la ubicación fantástica. fácil de llegar en metro desde el aeropuerto. para los fan del fútbol, cerca del estadio mestalla. no hicimos ninguna de las comidas en el hotel renasa, pero si pedíamos café o una copa de vino en la barra, la atención cordial y rápida. si les gusta caminar, se puede llegar entre 35 a 40 minutos al centro, parte histórica de valencia, sin mucha dificultad, ya que es bastante plano y las aceras en buen estado.","para llegar a la habitación era un poco de laberinto. puede confundir las primeras veces, pero después lo pillas.",9.0,2025-01-15,muy bien
sweet hotel renasa,españa,habitación doble - 1 o 2 camas,2,pareja,muy bien,la situacion.habitacion amplia,nada,8.0,2025-01-06,muy bien
sweet hotel renasa,españa,habitación individual,1,persona que viaja sola,fantástico,la amplitud de la habitación,"en la ducha faltaba gel, y debajo de una de las camas había polvo",9.0,2025-01-02,muy bien
sweet hotel renasa,españa,habitación doble - 1 o 2 camas,2,pareja,bien,la ubicación,solicitamos 1 cama grande en la reserva y nos pusieron dos camas,7.0,2024-12-30,muy bien
sweet hotel renasa,españa,habitación doble - 1 o 2 camas,1,pareja,fantástico,ubicación,,9.0,2024-12-27,muy bien
sweet hotel renasa,españa,habitación doble superior - 1 o 2 camas,3,pareja,muy bien,el personal es muy amable .,"que no cuidan de los detalles de mantenimiento,taza del baño suelta y perdiendo agua y hay luz escasa dentro del mismo.",8.0,2024-12-26,muy bien
sweet hotel renasa,españa,habitación individual,5,persona que viaja sola,fantástico,habitación. atención,no podría decir nada,9.0,2024-12-24,muy bien
sweet hotel renasa,españa,habitación doble - 1 o 2 camas,1,pareja,muy buena opción para pasar un finde,"muy limpio. habitación grande, con el baño bien limpio y la cama muy cómoda. con parada de autobús cerca para ir al centro. posibilidad de parking cerca",no puedo poner pegas...todo perfecto,9.0,2024-12-17,muy bien
sweet hotel renasa,españa,habitación individual,2,persona que viaja sola,buena calidad-precio,la cama muy cómoda y el desayuno muy bueno,no me gustó la comida de la cena del restaurante. la sopa estaba fría y la carne muy salada,8.0,2024-12-16,muy bien
sweet hotel renasa,españa,habitación doble - 1 o 2 camas,1,grupo,fantástico,ubicación,luz natural escasa al ser habitación interior.,9.0,2024-12-16,muy bien
sweet hotel renasa,españa,habitación individual,1,persona que viaja sola,normal,"la comida era deliciosa, aunque el desayuno estaba un poco simple. el personal maravilloso","la habitación no era como la que había elegido, aún así para una noche estaba bastante bien. y me dieron una habitación que al abrir la ventana casi que podías salir caminando e ir a otros edificios, eso me generaba un poco de miedo porque estabas casi que en la calle.",9.0,2024-12-06,muy bien
sweet hotel renasa,españa,habitación doble - 1 o 2 camas,5,persona que viaja sola,muy bien,todo en general. muy amables y me permitieron un favor que les pedí.,"la media pensión está muy limitada en platos a elegir por lo que si te quedas muchos días te aburres, pero estaba buena.",8.0,2024-11-23,muy bien
sweet hotel renasa,españa,habitación individual,1,grupo,bien,,el soporte de la ducha de la habitación 204 estaba roto,7.0,2024-11-21,muy bien
sweet hotel renasa,españa,suite,1,pareja,fantástico,la cama.,,9.0,2024-11-12,muy bien
sweet hotel renasa,españa,habitación doble - 1 o 2 camas,1,familia,recomendable,"trato del personal excelente, la habitación espaciosa y limpia","los servicios del baño, papel higiénico en mini dosis y jabón en dispensador me resultó incómodo. por lo demás muy bien",9.0,2024-11-10,muy bien
sweet hotel renasa,españa,habitación doble - 1 o 2 camas,1,grupo,fantástico,"nos alojamos sólo una noche. habitación amplia, cama muy cómoda, muy limpio. buena ubicación. un acierto!. repetiría, sin dudarlo.",,9.0,2024-11-04,muy bien
sweet hotel renasa,españa,habitación doble - 1 o 2 camas,2,grupo,esta super bien,la habitación era super comoda,q no pudieras tomar cafe hasta las 7:30,8.0,2024-10-26,muy bien
sweet hotel renasa,españa,habitación individual,2,persona que viaja sola,buen hotel cerca de la universidad,calidad intermedia y buen servicio,,7.0,2024-10-26,muy bien
sweet hotel renasa,españa,habitación individual,2,persona que viaja sola,muy bien,"la ubicación, cerca de la universidad",se les olvidó poner el papel higiénico,8.0,2024-10-25,muy bien
sweet hotel renasa,españa,habitación individual,1,persona que viaja sola,fantástico,la atención del personal de recepción fue muy buena. fueron muy amables y atentos. estupendos. la ubicación de hotel es muy buena.,"no es algo que puedan solucionar pero la habitación al ser interior no tenía mucha luz natural. lo que sí podrían hacer es poner más luces o una luz más potente. pero en general, muy bien.",9.0,2024-10-24,muy bien
sweet hotel renasa,españa,habitación individual,2,persona que viaja sola,muy bien,la cama era cómoda. habitación equipada con todo lo necesario. personal muy amable.,,8.0,2024-10-20,muy bien
sweet hotel renasa,españa,habitación doble superior - 1 o 2 camas,2,persona que viaja sola,estancia agradable por trabajo.,"siempre el trato del personal, es muy agradable y la atención, y he de agradecer la atención conmigo con los años que llevo en el hotel, por la feria del mueble, aunque no son muchos en este hotel.",no hay comentario en este sentido...,9.0,2024-10-06,muy bien
sweet hotel renasa,españa,habitación doble superior - 1 o 2 camas,3,persona que viaja sola,todo ok,el desayuno espectacular,les falta actualizar las habitaciones. el wifi no funcionaba,7.0,2024-10-03,muy bien
sweet hotel renasa,españa,habitación doble superior - 1 o 2 camas,2,pareja,etebue,el servicio de limpieza,no había mucho para elegir en el desayuno,7.0,2024-09-11,muy bien
sweet hotel renasa,españa,habitación doble - 1 o 2 camas,1,pareja,fantástico,"limpieza, habitación muy amplia y confortable, ubicación.",,9.0,2024-09-09,muy bien
sweet hotel renasa,españa,habitación individual,2,persona que viaja sola,bien,buena ubicación,precio algo elevado para lo que es la habitación e instalaciones del hotel. el baño no me pareció muy limpio y encontré productos de la persona que se quedó antes,7.0,2024-08-20,muy bien
sweet hotel renasa,españa,habitación doble - 1 o 2 camas,1,familia,bien,"tranquilo, buen lugar y confort","cuando estramos a la habitacion estaba limpia pero no tenia un olor agradable. lo otro q no nos gusto fue que no pudimos cenar en el restaurante del hotel porq estaba todo reservado y no nos dieron opcion alguna, fue poco atento alli el camarero, pues eramos solo dos, y habian mesas disponibles, vamos creo q antes o despues de alguna reserva hubiera sitio; al entrar al hotel tampoco nos advirtieron de q debiamos reservar.",9.0,2024-08-20,muy bien
sweet hotel renasa,españa,habitación individual,1,persona que viaja sola,buena opción,"limpio, buena localización.","no había luz natural en la habitación, al dar a un patio en la primera planta.",8.0,2024-08-16,muy bien
sweet hotel renasa,españa,habitación doble - 1 o 2 camas,3,pareja,excelentes,el trato de los recepcionista muy agradable. la atención en el restaurante tmb.,nada.,9.0,2024-08-13,muy bien
sweet hotel renasa,españa,habitación doble - 1 o 2 camas,2,pareja,no hay nevera,"la habitación y el baño estaban muy limpios, la decoración era amena y teníamos un balcón. además la ubicación del hotel fue buena.","solicité una habitación con cama grande y pusieron dos individuales, no teníamos nevera por lo que se nos hizo complicado  en pleno agosto  mantener alguna bebida fría. además la iluminación era demasiado tenue.",8.0,2024-08-05,muy bien
sweet hotel renasa,españa,habitación doble - 1 o 2 camas,1,familia,bien,habitacion grande y amplia,la habitacion tenia mal olor como de cañerias y eso era bastante desagradable cadq vez que entrabas,7.0,2024-07-31,muy bien
sweet hotel renasa,españa,habitación doble - 1 o 2 camas,2,persona que viaja sola,fantástico,"en general, perfecto, nada que decir    limpio cómodo, personal fantástico.",,9.0,2024-07-29,muy bien
sweet hotel renasa,españa,habitación doble superior - 1 o 2 camas,1,pareja,muy bien,"la habitación muy limpia, y fui en verano y tenía mi propio ac en la habitación....eso genial.lo recomiendo, la att de recepción perfecta, necesite un ratón para mí portátil y me prestaron uno....lo sgradezco","el wáter no está a bien, se movía y la cisterna tampoco funcionaba bien, y las limpiadoras a las 8h dando golpes y voces.....el resto muy bien.",8.0,2024-07-27,muy bien
sweet hotel renasa,españa,habitación doble - 1 o 2 camas,3,grupo,muy bien,"el personal muy amable, la habitación limpia, las camas cómodas...","las chicas de la limpieza hacían muchísimo ruido desde primera hora de la mañana, golpes, hablar, risotadas....",8.0,2024-07-21,muy bien
sweet hotel renasa,españa,habitación triple  2 adultos   1 niño ,2,familia,muy bien,"todo atractivo a la vista, cómodo y agradable. además, tiene un mercadona al lado.",la situación no es muy céntrica pero se puede ir en autobús a cualquier sitio.,8.0,2024-07-21,muy bien
sweet hotel renasa,españa,habitación doble - 1 o 2 camas,1,familia,habitacion preciosa,"la habitacion muy amplia, con muchisima luz y muy limpia. las zonas comunes son preciosas. en una zona perfecta, el parking muy cerca y muchos servicios cerca. volveria sin pensar.",todo bien,8.0,2024-07-21,muy bien
sweet hotel renasa,españa,habitación doble superior - 1 o 2 camas,1,pareja,excelente hotel,"es un hotel cómodo y moderno. las habitaciones espaciosas y el baño excelente. las camas son muy cómodas. llegamos antes de la hora del check-in y nos dieron la habitación, lo cual agradecimos mucho, ya que pudimos colocar y dejar nuestras cosas. hay una parada de metro a 7-8 min.",la verdad que todo perfecto.,9.0,2024-07-15,muy bien
sweet hotel renasa,españa,suite,1,pareja,genial,"lo limpio que estaba. y la amplitud, la atención también fue genial",que no habia nada en el minibar.,9.0,2024-07-13,muy bien
sweet hotel renasa,españa,habitación doble - 1 o 2 camas,1,pareja,fantástico,,la tardanza para atendernos en la cafetería,9.0,2024-06-10,muy bien
sweet hotel renasa,españa,habitación doble - 1 o 2 camas,3,pareja,fantástico,el desayuno muy completo. la amabilidad de los empleados.,,9.0,2024-05-18,muy bien
sweet hotel renasa,españa,habitación triple  2 adultos   1 niño ,1,persona que viaja sola,muy bien,"la amplitud y limpieza de la habitación, la amabilidad del personal de recepción y el variado desayuno.",las camas individuales son algo pequeñas.,8.0,2024-04-18,muy bien
sweet hotel renasa,españa,habitación doble - 1 o 2 camas,2,familia,hotel correcto para visitar una gran ciudad como es valencia,"situación cerca de mestalla, fácil aparcamiento y buena relación calidad precio.",,8.0,2024-04-06,muy bien
sweet hotel renasa,españa,habitación doble - 1 o 2 camas,3,pareja,agradable y acogedora estancia.,"la limpieza, una cama excelente y trato del personal.","la ventana daba a un patio interior, por poner algo.",9.0,2024-04-01,muy bien
sweet hotel renasa,españa,habitación doble - 1 o 2 camas,2,pareja,fantástico,habitación limpia y bastante grande. personal amable.,pasábamos un poco de frio en la habitación. por lo demás todo bien.,9.0,2024-03-31,muy bien
sweet hotel renasa,españa,habitación individual,2,persona que viaja sola,muy bien,"estaba limpio, el personal excelente",los ruidos.la persona de la habitación de arriba solo hacia que hacer ruido moviendo cosas y el servicio de limpieza a las 9 de la mañana moviendo las camas.descansar 0,8.0,2024-03-21,muy bien
sweet hotel renasa,españa,habitación doble - 1 o 2 camas,1,pareja,muy bien,,hacía un poquito frío en la habitación.,8.0,2024-03-13,muy bien
sweet hotel renasa,españa,habitación individual,1,persona que viaja sola,bien,la amabilidad del personal y la ubicación del hotel. en general está bien el hotel.,que me saliese el agua fría para ducharme y que la habitación tardó un poco en calentarse.,7.0,2024-03-03,muy bien
sweet hotel renasa,españa,habitación doble superior - 1 o 2 camas,1,persona que viaja sola,hotel muy cerca de la politécnica si vas valencia por ese motivo,la habitación amplia y luminosa,muy poca luz en el baño,9.0,2024-03-01,muy bien
sweet hotel renasa,españa,habitación doble - 1 o 2 camas,2,familia,bien,buena comunicación con la zona de las universidades. habitacion amplia y comoda.,un poco alejado de la estacion de metro mas cercana.,7.0,2024-02-25,muy bien
sweet hotel renasa,españa,habitación doble - 1 o 2 camas,1,pareja,fantástico,comodidad y limpieza el personal muy amable,no tenía productos de aseo personal...para una estancia por obligación por médicos e inesperada deberían tener algo por si alguien lo necesita,9.0,2024-02-25,muy bien
sweet hotel renasa,españa,habitación doble - 1 o 2 camas,1,pareja,un buen sitio para alojarse a las afueras de valencia.,la habitación es amplia y cómoda. tiene todo lo necesario y está cerca del estadio mestalla.,el estado y la limpieza de algunas partes de la habitación.,8.0,2024-02-19,muy bien
sweet hotel renasa,españa,habitación doble - 1 o 2 camas,2,pareja,bien,ubicación,desayuno,7.0,2024-02-17,muy bien
sweet hotel renasa,españa,habitación doble - 1 o 2 camas,4,pareja,muy bien,el personal fue muy amable y competente.,,8.0,2024-02-15,muy bien
sweet hotel renasa,españa,habitación doble - 1 o 2 camas,1,pareja,para repetir,desayuno buffet muy completo,,8.0,2024-01-22,muy bien
sweet hotel renasa,españa,habitación doble - 1 o 2 camas,1,pareja,hotel con     casi parece un     ,"hotel 3     está muy bien para la categoría que tiene , la ubicación, el personal muy atento .","la falta del minibar , pero al ser invierno no se echa tanto de menos .",9.0,2024-01-20,muy bien
sweet hotel renasa,españa,habitación doble - 1 o 2 camas,2,pareja,muy bien,ubicación,,8.0,2024-01-05,muy bien
sweet hotel renasa,españa,habitación doble superior - 1 o 2 camas,1,grupo,muy bien,personal muy amable. habitación amplia y desayuno correcto .,"baño aunque muy amplio, un poco obsoleto",8.0,2024-01-04,muy bien
sweet hotel renasa,españa,habitación doble - 1 o 2 camas,3,familia,fiestas navidad,que era muy grande,"el menú era muy repetitivo, todos los días lo mismo, quitando de 1 2 platos poca variedad. en la habitación, la ducha no tenía cristal en una pared, por lo que se salía toda el agua fuera de la ducha.",7.0,2024-01-02,muy bien
sweet hotel renasa,españa,habitación doble - 1 o 2 camas,1,pareja,bien,habitación amplia y limpia.,"ruidoso, la cama hacía ruido al moverse y se oía todo lo que ocurría fuera de la habitación, pasillos y habitaciones colindantes, no así el ruido de la calle.",7.0,2023-12-31,muy bien
sweet hotel renasa,españa,habitación doble superior - 1 o 2 camas,4,familia,regular no,la habitacion,el menú de la media pensión que cada día era el mismo.,8.0,2023-12-31,muy bien
sweet hotel renasa,españa,habitación doble superior - 1 o 2 camas,1,pareja,bien,"las habitaciones super amplias, limpio. desayuno incluido.","almohadas muy bajas y habitaciones poco insonorizadas, se oía todo el ruido del pasillo",7.0,2023-12-28,muy bien
sweet hotel renasa,españa,habitación doble - 1 o 2 camas,2,pareja,muy bien,tanto el bufet como la cena estaba todo muy bueno,la cena hubiera preferido que hubiera sido bufet en vez de carta,8.0,2023-12-28,muy bien
sweet hotel renasa,españa,habitación triple  2 adultos   1 niño ,3,familia,adecuado.,,el ruido de la calle.,7.0,2023-12-27,muy bien
sweet hotel renasa,españa,habitación individual,1,persona que viaja sola,estupenda estancia,"la ubicación, excelente junto al estadio de mestalla; la habitación, individual, pequeña pero perfectamente equipada y sin que faltase nada. muy buen desayuno. la atención del personal magnífica, en atención y colaboración.",el horario del restaurante... esperaba que estuviera abierto más tarde de lo que cerró y que se pudiera servir desayuno antes de las ocho de la mañana...,9.0,2023-12-17,muy bien
sweet hotel renasa,españa,habitación doble - 1 o 2 camas,4,pareja,"instalaciones, habitación y personal de recepción excelentes. cafetería buffet mejorable","la cama era muy cómoda, la calefacción funcionaba correctamente y la habitación era grande y estaba bien insonorizada. el baño también estaba bien, aunque tendrían que revisar los desagües de las duchas porque a veces se quedaba atascado. los recepcionistas eran muy amables, especialmente la chica que había.","el buffet desayuno no era nada del otro mundo, especialmente en lo relativo a la fruta. otros desayunos buffet preparan vasos de yogur con fruta cortada, aquí te lo preparas tú si tienes la suerte de encontrar un cuchillo que corte algo... lo demás no estaba mal, jamón, queso, pavo, etc, buena variedad de pan y algo de bollería. solo fuimos al buffet un día, el resto fuimos a la cafetería, que estaba bien de precio pero el personal no era especialmente amable. la ubicación no es tan buena como algunos usuarios lo presentaban. para ir a la playa a lo mejor sí, porque tiene cerca el tranvía y algunos autobuses  aunque en los días festivos pasan con poca frecuencia , pero para ir al centro la única opción posible es el autobús, que por el día bien, pero por la noche tienes que esperar mucho tiempo.",8.0,2023-12-15,muy bien
sweet hotel renasa,españa,habitación doble - 1 o 2 camas,2,grupo,fantástico,espacio de sobra,nada en especial,9.0,2023-12-11,muy bien
sweet hotel renasa,españa,habitación doble - 1 o 2 camas,2,pareja,bien,el colchón es muy cómodo,la localización del hotel. está un poco apartado de todo. nos costó encontrar un restaurante para cenar,7.0,2023-12-11,muy bien
sweet hotel renasa,españa,habitación triple  2 adultos   1 niño ,4,familia,bien,atendimiento,desayuno sin gluten escaso de productos,7.0,2023-12-11,muy bien
sweet hotel renasa,españa,habitación doble - 1 o 2 camas,1,familia,normal,habitación,el desayuno básico y servicio restaurante limitado,7.0,2023-12-07,muy bien
sweet hotel renasa,españa,habitación doble - 1 o 2 camas,3,pareja,bien,el desayuno y la cena,demasiada luz blanca... mejor luz más calida,7.0,2023-12-06,muy bien
sweet hotel renasa,españa,habitación doble - 1 o 2 camas,1,pareja,muy bien,"el desayuno en cafetería perfecto y la ubicación buena, estaba muy bien comunicada con los transportes públicos . la habitación muy agradable, amplia y cómoda.",la hora de cierre del gimnasio me pareció un poco pronto y la de apertura demasiado tarde,8.0,2023-11-21,muy bien
sweet hotel renasa,españa,habitación doble - 1 o 2 camas,4,persona que viaja sola,agradable,la ubicación,las vistas a un patio sucio y feo,7.0,2023-11-06,muy bien
sweet hotel renasa,españa,habitación doble - 1 o 2 camas,1,grupo,"recomendable, volvería a repetir en el mismo hotel","habitación grande, cama cómoda, todo muy limpio.",,8.0,2023-11-06,muy bien
sweet hotel renasa,españa,habitación individual,4,persona que viaja sola,bien,la atención del personal.,,7.0,2023-11-05,muy bien
sweet hotel renasa,españa,habitación individual,1,grupo,buena,todo muy limpio y bien atendida,para llegar a la habitación era un poco lío porque no estaban consecutivas y la habitación daba a un patio y la sensación era de estar encerrada.,8.0,2023-10-30,muy bien
sweet hotel renasa,españa,habitación doble - 1 o 2 camas,1,pareja,cumplió expectativas y perfecto para la media maratón,"el hotel cumplió expectativas en cuanto a que es un 3  y aspectos como la limpieza, comodidad de las camas, la habitación espaciosa, wifi perfecto, ubicación de 10 de cara a la media maratón o un partido en mestalla... me gustaría destacar el desayuno, muy completo y rico, y se agradece que se adaptara el horario a la carrera y diría que hasta los productos. en cuanto aparcamiento al ser fin de semana en las inmediaciones zona azul verde se puede encontrar sitio y algo más retirado también sin pagar.","relación calidad precio. supongo que un finde normal sin eventos será mejor. por otro lado, la insonorización de las habitaciones pasillos, las paredes son de papel. entonces si tenéis el sueño regular como es mi caso, y aunque agradecí que me pusieran en una zona tranquila, pues tapones y a vivir.",9.0,2023-10-23,muy bien
sweet hotel renasa,españa,habitación doble - 1 o 2 camas,1,pareja,muy bien,normal-bién,todo mas menos normal,8.0,2023-10-09,muy bien
sweet hotel renasa,españa,habitación doble - 1 o 2 camas,2,pareja,muy bien,limpio y reformado. bien aisladas las ventanas. el trato amable.,un lugar para poder dejar el coche durante el cheking y falta de acceso con las maletas ya que son todo escaleras.,8.0,2023-10-08,muy bien
sweet hotel renasa,españa,habitación doble - 1 o 2 camas,2,pareja,fantástico,tranquilidad y pocos ruidos,un poco más cercano al centro no estaría mal,9.0,2023-10-04,muy bien
sweet hotel renasa,españa,habitación doble - 1 o 2 camas,1,pareja,bien,"buena ubicación, zona universitaria el hotel no tiene parking pero ofrece una alternativa con un parking de cercania y precios preferenciales",muy ruidoso porque en un cruce importante donde llegan el trafico de la autopista al centro habitación reformada pero baño un poco antiguo,7.0,2023-09-14,muy bien
sweet hotel renasa,españa,habitación doble - 1 o 2 camas,5,pareja,bien,las camas eran muy cómodas y el personal muy amable además el desayuno bufet por 8 euros muy bueno.,"tuve que pedir una neverita y pagarla aparte... eché en falta ciertas cosas que suelen ir incluidas en la mayoría de hoteles de 3 estrellas como gel, champú... lo peor es que no había nada de luz natural, la habitación daba a un patio interior cara desanimada",7.0,2023-09-13,muy bien
sweet hotel renasa,españa,habitación individual,4,persona que viaja sola,muy bien,"el personal, muy amable. las instalaciones, modernas y en muy buen estado. aire acondicionado silencioso y eficiente en días y noches de mucho calor. caja fuerte.","la ubicación regular si quieres llegar andando a los lugares turísticos. un poco en tierra de nadie, entre en centro y las playas, lo que obliga a usar el transporte público.",8.0,2023-09-01,muy bien
sweet hotel renasa,españa,habitación doble - 1 o 2 camas,4,grupo,"agradable, pero demasiado calor",desayuno y cena muy buenos,"delante de la entrada había obras y durante el horario laboral, había polvo",7.0,2023-09-01,muy bien
sweet hotel renasa,españa,habitación individual,1,persona que viaja sola,bien,atención,no tiene rampa para la maleta la tarjeta de la puerta me dejó de funcionar al momento obras frente al hotel,7.0,2023-08-29,muy bien
sweet hotel renasa,españa,habitación individual,1,pareja,bien,,el desagüe de la ducha no funcionaba correctamente,7.0,2023-08-27,muy bien
sweet hotel renasa,españa,habitación doble - 1 o 2 camas,2,pareja,muy bien,el desayuno la atención la ubicación,"se podría mejorar la limpieza del baño y que haya más acceso al agua potable, ya que por la noche solo hay una máquina expendedora y solo se puede pagar en efectivo.",8.0,2023-08-22,muy bien
sweet hotel renasa,españa,habitación individual,1,persona que viaja sola,bien,ubicación y limpieza,no tenía ventanas al exterior,7.0,2023-08-12,muy bien
sweet hotel renasa,españa,habitación doble - 1 o 2 camas,1,familia,establecimiento recomendable,buen establecimiento y personal muy amable,,8.0,2023-08-11,muy bien
sweet hotel renasa,españa,habitación doble - 1 o 2 camas,2,persona que viaja sola,mar ola de mar,"la ubicación ya que mestalla está al lado, la playa tiene buena conexión cogiendo el 98",,8.0,2023-08-05,muy bien
sweet hotel renasa,españa,habitación doble - 1 o 2 camas,2,pareja,muy bien,habitación amplia y con todas las comodidades. desayuno correcto.,difícil parking,8.0,2023-07-21,muy bien
sweet hotel renasa,españa,habitación doble - 1 o 2 camas,1,grupo,bien,la amplitud de la habitación. la limpieza.,no tiene rampa de subida para entrar. hay que acceder por 7 u 8 escaleras y yo iba con una maleta grande. un incordio y molestia.,7.0,2023-07-20,muy bien
sweet hotel renasa,españa,habitación doble - 1 o 2 camas,2,pareja,fantástico,muy lindo,la ubicación,9.0,2023-07-17,muy bien
sweet hotel renasa,españa,habitación doble - 1 o 2 camas,3,pareja,fantástico,"lo que más nos gustó fue la ubicación del hotel, cerca del centro y de la playa. por otro lado también la tranquilidad que había.",,9.0,2023-07-12,muy bien
sweet hotel renasa,españa,habitación doble - 1 o 2 camas,5,grupo,agradable experiencia y alojamiento,la atención del personal y las habitaciones sinceramente,no tengo nada que destacar,8.0,2023-07-10,muy bien
sweet hotel renasa,españa,habitación doble - 1 o 2 camas,1,pareja,fin de semana en pareja,"muy buena atención del personal. la cama, para mí, resultó muy comoda.",la ubicación me resultó un poco lejana de mis puntos de interés.,9.0,2023-06-25,muy bien
sweet hotel renasa,españa,habitación doble - 1 o 2 camas,1,pareja,muy bien,la cama muy comoda y la habitación muy amplia,que se embozo la ducha y se mojo todo el baño,7.0,2023-06-20,muy bien
sweet hotel renasa,españa,habitación doble - 1 o 2 camas,5,pareja,ha estado bien.,la cafetería ha estado muy bien para nuestros desayunos y cenas,"como mejora, podría contar con una rampa de acceso",9.0,2023-06-17,muy bien
sweet hotel renasa,españa,habitación doble - 1 o 2 camas,3,pareja,bien excepto la comida y cena,"la cama muy cómoda, el personal muy amable.","había una rampa a la entrada y era incómodo para subir las maletas. el desayuno buffet bien pero la comida y cena eran siempre prácticamente iguales todos los días, deberían cambiar más.",8.0,2023-06-17,muy bien
sweet hotel renasa,españa,habitación doble superior - 1 o 2 camas,1,grupo,muy bien,recepción eficiente y amable. camas confortables y desayuno bueno. tienen un gimnasio espacioso y con lo básico para poder entrenar bien.,el plato de ducha me pareció excesivamente resbaladizo,8.0,2023-06-07,muy bien
sweet hotel renasa,españa,habitación doble - 1 o 2 camas,2,pareja,agradable,amabilidad del persinal,el bar algo escaso y los minibares podrían estar llenos y encendidos,9.0,2023-06-04,muy bien
sweet hotel renasa,españa,habitación doble - 1 o 2 camas,2,pareja,muy bien,la limpieza y la atención del personal,las habitaciones no están insonorizadas y se escuchan los vecinos de habitación,8.0,2023-05-28,muy bien
sweet hotel renasa,españa,habitación doble - 1 o 2 camas,1,pareja,muy bien,cama muy cómoda,quizás decoración muy fría poco acogedor,8.0,2023-05-24,muy bien
sweet hotel renasa,españa,habitación doble - 1 o 2 camas,2,persona que viaja sola,correcto,"alojamiento correcto, sin mucho personal en el hotel .","la presión del agua caliente era muy floja, avise a recepción 2 veces y todo seguía igual . habitación 122.",7.0,2023-05-23,muy bien
sweet hotel renasa,españa,habitación doble - 1 o 2 camas,2,pareja,,limpieza,,7.0,2023-05-15,muy bien
sweet hotel renasa,españa,habitación doble - 1 o 2 camas,1,persona que viaja sola,muy bien para ser un 3 estrellas,lo espacioso de la habitacion y camas sobre todo de las habitaciones exteriores y la luminosidad,"una habitacion q es interior y da a un solar.era pequeña,calurosa y no estaba bien el aire ni el mando.si esta mal q no la ofrezcan",9.0,2026-04-10,muy bien
sweet hotel renasa,españa,habitación doble superior - 1 o 2 camas,3,pareja,repetiré cuando vaya a valencia.,la habitación amplia. la cama muy confortable.,"el desayuno buffet es bastante justito en variedad, pero no es una mala opción.",8.0,2026-03-21,muy bien
sweet hotel renasa,españa,habitación doble - 1 o 2 camas,2,familia,bien,"desayuno, ubicación",dispensador de jabón en ducha no funcionaba y lo dije 2 veces en recepción y no se solucionó durante mi estancia,7.0,2026-03-15,muy bien
sweet hotel renasa,españa,habitación individual,1,persona que viaja sola,bien,ubicación,tamaño habitación,7.0,2026-02-16,muy bien
sweet hotel renasa,españa,habitación individual,1,persona que viaja sola,bien,zona residencial tranquila y a 30 minutos caminando del centro,dicen que disponen de parking pero se trata de una publico y de pago que hay en la calle de atrás. la habitación no cuenta con nevera y no había jabón de manos,7.0,2026-02-02,muy bien
sweet hotel renasa,españa,habitación doble superior - 1 o 2 camas,3,persona que viaja sola,bien,habitación muy amplia. limpieza.,en ocasiones se escuchaban algunos ruidos como alguna maquinaria. se gastó el jabón de manos del baño sin apenas usarlo y las servilleta de papel.,7.0,2025-12-08,muy bien
sweet hotel renasa,españa,habitación doble - 1 o 2 camas,1,pareja,bien para pasar una noche,la ubicación es perfecta para donde ibamos ese finde. está bien comunicado y tenia parking concertado próximo a buen precio. la habitación era amplia y muy limpia,"el ruido del resto de habitaciones y en el pasillo. le falta insonorización interior. ya llevamos tapones para los oidos porque habiamos leido comentarios anteriores describiendo el problema también nos pareció un precio excesivo para una noche sin desayuno 209 .per nos venia bien la ubicación! quizá fue la fecha elegida, no sabemos",8.0,2025-11-20,muy bien
sweet hotel renasa,españa,habitación individual,1,persona que viaja sola,muy bien,limpio y buena ubicación,la habitación muy pequeña y no tiene nevera,8.0,2025-11-20,muy bien
sweet hotel renasa,españa,habitación doble superior - 1 o 2 camas,1,pareja,muy bien,habitación amplia y trato del personal.,"poca iluminación en el baño, poca ropa en la cama para ser octubre, había manta en el armario pero era excesivo para este tiempo. pero en general bien.",8.0,2025-10-19,muy bien
sweet hotel renasa,españa,habitación doble - 1 o 2 camas,1,pareja,muy bien,"la habitación estaba limpia, la cama era cómoda","no había champú ni tampoco gel, tienen un dispensador dentro de la ducha que parece ser que sirve para ambas cosas. falta botecitos de gel y champú",8.0,2025-10-06,muy bien
sweet hotel renasa,españa,habitación doble - 1 o 2 camas,2,persona que viaja sola,esatancia acogedera,"la ubicación del hotel estaba bien situada. la habitación estaba muy limpia, me gusto",no funcionan algunos canales de la televisión. en el cuarto de baño no había peine ni pasta para los dientes,8.0,2025-10-05,muy bien
sweet hotel renasa,españa,habitación individual,1,persona que viaja sola,fantástico,,que al final pagando prácticamente 100  para una noche la habitación no tenga nada de luz lo que hace ser un poco claustrofóbico porque tiene una ventana que da a un patio trasero. por lo demás todo bien,9.0,2025-09-19,muy bien
sweet hotel renasa,españa,habitación doble - 1 o 2 camas,1,pareja,estancia agradable en valencia,"el personal muy amable en todo momento; me ofrecieron una habitación superior a la reservada, y era enorme. por cierto, disponía de nevera; hay muchas reseñas que indicaban que no tenía, aunque quizás dependa del tipo de habitación. aunque el edificio parece antiguo, parece que está renovado.","un punto negativo, que espero que sea circunstancial, es que encontré una cucaracha en el baño...",8.0,2025-09-10,muy bien
sweet hotel renasa,españa,habitación individual,1,persona que viaja sola,muy bien,te piden servicio de taxi y acude muy rápido.,,8.0,2025-06-29,muy bien
sweet hotel renasa,españa,habitación individual,3,persona que viaja sola,muy bien,"localizacion buena, pero no esta cerca de la playa ni del centro de la ciudad. pero cerca de las paradas de auto buses.","no habia mini nevera en la habitación, con el calor que hace en valencia, ni al menos tener agua fresca en la habitacion para se refrescar.",8.0,2025-06-25,muy bien
sweet hotel renasa,españa,habitación individual,1,persona que viaja sola,bien,"la habitación estaba bien, pequeña y el desayuno genial","me pareció cara para el tamaño, no tenía nevera",8.0,2025-06-11,muy bien
sweet hotel renasa,españa,habitación doble superior - 1 o 2 camas,1,pareja,fantástico,la habitación es muy grande y las camas muy cómodas,un poco excesivo el precio por solo dormir,9.0,2025-06-02,muy bien
sweet hotel renasa,españa,habitación doble - 1 o 2 camas,1,familia,una noche tranquila,ubicación y limpieza,las escaleras y pasillos que había que pasar para llegar a la habitación. precio un poco elevado.,8.0,2025-05-26,muy bien
sweet hotel renasa,españa,habitación individual,1,persona que viaja sola,bien,la ubicación. había estado antes,la habitación individual es muy pequeña e incómoda,7.0,2025-05-19,muy bien
sweet hotel renasa,españa,habitación doble - 1 o 2 camas,1,persona que viaja sola,buen nivel calidad   precio y un 3 estrellas casi de 4,habitacion espaciosa y comfortable y limpua.zona,nada en concreto sobre el hotel. unicamente que esta en una zona con dificil aparcamiento.,8.0,2025-05-14,muy bien
sweet hotel renasa,españa,habitación doble - 1 o 2 camas,2,pareja,muy bien,habitación amplia y limpia.,precio algo elevado para no incluir el desayuno con el alojamiento,8.0,2025-05-08,muy bien
sweet hotel renasa,españa,habitación doble - 1 o 2 camas,3,familia,bien,desayuno algo escaso . las cenas con opciones que se repetían cada noche. pocas opciones.,desayunos,7.0,2025-04-27,muy bien
sweet hotel renasa,españa,suite,6,pareja,muy bien,"la habitación muy bien, lo único que no me gustó mucho es el tema de las comidas y cenas porque el menú del día para la cena y comida cada día era lo mismo.",,8.0,2025-03-27,muy bien
sweet hotel renasa,españa,habitación doble - 1 o 2 camas,2,pareja,estupendo,todo bien,el precio exagerado,8.0,2025-03-24,muy bien
sweet hotel renasa,españa,habitación doble - 1 o 2 camas,4,grupo,recomendado para tu estancia en valencia,todo genial y las habitaciones súper bien,el precio un poco alto para como es el hotel  la verdad ,9.0,2025-03-23,muy bien
sweet hotel renasa,españa,habitación doble superior - 1 o 2 camas,1,familia,bien,la cama muy grande y cómoda,que habría que renovar algunos desperfectos que habían,7.0,2025-03-19,muy bien
sweet hotel renasa,españa,habitación doble - 1 o 2 camas,3,grupo,muy bien,fuimos a la falla la bicicleta y estaba justo al lado con lo que nos vino genial.,,8.0,2025-03-18,muy bien
sweet hotel renasa,españa,habitación doble - 1 o 2 camas,2,persona que viaja sola,bien,ubicacion,pequeño,7.0,2025-03-17,muy bien
sweet hotel renasa,españa,habitación doble - 1 o 2 camas,1,pareja,fantástico,"ubicación muy buena, atención muy buena, cafetería muy bien",creo que el precio es un poco elevado,9.0,2025-03-12,muy bien
sweet hotel renasa,españa,habitación doble - 1 o 2 camas,1,pareja,bien,estaba muy limpio,muchos pasillos hasta llegar a la habitación   un laverinto  y ventana que daba un patio interior todo lleno de ropas colgadas...no me gusto nada,7.0,2025-01-06,muy bien
sweet hotel renasa,españa,habitación doble - 1 o 2 camas,2,pareja,bien,"habitación muy amplia, con un gran ventanal y balcón.",el baño estaba un poco descuidado. se escuchaba el ruido de las habitaciones colindantes.,7.0,2024-12-31,muy bien
sweet hotel renasa,españa,habitación individual,2,persona que viaja sola,muy bien,el restaurante. muy buena la relación calidad-precio. personal competente y amable.,,8.0,2024-12-09,muy bien
sweet hotel renasa,españa,habitación individual,1,persona que viaja sola,fantástico,mucho silencio y la tranquilidad que se experimentó durante la noche.,el precio lo vi elevado.,9.0,2024-12-04,muy bien
sweet hotel renasa,españa,habitación doble - 1 o 2 camas,1,pareja,bien,las vistas y habitación amplia,el baño,7.0,2024-12-03,muy bien
sweet hotel renasa,españa,habitación doble - 1 o 2 camas,1,grupo,bien,la habitación,los ruidos de la gente y las de la limpieza,7.0,2024-12-01,muy bien
sweet hotel renasa,españa,habitación individual,3,persona que viaja sola,bien,fácil acceso a transporte público,"para ser de 3 estrellas, le falta modernización a las instalaciones, además mi habitación no tenía minibar y el desayuno me dejó esperando más variedad",7.0,2024-11-10,muy bien
sweet hotel renasa,españa,habitación doble - 1 o 2 camas,1,pareja,muy bien,habitación espaciosa y luminosa,,8.0,2024-10-07,muy bien
sweet hotel renasa,españa,habitación doble - 1 o 2 camas,1,pareja,excelente ubicación para examen de oposición,"nos dieron la habitación 110, muy grande y cómoda. teníamos nevera y caja fuerte. aparcamiento por la zona relativamente cerca. la ubicación es excelente para ir andando a la universidad politécnica donde se realizan varios exámenes de oposiciones del estado. varios locales cerca donde comer y cenar. mercadona detrás del hotel.","el desayuno buffet abre demasiado tarde los fines de semana, a las 8. no da tiempo a desayunar tranquilo antes del examen y por los alrededores está todo cerrado a esas horas.",9.0,2024-09-08,muy bien
sweet hotel renasa,españa,habitación individual,2,persona que viaja sola,muy bien,fácil aparcamiento y limpieza,cama muy pequeña,8.0,2024-08-25,muy bien
sweet hotel renasa,españa,habitación doble superior - 1 o 2 camas,1,familia,correcta,muy céntrico,falta de gel champu en la ducha y falta de una papelera en la habitación,8.0,2024-08-11,muy bien
sweet hotel renasa,españa,habitación doble - 1 o 2 camas,1,pareja,muy bien,la habitación y la insonorización al exterior.,"se escucha a los otros huéspedes cuando caminan, ponen el aire acondicionado, etc..",8.0,2024-07-31,muy bien
sweet hotel renasa,españa,habitación triple  2 adultos   1 niño ,1,familia,bien para un fin de semana,la habitación era cómoda,el desayuno buffet podría mejorar,8.0,2024-07-15,muy bien
sweet hotel renasa,españa,habitación doble - 1 o 2 camas,1,pareja,bien,buen precio,la habitación tenia un olor raro y el hotel no tiene parking,7.0,2024-07-08,muy bien
sweet hotel renasa,españa,habitación doble - 1 o 2 camas,1,pareja,para estancias de una noche está bien.,"la habitación era muy amplia, al igual que el baño. muy acogedora y el aire acondicionado funcionaba perfectamente. el desayuno estaba muy bien.",compramos jabón y champú porque no había y se les olvidó recoger unas toallas utilizadas por las personas anteriores...,7.0,2024-07-03,muy bien
sweet hotel renasa,españa,habitación doble - 1 o 2 camas,3,persona que viaja sola,"moderno, pero no vale el precio que tiene",se veía moderno,"a la vez no cuidaban los detalles, la habitación tenía tierra en el suelo, no podía abrir la ventana porque daba a un patio interior al mismo suelo y por seguridad no podía dejar la ventana abierta para que la habitación respirase",7.0,2024-06-29,muy bien
sweet hotel renasa,españa,habitación triple  2 adultos   1 niño ,4,pareja,agradable,la ubicación,,9.0,2024-06-15,muy bien
sweet hotel renasa,españa,habitación triple  2 adultos   1 niño ,1,familia,muy bien,,el lavabo es muy pequeño,8.0,2024-06-01,muy bien
sweet hotel renasa,españa,habitación doble - 1 o 2 camas,3,pareja,cómodo pero ruidoso,"la comodidad de las camas,el personal que nos atendió fue amable.","el ruido que se escuchaba de los pasillos,faltaba escobilla de vater,a la hora de hacer la reserva pusimos como preferencia una cama grande de matrimonio,nos dieron dos camas individuales juntas.",8.0,2024-03-29,muy bien
sweet hotel renasa,españa,habitación doble superior - 1 o 2 camas,3,pareja,se puede mejorar,limpieza y habitación amplia.,"la pésima y escasa iluminación del baño, no permitía por ejemplo el afeitado o el maquillaje en el caso de mi esposa. tuvimos que apoyarnos para acabar de asearnos en el espejo del armario de la habitación. incomprensible.",8.0,2024-03-21,muy bien
sweet hotel renasa,españa,habitación doble - 1 o 2 camas,3,pareja,muy bien,amabilidad de todo el personal,escaleras para acceder a nuestra habitación en planta baja,8.0,2024-03-20,muy bien
sweet hotel renasa,españa,habitación doble - 1 o 2 camas,1,persona que viaja sola,bien,la ubicacion,que para una habitación se aplique el mismo importe siendo 2 o 1 persona,7.0,2024-02-15,muy bien
sweet hotel renasa,españa,habitación doble - 1 o 2 camas,1,pareja,bien,,el baño muy pequeño y antiguo comparado con la habitación.,7.0,2024-02-10,muy bien
sweet hotel renasa,españa,habitación doble - 1 o 2 camas,1,persona que viaja sola,fantástico,comodidad y emplazamiento,,9.0,2024-02-05,muy bien
sweet hotel renasa,españa,habitación individual,1,persona que viaja sola,bien,el trato del personal de recepción,"la habitación tenia poca luz, con vistas al patio interior",7.0,2024-01-17,muy bien
sweet hotel renasa,españa,habitación individual,1,persona que viaja sola,ideal para noche por viaje de trabajo,recepción 24hrs,que no hubiera los típicos productos de higiene individual en el baño,7.0,2024-01-10,muy bien
sweet hotel renasa,españa,habitación doble - 1 o 2 camas,2,familia,bien,el camarero de la cafetería un encanto. súper servicial. desayuno muy rico y económico.,ese día la ciudad olía a alcantarilla y se colaba el olor en la habitación,7.0,2023-11-09,muy bien
sweet hotel renasa,españa,habitación doble - 1 o 2 camas,2,persona que viaja sola,fantástico,la ubicación.,la habitación daba a un patio donde se ubican  y escuchaban  los aires acondicionados.,9.0,2023-11-01,muy bien
sweet hotel renasa,españa,habitación doble - 1 o 2 camas,3,pareja,bien,el tamaño de la habitación,el desayuno,7.0,2023-10-19,muy bien
sweet hotel renasa,españa,habitación triple  2 adultos   1 niño ,4,familia,podría repetir,estaba todo muy limpio y tal como ponía todo en booking,lo único así que esperaba un poco más la cena del hotel,8.0,2023-08-06,muy bien
sweet hotel renasa,españa,habitación doble superior - 1 o 2 camas,2,pareja,muy bien,la zona y el tamaño de la habitación muy amplia,no me ha gustado el parking,8.0,2023-08-04,muy bien
sweet hotel renasa,españa,habitación doble - 1 o 2 camas,3,pareja,fantástico,"la limpieza y el servicio de restaurante que tiene el hotel. comida variada, rica y muy bien precio.",,9.0,2023-07-17,muy bien
sweet hotel renasa,españa,habitación triple  2 adultos   1 niño ,2,familia,buen hotel aunque en temporada alta y fin de semana precio elevado,el personal muy amable y el desayuno bueno.,"pues en general bien, lo único el agua de la ducha no tenía presión y el agua caliente no funcionaba, y hasta el lunes no podian solucionarlo y estaba el hotel completo,menos mal que en julio nos duchamos con agua fría por el calor. nos compensaron con desayuno.",8.0,2023-07-16,muy bien
sweet hotel renasa,españa,habitación individual,3,persona que viaja sola,bien,"la zona donde se encuentra y el personal, que era muy agradable.","las habitaciones no están bien aisladas y se oye todo. yo hice uso de una habitación individual, que era muy pequeña y que el cabecero de la cama estaba al lado de la puerta, por lo que se escuchaba todo lo que ocurría en el pasillo como si estuviese dentro de la habitación. me despertaron todos los días, o bien otros huéspedes o bien el servicio de limpieza.",7.0,2023-05-05,muy bien
sweet hotel renasa,españa,habitación doble - 1 o 2 camas,2,persona que viaja sola,bien,la ubicación próxima a la universidad.,el ruido de la calle y de las viviendas que hay en el piso tercero.,7.0,2025-09-27,muy bien
sweet hotel renasa,españa,habitación individual,1,persona que viaja sola,bien,la cama era cómoda,"la habitación daba a un patio interior con mucho ruido y era bastante pequeña, no hay gimnasio, no hay un lugar para dejar el coche mientras se hace el check-in y te dan instrucciones de como llegar al parking  que está cerca pero no en el mismo edificio  y el zumo del desayuno era de polvos.",7.0,2025-06-24,muy bien
sweet hotel renasa,españa,habitación individual,1,persona que viaja sola,bien,la flexibilidad del personal para adelantarnos el check in.,las zonas comunes están de obras y el precio es excesivo.114 euros una noche por hab individual muy pequeña. el baño olía a cañería por la mañana.,7.0,2025-05-25,muy bien
sweet hotel renasa,españa,habitación doble - 1 o 2 camas,1,pareja,bien,"es bastante confortable, tiene todo lo esencial.",está un poco lejos del centro,8.0,2025-04-19,muy bien
sweet hotel renasa,españa,habitación doble - 1 o 2 camas,1,pareja,bien,la primera habitación que tuvimos olia a alcantarilla. así que solicitamos cambiarla y no hubo problema. muy bien el personal. las camas eran cómodas aunque las habitaciones tenían mucho ruido.,,7.0,2025-04-03,muy bien
sweet hotel renasa,españa,habitación doble - 1 o 2 camas,1,grupo,bien,,había demasiado ruidos externos y en habitaciones contigua,7.0,2023-04-26,muy bien
sweet hotel renasa,españa,habitación doble - 1 o 2 camas,1,pareja,fantástico,habitación muy espaciosa y luminosa. baño también muy amplio.,,9.0,2025-10-19,muy bien
sweet hotel renasa,españa,habitación doble superior - 1 o 2 camas,1,pareja,"comodidad fantastica, pero mucho ruido",las camas eran muy comodas y por lo general todo estaba muy limpio. ademas la habitacion era muy grande y muy centrico,"se escuchaba absolutamente todo respecto al resto de habitaciones y tambien todos los ruidos de fuera. se escuchaban perfectamente las conversaciones de la gente de otras habitaciones y el ruido del trafico, ademas se escuchaba continuamente un ruido automatico como si fuera una barrera de un parking. me desperte muchisimas veces por la noche por los ruidos, no pude descansar bien. el desayuno era bastante regular",6.0,2026-04-13,muy bien
sweet hotel renasa,españa,habitación doble con cama supletoria,3,familia,tranquilidad y familiar.,"la atención del personal, la ubicación y la limpieza.",,10.0,2026-04-02,muy bien
sweet hotel renasa,españa,habitación doble - 1 o 2 camas,1,familia,excepcional,nuevo y limpio. muy buena ubicación,,10.0,2026-03-28,muy bien
sweet hotel renasa,españa,habitación doble - 1 o 2 camas,1,pareja,buena localización y calidad,instalaciones en perfectas condiciones y limpio,,10.0,2026-03-23,muy bien
sweet hotel renasa,españa,habitación doble con cama supletoria,6,familia,estancia familiar,habitación cómoda y espaciosa,"al ducharnos, salía el agua fuera con facilidad.",10.0,2026-03-06,muy bien
sweet hotel renasa,españa,habitación individual,4,persona que viaja sola,agradable,la ubicación,la amplitud de la habitación,6.0,2026-03-05,muy bien
sweet hotel renasa,españa,habitación doble - 1 o 2 camas,1,pareja,excepcional,la comodidad,,10.0,2026-02-27,muy bien
sweet hotel renasa,españa,habitación doble - 1 o 2 camas,1,pareja,perfecto para alojarte tranquilo y disfrutar de valencia,"la tranquilidad, comodidad, perfecto para quien viene a conocer valencia, sobre todo en transportes a la playa a la gran vía..super bien para llegar","todo estupendo, no veo nada que no me guste",10.0,2026-02-16,muy bien
sweet hotel renasa,españa,habitación individual,2,persona que viaja sola,excepcional,seriedad,,10.0,2026-02-10,muy bien
sweet hotel renasa,españa,habitación doble - 1 o 2 camas,2,familia,fenomenal,"situación , tranquilidad",nada,10.0,2026-02-08,muy bien
sweet hotel renasa,españa,habitación individual,1,persona que viaja sola,excepcional,"la cama muy cómoda. las chicas de recepción tanto de la mañana como de la tarde son muy atentas y amables. después de hacer el check out, como tenía que estudiar, me han dejado quedarme un rato en una sala con todas las comodidades. esos gestos se agradecen un montón. por cierto, he sacado un notable en el examen y le agradezco mucho el interés, me he sentido muy bien cara feliz con ojos sonrientes",,10.0,2026-02-04,muy bien
sweet hotel renasa,españa,habitación individual,2,grupo,excepcional,,un cepillo para limpiar el baño!,10.0,2026-02-02,muy bien
sweet hotel renasa,españa,habitación doble - 1 o 2 camas,1,pareja,inmejorable,"todo , pero sobretodo el personal de recepción que me atendió al llegar.",no hay nada,10.0,2026-01-29,muy bien
sweet hotel renasa,españa,habitación individual,2,persona que viaja sola,excepcional,"todo muy bien. buena ubicación, muy limpio. la atención y el trato del personal excelente. el camarero del restaurante muy amable, paciente y receptivo",,10.0,2026-01-28,muy bien
sweet hotel renasa,españa,habitación individual,3,persona que viaja sola,excepcional,cama,,10.0,2026-01-27,muy bien
sweet hotel renasa,españa,habitación doble - 1 o 2 camas,1,pareja,excepcional,todo muy cómodo,,10.0,2026-01-27,muy bien
sweet hotel renasa,españa,habitación individual,1,persona que viaja sola,excelente,"la ubicación, tiene todo lo que necesitas cerca.",todo bien.,10.0,2026-01-25,muy bien
sweet hotel renasa,españa,habitación doble - 1 o 2 camas,1,pareja,ubicación,la limpieza y ubicación,,10.0,2026-01-12,muy bien
sweet hotel renasa,españa,habitación doble - 1 o 2 camas,1,pareja,genial,"amplitud , limpieza",,10.0,2026-01-11,muy bien
sweet hotel renasa,españa,habitación doble - 1 o 2 camas,2,pareja,fantástico,"nos ha encantado, todo absoluta e impecablemente limpio y la habitación enorme, súper cómoda, personal muy agradable y amable.","quizá hemos echado en falta una pequeña nevera, pero por decir algo.",10.0,2026-01-05,muy bien
sweet hotel renasa,españa,habitación doble - 1 o 2 camas,1,pareja,excepcional,todo,"el tema del parking es gratis fuera, pero complicado de encontrar.",10.0,2025-12-23,muy bien
sweet hotel renasa,españa,habitación doble con cama supletoria,1,persona que viaja sola,excepcional,la atención de la recepcionista muy amable y atenta en el restaurante la comida muy rica una estancia de lujo gracias,,10.0,2025-12-16,muy bien
sweet hotel renasa,españa,habitación doble - 1 o 2 camas,1,pareja,excepcional,"limpieza, habitación muy espaciosa y muy bonita",,10.0,2025-12-13,muy bien
sweet hotel renasa,españa,habitación individual,4,persona que viaja sola,todo bien,el hotel,nada,10.0,2025-12-09,muy bien
sweet hotel renasa,españa,habitación doble - 1 o 2 camas,2,pareja,cómodo y muy buena ubicación.,"la limpieza,ubicación y trato del personal",,10.0,2025-12-04,muy bien
sweet hotel renasa,españa,habitación individual,1,persona que viaja sola,desayuno,la comodidad de la cama y la atencion del personal del hotel,"me gusto el desayuno, pero me gustaris mas variedad de fruta o mermeladas o zumos naturales algo mas sano que los zumos de la maquina. pero los frutos secos, nueces, ciruelas secas y leche vegetal y kiwi me gusto mucho",10.0,2025-11-25,muy bien
sweet hotel renasa,españa,habitación doble - 1 o 2 camas,1,familia,excepcional,las camas y las almohadas muy comodas.,,10.0,2025-11-21,muy bien
sweet hotel renasa,españa,habitación doble - 1 o 2 camas,1,persona que viaja sola,excepcional,aseo grande y habitación también. además de soleado,me gustó todo.,10.0,2025-11-08,muy bien
sweet hotel renasa,españa,habitación doble - 1 o 2 camas,1,pareja,excepcional,habitación,,10.0,2025-11-04,muy bien
sweet hotel renasa,españa,habitación doble - 1 o 2 camas,1,pareja,perfecto,"la ubicación y el trato , muy bueno el desayuno",nada,10.0,2025-11-02,muy bien
sweet hotel renasa,españa,habitación doble - 1 o 2 camas,2,pareja,estupenda relación calidad-precio,todo muy bien. perfecto para ir a la zona universitaria  viajaba por trabajo . habitación muy amplia y cómoda. el descuento en el parking cercano me vino genial. persornal muy amable. se puede llegar paseando tranquilamente al centro.,,10.0,2025-10-29,muy bien
sweet hotel renasa,españa,habitación individual,1,persona que viaja sola,excepcional,sobre todo el maravilloso trato de los trabajadores,no hay nada que no me gustara,10.0,2025-10-26,muy bien
sweet hotel renasa,españa,habitación doble - 1 o 2 camas,1,pareja,maravillosa julia atencion al cliente,"la atención al cliente es de 10; julia nos avisó de un problema que les surgió en el hotel totalmente imprevisto y buscaron una solución lo más rápido posible, para no estropear nuestra estancia en valencia. gracias de verdad, por dar una solución tan rápida,.... volveremos a vernos!",,10.0,2025-10-20,muy bien
sweet hotel renasa,españa,habitación doble - 1 o 2 camas,1,persona que viaja sola,genial,"la atención del personal de recepción. florencia es una gran profesional. es agradable llegar a un sitio y que una persona eficaz, amable e inteligente te pueda recibir, explicar y facilitar los trámites.",ufff por desgracia la cafetería está de obras y por experiencia sé que tienen una atención estupenda y se come bien. espero que pronto esté lista y poder disfrutar de esa zona en mi próxima estancia.,10.0,2025-10-14,muy bien
sweet hotel renasa,españa,habitación doble - 1 o 2 camas,1,pareja,excepcional,todo,nada,10.0,2025-09-24,muy bien
sweet hotel renasa,españa,habitación doble con cama supletoria,2,familia,excepcional,muy lindo el lugar todo muy limpio y ordenado la atención es excelente.,,10.0,2025-09-03,muy bien
sweet hotel renasa,españa,habitación doble - 1 o 2 camas,1,pareja,bello,"todo excelente una fantasía de alojamiento, cómodo y precioso e impecable un 10 10, volveré seguro",,10.0,2025-08-26,muy bien
sweet hotel renasa,españa,habitación doble - 1 o 2 camas,4,pareja,excepcional,"menús buenos sitio limpio y bonito, destacar al camarero fran. sin duda hizo la experiencia inolvidable",,10.0,2025-08-22,muy bien
sweet hotel renasa,españa,habitación doble superior - 1 o 2 camas,1,pareja,excepcional,todo me gustó la habitación cómoda,,10.0,2025-08-16,muy bien
sweet hotel renasa,españa,habitación doble - 1 o 2 camas,2,familia,muy bien,camas y almohadas muy cómodas. sabanas deliciosas suaves. todo genial,podrían mejorar un poco la variedad del desayuno buffet.,10.0,2025-08-16,muy bien
sweet hotel renasa,españa,habitación doble con cama supletoria,2,familia,excepcional,"todo muy limpio, excelente atención. calidad precio cara sonriendo con gafas de sol pulgar hacia arriba",en las limpiezas regulares queda olor a fregona remojada,10.0,2025-08-15,muy bien
sweet hotel renasa,españa,habitación doble - 1 o 2 camas,1,pareja,excepcional,ubicación y habitación,todo estuvo perfecto,10.0,2025-08-15,muy bien
sweet hotel renasa,españa,habitación doble - 1 o 2 camas,1,pareja,muy bueno,"habitación muy amplia, baño cómodo, personal muy amable.",el menú comida del hotel muy caro en fin de semana.,10.0,2025-08-13,muy bien
sweet hotel renasa,españa,habitación doble - 1 o 2 camas,1,pareja,cómodo y limpio,lo amplia que era la habitación y lo limpio que estaba todo. la cama era muy comoda,,10.0,2025-08-13,muy bien
sweet hotel renasa,españa,habitación doble - 1 o 2 camas,1,pareja,sorprendida!,muy sorprendida! un hotel que cuidá cada detalle y muy bonito cara sonriendo con corazones lo recomiendo 100 100!!!,nada,10.0,2025-08-08,muy bien
sweet hotel renasa,españa,habitación doble - 1 o 2 camas,1,familia,fenomenal,la ubicación,todo estuvo bien,10.0,2025-08-01,muy bien
sweet hotel renasa,españa,habitación individual,3,persona que viaja sola,muy agradable y placentera.,"muy buena atención, limpieza, atmósfera muy agradable, buen horario. variedad en los alimentos y las bebidas.",creo que en general está muy bien.,10.0,2025-07-17,muy bien
sweet hotel renasa,españa,habitación individual,1,familia,excepcional,"me encantó mi estancia en este hotel. se nota que ha sido recientemente reformado porque todo está impecable, moderno y con muchísimo gusto. las habitaciones son espectaculares: súper bonitas, acogedoras y con una decoración que realmente invita al descanso. en mi caso reserve una individual y una compartida y son experiencias bastante buenas ambas. super amblias y bastante bien decoradas la cama comodísima, la iluminación cálida y cada detalle muy bien pensado. el ambiente en general es tranquilo y elegante, ideal para relajarse. además, el personal fue muy amable y atento en todo momento. la única pega que le podría es que en la habitación doble no había champú ni jabon de manos en el dispensador pero por lo demas, un lugar al que volvería sin duda !",,10.0,2025-07-14,muy bien
sweet hotel renasa,españa,habitación triple  2 adultos   1 niño ,1,familia,todo genial pero sin rampas para acceder,lo grande que era la habitación y la comodidad,no tenía acceso con rampa al hotel y llevábamos un carrito de bebé y nos costó subirlo por las escaleras,10.0,2025-06-30,muy bien
sweet hotel renasa,españa,habitación doble - 1 o 2 camas,2,grupo,buena opción en valencia,"el hotel es bastante correcto y, en recepción, el personal es amable, siempre dispuesto a ayudar y facilitar todo. la habitación es bastante grande, el baño amplio y la cama cómoda. el hotel cuenta con un restaurante, y en los alrededores hay varios bares y restaurantes. tiene fácil acceso y buenas conexiones para moverse por toda la ciudad.",,10.0,2025-06-21,muy bien
sweet hotel renasa,españa,habitación doble - 1 o 2 camas,1,pareja,excelentisimo,habitación grandísima todo perfecto,nada,10.0,2025-06-15,muy bien
sweet hotel renasa,españa,habitación individual,5,persona que viaja sola,comodidad y tranquilidad al mejor precio,"la habitación: cómoda, confortable, bien cuidada, limpia, silenciosa, del tamaño ideal  buena relación calidad-precio.","mi estancia coincidió con reformas en las zonas comunes y recepción. aunque no afectó a mi estancia ni a mi comodidad, me hubiese gustado disfrutar del establecimiento entero reformado. lo menciono por señalar algo negativo, pero en realidad estuvo genial la estancia.",10.0,2025-05-28,muy bien
sweet hotel renasa,españa,habitación doble - 1 o 2 camas,4,persona que viaja sola,acertado establecimiento en general. para repetir solbentando esa ventilación.,la amplitud de la habitación,"la habitación 212, no ventilaba el cuarto de baño, pues tenía ventana hacia un patio de ventilación, pero éste está cerrado en la vertical. por lo que no había tal ventilación y los olores se quedaban en la habitación.",6.0,2025-05-26,muy bien
sweet hotel renasa,españa,habitación doble superior - 1 o 2 camas,2,familia,excelente,"todo el personal a sido maravilloso muy atento y amable, la limpieza de 10 y muy buena comida!",,10.0,2025-05-19,muy bien
sweet hotel renasa,españa,habitación doble - 1 o 2 camas,1,grupo,perfecto y buen desayuno,todo,todo perfecto,10.0,2025-05-17,muy bien
sweet hotel renasa,españa,habitación doble - 1 o 2 camas,1,pareja,excepcional,"nos encantó todo!! la habitación súper amplia, todo muy limpio, buena atención. hay parking cerca para dejar el coche.",,10.0,2025-05-14,muy bien
sweet hotel renasa,españa,habitación doble - 1 o 2 camas,1,pareja,excepcional,muy buena la atención del personal,sin nada que decir,10.0,2025-05-12,muy bien
sweet hotel renasa,españa,habitación doble - 1 o 2 camas,3,grupo,muy amena,"habitación y desayuno completo. la ubicación está muy bien, a 25 -30 minutos andando del centro de la ciudad. igual en la recepción facilitan taxis por cualquier cosa.",,10.0,2025-05-05,muy bien
sweet hotel renasa,españa,habitación doble - 1 o 2 camas,1,persona que viaja sola,comodidad,"muy buen servicio. además, hoy día, a pesar de que ya había hecho el checkout, me dejaron quedarme en la recepción y fueron amables conmigo porque no podía irme a casa por el problema del apagón masivo.","solamente que en la habitación solo había un basurero pequeño, el del baño, y sería mejor que hubiera uno más. aparte de eso, no hay nada más que no me haya gustado",10.0,2025-04-28,muy bien
sweet hotel renasa,españa,habitación doble - 1 o 2 camas,1,pareja,muy lindo,"todo estuvo exelente y volveria siempre, estubimos con amigos y la pasamos muy bien, y la ubicacion esta exelente, gracias",,10.0,2025-04-21,muy bien
sweet hotel renasa,españa,habitación doble - 1 o 2 camas,1,persona que viaja sola,excepcional,"la limpieza, la amplitud de las camas y la ubicación al estadio mestalla",,10.0,2025-04-12,muy bien
sweet hotel renasa,españa,habitación doble - 1 o 2 camas,3,pareja,estancia inolvidable,"fui con mi marido y nos dieron una habitación perfecta, limpia, la cama grande muy confortable. cogimos con media pensión y fue todo perfecto, muy bueno. el personal muy agradable.",,10.0,2025-04-11,muy bien
sweet hotel renasa,españa,habitación doble - 1 o 2 camas,2,grupo,"genial, volveré","todo, las camas muy cómodas, la habitación grande, climatizada, limpia, muy bien. el personal de recepción muy amable",no hay nada malo,10.0,2025-04-02,muy bien
sweet hotel renasa,españa,habitación doble - 1 o 2 camas,1,persona que viaja sola,excepcional,proximidad al lugar del congreso al que he asistido.,,10.0,2025-03-22,muy bien
sweet hotel renasa,españa,habitación individual,1,persona que viaja sola,muy bien,"recibí un trato muy profesional y cercano por parte de recepción nada más llegar, la chica que estaba por la mañana me atendió de una forma tan educada y tan pendiente a qué todo estuviese bien en la estancia que me sorprendió gratamente. amabilidad, resolutiva, profesional y con una educación hacia el cliente impecable.",todo estuvo perfecto,10.0,2025-03-15,muy bien
sweet hotel renasa,españa,habitación doble - 1 o 2 camas,1,grupo,me gustaría repetir,"me encantó todo el hotel, sobre todo que en la habitación nos dejaron agua de cortesía y el desayuno estaba riquísimo.",no hay nada que no me gustara,10.0,2025-03-10,muy bien
sweet hotel renasa,españa,habitación doble - 1 o 2 camas,2,familia,muy agradable,las camas y almohadas son muy cómodas. la habitación es grande y ordenada. baños muy limpios,,10.0,2025-03-05,muy bien
sweet hotel renasa,españa,habitación doble - 1 o 2 camas,1,pareja,volveremos!,"nos encantó la habitación, es enorme y tiene un pequeño salón aparte de la cama. el baño muy grande. la cama comodísima!!!! el personal muy agradable y atentos. volveremos sin duda",todo perfecto,10.0,2025-02-23,muy bien
sweet hotel renasa,españa,habitación doble - 1 o 2 camas,1,pareja,excepcional,"estaba todo perfecto, la habitación es increíble y el trato del personal espectacular, volvería a repetir 100 ",,10.0,2025-02-21,muy bien
sweet hotel renasa,españa,habitación doble - 1 o 2 camas,1,pareja,genial,todo,"almohadas, pero eso es un gusto personal. todo perfecto.",10.0,2025-02-17,muy bien
sweet hotel renasa,españa,habitación doble superior - 1 o 2 camas,3,familia,fin de semana en valencia,"muy acogedor, limpio y personal muy amable",,10.0,2025-02-07,muy bien
sweet hotel renasa,españa,habitación individual,3,persona que viaja sola,pata volver,la profesionalidad la atención al cliente excelente,,10.0,2025-02-03,muy bien
sweet hotel renasa,españa,habitación doble - 1 o 2 camas,1,persona que viaja sola,excepcional,la comodidad,,10.0,2025-01-05,muy bien
sweet hotel renasa,españa,habitación doble - 1 o 2 camas,5,pareja,muy acogedora,desayuno bien y ubicación muy bien,las escaleras de acceso,10.0,2024-12-28,muy bien
sweet hotel renasa,españa,habitación doble - 1 o 2 camas,1,familia,excepcional,en vedad estaba todo muy bien,,10.0,2024-12-24,muy bien
sweet hotel renasa,españa,habitación doble - 1 o 2 camas,1,pareja,excepcional,"nos hizo el check in mariana, todo rápido y muy profesional.",los cojines pero eso va a gusto personal siempre.,10.0,2024-12-15,muy bien
sweet hotel renasa,españa,habitación doble - 1 o 2 camas,1,pareja,"excelente, maravillosa, fantástica.","la habitación es enorme, y la cama es super ancha y muy cómoda.","me gustó, todo.",10.0,2024-12-14,muy bien
sweet hotel renasa,españa,habitación doble - 1 o 2 camas,1,grupo,aceptable,todo en general era cómodo y estaba limpio. bien para su categoría y precio p,"tienen un problema enorme con la cocina. todas las zonas comunes , especialmente recepción, escaleras y pasillo huelen a fritanga, a bar de mala muerte mal ventilado . es muy exagerado el mal olor que hay en todo el hotel",5.0,2024-12-14,muy bien
sweet hotel renasa,españa,habitación doble - 1 o 2 camas,1,pareja,excepcional,"todo, excelente relación precio calidad. muy bien el desayuno y magnífica la cena",nada,10.0,2024-12-10,muy bien
sweet hotel renasa,españa,habitación doble - 1 o 2 camas,1,persona que viaja sola,excelente relación calidad-precio,"practicidad. instalaciones modernas, limpias y cómodas.",,10.0,2024-12-10,muy bien
sweet hotel renasa,españa,habitación doble - 1 o 2 camas,1,pareja,excepcional,"habitaciones muy amplias, lo cual se agradece.muy limpio y cómodo.",,10.0,2024-11-18,muy bien
sweet hotel renasa,españa,habitación doble - 1 o 2 camas,1,pareja,excepcional,la habitacion estaba muy bien y la atención excelente,estaba todo perfecto,10.0,2024-11-17,muy bien
sweet hotel renasa,españa,habitación doble - 1 o 2 camas,1,grupo,excepcional,"limpio, amplio. el personal amable. la comida de hotel muy buena calidad precio.",,10.0,2024-11-17,muy bien
sweet hotel renasa,españa,habitación doble - 1 o 2 camas,2,pareja,aceptable para sólo dormir,precio y ubicación,habitación olía a tabaco mucho y olía a comida,5.0,2024-11-16,muy bien
sweet hotel renasa,españa,habitación doble - 1 o 2 camas,1,persona que viaja sola,excepcional,"relación calidad precio, silencio y comodidad habitación, amabilidad y profesionalidad de los empleados...todo un 10",el desayuno adecuado y de calidad pero el local es triste y oscuro,10.0,2024-11-10,muy bien
sweet hotel renasa,españa,habitación doble - 1 o 2 camas,1,pareja,sastifactoria,todo genial,,10.0,2024-11-08,muy bien
sweet hotel renasa,españa,habitación doble - 1 o 2 camas,1,pareja,excepcional,mucho,,10.0,2024-08-29,muy bien
sweet hotel renasa,españa,habitación doble - 1 o 2 camas,1,grupo,excelente,"todo, la habitación muy bien todo súper lindo y las camas muy cómodas. 10 10",nada me disgustó.,10.0,2024-08-22,muy bien
sweet hotel renasa,españa,habitación triple  2 adultos   1 niño ,2,familia,vacaciones en familia,"el hotel esta genial. eramos 2 adultos y una niña de 3 añitos. la habitación era muy amplia. teníamos 3 camas. cerca de alli teniamos todo tipo de bares, un mercadona, una farmacia. estabamos a 500 metros del estadio de mestalla.",,10.0,2024-08-22,muy bien
sweet hotel renasa,españa,habitación doble - 1 o 2 camas,2,pareja,excepcional,,el menú del restaurante,10.0,2024-08-18,muy bien
sweet hotel renasa,españa,habitación doble - 1 o 2 camas,1,pareja,excepcional,me gustó lo amplia que era la habitación. la limpieza. el personal fue muy amable. muy buen desayuno.,,10.0,2024-08-11,muy bien
sweet hotel renasa,españa,habitación doble - 1 o 2 camas,1,pareja,excepcional,la ubicación del hotel,,10.0,2024-07-27,muy bien
sweet hotel renasa,españa,habitación triple  2 adultos   1 niño ,1,familia,volvería a elegir este hotel,la habitación era muy amplia. pudimos aparcar al lado del hotel.todo limpísimo y cuidado al detalle,,10.0,2024-07-21,muy bien
sweet hotel renasa,españa,habitación triple  2 adultos   1 niño ,1,pareja,excepcional,muy limpio y céntrico,--,10.0,2024-05-23,muy bien
sweet hotel renasa,españa,habitación doble - 1 o 2 camas,2,pareja,excepcional,"comodidad, amplitud de la habitación, desayuno y tranquilidad",la cena siempre lo mismo,10.0,2024-05-17,muy bien
sweet hotel renasa,españa,habitación triple  2 adultos   1 niño ,2,pareja,muy confortable con una buena ubicación,la habitación,escasa iluminación en el baño,10.0,2024-04-10,muy bien
sweet hotel renasa,españa,habitación doble - 1 o 2 camas,1,pareja,paseo,lugar muy limpio y ordenado,todo estuvo muy bien,10.0,2024-03-11,muy bien
sweet hotel renasa,españa,habitación doble - 1 o 2 camas,3,pareja,cómoda,"la ubicación es excelente, se puede llegar caminando tranquilamente a muchos sitios y también a estaciones de metro. habitaciones limpias y muy cómodas. el personal muy amable, el primer día almorzamos en el restaurante del hotel, el menú ejecutivo estaba a muy buen precio y muy rico. buena relación calidad precio.",se escucha bastante ruido dentro de la habitación.,10.0,2024-03-10,muy bien
sweet hotel renasa,españa,habitación doble - 1 o 2 camas,1,grupo,linda experiencia,muy buen trato y cordialidad del personal.,,10.0,2024-02-25,muy bien
sweet hotel renasa,españa,habitación doble - 1 o 2 camas,1,grupo,excelente,"todo perfecto, habitación, el servicio en recepción y buen desayuno",,10.0,2024-02-19,muy bien
sweet hotel renasa,españa,habitación doble - 1 o 2 camas,3,pareja,volveré,"el alojamiento es perfecto en todos los sentidos cómodo: sillones y sillas cómodas en la parte de recepción. la cama un lujazo al igual que las almohadas. el sofá de la habitación una pasada también. limpieza: todo muy limpio y bien cuidado  hablo de experiencia en mi habitación y en zonas comunes  personal: un lujazo, hay un camarero muy muy amable y simpático que nos permitió cambiar la comida que teníamos por unos bocatas que estaban tremendos  calamares y tortilla  con permiso del cocinero. no fue la única acción de amabilidad ya que se acercaba a preguntar en cada plato qué tal nos parecía. sin duda muy amable y simpático localización: a escasos metros de mestalla aunque lo mejor es que tiene prácticamente casi todas las paradas de autobús cerca. aparcamiento: parece complicado encontrarlo dado que hay mucha aglomeración de coches pero es fácil encontrar aparcamiento en las inmediaciones.",todo perfecto,10.0,2024-01-31,muy bien
sweet hotel renasa,españa,habitación doble - 1 o 2 camas,2,grupo,excepcional,ubicacion excelente todo muy limpio y comodo,,10.0,2024-01-21,muy bien
sweet hotel renasa,españa,habitación individual,1,persona que viaja sola,excepcional,"servicio, atención al cliente, ubicación, perfecto",nada,10.0,2024-01-15,muy bien
sweet hotel renasa,españa,habitación doble - 1 o 2 camas,1,familia,perfecta estancia,"habitación amplia, ducha cómoda y accesible, todo muy limpio y camas cómodas. la atención del personal realmente buena. los precios y la comida de la cafeteria muy bien.",la puerta de la habitación no aisla suficientemente del pasillo y se oye todo.,10.0,2024-01-11,muy bien
sweet hotel renasa,españa,habitación doble - 1 o 2 camas,1,pareja,hotel ideal cerca del centro y de mestalla,"todo: ubicación perfecta tanto para ir andando al centro  unos 20-25 minutos  como para ir al estadio de mestalla  a unos 3-4 . el personal muy agradable, así como la cafetería, donde se puede desayunar rico y a buen precio, y la habitación perfecta, espaciosa, limpia y con una cama comodísima :  además, tiene convenio con un parking a 1 minuto del hotel, a buen precio también. todo genial, vaya!",nada!,10.0,2024-01-07,muy bien
sweet hotel renasa,españa,habitación doble - 1 o 2 camas,4,pareja,aceptable,casi todo,"el agua te dejaba la piel muy grasa, parece que nunca te aclaras, parece que está babosa, y nunca se te quitaba la sensacion. y las instalaciones del baño, estaban suelto el toallero, para coger del wc tienes que ser un enanito, y el agua de la ducha se salía mucho.",5.0,2024-01-06,muy bien
sweet hotel renasa,españa,habitación doble - 1 o 2 camas,4,pareja,estancia muy buena y atención impecable.,"había aparcamiento gratuito por los alrededores del hotel, por lo que llegamos, encontramos un sitio y no movimos el coche del lugar. nos transportamos en autobús, que hay varias líneas cerca, además de que también hay una estación de metro  aragón . el buffet del desayuno estaba muy bien, con variedad entre dulce, salado y fruta. también zumos, leches especiales, etc. la cena era un poco limitada, siendo el menú igual todos los días, excepto 3 platos que cambian todos los días  cremas, guiso y arroz , pero todo estaba muy bueno y de muy buena calidad. cabe destacar que tuvimos un pequeño inconveniente con la habitación y al instante nos cambiaron a otra. la atención de todo el personal fue impecable.","las habitaciones son un poco frías, cuesta que se calienten un poco. en la tv smart no podíamos acceder a los servicios de streaming porque necesitaban actualizaciones  la tv por cable bien ",10.0,2024-01-05,muy bien
sweet hotel renasa,españa,habitación doble - 1 o 2 camas,1,pareja,todo perfecto.,"todo fue excelente, personal muy amable y nos mejoraron la habitación por el mismo precio ya que había disponibilidad.",,10.0,2023-12-28,muy bien
sweet hotel renasa,españa,habitación doble - 1 o 2 camas,1,pareja,excepcional,el trato del personal de recepción y la limpieza,207 se escucha los coches. pero te deja dormir,10.0,2023-12-25,muy bien
sweet hotel renasa,españa,habitación doble - 1 o 2 camas,1,pareja,relación calidad-precio inmejorable,el trato del personal es inmejorable. nos pusieron una habitación doble premium al solicitar  cama de matrimonio . el hotel está muy cerca del estadio de mestalla y tiene aparcamiento gratis en la zona.,,10.0,2023-12-18,muy bien
sweet hotel renasa,españa,habitación doble - 1 o 2 camas,2,pareja,excepcional,la tranquilidad y ubicación,,10.0,2023-12-16,muy bien
sweet hotel renasa,españa,habitación doble - 1 o 2 camas,1,pareja,excepcional,habitación muy amplia,,10.0,2023-12-14,muy bien
sweet hotel renasa,españa,habitación doble - 1 o 2 camas,2,familia,fuimos por motivos médicos y cerca del hospital,"el trato de los recepcionistas, excepcional .",,10.0,2023-12-13,muy bien
sweet hotel renasa,españa,habitación individual,2,persona que viaja sola,viaje de trabajo,ubicación y el personal de hotel que eran muy atentos,,10.0,2023-12-09,muy bien
sweet hotel renasa,españa,habitación individual,3,persona que viaja sola,excepcional,la habitación,,10.0,2023-11-29,muy bien
sweet hotel renasa,españa,habitación doble superior - 1 o 2 camas,2,pareja,estancia agradable,a destacar la excelente atención recibida por el personal de recepción en todos los turnos. muy amables. así como en el restaurant del hotel. ubicación perfecta.,,10.0,2023-11-26,muy bien
sweet hotel renasa,españa,habitación individual,5,persona que viaja sola,totalmente recomendable,"la experiencia excelente en general. trato impecable, personal súper amable y servicial y habitación cómoda y siempre muy limpia. atención inmejorable. repetiré seguro!!",,10.0,2023-11-23,muy bien
sweet hotel renasa,españa,habitación individual,3,persona que viaja sola,una primera estancia maravillosa en valencia y no será la última !,"todo ! el personal de recepción súper simpático tanto el recepcionista de tarde que de mañana. a la llegada te dan muchos consejos tanto para visitar que para comer. la habitación y el hotel estaban limpios. se puede ir andando hasta el centro o hay una parada de autobús cerca del hotel. se puede ir también andando hasta la ciutat de las arts i les ciències. para los clientes que quieren ir a ver un partido de fútbol, el mestalla está a 5 min andando. volveré si o si ! gracias por todo a todos !",,10.0,2023-11-07,muy bien
sweet hotel renasa,españa,habitación doble - 1 o 2 camas,1,familia,fantastica,todo fue muy correcto pero destacaría la limpieza y la atención de la recepción que fue maravillosa,todo estaba correcto,10.0,2023-10-23,muy bien
sweet hotel renasa,españa,habitación doble - 1 o 2 camas,3,pareja,excepcional,todo,nada,10.0,2023-10-20,muy bien
sweet hotel renasa,españa,habitación doble - 1 o 2 camas,2,pareja,increíble,estupendo muy cómodo y muy limpio,nada,10.0,2023-10-06,muy bien
sweet hotel renasa,españa,habitación doble - 1 o 2 camas,1,pareja,hotel de 10.,la limpieza y lo amplia y cómoda que era la habitación.,,10.0,2023-09-19,muy bien
sweet hotel renasa,españa,habitación doble - 1 o 2 camas,1,familia,una gran satisfacción,en general. doy gracias a dios por todo el personal y el establecimiento.,todavía no he encontrado nada que me desagradara.,10.0,2023-08-28,muy bien
sweet hotel renasa,españa,habitación doble - 1 o 2 camas,2,pareja,alojamiento cómodo y en buen estado,las camas,,10.0,2023-08-23,muy bien
sweet hotel renasa,españa,habitación doble - 1 o 2 camas,1,pareja,perfecta,el trato recibido y la habitación,todo correcto,10.0,2023-08-17,muy bien
sweet hotel renasa,españa,habitación doble - 1 o 2 camas,6,pareja,excepcional,"excelente atencion de sonia la recepcionista, nos ayudo y estuvo muy atenta a nuestras necesidades. el restaurante precios muy similares a salir a comer afuera, y la comida muy rica, el personal muy atento. la ubicacion muy buena 20 min en autobus al centro o a la playa, 1 supermercado grande a 1 calle de distancia.",la habitacion no contaba con frigobar  heladerita  considero que apesar de ser la mas economica deberia incluirla especialmente en verano donde uno busca tener su bebida fria o necesitar conservar ciertos alimentos,10.0,2023-08-14,muy bien
sweet hotel renasa,españa,habitación doble - 1 o 2 camas,1,persona que viaja sola,excepcional,estaba todo perfecto calidad - precio!!!,"no me gustó mucho colchón, pero es opinión muy individual.",10.0,2023-08-08,muy bien
sweet hotel renasa,españa,habitación doble superior - 1 o 2 camas,3,pareja,excepcional,"hola me gustó mucho la atención y los servicios brindados,la verdad q lo recomiendo.",,10.0,2023-08-07,muy bien
sweet hotel renasa,españa,habitación doble - 1 o 2 camas,2,grupo,muy buena opción,"todo muy limpio, cómodo y cercano al centro. tiene paradas de autobús y metro y cerca, así como restaurantes. el trato estupendo",,10.0,2023-07-31,muy bien
sweet hotel renasa,españa,habitación doble - 1 o 2 camas,1,pareja,excepcional,"la habitación genial, limpieza de 10 . el desayuno tipo buffet buenisimo. la atención de recepcción muy agradable. en general todo perfecto. totalmente recomendabl",,10.0,2023-07-19,muy bien
sweet hotel renasa,españa,habitación doble - 1 o 2 camas,3,grupo,genial y divertida,la atención del personal. la calidad precio servicio.,"faltaron verduras en rodajas en el desayuno  tomate, pepino y otros . sugerencia controlar la temperatura de cocción de la huevina para los revueltos ya que estaban un poco verdes. falta de toallas en las instalaciones del gimnasio.",10.0,2023-07-13,muy bien
sweet hotel renasa,españa,habitación doble - 1 o 2 camas,3,pareja,excepcional,la habitación,,10.0,2023-07-12,muy bien
sweet hotel renasa,españa,habitación doble - 1 o 2 camas,2,grupo,si vas a un congreso a la universidad es muy buena opción.,un desayuno básico pero adecuado. la ubicación es muy buena si vas a estar cerca de la zona universitaria como fue mi caso. el tamaño de la habitación adecuado para dos personas con equipaje ligero. no fuí pero el hotel tiene una cafetería restaurante en el mismo edificio.,tal vez para un turismo internacional faltaron otras opciones para el desayuno como las opciones calientes tipo huevos revueltos. si las hubo no las recuerdo.,10.0,2023-07-11,muy bien
sweet hotel renasa,españa,habitación doble - 1 o 2 camas,2,pareja,excepcional,el diseño de la habitación en general.,nada,10.0,2023-07-09,muy bien
sweet hotel renasa,españa,habitación triple  2 adultos   1 niño ,4,familia,increíble,la ubicación,todo me gusto no hubo nada que estuviera mal,10.0,2023-07-09,muy bien
sweet hotel renasa,españa,habitación individual,5,persona que viaja sola,cumplió mis expectativas,muy buena atención y confort. buen desayuno.,,10.0,2023-06-11,muy bien
sweet hotel renasa,españa,habitación doble - 1 o 2 camas,2,grupo,buen hotel si vas por trabajo,"cercanía al sitio donde tenía el congreso, gimnasio pequeño pero suficiente para entrenar, atención del personal impecable","horario del gimnasio, sería ideal si estuviera abierto a primera hora de la mañana para poder entrenar antes de desayunar o irte a cualquier lado",10.0,2023-06-10,muy bien
sweet hotel renasa,españa,habitación individual,1,familia,más que recomendable.,"limpieza, comodidad, servicios, amabilidad de todo el personal, ubicación, estado de la habitación y el baño, etc.",nada. ha sido todo completamente satisfactorio.,10.0,2023-05-29,muy bien
sweet hotel renasa,españa,habitación doble - 1 o 2 camas,1,familia,perfecto,la habitación era muy amplia,todo perfecto,10.0,2023-05-28,muy bien
sweet hotel renasa,españa,habitación individual,3,persona que viaja sola,"ideal por ubicación, precio y calidad","por ubicación, calidad y precio siempre intento alojarme en él. seguiré repitiendo si mantienen  o mejoran  los precios. el desayuno en la cafetería muy bien: café y tostada 2,60   el del restaurante no lo he probado .","las ventanas no tienen persianas y las cortinas no cierran bien, entrando luz desde que amanece. deberían poner algún sistema de velcro, pinzas o similar para evitar eso. la habitación individual un poco pequeña pero suficiente para solo dormir.",10.0,2023-05-26,muy bien
sweet hotel renasa,españa,habitación doble - 1 o 2 camas,3,pareja,para una estancia corta buena relación calidad precio,relación calidad precio. buena ubicación para entrar y salir de la ciudad sin demasiada tráfico. habitación muy limpia.,mala insonorización de la habitación en un primer piso y en una vía con mucho tráfico. en recepción no pudieron pedir un taxi. no es posible tomar un café antes de las 8 h en festivos y domingos  ni desayuno ni cafetería .,6.0,2023-05-02,muy bien
sweet hotel renasa,españa,habitación individual,2,persona que viaja sola,volveré sin dudas,todo excelente,,10.0,2023-05-01,muy bien
sweet hotel renasa,españa,habitación doble - 1 o 2 camas,1,pareja,excepcional,limpieza,todo muy bien,10.0,2023-04-29,muy bien
sweet hotel renasa,españa,habitación doble - 1 o 2 camas,6,pareja,excepcional,el personal muy atento.es,he ido con personas mayores y esta un poco alejado para ir a pie. pero hay autobus.,10.0,2023-04-17,muy bien
sweet hotel renasa,españa,habitación doble con cama supletoria,3,familia,viaje en familia de 3,estaba cerca de las facultades y no muy lejos del centro para ir caminando.,"tiene que mejorar la accesibilidad. íbamos con un carrito de bebé y para subir a la planta de acceso al hall teníamos que subir por escaleras  no encontramos una rampa ni tampoco ascensor . una vez dentro del hotel, sí que tiene ascensor  es algo estrecho para nuestro carro - inglesina aptica xt -, pero pudimos subir a la segunda planta . la segunda planta es la última del hotel, pero no está insonorizada  al menos nuestra habitación ; la planta tercera y sucesivas pertenecen a un bloque de pisos por lo que se escuchaba a los vecinos del tercero y nada podíamos hacer. el hotel no tiene garaje propio, aunque cuentan con un convenio con un parking próximo al hotel. si bien, para dejar las maletas y hacer el check-in carecen de un pequeño espacio en el que dejar el coche de manera momentánea. creo que sería bueno tenerlo, aunque fuera para un par de coches, porque tuvimos que dejarlo mal aparcado en una calle con mucho tráfico.",6.0,2026-03-29,muy bien
sweet hotel renasa,españa,habitación individual,1,persona que viaja sola,una pena que l,ubicación,nos dieron una habitación con un fuerte olor a inodoro.,5.0,2026-02-15,muy bien
sweet hotel renasa,españa,habitación individual,2,persona que viaja sola,"hotel correcto, pero con mala extracción de humos de cocina.",ubicación.,"a las 6:15 de la mañana me despertó un muy fuerte olor a sándwich o similar, que llenaba la habitación a pesar de estar todo cerrado.",6.0,2026-01-31,muy bien
sweet hotel renasa,españa,habitación individual,1,persona que viaja sola,agradable,ubicación,el aire acondicionado hacía mucho ruido y la habitación olía a tuberías del baño.,6.0,2026-01-17,muy bien
sweet hotel renasa,españa,habitación doble - 1 o 2 camas,1,pareja,agradable,lo agradable que fue la chica que nos hizo check in,,6.0,2025-12-16,muy bien
sweet hotel renasa,españa,habitación doble con cama supletoria,3,familia,excepcional,es un buen hotel con buena situación y el personal excelente.,,10.0,2025-11-17,muy bien
sweet hotel renasa,españa,habitación individual,1,persona que viaja sola, informales! no me avisaron de los cambios,es tranquilo y está bien situado,tenía contratada media pensión y no me avisaron de que el restaurante estaba cerrado.,5.0,2025-11-17,muy bien
sweet hotel renasa,españa,habitación individual,2,persona que viaja sola,aceptable,,"al regresar por la noche al hotel, encontré mi habitación abierta. en teoría fue el personal de limpieza .muy mal",5.0,2025-11-08,muy bien
sweet hotel renasa,españa,habitación doble - 1 o 2 camas,1,pareja,calidad y armonía,la atención,,10.0,2025-11-05,muy bien
sweet hotel renasa,españa,habitación doble - 1 o 2 camas,2,pareja,regular,"la comodidad y el silencio, la ubicación no está de todo mal. para los amantes del fútbol está perfecto ya que se encuentra a unos metros del estadio del valencia y un poquito alejado del casco histórico de la ciudad. pero bien, un personal muy amable. cara sonriente","estuvimos en la primera planta y no teníamos ninguna vista marca de cruz , y creo que se debe mejorar un poquito las condiciones de las duchas, son muy abiertas, lo que permite que el agua se escurra por todo el baño.",10.0,2025-09-06,muy bien
sweet hotel renasa,españa,habitación doble - 1 o 2 camas,2,pareja,agradable,no usamos el desayuno del buffet,nosotros quedamos contentos,10.0,2025-08-23,muy bien
sweet hotel renasa,españa,habitación individual,2,persona que viaja sola,placentera,la atención,el aire acondicionado sonaba de noche,10.0,2025-07-31,muy bien
sweet hotel renasa,españa,habitación doble - 1 o 2 camas,3,pareja,hotel a mejorar,"el recepcionista de las mañanas super agradable, atento y majo. la ubicación esta bien comunicada, pero el entorno es raro  gente con dinero y gente buscando el basura ","las habitaciones son pequeñas, la luz un poco escasa y demasiado tenue, las ventanas dan a un patio de luces el cual tienes de vistas humedades y balcones de vecinos  el hotel tiene 2 plantas  el resto es un bloque normal.",6.0,2025-07-26,muy bien
sweet hotel renasa,españa,habitación doble - 1 o 2 camas,2,pareja,todo muy bn menos la comida,muy acogedor el personal muy majo,la comida lo mismo que la cena no lo veo normal.,6.0,2025-07-24,muy bien
sweet hotel renasa,españa,habitación doble - 1 o 2 camas,1,pareja,excepcional,todo,"la ducha , por qué no se tragaba el agua",10.0,2025-07-16,muy bien
sweet hotel renasa,españa,habitación doble - 1 o 2 camas,2,pareja,agradable,"el trato del personal ha sido de lo mejor. hubo un pequeño problema en el sistema de reservas que solucionaron de manera rápida y eficiente. además coincidió que una de nuestras noches de estancia tuvo lugar el apagón nacional, y no dudaron en ofrecernos comida, agua y lo que pudieron. muy amables.",,10.0,2025-04-30,muy bien
sweet hotel renasa,españa,habitación doble - 1 o 2 camas,1,pareja,agradable,"lo que más me ha gustado es la comodidad de las camas. lo que menos, se escucha todo el ruido de fuera",,6.0,2025-03-29,muy bien
sweet hotel renasa,españa,habitación individual,1,persona que viaja sola,excepcional,habitación,poca luz en el baño,10.0,2025-03-09,muy bien
sweet hotel renasa,españa,habitación doble - 1 o 2 camas,1,pareja,agradable,,"cuando lo reservé pedí cama doble y me dijeron que si había disponibilidad, y cuando llegamos nos dieron una habitación con dos camas.",6.0,2025-01-19,muy bien
sweet hotel renasa,españa,habitación individual,3,persona que viaja sola,agradable,la cafetería,un poco justo en todo,6.0,2024-12-08,muy bien
sweet hotel renasa,españa,habitación doble - 1 o 2 camas,1,familia,agradable.,"estaba muy limio, para mi la cama bien pero para mi marido que sufrede la esplada no fue buena.",,10.0,2024-11-20,muy bien
sweet hotel renasa,españa,habitación individual,1,persona que viaja sola,"de paso , 1 noche",céntrico,"olor muy fuerte en la habitación a lavabo ,a cerrado y húmedo al entrar al hotel fuerte olor de frito pregunté por un restaurante , me aconsejaron , me dijeron que estaba abierto y después de 20 min andando estaba cerrado .",6.0,2024-11-20,muy bien
sweet hotel renasa,españa,habitación doble - 1 o 2 camas,2,pareja,"mala experiencia, no repetiré","la comodidad de habitación, era amplia.","me hospedé en la 230 dos noches y fue horrible. la vecina de arriba   me ahorraré el calificativo  taconeando hasta las tantas de la madrugada   las dos noches  y con la música demasiado alta y arrastrando muebles. horrible!! el wc no tenia escobilla, el papel del wc en mi i dosis no me gustó nada y el dispensador de jabón tampoco, es mucho más comodo los botecitos individuales. apenas habia luz en la habitación. para colmo despues de la vecina sinvergüenza de arriba, a las 8 de la mañana están las limpiadoras haciendo muchisimo ruido en el pasillo y arrastrando camas... no repetiré a no ser que no me quede más remedio",4.0,2024-11-17,muy bien
sweet hotel renasa,españa,habitación doble - 1 o 2 camas,1,pareja,ocio,la ubicación es perfecta y sobre todo el trato de su personal,"es el segundo año que vamos a este hotel y este año la habitación ha dejado que desear , el sofá cama estaba muy sucio y el dispensador de gel de la ducha roto , en general la habitación un poco escasa",6.0,2024-10-27,muy bien
sweet hotel renasa,españa,habitación doble - 1 o 2 camas,1,grupo,bien en general,la comodidad de las camas,el ruido del servicio de habitaciones en la habitación de encima,6.0,2024-10-16,muy bien
sweet hotel renasa,españa,habitación doble - 1 o 2 camas,2,pareja,satisfacción,todas las instalaciones,no tengo ningún aspecto negativo,10.0,2024-09-03,muy bien
sweet hotel renasa,españa,habitación doble - 1 o 2 camas,1,pareja,muy cómoda y la cama genial,la habitación muy amplia y cómoda,no tengo ningún comentario negativo al respecto,10.0,2024-09-01,muy bien
sweet hotel renasa,españa,habitación individual,5,persona que viaja sola,buena,,que no tuviera una nevera en la habitación,6.0,2024-08-19,muy bien
sweet hotel renasa,españa,habitación doble - 1 o 2 camas,1,familia,agradable y espacioso,"la habitación más grande de lo que esperábamos, con dos camas individuales y muy cómodas, aire acondicionado y un baño en buenas condiciones. buena ubicación para moverse por la ciudad, cerca de zona universitaria y con facilidad para aparcar.",,10.0,2024-07-28,muy bien
sweet hotel renasa,españa,habitación doble - 1 o 2 camas,1,pareja,increíble,"la limpieza, la amplitud, el personal",teníamos desayuno y nos confundimos con la cafetería que está dentro del hotel  poco visible el cartel del buffet,10.0,2024-07-16,muy bien
sweet hotel renasa,españa,habitación doble - 1 o 2 camas,1,pareja,excepcional,"hotel muy acogedor , buena cafeteria con carta variada para desayuno, almuerzo y cena. personal muy amable . habitación amplia y cama muy cómoda.",,10.0,2024-07-13,muy bien
sweet hotel renasa,españa,habitación doble - 1 o 2 camas,1,pareja,volvería,comodidad de la cama,"desayuno buffet: muy básico,y poco atractivo. no tuvieron una plancha para servir , viajando es lógico la ropa en la maleta salga arrugadisima.",6.0,2024-07-13,muy bien
sweet hotel renasa,españa,habitación doble - 1 o 2 camas,1,pareja,mala experiencia con tomas de recepción,"la habitación estaba muy bien, amplia y cómoda.","hemos tenido muy mala experiencia y a la vez muy triste, porque ayer nos hospedamos en el hotel para celebrar nuestro aniversario, y unos amigos sin avisarnos para darnos la sorpresa mandaron un regalo a la habitación para cuando entráramos lo vieran   era una botella de alcohol, 1 refrescos, unas patatas y unas bolsas de chuches  comentó a tomas personal de recepción si por favor pudiera subirlo a la habitación y nos informara de ello, el regalo llevo por glovó a las 6:30 y tomas lo recibió lo subió a la habitación y en vez de dejar la bolsa tal y como lo recibió, la abrió y tomó la decisión de poner las patatas y las chuches en la mesa y la botella de ginebra y el refresco en la nevera. para nuestra sorpresa cuando hacemos el check in a las 19:15 no nos informa de nada tomas y cuando subimos a la habitación imaginamos que lo que hay en la mesa es del vending  ya que nunca habíamos estado y no sabíamos que ponen . salimos a cenar y al volver metemos   de casualidad  en la nevera una botella de agua y vemos la botella y el refresco pero no nos sorprendemos seguimos pensando que es del hotel. hoy por la mañana me dice mi amiga que si he visto el regalo, yo sorprendida le digo que qué regalo, me explica todo llamo a recepción y me dicen que la de la limpieza ya se ha ido y que todo lo habrá tirado a la basura ya que es la política de la empresa  hablo con tomas y lo único que dice es que no puede hacer nada y que si que nos tendría que haber avisado . nos vamos súper tristes, ya que otra persona habiéndose equivocado, hace lo posible por solucionarlo, teniendo la desconformidad del cliente y más teniendo la culpa. no volveré a dicho hotel por el trato y la poca profesionalidad que nos dieron.",5.0,2024-07-07,muy bien
sweet hotel renasa,españa,habitación doble superior - 1 o 2 camas,1,pareja,excepcional,el tamaño de la habitación. es muy grande,los colchones. la cama era grande y eran dos colchones,10.0,2024-06-06,muy bien
sweet hotel renasa,españa,habitación doble - 1 o 2 camas,4,persona que viaja sola,excepcional,"espacio, personal amable",conexión muy débil a internet,10.0,2024-04-21,muy bien
sweet hotel renasa,españa,habitación individual,1,persona que viaja sola,agradable,las habitaciones son sencillas pero cómodas.,había poca luz natural.,6.0,2024-04-05,muy bien
sweet hotel renasa,españa,habitación doble - 1 o 2 camas,3,pareja,agradable,localizacion,el aire acondicionado hacia mucho ruido.,6.0,2024-03-27,muy bien
sweet hotel renasa,españa,habitación triple  2 adultos   1 niño ,1,familia,excepcional,"todo perfecto, tuvimos un problema y la chica de recepción nos atendió muy bien y lo solucionó muy rápido. gracias por tu amabilidad.", ,10.0,2024-03-16,muy bien
sweet hotel renasa,españa,habitación doble - 1 o 2 camas,1,pareja,excepcional,la amplitud de la habitación la amabilidad de los empleados,,10.0,2024-03-03,muy bien
sweet hotel renasa,españa,habitación doble - 1 o 2 camas,2,pareja,excepcional,habitación amplia y comoda,,10.0,2024-02-12,muy bien
sweet hotel renasa,españa,habitación doble - 1 o 2 camas,3,pareja,decepcionante,"la habitación era muy cómoda y limpia, el personal de recepción el día de salida, 24 de enero por la mañana, muy amable.","llegué el 21 de enero a las 10 de la mañana en bicicleta  valorada en 1900  , saludé y comenté al compañero de recepción que tenía una reserva para 3 noches, este hombre sin saludar lo primero que me dijo fue  la bicicleta no la puedes subir a la habitación , ni dio los buenos días. al reservar por booking no leí en ningún lado esa prohibición por lo que insistí en poder subirla a la habitación a lo que me respondió  si quieres cancelamos la reserva . en ningún momento mostró interés en buscar una solución, me dijo que al día siguiente podría hablar con dirección si tenía algún problema, todo esto mientras hacía otras cosas. le pregunté si la podía dejar en consigna y dijo que sí, le pedí que me haga un papel haciéndose responsable si la bicicleta sufría algún daño a lo que se negó, lo cual me parece incorrecto, ya que en esa sala, bastante pequeña, entraba mucha gente a coger y dejar sus maletas y personal del hotel a por toallas y nadie me garantizaba que sea un lugar seguro. le pedí una hoja de reclamaciones que aún la estoy esperando, nunca me la entregó. en esa semana reservé en 4 hoteles porque hacía un viaje desde barcelona, en ninguno tuve problemas, salvo en este. no me molestó no poder custodiar la bici en un lugar seguro en mi habitación, sino que el recepcionista haya tenido una actitud enfocada en el problema, de pasotismo y desinterés, sin aportar solución alguna. empezar con mal pie por culpa ajena unas vacaciones es desagradable, me llevé una decepción, será que estoy mal acostumbrado que en baleares cualquier hotel alojamiento bar restaurante dispone de un espacio únicamente para bicicletas...",4.0,2024-01-28,muy bien
sweet hotel renasa,españa,habitación doble - 1 o 2 camas,3,familia,agradable,ubicación,mal funcionamiento de la calefacción.,6.0,2024-01-07,muy bien
sweet hotel renasa,españa,habitación doble - 1 o 2 camas,1,pareja,feliz inicio de 2024,la atención y amabilidad del personal de recepción.,,10.0,2024-01-01,muy bien
sweet hotel renasa,españa,habitación individual,1,persona que viaja sola,decepcionante,,"cuando veni nadia no me a explico que el parcking se paga y que precio es.toda la noche pasaban gente,peleando se,golpeando la puertas y gritando",4.0,2023-12-29,muy bien
sweet hotel renasa,españa,habitación doble - 1 o 2 camas,1,pareja,agradable,,la ubicacion,6.0,2023-10-02,muy bien
sweet hotel renasa,españa,habitación individual,2,persona que viaja sola,excepcional,que estaba reformado completamente y la atención de rafa y sara en la recepción,que me tocó una habitación interior,10.0,2023-09-11,muy bien
sweet hotel renasa,españa,habitación doble - 1 o 2 camas,2,grupo,para repetir,todo muy limpio,el menú,6.0,2023-09-02,muy bien
sweet hotel renasa,españa,habitación doble - 1 o 2 camas,1,pareja,lastima tener que poner esta valoración cuando estos pequeños detalles cuestan nada y son importante,"me gustó el precio, ubicación y el personal de recepción muy amable.","a las 9 de la mañana las limpiadoras dando golpes por todos lados sin respetar a las personas que aún duermen y que tienen la salida a las 12:00h.  3 horas más tarde  yo se lo que es limpiar habitaciones porque lo hemos hecho en mi familia y una cosa es limpiar y otra es ir dando golpes con mesitas, camas arrastrando, tapas de wc dejándolas caer etc. otra cosa que decepcionó bastante fue el buffet, una hora antes de cerrar solo había un pincho de tortilla del día anterior  de lo duro que estaba y seco , salchichas pequeñas y duras y de embutido no quedaba nada de ninguna bandeja ni reponían y faltaban habitaciones por desayunar y una hora para cerrar buffet.",5.0,2023-08-19,muy bien
sweet hotel renasa,españa,habitación doble - 1 o 2 camas,2,familia,excepcional,"lo amplio que fue la habitación, el aire acondicionado funcionaba de maravilla, estaba muy bien comunicada para cualquier zona","que no tuviera nevera, era muy necesario pero era lo único que le faltaba",10.0,2023-08-03,muy bien
sweet hotel renasa,españa,habitación doble superior - 1 o 2 camas,2,pareja,excepcional,"la habitación superior, amplia, limpia y cómoda. personal de recepción y muy buena tanto desayuno como cena en el restaurante.","nada reseñable. está al lado de mestalla y aunque un poco separado del centro y playa, está muy bien comunicado con transporte publico",10.0,2023-06-19,muy bien
sweet hotel renasa,españa,habitación doble - 1 o 2 camas,1,pareja,aceptable,"el hotel en general está bien,con una ubicación muy buena si te vas a mover por la zona","he estado en otras ocasiones alojado y las habitaciones estaban muy bien ,en esta ocasión la habitación  la 230  era mas pequeña y peor decorada,con vistas a un patio interior maloliente.",5.0,2023-06-04,muy bien
sweet hotel renasa,españa,habitación doble - 1 o 2 camas,1,pareja,pasable,personal,baño muy viejo,5.0,2026-04-11,muy bien
sweet hotel renasa,españa,habitación doble - 1 o 2 camas,2,pareja,agradable,,servicio de habitaciones. cama mal hecha,6.0,2026-03-26,muy bien
sweet hotel renasa,españa,habitación doble - 1 o 2 camas,2,pareja,agradable,atencion del personal,,6.0,2026-03-16,muy bien
sweet hotel renasa,españa,habitación doble - 1 o 2 camas,2,pareja,no encontré lo que pedí,no,pedí cama doble y había dos individuales,4.0,2026-03-15,muy bien
sweet hotel renasa,españa,habitación doble - 1 o 2 camas,2,pareja,agradable,habitación amplia y limpia. bien ubicado. una de las personas de recepción fue muy amable al permitirnos el último día disponer de una sala para hacer una reunión online.,muy pocos servicios y habitación poco equipada. no estaba bien insonorizada  nos tocó al lado del ascensor y se escuchaban todas las conversaciones.,6.0,2026-02-24,muy bien
sweet hotel renasa,españa,habitación doble - 1 o 2 camas,2,pareja,"del montón , para abajo.","la ubicación, era funcional.","olor insoportable a bajantes en la habitación, tanto que costaba dormir , tenía pérdidas también la ducha. la 223, lo notifiqué en la recepción y aparte de disculparse no me ofrecieron ninguna solución o reembolso",3.0,2026-02-18,muy bien
sweet hotel renasa,españa,habitación doble - 1 o 2 camas,1,pareja,rápida y aceptable,,"la habitación y el baño me sorprendieron, era la segunda vez que íbamos y no ha tenido nada que ver una con la otra, pequeña y con camas separadas",5.0,2026-02-15,muy bien
sweet hotel renasa,españa,habitación individual,2,persona que viaja sola,mal,casi nada,"me dieron una habitación en la que había las cucarachas más grandes que he visto jamás. hice fotos y se las enseñé en recepción. pedí un cambio de habitacion y en esta no vi pero si unas instalaciones muy descuidadas con muchos agujeros y siempre intranquilo de encontrarme con más bichos. tuve que decirle a la chica de la limpieza que quitase una bolsa con cosas que había en el armario cuando llegué y ahí seguía al siguiente día. además pedí dos veces que pusieran jabón tanto en el lavamanos como en la ducha pasados dos días me fui y todavía no lo habían repuesto. no hubo ni una sola intención, especial grave, incidente de las cucarachas de tener un detalle en cuanto a rebaja de precio o rebaja para una futura estancia.",3.0,2026-02-12,muy bien
sweet hotel renasa,españa,habitación doble - 1 o 2 camas,2,pareja,excepcional,la amplitud de la habitación,el precio,10.0,2026-02-08,muy bien
sweet hotel renasa,españa,habitación individual,1,persona que viaja sola,mal,ubicación,antipatía suciedad,3.0,2026-01-30,muy bien
sweet hotel renasa,españa,habitación doble - 1 o 2 camas,1,persona que viaja sola,aceptable,la ubicación y el trato del personal excelentes,la cama matrimonial tenia ambos lados hundidos,5.0,2026-01-16,muy bien
sweet hotel renasa,españa,habitación doble - 1 o 2 camas,2,pareja,fuerte olor a desagüe en la habitación,habitación y cama amplias. buena ubicación.,"fuerte olor a desagüe en la habitación, y servicio.",4.0,2025-12-12,muy bien
sweet hotel renasa,españa,habitación individual,1,persona que viaja sola,agradable,,"se incluyó un estacionamiento, pero no estaba allí. tuve que aparcar mi coche muy lejos y caminar bajo la lluvia.",6.0,2025-11-10,muy bien
sweet hotel renasa,españa,habitación doble con cama supletoria,2,persona que viaja sola,esperaba más,la ubicación y el personal muy amable y profesional.,"el baño con poquísima luz ,en regulares condiciones y me encontré un bicho en el suelo de la habitación",6.0,2025-11-08,muy bien
sweet hotel renasa,españa,habitación doble - 1 o 2 camas,1,familia,no merece el precio que pagué.,"la cama muy cómoda y  bonito  estéticamente , la cafetería para café o lo que guste en cualquier momento del día es estupendo, tiene una máquina para bebidas frescas en la entrada del hotel.","he estado en hostales y hotel con mejor limpieza , nevera pequeña , productos de cortesía como agua , cafés o té,mejor que este hotel . se escuchaba todo de las habitaciones de al lado y superior, la puerta del baño por encima del pomo del interior del baño estaba muy sucio parecía caca, el espejo estaba sucio como chorreado con manchas, había mucho polvo , no tiene una mini nevera , no funcionó 1 de las dos llaves de acceso a la habitación, estaba a 35  40 minutos del centro y caminado es bastante.",6.0,2025-09-22,muy bien
sweet hotel renasa,españa,habitación individual,1,persona que viaja sola,habitación pequeña a un patio ruidoso,ubicación cercana a donde tenía que ir,habitación pequeña que daba a un patio con mucho ruido,6.0,2025-09-21,muy bien
sweet hotel renasa,españa,habitación doble - 1 o 2 camas,1,pareja,no volvería,la comodidad de las camas,"el personal dejó mucho que desear,sobre todo el hombre calvo que estaba de noche en recepción .",5.0,2025-09-17,muy bien
sweet hotel renasa,españa,habitación doble - 1 o 2 camas,1,familia,agradable,camas comodas,la habitación olía muy mal. a desagüe,6.0,2025-08-21,muy bien
sweet hotel renasa,españa,habitación doble - 1 o 2 camas,2,pareja,no repetiría,"el personal era amable, buen tamaño de la habitación y cerca se podía aparcar.",la habitación olía muchisimo a humedad. las sábanas tenían algunas manchas y solo al levantar la tapa del baño al llegar vimos que había sido usado sin tirar de la cadena. no había gel en la ducha tampoco. creo que la zona de recepción y es bonita y está bien cuidada pero por el precio deberían prestar más atención a las habitaciones...,4.0,2025-07-27,muy bien
sweet hotel renasa,españa,habitación individual,1,persona que viaja sola,aceptable,,la atención en recepción y olores insoportables en el baño,5.0,2025-07-20,muy bien
sweet hotel renasa,españa,habitación doble - 1 o 2 camas,1,persona que viaja sola,correcta,"bien ubicado, limpio",ruido por la mañana por parte de servicio de limpieza,6.0,2025-06-11,muy bien
sweet hotel renasa,españa,habitación doble - 1 o 2 camas,3,persona que viaja sola,evitar,,"internet pésimo, no pude trabajar. horarios de comida imposibles. el personal super grosero. nunca más.",4.0,2025-06-10,muy bien
sweet hotel renasa,españa,habitación doble - 1 o 2 camas,1,familia,estancia de 1 noche.,"nos dejaron antes de las 14.00h hacer el check in. la ubicación, que incluyera desayuno  el pan, la bolleria y el café muy rico , que tuviera cafetería y la comida de ésta muy rica y no precisamente cara , que la cama era cómoda, que tuviera cafa fuerte, wifi y que el personal fue muy amable.","la habitación era muy incómoda, en el baño apenas teníamos sitio para poner las cosas, y en el resto del cuarto tampoco. gel no tuvimos en la ducha menos mal trajimos uno nosotras, el papel higiénico  sería mejor si fuera un rollo , que apenas tenía enchufes, desenchufamos una lámpara para poder tener otro. y, sólo pedimos que la habitación diera al interior para no oir ruidos y no, la nuestra daba a la calle y oimos ruidos aunque supongo que menos que en la planta baja.",6.0,2025-04-25,muy bien
sweet hotel renasa,españa,habitación individual,1,persona que viaja sola,hotel muy sencillo aunque muy bien ubicado,"hotel sencillo muy bien ubicado respecto a mi destino laboral pero con infraestructura muy básica. habitación muy pequeña con paredes muy poco insonorizadas oyéndose con claridad conversaciones de habitaciones vecinas. baño muy pequeño con desagüe lavabo atascado, y olor desagradable a alcantarilla tras uso de cisterna wc.",,5.0,2025-04-02,muy bien
sweet hotel renasa,españa,habitación doble - 1 o 2 camas,1,pareja,buena estancia.,bueba limpieza. detalle de un pañuelo fallero ya que eran las fiestas.,habitación un poco pequeña. precio elevado aunque se que fue por las fiestas.,6.0,2025-03-17,muy bien
sweet hotel renasa,españa,habitación individual,1,persona que viaja sola,mala experiencia durmiendo por el mal control de los huespedes,el desayuno estaba bien,"había muy poco control del ruido, durante toda la noche gente gritando y haciendo ruido. hablo de las 4 de la mañana.",3.0,2025-03-17,muy bien
sweet hotel renasa,españa,habitación doble - 1 o 2 camas,2,persona que viaja sola,excepcional,la comodidad y el trato del personal,"el precio, muy elevado para la época del año que era",10.0,2025-02-17,muy bien
sweet hotel renasa,españa,habitación doble - 1 o 2 camas,1,persona que viaja sola,mejorable,"el personal es muy amable, está bien ubicado y bien insonorizado con respecto al exterior","el baño es muy básico y necesita una reforma, se escucha todo de las habitaciones vecinas",6.0,2025-02-14,muy bien
sweet hotel renasa,españa,habitación doble - 1 o 2 camas,1,pareja,pasable,,lo que menos me gustó fue ver hongos en la pared al lado de la ventana de la habitación por exceso de humedad.,6.0,2025-02-11,muy bien
sweet hotel renasa,españa,habitación individual,1,persona que viaja sola,agradable,ubicación,ruido y había una cucaracha en la habitación.,6.0,2025-01-27,muy bien
sweet hotel renasa,españa,habitación doble - 1 o 2 camas,5,pareja,agradable,el trato del personal,el olor de las tuberías en el baño,6.0,2025-01-17,muy bien
sweet hotel renasa,españa,habitación doble - 1 o 2 camas,1,pareja,no me gustó.,la cama,el cuarto de baño es como de hospital y es el único hotel en el que he estado en mi vida donde no te dejen hacer  late chek out .,5.0,2025-01-07,muy bien
sweet hotel renasa,españa,habitación doble - 1 o 2 camas,1,grupo,agradable,el personal de el bar muy amable,calefacción apagada y éramos dos personas y solo nos dieron una llave,6.0,2024-12-30,muy bien
sweet hotel renasa,españa,habitación triple  2 adultos   1 niño ,2,familia,agradable,localización.,"no está preparado para el acceso de minusválidos o carritos de bebés. parking complicadísimo, tienen un acuerdoncon un parking privado que se encuentra en un estado lamentable.",6.0,2024-12-25,muy bien
sweet hotel renasa,españa,habitación doble - 1 o 2 camas,1,familia,comodo,"el desayuno me pareció bien pero no desyune en el bufet sino en la cafetería. la habitación me pareció sencilla, le haría falta un lavado de cara, aunque que por el precio no me puedo quejar la contrate por booking.com, pero yo me hospedado en otras ocasiones y el hotel en general está genial.",la habitación en si,6.0,2024-12-14,muy bien
sweet hotel renasa,españa,habitación doble - 1 o 2 camas,2,pareja,nos cobraron 20 euros asegurando que rompimos el dispensador de jabón del lavabo.,el desayuno. variado y todo estaba bueno.,"cuando llegamos la habitación olía fuertemente a tabaco. tuvimos que dejar las ventanas abiertas y aún así no se fue del todo el olor. la jabonera del lavabo no dispensaba jabón a nuestra llegada, estaba mal encajada. se lo comunicamos a la recepcionista. cuál fue nuestra sorpresa que a la hora del check out, nos cobraron 20 euros porque la camarera que arregló la habitación dejó dicho que la jabonera funcionaba cuando llegamos y que fuimos nosotros los que la rompimos. además, la segunda noche, hubo un accidente en la avd. cataluña  justo debajo de nuestra vemtana  a las 10:30 de la noche y estuvieron las sirenas de policía, luces de grúa hasta la 1 de la mañana.",3.0,2024-12-08,muy bien
sweet hotel renasa,españa,habitación doble - 1 o 2 camas,2,pareja,"no repetiría, caro para la calidad del hotel",relativamente bien situado,"la atencion del personal, el olor a fritura en el hall, poco insonorización de habitaciones, toallas muy viejas, baño sin practicamente luz, camas separadas por una mesilla",4.0,2024-12-08,muy bien
sweet hotel renasa,españa,habitación individual,3,persona que viaja sola,habitación de pena,nada,"la habitación, posiblemente, en la peor que he estado en mi vida",4.0,2024-10-24,muy bien
sweet hotel renasa,españa,habitación doble superior - 1 o 2 camas,1,pareja,no estuve a gusto por el trato y la espera,habitación grande bonito y bonito,llegue y me tocó esperar hasta las 16:30 que mi habitación estuviera limpia y lista para entrar,6.0,2024-08-18,muy bien
sweet hotel renasa,españa,habitación individual,2,persona que viaja sola,decepcionante,amabilidad del personal y precios de restaurante,"ruidos, aspecto le hace falta una buena reforma, el olor de la habitación",4.0,2024-08-14,muy bien
sweet hotel renasa,españa,habitación doble - 1 o 2 camas,1,grupo,decepción,la situación,la habitación que nos dieron . se oían todas las tuberías de la planta alta. el lavamanos y el plato ducha estaban obstruidos,5.0,2024-08-03,muy bien
sweet hotel renasa,españa,habitación doble - 1 o 2 camas,1,familia,muy caro para lo que es,la amplitud de la habitación,"es el primer hotel que me cobran un suplemento por ponerme una cuna para un bebé. además el acceso al hotel es por escaleras, no tiene rampa; por lo que si tienes carro de bebé o silla de ruedas, es bastante incómodo. está lejos del centro.",6.0,2024-07-24,muy bien
sweet hotel renasa,españa,suite,1,pareja,perfecto,"habitación bastante grande , con  sala de estar   sillón, televisión grande con netflix y demás , que podías mover a cualquier sitio y lámpara. ventanal muy grande con buena luz. cama muy grande como para tres personas. perfecto todo",había un vaso de enjuagar la boca usado o sucio. una parte de la cama no tenía enchufe,10.0,2024-06-24,muy bien
sweet hotel renasa,españa,habitación doble - 1 o 2 camas,1,pareja,aceptable,la rapidez de la persona que nos hizo el check-in,"demasiado ruido, las toallas con demasiados usos, no hay ni neverita ni una mísera botella de agua.",5.0,2024-05-24,muy bien
sweet hotel renasa,españa,habitación individual,1,persona que viaja sola,aceptable,,habitación pequeña y ruido de la calle,5.0,2024-04-11,muy bien
sweet hotel renasa,españa,habitación doble - 1 o 2 camas,3,pareja,mejorar servicio cafetería,la cercanía a mi casal fallero y el detalle en el precio al reservar un día más,la cafetería ...la atención deja bastante que desear,10.0,2024-03-22,muy bien
sweet hotel renasa,españa,habitación doble - 1 o 2 camas,2,pareja,agradable,la cama,el ruido,6.0,2024-03-05,muy bien
sweet hotel renasa,españa,habitación doble superior - 1 o 2 camas,2,familia,aceptable,,"todo tenia polvo, el mando de la tv, la mesita de noche, el sofa, el telefono.",5.0,2024-02-09,muy bien
sweet hotel renasa,españa,habitación doble - 1 o 2 camas,1,pareja,aceptable,no desayunamos.la ubicación muy buena,la cama,5.0,2024-01-18,muy bien
sweet hotel renasa,españa,habitación individual,2,persona que viaja sola,la habitación individual es un poco escasa por 70  la noche. pero el servicio cumple.,disponer de aparcamiento por 16  y una cafetería abierta con la que desayunar por menos de 4 .,"hacia muchísimo calor en la habitación. había mucho ruido del tráfico. y para ser un tres estrellas, en la habitación había poco más que unas toallas y jabón. ni champu, ni cepillos de dientes...",6.0,2024-01-05,muy bien
sweet hotel renasa,españa,habitación doble - 1 o 2 camas,5,familia,buena ubicación pero muy mejorable,el personal de día de recepción es muy amable y nos ha ayudado todos los días. elevan la experiencia.,"el hotel no está claramente a un nivel de 3 estrellas. las habitaciones están muy descuidadas y no tienen detalles normales como minibar, cafetera calentador de agua, un secador de pelo que no se apague a los 3 minutos . además las ventanas interiores dan a un pulmón de edificio muy malo. no hay rampa en la entrada  tienes que subir escalera con las maletas  y las paredes son tan finas que pude hablar con la habitación continua sin necesidad de usar el teléfono ni gritar.",6.0,2024-01-04,muy bien
sweet hotel renasa,españa,habitación doble - 1 o 2 camas,3,pareja,decepcionante,"las instalaciones están reformadas y es bastante correcto, el personal de recepción es muy amable.","alejado del centro, es un hotel que solo son 2 plantas de un edificio de 15 plantas de viviendas, mal insonorizado, se oye todo, si te toca una habitación interior da a un patio lleno de maquinas de aire acondicionado que funcionan toda la noche y no te dejan dormir. el desayuno bastante normal, al menos si abrieron antes de cara al desayuno del dia de la maratón.",4.0,2023-12-04,muy bien
sweet hotel renasa,españa,habitación individual,1,persona que viaja sola,agradable,la ubicación,lo pequeña que era y la puerta del baño tropezaba con el radiador,6.0,2023-11-12,muy bien
sweet hotel renasa,españa,habitación doble - 1 o 2 camas,1,pareja,aceptable,la atención en recepción,"la atención en cafetería muy mala y lentos,el precio caro calidad avitacion",5.0,2023-11-05,muy bien
sweet hotel renasa,españa,habitación doble superior - 1 o 2 camas,1,pareja,aceptable,habitación amplia.buena ubicación.,precio más económico. personal de recepción poco amable.,5.0,2023-10-23,muy bien
sweet hotel renasa,españa,habitación doble superior - 1 o 2 camas,1,persona que viaja sola,agradable,"lo amplia que era la habitación, lo simpática y atenta que era la chica argentina de recepción que me resolvió de mis dudas con una sonrisa aunque fuese tarde.","en la habitación se escuchaba todo lo que pasaba en los pasillos, me desperté varias veces por ruidos de incluso estornudos en mitad de la noche y por la mañana ya fue imposible dormir con el jaleo del resto de huéspedes. también me pareció un poco caro para una noche.",6.0,2023-10-19,muy bien
sweet hotel renasa,españa,habitación doble - 1 o 2 camas,3,pareja,agradable,desayuno en cafetería con mucha variedad y a buen precio,"mucha variedad entre habitaciones. pagando lo mismo puede tocarte una habitación más grande, mucho más luminosa con terraza y con cama más grande...en mi caso fue una habitación pequeña que daba a un patio interior, por lo que apenas tenía luz natural. no me parece justo esta diferencia de habitaciones pagando lo mismo.",6.0,2023-10-13,muy bien
sweet hotel renasa,españa,habitación individual,1,persona que viaja sola,agradable,"el hotel está nuevo, recién renovado. la cafetería tiene un menú muy bueno. el desayuno está bien.","mi habitación daba a un patio interior lleno de aparatos de aire acondicionado que durante la noche hacían ruido. por la misma razón, la habitación no tenía luz. la ducha estaba colocada al revés  no en vertical sino en horizontal  por lo que era un poco incómoda. no tienen rampa de acceso por lo que hay que cargar a pulso con las maletas",6.0,2023-10-10,muy bien
sweet hotel renasa,españa,habitación doble - 1 o 2 camas,3,familia,habitación acogedora,buena atención por parte del personal. aire acondicionado en la habitación.,almohadas y colchones incómodos.,5.0,2023-09-27,muy bien
sweet hotel renasa,españa,habitación doble - 1 o 2 camas,2,pareja,agradable,desayuno bueno,se oye ruido de las demás habitacio nes. el ruido que hacía el aparato de aire acondicionado.,6.0,2023-09-04,muy bien
sweet hotel renasa,españa,habitación doble - 1 o 2 camas,1,pareja,aceptable,el trato del personal,el aire de la habitación no funcionaba. y el mobiliario no estaba en las mejores condiciones,5.0,2023-07-17,muy bien
sweet hotel renasa,españa,habitación doble - 1 o 2 camas,1,pareja,agradable,la amplitud,el ruido,6.0,2023-06-05,muy bien
sweet hotel renasa,españa,habitación individual,1,persona que viaja sola,aceptable,,la?habitación muy pequeña y con él cabecero de la cama al lado de la puerta,5.0,2023-04-26,muy bien
sweet hotel renasa,españa,habitación triple  2 adultos   1 niño ,1,familia,"poco descanso, una pena",estaba bien ubicado. habitación amplia y limpia,"mucho ruido en las calles, nos tocó una habitación al lado de una calle con muchísimos contenedores y pasaron a recoger la basura. en el pasillo alguien decidió entrar y salir de las habitaciones de madrugada dando golpes y portazos.",5.0,2023-04-23,muy bien
sweet hotel renasa,españa,habitación individual,1,persona que viaja sola,decepcionante,la zona de bar restaurante y la ubicación,"las instalaciones, la habitación con mobiliario muy viejo, la tv no funcionaba, el lavado con deficiencias y alguna cosa más",4.0,2026-04-13,muy bien
sweet hotel renasa,españa,habitación individual,1,persona que viaja sola,cucarachas en las estancias,,cucarachas en las habitaciones,1.0,2026-04-06,muy bien
sweet hotel renasa,españa,habitación doble - 1 o 2 camas,1,pareja,"horrible, no puedes dormir por ventiladores del súper de abajo","fue imposible dormir, bajo de la habitación están los ventiladores del supermercado y es un ruido constante día y noche, no puedes dormir de la vibración y el ruido que hacen","fue imposible dormir, bajo de la habitación están los ventiladores del supermercado y es un ruido constante día y noche, no puedes dormir de la vibración y el ruido que hacen",1.0,2026-04-06,muy bien
sweet hotel renasa,españa,habitación doble - 1 o 2 camas,1,persona que viaja sola,pesima,el irme.,todo,1.0,2026-02-23,muy bien
sweet hotel renasa,españa,habitación doble - 1 o 2 camas,3,pareja,decepcionante,"la tranquilidad, se escucha cuando los otros huéspedes están en el pasillo caminando pero cuando entran a las habitaciones no se escucha nada, se descansa muy bien, esto sin duda es lo mejor.","no había papelera en la habitación solo en el baño. no había una neverita para guardar cosas. la limpieza era solo hasta las 14:00, media hora antes te ponen una tarjeta debajo de la puerta diciendo que se acabó por hoy, no me gustó. en recepción se pidió unas sábanas limpias y no nos la dieron solo toallas, punto muy muy negativo ya que decían que solo el personal que limpia las habitaciones las pueden usar. para lo caro que es, mala experiencia. el personal sin más, bastante indiferente, bastante frío.",4.0,2026-02-18,muy bien
sweet hotel renasa,españa,habitación individual,1,persona que viaja sola,pésimo,ubicacion,habitaciones pequeñísima. muy sucias. telarañas,1.0,2026-02-08,muy bien
sweet hotel renasa,españa,habitación doble - 1 o 2 camas,1,pareja,pésimo,la localización,"estaba sucio, no iba la calefacción, pedí cama doble y pusieron 2 infividuales lo cual dificulta si quieres dormir con alguien, había mucho ruido de las lavadoras en la parte superior durante toda la noches",1.0,2026-01-31,muy bien
sweet hotel renasa,españa,habitación individual,1,persona que viaja sola,pésimo,nada,todo fatal,1.0,2025-12-13,muy bien
sweet hotel renasa,españa,habitación individual,1,persona que viaja sola,muy caro para una habitación de 3x4,"el personal, muy amable y atento","la habitación era minúscula, muy claustrofóbico con una sola pequeña ventana a un patio interior. pague 130  por una noche , muy caro para la habitación que recibí , no incluía ni siquiera un café o desayuno.",4.0,2025-11-27,muy bien
sweet hotel renasa,españa,habitación doble - 1 o 2 camas,3,familia,decepcionante,el desayuno y el trato del personal,"la falta de limpieza, los enchufes en estado deficiente y sobre todo las múltiples barreras arquitectónicas como escaleras o el diminuto tamaño del ascensor. un hotel del siglo pasado.",4.0,2025-11-23,muy bien
sweet hotel renasa,españa,habitación doble superior - 1 o 2 camas,1,grupo,overpriced,buena ubicación y personal atento.,"sinceramente mi estancia fue solo de una noche, no estuve mucho tiempo en el alojamiento, lo peor fue el escuchar el trafico por la noche, aunque en general estuve cómodo y el personal fue muy amable, el precio de una habitación por una noche considerando las características del hotel no es para nada razonable.",6.0,2025-10-29,muy bien
sweet hotel renasa,españa,habitación individual,2,persona que viaja sola,decepcionante,ubicación muy buena,mal olor en la pieza .olor de cañerías sucias desde el baño.,4.0,2025-10-25,muy bien
sweet hotel renasa,españa,habitación doble superior - 1 o 2 camas,1,persona que viaja sola,agradable,ubicación,otra chica delante de mí reservando por booking tenía una habitación bastante mas barata.,6.0,2025-10-15,muy bien
sweet hotel renasa,españa,habitación doble - 1 o 2 camas,1,pareja,aceptable para lo que era el viaje,el baño,había muchísimo ruido y se sentían las cisternas de los baños.,5.0,2025-10-14,muy bien
sweet hotel renasa,españa,habitación doble - 1 o 2 camas,1,pareja,aceptable,habitación espaciosa,personal de recepción y malisima insoronización,5.0,2025-10-04,muy bien
sweet hotel renasa,españa,habitación doble - 1 o 2 camas,2,persona que viaja sola,menos no es más.,"con diferencia, el desayuno  en relación calidad-precio  lo mejor.",personal de recepción muy heterogéneo en trato. tiene 3 estrellas  alguna de regalo . por las noches  en el segundo piso  resulta ruidoso. muy caro para lo que ofrece.,5.0,2025-09-28,muy bien
sweet hotel renasa,españa,habitación doble - 1 o 2 camas,3,pareja,aceptable,la ubicación,,5.0,2025-09-04,muy bien
sweet hotel renasa,españa,habitación doble - 1 o 2 camas,1,pareja,incomoda,cama,"aire acondicionado roto, y muy ruidoso. el personal soso, seco",1.0,2025-08-21,muy bien
sweet hotel renasa,españa,habitación doble - 1 o 2 camas,2,grupo,no lo recomiendo,desayuno normal. no repetiría,"la distancia del centro está incomunicado, todo en taxi. no lo recomiendo a otras personas",5.0,2025-08-02,muy bien
sweet hotel renasa,españa,habitación doble - 1 o 2 camas,2,familia,pésimo,"habitación muy pequeña interior, no se podia abrir la ventana.mal olor de tuberias, poca luz tanto en el baño como en la propia habitación.","no lo recomiendo para quedarse, ni personal amable ni instalaciones limpias olia a cerrado y a tuberías viejas",1.0,2025-06-30,muy bien
sweet hotel renasa,españa,habitación doble - 1 o 2 camas,2,pareja,hotel mejorable,la habitación del segundo dia,"la habitación que nos dieron el primer dia. era una entreplanta con poca luz, baño mejorable y solicitamos cambiarnos pero no fué posible",5.0,2025-06-19,muy bien
sweet hotel renasa,españa,habitación individual,1,persona que viaja sola,precio muy elevado para lo que ofrece,"atención muy cordial del personal, gente muy amable y eficiente.",conexión a internet desactivada durante la noche. comunicación con recepción inexistente durante la noche. trabajos en recepción ????,5.0,2025-05-29,muy bien
sweet hotel renasa,españa,habitación doble - 1 o 2 camas,1,familia,he ido pero jamás volveria,"calidad precio un engaño, esa habitación carisma para lo viejo y mal adaptado que está","el desayuno con respecto al precio mal no, peor, desayuno cutre cutre, este hotel tiene el mismo precio que el hotel melia, no había habitaciones y confiamos en el vuestro, gran error, jamás recomendaría vuestro hotel, es más, aconsejaría qur no fueran allí",2.0,2025-05-26,muy bien
sweet hotel renasa,españa,habitación individual,1,persona que viaja sola,brevedad,ubicacion lejos del metro facultats.,"habitacion individual, muy incomoda, para dormir y falta de mini bar, por el precio pagado,solo alojamiento.",5.0,2025-05-22,muy bien
sweet hotel renasa,españa,habitación doble - 1 o 2 camas,1,pareja,desastre ...necesitan mejorar mucho,estaba limpio,"el.personal de recepción un desastre. todos . al.menos traté con 4 personas y solo una de ellas parecía saber lo que hacía. sin jabon en el baño, mucho ruido, cortinas sucias en el baño, huevos del desayuno incomibles, ...mala experiencia",6.0,2025-05-14,muy bien
sweet hotel renasa,españa,habitación doble - 1 o 2 camas,2,pareja,no volveré nunca más!,"prácticamente nada. especialmente el cuarto de baño. un horror!! no funcionaba bien nada. ni la cisterna, ni el inodoro, ni el desagüe de la bañera. siempre atascado. lamentable!",,1.0,2025-05-03,muy bien
sweet hotel renasa,españa,habitación individual,1,persona que viaja sola,aceptable,"el personal de recepción por la noche muy desagradable   hombre mayor , solicite su ayuda y accedió después de varios intentos y de muy mala gana",,5.0,2025-04-11,muy bien
sweet hotel renasa,españa,suite,1,pareja,pésimo,,"estaba en él porque tenía una prueba selectiva, lo escogí porque indicaba que estaba insonorizado, cuál fue la sorpresa de que estuve toda la noche escuchando el ruido del motor del ascensor sin poder pegar ojo. le indique a la recepcionista el problema y me dijo que nos podíamos ir si queríamos. además, el buffet de desayuno no abre hasta las 8:00, al menos nos prepararon algo para poder picar antes.",1.0,2025-03-25,muy bien
sweet hotel renasa,españa,habitación doble - 1 o 2 camas,4,pareja,demasiado caro para los servicios. necesita una actualización,la ubicación y el personal que nos ayudó.,"no tenían muchos servicios que esperas en un hotel de 3 estrellas. no había gorros de ducha ni pidiéndolos, no tenían plancha para los clientes y el servicio de lavandería no funciona en fin de semana, por lo que dependimos de los favores del personal. el precio desorbitado para el alojamiento y sus servicios. el ascensor se escuchaba todo el rato y las voces por los pasillos a todas horas.",5.0,2025-03-15,muy bien
sweet hotel renasa,españa,habitación doble - 1 o 2 camas,1,pareja,no volveria,,mucho ruido de máquinas durante toda la noche y ruido del piso de arriba.,2.0,2025-02-01,muy bien
sweet hotel renasa,españa,habitación triple  2 adultos   1 niño ,2,familia,"para 1 o 2 noches de paso está regular, pero con bebés nada recomendable.",la ubicación y la comodidad de las camas,"no tiene rampa para discapacitados, en mi caso tengo un bebé en un carrito y mi mujer yo teníamos que levantar el carrito con el bebé dentro para subir las escaleras en eran algunas, tampoco tienen minibar en las habitaciones para ya sea consumir, refrigerar en nuestro caso la leche de extracción de mi mujer para el bebé, las paredes escuchábamos a las parejas de los lados reírse y hablar ósea poquísima insonorización, en el baño aparecieron bichos y moho en ciertas partes y se salía el agua de la ducha, luego los desayunos súper caros y exageradamente sencillos. sin duda no volvería a repetir. no se si fueron muchas circunstancias juntas que nos ocurrieron y los demás no se como les habrá pasado pero en mi caso no volvería a menos que fuese la única opción.",5.0,2025-01-14,muy bien
sweet hotel renasa,españa,habitación doble - 1 o 2 camas,1,pareja,muy malo,el bar de al lado del hotel está riquísimo y tiene unos precios increíbles. la ubicación es buena.,"me alojé aquí para participar en el 10k de valencia. fue la peor decisión que pude tomar. las camas son durísimas, como dormir en una roca. las almohadas igual, antes de caer dormido ya me dolía el cuello. las paredes son de papel, se oye todo de las otras habitaciones, pasillo, los coches de la calle  imposible dormir hasta que el tráfico del centro baja  sobre la 1 . en fin, si os apetece descansar bien, no vengáis.",1.0,2025-01-13,muy bien
sweet hotel renasa,españa,habitación doble - 1 o 2 camas,1,pareja,vergonzoso,no pudimos saberlo,"al llegar me dicen que la reserva me la han cancelado, miro en booking y la reserva sigue apareciendo vigente simplemente me ponía que al pasar de las 12 tenía que poner una tarjeta para garantizar la reserva que aún tenía 80 minutos para ponerla y si no se cancelaría... pues me dijeron que a ellos les daba igual que no tenían más habitaciones y que mi reserva estaba cancelada, una vergüenza total, jamás me había ocurrido algo así",1.0,2024-10-24,muy bien
sweet hotel renasa,españa,habitación individual,1,persona que viaja sola,claustrofóbico,nada,"habitación en el primer piso sin luz y sin poder abrir la ventana porque daba a un patio lleno de máquinas de aire acondicionado y tuberías no podías ventilar la habitación. ruidos por todos lados: pasillos, habitación de al lado, de la habitación del piso arriba",1.0,2024-10-19,muy bien
sweet hotel renasa,españa,habitación individual,1,persona que viaja sola,zulo por 100 euros,zulo a precio de 100 euros la noche. estafa.,habitación zulo por 100 euros.,1.0,2024-09-16,muy bien
sweet hotel renasa,españa,habitación doble - 1 o 2 camas,1,pareja,agradable,"el desayuno correcto y la ubicación bien, ya conocía zona",las instalaciones no se corresponden con el precio de la habitación.,6.0,2024-07-30,muy bien
sweet hotel renasa,españa,habitación doble - 1 o 2 camas,1,pareja,hotel regular habitación bien el resto baja calidad,"tamaño de habitación,","el desayuno buffet es malo, escaso, no es de un hotel de 3 estrellas, el desayuno de la cafetería es correcto por precio tamaño muy justo pan malo de la tostada, la máquina de vending no funciona con tarjeta ni hay posibilidad de que te den efectivo en el hotel si llegas de noche y no tienes suelto no puedes ni beber agua.",5.0,2024-07-15,muy bien
sweet hotel renasa,españa,habitación doble - 1 o 2 camas,1,pareja,pésimo,,poca limpieza y baño con olor a desagüe,1.0,2024-07-13,muy bien
sweet hotel renasa,españa,habitación doble - 1 o 2 camas,1,pareja,mal descanso,,"el ruido, desde las 09 de la mañana había demasiado ruido de voces y portazos. habitaciones mal asiladas",4.0,2024-07-08,muy bien
sweet hotel renasa,españa,habitación individual,3,persona que viaja sola,aceptable,localización.,estaba sucio. el agua caliente no funcionaba hasta después de 10 minutos con el grifo abierto. mucho ruido se madrugada por un grupo de borrachos y no se tomaron medidas. solo una toalla.,5.0,2024-06-23,muy bien
sweet hotel renasa,españa,habitación individual,1,persona que viaja sola,no recomiendo salvo última opción,que es el hotel que  más cerca está  de la universidad politécnica  20min andando ,"la insonorización, lo antiguo que es aun con el lavado de cara que tiene, sin persianas y sin cuadrar bien las cortinas para dar privacidad y oscuridad en la noche. habitación muy pequeña por el precio que se paga... es un hotel antiguo al que le hicieron un lavado de cara pero que tiene una falta enorme de mejoras en cuanto a insonorización, privacidad y cerramiento en ventanas. me he tenido que alojar varias veces y no es problema de una sola habitación. en alguna, el wc está dentro de la placa de ducha. no hay persianas y las cortinas dejan pasar bastante luz, teniendo el cabecero prácticamente al lado y no pudiendo descansar. las ventanas es como si estuvieran abiertas, se escucha el tráfico de la calle, la gente paseando, los camiones de basura... conté 7 camiones en una sola noche y el correspondiente ruido. si pago 100  por una habitación individual con una cama de 90cm y todos estos inconvenientes...no puedo poner otra valoración. no  pudieron  cambiarme de habitación por estar completo el hotel de reservas aun no habiendose ocupado en su totalidad a mi llegada y haberlo pedido por favor. esta habitación en concreto fue la 106. la habitación en la que estuve en otra ocasión que daba a un patio interior claustrofóbico, tenia la ducha y el wc junto, no recuerdo el número de habitación.",3.0,2024-04-19,muy bien
sweet hotel renasa,españa,habitación triple  2 adultos   1 niño ,3,familia,no pienso volver a este hotel.,,"la ubicación no es buena, solo cervecerías y bares de tragos a corta distancia, muy poca oferta de restaurants excepto comida asiática o turca. lo mejor que hay allí cerca es un supermercado mercadona, pero no se puede aprovechar la buena oferta de comidas preparadas o sopas porque el hotel no cuenta con elementos  microondas, calentador, etc.  el personal del restaurant del hotel es poco amable. el desayuno es pobre en variedad y calidad. no hay suficientes enchufes en la habitación. no hay una pava eléctrica ni una pequeña heladera., ni tampoco dispenser de agua caliente para poder hacer un té. cada una de las personas que trabajan en recepción tiene una versión distinta de todo, incluso del precio del desayuno; mala comunicación interna y mal asesoramiento al huésped. el acceso al hotel tiene una escalera equivalente a medio piso y no hay nadie que colabore para ayudar a subir las maletas.",4.0,2024-03-22,muy bien
sweet hotel renasa,españa,habitación individual,1,persona que viaja sola,aceptable,la cama y que tenía calefacción,"había pelos de otra persona en el baño, la habitación olía a orina, habían manchas blancas en la cortina . no había absolutamente nada de parking y había escogido el hotel por ese motivo principalmente",5.0,2024-03-04,muy bien
sweet hotel renasa,españa,habitación doble - 1 o 2 camas,2,pareja,estancia necesaria pero no placentera.,la ubicación,"muy pocos servicios  no minibar , paredes que se oye y es molesto. mala calidad general para el precio. no se corresponde.",5.0,2024-02-16,muy bien
sweet hotel renasa,españa,habitación individual,1,persona que viaja sola,mal,mala insonorización. habitación mal climatada,,3.0,2024-02-01,muy bien
sweet hotel renasa,españa,habitación individual,1,persona que viaja sola,mal,la ubicación y la atención en recepción.,pelos en el suelo de la habitación. el falso techo del aseo tenía óxido y estaba en mal estado. la mampara no cerraba adecuadamente y se salía el agua. mal aislado acústicamente.,3.0,2024-01-23,muy bien
sweet hotel renasa,españa,habitación individual,1,pareja,"relación precio calidad, cara",,"habitación pequeña, mucho pasillo y daba a un patio de luces",5.0,2023-10-24,muy bien
sweet hotel renasa,españa,habitación individual,2,persona que viaja sola,no recomendable,no,"todo es interior, pasillos infernales, mal olor en baño, calor",2.0,2023-10-22,muy bien
sweet hotel renasa,españa,habitación individual,2,persona que viaja sola,para no repetir,la limpieza,"mi experiencia ha sido nefasta.habitacion individual de tamaño ridiculo , en el que era mas grande el baño que la propia habitación.daba hasta claustofia. la ventana daba a un patio de luces oscurismo en el que debido al ruido de las unidades exteriores de los aires acondicionados no pude pegar ojo. para llegar a la habitacion era como un laberinto.he estado en muchos hoteles y como este de malo jamás.100 euros la noche ...",2.0,2023-10-01,muy bien
sweet hotel renasa,españa,habitación doble - 1 o 2 camas,1,pareja,pésimo,el desayuno buffet es correcto,"nos asignaron una habitacion en la planta baja, a pie de calle. camas individuales cuando habiamos pedido de matrimonio. el aire acondicionado estaba parado asi que tardamos horas en poder enfriarla en pleno agosto a 28 grados en la ciudad.",1.0,2023-08-10,muy bien
sweet hotel renasa,españa,habitación individual,2,persona que viaja sola,normal,,el restaurante no es bueno,6.0,2023-07-23,muy bien
sweet hotel renasa,españa,habitación doble - 1 o 2 camas,1,pareja,no pude conciliar el sueño en toda la noche,la ubicación buena  lo mejor de la estancia .,por el precio de la habitación no te pueden meter en una planta baja al nivel de la calle con los ruidos de una zona céntrica de valencia. sin opción de cambiar de habitación.,4.0,2023-06-24,muy bien
sweet hotel renasa,españa,habitación individual,1,persona que viaja sola,pésimo,las habitaciones están reformadas,"extremadamente ruidoso, es la segunda vez que me pasa, se oye absolutamente todo en la habitación de al lado y en una de las habitaciones estuvieron con música y gritando hasta las 5 de la mñn y el hotel no hizo nada. fui a pasar la noche previa a un examen y no lo recomiendo en absoluto.",1.0,2023-06-02,muy bien
sweet hotel renasa,españa,habitación doble - 1 o 2 camas,1,pareja,bien,,no estaba muy limpio,7.0,2025-12-29,muy bien
sweet hotel renasa,españa,habitación doble - 1 o 2 camas,1,pareja,infierno en valencia,"no disponía de agua caliente, la tapa del inodoro rota me dañó; no había jabón en el dispensador y las toallas estaban sucias",todo,1.0,2023-08-10,muy bien
sweet hotel renasa,españa,habitación doble - 1 o 2 camas,1,pareja,small friendly hotel. good rest and great buffet. excellent value for money.,"clean, friendly, comfortable beds   pillow, which is very important! well located, we like to walk and it s a nice stroll down to the historic centre  about 20 minutes . the buffet was great  everything fresh, nice coffee .","we liked everything. however, our shower had some issues and the water leaked out, but other than that we liked the hotel and we will use it again and recommend it.",9.0,2026-03-04,muy bien
sweet hotel renasa,españa,habitación doble superior - 1 o 2 camas,2,pareja,bien,"spacious room, confortable beds","soundproofing is terrible, specially on second floor where you can hear neighbors on the third floor  not part of the hotel . they re partying until 01.30 on friday night!",7.0,2026-02-04,muy bien
sweet hotel renasa,españa,habitación doble - 1 o 2 camas,1,familia,graduation attendance,"location was great, the rooms were spacious and the airconditioning worked well. the beds were comfortable and the shower was good",,9.0,2025-06-29,muy bien
sweet hotel renasa,españa,habitación doble - 1 o 2 camas,2,pareja,a good break away,great facilities but didn t have time to use them all. staff were welcoming. spacious room.,"the hotel only replied to my email which i sent before i left home, 17 hours later. my question was about parking. the restaurant is very small and we couldn t book a table to eat because it was always full. the breakfast is 10 euros and not 8 euros as stated on booking.com. it is a little far out from the main tourist attractions, you would need to use public transport or expect a long walk.",8.0,2024-03-20,muy bien
sweet hotel renasa,españa,habitación individual,5,grupo,good place to stay a few days in valencia,room was ok. clean service ok and the location was great. in the area there were lots of places to eat and have breakfast. staff was very nice.,too much noise from people who lives upstairs.,7.0,2024-01-06,muy bien
sweet hotel renasa,españa,habitación doble - 1 o 2 camas,2,pareja,bien,breakfast was super,"the check-in time was not according to the hotel information. also i asked the hotel two weeks before coming about early check-in, and they told me check-in time is 13pm. but they checked-in us at 15pm, and we had to change our first plans because of this.",7.0,2023-08-16,muy bien
sweet hotel renasa,españa,habitación individual,1,persona que viaja sola,recommend.,decent value for money considering the city centre location.,the  view  from my room was awful! it looked into the central space between 4 buildings and i couldn t open the window because of the smells coming from vents and drains. a shame because i really liked the room and hotel otherwise.,8.0,2023-08-04,muy bien
sweet hotel renasa,españa,habitación doble - 1 o 2 camas,3,grupo,football trip,"great location, very helpful staff,cant find a fault.",like it all,10.0,2024-04-26,muy bien
sweet hotel renasa,españa,habitación doble - 1 o 2 camas,1,familia,excelente,excelente. recomendable,,10.0,2023-11-14,muy bien
sweet hotel renasa,españa,habitación doble - 1 o 2 camas,1,familia,excepcional,everything was good,,10.0,2023-05-23,muy bien
sweet hotel renasa,españa,habitación doble - 1 o 2 camas,1,grupo,ok but won t stay there again,it was comfortable,"a bit to far out from attractions, didn t enjoy the food",6.0,2025-09-17,muy bien
sweet hotel renasa,españa,habitación doble - 1 o 2 camas,2,grupo,aceptable,,we couldn t sleep because of the noise of the other other rooms and the kitchen early.,5.0,2026-01-02,muy bien
sweet hotel renasa,españa,habitación individual,1,persona que viaja sola,aceptable,,"very small rooms, bed wasn t comfortable",5.0,2025-07-19,muy bien
sweet hotel renasa,españa,habitación doble - 1 o 2 camas,1,pareja,decepcionante,good location for the mastalla,tired hotel,4.0,2024-04-01,muy bien
sweet hotel renasa,españa,habitación doble superior - 1 o 2 camas,1,familia,communal areas are nice. room is a bit bland and tired. comfy bed saved the day.,the bed was really comfortable and clean so we slept well. effective wall heater took the chill off when we put it on and left for a few hours it was warm when we returned. windows are really good at keeping street noise out and thankfully could be opened to let out the smell on the bathroom and hallway.,i booked the last available room on booking.com. it was a superior room with balcony. i didn t need the balcony but was annoyed to find the room didn t have it when i d paid for it. i was offered free breakfast for our party but declined this and asked for a discount to the normal rate instead as i didn t have time for breakfast the next day. i was refunded 10 euros which seemed like a joke. the room smelt of drains and was really cold when we arrived. the bathroom is very tired and stark. furniture is tatty. it was expensive considering we d just stayed in a nearby apartment for half the price.,5.0,2026-03-06,muy bien
sweet hotel renasa,españa,habitación individual,1,persona que viaja sola,pésimo,,"i was unable to arrive on time, so my reservation was cancelled. however, the hotel still took payment",1.0,2023-04-29,muy bien
sweet hotel renasa,españa,habitación doble - 1 o 2 camas,1,persona que viaja sola,fantástico,"qualitat-preu, localització, espaiós",res,9.0,2025-08-23,muy bien
sweet hotel renasa,españa,habitación doble - 1 o 2 camas,1,familia,muy bien,molt net. habitació espaiosa.,,8.0,2025-07-23,muy bien
sweet hotel renasa,españa,habitación doble - 1 o 2 camas,1,familia,bona opció per una escapada a la ciutat,"habitació comfortable, àmplia i silenciosa. hotel a tenir en compte per a futures visites.",tot ok,9.0,2024-08-19,muy bien
sweet hotel renasa,españa,habitación doble - 1 o 2 camas,3,pareja,fantástico,l atenció i la situació,tot bé,9.0,2023-08-31,muy bien
sweet hotel renasa,españa,habitación individual,3,grupo,bien,"la ubicació és molt bona. les habitacions espaioses i confortables, silencioses. el bar molt agradable.","el tracte de la recepcionista -una noia- inadequat. informació sobre la nostra reserva confosa i en desacord amb el que habíem parlat amb l altra persona encarregada. va ser lamentable el tracte, també envers la nostra llengua, incapa  de fer cap esfor  per entendre ns, exigint-nos sense cap respecte que li parléssim en castellà. no m explico com no podia entendre:  la targeta de l habitació no funciona , molt similar en castellà. penso que la llengua del territori mereix més respecte, les persones que la parlem també. segur que a un estranger no li posa tantes pegues! deplorable!",7.0,2026-02-11,muy bien
sweet hotel renasa,españa,habitación individual,1,persona que viaja sola,"hotel ideal für einen kurzaufenthalt, ca. 7 autominuten von der altstadt entfernt",- freundliches personal - kostenlose parkmöglichkeiten in der nähe - preis - leistungsverhältnis ok,- leider hatte ich zum duschen nur kaltes wasser  war aber in der jahreszeit kein grosses problem für mich  ausserdem war das wc defekt.,7.0,2025-08-12,muy bien
sweet hotel renasa,españa,habitación doble con cama supletoria,1,familia,bien,el tracte de la gent,la mida dels llits,7.0,2025-08-10,muy bien
sweet hotel renasa,españa,habitación doble - 1 o 2 camas,1,familia,bien,situació,cisterna espatllada i molta fressa. poc insonoritzat i se sent tot,7.0,2025-01-13,muy bien
sweet hotel renasa,españa,habitación doble - 1 o 2 camas,2,familia,muy bien,camera molto grande e spaziosa,bagno senza finestra è senza ventilazione,8.0,2024-10-12,muy bien
sweet hotel renasa,españa,habitación individual,3,grupo,          ,"               ,                      ,                 .                               .                               .                  ,                  .                      .                                    .                      .                           .","              .                                             ,                                                                   ,                            ,                                                               ,                       ,                                              ,                                                ,                                       ",8.0,2024-02-25,muy bien
sweet hotel renasa,españa,habitación doble - 1 o 2 camas,4,grupo,nel complesso bene,"colazione ottima, camere pulite, comfort. personale gentile, vicino alla metro","l hotel ha addebitato 100  in più perchè ha sostenuto che la prenotazione della camera era per 1 perona e non per 2. invece su booking c era scritto 2 persone. era un prezzo che comprendeva colazione e cena, ma nessuno ci ha detto che c era anche l opzione con 1 piatto in più. bastava saperlo e avremmo scelto quella opzione..",8.0,2025-01-02,muy bien
sweet hotel renasa,españa,habitación doble - 1 o 2 camas,3,pareja,für ein oder zwei tage okay,,das fenster ging in einen dunklen innenhof,7.0,2024-01-06,muy bien
sweet hotel renasa,españa,habitación individual,1,persona que viaja sola,bien,,molt car,7.0,2023-06-08,muy bien
sweet hotel renasa,españa,habitación individual,1,persona que viaja sola,excepcional,"              ,                                  ,     ,                                 .      ,                 .                                             ,         corazón rojo","            ,                    .",10.0,2026-03-26,muy bien
sweet hotel renasa,españa,habitación doble - 1 o 2 camas,2,pareja,un lugar ideal para un fin de semana en pareja,"la atención del personal un 10 absoluto, resolvieron todas nuestras dudas, nos dieron recomendaciones y simplemente amenizaron aún más la experiencia. las habitaciones muy cómodas y limpias, por no hablar de la ubicación.",el agua se salía de la ducha y aunque tuviesemos cuidado luego de ducharnos siempre había agua en el suelo de nuestro baño.,10.0,2025-01-20,muy bien
sweet hotel renasa,españa,habitación doble - 1 o 2 camas,2,pareja,"            .       .                                  ,          .     .        .            ,     ,                 .",     .                   .,      ,10.0,2024-08-21,muy bien
sweet hotel renasa,españa,habitación doble - 1 o 2 camas,4,grupo,excepcional,"mi-a pl cut valencia ,este un ora  mare ,cu plaja  i hotelul este situat într-o zona linistita .dac  as mai avea ocazia as mai merge o data .","ca am stat pu in, as fi vrut sa stau mai mult .",10.0,2025-04-23,muy bien
sweet hotel renasa,españa,habitación doble - 1 o 2 camas,2,familia,5 10,                        ,"        ,                                                                             ,                   ,                                    ,          ",6.0,2024-01-21,muy bien
sweet hotel renasa,españa,habitación doble - 1 o 2 camas,2,pareja,just per passar dues nits i no fer massa vida a l hotel.,,"el soroll que se sent de motor constantment similar al d un ascensor, és molt molest i dificulta el descans. les cortines no són totalment opaques i això fa que el descans tampoc sigui l esperat. la comoditat del llit és millorable i la tv actualitzable.",5.0,2026-03-01,muy bien
sweet hotel renasa,españa,habitación individual,3,persona que viaja sola,agradable,l atenció del personal era excel lent,"l única finestra donava a un pati interior on estaven els aparells de tots els aires condicionats, els vidres de la finestra aïllaven però tot i així se sentia la remor del soroll dels aparells durant tota la nit. poca accessibilitat, esglaons a l entrada, per baixar a la cafeteria i per anar al saló on servien el bufet de l esmorzar.",6.0,2023-08-15,muy bien
sweet hotel renasa,españa,habitación doble - 1 o 2 camas,3,familia,decepcionante,unica cosa buona che è ben collegata con i vari mezzi di trasporto,"personale non attento, camera polverosa, non esattamente come nelle foto, ho chiesto di poter cambiare camera e non mi è stato concesso. abbiamo ordinato cobo d asporto essendo arrivate tardi, il driver a lasciato il cibo alla reception e i receptionist non si sono preoccupati di avvisarci quindi siamo scesi noi ed il cibo era già freddo. non consigliato.",4.0,2025-05-15,muy bien
sweet hotel renasa,españa,habitación doble - 1 o 2 camas,1,persona que viaja sola,"              ,          3       .","                           ,                 .","              .    ,          ,            :                   ,     -        2        ,                .                                  .                            .                     ",6.0,2024-10-15,muy bien
sweet hotel renasa,españa,habitación individual,2,persona que viaja sola,aten ie escroci!,doar pozi ia.,"pentru o oglind  care era deja cr pat   i au dat vina pe mine mi-au retras din cont 150 . cine a cr pat-o e dificil de probat, dar c  un produs de max. 17 euro s -l impute de cca. 10 ori mai mult arat  c-au escrocheria în obi nuin  . face i poze când ocupa i o camer  c    tia sigur v  vor taxa pentru defecte vechi întotdeauna dup  ce pleca i ca s  nu pute i lua vreo atitudine. pot demonstra oricând, oricui. aten ie mare la ei c -s escroci.",1.0,2024-08-18,muy bien
sweet hotel renasa,españa,habitación triple  2 adultos   1 niño ,2,familia,tema nens no queda prou clar,la amabilitat del cambrer del restaurant.,"relació qualitat preu, no aclaren el tema dels nens, reserves adults i un nen i després resulta que has de pagar els ápats del nen apart.",6.0,2024-07-25,muy bien
sweet hotel renasa,españa,habitación doble - 1 o 2 camas,2,pareja,fantástico,,,9.0,2026-04-13,muy bien
sweet hotel renasa,españa,habitación doble superior - 1 o 2 camas,1,persona que viaja sola,muy bien,,,8.0,2026-04-12,muy bien
sweet hotel renasa,españa,habitación individual,3,persona que viaja sola,muy bien,,,8.0,2026-04-07,muy bien
sweet hotel renasa,españa,habitación doble - 1 o 2 camas,2,pareja,fantástico,,,9.0,2026-03-27,muy bien
sweet hotel renasa,españa,habitación individual,1,persona que viaja sola,fantástico,,,9.0,2026-03-26,muy bien
sweet hotel renasa,españa,habitación doble - 1 o 2 camas,1,grupo,fantástico,,,9.0,2026-03-22,muy bien
sweet hotel renasa,españa,habitación doble con cama supletoria,1,pareja,fantástico,,,9.0,2026-03-14,muy bien
sweet hotel renasa,españa,habitación triple  2 adultos   1 niño ,2,familia,muy bien,,,8.0,2026-03-08,muy bien
sweet hotel renasa,españa,habitación doble - 1 o 2 camas,2,pareja,muy bien,,,8.0,2026-03-04,muy bien
sweet hotel renasa,españa,habitación doble con cama supletoria,2,grupo,fantástico,,,9.0,2026-02-19,muy bien
sweet hotel renasa,españa,habitación individual,1,persona que viaja sola,muy bien,,,8.0,2026-01-18,muy bien
sweet hotel renasa,españa,habitación doble - 1 o 2 camas,1,pareja,fantástico,,,9.0,2026-01-06,muy bien
sweet hotel renasa,españa,habitación doble - 1 o 2 camas,2,persona que viaja sola,muy bien,,,8.0,2026-01-04,muy bien
sweet hotel renasa,españa,habitación individual,1,persona que viaja sola,fantástico,,,9.0,2025-12-25,muy bien
sweet hotel renasa,españa,habitación doble superior - 1 o 2 camas,1,familia,fantástico,,,9.0,2025-12-22,muy bien
sweet hotel renasa,españa,habitación individual,1,persona que viaja sola,fantástico,,,9.0,2025-12-20,muy bien
sweet hotel renasa,españa,habitación individual,1,persona que viaja sola,muy buena relación calidad precio. agradable la estancia.,,,9.0,2025-12-15,muy bien
sweet hotel renasa,españa,habitación doble - 1 o 2 camas,1,familia,fantástico,,,9.0,2025-12-14,muy bien
sweet hotel renasa,españa,habitación doble - 1 o 2 camas,2,pareja,fantástico,,,9.0,2025-12-04,muy bien
sweet hotel renasa,españa,habitación individual,1,persona que viaja sola,muy bien,,,8.0,2025-11-29,muy bien
sweet hotel renasa,españa,habitación doble superior - 1 o 2 camas,1,pareja,fantástico,,,9.0,2025-11-15,muy bien
sweet hotel renasa,españa,habitación individual,1,persona que viaja sola,bien,,,7.0,2025-11-13,muy bien
sweet hotel renasa,españa,habitación doble - 1 o 2 camas,1,familia,fantástico,,,9.0,2025-11-07,muy bien
sweet hotel renasa,españa,habitación doble - 1 o 2 camas,1,grupo,muy bien,,,8.0,2025-11-06,muy bien
sweet hotel renasa,españa,habitación individual,1,familia,fantástico,,,9.0,2025-11-03,muy bien
sweet hotel renasa,españa,habitación doble - 1 o 2 camas,1,pareja,muy bien,,,8.0,2025-10-19,muy bien
sweet hotel renasa,españa,habitación doble - 1 o 2 camas,2,pareja,fantástico,,,9.0,2025-10-16,muy bien
sweet hotel renasa,españa,habitación doble superior - 1 o 2 camas,1,pareja,bien,,,7.0,2025-10-05,muy bien
sweet hotel renasa,españa,habitación doble - 1 o 2 camas,1,pareja,muy bien,,,8.0,2025-09-22,muy bien
sweet hotel renasa,españa,habitación doble - 1 o 2 camas,4,pareja,muy bien,,,8.0,2025-09-18,muy bien
sweet hotel renasa,españa,habitación doble - 1 o 2 camas,1,pareja,muy bien,,,8.0,2025-09-15,muy bien
sweet hotel renasa,españa,habitación doble - 1 o 2 camas,2,pareja,muy bien,,,8.0,2025-09-12,muy bien
sweet hotel renasa,españa,habitación individual,1,familia,fantástico,,,9.0,2025-09-08,muy bien
sweet hotel renasa,españa,habitación doble - 1 o 2 camas,1,pareja,muy bien,,,8.0,2025-09-02,muy bien
sweet hotel renasa,españa,habitación doble - 1 o 2 camas,2,pareja,fantástico,,,9.0,2025-08-28,muy bien
sweet hotel renasa,españa,habitación doble - 1 o 2 camas,1,pareja,fantástico,,,9.0,2025-08-27,muy bien
sweet hotel renasa,españa,habitación doble - 1 o 2 camas,3,pareja,fantástico,,,9.0,2025-08-03,muy bien
sweet hotel renasa,españa,habitación individual,1,persona que viaja sola,fantástico,,,9.0,2025-08-02,muy bien
sweet hotel renasa,españa,habitación doble - 1 o 2 camas,2,familia,fantástico,,,9.0,2025-07-31,muy bien
sweet hotel renasa,españa,habitación doble - 1 o 2 camas,1,pareja,muy bien,,,8.0,2025-07-31,muy bien
sweet hotel renasa,españa,habitación triple  2 adultos   1 niño ,2,familia,fantástico,,,9.0,2025-07-30,muy bien
sweet hotel renasa,españa,habitación doble - 1 o 2 camas,4,pareja,muy bien,,,8.0,2025-07-26,muy bien
sweet hotel renasa,españa,habitación doble - 1 o 2 camas,1,pareja,fantástico,,,9.0,2025-07-24,muy bien
sweet hotel renasa,españa,habitación doble - 1 o 2 camas,1,pareja,fantástico,,,9.0,2025-07-18,muy bien
sweet hotel renasa,españa,habitación individual,1,persona que viaja sola,muy bien,,,8.0,2025-07-07,muy bien
sweet hotel renasa,españa,habitación doble - 1 o 2 camas,2,pareja,fantástico,,,9.0,2025-07-06,muy bien
sweet hotel renasa,españa,habitación doble - 1 o 2 camas,4,persona que viaja sola,fantástico,,,9.0,2025-06-19,muy bien
sweet hotel renasa,españa,habitación doble superior - 1 o 2 camas,3,grupo,fantástico,,,9.0,2025-06-16,muy bien
sweet hotel renasa,españa,habitación doble superior - 1 o 2 camas,1,pareja,muy bien,,,8.0,2025-06-16,muy bien
sweet hotel renasa,españa,habitación individual,1,persona que viaja sola,fantástico,,,9.0,2025-05-28,muy bien
sweet hotel renasa,españa,habitación doble superior - 1 o 2 camas,2,pareja,fantástico,,,9.0,2025-05-13,muy bien
sweet hotel renasa,españa,habitación doble - 1 o 2 camas,2,grupo,fantástico,,,9.0,2025-05-01,muy bien
sweet hotel renasa,españa,habitación doble - 1 o 2 camas,3,persona que viaja sola,fantástico,,,9.0,2025-04-25,muy bien
sweet hotel renasa,españa,habitación doble - 1 o 2 camas,1,pareja,fantástico,,,9.0,2025-04-16,muy bien
sweet hotel renasa,españa,habitación doble - 1 o 2 camas,1,pareja,muy bien,,,8.0,2025-04-09,muy bien
sweet hotel renasa,españa,habitación doble - 1 o 2 camas,1,pareja,fantástico,,,9.0,2025-04-04,muy bien
sweet hotel renasa,españa,habitación doble - 1 o 2 camas,1,pareja,muy bien,,,8.0,2025-03-26,muy bien
sweet hotel renasa,españa,habitación doble - 1 o 2 camas,1,pareja,muy bien,,,8.0,2025-03-18,muy bien
sweet hotel renasa,españa,habitación doble superior - 1 o 2 camas,1,pareja,fantástico,,,9.0,2025-03-12,muy bien
sweet hotel renasa,españa,habitación doble - 1 o 2 camas,1,persona que viaja sola,"agradable, tranquilo y limpio",,,9.0,2025-03-11,muy bien
sweet hotel renasa,españa,habitación doble - 1 o 2 camas,1,pareja,muy bien,,,8.0,2025-02-24,muy bien
sweet hotel renasa,españa,habitación doble - 1 o 2 camas,1,pareja,muy bien,,,8.0,2025-02-19,muy bien
sweet hotel renasa,españa,habitación individual,1,persona que viaja sola,muy bien,,,8.0,2025-02-18,muy bien
sweet hotel renasa,españa,habitación individual,1,persona que viaja sola,fantástico,,,9.0,2025-02-16,muy bien
sweet hotel renasa,españa,habitación doble - 1 o 2 camas,1,pareja,fantástico,,,9.0,2025-02-11,muy bien
sweet hotel renasa,españa,habitación doble - 1 o 2 camas,4,familia,fantástico,,,9.0,2025-02-11,muy bien
sweet hotel renasa,españa,habitación doble - 1 o 2 camas,1,pareja,fantástico,,,9.0,2025-01-26,muy bien
sweet hotel renasa,españa,habitación doble - 1 o 2 camas,1,persona que viaja sola,muy bien,,,8.0,2025-01-25,muy bien
sweet hotel renasa,españa,habitación individual,1,persona que viaja sola,fantástico,,,9.0,2025-01-19,muy bien
sweet hotel renasa,españa,habitación individual,2,persona que viaja sola,fantástico,,,9.0,2025-01-18,muy bien
sweet hotel renasa,españa,habitación doble - 1 o 2 camas,1,grupo,muy bien,,,8.0,2025-01-13,muy bien
sweet hotel renasa,españa,habitación doble - 1 o 2 camas,4,pareja,fantástico,,,9.0,2025-01-13,muy bien
sweet hotel renasa,españa,habitación individual,2,persona que viaja sola,fantástico,,,9.0,2025-01-12,muy bien
sweet hotel renasa,españa,habitación individual,1,familia,muy bien,,,8.0,2025-01-10,muy bien
sweet hotel renasa,españa,habitación doble - 1 o 2 camas,2,pareja,fantástico,,,9.0,2025-01-07,muy bien
sweet hotel renasa,españa,habitación doble - 1 o 2 camas,1,pareja,muy bien,,,8.0,2025-01-06,muy bien
sweet hotel renasa,españa,habitación doble - 1 o 2 camas,3,pareja,fantástico,,,9.0,2024-12-29,muy bien
sweet hotel renasa,españa,habitación doble - 1 o 2 camas,1,familia,fantástico,,,9.0,2024-12-23,muy bien
sweet hotel renasa,españa,habitación doble - 1 o 2 camas,1,persona que viaja sola,fantástico,,,9.0,2024-12-22,muy bien
sweet hotel renasa,españa,habitación individual,1,familia,fantástico,,,9.0,2024-12-21,muy bien
sweet hotel renasa,españa,habitación doble - 1 o 2 camas,1,persona que viaja sola,fantástico,,,9.0,2024-12-16,muy bien
sweet hotel renasa,españa,habitación doble - 1 o 2 camas,1,pareja,muy bien,,,8.0,2024-12-15,muy bien
sweet hotel renasa,españa,habitación doble superior - 1 o 2 camas,1,pareja,muy bien,,,8.0,2024-12-07,muy bien
sweet hotel renasa,españa,habitación triple  2 adultos   1 niño ,1,pareja,fantástico,,,9.0,2024-12-01,muy bien
sweet hotel renasa,españa,habitación doble - 1 o 2 camas,1,pareja,muy bien,,,8.0,2024-12-01,muy bien
sweet hotel renasa,españa,habitación doble - 1 o 2 camas,4,pareja,muy bien,,,8.0,2024-11-29,muy bien
sweet hotel renasa,españa,habitación doble - 1 o 2 camas,3,pareja,fantástico,,,9.0,2024-11-19,muy bien
sweet hotel renasa,españa,habitación individual,1,persona que viaja sola,fantástico,,,9.0,2024-11-10,muy bien
sweet hotel renasa,españa,habitación doble superior - 1 o 2 camas,2,pareja,muy bien,,,8.0,2024-10-27,muy bien
sweet hotel renasa,españa,habitación doble - 1 o 2 camas,1,pareja,fantástico,,,9.0,2024-10-21,muy bien
sweet hotel renasa,españa,habitación doble - 1 o 2 camas,2,pareja,fantástico,,,9.0,2024-10-03,muy bien
sweet hotel renasa,españa,habitación doble - 1 o 2 camas,1,pareja,fantástico,,,9.0,2024-08-25,muy bien
sweet hotel renasa,españa,habitación doble superior - 1 o 2 camas,1,pareja,fantástico,,,9.0,2024-08-10,muy bien
sweet hotel renasa,españa,habitación doble - 1 o 2 camas,1,familia,muy bien,,,8.0,2024-08-06,muy bien
sweet hotel renasa,españa,habitación doble - 1 o 2 camas,1,pareja,muy bien,,,8.0,2024-07-30,muy bien
sweet hotel renasa,españa,habitación doble superior - 1 o 2 camas,3,pareja,muy bien,,,8.0,2024-07-23,muy bien
sweet hotel renasa,españa,habitación doble - 1 o 2 camas,1,familia,fantástico,,,9.0,2024-07-15,muy bien
sweet hotel renasa,españa,habitación doble - 1 o 2 camas,3,pareja,muy bien,,,8.0,2024-07-07,muy bien
sweet hotel renasa,españa,habitación doble - 1 o 2 camas,2,pareja,muy bien,,,8.0,2024-07-04,muy bien
sweet hotel renasa,españa,habitación doble - 1 o 2 camas,1,pareja,muy bien,,,8.0,2024-06-25,muy bien
sweet hotel renasa,españa,habitación doble - 1 o 2 camas,1,persona que viaja sola,fantástico,,,9.0,2024-06-17,muy bien
sweet hotel renasa,españa,habitación doble - 1 o 2 camas,3,pareja,fantástico,,,9.0,2024-04-18,muy bien
sweet hotel renasa,españa,habitación doble superior - 1 o 2 camas,3,pareja,fantástico,,,9.0,2024-04-11,muy bien
sweet hotel renasa,españa,habitación individual,1,persona que viaja sola,bien,,,7.0,2024-03-28,muy bien
sweet hotel renasa,españa,habitación doble - 1 o 2 camas,3,grupo,bien,,,7.0,2024-03-21,muy bien
sweet hotel renasa,españa,habitación individual,1,persona que viaja sola,muy bien,,,8.0,2024-03-18,muy bien
sweet hotel renasa,españa,habitación individual,1,pareja,muy bien,,,8.0,2024-02-16,muy bien
sweet hotel renasa,españa,habitación doble - 1 o 2 camas,1,pareja,fantástico,,,9.0,2024-02-12,muy bien
sweet hotel renasa,españa,habitación doble - 1 o 2 camas,3,persona que viaja sola,fantástico,,,9.0,2024-02-09,muy bien
sweet hotel renasa,españa,habitación doble - 1 o 2 camas,1,pareja,fantástico,,,9.0,2024-02-06,muy bien
sweet hotel renasa,españa,habitación individual,5,persona que viaja sola,muy bien,,,8.0,2024-02-05,muy bien
sweet hotel renasa,españa,habitación doble - 1 o 2 camas,2,pareja,fantástico,,,9.0,2023-12-17,muy bien
sweet hotel renasa,españa,habitación doble - 1 o 2 camas,2,familia,perfecta relación calidad precio,,,8.0,2023-12-17,muy bien
sweet hotel renasa,españa,habitación doble - 1 o 2 camas,4,pareja,fantástico,,,9.0,2023-12-16,muy bien
sweet hotel renasa,españa,habitación doble - 1 o 2 camas,1,pareja,muy bien,,,8.0,2023-12-11,muy bien
sweet hotel renasa,españa,habitación individual,1,pareja,fantástico,,,9.0,2023-12-05,muy bien
sweet hotel renasa,españa,habitación doble - 1 o 2 camas,2,grupo,muy bien,,,8.0,2023-12-04,muy bien
sweet hotel renasa,españa,habitación doble - 1 o 2 camas,2,pareja,fantástico,,,9.0,2023-11-27,muy bien
sweet hotel renasa,españa,habitación doble superior - 1 o 2 camas,1,persona que viaja sola,muy bien,,,8.0,2023-10-26,muy bien
sweet hotel renasa,españa,habitación doble - 1 o 2 camas,1,grupo,fantástico,,,9.0,2023-10-24,muy bien
sweet hotel renasa,españa,habitación doble - 1 o 2 camas,1,pareja,muy bien,,,8.0,2023-10-20,muy bien
sweet hotel renasa,españa,habitación doble - 1 o 2 camas,2,pareja,fantástico,,,9.0,2023-10-08,muy bien
sweet hotel renasa,españa,habitación doble - 1 o 2 camas,3,familia,muy bien,,,8.0,2023-10-06,muy bien
sweet hotel renasa,españa,habitación doble - 1 o 2 camas,1,persona que viaja sola,cómoda,,,9.0,2023-10-01,muy bien
sweet hotel renasa,españa,habitación individual,1,persona que viaja sola,fantástico,,,9.0,2023-09-22,muy bien
sweet hotel renasa,españa,habitación individual,1,persona que viaja sola,muy bien,,,8.0,2023-09-11,muy bien
sweet hotel renasa,españa,habitación doble - 1 o 2 camas,6,pareja,fantástico,,,9.0,2023-09-07,muy bien
sweet hotel renasa,españa,habitación doble - 1 o 2 camas,2,pareja,muy bien,,,8.0,2023-08-31,muy bien
sweet hotel renasa,españa,habitación doble - 1 o 2 camas,2,pareja,fantástico,,,9.0,2023-08-30,muy bien
sweet hotel renasa,españa,habitación doble - 1 o 2 camas,1,persona que viaja sola,fantástico,,,9.0,2023-06-22,muy bien
sweet hotel renasa,españa,habitación doble - 1 o 2 camas,1,persona que viaja sola,muy bien,,,8.0,2023-06-21,muy bien
sweet hotel renasa,españa,habitación doble - 1 o 2 camas,1,grupo,fantástico,,,9.0,2023-06-04,muy bien
sweet hotel renasa,españa,habitación doble - 1 o 2 camas,1,pareja,fantástico,,,9.0,2023-06-02,muy bien
sweet hotel renasa,españa,habitación doble - 1 o 2 camas,1,pareja,fantástico,,,9.0,2023-05-31,muy bien
sweet hotel renasa,españa,habitación doble - 1 o 2 camas,4,pareja,muy bien,,,8.0,2023-05-23,muy bien
sweet hotel renasa,españa,habitación individual,3,persona que viaja sola,fantástico,,,9.0,2023-05-22,muy bien
sweet hotel renasa,españa,habitación doble - 1 o 2 camas,2,pareja,fantástico,,,9.0,2023-05-17,muy bien
sweet hotel renasa,españa,habitación doble - 1 o 2 camas,1,familia,fantástico,,,9.0,2023-05-10,muy bien
sweet hotel renasa,españa,habitación doble - 1 o 2 camas,1,pareja,muy bien,,,8.0,2026-04-14,muy bien
sweet hotel renasa,españa,habitación individual,2,persona que viaja sola,muy bien,,,8.0,2026-04-07,muy bien
sweet hotel renasa,españa,habitación doble - 1 o 2 camas,1,pareja,muy bien,,,8.0,2026-04-03,muy bien
sweet hotel renasa,españa,habitación doble superior - 1 o 2 camas,1,persona que viaja sola,muy bien,,,8.0,2026-03-30,muy bien
sweet hotel renasa,españa,habitación doble - 1 o 2 camas,1,grupo,muy bien,,,8.0,2026-03-27,muy bien
sweet hotel renasa,españa,habitación doble - 1 o 2 camas,3,pareja,muy bien,,,8.0,2026-03-24,muy bien
sweet hotel renasa,españa,habitación individual,2,persona que viaja sola,fantástico,,,9.0,2026-03-23,muy bien
sweet hotel renasa,españa,habitación doble superior - 1 o 2 camas,1,pareja,bien,,,7.0,2026-03-19,muy bien
sweet hotel renasa,españa,habitación doble - 1 o 2 camas,1,pareja,fantástico,,,9.0,2026-03-19,muy bien
sweet hotel renasa,españa,habitación doble - 1 o 2 camas,1,pareja,fantástico,,,9.0,2026-03-15,muy bien
sweet hotel renasa,españa,habitación individual,1,persona que viaja sola,bien,,,7.0,2026-03-13,muy bien
sweet hotel renasa,españa,habitación doble - 1 o 2 camas,2,persona que viaja sola,bien,,,7.0,2026-03-06,muy bien
sweet hotel renasa,españa,habitación doble - 1 o 2 camas,1,pareja,muy bien,,,8.0,2026-03-04,muy bien
sweet hotel renasa,españa,habitación doble - 1 o 2 camas,1,pareja,fantástico,,,9.0,2026-03-03,muy bien
sweet hotel renasa,españa,habitación individual,3,persona que viaja sola,fantástico,,,9.0,2026-03-03,muy bien
sweet hotel renasa,españa,habitación individual,2,persona que viaja sola,fantástico,,,9.0,2026-02-28,muy bien
sweet hotel renasa,españa,habitación doble - 1 o 2 camas,1,persona que viaja sola,fantástico,,,9.0,2026-02-27,muy bien
sweet hotel renasa,españa,habitación doble - 1 o 2 camas,1,persona que viaja sola,muy bien,,,8.0,2026-02-23,muy bien
sweet hotel renasa,españa,habitación doble - 1 o 2 camas,2,pareja,muy bien,,,8.0,2026-02-12,muy bien
sweet hotel renasa,españa,habitación individual,1,persona que viaja sola,muy bien,,,8.0,2026-02-11,muy bien
sweet hotel renasa,españa,habitación individual,2,persona que viaja sola,muy bien,,,8.0,2026-02-08,muy bien
sweet hotel renasa,españa,habitación doble con cama supletoria,3,familia,muy bien,,,8.0,2026-02-06,muy bien
sweet hotel renasa,españa,habitación doble - 1 o 2 camas,1,persona que viaja sola,muy bien,,,8.0,2026-02-06,muy bien
sweet hotel renasa,españa,habitación doble superior - 1 o 2 camas,1,familia,muy bien,,,8.0,2026-02-06,muy bien
sweet hotel renasa,españa,habitación individual,3,persona que viaja sola,muy bien,,,8.0,2026-02-02,muy bien
sweet hotel renasa,españa,habitación doble - 1 o 2 camas,1,pareja,bien,,,7.0,2026-01-25,muy bien
sweet hotel renasa,españa,habitación doble - 1 o 2 camas,1,grupo,fantástico,,,9.0,2026-01-21,muy bien
sweet hotel renasa,españa,habitación doble - 1 o 2 camas,4,pareja,bien,,,7.0,2026-01-20,muy bien
sweet hotel renasa,españa,habitación individual,1,persona que viaja sola,bien,,,7.0,2026-01-18,muy bien
sweet hotel renasa,españa,habitación doble superior - 1 o 2 camas,2,pareja,fantástico,,,9.0,2026-01-08,muy bien
sweet hotel renasa,españa,habitación individual,3,persona que viaja sola,muy bien,,,8.0,2026-01-05,muy bien
sweet hotel renasa,españa,habitación doble - 1 o 2 camas,4,pareja,fantástico,,,9.0,2025-12-31,muy bien
sweet hotel renasa,españa,habitación doble - 1 o 2 camas,1,persona que viaja sola,muy bien,,,8.0,2025-12-24,muy bien
sweet hotel renasa,españa,habitación doble - 1 o 2 camas,1,pareja,fantástico,,,9.0,2025-12-21,muy bien
sweet hotel renasa,españa,habitación doble - 1 o 2 camas,1,pareja,muy bien,,,8.0,2025-12-17,muy bien
sweet hotel renasa,españa,habitación doble - 1 o 2 camas,1,persona que viaja sola,muy bien,,,8.0,2025-12-17,muy bien
sweet hotel renasa,españa,habitación individual,1,persona que viaja sola,muy bien,,,8.0,2025-12-14,muy bien
sweet hotel renasa,españa,habitación doble - 1 o 2 camas,1,pareja,muy bien,,,8.0,2025-12-10,muy bien
sweet hotel renasa,españa,habitación doble - 1 o 2 camas,2,pareja,bien,,,7.0,2025-12-09,muy bien
sweet hotel renasa,españa,habitación doble - 1 o 2 camas,1,grupo,fantástico,,,9.0,2025-12-03,muy bien
sweet hotel renasa,españa,habitación doble - 1 o 2 camas,2,pareja,muy bien,,,8.0,2025-12-02,muy bien
sweet hotel renasa,españa,habitación doble - 1 o 2 camas,1,pareja,muy bien,,,8.0,2025-12-02,muy bien
sweet hotel renasa,españa,habitación doble - 1 o 2 camas,2,persona que viaja sola,fantástico,,,9.0,2025-11-28,muy bien
sweet hotel renasa,españa,habitación individual,1,persona que viaja sola,bien,,,7.0,2025-11-25,muy bien
sweet hotel renasa,españa,habitación individual,1,familia,bien,,,7.0,2025-11-23,muy bien
sweet hotel renasa,españa,habitación individual,1,persona que viaja sola,muy bien,,,8.0,2025-11-19,muy bien
sweet hotel renasa,españa,habitación doble - 1 o 2 camas,2,familia,muy bien,,,8.0,2025-11-17,muy bien
sweet hotel renasa,españa,habitación doble - 1 o 2 camas,1,pareja,fantástico,,,9.0,2025-11-16,muy bien
sweet hotel renasa,españa,habitación doble - 1 o 2 camas,2,pareja,fantástico,,,9.0,2025-11-13,muy bien
sweet hotel renasa,españa,habitación doble - 1 o 2 camas,2,grupo,muy bien,,,8.0,2025-11-11,muy bien
sweet hotel renasa,españa,habitación doble - 1 o 2 camas,1,pareja,fantástico,,,9.0,2025-11-09,muy bien
sweet hotel renasa,españa,habitación doble - 1 o 2 camas,1,pareja,muy bien,,,8.0,2025-11-07,muy bien
sweet hotel renasa,españa,habitación individual,1,persona que viaja sola,muy bien,,,8.0,2025-11-03,muy bien
sweet hotel renasa,españa,habitación doble - 1 o 2 camas,4,grupo,muy bien,,,8.0,2025-10-26,muy bien
sweet hotel renasa,españa,habitación individual,1,persona que viaja sola,muy bien,,,8.0,2025-10-23,muy bien
sweet hotel renasa,españa,habitación doble - 1 o 2 camas,2,pareja,muy bien,,,8.0,2025-10-20,muy bien
sweet hotel renasa,españa,habitación doble - 1 o 2 camas,1,familia,fantástico,,,9.0,2025-10-18,muy bien
sweet hotel renasa,españa,habitación individual,1,persona que viaja sola,bien,,,7.0,2025-10-16,muy bien
sweet hotel renasa,españa,habitación doble - 1 o 2 camas,1,pareja,muy bien,,,8.0,2025-10-12,muy bien
sweet hotel renasa,españa,habitación doble - 1 o 2 camas,2,grupo,muy bien,,,8.0,2025-10-07,muy bien
sweet hotel renasa,españa,habitación doble - 1 o 2 camas,1,familia,bien,,,7.0,2025-10-04,muy bien
sweet hotel renasa,españa,habitación doble - 1 o 2 camas,2,familia,muy bien,,,8.0,2025-10-03,muy bien
sweet hotel renasa,españa,habitación doble superior - 1 o 2 camas,2,pareja,fantástico,,,9.0,2025-10-02,muy bien
sweet hotel renasa,españa,habitación doble - 1 o 2 camas,2,pareja,muy bien,,,8.0,2025-10-01,muy bien
sweet hotel renasa,españa,habitación individual,1,persona que viaja sola,fantástico,,,9.0,2025-09-30,muy bien
sweet hotel renasa,españa,habitación doble - 1 o 2 camas,1,grupo,comodidad y buen trato,,,7.0,2025-09-30,muy bien
sweet hotel renasa,españa,habitación doble - 1 o 2 camas,1,persona que viaja sola,muy bien,,,8.0,2025-09-29,muy bien
sweet hotel renasa,españa,habitación individual,3,persona que viaja sola,bien,,,7.0,2025-09-29,muy bien
sweet hotel renasa,españa,habitación individual,1,persona que viaja sola,muy bien,,,8.0,2025-09-27,muy bien
sweet hotel renasa,españa,habitación doble - 1 o 2 camas,1,persona que viaja sola,muy bien,,,8.0,2025-09-21,muy bien
sweet hotel renasa,españa,habitación doble - 1 o 2 camas,1,pareja,muy bien,,,8.0,2025-09-15,muy bien
sweet hotel renasa,españa,habitación doble - 1 o 2 camas,1,grupo,muy bien,,,8.0,2025-09-14,muy bien
sweet hotel renasa,españa,habitación doble - 1 o 2 camas,2,persona que viaja sola,buena estancia,,,9.0,2025-09-12,muy bien
sweet hotel renasa,españa,habitación doble - 1 o 2 camas,2,pareja,muy bien,,,8.0,2025-09-11,muy bien
sweet hotel renasa,españa,habitación doble - 1 o 2 camas,2,pareja,bien,,,7.0,2025-09-10,muy bien
sweet hotel renasa,españa,habitación doble con cama supletoria,2,familia,bien,,,7.0,2025-09-08,muy bien
sweet hotel renasa,españa,habitación doble - 1 o 2 camas,1,familia,fantástico,,,9.0,2025-09-03,muy bien
sweet hotel renasa,españa,habitación doble - 1 o 2 camas,2,pareja,bien,,,7.0,2025-08-31,muy bien
sweet hotel renasa,españa,habitación doble - 1 o 2 camas,6,pareja,fantástico,,,9.0,2025-08-24,muy bien
sweet hotel renasa,españa,habitación doble - 1 o 2 camas,2,pareja,muy bien,,,8.0,2025-08-22,muy bien
sweet hotel renasa,españa,habitación doble - 1 o 2 camas,2,pareja,muy bien,,,8.0,2025-08-22,muy bien
sweet hotel renasa,españa,habitación individual,3,persona que viaja sola,muy bien,,,8.0,2025-08-21,muy bien
sweet hotel renasa,españa,habitación doble - 1 o 2 camas,1,pareja,servicio calidad correcto,,,7.0,2025-08-17,muy bien
sweet hotel renasa,españa,habitación individual,3,persona que viaja sola,fantástico,,,9.0,2025-08-16,muy bien
sweet hotel renasa,españa,habitación individual,2,persona que viaja sola,fantástico,,,9.0,2025-08-10,muy bien
sweet hotel renasa,españa,habitación doble - 1 o 2 camas,1,pareja,muy bien,,,8.0,2025-07-31,muy bien
sweet hotel renasa,españa,habitación doble - 1 o 2 camas,1,pareja,muy bien,,,8.0,2025-07-31,muy bien
sweet hotel renasa,españa,habitación doble superior - 1 o 2 camas,1,persona que viaja sola,muy bien,,,8.0,2025-07-31,muy bien
sweet hotel renasa,españa,habitación individual,1,persona que viaja sola,bien,,,7.0,2025-07-28,muy bien
sweet hotel renasa,españa,habitación doble - 1 o 2 camas,1,grupo,muy bien,,,8.0,2025-07-28,muy bien
sweet hotel renasa,españa,habitación doble - 1 o 2 camas,1,pareja,fantástico,,,9.0,2025-07-28,muy bien
sweet hotel renasa,españa,habitación doble superior - 1 o 2 camas,2,grupo,fantástico,,,9.0,2025-07-25,muy bien
sweet hotel renasa,españa,habitación doble superior - 1 o 2 camas,3,pareja,fantástico,,,9.0,2025-07-25,muy bien
sweet hotel renasa,españa,habitación individual,1,persona que viaja sola,muy bien,,,8.0,2025-07-19,muy bien
sweet hotel renasa,españa,habitación doble - 1 o 2 camas,2,familia,fantástico,,,9.0,2025-07-12,muy bien
sweet hotel renasa,españa,habitación doble - 1 o 2 camas,1,persona que viaja sola,fantástico,,,9.0,2025-07-05,muy bien
sweet hotel renasa,españa,habitación doble - 1 o 2 camas,2,pareja,fantástico,,,9.0,2025-07-01,muy bien
sweet hotel renasa,españa,habitación doble - 1 o 2 camas,1,pareja,fantástico,,,9.0,2025-06-29,muy bien
sweet hotel renasa,españa,habitación doble - 1 o 2 camas,2,grupo,muy bien,,,8.0,2025-06-20,muy bien
sweet hotel renasa,españa,habitación doble superior - 1 o 2 camas,2,familia,fantástico,,,9.0,2025-06-17,muy bien
sweet hotel renasa,españa,habitación doble - 1 o 2 camas,1,pareja,fantástico,,,9.0,2025-06-02,muy bien
sweet hotel renasa,españa,habitación doble - 1 o 2 camas,4,pareja,fantástico,,,9.0,2025-05-04,muy bien
sweet hotel renasa,españa,habitación doble - 1 o 2 camas,1,pareja,fantástico,,,9.0,2025-05-02,muy bien
sweet hotel renasa,españa,habitación doble - 1 o 2 camas,1,pareja,fantástico,,,9.0,2025-04-22,muy bien
sweet hotel renasa,españa,habitación doble - 1 o 2 camas,2,pareja,muy bien,,,8.0,2025-04-20,muy bien
sweet hotel renasa,españa,habitación doble - 1 o 2 camas,1,familia,muy bien,,,8.0,2025-04-18,muy bien
sweet hotel renasa,españa,habitación doble - 1 o 2 camas,1,pareja,muy bien,,,8.0,2025-04-16,muy bien
sweet hotel renasa,españa,habitación individual,1,persona que viaja sola,fantástico,,,9.0,2025-04-08,muy bien
sweet hotel renasa,españa,habitación doble - 1 o 2 camas,1,pareja,muy bien,,,8.0,2025-04-06,muy bien
sweet hotel renasa,españa,habitación doble - 1 o 2 camas,1,pareja,muy bien,,,8.0,2025-04-04,muy bien
sweet hotel renasa,españa,habitación individual,1,persona que viaja sola,bien,,,7.0,2025-04-01,muy bien
sweet hotel renasa,españa,habitación doble superior - 1 o 2 camas,2,familia,muy bien,,,8.0,2025-03-30,muy bien
sweet hotel renasa,españa,habitación doble - 1 o 2 camas,1,familia,fantástico,,,9.0,2025-03-28,muy bien
sweet hotel renasa,españa,habitación individual,1,persona que viaja sola,muy bien,,,8.0,2025-03-25,muy bien
sweet hotel renasa,españa,habitación doble - 1 o 2 camas,1,pareja,muy bien,,,8.0,2025-03-25,muy bien
sweet hotel renasa,españa,habitación doble - 1 o 2 camas,1,pareja,fantástico,,,9.0,2025-03-24,muy bien
sweet hotel renasa,españa,habitación doble - 1 o 2 camas,1,pareja,muy bien,,,8.0,2025-03-24,muy bien
sweet hotel renasa,españa,habitación doble - 1 o 2 camas,2,pareja,muy bien,,,8.0,2025-03-22,muy bien
sweet hotel renasa,españa,habitación doble - 1 o 2 camas,1,pareja,fantástico,,,9.0,2025-03-18,muy bien
sweet hotel renasa,españa,habitación doble - 1 o 2 camas,1,persona que viaja sola,muy bien,,,8.0,2025-03-07,muy bien
sweet hotel renasa,españa,habitación doble - 1 o 2 camas,1,pareja,fantástico,,,9.0,2025-03-06,muy bien
sweet hotel renasa,españa,habitación individual,1,persona que viaja sola,bien,,,7.0,2025-03-02,muy bien
sweet hotel renasa,españa,habitación doble - 1 o 2 camas,1,pareja,bien,,,7.0,2025-02-27,muy bien
sweet hotel renasa,españa,habitación doble - 1 o 2 camas,1,pareja,fantástico,,,9.0,2025-02-25,muy bien
sweet hotel renasa,españa,habitación doble - 1 o 2 camas,2,pareja,bien,,,7.0,2025-02-23,muy bien
sweet hotel renasa,españa,habitación individual,4,persona que viaja sola,fantástico,,,9.0,2025-02-22,muy bien
sweet hotel renasa,españa,habitación doble - 1 o 2 camas,1,pareja,muy bien,,,8.0,2025-02-22,muy bien
sweet hotel renasa,españa,habitación doble superior - 1 o 2 camas,1,pareja,muy bien,,,8.0,2025-02-22,muy bien
sweet hotel renasa,españa,habitación doble - 1 o 2 camas,1,grupo,muy bien,,,8.0,2025-02-20,muy bien
sweet hotel renasa,españa,habitación doble - 1 o 2 camas,1,persona que viaja sola,bien,,,7.0,2025-02-19,muy bien
sweet hotel renasa,españa,habitación doble - 1 o 2 camas,1,familia,muy bien,,,8.0,2025-02-19,muy bien
sweet hotel renasa,españa,habitación doble - 1 o 2 camas,7,pareja,muy bien,,,8.0,2025-02-18,muy bien
sweet hotel renasa,españa,suite,1,pareja,muy bien,,,8.0,2025-02-13,muy bien
sweet hotel renasa,españa,habitación doble - 1 o 2 camas,3,pareja,bien,,,7.0,2025-02-12,muy bien
sweet hotel renasa,españa,habitación doble - 1 o 2 camas,1,pareja,bien,,,7.0,2025-02-10,muy bien
sweet hotel renasa,españa,habitación doble - 1 o 2 camas,2,pareja,muy bien,,,8.0,2025-02-10,muy bien
sweet hotel renasa,españa,habitación individual,3,persona que viaja sola,muy bien,,,8.0,2025-02-10,muy bien
sweet hotel renasa,españa,habitación individual,1,persona que viaja sola,muy bien,,,8.0,2025-01-31,muy bien
sweet hotel renasa,españa,habitación doble - 1 o 2 camas,1,pareja,fantástico,,,9.0,2025-01-30,muy bien
sweet hotel renasa,españa,habitación individual,1,persona que viaja sola,bien,,,7.0,2025-01-28,muy bien
sweet hotel renasa,españa,habitación doble - 1 o 2 camas,1,pareja,muy bien,,,8.0,2025-01-26,muy bien
sweet hotel renasa,españa,habitación doble superior - 1 o 2 camas,1,pareja,bien,,,7.0,2025-01-25,muy bien
sweet hotel renasa,españa,habitación doble - 1 o 2 camas,1,persona que viaja sola,fantástico,,,9.0,2025-01-20,muy bien
sweet hotel renasa,españa,habitación doble - 1 o 2 camas,1,pareja,fantástico,,,9.0,2025-01-20,muy bien
sweet hotel renasa,españa,habitación doble - 1 o 2 camas,1,persona que viaja sola,muy bien,,,8.0,2025-01-19,muy bien
sweet hotel renasa,españa,habitación doble - 1 o 2 camas,1,familia,muy bien,,,8.0,2025-01-17,muy bien
sweet hotel renasa,españa,habitación doble - 1 o 2 camas,1,pareja,muy bien,,,8.0,2025-01-10,muy bien
sweet hotel renasa,españa,habitación doble - 1 o 2 camas,3,familia,estancia agradable para unas vacaciones de navidad,,,7.0,2025-01-06,muy bien
sweet hotel renasa,españa,habitación individual,1,persona que viaja sola,muy bien,,,8.0,2024-12-31,muy bien
sweet hotel renasa,españa,habitación doble - 1 o 2 camas,2,pareja,fantástico,,,9.0,2024-12-30,muy bien
sweet hotel renasa,españa,habitación doble - 1 o 2 camas,1,pareja,bien,,,7.0,2024-12-29,muy bien
sweet hotel renasa,españa,habitación doble - 1 o 2 camas,1,familia,muy bien,,,8.0,2024-12-23,muy bien
sweet hotel renasa,españa,habitación doble - 1 o 2 camas,4,persona que viaja sola,muy bien,,,8.0,2024-12-23,muy bien
sweet hotel renasa,españa,habitación doble superior - 1 o 2 camas,2,pareja,muy bien,,,8.0,2024-12-13,muy bien
sweet hotel renasa,españa,habitación individual,2,persona que viaja sola,muy bien,,,8.0,2024-12-08,muy bien
sweet hotel renasa,españa,habitación doble - 1 o 2 camas,3,pareja,muy bien,,,8.0,2024-12-04,muy bien
sweet hotel renasa,españa,habitación individual,2,persona que viaja sola,bien,,,7.0,2024-11-24,muy bien
sweet hotel renasa,españa,habitación doble - 1 o 2 camas,3,pareja,muy bien,,,8.0,2024-11-21,muy bien
sweet hotel renasa,españa,habitación doble - 1 o 2 camas,4,pareja,bien,,,7.0,2024-11-19,muy bien
sweet hotel renasa,españa,habitación doble - 1 o 2 camas,2,persona que viaja sola,muy bien,,,8.0,2024-11-15,muy bien
sweet hotel renasa,españa,habitación doble - 1 o 2 camas,1,pareja,fantástico,,,9.0,2024-11-06,muy bien
sweet hotel renasa,españa,habitación individual,1,persona que viaja sola,bien,,,7.0,2024-11-05,muy bien
sweet hotel renasa,españa,habitación doble - 1 o 2 camas,2,pareja,fantástico,,,9.0,2024-10-29,muy bien
sweet hotel renasa,españa,habitación doble - 1 o 2 camas,1,familia,bien,,,7.0,2024-10-28,muy bien
sweet hotel renasa,españa,suite,2,pareja,muy bien,,,8.0,2024-10-28,muy bien
sweet hotel renasa,españa,habitación individual,1,persona que viaja sola,fantástico,,,9.0,2024-10-27,muy bien
sweet hotel renasa,españa,habitación triple  2 adultos   1 niño ,1,familia,muy bien,,,8.0,2024-10-26,muy bien
sweet hotel renasa,españa,habitación doble - 1 o 2 camas,1,persona que viaja sola,fantástico,,,9.0,2024-10-12,muy bien
sweet hotel renasa,españa,habitación doble - 1 o 2 camas,1,pareja,muy bien,,,8.0,2024-10-03,muy bien
sweet hotel renasa,españa,habitación individual,1,persona que viaja sola,muy bien,,,8.0,2024-09-29,muy bien
sweet hotel renasa,españa,habitación individual,1,persona que viaja sola,fantástico,,,9.0,2024-09-29,muy bien
sweet hotel renasa,españa,habitación doble - 1 o 2 camas,2,pareja,bien,,,7.0,2024-09-18,muy bien
sweet hotel renasa,españa,habitación doble - 1 o 2 camas,1,pareja,muy bien,,,8.0,2024-09-16,muy bien
sweet hotel renasa,españa,habitación doble - 1 o 2 camas,2,pareja,muy bien,,,8.0,2024-09-11,muy bien
sweet hotel renasa,españa,habitación doble superior - 1 o 2 camas,1,pareja,fantástico,,,9.0,2024-09-10,muy bien
sweet hotel renasa,españa,habitación doble - 1 o 2 camas,1,familia,bien,,,7.0,2024-09-07,muy bien
sweet hotel renasa,españa,habitación doble superior - 1 o 2 camas,3,pareja,bien,,,7.0,2024-09-04,muy bien
sweet hotel renasa,españa,habitación doble - 1 o 2 camas,3,pareja,muy bien,,,8.0,2024-08-27,muy bien
sweet hotel renasa,españa,habitación doble - 1 o 2 camas,2,pareja,muy bien,,,8.0,2024-08-26,muy bien
sweet hotel renasa,españa,habitación doble - 1 o 2 camas,2,pareja,fantástico,,,9.0,2024-08-15,muy bien
sweet hotel renasa,españa,habitación doble - 1 o 2 camas,2,pareja,muy bien,,,8.0,2024-08-15,muy bien
sweet hotel renasa,españa,habitación doble superior - 1 o 2 camas,1,pareja,fantástico,,,9.0,2024-08-13,muy bien
sweet hotel renasa,españa,habitación doble - 1 o 2 camas,1,pareja,muy bien,,,8.0,2024-08-13,muy bien
sweet hotel renasa,españa,habitación doble - 1 o 2 camas,1,pareja,muy bien,,,8.0,2024-08-13,muy bien
sweet hotel renasa,españa,habitación doble - 1 o 2 camas,2,familia,fantástico,,,9.0,2024-08-06,muy bien
sweet hotel renasa,españa,habitación doble - 1 o 2 camas,1,pareja,muy bien,,,8.0,2024-08-05,muy bien
sweet hotel renasa,españa,habitación doble - 1 o 2 camas,2,pareja,bien,,,7.0,2024-08-04,muy bien
sweet hotel renasa,españa,habitación doble - 1 o 2 camas,1,grupo,fantástico,,,9.0,2024-07-22,muy bien
sweet hotel renasa,españa,habitación doble - 1 o 2 camas,1,grupo,fantástico,,,9.0,2024-07-18,muy bien
sweet hotel renasa,españa,habitación individual,1,persona que viaja sola,fantástico,,,9.0,2024-07-17,muy bien
sweet hotel renasa,españa,habitación doble - 1 o 2 camas,2,pareja,fantástico,,,9.0,2024-07-10,muy bien
sweet hotel renasa,españa,suite,1,pareja,fantástico,,,9.0,2024-07-08,muy bien
sweet hotel renasa,españa,habitación doble superior - 1 o 2 camas,2,pareja,fantástico,,,9.0,2024-07-08,muy bien
sweet hotel renasa,españa,habitación triple  2 adultos   1 niño ,1,familia,bien,,,7.0,2024-07-07,muy bien
sweet hotel renasa,españa,habitación doble - 1 o 2 camas,5,persona que viaja sola,muy bien,,,8.0,2024-07-03,muy bien
sweet hotel renasa,españa,habitación doble - 1 o 2 camas,1,pareja,fantástico,,,9.0,2024-06-30,muy bien
sweet hotel renasa,españa,habitación triple  2 adultos   1 niño ,2,familia,bien,,,7.0,2024-06-27,muy bien
sweet hotel renasa,españa,habitación individual,5,persona que viaja sola,muy bien,,,8.0,2024-06-24,muy bien
sweet hotel renasa,españa,habitación triple  2 adultos   1 niño ,1,familia,fantástico,,,9.0,2024-06-23,muy bien
sweet hotel renasa,españa,habitación doble - 1 o 2 camas,3,pareja,muy bien,,,8.0,2024-06-20,muy bien
sweet hotel renasa,españa,habitación doble - 1 o 2 camas,1,familia,muy bien,,,8.0,2024-06-18,muy bien
sweet hotel renasa,españa,habitación doble superior - 1 o 2 camas,2,pareja,muy bien,,,8.0,2024-06-08,muy bien
sweet hotel renasa,españa,habitación doble superior - 1 o 2 camas,1,persona que viaja sola,muy bien,,,8.0,2024-05-30,muy bien
sweet hotel renasa,españa,habitación individual,1,persona que viaja sola,fantástico,,,9.0,2024-05-30,muy bien
sweet hotel renasa,españa,habitación doble - 1 o 2 camas,1,pareja,bien,,,7.0,2024-05-27,muy bien
sweet hotel renasa,españa,habitación individual,3,persona que viaja sola,fantástico,,,9.0,2024-05-24,muy bien
sweet hotel renasa,españa,habitación doble - 1 o 2 camas,1,pareja,muy bien,,,8.0,2024-05-23,muy bien
sweet hotel renasa,españa,habitación doble - 1 o 2 camas,1,pareja,fantástico,,,9.0,2024-05-13,muy bien
sweet hotel renasa,españa,habitación doble superior - 1 o 2 camas,1,pareja,fantástico,,,9.0,2024-05-13,muy bien
sweet hotel renasa,españa,habitación triple  2 adultos   1 niño ,3,familia,bien,,,7.0,2024-05-10,muy bien
sweet hotel renasa,españa,habitación doble - 1 o 2 camas,1,persona que viaja sola,fantástico,,,9.0,2024-04-30,muy bien
sweet hotel renasa,españa,habitación doble - 1 o 2 camas,1,pareja,fantástico,,,9.0,2024-04-29,muy bien
sweet hotel renasa,españa,habitación doble - 1 o 2 camas,1,persona que viaja sola,fantástico,,,9.0,2024-04-23,muy bien
sweet hotel renasa,españa,habitación doble - 1 o 2 camas,1,pareja,fantástico,,,9.0,2024-04-19,muy bien
sweet hotel renasa,españa,habitación doble - 1 o 2 camas,1,persona que viaja sola,fantástico,,,9.0,2024-04-13,muy bien
sweet hotel renasa,españa,habitación doble - 1 o 2 camas,1,persona que viaja sola,confortable,,,7.0,2024-04-11,muy bien
sweet hotel renasa,españa,habitación doble - 1 o 2 camas,3,pareja,bien,,,7.0,2024-03-31,muy bien
sweet hotel renasa,españa,habitación doble - 1 o 2 camas,3,pareja,muy bien,,,8.0,2024-03-31,muy bien
sweet hotel renasa,españa,habitación doble - 1 o 2 camas,2,pareja,bien,,,7.0,2024-03-30,muy bien
sweet hotel renasa,españa,habitación doble superior - 1 o 2 camas,3,pareja,fantástico,,,9.0,2024-03-23,muy bien
sweet hotel renasa,españa,habitación individual,2,persona que viaja sola,bien,,,7.0,2024-03-22,muy bien
sweet hotel renasa,españa,habitación doble - 1 o 2 camas,2,pareja,muy bien,,,8.0,2024-03-19,muy bien
sweet hotel renasa,españa,habitación individual,1,persona que viaja sola,muy bien,,,8.0,2024-03-18,muy bien
sweet hotel renasa,españa,habitación doble - 1 o 2 camas,1,pareja,muy bien,,,8.0,2024-03-02,muy bien
sweet hotel renasa,españa,habitación individual,3,persona que viaja sola,todo correcto,,,7.0,2024-02-28,muy bien
sweet hotel renasa,españa,suite,2,pareja,muy bien,,,8.0,2024-02-26,muy bien
sweet hotel renasa,españa,habitación doble - 1 o 2 camas,2,pareja,fantástico,,,9.0,2024-02-17,muy bien
sweet hotel renasa,españa,habitación doble - 1 o 2 camas,2,familia,muy bien,,,8.0,2024-02-13,muy bien
sweet hotel renasa,españa,habitación doble - 1 o 2 camas,1,persona que viaja sola,muy bien,,,8.0,2024-02-13,muy bien
sweet hotel renasa,españa,habitación doble - 1 o 2 camas,1,pareja,bien,,,7.0,2024-02-10,muy bien
sweet hotel renasa,españa,habitación doble - 1 o 2 camas,1,persona que viaja sola,muy bien,,,8.0,2024-02-03,muy bien
sweet hotel renasa,españa,habitación individual,1,persona que viaja sola,bien,,,7.0,2024-02-02,muy bien
sweet hotel renasa,españa,habitación individual,1,persona que viaja sola,fantástico,,,9.0,2024-01-31,muy bien
sweet hotel renasa,españa,habitación individual,1,persona que viaja sola,bien,,,7.0,2024-01-25,muy bien
sweet hotel renasa,españa,habitación doble - 1 o 2 camas,2,pareja,muy bien,,,8.0,2024-01-24,muy bien
sweet hotel renasa,españa,habitación doble - 1 o 2 camas,1,pareja,fantástico,,,9.0,2024-01-22,muy bien
sweet hotel renasa,españa,habitación doble - 1 o 2 camas,4,pareja,fantástico,,,9.0,2024-01-22,muy bien
sweet hotel renasa,españa,habitación doble - 1 o 2 camas,1,persona que viaja sola,fantástico,,,9.0,2024-01-17,muy bien
sweet hotel renasa,españa,habitación doble - 1 o 2 camas,1,familia,bien,,,7.0,2024-01-15,muy bien
sweet hotel renasa,españa,habitación doble - 1 o 2 camas,3,pareja,fantástico,,,9.0,2024-01-07,muy bien
sweet hotel renasa,españa,habitación doble - 1 o 2 camas,1,persona que viaja sola,fantástico,,,9.0,2024-01-01,muy bien
sweet hotel renasa,españa,habitación doble - 1 o 2 camas,2,pareja,muy bien,,,8.0,2023-12-18,muy bien
sweet hotel renasa,españa,habitación doble - 1 o 2 camas,1,grupo,muy bien,,,8.0,2023-12-13,muy bien
sweet hotel renasa,españa,habitación doble - 1 o 2 camas,2,pareja,muy bien,,,8.0,2023-12-11,muy bien
sweet hotel renasa,españa,habitación doble - 1 o 2 camas,4,pareja,bien,,,7.0,2023-12-10,muy bien
sweet hotel renasa,españa,habitación doble - 1 o 2 camas,4,pareja,muy bien,,,8.0,2023-12-09,muy bien
sweet hotel renasa,españa,habitación doble - 1 o 2 camas,1,pareja,fantástico,,,9.0,2023-12-06,muy bien
sweet hotel renasa,españa,habitación doble - 1 o 2 camas,5,pareja,fantástico,,,9.0,2023-12-04,muy bien
sweet hotel renasa,españa,habitación individual,1,persona que viaja sola,muy bien,,,8.0,2023-11-06,muy bien
sweet hotel renasa,españa,habitación doble - 1 o 2 camas,2,pareja,fantástico,,,9.0,2023-10-15,muy bien
sweet hotel renasa,españa,habitación doble - 1 o 2 camas,1,persona que viaja sola,muy bien,,,8.0,2023-10-08,muy bien
sweet hotel renasa,españa,habitación doble - 1 o 2 camas,1,pareja,fantástico,,,9.0,2023-09-17,muy bien
sweet hotel renasa,españa,habitación doble - 1 o 2 camas,1,persona que viaja sola,muy bien,,,8.0,2023-09-14,muy bien
sweet hotel renasa,españa,habitación doble - 1 o 2 camas,1,familia,bien,,,7.0,2023-09-13,muy bien
sweet hotel renasa,españa,habitación individual,2,persona que viaja sola,muy bien,,,8.0,2023-09-11,muy bien
sweet hotel renasa,españa,habitación individual,1,persona que viaja sola,muy bien,,,8.0,2023-09-11,muy bien
sweet hotel renasa,españa,habitación doble - 1 o 2 camas,2,pareja,bien,,,7.0,2023-09-06,muy bien
sweet hotel renasa,españa,habitación doble - 1 o 2 camas,2,pareja,muy bien,,,8.0,2023-09-03,muy bien
sweet hotel renasa,españa,habitación doble - 1 o 2 camas,1,pareja,fantástico,,,9.0,2023-08-04,muy bien
sweet hotel renasa,españa,habitación doble - 1 o 2 camas,1,pareja,muy bien,,,8.0,2023-08-02,muy bien
sweet hotel renasa,españa,habitación doble superior - 1 o 2 camas,1,pareja,fantástico,,,9.0,2023-08-02,muy bien
sweet hotel renasa,españa,habitación doble superior - 1 o 2 camas,2,pareja,fantástico,,,9.0,2023-08-01,muy bien
sweet hotel renasa,españa,habitación doble - 1 o 2 camas,1,familia,fantástico,,,9.0,2023-08-01,muy bien
sweet hotel renasa,españa,habitación doble - 1 o 2 camas,3,pareja,fantástico,,,9.0,2023-07-28,muy bien
sweet hotel renasa,españa,habitación doble - 1 o 2 camas,1,pareja,fantástico,,,9.0,2023-07-27,muy bien
sweet hotel renasa,españa,habitación doble - 1 o 2 camas,3,pareja,fantástico,,,9.0,2023-07-24,muy bien
sweet hotel renasa,españa,habitación doble - 1 o 2 camas,2,pareja,fantástico,,,9.0,2023-07-23,muy bien
sweet hotel renasa,españa,habitación doble - 1 o 2 camas,1,pareja,bien,,,7.0,2023-07-22,muy bien
sweet hotel renasa,españa,habitación individual,3,persona que viaja sola,muy bien,,,8.0,2023-07-20,muy bien
sweet hotel renasa,españa,habitación doble - 1 o 2 camas,2,pareja,fantástico,,,9.0,2023-07-18,muy bien
sweet hotel renasa,españa,habitación doble - 1 o 2 camas,1,pareja,bien,,,7.0,2023-07-15,muy bien
sweet hotel renasa,españa,habitación doble - 1 o 2 camas,2,pareja,muy bien,,,8.0,2023-07-14,muy bien
sweet hotel renasa,españa,habitación doble - 1 o 2 camas,1,pareja,fantástico,,,9.0,2023-07-13,muy bien
sweet hotel renasa,españa,habitación doble - 1 o 2 camas,2,persona que viaja sola,bien,,,7.0,2023-07-02,muy bien
sweet hotel renasa,españa,habitación doble superior - 1 o 2 camas,3,grupo,bien,,,7.0,2023-07-01,muy bien
sweet hotel renasa,españa,habitación individual,3,persona que viaja sola,muy bien,,,8.0,2023-06-19,muy bien
sweet hotel renasa,españa,habitación doble - 1 o 2 camas,1,pareja,fantástico,,,9.0,2023-06-19,muy bien
sweet hotel renasa,españa,habitación individual,1,persona que viaja sola,muy bien,,,8.0,2023-06-04,muy bien
sweet hotel renasa,españa,habitación individual,2,familia,fantástico,,,9.0,2023-06-02,muy bien
sweet hotel renasa,españa,habitación doble - 1 o 2 camas,1,pareja,fantástico,,,9.0,2023-05-28,muy bien
sweet hotel renasa,españa,habitación doble - 1 o 2 camas,1,pareja,fantástico,,,9.0,2023-05-28,muy bien
sweet hotel renasa,españa,habitación doble - 1 o 2 camas,3,pareja,bien,,,7.0,2023-05-23,muy bien
sweet hotel renasa,españa,habitación individual,4,persona que viaja sola,muy bien,,,8.0,2023-05-22,muy bien
sweet hotel renasa,españa,habitación doble - 1 o 2 camas,2,familia,fantástico,,,9.0,2023-05-08,muy bien
sweet hotel renasa,españa,habitación individual,1,persona que viaja sola,muy confortable. volveré,,,9.0,2023-05-06,muy bien
sweet hotel renasa,españa,habitación individual,1,persona que viaja sola,fantástico,,,9.0,2026-04-09,muy bien
sweet hotel renasa,españa,habitación doble - 1 o 2 camas,2,pareja,muy bien,,,8.0,2026-03-26,muy bien
sweet hotel renasa,españa,habitación doble - 1 o 2 camas,3,pareja,muy bien,,,8.0,2026-02-16,muy bien
sweet hotel renasa,españa,habitación doble - 1 o 2 camas,1,pareja,muy bien,,,8.0,2026-02-14,muy bien
sweet hotel renasa,españa,habitación individual,1,persona que viaja sola,muy bien,,,8.0,2026-02-04,muy bien
sweet hotel renasa,españa,habitación individual,2,persona que viaja sola,fantástico,,,9.0,2026-01-24,muy bien
sweet hotel renasa,españa,habitación doble superior - 1 o 2 camas,1,pareja,bien,,,7.0,2025-11-12,muy bien
sweet hotel renasa,españa,habitación doble - 1 o 2 camas,1,pareja,muy bien,,,8.0,2025-10-24,muy bien
sweet hotel renasa,españa,habitación individual,1,persona que viaja sola,fantástico,,,9.0,2025-10-23,muy bien
sweet hotel renasa,españa,habitación doble - 1 o 2 camas,1,pareja,bien,,,7.0,2025-10-19,muy bien
sweet hotel renasa,españa,habitación doble - 1 o 2 camas,1,pareja,fantástico,,,9.0,2025-10-11,muy bien
sweet hotel renasa,españa,habitación doble - 1 o 2 camas,2,pareja,bien,,,7.0,2025-10-08,muy bien
sweet hotel renasa,españa,habitación individual,3,persona que viaja sola,muy bien,,,8.0,2025-10-06,muy bien
sweet hotel renasa,españa,habitación doble superior - 1 o 2 camas,1,familia,bien,,,7.0,2025-09-16,muy bien
sweet hotel renasa,españa,habitación doble - 1 o 2 camas,1,persona que viaja sola,muy bien,,,8.0,2025-09-13,muy bien
sweet hotel renasa,españa,habitación doble - 1 o 2 camas,3,pareja,muy bien,,,8.0,2025-08-21,muy bien
sweet hotel renasa,españa,habitación individual,1,persona que viaja sola,bien,,,7.0,2025-07-31,muy bien
sweet hotel renasa,españa,habitación doble superior - 1 o 2 camas,1,pareja,bien,,,7.0,2025-07-12,muy bien
sweet hotel renasa,españa,habitación doble - 1 o 2 camas,2,pareja,bien,,,7.0,2025-07-06,muy bien
sweet hotel renasa,españa,habitación doble - 1 o 2 camas,2,pareja,bien,,,7.0,2025-07-03,muy bien
sweet hotel renasa,españa,habitación doble - 1 o 2 camas,1,pareja,muy bien,,,8.0,2025-06-02,muy bien
sweet hotel renasa,españa,habitación doble - 1 o 2 camas,1,persona que viaja sola,bien,,,7.0,2025-05-18,muy bien
sweet hotel renasa,españa,habitación doble - 1 o 2 camas,2,pareja,muy bien,,,8.0,2025-05-01,muy bien
sweet hotel renasa,españa,habitación doble - 1 o 2 camas,1,persona que viaja sola,bien,,,7.0,2025-04-18,muy bien
sweet hotel renasa,españa,habitación doble - 1 o 2 camas,1,pareja,muy bien,,,8.0,2025-04-13,muy bien
sweet hotel renasa,españa,habitación doble - 1 o 2 camas,1,pareja,bien,,,7.0,2025-03-24,muy bien
sweet hotel renasa,españa,habitación individual,3,persona que viaja sola,bien,,,7.0,2025-03-21,muy bien
sweet hotel renasa,españa,suite,1,pareja,bien,,,7.0,2025-03-07,muy bien
sweet hotel renasa,españa,habitación doble - 1 o 2 camas,1,pareja,fantástico,,,9.0,2025-02-06,muy bien
sweet hotel renasa,españa,habitación doble - 1 o 2 camas,1,pareja,fantástico,,,9.0,2024-11-23,muy bien
sweet hotel renasa,españa,habitación doble - 1 o 2 camas,1,familia,correcto,,,7.0,2024-11-13,muy bien
sweet hotel renasa,españa,habitación doble - 1 o 2 camas,3,pareja,muy bien,,,8.0,2024-09-05,muy bien
sweet hotel renasa,españa,habitación doble - 1 o 2 camas,1,pareja,fantástico,,,9.0,2024-08-15,muy bien
sweet hotel renasa,españa,habitación doble - 1 o 2 camas,1,pareja,bien,,,7.0,2024-08-09,muy bien
sweet hotel renasa,españa,habitación doble superior - 1 o 2 camas,1,familia,fantástico,,,9.0,2024-08-06,muy bien
sweet hotel renasa,españa,habitación doble - 1 o 2 camas,1,pareja,muy bien,,,8.0,2024-08-01,muy bien
sweet hotel renasa,españa,habitación doble - 1 o 2 camas,2,pareja,muy bien,,,8.0,2024-07-17,muy bien
sweet hotel renasa,españa,habitación doble - 1 o 2 camas,2,pareja,bien,,,7.0,2024-06-10,muy bien
sweet hotel renasa,españa,habitación doble - 1 o 2 camas,1,pareja,muy bien,,,8.0,2024-06-09,muy bien
sweet hotel renasa,españa,habitación doble - 1 o 2 camas,1,pareja,bien,,,7.0,2024-05-08,muy bien
sweet hotel renasa,españa,habitación doble - 1 o 2 camas,1,pareja,bien,,,7.0,2024-04-15,muy bien
sweet hotel renasa,españa,habitación doble - 1 o 2 camas,2,pareja,fantástico,,,9.0,2024-03-30,muy bien
sweet hotel renasa,españa,habitación individual,1,persona que viaja sola,muy bien,,,8.0,2024-03-06,muy bien
sweet hotel renasa,españa,habitación doble - 1 o 2 camas,1,pareja,bien,,,7.0,2024-02-19,muy bien
sweet hotel renasa,españa,habitación doble - 1 o 2 camas,2,persona que viaja sola,muy bien,,,8.0,2024-01-25,muy bien
sweet hotel renasa,españa,habitación doble - 1 o 2 camas,1,persona que viaja sola,bien,,,7.0,2024-01-24,muy bien
sweet hotel renasa,españa,habitación doble - 1 o 2 camas,1,pareja,muy bien,,,8.0,2024-01-15,muy bien
sweet hotel renasa,españa,habitación individual,2,persona que viaja sola,bien,,,7.0,2024-01-05,muy bien
sweet hotel renasa,españa,habitación individual,1,persona que viaja sola,bien,,,7.0,2024-01-02,muy bien
sweet hotel renasa,españa,habitación doble superior - 1 o 2 camas,1,pareja,fantástico,,,9.0,2023-10-23,muy bien
sweet hotel renasa,españa,habitación doble - 1 o 2 camas,1,pareja,muy bien,,,8.0,2023-10-16,muy bien
sweet hotel renasa,españa,habitación individual,1,persona que viaja sola,bien,,,7.0,2023-09-03,muy bien
sweet hotel renasa,españa,habitación individual,2,persona que viaja sola,muy bien,,,8.0,2023-08-17,muy bien
sweet hotel renasa,españa,habitación doble - 1 o 2 camas,2,pareja,bien,,,7.0,2023-07-16,muy bien
sweet hotel renasa,españa,habitación doble - 1 o 2 camas,1,pareja,muy bien,,,8.0,2023-07-08,muy bien
sweet hotel renasa,españa,habitación doble superior - 1 o 2 camas,2,pareja,muy bien,,,8.0,2023-06-12,muy bien
sweet hotel renasa,españa,habitación doble - 1 o 2 camas,1,pareja,muy bien,,,8.0,2023-06-11,muy bien
sweet hotel renasa,españa,habitación doble - 1 o 2 camas,1,pareja,bien,,,7.0,2023-06-05,muy bien
sweet hotel renasa,españa,habitación doble - 1 o 2 camas,1,pareja,muy bien,,,8.0,2023-06-04,muy bien
sweet hotel renasa,españa,habitación doble - 1 o 2 camas,2,pareja,muy bien,,,8.0,2023-05-19,muy bien
sweet hotel renasa,españa,habitación doble - 1 o 2 camas,1,familia,fantástico,,,9.0,2023-05-07,muy bien
sweet hotel renasa,españa,habitación doble - 1 o 2 camas,1,pareja,muy bien,,,8.0,2023-04-23,muy bien
sweet hotel renasa,españa,habitación individual,1,persona que viaja sola,bien,,,7.0,2025-09-03,muy bien
sweet hotel renasa,españa,habitación doble - 1 o 2 camas,1,grupo,muy bien,,,8.0,2024-02-20,muy bien
sweet hotel renasa,españa,habitación doble - 1 o 2 camas,1,grupo,muy bien,,,8.0,2023-06-18,muy bien
sweet hotel renasa,españa,habitación doble - 1 o 2 camas,4,grupo,fantástico,,,9.0,2026-01-31,muy bien
sweet hotel renasa,españa,habitación individual,1,persona que viaja sola,fantástico,,,9.0,2026-01-16,muy bien
sweet hotel renasa,españa,habitación doble - 1 o 2 camas,1,pareja,fantástico,,,9.0,2025-08-12,muy bien
sweet hotel renasa,españa,habitación doble - 1 o 2 camas,1,persona que viaja sola,muy bien,,,8.0,2025-05-10,muy bien
sweet hotel renasa,españa,habitación doble superior - 1 o 2 camas,1,pareja,muy bien,,,8.0,2024-09-16,muy bien
sweet hotel renasa,españa,habitación triple  2 adultos   1 niño ,1,pareja,fantástico,,,9.0,2024-05-29,muy bien
sweet hotel renasa,españa,habitación doble - 1 o 2 camas,1,pareja,bien,,,7.0,2023-12-26,muy bien
sweet hotel renasa,españa,habitación doble - 1 o 2 camas,1,familia,bien,,,7.0,2023-04-26,muy bien
sweet hotel renasa,españa,habitación doble con cama supletoria,1,grupo,excepcional,,,10.0,2026-04-02,muy bien
sweet hotel renasa,españa,habitación individual,4,persona que viaja sola,excepcional,,,10.0,2026-03-26,muy bien
sweet hotel renasa,españa,habitación doble superior - 1 o 2 camas,3,pareja,excepcional,,,10.0,2026-03-25,muy bien
sweet hotel renasa,españa,habitación doble - 1 o 2 camas,1,pareja,excepcional,,,10.0,2026-03-22,muy bien
sweet hotel renasa,españa,habitación individual,1,persona que viaja sola,excepcional,,,10.0,2026-03-22,muy bien
sweet hotel renasa,españa,habitación individual,1,persona que viaja sola,excepcional,,,10.0,2026-03-22,muy bien
sweet hotel renasa,españa,habitación doble superior - 1 o 2 camas,1,persona que viaja sola,excepcional,,,10.0,2026-03-19,muy bien
sweet hotel renasa,españa,habitación individual,1,persona que viaja sola,excepcional,,,10.0,2026-03-17,muy bien
sweet hotel renasa,españa,habitación individual,20,persona que viaja sola,excepcional,,,10.0,2026-03-15,muy bien
sweet hotel renasa,españa,habitación doble - 1 o 2 camas,1,persona que viaja sola,excepcional,,,10.0,2026-03-15,muy bien
sweet hotel renasa,españa,habitación doble - 1 o 2 camas,1,pareja,excepcional,,,10.0,2026-03-09,muy bien
sweet hotel renasa,españa,habitación doble - 1 o 2 camas,1,pareja,excepcional,,,10.0,2026-03-02,muy bien
sweet hotel renasa,españa,habitación individual,3,persona que viaja sola,excepcional,,,10.0,2026-02-23,muy bien
sweet hotel renasa,españa,habitación doble - 1 o 2 camas,3,grupo,genial,,,10.0,2026-02-23,muy bien
sweet hotel renasa,españa,habitación doble - 1 o 2 camas,1,pareja,excepcional,,,10.0,2026-02-08,muy bien
sweet hotel renasa,españa,habitación doble - 1 o 2 camas,1,pareja,excepcional,,,10.0,2026-02-05,muy bien
sweet hotel renasa,españa,habitación doble - 1 o 2 camas,1,persona que viaja sola,excepcional,,,10.0,2026-02-02,muy bien
sweet hotel renasa,españa,habitación doble superior - 1 o 2 camas,1,pareja,excepcional,,,10.0,2026-01-17,muy bien
sweet hotel renasa,españa,habitación doble - 1 o 2 camas,2,persona que viaja sola,excepcional,,,10.0,2026-01-11,muy bien
sweet hotel renasa,españa,habitación doble superior - 1 o 2 camas,1,grupo,excepcional,,,10.0,2025-12-08,muy bien
sweet hotel renasa,españa,habitación doble - 1 o 2 camas,2,familia,excepcional,,,10.0,2025-11-17,muy bien
sweet hotel renasa,españa,habitación doble - 1 o 2 camas,1,persona que viaja sola,excepcional,,,10.0,2025-11-16,muy bien
sweet hotel renasa,españa,habitación doble superior - 1 o 2 camas,1,grupo,excepcional,,,10.0,2025-11-14,muy bien
sweet hotel renasa,españa,habitación doble - 1 o 2 camas,2,persona que viaja sola,excepcional,,,10.0,2025-11-11,muy bien
sweet hotel renasa,españa,habitación doble superior - 1 o 2 camas,2,persona que viaja sola,excepcional,,,10.0,2025-11-11,muy bien
sweet hotel renasa,españa,habitación doble - 1 o 2 camas,2,pareja,excepcional,,,10.0,2025-11-10,muy bien
sweet hotel renasa,españa,habitación doble - 1 o 2 camas,1,pareja,excepcional,,,10.0,2025-11-07,muy bien
sweet hotel renasa,españa,habitación doble - 1 o 2 camas,4,grupo,excepcional,,,10.0,2025-11-02,muy bien
sweet hotel renasa,españa,habitación doble - 1 o 2 camas,1,pareja,excepcional,,,10.0,2025-10-23,muy bien
sweet hotel renasa,españa,habitación doble - 1 o 2 camas,1,familia,excepcional,,,10.0,2025-10-18,muy bien
sweet hotel renasa,españa,habitación doble - 1 o 2 camas,1,persona que viaja sola,excepcional,,,10.0,2025-10-12,muy bien
sweet hotel renasa,españa,habitación doble superior - 1 o 2 camas,3,persona que viaja sola,excepcional,,,10.0,2025-10-08,muy bien
sweet hotel renasa,españa,habitación doble - 1 o 2 camas,2,familia,excepcional,,,10.0,2025-09-30,muy bien
sweet hotel renasa,españa,habitación doble superior - 1 o 2 camas,4,pareja,excepcional,,,10.0,2025-09-29,muy bien
sweet hotel renasa,españa,habitación individual,1,persona que viaja sola,excepcional,,,10.0,2025-09-29,muy bien
sweet hotel renasa,españa,habitación doble - 1 o 2 camas,2,familia,excepcional,,,10.0,2025-09-19,muy bien
sweet hotel renasa,españa,habitación individual,1,persona que viaja sola,excepcional,,,10.0,2025-09-07,muy bien
sweet hotel renasa,españa,habitación doble - 1 o 2 camas,4,persona que viaja sola,excepcional,,,10.0,2025-09-06,muy bien
sweet hotel renasa,españa,habitación doble - 1 o 2 camas,1,grupo,excepcional,,,10.0,2025-09-03,muy bien
sweet hotel renasa,españa,habitación doble - 1 o 2 camas,4,familia,excepcional,,,10.0,2025-09-01,muy bien
sweet hotel renasa,españa,habitación doble con cama supletoria,3,familia,excepcional,,,10.0,2025-08-28,muy bien
sweet hotel renasa,españa,habitación individual,3,persona que viaja sola,excepcional,,,10.0,2025-08-25,muy bien
sweet hotel renasa,españa,habitación doble - 1 o 2 camas,4,pareja,maravillosa,,,10.0,2025-08-22,muy bien
sweet hotel renasa,españa,habitación triple  2 adultos   1 niño ,1,familia,excepcional,,,10.0,2025-08-21,muy bien
sweet hotel renasa,españa,habitación individual,1,persona que viaja sola,excepcional,,,10.0,2025-08-21,muy bien
sweet hotel renasa,españa,habitación doble - 1 o 2 camas,1,pareja,bien,,,10.0,2025-08-18,muy bien
sweet hotel renasa,españa,habitación doble - 1 o 2 camas,2,grupo,excepcional,,,10.0,2025-08-17,muy bien
sweet hotel renasa,españa,habitación doble - 1 o 2 camas,2,pareja,excepcional,,,10.0,2025-08-17,muy bien
sweet hotel renasa,españa,habitación doble - 1 o 2 camas,1,pareja,excepcional,,,10.0,2025-08-11,muy bien
sweet hotel renasa,españa,habitación doble - 1 o 2 camas,2,grupo,excepcional,,,10.0,2025-08-09,muy bien
sweet hotel renasa,españa,habitación doble - 1 o 2 camas,2,persona que viaja sola,excepcional,,,10.0,2025-08-05,muy bien
sweet hotel renasa,españa,habitación doble - 1 o 2 camas,1,pareja,excepcional,,,10.0,2025-08-04,muy bien
sweet hotel renasa,españa,habitación doble - 1 o 2 camas,3,persona que viaja sola,excepcional,,,10.0,2025-08-02,muy bien
sweet hotel renasa,españa,habitación doble - 1 o 2 camas,1,pareja,excepcional,,,10.0,2025-07-21,muy bien
sweet hotel renasa,españa,habitación doble - 1 o 2 camas,1,grupo,excepcional,,,10.0,2025-07-16,muy bien
sweet hotel renasa,españa,habitación doble - 1 o 2 camas,1,familia,excepcional,,,10.0,2025-07-14,muy bien
sweet hotel renasa,españa,habitación doble - 1 o 2 camas,1,grupo,excepcional,,,10.0,2025-07-11,muy bien
sweet hotel renasa,españa,habitación individual,2,persona que viaja sola,excepcional,,,10.0,2025-07-09,muy bien
sweet hotel renasa,españa,habitación doble superior - 1 o 2 camas,2,persona que viaja sola,excepcional,,,10.0,2025-06-23,muy bien
sweet hotel renasa,españa,habitación doble - 1 o 2 camas,2,pareja,excepcional,,,10.0,2025-06-02,muy bien
sweet hotel renasa,españa,habitación doble - 1 o 2 camas,1,familia,excepcional,,,10.0,2025-05-25,muy bien
sweet hotel renasa,españa,habitación doble - 1 o 2 camas,1,persona que viaja sola,excepcional,,,10.0,2025-05-09,muy bien
sweet hotel renasa,españa,habitación doble - 1 o 2 camas,1,pareja,excepcional,,,10.0,2025-05-02,muy bien
sweet hotel renasa,españa,habitación doble - 1 o 2 camas,1,grupo,excepcional,,,10.0,2025-04-08,muy bien
sweet hotel renasa,españa,habitación doble - 1 o 2 camas,1,pareja,excepcional,,,10.0,2025-04-02,muy bien
sweet hotel renasa,españa,habitación doble - 1 o 2 camas,1,pareja,excepcional,,,10.0,2025-03-31,muy bien
sweet hotel renasa,españa,habitación individual,1,persona que viaja sola,excepcional,,,10.0,2025-02-15,muy bien
sweet hotel renasa,españa,habitación doble - 1 o 2 camas,2,grupo,excepcional,,,10.0,2025-02-02,muy bien
sweet hotel renasa,españa,habitación doble - 1 o 2 camas,1,pareja,excepcional,,,10.0,2025-01-28,muy bien
sweet hotel renasa,españa,habitación doble - 1 o 2 camas,1,familia,excepcional,,,10.0,2025-01-20,muy bien
sweet hotel renasa,españa,habitación doble - 1 o 2 camas,1,pareja,excepcional,,,10.0,2025-01-19,muy bien
sweet hotel renasa,españa,habitación individual,2,persona que viaja sola,excepcional,,,10.0,2025-01-14,muy bien
sweet hotel renasa,españa,habitación individual,1,persona que viaja sola,excepcional,,,10.0,2025-01-13,muy bien
sweet hotel renasa,españa,habitación doble - 1 o 2 camas,1,pareja,excepcional,,,10.0,2025-01-12,muy bien
sweet hotel renasa,españa,habitación doble - 1 o 2 camas,1,pareja,excepcional,,,10.0,2025-01-07,muy bien
sweet hotel renasa,españa,habitación doble - 1 o 2 camas,1,pareja,excepcional,,,10.0,2025-01-05,muy bien
sweet hotel renasa,españa,habitación individual,1,persona que viaja sola,excepcional,,,10.0,2024-12-31,muy bien
sweet hotel renasa,españa,habitación doble - 1 o 2 camas,1,persona que viaja sola,excepcional,,,10.0,2024-12-20,muy bien
sweet hotel renasa,españa,habitación doble - 1 o 2 camas,1,pareja,excepcional,,,10.0,2024-12-18,muy bien
sweet hotel renasa,españa,habitación doble - 1 o 2 camas,1,pareja,excepcional,,,10.0,2024-12-16,muy bien
sweet hotel renasa,españa,habitación individual,1,persona que viaja sola,excepcional,,,10.0,2024-12-14,muy bien
sweet hotel renasa,españa,habitación doble - 1 o 2 camas,1,grupo,excepcional,,,10.0,2024-12-14,muy bien
sweet hotel renasa,españa,habitación doble - 1 o 2 camas,1,familia,excepcional,,,10.0,2024-12-14,muy bien
sweet hotel renasa,españa,habitación doble - 1 o 2 camas,1,pareja,excelente,,,10.0,2024-12-10,muy bien
sweet hotel renasa,españa,habitación doble - 1 o 2 camas,1,pareja,excepcional,,,10.0,2024-12-10,muy bien
sweet hotel renasa,españa,habitación doble - 1 o 2 camas,1,pareja,excepcional,,,10.0,2024-12-07,muy bien
sweet hotel renasa,españa,habitación individual,4,persona que viaja sola,excepcional,,,10.0,2024-12-04,muy bien
sweet hotel renasa,españa,habitación doble - 1 o 2 camas,1,familia,excepcional,,,10.0,2024-11-30,muy bien
sweet hotel renasa,españa,habitación doble - 1 o 2 camas,1,pareja,excepcional,,,10.0,2024-11-19,muy bien
sweet hotel renasa,españa,habitación doble - 1 o 2 camas,2,persona que viaja sola,excepcional,,,10.0,2024-11-15,muy bien
sweet hotel renasa,españa,habitación doble - 1 o 2 camas,1,pareja,excepcional,,,10.0,2024-11-12,muy bien
sweet hotel renasa,españa,suite,4,pareja,excepcional,,,10.0,2024-09-30,muy bien
sweet hotel renasa,españa,habitación doble - 1 o 2 camas,4,pareja,excepcional,,,10.0,2024-09-17,muy bien
sweet hotel renasa,españa,habitación doble - 1 o 2 camas,1,grupo,excepcional,,,10.0,2024-09-17,muy bien
sweet hotel renasa,españa,habitación doble - 1 o 2 camas,1,pareja,excepcional,,,10.0,2024-09-16,muy bien
sweet hotel renasa,españa,habitación doble - 1 o 2 camas,1,pareja,excepcional,,,10.0,2024-09-06,muy bien
sweet hotel renasa,españa,habitación doble - 1 o 2 camas,1,pareja,excepcional,,,10.0,2024-09-01,muy bien
sweet hotel renasa,españa,habitación doble - 1 o 2 camas,2,pareja,excepcional,,,10.0,2024-08-20,muy bien
sweet hotel renasa,españa,habitación doble - 1 o 2 camas,3,grupo,excepcional,,,10.0,2024-08-16,muy bien
sweet hotel renasa,españa,habitación doble - 1 o 2 camas,2,familia,excepcional,,,10.0,2024-08-14,muy bien
sweet hotel renasa,españa,habitación individual,3,persona que viaja sola,excepcional,,,10.0,2024-08-11,muy bien
sweet hotel renasa,españa,habitación doble - 1 o 2 camas,2,pareja,excepcional,,,10.0,2024-08-09,muy bien
sweet hotel renasa,españa,habitación doble - 1 o 2 camas,1,pareja,excepcional,,,10.0,2024-08-05,muy bien
sweet hotel renasa,españa,habitación doble - 1 o 2 camas,2,pareja,excepcional,,,10.0,2024-07-28,muy bien
sweet hotel renasa,españa,habitación doble - 1 o 2 camas,1,pareja,excepcional,,,10.0,2024-07-27,muy bien
sweet hotel renasa,españa,habitación doble - 1 o 2 camas,1,grupo,excepcional,,,10.0,2024-07-15,muy bien
sweet hotel renasa,españa,habitación doble - 1 o 2 camas,1,familia,excepcional,,,10.0,2024-07-11,muy bien
sweet hotel renasa,españa,habitación doble - 1 o 2 camas,1,pareja,excepcional,,,10.0,2024-07-08,muy bien
sweet hotel renasa,españa,habitación doble superior - 1 o 2 camas,2,familia,excepcional,,,10.0,2024-07-06,muy bien
sweet hotel renasa,españa,habitación individual,3,persona que viaja sola,excepcional,,,10.0,2024-05-27,muy bien
sweet hotel renasa,españa,habitación doble - 1 o 2 camas,1,pareja,excepcional,,,10.0,2024-05-24,muy bien
sweet hotel renasa,españa,habitación doble superior - 1 o 2 camas,2,pareja,excepcional,,,10.0,2024-05-23,muy bien
sweet hotel renasa,españa,habitación doble superior - 1 o 2 camas,2,pareja,excepcional,,,10.0,2024-05-06,muy bien
sweet hotel renasa,españa,habitación doble - 1 o 2 camas,1,pareja,excepcional,,,10.0,2024-05-02,muy bien
sweet hotel renasa,españa,habitación doble - 1 o 2 camas,2,pareja,excepcional,,,10.0,2024-04-18,muy bien
sweet hotel renasa,españa,habitación doble - 1 o 2 camas,1,pareja,excepcional,,,10.0,2024-04-16,muy bien
sweet hotel renasa,españa,habitación doble superior - 1 o 2 camas,1,persona que viaja sola,excepcional,,,10.0,2024-04-08,muy bien
sweet hotel renasa,españa,habitación doble - 1 o 2 camas,1,pareja,excepcional,,,10.0,2024-04-02,muy bien
sweet hotel renasa,españa,habitación doble - 1 o 2 camas,1,pareja,excepcional,,,10.0,2024-03-29,muy bien
sweet hotel renasa,españa,habitación doble - 1 o 2 camas,1,persona que viaja sola,excepcional,,,10.0,2024-03-26,muy bien
sweet hotel renasa,españa,habitación doble - 1 o 2 camas,2,pareja,excepcional,,,10.0,2024-03-19,muy bien
sweet hotel renasa,españa,habitación doble - 1 o 2 camas,9,familia,excepcional,,,10.0,2024-02-26,muy bien
sweet hotel renasa,españa,habitación doble - 1 o 2 camas,1,familia,excepcional,,,10.0,2024-02-23,muy bien
sweet hotel renasa,españa,habitación triple  2 adultos   1 niño ,4,pareja,excepcional,,,10.0,2024-02-22,muy bien
sweet hotel renasa,españa,habitación individual,1,persona que viaja sola,excepcional,,,10.0,2024-02-05,muy bien
sweet hotel renasa,españa,habitación doble - 1 o 2 camas,1,pareja,excepcional,,,10.0,2024-02-04,muy bien
sweet hotel renasa,españa,habitación doble - 1 o 2 camas,1,persona que viaja sola,excepcional,,,10.0,2024-02-03,muy bien
sweet hotel renasa,españa,habitación doble - 1 o 2 camas,1,pareja,excepcional,,,10.0,2024-01-27,muy bien
sweet hotel renasa,españa,habitación individual,1,persona que viaja sola,excepcional,,,10.0,2024-01-09,muy bien
sweet hotel renasa,españa,habitación doble - 1 o 2 camas,1,pareja,excepcional,,,10.0,2023-12-26,muy bien
sweet hotel renasa,españa,habitación doble - 1 o 2 camas,1,persona que viaja sola,excepcional,,,10.0,2023-12-04,muy bien
sweet hotel renasa,españa,habitación triple  2 adultos   1 niño ,2,pareja,excepcional,,,10.0,2023-12-04,muy bien
sweet hotel renasa,españa,habitación individual,1,persona que viaja sola,excepcional,,,10.0,2023-12-03,muy bien
sweet hotel renasa,españa,habitación doble - 1 o 2 camas,1,pareja,excepcional,,,10.0,2023-11-26,muy bien
sweet hotel renasa,españa,habitación doble - 1 o 2 camas,2,pareja,excepcional,,,10.0,2023-11-25,muy bien
sweet hotel renasa,españa,habitación doble - 1 o 2 camas,1,familia,excepcional,,,10.0,2023-11-20,muy bien
sweet hotel renasa,españa,habitación doble - 1 o 2 camas,2,pareja,excepcional,,,10.0,2023-11-19,muy bien
sweet hotel renasa,españa,habitación individual,1,familia,excepcional,,,10.0,2023-11-18,muy bien
sweet hotel renasa,españa,habitación doble - 1 o 2 camas,1,pareja,excepcional,,,10.0,2023-11-12,muy bien
sweet hotel renasa,españa,habitación individual,1,persona que viaja sola,excepcional,,,10.0,2023-10-16,muy bien
sweet hotel renasa,españa,habitación doble - 1 o 2 camas,2,persona que viaja sola,excepcional,,,10.0,2023-10-11,muy bien
sweet hotel renasa,españa,habitación individual,2,persona que viaja sola,excepcional,,,10.0,2023-09-25,muy bien
sweet hotel renasa,españa,habitación individual,2,persona que viaja sola,excepcional,,,10.0,2023-08-27,muy bien
sweet hotel renasa,españa,habitación doble - 1 o 2 camas,1,pareja,excepcional,,,10.0,2023-08-26,muy bien
sweet hotel renasa,españa,habitación doble - 1 o 2 camas,3,pareja,excepcional,,,10.0,2023-08-26,muy bien
sweet hotel renasa,españa,habitación doble - 1 o 2 camas,2,pareja,excepcional,,,10.0,2023-07-19,muy bien
sweet hotel renasa,españa,habitación doble superior - 1 o 2 camas,1,pareja,excepcional,,,10.0,2023-07-14,muy bien
sweet hotel renasa,españa,habitación doble - 1 o 2 camas,1,pareja,excepcional,,,10.0,2023-07-03,muy bien
sweet hotel renasa,españa,habitación doble - 1 o 2 camas,1,pareja,excepcional,,,10.0,2023-07-03,muy bien
sweet hotel renasa,españa,habitación individual,3,persona que viaja sola,excepcional,,,10.0,2023-06-29,muy bien
sweet hotel renasa,españa,habitación doble - 1 o 2 camas,1,pareja,excepcional,,,10.0,2023-06-12,muy bien
sweet hotel renasa,españa,habitación doble - 1 o 2 camas,2,grupo,excepcional,,,10.0,2023-06-09,muy bien
sweet hotel renasa,españa,habitación doble superior - 1 o 2 camas,3,persona que viaja sola,excepcional,,,10.0,2023-05-25,muy bien
sweet hotel renasa,españa,habitación doble - 1 o 2 camas,2,pareja,excepcional,,,10.0,2023-04-17,muy bien
sweet hotel renasa,españa,habitación doble - 1 o 2 camas,2,pareja,excepcional,,,10.0,2023-04-16,muy bien
sweet hotel renasa,españa,habitación doble con cama supletoria,2,familia,excepcional,,,10.0,2026-04-11,muy bien
sweet hotel renasa,españa,habitación doble - 1 o 2 camas,2,pareja,excepcional,,,10.0,2026-03-19,muy bien
sweet hotel renasa,españa,habitación doble - 1 o 2 camas,4,pareja,excepcional,,,10.0,2026-03-18,muy bien
sweet hotel renasa,españa,habitación doble - 1 o 2 camas,1,pareja,excepcional,,,10.0,2026-03-16,muy bien
sweet hotel renasa,españa,habitación doble - 1 o 2 camas,2,pareja,agradable,,,6.0,2026-03-16,muy bien
sweet hotel renasa,españa,habitación individual,1,persona que viaja sola,excepcional,,,10.0,2026-03-03,muy bien
sweet hotel renasa,españa,habitación doble - 1 o 2 camas,1,pareja,excepcional,,,10.0,2026-03-01,muy bien
sweet hotel renasa,españa,habitación individual,1,persona que viaja sola,excepcional,,,10.0,2026-02-09,muy bien
sweet hotel renasa,españa,habitación doble - 1 o 2 camas,1,pareja,excepcional,,,10.0,2026-02-07,muy bien
sweet hotel renasa,españa,habitación doble - 1 o 2 camas,1,familia,excepcional,,,10.0,2025-11-25,muy bien
sweet hotel renasa,españa,habitación individual,1,persona que viaja sola,excepcional,,,10.0,2025-11-09,muy bien
sweet hotel renasa,españa,habitación doble - 1 o 2 camas,1,pareja,excepcional,,,10.0,2025-10-26,muy bien
sweet hotel renasa,españa,habitación doble con cama supletoria,1,pareja,excepcional,,,10.0,2025-10-26,muy bien
sweet hotel renasa,españa,habitación doble - 1 o 2 camas,1,persona que viaja sola,excepcional,,,10.0,2025-10-21,muy bien
sweet hotel renasa,españa,habitación doble - 1 o 2 camas,1,pareja,agradable,,,6.0,2025-09-25,muy bien
sweet hotel renasa,españa,habitación doble - 1 o 2 camas,1,persona que viaja sola,excepcional,,,10.0,2025-09-24,muy bien
sweet hotel renasa,españa,habitación doble - 1 o 2 camas,2,pareja,excepcional,,,10.0,2025-09-06,muy bien
sweet hotel renasa,españa,habitación doble - 1 o 2 camas,1,pareja,agradable,,,6.0,2025-08-29,muy bien
sweet hotel renasa,españa,habitación doble - 1 o 2 camas,2,grupo,excepcional,,,10.0,2025-08-23,muy bien
sweet hotel renasa,españa,habitación doble - 1 o 2 camas,7,familia,agradable,,,6.0,2025-08-06,muy bien
sweet hotel renasa,españa,habitación doble - 1 o 2 camas,1,grupo,excepcional,,,10.0,2025-07-24,muy bien
sweet hotel renasa,españa,habitación doble - 1 o 2 camas,1,pareja,excepcional,,,10.0,2025-07-06,muy bien
sweet hotel renasa,españa,habitación doble - 1 o 2 camas,2,pareja,excepcional,,,10.0,2025-07-01,muy bien
sweet hotel renasa,españa,habitación doble - 1 o 2 camas,1,pareja,excepcional,,,10.0,2025-06-13,muy bien
sweet hotel renasa,españa,habitación doble - 1 o 2 camas,1,pareja,excepcional,,,10.0,2025-02-18,muy bien
sweet hotel renasa,españa,habitación doble - 1 o 2 camas,3,pareja,excepcional,,,10.0,2025-02-17,muy bien
sweet hotel renasa,españa,habitación individual,2,persona que viaja sola,excepcional,,,10.0,2025-02-16,muy bien
sweet hotel renasa,españa,habitación individual,1,persona que viaja sola,excepcional,,,10.0,2025-02-06,muy bien
sweet hotel renasa,españa,habitación doble - 1 o 2 camas,1,pareja,agradable,,,6.0,2025-01-15,muy bien
sweet hotel renasa,españa,habitación doble - 1 o 2 camas,2,pareja,excepcional,,,10.0,2025-01-06,muy bien
sweet hotel renasa,españa,habitación individual,1,persona que viaja sola,agradable,,,6.0,2024-12-18,muy bien
sweet hotel renasa,españa,habitación individual,1,persona que viaja sola,mal,,,3.0,2024-11-18,muy bien
sweet hotel renasa,españa,habitación doble superior - 1 o 2 camas,1,persona que viaja sola,excepcional,,,10.0,2024-10-28,muy bien
sweet hotel renasa,españa,habitación doble - 1 o 2 camas,1,pareja,excepcional,,,10.0,2024-08-26,muy bien
sweet hotel renasa,españa,habitación doble superior - 1 o 2 camas,2,pareja,excepcional,,,10.0,2024-08-05,muy bien
sweet hotel renasa,españa,habitación doble superior - 1 o 2 camas,2,pareja,excepcional,,,10.0,2024-06-22,muy bien
sweet hotel renasa,españa,habitación individual,1,persona que viaja sola,aceptable,,,5.0,2024-05-16,muy bien
sweet hotel renasa,españa,habitación doble - 1 o 2 camas,1,pareja,excepcional,,,10.0,2024-04-21,muy bien
sweet hotel renasa,españa,habitación doble - 1 o 2 camas,1,pareja,cerca de mestalla.,,,10.0,2024-04-10,muy bien
sweet hotel renasa,españa,habitación individual,3,persona que viaja sola,excepcional,,,10.0,2024-03-23,muy bien
sweet hotel renasa,españa,habitación doble - 1 o 2 camas,2,familia,excepcional,,,10.0,2024-01-07,muy bien
sweet hotel renasa,españa,habitación individual,1,persona que viaja sola,agradable,,,6.0,2023-12-27,muy bien
sweet hotel renasa,españa,habitación doble - 1 o 2 camas,2,persona que viaja sola,decepcionante,,,4.0,2023-10-13,muy bien
sweet hotel renasa,españa,habitación doble - 1 o 2 camas,2,familia,excepcional,,,10.0,2023-08-28,muy bien
sweet hotel renasa,españa,habitación doble - 1 o 2 camas,3,pareja,muy buena experiencia,,,10.0,2023-08-03,muy bien
sweet hotel renasa,españa,habitación doble - 1 o 2 camas,1,pareja,excepcional,,,10.0,2023-07-30,muy bien
sweet hotel renasa,españa,habitación doble - 1 o 2 camas,3,familia,excepcional,,,10.0,2023-06-17,muy bien
sweet hotel renasa,españa,habitación doble - 1 o 2 camas,1,persona que viaja sola,excepcional,,,10.0,2023-06-10,muy bien
sweet hotel renasa,españa,habitación doble - 1 o 2 camas,1,familia,excepcional,,,10.0,2023-06-06,muy bien
sweet hotel renasa,españa,habitación doble - 1 o 2 camas,1,pareja,normalito para pasar una noche,,,5.0,2026-03-28,muy bien
sweet hotel renasa,españa,habitación doble - 1 o 2 camas,1,pareja,mal,,,3.0,2026-01-17,muy bien
sweet hotel renasa,españa,habitación individual,1,persona que viaja sola,agradable,,,6.0,2026-01-16,muy bien
sweet hotel renasa,españa,habitación individual,2,persona que viaja sola,mal,,,3.0,2025-12-19,muy bien
sweet hotel renasa,españa,habitación individual,1,persona que viaja sola,excepcional,,,10.0,2025-11-16,muy bien
sweet hotel renasa,españa,habitación doble - 1 o 2 camas,2,persona que viaja sola,agradable,,,6.0,2025-10-11,muy bien
sweet hotel renasa,españa,habitación doble - 1 o 2 camas,1,pareja,agradable,,,6.0,2025-10-02,muy bien
sweet hotel renasa,españa,habitación doble - 1 o 2 camas,1,pareja,agradable,,,6.0,2025-09-28,muy bien
sweet hotel renasa,españa,habitación doble - 1 o 2 camas,1,pareja,agradable,,,6.0,2025-09-19,muy bien
sweet hotel renasa,españa,habitación doble - 1 o 2 camas,4,pareja,excepcional,,,10.0,2025-09-10,muy bien
sweet hotel renasa,españa,habitación doble - 1 o 2 camas,1,pareja,agradable,,,6.0,2025-08-19,muy bien
sweet hotel renasa,españa,habitación doble - 1 o 2 camas,1,pareja,mal,,,3.0,2025-08-13,muy bien
sweet hotel renasa,españa,habitación doble - 1 o 2 camas,1,pareja,agradable,,,6.0,2025-07-28,muy bien
sweet hotel renasa,españa,habitación doble - 1 o 2 camas,1,pareja,agradable,,,6.0,2025-07-27,muy bien
sweet hotel renasa,españa,habitación doble - 1 o 2 camas,1,pareja,mal,,,3.0,2025-05-31,muy bien
sweet hotel renasa,españa,habitación doble - 1 o 2 camas,1,persona que viaja sola,agradable,,,6.0,2025-05-30,muy bien
sweet hotel renasa,españa,habitación individual,2,grupo,decepcionante,,,4.0,2025-05-15,muy bien
sweet hotel renasa,españa,habitación doble - 1 o 2 camas,3,pareja,excepcional,,,10.0,2025-05-14,muy bien
sweet hotel renasa,españa,habitación individual,1,persona que viaja sola,agradable,,,6.0,2025-05-02,muy bien
sweet hotel renasa,españa,habitación individual,1,persona que viaja sola,agradable,,,6.0,2025-03-30,muy bien
sweet hotel renasa,españa,habitación doble - 1 o 2 camas,1,pareja,agradable,,,6.0,2025-02-23,muy bien
sweet hotel renasa,españa,habitación doble - 1 o 2 camas,1,pareja,agradable,,,6.0,2024-12-27,muy bien
sweet hotel renasa,españa,habitación individual,1,pareja,aceptable,,,5.0,2024-12-08,muy bien
sweet hotel renasa,españa,habitación doble - 1 o 2 camas,1,pareja,agradable,,,6.0,2024-10-01,muy bien
sweet hotel renasa,españa,habitación doble - 1 o 2 camas,1,pareja,aceptable,,,5.0,2024-08-05,muy bien
sweet hotel renasa,españa,habitación doble - 1 o 2 camas,2,pareja,decepcionante,,,4.0,2024-08-05,muy bien
sweet hotel renasa,españa,habitación individual,4,persona que viaja sola,agradable,,,6.0,2024-07-25,muy bien
sweet hotel renasa,españa,habitación doble superior - 1 o 2 camas,1,pareja,agradable,,,6.0,2024-07-15,muy bien
sweet hotel renasa,españa,habitación doble - 1 o 2 camas,1,pareja,agradable,,,6.0,2024-06-24,muy bien
sweet hotel renasa,españa,habitación individual,2,persona que viaja sola,aceptable,,,5.0,2024-01-21,muy bien
sweet hotel renasa,españa,habitación doble - 1 o 2 camas,1,pareja,aceptable,,,5.0,2024-01-13,muy bien
sweet hotel renasa,españa,suite,1,pareja,excepcional,,,10.0,2023-11-26,muy bien
sweet hotel renasa,españa,habitación individual,1,persona que viaja sola,aceptable,,,5.0,2023-10-16,muy bien
sweet hotel renasa,españa,habitación doble - 1 o 2 camas,2,pareja,excepcional,,,10.0,2023-08-14,muy bien
sweet hotel renasa,españa,habitación doble - 1 o 2 camas,1,pareja,aceptable,,,5.0,2023-08-01,muy bien
sweet hotel renasa,españa,habitación doble - 1 o 2 camas,3,pareja,aceptable,,,5.0,2023-07-30,muy bien
sweet hotel renasa,españa,habitación doble - 1 o 2 camas,1,pareja,muy mal,,,2.0,2026-01-02,muy bien
sweet hotel renasa,españa,habitación individual,2,persona que viaja sola,aceptable,,,5.0,2025-12-11,muy bien
sweet hotel renasa,españa,habitación doble superior - 1 o 2 camas,1,pareja,pésimo,,,1.0,2025-11-16,muy bien
sweet hotel renasa,españa,habitación doble - 1 o 2 camas,1,pareja,aceptable,,,5.0,2025-06-14,muy bien
sweet hotel renasa,españa,habitación individual,2,persona que viaja sola,pésimo,,,1.0,2025-05-28,muy bien
sweet hotel renasa,españa,habitación doble - 1 o 2 camas,1,pareja,decepcionante,,,4.0,2025-03-23,muy bien
sweet hotel renasa,españa,habitación doble - 1 o 2 camas,1,pareja,muy mal,,,2.0,2025-01-03,muy bien
sweet hotel renasa,españa,habitación doble - 1 o 2 camas,1,pareja,agradable,,,6.0,2024-12-30,muy bien
sweet hotel renasa,españa,habitación doble - 1 o 2 camas,1,persona que viaja sola,aceptable,,,5.0,2024-11-09,muy bien
sweet hotel renasa,españa,habitación doble superior - 1 o 2 camas,2,pareja,agradable,,,6.0,2024-03-10,muy bien
sweet hotel renasa,españa,habitación doble - 1 o 2 camas,3,persona que viaja sola,agradable,,,6.0,2024-03-06,muy bien
sweet hotel renasa,españa,habitación doble - 1 o 2 camas,1,pareja,pésimo,,,1.0,2024-02-07,muy bien
sweet hotel renasa,españa,habitación doble - 1 o 2 camas,2,pareja,decepcionante,,,4.0,2024-01-22,muy bien
sweet hotel renasa,españa,habitación doble - 1 o 2 camas,2,pareja,agradable,,,6.0,2023-07-24,muy bien
sweet hotel renasa,españa,habitación doble - 1 o 2 camas,1,pareja,aceptable,,,5.0,2023-07-23,muy bien
sweet hotel renasa,españa,habitación doble - 1 o 2 camas,1,pareja,excepcional,,,10.0,2026-04-09,muy bien
sweet hotel renasa,españa,habitación doble - 1 o 2 camas,1,pareja,excepcional,,,10.0,2026-04-09,muy bien
sweet hotel renasa,españa,habitación doble - 1 o 2 camas,1,persona que viaja sola,excepcional,,,10.0,2024-12-21,muy bien
sweet hotel renasa,españa,habitación doble - 1 o 2 camas,1,pareja,agradable,,,6.0,2024-12-07,muy bien
sweet hotel renasa,españa,habitación individual,2,persona que viaja sola,decepcionante,,,4.0,2024-12-05,muy bien
sweet hotel renasa,españa,habitación individual,2,persona que viaja sola,excepcional,,,10.0,2023-06-25,muy bien
sweet hotel renasa,españa,habitación triple  2 adultos   1 niño ,3,familia,fantástico,,,9.0,2024-12-12,muy bien
sweet hotel renasa,españa,habitación doble - 1 o 2 camas,1,pareja,fantástico,,,9.0,2023-09-11,muy bien
sweet hotel renasa,españa,habitación individual,1,persona que viaja sola,fantástico,,,9.0,2024-01-06,muy bien
sweet hotel renasa,españa,habitación doble - 1 o 2 camas,3,pareja,muy bien,,,8.0,2023-11-19,muy bien
sweet hotel renasa,españa,habitación doble - 1 o 2 camas,2,pareja,excepcional,,,10.0,2023-06-12,muy bien
sweet hotel renasa,españa,habitación doble - 1 o 2 camas,1,pareja,excepcional,,,10.0,2023-06-06,muy bien
sweet hotel renasa,españa,habitación doble - 1 o 2 camas,1,familia,excepcional,,,10.0,2023-09-04,muy bien
sweet hotel renasa,españa,habitación doble - 1 o 2 camas,1,grupo,excepcional,,,10.0,2023-04-24,muy bien
sweet hotel renasa,españa,habitación doble superior - 1 o 2 camas,1,persona que viaja sola,fantástico,,,9.0,2025-07-16,muy bien
sweet hotel renasa,españa,habitación doble - 1 o 2 camas,1,pareja,fantástico,,,9.0,2025-04-29,muy bien
sweet hotel renasa,españa,habitación doble - 1 o 2 camas,3,persona que viaja sola,muy bien,,,8.0,2024-08-14,muy bien
sweet hotel renasa,españa,habitación triple  2 adultos   1 niño ,1,familia,fantástico,,,9.0,2024-08-12,muy bien
sweet hotel renasa,españa,habitación doble - 1 o 2 camas,1,persona que viaja sola,muy bien,,,8.0,2024-05-16,muy bien
sweet hotel renasa,españa,habitación individual,1,persona que viaja sola,fantástico,,,9.0,2024-02-23,muy bien
sweet hotel renasa,españa,habitación doble - 1 o 2 camas,3,pareja,fantástico,,,9.0,2024-02-22,muy bien
sweet hotel renasa,españa,habitación doble - 1 o 2 camas,1,pareja,fantástico,,,9.0,2023-06-12,muy bien
sweet hotel renasa,españa,habitación doble - 1 o 2 camas,1,pareja,muy bien,,,8.0,2025-12-21,muy bien
sweet hotel renasa,españa,habitación doble - 1 o 2 camas,1,pareja,muy bien,,,8.0,2025-08-14,muy bien
sweet hotel renasa,españa,habitación doble - 1 o 2 camas,1,pareja,fantástico,,,9.0,2025-04-19,muy bien
sweet hotel renasa,españa,habitación individual,3,persona que viaja sola,muy bien,,,8.0,2025-02-17,muy bien
sweet hotel renasa,españa,habitación doble - 1 o 2 camas,1,persona que viaja sola,fantástico,,,9.0,2024-11-23,muy bien
sweet hotel renasa,españa,habitación doble - 1 o 2 camas,1,pareja,fantástico,,,9.0,2024-08-23,muy bien
sweet hotel renasa,españa,habitación doble - 1 o 2 camas,1,pareja,bien,,,7.0,2023-07-01,muy bien
sweet hotel renasa,españa,habitación individual,1,persona que viaja sola,bien,,,7.0,2026-02-08,muy bien
sweet hotel renasa,españa,habitación doble - 1 o 2 camas,1,familia,muy bien,,,8.0,2023-11-12,muy bien
sweet hotel renasa,españa,habitación doble - 1 o 2 camas,2,pareja,fantástico,,,9.0,2023-07-10,muy bien
sweet hotel renasa,españa,habitación individual,4,familia,decepcionante,,,4.0,2025-08-27,muy bien
sweet hotel renasa,españa,habitación doble superior - 1 o 2 camas,1,grupo,excepcional,,,10.0,2024-07-19,muy bien
sweet hotel renasa,españa,habitación doble - 1 o 2 camas,1,persona que viaja sola,excepcional,,,10.0,2024-02-15,muy bien
sweet hotel renasa,españa,habitación doble - 1 o 2 camas,1,pareja,excepcional,,,10.0,2023-05-21,muy bien
sweet hotel renasa,españa,habitación doble - 1 o 2 camas,2,grupo,excepcional,,,10.0,2023-07-18,muy bien
sweet hotel renasa,españa,habitación doble con cama supletoria,1,familia,excepcional,,,10.0,2025-07-31,muy bien
sweet hotel renasa,españa,habitación doble - 1 o 2 camas,1,pareja,agradable,,,6.0,2024-12-31,muy bien
sweet hotel renasa,españa,habitación doble - 1 o 2 camas,2,pareja,mal,,,3.0,2024-08-04,muy bien
sweet hotel renasa,españa,habitación doble - 1 o 2 camas,4,pareja,excepcional,,,10.0,2023-08-24,muy bien
sweet hotel renasa,españa,habitación doble - 1 o 2 camas,3,pareja,fantástico,,,9.0,2026-03-21,muy bien
sweet hotel renasa,españa,habitación doble - 1 o 2 camas,1,pareja,muy bien,,,8.0,2025-05-31,muy bien
sweet hotel renasa,españa,habitación individual,1,persona que viaja sola,bien,,,7.0,2025-02-28,muy bien
sweet hotel renasa,españa,habitación individual,1,persona que viaja sola,fantástico,,,9.0,2025-02-08,muy bien
sweet hotel renasa,españa,habitación doble - 1 o 2 camas,1,persona que viaja sola,fantástico,,,9.0,2025-01-21,muy bien
sweet hotel renasa,españa,habitación individual,1,persona que viaja sola,fantástico,,,9.0,2024-12-30,muy bien
sweet hotel renasa,españa,habitación doble - 1 o 2 camas,1,pareja,fantástico,,,9.0,2024-05-07,muy bien
sweet hotel renasa,españa,habitación doble - 1 o 2 camas,3,pareja,muy bien,,,8.0,2024-03-04,muy bien
sweet hotel renasa,españa,habitación doble - 1 o 2 camas,1,pareja,fantástico,,,9.0,2023-09-10,muy bien
sweet hotel renasa,españa,habitación individual,1,persona que viaja sola,fantástico,,,9.0,2023-04-30,muy bien
sweet hotel renasa,españa,habitación doble - 1 o 2 camas,3,pareja,fantástico,,,9.0,2023-04-18,muy bien
sweet hotel renasa,españa,habitación doble superior - 1 o 2 camas,1,grupo,muy bien,,,8.0,2026-04-11,muy bien
sweet hotel renasa,españa,habitación doble - 1 o 2 camas,2,pareja,fantástico,,,9.0,2026-03-21,muy bien
sweet hotel renasa,españa,habitación doble - 1 o 2 camas,1,pareja,muy bien,,,8.0,2025-07-27,muy bien
sweet hotel renasa,españa,habitación individual,2,persona que viaja sola,bien,,,7.0,2025-07-11,muy bien
sweet hotel renasa,españa,habitación individual,2,persona que viaja sola,muy bien,,,8.0,2025-06-24,muy bien
sweet hotel renasa,españa,habitación individual,1,persona que viaja sola,muy bien,,,8.0,2025-03-03,muy bien
sweet hotel renasa,españa,habitación individual,1,persona que viaja sola,fantástico,,,9.0,2024-11-23,muy bien
sweet hotel renasa,españa,habitación triple  2 adultos   1 niño ,1,persona que viaja sola,muy bien,,,8.0,2024-10-06,muy bien
sweet hotel renasa,españa,habitación individual,1,persona que viaja sola,fantástico,,,9.0,2024-07-01,muy bien
sweet hotel renasa,españa,habitación doble superior - 1 o 2 camas,2,familia,bien,,,7.0,2024-05-28,muy bien
sweet hotel renasa,españa,habitación doble - 1 o 2 camas,2,pareja,fantástico,,,9.0,2024-04-17,muy bien
sweet hotel renasa,españa,habitación doble - 1 o 2 camas,4,pareja,bien,,,7.0,2024-04-16,muy bien
sweet hotel renasa,españa,habitación doble - 1 o 2 camas,1,pareja,bien,,,7.0,2024-03-24,muy bien
sweet hotel renasa,españa,habitación individual,3,persona que viaja sola,bien,,,7.0,2024-02-15,muy bien
sweet hotel renasa,españa,habitación doble - 1 o 2 camas,1,persona que viaja sola,fantástico,,,9.0,2023-12-14,muy bien
sweet hotel renasa,españa,habitación individual,3,persona que viaja sola,muy bien,,,8.0,2023-08-08,muy bien
sweet hotel renasa,españa,habitación doble con cama supletoria,1,familia,muy bien,,,8.0,2026-01-11,muy bien
sweet hotel renasa,españa,habitación doble - 1 o 2 camas,1,persona que viaja sola,bien,,,7.0,2023-12-18,muy bien
sweet hotel renasa,españa,habitación individual,6,persona que viaja sola,excepcional,,,10.0,2026-03-17,muy bien
sweet hotel renasa,españa,habitación doble - 1 o 2 camas,1,pareja,excepcional,,,10.0,2026-01-15,muy bien
sweet hotel renasa,españa,habitación doble - 1 o 2 camas,1,pareja,intal lacions magnífiques i situació genial,,,10.0,2025-08-03,muy bien
sweet hotel renasa,españa,habitación doble - 1 o 2 camas,1,persona que viaja sola,excepcional,,,10.0,2025-01-26,muy bien
sweet hotel renasa,españa,habitación doble - 1 o 2 camas,1,pareja,excepcional,,,10.0,2024-08-28,muy bien
sweet hotel renasa,españa,habitación doble - 1 o 2 camas,1,pareja,excepcional,,,10.0,2024-08-22,muy bien
sweet hotel renasa,españa,habitación doble - 1 o 2 camas,2,pareja,excepcional,,,10.0,2024-07-09,muy bien
sweet hotel renasa,españa,habitación doble - 1 o 2 camas,1,pareja,excepcional,,,10.0,2024-02-08,muy bien
sweet hotel renasa,españa,habitación individual,3,persona que viaja sola,excepcional,,,10.0,2024-01-29,muy bien
sweet hotel renasa,españa,habitación doble - 1 o 2 camas,1,pareja,excepcional,,,10.0,2023-12-31,muy bien
sweet hotel renasa,españa,habitación doble - 1 o 2 camas,1,persona que viaja sola,aceptable,,,5.0,2025-02-11,muy bien
sweet hotel renasa,españa,habitación individual,2,persona que viaja sola,excepcional,,,10.0,2024-05-25,muy bien
sweet hotel renasa,españa,habitación doble - 1 o 2 camas,5,familia,excepcional,,,10.0,2024-01-01,muy bien
sweet hotel renasa,españa,habitación doble superior - 1 o 2 camas,2,pareja,aceptable,,,5.0,2023-12-03,muy bien
sweet hotel renasa,españa,habitación individual,1,persona que viaja sola,excepcional,,,10.0,2023-10-14,muy bien
sweet hotel renasa,españa,habitación doble - 1 o 2 camas,1,pareja,agradable,,,6.0,2024-06-02,muy bien
sweet hotel renasa,españa,habitación doble - 1 o 2 camas,1,pareja,bien,,,7.0,2023-08-07,muy bien
