nombre_del_hotel,nacionalidad,detalles_hab,noches,personas,comentario_general,positivo,negativo,nota,fecha,comentario_media_hotel
the river hostel,españa,litera en habitación compartida mixta de 12 camas,6,persona que viaja sola,only english,la ubicación está bien,"no me gustó que el personal de la barra del bar hablaban en inglés, cuándo estamos en valéncia.",8.0,2026-04-16,muy bien
the river hostel,españa,litera en habitación compartida mixta de 12 camas,1,persona que viaja sola,"recomendado, vale la pena en relación calidad precio",la atención del personal buena ubicación,,9.0,2026-04-10,muy bien
the river hostel,españa,cama en habitación compartida mixta de 4 camas,1,persona que viaja sola,bien,"la habitación de 4 y la ubicación. el personal muy amable también, como siempre.","mucho ruido en los pasillos  y más tarde de las 22h, que en teoría está prohibido . debería estar más controlado.",7.0,2026-04-06,muy bien
the river hostel,españa,cama en habitación compartida mixta de 4 camas,1,persona que viaja sola,muy bien,,mucho ruido en los pasillos,8.0,2026-04-03,muy bien
the river hostel,españa,cama en habitación compartida mixta de 4 camas,1,persona que viaja sola,buen lugar,el personal y la limpieza. la atención y cuidado a cada consulta y la seguridad.,"creo fué un poco ruidoso hasta después de media noche tanto en la calle como en el propio hostel,al menos al lado de nuestra habitación.",8.0,2026-04-01,muy bien
the river hostel,españa,litera en una habitación compartida femenina,3,persona que viaja sola,fantástico,lo central del lugar,nada,9.0,2026-03-31,muy bien
the river hostel,españa,litera en habitación compartida mixta de 12 camas,2,persona que viaja sola,"buen lugar, pero instalaciones obsoletas",la ubicación,instalaciones viejas,9.0,2026-03-20,muy bien
the river hostel,españa,cama en habitación compartida mixta de 4 camas,1,persona que viaja sola,breve pero bueno,me gustó mucho la limpieza que tuvieron en la habitación y los baños. también fueron muy cordiales conmigo lo cual me encantó y aparte me ayudaron a encontrar aparcamiento.,"no me gustó que hubieran muchos grupos de jovenes, que para el wifi tenias que bajar a recepción a pedirlo y que tuviera que guardar el ticket del depósito para que me lo devolvieran.",7.0,2026-03-17,muy bien
the river hostel,españa,cama en habitación compartida mixta de 4 camas,1,pareja,visita a valencia,"el hostal super bien todo, muy recomendado, las camas cómodas, todo muy limpio y orden, instrucciones claras, la ubicación genial, muy cerca del centro, en todo en frente del turia, bien conectado con la estación del nord, y el centro histórico y transporte en general para moverse por la cuidad, todo un acierto que recomiendo y sin duda repetiria",,9.0,2026-03-16,muy bien
the river hostel,españa,litera en habitación compartida mixta de 12 camas,3,persona que viaja sola,cómodo para un viaje rápido,la ubicación y el personal,,8.0,2026-03-02,muy bien
the river hostel,españa,cama en habitación compartida mixta de 4 camas,1,persona que viaja sola,muy bien,todo,nada,8.0,2026-02-17,muy bien
the river hostel,españa,cama en habitación compartida mixta de 6 camas,2,persona que viaja sola,muy bien,la tranquilidad,no hay cocina,8.0,2026-02-08,muy bien
the river hostel,españa,litera en habitación compartida mixta de 12 camas,2,persona que viaja sola,bien,hostel bien,bien,7.0,2026-02-01,muy bien
the river hostel,españa,cama en habitación compartida mixta de 8 camas,1,persona que viaja sola,muy bien,las habitaciones cómodas y limpias,"los vasos de papel y platos ,mejor bandejitas y vasos que se laven",8.0,2026-01-31,muy bien
the river hostel,españa,litera en dormitorio compartido mixto con 10 camas,1,persona que viaja sola,por lo general bien,me atendieron bien a pesar de la hora que llegué,ruido en la habitación,9.0,2026-01-26,muy bien
the river hostel,españa,litera en habitación compartida mixta de 12 camas,4,persona que viaja sola,fantástico,"el personal y mucho más el personal de la noche, muy amable bíceps flexionado tono de piel claro medio",no tienen juegos para pasar el tiempo jaja,9.0,2026-01-25,muy bien
the river hostel,españa,litera en habitación compartida mixta de 12 camas,1,persona que viaja sola,en general bien,la zona,algo sucio mucha gente,7.0,2026-01-24,muy bien
the river hostel,españa,cama en habitación compartida mixta de 4 camas,1,pareja,superó mis expectativas,"todo limpio, excelente espacio en las literas, no había ruido y las duchas con jabón secador y planchita!",,9.0,2026-01-23,muy bien
the river hostel,españa,cama en habitación compartida mixta de 4 camas,1,pareja,muy buena relación calidad-precio,"muy bien en relación calidad-precio, personal muy amable y atento. las literas están bien, cama cómoda, sábanas limpias. el desayuno por 3.50 la verdad no nos mató pero sabiendo lo q nos costó está muy bien. ubicación excelente.","si sería bueno que pusieran calefacción en las habitaciones.. si bien no pasé frío, por momentos si se sentía que se colaba un poco.",9.0,2026-01-04,muy bien
the river hostel,españa,cama en habitación compartida mixta de 6 camas,1,persona que viaja sola,muy recomendable,"el personal muy amables y atentos, el desayuno fenomenal..","el poco respeto de los compañeros de habitación, no todos, pero después de las 00:30 haciendo ruido como si estuvieran solos",9.0,2026-01-03,muy bien
the river hostel,españa,litera en dormitorio compartido mixto con 10 camas,2,persona que viaja sola,fantástico,la ubicación,,9.0,2026-01-02,muy bien
the river hostel,españa,litera en habitación compartida mixta de 12 camas,2,persona que viaja sola,fantástico,"la atención y el servicio al cliente por parte de todo el personal, son chicos y chicas estupendos", el lugar es fabuloso! pero los compañeros de habitación no fueron cuidadosos con el aseo personal.,9.0,2025-12-17,muy bien
the river hostel,españa,litera en una habitación compartida femenina,4,persona que viaja sola,bien,si atención,,7.0,2025-12-16,muy bien
the river hostel,españa,litera en habitación compartida mixta de 12 camas,1,persona que viaja sola,fantástico,"en general todo estuvo bien. el desayuno, en mi opinión, muy bien","a veces hay información escrita sólo en inglés. independientemente de que la mayoría de la clientela sean extranjeros  no necesariamente de lengua inglesa , todo debería estar primeramente escrito en español  pues estamos en españa , y luego en cualquier idioma que el albergue considere conveniente. dar prioridad al inglés  en españa  es inaceptable y hasta cierto punto indignante. asimismo todo el personal de cara al público debería saber español, lo que no fue el caso. al margen de esto todo lo demás estuvo bien.",9.0,2025-12-15,muy bien
the river hostel,españa,litera en habitación compartida mixta de 12 camas,6,persona que viaja sola,un lugar agradable,el ambiente y sobre todo la atención del personal,,9.0,2025-12-05,muy bien
the river hostel,españa,cama en habitación compartida mixta de 4 camas,1,persona que viaja sola,correcto pero procura hacer check in pronto,ubicación y cama,"la limpieza, al llegar tarde, había una becaria y pobrecilla no podía con todos los que llegamos, entonces la espera fué laaaaaarga",7.0,2025-12-02,muy bien
the river hostel,españa,litera en habitación compartida mixta de 12 camas,2,persona que viaja sola,buena opcion para algo economico,"muy buena opcion para alojamiento economico, desayuno bueno por el precio",,8.0,2025-12-02,muy bien
the river hostel,españa,litera en dormitorio compartido mixto con 10 camas,1,persona que viaja sola,muy bien,"en la 2da noche que nos quedamos nos toco 2 camas frente al balcón, una de las mejores vistas!",que no tuviera terraza,8.0,2025-11-29,muy bien
the river hostel,españa,litera en dormitorio compartido mixto con 10 camas,1,persona que viaja sola,buena experiencia,"la limpieza, la atención de las empleadas, cómo está organizado y lo que te recomiendan por tu bien. el desayuno para mi sorpresa estaba muy bueno.",control de gente que falta al respeto que es ajena a la empresa pero al final puede limitar a la hora de volver a elegirlo.,7.0,2025-11-27,muy bien
the river hostel,españa,litera en habitación compartida mixta de 12 camas,1,grupo,buena relación precio y ubicación,buen desayuno,mejorar un poco la frecuencia de limpieza de baños,9.0,2025-11-26,muy bien
the river hostel,españa,litera en una habitación compartida femenina,1,persona que viaja sola,genial para una noche en cuanto calidad -precio,lo bien comunicado que estaba,,8.0,2025-11-24,muy bien
the river hostel,españa,litera en habitación compartida mixta de 12 camas,6,persona que viaja sola,fantástico,muy céntrico y un ambiente muy cordial,no ay nada que objetar,9.0,2025-11-23,muy bien
the river hostel,españa,litera en habitación compartida mixta de 12 camas,1,persona que viaja sola,bien,"baños, duchas, ubicación.",,7.0,2025-11-14,muy bien
the river hostel,españa,litera en habitación compartida mixta de 12 camas,1,persona que viaja sola,"las chicas de recepción, increíbles .","en la recepción me trataron muy bien en todo momento, siempre muy atentos con cualquier necesidad. eso se valora mucho.","el elevador es eterno, 15 minutos esperando.",8.0,2025-11-14,muy bien
the river hostel,españa,litera en habitación compartida mixta de 12 camas,2,persona que viaja sola,muy bien,"el desayuno bufet libre excelente, las camas con cortina y un poco de privacidad muy bueno , que tenga enchufe en las parede muy bien , excelente la limpieza de las camas y tuve suerte que poco ruido casi nulo de la gente pero eso quizás es suerte","no hay un metro cerca del hostel , hay que caminar un poco para uno",8.0,2025-11-11,muy bien
the river hostel,españa,cama en habitación compartida mixta de 4 camas,1,persona que viaja sola,calidad precio excelente,ubicación tranquilidad,,9.0,2025-11-10,muy bien
the river hostel,españa,cama en habitación compartida mixta de 8 camas,2,persona que viaja sola,muy bien,céntrico y el personal daba facilidades en todo momento. buen sitio para la media maratón de valencia,,8.0,2025-11-02,muy bien
the river hostel,españa,litera en dormitorio compartido mixto con 10 camas,1,persona que viaja sola,sólo pasé una noche por trabajo. pero repetiría.,"me trataron muy bien. el emplazamiento es perfecto! la limpieza en baños y duchas, genial.",echo en falta un servicio para guardar bicis plegables. y más tal como ahora está valència en lo que se refiere al uso de la bici urbana.,7.0,2025-11-01,muy bien
the river hostel,españa,cama en habitación compartida mixta de 6 camas,2,persona que viaja sola,bien,,ruido,7.0,2025-10-27,muy bien
the river hostel,españa,litera en dormitorio compartido mixto con 10 camas,2,persona que viaja sola,fantástico,"buena cocina, habitación espaciosa, circa del centro, .","ruido de la calle, colchon no muy confortable.",9.0,2025-10-24,muy bien
the river hostel,españa,litera en una habitación compartida femenina,4,persona que viaja sola,escapada por valencia,la ubicación del hostel es muy buena. la cama muy cómoda y habitación espaciosa y ventilada.,todo estuvo bastante bien,9.0,2025-10-24,muy bien
the river hostel,españa,litera en habitación compartida mixta de 12 camas,1,persona que viaja sola,muy bien,"la amabilidad en la atención, la relación calidad-precio y la ubicación","como único pega, en la cama había muchos mosquitos diminutos, quizás se deba a la luz y calor, pero terminé llega de picaduras",8.0,2025-10-24,muy bien
the river hostel,españa,litera en habitación compartida mixta de 12 camas,1,familia,bien,,que hacía mucho calor en la habitación y mucho olor de la gente,7.0,2025-10-24,muy bien
the river hostel,españa,cama en habitación compartida mixta de 6 camas,1,pareja,muy bien,la atención y la ubicación,,8.0,2025-10-22,muy bien
the river hostel,españa,litera en dormitorio compartido mixto con 10 camas,1,persona que viaja sola,para una noche,qué me tocase un cuarto de 10 para mí solo. qué regalo cuando necesitaba descanso.,"30 min de reloj esperando al check in con solo dos personas delante y dos en recepción. ni una sonrisa, se ve que están hartos y saturados. y lo mismo para el staff a la salida. 0 vibra de hostel por parte del staff.",7.0,2025-10-21,muy bien
the river hostel,españa,cama en habitación compartida mixta de 6 camas,3,persona que viaja sola,muy bien,el desayuno buen precio y opciones saludables y sin gluten,los baños,8.0,2025-10-20,muy bien
the river hostel,españa,litera en dormitorio compartido mixto con 10 camas,2,persona que viaja sola,muy bien,"el desayuno estupendo, muy completo y la ubicación también. también me encantó el trato recibido por el personal de recepción.","el cubículo para dejar la maleta me resultó incómodo; el cajón estaba un poco caído. también eché de menos en la cama alguna pequeña repisa para dejar las gafas, el móvil, un libro, etc.",8.0,2025-10-17,muy bien
the river hostel,españa,cama en habitación compartida mixta de 6 camas,2,persona que viaja sola,muy adecuado para pasar la noche.,"confortable dentro de un hostel. tranquilo. el desayuno, las duchas muy limpias.",encuentro que el precio es elevado para estar compartiendo habitación.,8.0,2025-10-13,muy bien
the river hostel,españa,cama en habitación compartida mixta de 8 camas,1,persona que viaja sola,fantástico,todo muy ameno,,9.0,2025-10-04,muy bien
the river hostel,españa,litera en habitación compartida mixta de 12 camas,3,persona que viaja sola,todo excelente salvo la cama donde dormir,buena ubicación en valencia los desayunos estaban completos y muy baratos para todo lo que se me ofrecía nanos y resto lugar común limpio y libre basura,"la cama en litera, se sentía irse a dormir en una caja. incapaz de sentarme en ella para usarla para cambio de ropa. el metal sonaba mucho al moverme y como era plan caja, chocaba las paredes con mis piernas o el techo con mis brazos",7.0,2025-09-30,muy bien
the river hostel,españa,litera en dormitorio compartido mixto con 10 camas,2,persona que viaja sola,muy bien.,muy buena ubicación. personal atento. baños limpios. en general me gusto bastante.,"un huésped, mujer, de madrugada me abre la cortina estando ya dormido para decirme que no me estuviera moviendo mucho en la cama, cuando yo ya estaba totalmente dormido. ya esa noche no pude dormir.",8.0,2025-09-29,muy bien
the river hostel,españa,litera en dormitorio compartido mixto con 10 camas,1,pareja,hostel con intimidad al dormir,"todo correcto, un muy buen punto fue que cada cama tiene cortina. esto te da más intimidad. el desayuno no fue una maravilla, pero por el precio está bien.",las instalaciones son bastante antiguas y parte del personal no habla bien español. el precio por una noche en septiembre me parece un poco elevado para lo que ofrece  34 euros por cama .,8.0,2025-09-28,muy bien
the river hostel,españa,litera en habitación compartida mixta de 12 camas,3,persona que viaja sola,bien,"ubicación, zonas comunes, baños",habitación algo antigua como las cajoneras y las puertas de entrada a la habitación,7.0,2025-09-20,muy bien
the river hostel,españa,litera en dormitorio compartido mixto con 10 camas,1,grupo,comodidad,"la tranquilidad, estaba todo muy en silencio","las taquillas para guardar las cosas, eran poco seguras",8.0,2025-09-17,muy bien
the river hostel,españa,litera en habitación compartida mixta de 12 camas,1,persona que viaja sola,mejorar estructura de aseos,el personal fue muy bueno!,la limpieza de las duchas... el agua quedaba estancada. creo que deberían mejorar eso,8.0,2025-09-17,muy bien
the river hostel,españa,litera en dormitorio compartido mixto con 10 camas,3,grupo,cómodo y confortable el lugar,"la comodidad e instalaciones, era bastante cómodo y tenía de todo para que puedas hacerte ahí",,8.0,2025-09-10,muy bien
the river hostel,españa,litera en dormitorio compartido mixto con 10 camas,2,persona que viaja sola,está bien pero...,"hablan varios idiomas, conoces gente muy diversa. tienes comedor al entrar en el hostel. las vistas desde mi habitación eran muy bonitas y la calle tranquila. muy cerca de todo y junto al río túria. puedes desayunar allí mismo por menos de 5 .",el entrar al cuarto era un poco incómodo ya que tenía que recordar cada vez el código digital. la instalación de esta estaba en bastante mal estado. mucho ruido en los pasillos y la habitación. los baños estaban fuera del cuarto y separados el wc de las duchas. eso sí muy limpio,7.0,2025-09-04,muy bien
the river hostel,españa,litera en habitación compartida mixta de 12 camas,1,persona que viaja sola,genial,,que habia una habitación llenas de hombres y 2 mujeres,9.0,2025-09-03,muy bien
the river hostel,españa,litera en habitación compartida mixta de 12 camas,1,grupo,bien,"la ubicación. el baño estaba muy limpio y cómodo, grande.","la cocina estaba muy sucia y desordenada. soy celiaca y fie muy difícil cocinar sin riesgo de contaminación, a pesar de que me había llevado mis utencillos.",7.0,2025-09-03,muy bien
the river hostel,españa,litera en habitación compartida mixta de 12 camas,2,persona que viaja sola,caro y bien.,"la ubicación está muy bien, el edificio es precioso y está reformado bastante moderno el hostel, no he utilizado la cocina ni las zonas comunes pero todo está limpio y intentan fomentar que haya relación entre los huéspedes.","a mi lo de estar en españa y que me escriban en inglés y una de las recepcionistas no sepa hablar español... me chocó. otra cosa que no me gustó fue lo de poner el código en la puerta que fallaba y que el baño estuviera tan lejos de la habitación, pero la verdad que siempre estaba vacio.",7.0,2025-09-01,muy bien
the river hostel,españa,litera en habitación compartida mixta de 12 camas,1,persona que viaja sola,gran lugar para pasar una estancia en valencia,"estancia agradable, lugar limpio y personal muy amable",,9.0,2025-08-31,muy bien
the river hostel,españa,litera en habitación compartida mixta de 12 camas,2,persona que viaja sola,muy bien,el ambiente del establecimiento. limpieza.,,8.0,2025-08-30,muy bien
the river hostel,españa,litera en dormitorio compartido mixto con 10 camas,1,persona que viaja sola,muy buen lugar para alojar,"todo muy bien, lo mejor el personal, muy amables y atentos.",los compartimentos para guardar el equipaje y mochilas en los dormitorios no estan en muy buen estado,9.0,2025-08-22,muy bien
the river hostel,españa,litera en habitación compartida mixta de 12 camas,1,grupo,experiencia top,descansar,nada,8.0,2025-08-21,muy bien
the river hostel,españa,litera en habitación compartida mixta de 12 camas,1,familia,justo,ubicación,sin aire,7.0,2025-08-18,muy bien
the river hostel,españa,cama en habitación compartida mixta de 4 camas,3,persona que viaja sola,fantástico,"excelente ubicación, limpio, habitaciones cómoda, organizado y buen desayuno",,9.0,2025-08-17,muy bien
the river hostel,españa,litera en habitación compartida mixta de 12 camas,1,grupo,muy bien,el aire de la habitacion no funcionava y hacia bastante calor,,8.0,2025-08-11,muy bien
the river hostel,españa,litera en dormitorio compartido mixto con 10 camas,1,persona que viaja sola,cómoda,"relación, calidad precio. hospitalidad de los recepcionistas. había una chica, creo mexicana, super predispuesta. todos igual fueron muy amables! el desayuno muy completo-","no hay mucho. estaba super limpio. me hubiera gustado un locker que no sea de madera, que hacia mucho ruido para mis compañeros de la habitación, durante la noche. la cama, demasiado alta, e incomoda para subir, pero esta ok. luces automáticas en la habitación hubiera estado ok.",9.0,2025-08-11,muy bien
the river hostel,españa,litera en habitación compartida mixta de 12 camas,1,persona que viaja sola,limpieza,la ubicación.,la limpieza.,7.0,2025-08-09,muy bien
the river hostel,españa,litera en habitación compartida mixta de 12 camas,3,persona que viaja sola,fantástico,limpiezas y ubicación,,9.0,2025-08-06,muy bien
the river hostel,españa,litera en una habitación compartida femenina,1,persona que viaja sola,fantástico,nos facilitaron todo lo que necesitamos. personal muy humano y entendieron a la perfección nuestras necesidades concretas y las circunstancias.,,9.0,2025-08-04,muy bien
the river hostel,españa,litera en una habitación compartida femenina,4,persona que viaja sola,buen precio para una buena estadia,"cocina bien equipada, limpieza de duchas y baños varias veces al día, nunca encontré el lugar sucio. hay muchas personas en el hostal cada día pero el lugar es grande y tiene mobiliario suficiente para todos. se puede lavar ropa por un buen precio y tiene servicio de desayuno por buen precio también. el dormitorio de 4 personas es grande, las camas cómodas y con buena privacidad, luz natural y ventilación.",a veces se agota el agua caliente  entre 10.00 y 11.00 am  hay que informar para que lo solucionen. en verano no hay problema terminar la ducha con agua fría pero en invierno...,9.0,2025-08-02,muy bien
the river hostel,españa,litera en habitación compartida mixta de 12 camas,2,persona que viaja sola,buena,"lo mejor es la ubicación, en pleno centro de valencia, super accesible. además que el hecho de que el desayuno sea buffet también es un plus",siento que a pesar de que está el comedor para socializar le faltan áreas comunes para poder conocer mejor a las personas del hostal,8.0,2025-08-01,muy bien
the river hostel,españa,litera en dormitorio compartido mixto con 10 camas,1,persona que viaja sola,excelente trato del personal. buena relación calidad precio,"sin duda alguna, lo mejor, el personal","hace calor por la noche, aunque escribí un mensaje a recepción y encendieron el aire. y luego, por otra parte, si vas con coche, que sepas que o dejas el coche en el parking que hay como unos 200 m, olvídate de aparcar",7.0,2025-07-25,muy bien
the river hostel,españa,litera en una habitación compartida femenina,3,persona que viaja sola,fantástico,"la ubicación, el personal, el desayuno bastante bien","los aseos y duchas un poco lejos de las habitaciones, hay pocas perchas",9.0,2025-07-13,muy bien
the river hostel,españa,litera en habitación compartida mixta de 12 camas,1,persona que viaja sola,fantástico,casi todo,no recuerdo,9.0,2025-07-07,muy bien
the river hostel,españa,litera en dormitorio compartido mixto con 10 camas,1,persona que viaja sola,fantástico,la atención y servicio,todo fabuloso,9.0,2025-07-03,muy bien
the river hostel,españa,litera en dormitorio compartido mixto con 10 camas,1,persona que viaja sola,muy bien,"dormí súper bien, la habitación muy cómoda.","los baños, solo hay dos por piso con muchas camas, por la mañana todo el mundo va al baño y hay que esperar, se limita la intimidad",8.0,2025-07-02,muy bien
the river hostel,españa,cama en habitación compartida mixta de 6 camas,2,persona que viaja sola,muy bien,"buena ubicación, exelente trato de las chicas de recepción y limpieza 10 puntos.","no me gustó la cama, hace mucho ruido, eso incomoda para dormir. mi colchón no era muy cómodo.",8.0,2025-06-27,muy bien
the river hostel,españa,litera en habitación compartida mixta de 12 camas,1,persona que viaja sola,fantástico,las instalaciones de la cocina y la sala están muy bien,"el desayuno estaba bien, pero yo eche de menos algo de fruta",9.0,2025-06-24,muy bien
the river hostel,españa,litera en habitación compartida mixta de 12 camas,2,persona que viaja sola,buena ubicaicon y amplios espacios,las camas comodas y baños amplios,,8.0,2025-06-17,muy bien
the river hostel,españa,cama en habitación compartida mixta de 4 camas,1,persona que viaja sola,"albergue centrico, con muchos usuarios jovenes debido a su relación calidad-precio.",precio muy económico,compartir habitación con otras personas,8.0,2025-06-12,muy bien
the river hostel,españa,cama en habitación compartida mixta de 4 camas,1,grupo,genial,"la ubicación, el personal y la limpieza",la almohada bastante incómoda,9.0,2025-06-07,muy bien
the river hostel,españa,litera en habitación compartida mixta de 12 camas,1,persona que viaja sola,bien,ubicación,el ascensor tarda mucho en subir y bajar,7.0,2025-06-06,muy bien
the river hostel,españa,cama en habitación compartida mixta de 4 camas,5,persona que viaja sola,genial la calidad precio de este hostel,"la limpieza, la ubicación y la amabilidad del personal. el uso libre de la cocina sin casi restricciones horarias.","en principio nada , todo bien .",8.0,2025-05-30,muy bien
the river hostel,españa,litera en habitación compartida mixta de 12 camas,3,persona que viaja sola,bien!,"me gustó la comodidad de las camas, que tenían cortinas y estaban limpias las sábanas. los baños también muy limpios y cuidados. para mi muy importante sentirte a gusto a la hora de descansar y de bañarte. hay agua, café y te gratis. no está muy a la vista pero una vez que lo descubris es un plus. la cocina está equipada con todo! se puede guardar el equipaje sin cargo lo cual también es un plus. las chicas de recepción españolas muy amables y dispuestas. la ubicación está cómoda para ir al centro histórico y para ir al jardín de turia y la ciudad moderna. hay muchos enchufes disponibles!","no me gustó que faltaba mantenimiento de pintura en paredes y puertas, lo cual resta a la visual del lugar. en la recepción no te guían a la habitación, lo tenes que descubrir solo, tampoco te llevan a conocer el lugar, tenes que hacerlo solo. elegí dormir en una habitación compartida y es la primera vez que me pasa que había un señor mayor de un aspecto muy dudoso, lo cual me hizo poner en duda sobre quedarme o no. me quedé y ok, pero me hizo ruido ese detalle. también me pasó que tiraron mi bolsa de comida de la heladera cuando hicieron limpieza y perdí mi compra! pongan nombre y fecha bien grande! estuve una noche que era de fin de semana y había mucho ruido, después en días de semana no. se recibe muchísima gente de todas las edades, niños, grupos de adolescentes, personas mayores, lo cual puede ser bueno o malo según lo que estés buscando. yo quizás prefiero un ambiente más tranquilo la próxima vez.",7.0,2025-05-29,muy bien
the river hostel,españa,cama en habitación compartida mixta de 6 camas,1,persona que viaja sola,atención excelente,la atención del personal de recepción excelente.,,8.0,2025-05-26,muy bien
the river hostel,españa,litera en dormitorio compartido mixto con 10 camas,1,persona que viaja sola,siempre regreso,la ubicación comodidad y servicio,,8.0,2025-05-23,muy bien
the river hostel,españa,cama en habitación compartida mixta de 6 camas,2,persona que viaja sola,"hostal river muy comodo, buen servicio y excelente atencion.","el personal de empleados muy eficientes , colaboradores y agradables. el desayuno buffet muy bueno y abundante. recomiendo este hostel.",me hubiese gustado quedarme mas noches.,8.0,2025-05-21,muy bien
the river hostel,españa,cama en habitación compartida mixta de 8 camas,3,persona que viaja sola,muy bien,"habitación bastante amplia para 8 personas, baños muy limpios y amplios. hay secadores de pelo que es de agradecer y la zona de las duchas también es amplia. buena ubicación, a 10 minutos andando de las torres de serrano y enfrente de los jardines del turia. personal súper agradable! tienes zona en la que dejar tú equipaje después del check out que está controlada por el personal. en las camas tienes luz individual, cortina, enchufe y algunos ganchos. lockers debajo de la cama muy amplios.","en mi litera había restos de envoltorios de comida en el somier de la cama de arriba que daban a mi cama. algunos compañeros muy ruidosos de madrugada, estaría bien recordar las normas a quien se hospeda aquí. el colchón en litera de abajo se hundía un poco pero no era del todo incómodo. quizás más espacio con perchas para poder colgar toallas y abrigos.",8.0,2025-05-19,muy bien
the river hostel,españa,litera en habitación compartida mixta de 12 camas,1,persona que viaja sola,muy bien,"la limpieza, el personal y el orden","no se debería de cocinar de 23 a 7, y debería haber algún baño más por planta",8.0,2025-05-19,muy bien
the river hostel,españa,litera en habitación compartida mixta de 12 camas,1,persona que viaja sola,bien,el trato personal,un solo ascensor para tantas personas,7.0,2025-05-06,muy bien
the river hostel,españa,litera en habitación compartida mixta de 12 camas,3,persona que viaja sola,bien,todo en general.,,7.0,2025-05-06,muy bien
the river hostel,españa,litera en habitación compartida mixta de 12 camas,1,persona que viaja sola,bueno cara feliz con ojos sonrientes,los baños súper limpios y las duchas,la estructura como tal tiembla sn caminar,9.0,2025-05-02,muy bien
the river hostel,españa,litera en una habitación compartida femenina,1,grupo,nos gustas river hostel. volveremos,la posibilidad de dormir en grupo es algo que nos gusta.,"hubo un problema de limpieza en la habitación, y eso que llegamos a la tarde noche. suerte que en recepción lo solventaron rápidamente y quedó la habitación impecable.",8.0,2025-05-01,muy bien
the river hostel,españa,litera en habitación compartida mixta de 12 camas,1,persona que viaja sola,bien,la ubicación,muchas camas en el dormitorio,7.0,2025-04-29,muy bien
the river hostel,españa,litera en dormitorio compartido mixto con 10 camas,2,persona que viaja sola,bien,la ubicación y el desayuno variado.,el ascensor parecía estar en malas condiciones y se tardaba demasiado. el box para guardar equipaje y objetos personales estaba roto y no tenía candado,7.0,2025-04-27,muy bien
the river hostel,españa,litera en dormitorio compartido mixto con 10 camas,1,persona que viaja sola,bien,todo muy limpio y cómodo.,"al estar al lado de la carretera se escucha mucho el tráfico, al menos en la habitación que estaba yo, y molesta al dormir.",7.0,2025-04-23,muy bien
the river hostel,españa,litera en una habitación compartida femenina,1,persona que viaja sola,bien,todo estaba muy bien,,7.0,2025-04-12,muy bien
the river hostel,españa,litera en habitación compartida mixta de 12 camas,1,persona que viaja sola,muy bien,"el lugar es limpio, las instalaciones estaban bien. siempre hay alguien que te atiende, el desayuno estaba bueno y abundante! sin dudas lo volvería a elegir",,8.0,2025-04-12,muy bien
the river hostel,españa,litera en una habitación compartida femenina,3,persona que viaja sola,muy bien,"bien situado, tranquilo, habitaciones normalitas con colchones y almohadas cómodas.","en recepción me recibieron hablando en inglés porque nadie hablaba español así que tuve que hacer el checkin en inglés, estando en españa... sólo habia guiris cosa que bueno lo entiendo. algo caro para lo que es, la verdad, las duchas dejan bastante que desear.",8.0,2025-04-08,muy bien
the river hostel,españa,litera en dormitorio compartido mixto con 10 camas,6,persona que viaja sola,excelente,todo excelente.,estava todo perfecto,9.0,2025-04-04,muy bien
the river hostel,españa,litera en habitación compartida mixta de 12 camas,4,persona que viaja sola,comodidad y tranquilidad...,todo muy bien...,todo muy bien...,8.0,2025-04-03,muy bien
the river hostel,españa,litera en dormitorio compartido mixto con 10 camas,2,persona que viaja sola,muy buena,"muy bien ubicado, cama, ropa de cama, almohada todo de buena calidad.",lo que menos me gustó fue dejar comida en la nevera y la alacena y que desapareciera 3 veces.,8.0,2025-04-02,muy bien
the river hostel,españa,litera en habitación compartida mixta de 12 camas,1,persona que viaja sola,bien,todo,nada,7.0,2025-04-02,muy bien
the river hostel,españa,litera en habitación compartida mixta de 12 camas,1,persona que viaja sola,volveré...,"la simpatía de toda la plantilla del river hostel, tanto de recepción como de limpieza y seguridad nocturna. un 10 a su atención al público y empatía como viajer s de todo tipo de nacionalidad y tramos de edad.","la altura de la litera, aunque el problema es el estado físico propio, no la altura para acceder a la parte de arriba.",9.0,2025-04-02,muy bien
the river hostel,españa,litera en habitación compartida mixta de 12 camas,1,pareja,recomendado,"no me esperaba que por el precio la experiencia fuera a ser muy buena, los recomiendo mucho y volvería de ser el caso",,9.0,2025-03-27,muy bien
the river hostel,españa,litera en habitación compartida mixta de 12 camas,2,persona que viaja sola,muy bien,"limpieza, ubicación, secador, gel y champú en duchas. desayuno bueno.","personal recepción no habla español. tal vez uno solo  ..si estuviera en otro país lo entiendo pero estando en españa...no tiene sentido. cama, litera superior, sin soporte para dejar algo. pocos percheros y 0 armarios para dejar ropa. hay cajón bajo las camas.",8.0,2025-03-20,muy bien
the river hostel,españa,litera en una habitación compartida femenina,4,pareja,fantástico,"la ubicación del hostel, muy cercana al centro. limpieza diaria, habitaciones cómodas.",quizás las sábanas tienen un tacto un poco áspero.,9.0,2025-03-20,muy bien
the river hostel,españa,litera en una habitación compartida femenina,1,familia,muy bien,limpieza,,8.0,2025-03-18,muy bien
the river hostel,españa,litera en habitación compartida mixta de 12 camas,2,grupo,muy bien,muy bien ubicado,todo estuvo bien,8.0,2025-03-10,muy bien
the river hostel,españa,litera en habitación compartida mixta de 12 camas,2,persona que viaja sola,fantástico,la atención del personal y las actividades,las escaleras para la cama de arriba son incomodas,9.0,2025-03-09,muy bien
the river hostel,españa,litera en una habitación compartida femenina,1,persona que viaja sola,buena,que tenía su cocina y zona de ocio,las duchas no salía el agua caliente,9.0,2025-03-08,muy bien
the river hostel,españa,litera en dormitorio compartido mixto con 10 camas,1,persona que viaja sola,perfecto para estar un par de noches en valencia,la gente,la cocina,9.0,2025-03-05,muy bien
the river hostel,españa,litera en habitación compartida mixta de 12 camas,1,persona que viaja sola,perfecto para estar un par de noches en valencia,la gente,limpieza,9.0,2025-03-05,muy bien
the river hostel,españa,litera en una habitación compartida femenina,4,grupo,mascletás en valencia,"hemos estado 4 dias hospedadas ahi. las fotografías engañan sobre las instalaciones. el servivio de limpieza bueno pero las literas eran incomodas por los colchones, y había frío. los servicios de duchas funcionsn mal, las alcachofas de la ducha están viejas y sale mal el agua. reservè habitación femenina de 6 y me dieron de 8 y cuando reclamé me dijeron que eso no existia, habiéndola reservado así, x la cual también aboné más. el desayuno bien y la ubicación también. dicen que te atienden en todos los idiomas y realmente pensé que la que estaba en el extranjero era yo, porque la mayoria de los voluntarios del.hostel no entendian el castellano. sale de nota un 7 pero realmente con un 6 le sobra",,7.0,2025-03-04,muy bien
the river hostel,españa,litera en dormitorio compartido mixto con 10 camas,1,grupo,fantástico,el desayuno y los baños,el ruido en la noche de los otros cuartos,9.0,2025-03-02,muy bien
the river hostel,españa,litera en habitación compartida mixta de 12 camas,4,persona que viaja sola,muy bien,ubicacion; el ambiente en general,no me disgusto nada; todo normal,8.0,2025-03-01,muy bien
the river hostel,españa,litera en dormitorio compartido mixto con 10 camas,1,persona que viaja sola,ruido nocturno,la limpieza y el café es gratuito,el ruido en la noche no fue fácil dormir,9.0,2025-02-24,muy bien
the river hostel,españa,litera en una habitación compartida femenina,3,persona que viaja sola,experiencia buena pero mejorable!,"la ubicación, instalaciones y el personal.","la limpieza en zonas comunes y el check in de personas nuevas en horas de descanso y silencio, que interrumpen constantemente el sueño con los ruidos, las luces y la falta de higiene.",8.0,2025-02-20,muy bien
the river hostel,españa,litera en una habitación compartida femenina,1,persona que viaja sola,tranquilo y comodo,"excelente y completo l desayuno ubicación súper céntrica cerca de catedral, rio y lo más turístico de valencia., por la noche hay servicio de vigilancia, personalmuy profesional y atento. te ayudan en todo, son familiares y resolutivos.","nada, todo bien en general",9.0,2025-02-20,muy bien
the river hostel,españa,cama en habitación compartida mixta de 4 camas,1,persona que viaja sola,"centrico, económico, recomendable.","el desayuno, muy bien, variedad y simpatia. muy céntrico y lavabos y duchas limpias.","el idioma es un pequeño problema. estancia dedicada a juventud extranjera y ,tanto recepción como restauración, casi exclusivamente hablan inglés.",7.0,2025-02-17,muy bien
the river hostel,españa,cama en habitación compartida mixta de 6 camas,1,persona que viaja sola,bien,,el colchón es súper incomodo,7.0,2025-02-16,muy bien
the river hostel,españa,litera en una habitación compartida femenina,7,persona que viaja sola,muy bien,"la ubicación excelente, muy cerca del centro y del transporte público para poder desplazarte fácilmente",,8.0,2025-02-15,muy bien
the river hostel,españa,cama en habitación compartida mixta de 4 camas,12,persona que viaja sola,fantástico,"me gusta que este todo con clave, la entrada y el locker. la cama muy cómoda. recomendado para unos días.","no se que era pero en mi cama me picaba todo, cosa que no es muy común. no tiene para realizar comidas elaboradas.",9.0,2025-02-05,muy bien
the river hostel,españa,litera en habitación compartida mixta de 12 camas,1,grupo,muy bien,todo muy limpio y ordenado. todo el personal muy amable.,"la gente que se iba y dejaba la luz de la cama encendida toda la noche, el ruido hacía difícil descansar incluso con tapones, y la temperatura de la sala era algo difícil de controlar. había gente que quería ventana completamente abierta en pleno invierno, otros que la queríamos cerrada. yo acabé resfriada.",8.0,2025-02-03,muy bien
the river hostel,españa,litera en dormitorio compartido mixto con 10 camas,1,persona que viaja sola,muy bien,el desayuno fue una pasada!,,8.0,2025-01-26,muy bien
the river hostel,españa,cama en habitación compartida mixta de 4 camas,2,persona que viaja sola,bien,buenas ubicación limpieza de duchas muy biem buem desayuno,la limpieza de vasos y platos se podía mejorar y el lugar donde se guarda las maletas desordenado,7.0,2025-01-24,muy bien
the river hostel,españa,litera en dormitorio compartido mixto con 10 camas,2,persona que viaja sola,fantástico,todo,buen ambiente,9.0,2025-01-21,muy bien
the river hostel,españa,cama en habitación compartida mixta de 6 camas,1,persona que viaja sola,muy bien,"está muy limpio, bastante nuevo en habitación femenina que me había tocado","al principio me asignaron habitación mixta  no me fijé que eligi esta  y olía fatal, pero era por los otros que dormían allí",8.0,2025-01-20,muy bien
the river hostel,españa,litera en dormitorio compartido mixto con 10 camas,1,persona que viaja sola,bueno,"la cama , pude leer con tranquilidad","el precio, me parece que ahora ya cobran como hotel",7.0,2025-01-06,muy bien
the river hostel,españa,cama en habitación compartida mixta de 4 camas,3,persona que viaja sola,fantástico,habitación,nada,9.0,2025-01-05,muy bien
the river hostel,españa,litera en una habitación compartida femenina,1,persona que viaja sola,bien,"la ubicación y practicidad. estuve en habitación compartida femenina y me pareció correcta, cajón para dejar el equipaje.",las ventanas son antiguas con lo que se oye bastante la calle. el baño quedaba un poco apartado y sólo vi uno en el pasillo donde estuve.,7.0,2025-01-03,muy bien
the river hostel,españa,litera en una habitación compartida femenina,1,persona que viaja sola,  ,la locación y la relación calidad -precio.,"he reservado solo una noche, lo único que me pareció raro es que en la cama no había ninguna manta  pilota.",9.0,2024-12-27,muy bien
the river hostel,españa,litera en habitación compartida mixta de 12 camas,2,persona que viaja sola,bien,la limpieza del lugar,nada en general,7.0,2024-12-26,muy bien
the river hostel,españa,litera en habitación compartida mixta de 12 camas,4,persona que viaja sola,buenas estancia,"las zonas comunes,las camas,la limpieza y el personal!!!!",estaba frio,8.0,2024-12-23,muy bien
the river hostel,españa,litera en habitación compartida mixta de 12 camas,1,persona que viaja sola,bien,esta muy bien ubicado,la limpieza de la habitación y ruido,7.0,2024-12-21,muy bien
the river hostel,españa,litera en dormitorio compartido mixto con 10 camas,1,persona que viaja sola,bien,ubicación,un poco antiguo,7.0,2024-12-20,muy bien
the river hostel,españa,litera en dormitorio compartido mixto con 10 camas,1,persona que viaja sola,bien,agradecido con las personas de resecion,la chica que limpia la de pelo corto de boca sucia se metía en todo insultaba a las personas muy mal la verdad,7.0,2024-12-20,muy bien
the river hostel,españa,litera en habitación compartida mixta de 12 camas,1,pareja,bien,la comodidad de las camas,que no tuvieran las consignas llaves por lo demás bien,7.0,2024-12-18,muy bien
the river hostel,españa,litera en habitación compartida mixta de 12 camas,2,persona que viaja sola,fantástico,"los baños muy bien equipados, agua caliente de inmediato. las habitaciones muy bien, y la cocina y espacios comunes con ambiente y bien mantenido",,9.0,2024-12-15,muy bien
the river hostel,españa,litera en habitación compartida mixta de 12 camas,1,pareja,"a pesar del frío, contenta de la estancia",ubicación y amabilidad las chicas de recepción,el baño un poco lleno de la habitación y frío en la habitación y pasillo,8.0,2024-12-15,muy bien
the river hostel,españa,litera en una habitación compartida femenina,3,persona que viaja sola,fantástico,"el trato del personal, la limpieza y se agradece la privacidad en las camas con la cortina. lo recomiendo. además tienen cocina para preparar tus alimentos!",la puerta tiene código y a veces se bloqueaba.,9.0,2024-12-10,muy bien
the river hostel,españa,litera en habitación compartida mixta de 12 camas,1,persona que viaja sola,muy bien,el desayuno,el ruido de la calle.,8.0,2024-12-09,muy bien
the river hostel,españa,litera en una habitación compartida femenina,3,persona que viaja sola,bien,"la situación, la cama es cómoda, la habitación no es pequeña, instalaciones.","las duchas olían bastante mal, a pis, no estaban limpias. necesitan una muy buena limpieza diaria.",8.0,2024-12-09,muy bien
the river hostel,españa,litera en habitación compartida mixta de 12 camas,1,persona que viaja sola,fantástico,ubicación,,9.0,2024-12-08,muy bien
the river hostel,españa,litera en habitación compartida mixta de 12 camas,1,persona que viaja sola,bien,"ubicación, comodidad",no contar con taquilla en la propia habitación,8.0,2024-12-05,muy bien
the river hostel,españa,litera en habitación compartida mixta de 12 camas,1,persona que viaja sola,repetire,el desayuno,nada,9.0,2024-12-01,muy bien
the river hostel,españa,litera en habitación compartida mixta de 12 camas,2,persona que viaja sola,muy bien,todo en general,lavabo fuera de habitacion,8.0,2024-11-28,muy bien
the river hostel,españa,litera en dormitorio compartido mixto con 10 camas,1,persona que viaja sola,fantástico,la ubicación muy bien.,,9.0,2024-11-27,muy bien
the river hostel,españa,litera en habitación compartida mixta de 12 camas,3,persona que viaja sola,muy bien,está muy bien ubicado a 5 min del centro,"dentro de la habitación, habían malos olores pero supongo que al haber tantas personas es inevitable",8.0,2024-11-25,muy bien
the river hostel,españa,litera en habitación compartida mixta de 12 camas,6,persona que viaja sola,bien,ubicación,mucha gente q viene de voluntario y después no limpian su equipo: dejan el hotel muy sucio. deberían darsw un manguerazo antes de entrar,7.0,2024-11-20,muy bien
the river hostel,españa,litera en habitación compartida mixta de 12 camas,1,grupo,fantástico,la ubicación es ideal y el desayuno e instalaciones están muy bien.,no está tan limpio y nuevo como en las imágenes.,9.0,2024-11-19,muy bien
the river hostel,españa,litera en habitación compartida mixta de 12 camas,8,persona que viaja sola,fantástico,"la ubicación, muy cerca de todo.","que al principio no sabía que eran camas solamente, pensé que eran habitaciones.",9.0,2024-11-19,muy bien
the river hostel,españa,litera en habitación compartida mixta de 12 camas,1,grupo,fantástico,el personal era muy amable y los baños estaban limpios.,,9.0,2024-11-18,muy bien
the river hostel,españa,litera en habitación compartida mixta de 12 camas,2,persona que viaja sola,voluntario en dana valencia,la amabilidad y el ambiente. fui de voluntario a ayudar con la dana en valencia y todo el mundo estaba igual. hicimos una gran piña. gran detalle el de dar el desayuno gratis.,un poco sucios los aseos,9.0,2024-11-12,muy bien
the river hostel,españa,litera en habitación compartida mixta de 12 camas,1,persona que viaja sola,recomiendo!,"la cama cómoda con cortinas y luz  intimidad , la ventilación del cuarto y los espacios comunes. la cocina está muy bien equipada!","no me gustó que la cama que me asignaron al llegar estaba ocupada... tuve que reclamar y me la cambiaron sin drama. no se si es desorganización o que hay gente que hace lo que se le da la gana sin respetar las pautas. quizá un poco y un poco, se puede mejorar.",7.0,2024-11-08,muy bien
the river hostel,españa,cama en habitación compartida mixta de 6 camas,4,persona que viaja sola,unos días por valencia,me gustó que estuviera en el casco antiguo a 8 min de la catedral. también que estuviera en una calle tranquila y que tuviera cocina compartida. el desayuno básico me gustó.,"me pareció que estaba en otro país porque las recepcionistas hablaban todo el rato en inglés aunque sí que es verdad que cambiaban al español  sobre todo las españolas . solo había un secador de aire caliente en el baño y tres zonas de wc y piletas en la primera planta. se agradecerían más piletas en el baño de mujeres, donde está el espejo. hay que llevar un candado para la caja de equipaje que está debajo de las camas.",8.0,2024-11-08,muy bien
the river hostel,españa,litera en habitación compartida mixta de 12 camas,5,persona que viaja sola,imbatible en relación calidad precio,"cada cama tiene su propia lámpara, enchufe, cortina y cajón de gran tamaño para guardar objetos. instalaciones muy limpias.",toallas no incluídas.,9.0,2024-11-08,muy bien
the river hostel,españa,litera en dormitorio compartido mixto con 10 camas,1,persona que viaja sola,estancia agradable,"la atención y las instalaciones, además del personal.",estaba todo bien,9.0,2024-11-07,muy bien
the river hostel,españa,litera en una habitación compartida femenina,1,grupo,fantástico,cama grande cafe gratis por la mañana,ascensor muy lento mucha gente y los chicos de la recepcion no se enteraban mucho y nos dieron codigo incorrecto para entrar a la habitacion,9.0,2024-11-05,muy bien
the river hostel,españa,litera en dormitorio compartido mixto con 10 camas,4,persona que viaja sola,viaje a valencia,la ubicación organización y la limpieza del sitio,nada,9.0,2024-10-27,muy bien
the river hostel,españa,litera en dormitorio compartido mixto con 10 camas,1,grupo,"agradable, bien ubicado, buen trato.",la ubicación,zona de camas se ve ya envejecida. zonas comunes en pasillos de habitaciones algo pobres,7.0,2024-10-23,muy bien
the river hostel,españa,litera en dormitorio compartido mixto con 10 camas,1,persona que viaja sola,"hostal perfecto. si quieres más vete a un hotel, pero merece la pena.",el trato la ubicación los baños limpios y las habitaciones muy okey,nada reseñable que disguste,9.0,2024-10-22,muy bien
the river hostel,españa,litera en una habitación compartida femenina,1,persona que viaja sola,he dormido divinamente,"al estar cerca de la estación de bus me he podido mover andando y eso ha facilitado mi estancia. las camas estaban muy bien, buen colchón, buena almohada y muy limpias.",falta de papel higiénico.,8.0,2024-10-12,muy bien
the river hostel,españa,cama en habitación compartida mixta de 8 camas,2,persona que viaja sola,muy bien,"todo muy bien, podrían mejorar un poco el estado de los baños",,8.0,2024-10-06,muy bien
the river hostel,españa,litera en dormitorio compartido mixto con 10 camas,4,persona que viaja sola,bien,el trato de las personas,tenían que distribuir mejor las habitaciones,7.0,2024-10-05,muy bien
the river hostel,españa,room  0,0,persona que viaja sola,muy bien,sencillez y trato respetuoso,,8.0,2024-09-28,muy bien
the river hostel,españa,litera en habitación compartida mixta de 12 camas,1,persona que viaja sola,fantástico,"la persona que me atendió cuando llegué era amable y me explicó todo el funcionamiento del hostel. la cama era cómoda, tenía cortina cosa que agradezco para no molestar con la luz a otros durmientes, no hubo ningún ruido en toda la noche, me tocó gente respetuosa de compañer s de habitación. los baños estaban muy bien, duchas amplias, con puertas para mayor intimidad, había secador y plancha  muy completo y limpio . el desayuno era correcto...","lo que menos me gustó es que en la sala de desayuno le pregunté a una chica por mermelada, me dijo en inglés que no me entendía... de mermelada a mermelade, no hay gran diferencia... se lo pregunté en un tono normal y educado. cuando me di media vuelta para coger el agua del grifo de cerveza, me estaba haciendo burla porque yo estaba de espaldas, aunque la vi por el rabillo del ojo cara lanzando un beso cara lanzando un beso cara sonriendo con superioridad cara sonriendo con superioridad cara sonriendo con superioridad . lejos de parecerme mal, me pareció hasta gracioso, algo tan pueril... si le bajo la nota a este sitio, es por esa persona en concreto, de no ser así tendrían un 10 pero la mala educación aunque sea a espaldas de uno no se debe de premiar. si no sabes español trabajando en españa, puedo entender que frases muy elaboradas no te sepas, pero  mermelada  o cosas sencillas del desayuno estando sirviendo el mismo, muestra muy poco interés... me parece de principiantes, saber lo básico.",9.0,2024-09-27,muy bien
the river hostel,españa,litera en habitación compartida mixta de 12 camas,1,familia,fantástico,súper limpio y relación calidad-precio inmejorable.,,9.0,2024-09-23,muy bien
the river hostel,españa,cama en habitación compartida mixta de 4 camas,1,persona que viaja sola,todo bien,"cama muy limpia y con cortina, cómoda, zona de habitaciones tranquila, información antes de la llegada  todo bien para un hostel",nada,9.0,2024-09-22,muy bien
the river hostel,españa,litera en habitación compartida mixta de 12 camas,5,persona que viaja sola,estuvo bien en general,"lo que más me gustó fue la ubicación. está muy céntrico y puedes visitar la ciudad muy fácilmente andando desde el hostal. para ir a la playa también tiene buena conexión con el metro y transbordo con el tranvia. había agua fría gratis y eso era todo un acierto. también había café gratis, actividades y pub crawl de pago. la habitación era grande y al ir con código era muy cómodo.",pensaba que la cena gratis era algo más elaborado y para conocer a la gente pero al final solo era coger dos trozos de tortilla y ya. el hostal estaba lleno de güiris así que no pude relacionarme con nadie ya que no había gente que hablara castellano.,9.0,2024-09-17,muy bien
the river hostel,españa,litera en habitación compartida mixta de 12 camas,3,persona que viaja sola,divertido y fácil,"todo muy limpio y ordenado, las instalaciones bonitas, en el mismo centro cerca a un parque, maravilloso","lo único que puedo decir que no me gustó es que hay personas que roncan mucho jejeje, así pasa cuando sucede, es lo que hay, pero por el precio que tiene lo compensa todo",9.0,2024-09-14,muy bien
the river hostel,españa,litera en habitación compartida mixta de 12 camas,1,persona que viaja sola,fantástico,"en general el personal, el ambiente, las instalaciones que me parecieron adecuadas y muy limpias. la cama era cómoda. la ubicación que conecta con todo es genial y el hotel cuenta con muchas plazas de parking para motos que me vino de perlas.","creo que deberían poner algún cartel o advertir a los clientes que a partir de cierta hora no se debe hacer ruido. no es normal que a las 12 de la noche te vengan 2 personas haciendo ruidos, toqueteando el ventilador y llamando en voz muy alta a familiares y amigos. que maldita falta de respeto. pero, siendo de otro continente que esperas... los monos también tienen derecho a dormir. lamentable.",9.0,2024-09-13,muy bien
the river hostel,españa,litera en habitación compartida mixta de 12 camas,1,pareja,cómodo y limpio. excelente desayuno y personal agradable,"camas cómodas y baños limpios, el desayuno es muy bueno!",me tocó un grupo algo ruidoso en el pasillo pero tienes un número de whatsapp para avisar por ruidos molestos. si buscas dormir toda la noche reserva habitaciones de menos gente,8.0,2024-09-09,muy bien
the river hostel,españa,litera en habitación compartida mixta de 12 camas,3,familia,fantástico,"la limpieza la atención, y la administración por edades , vi que había mucho chaval ami personal mente me gustó volvería a este sitio",realmente no tengo ninguna queja,9.0,2024-08-27,muy bien
the river hostel,españa,litera en habitación compartida mixta de 12 camas,2,persona que viaja sola,muy bien,ambiente y localizacion,me gustaria que todos los empleados hablasen castellano.,8.0,2024-08-26,muy bien
the river hostel,españa,litera en una habitación compartida femenina,1,persona que viaja sola,bien,la cama e la almohada,"las lavadoras no funcionan, algunas recepcionista no hablan español y son antipaticas",7.0,2024-08-26,muy bien
the river hostel,españa,cama en habitación compartida mixta de 8 camas,7,persona que viaja sola,segunda vez que voy a este hostel!,"espacios comunes, desayuno a buen precio, personal amigable",,8.0,2024-08-21,muy bien
the river hostel,españa,litera en habitación compartida mixta de 12 camas,4,persona que viaja sola,muy bueno!,buenas propuestas de excursiones y actividades en conjunto.,faltaban ventiladores en la habitación.,9.0,2024-08-19,muy bien
the river hostel,españa,litera en habitación compartida mixta de 12 camas,2,persona que viaja sola,fantástico,las de recepción eran muy amables,fui al bar a tomar una bebida y no te dejaban pagar en efectivo,9.0,2024-08-12,muy bien
the river hostel,españa,litera en dormitorio compartido mixto con 10 camas,1,persona que viaja sola,muy bien,bien... más amplio que otros.. sole es increíble trabajadora que te ayuda a todo y super simpática ;  también el resto de personas. llegué en madrugada y todo fue muy bien,,8.0,2024-08-11,muy bien
the river hostel,españa,litera en dormitorio compartido mixto con 10 camas,3,pareja,"hostel céntrico, muy aconsejable","paula y sol dos chicas recepcionistas, que nos ayudaron en todo momento y muy atentas en su trabajo. y del river hostel su ubicación, bien de limpieza y buen desayuno, sin duda volvería, gracias","el aparato de aire acondicionado de la habitación,, hacía mucho ruido,",9.0,2024-08-07,muy bien
the river hostel,españa,litera en habitación compartida mixta de 12 camas,1,persona que viaja sola,fantástico,amables,,9.0,2024-08-05,muy bien
the river hostel,españa,litera en habitación compartida mixta de 12 camas,2,grupo,muy bien,"la habitación era muy espaciosa y el cajón lo suficientemente grande. me gustó que las literas tuvieran cortina. el desayuno completo: huevos cocidos, tomate, bollería, café, leche, bebida vegetal, tés, pan, embutido, queso... había varios baños individuales y duchas. en la zona de duchas había bastante espacio.",,9.0,2024-08-03,muy bien
the river hostel,españa,litera en una habitación compartida femenina,1,familia,muy bien con todos los servicios serga,todo,la vitro va lenta,9.0,2024-07-29,muy bien
the river hostel,españa,litera en dormitorio compartido mixto con 10 camas,2,grupo,reseña,el personal es estupendo.,el aire acondicionado está siempre bastante alto en la habitación.,8.0,2024-07-29,muy bien
the river hostel,españa,litera en habitación compartida mixta de 12 camas,3,persona que viaja sola,bien,muy buen ambiente!!!,instalación algo vieja,7.0,2024-07-29,muy bien
the river hostel,españa,litera en dormitorio compartido mixto con 10 camas,4,persona que viaja sola,bien,"muy buena ubicación, habitaciones amplias. el desayuno es adecuado.",,7.0,2024-07-26,muy bien
the river hostel,españa,litera en una habitación compartida femenina,2,persona que viaja sola,recomiendo,"hay aire acondicionado en las habitaciones, se agradece. esta muy cerca del centro y de todo el casco historico de la ciudad. y es un puntazo que puedas desayunar  incluido ","los lavabos estan solo en un lado del pasillo, y en la zona comun de las habitacio es hacia mucha calor, faltaria un aire o algo",7.0,2024-07-21,muy bien
the river hostel,españa,litera en habitación compartida mixta de 12 camas,2,persona que viaja sola,bastante bien y muy barato,el precio,no tenían servicio de restaurante no tenían televisión,8.0,2024-07-17,muy bien
the river hostel,españa,litera en habitación compartida mixta de 12 camas,3,persona que viaja sola,fantástico,"la ubicación excelente, la cama muy buena. el desayuno un poco flojo",,9.0,2024-07-10,muy bien
the river hostel,españa,litera en una habitación compartida femenina,4,persona que viaja sola,volveré seguro!!,el desayuno fantástico! reponen continuamente y nunca falta de nada! la ubicación mejor imposible!,"quizás el sistema para abrir la puerta de la habitación, pero por decir algo...",8.0,2024-07-04,muy bien
the river hostel,españa,litera en dormitorio compartido mixto con 10 camas,1,pareja,buena experiencia en general,"me encantó su ubicación, sus vistas, un lugar demasiado céntrico y relación calidad-precio acorde. el café gratis fue un punto extra a mi experiencia, puesto que soy super coffee lover. la cocina muy bien equipada para poder preparar comida healthy. duchas siempre con agua bien caliente y sin problema. buen ambiente en general. las camas son muy cómodas puesto que son colchón y no colchonetas.","que cerrasen la cocina, la zona chill y comedor por la noche puesto que si tienes hambre o te apetece tomar algo caliente, no dispones de ello. no tener la seguridad necesaria a la hora de que cualquier persona pueda entrar al hostal sin necesidad de identificarse como huésped. necesitaba tener un poco de aire acondicionado funcionando en las habitaciones.",8.0,2024-06-25,muy bien
the river hostel,españa,litera en habitación compartida mixta de 12 camas,1,persona que viaja sola,bien,la ubicación,,7.0,2024-06-14,muy bien
the river hostel,españa,litera en dormitorio compartido mixto con 10 camas,3,persona que viaja sola,excelente relación precio calidad,el staff es realmente amable y dispuesto a ayudar al huésped,,9.0,2024-06-11,muy bien
the river hostel,españa,cama en habitación compartida mixta de 4 camas,3,persona que viaja sola,fantástico,es un edificio muy bonito con historia. el personal es muy amable y las instalaciones están muy limpias. la cama y el espacio personal para dejar la maleta son ideales.,"a pesar de que hay aire acondicionado, el ventilador de la habitación está muy alto a las camas inferiores llega poco aire.",9.0,2024-06-10,muy bien
the river hostel,españa,cama en habitación compartida mixta de 4 camas,1,grupo,fantástico,,40  por noche para solamente 1 cama me parece un poco excesivo,9.0,2024-06-05,muy bien
the river hostel,españa,litera en una habitación compartida femenina,1,persona que viaja sola,buen sitio,"la ubicación, las cortinas en las camas daban mucha intimidad y los maleteros individuales muy grandes y cómodos.","el desayuno está muy bien pero falla que no tenían café descafeinado,  aunque fuese de sobre  ni sacarina. creo que hoy en día es algo imprescindible en un desayuno, por lo demás recomiendo el desayuno",8.0,2024-05-21,muy bien
the river hostel,españa,litera en dormitorio compartido mixto con 10 camas,2,persona que viaja sola,bien,,"alojé en un habitación mixta, me tocó solo con hombres y un par de ellos fumaron dentro de la habitación, la mantenían sucia, no respetaban los horarios de silencio para dormir, ponían música fuerte como si estuvieran en una habitación privada. no tiene que ver con el alojamiento en particular, pero da cuenta de que te puedes topar con personas que no respetan el espacio.",7.0,2024-05-20,muy bien
the river hostel,españa,litera en habitación compartida mixta de 12 camas,1,persona que viaja sola,muy bien,la comodidad de la cama la limpieza,la mayoría del personal no habla español,8.0,2024-05-13,muy bien
the river hostel,españa,litera en dormitorio compartido mixto con 10 camas,2,grupo,"un muy buen hostal, limpio, con espacios comunes muy grandes y chulos, y un personal muy amable","el hostal estaba bien ubicado, en el centro de valencia, y los servicios cumplieron lo que buscábamos.",,8.0,2024-05-13,muy bien
the river hostel,españa,litera en habitación compartida mixta de 12 camas,1,persona que viaja sola,muy confortable,el precio ubicación que tienen,,9.0,2024-05-08,muy bien
the river hostel,españa,cama en habitación compartida mixta de 4 camas,2,persona que viaja sola,fantástico,excelente hostel. no tengo una queja,,9.0,2024-05-06,muy bien
the river hostel,españa,litera en una habitación compartida femenina,3,persona que viaja sola,bien,el desayuno y la ubicación,el ruido k hacía la puerta d la habitación cada vez k se abre o cierra era muy molesto,7.0,2024-04-30,muy bien
the river hostel,españa,cama en habitación compartida mixta de 8 camas,2,persona que viaja sola,genial,"la comodidad de la cama, la velocidad del wifi, la atención del personal y lo limpio que estaba todo.",,8.0,2024-04-14,muy bien
the river hostel,españa,cama en habitación compartida mixta de 8 camas,3,grupo,me encantó,"la atención de las trabajadoras, era muy atentas y fueron muy amables. nos recomendaron sitios para comer paella y tienen actividades",que no había aparcamiento,8.0,2024-04-08,muy bien
the river hostel,españa,litera en habitación compartida mixta de 12 camas,1,persona que viaja sola,excelente para su precio.,"sencillo, pero dispone de todo lo necesario y a un precio imbatible.",nada.,9.0,2024-04-05,muy bien
the river hostel,españa,litera en habitación compartida mixta de 12 camas,2,persona que viaja sola,fantástico,,grifo de agua el ducha muy viejos,9.0,2024-04-03,muy bien
the river hostel,españa,litera en una habitación compartida femenina,2,persona que viaja sola,muy bien,la ubicación es genial,,8.0,2024-03-26,muy bien
the river hostel,españa,litera en habitación compartida mixta de 12 camas,3,grupo,estancia tranquila y recomendable,me gusto el silencio la atencion por parte del personal nativo muy agradable,"los baños y duchas, y todo en general esta dejado y es una lastima porque hay mucho potencial la atención por las adolescentes extranjeras, pues mucho que desear, porque no hay ninguna atención, sobretodo lo notamos en el servicio de desayuno, donde se terminaba algo, lo reclamabas, se ponian hablar y nunca mas lo tenias disponible, creo que esto seria recomendable mejorar. el sistema de la caja debajo la cama, quizas mejorar porque hace mucho ruido.",8.0,2024-03-21,muy bien
the river hostel,españa,litera en una habitación compartida femenina,2,persona que viaja sola,bien,la ubicación es estupenda y las habitaciones tienen buen tamaño y lo hace muy cómodo. la zona de estar y la cocina unas de las mejores zonas del hostal.,que gran parte del personal no pudiera comunicarse en español.,7.0,2024-03-15,muy bien
the river hostel,españa,litera en una habitación compartida femenina,1,persona que viaja sola,volveré seguro,"la habitación era bastante grande y las camas eran nuevas y super cómodas. la chica de recepción es muy maja y atenta. está muy bien ubicado, y la zona es muy tranquila.","los baños y las duchas aunque están pasables, necesitan una actualización.",7.0,2024-03-08,muy bien
the river hostel,españa,cama en habitación compartida mixta de 4 camas,3,familia,fantástico,"la amabilidad del personal, disponer de agua y café gratuito y la ubicación.",nada,9.0,2024-02-23,muy bien
the river hostel,españa,litera en dormitorio compartido mixto con 10 camas,6,persona que viaja sola,recomendable para pasar unos pocos dias,"excelente ubicación, zona muy conectada, cerca de muchos puntos de interés, instalaciones simples pero funcionales, todo muy limpio y ordenado, personal siempre a disposición.",no sabría el motivo pero en mi estancia muchísimos adolescentes lo cual ruidos en exceso permanente. faltaría café y te a disposición gratis en la cocina ya que muchos solo tomamos un café por la mañana y no se justifica pagar un desayuno.,8.0,2024-02-16,muy bien
the river hostel,españa,cama en habitación compartida mixta de 6 camas,2,grupo,perfecto para un fin de semana y conocer valencia a pie o en bici!,"la ubicación, muy cerca de todo. las camas eran cómodas y tenían privacidad al tener cortinas.",los secadores de pelo en el baño de mujeres en el segundo piso tenían algunos cables no protegidos que daban un poco de cuidado. por lo demás todo bien! es perfecto para pasar un fin de semana.,8.0,2024-02-15,muy bien
the river hostel,españa,litera en habitación compartida mixta de 12 camas,2,grupo,fantástico,el desayuno estupendo. silencio obligatorio a partir de las 22:00 lo que permite descansar. se puede cocinar o comprar comida el cualquier sitio y calentarla. las zonas comunes son amplias y cómodas.,,9.0,2024-02-15,muy bien
the river hostel,españa,litera en dormitorio compartido mixto con 10 camas,4,persona que viaja sola,fantástico,"las zonas comunes, cocina y habitaciones con cortina lo hizo muy cómodo para una persona que viaja sola. además había café y te gratis durante todo el día, con opciones de leche vegetal gratis, muy detallista por su parte : ","en los baños olía mal, pese a estar limpios, quizá fuese porque las basuras están abiertas y no es lo más higiénico o por el estado de las cañerías, pero era un poco desagradable. las puertas chirrian mucho al abrir y las camas al subirte moverte, lo cual molesta a los compañeros si has llegado tarde y te hace sentir mal.",9.0,2024-02-14,muy bien
the river hostel,españa,litera en una habitación compartida femenina,2,persona que viaja sola,fantástico,"personal muy amable, cama y almohada cómoda. los baños muy limpios, y bien organizados. además, te entregan un cajón con llave y candado para guardar tus cosas.",el desayuno podría mejorar. pocas opciones y desordenado.,9.0,2024-02-05,muy bien
the river hostel,españa,litera en una habitación compartida femenina,1,persona que viaja sola,"muy amables, y con desayuno de regalo","fueron muy amables, buscando una habitación con cama inferior libre para mí, dado que tengo vértigo y no puedo dormir en las literas superiores. a pesar de que no estaba incluido en mi reserva, me invitaron a desayunar.",,8.0,2024-01-27,muy bien
the river hostel,españa,litera en habitación compartida mixta de 12 camas,3,persona que viaja sola,excelente,"la habitación, la intimidad, el personal, la instalaciones",,8.0,2024-01-20,muy bien
the river hostel,españa,cama en habitación compartida mixta de 6 camas,7,persona que viaja sola,bien,tuve un problema con mi habitación y me lo han resuelto.,,7.0,2024-01-09,muy bien
the river hostel,españa,litera en habitación compartida mixta de 12 camas,2,persona que viaja sola,albergue muy cómodo con buen ambiente,"la ubicación es excelente, cerca del centro de valencia, al lado del paseo por donde pasaba el río. en la planta baja hay un comedor, con espacio para descansar o cocinar, también hay un espacio de cafetería. las habitaciones y los baños están en los pisos superiores, todo ordenado y limpio. el trato en recepción ha sido muy bueno, en todo momento están para atender.",,8.0,2024-01-07,muy bien
the river hostel,españa,litera en habitación compartida mixta de 12 camas,1,persona que viaja sola,muy bien,colchón y living room.,horario desayuno  demasiado tarde ,8.0,2023-12-30,muy bien
the river hostel,españa,litera en habitación compartida mixta de 12 camas,2,persona que viaja sola,bien,localización,dejar claro a partir de qué hora de la mañana se puede hacer ruido en las habitaciones.,7.0,2023-12-26,muy bien
the river hostel,españa,litera en una habitación compartida femenina,1,grupo,muy bien,"genial ubicación, trato y limpieza",se oye mucho todo,8.0,2023-12-24,muy bien
the river hostel,españa,litera en habitación compartida mixta de 12 camas,2,persona que viaja sola,"hiso frio ,",la diversidad,"un cubre camas mejor , compañeros ruidosos y borrachos cara vomitando",8.0,2023-12-22,muy bien
the river hostel,españa,litera en una habitación compartida femenina,5,persona que viaja sola,bien,"la atención del personal, siempre intentan ayudar, muy agradecida por ayudarme a conseguirme una noche más","lo que se encarece el precio de la habitación los fines de semana, no tiene en cuenta que ya llevas allí toda la semana de domingo a jueves, y si necesitas el viernes y sábado se incrementa el precio el triple.",7.0,2023-12-21,muy bien
the river hostel,españa,cama en habitación compartida mixta de 4 camas,1,grupo,genial ubicacion y camas comodas.,"nos encanto la ubicacion esta muy bien situado del centro, no tanto de la estacion nord, pero hay un mentro a menos de 10 min andando. el desayuno estaba bastante bien por 3.8, las camas muy muy comodas, no eran ruidosas, y las cortinas dan privacidad, habia enchufe cerca y luz dentro. el cajon para guardar cosas es muy amplio asique genial, te proporcionan candado gratis pero siempre es bueno llevarte el tuyo. un grifo de agua filtrada siempre disponible. y el sistema de consigna esta genial para visitar la ciudad y poder dejar la mochila o maleta. ademas tiene muchas activdades","mucho calor en las habitaciones, sobretodo en las cama superiores donde caia el calor de la calefaccion. se lo dijimos a los chicos de la entrada. en la recepcion hay personal que solo habla ingles, no todos pero hay alguno de los chic s solo hablan ingles y nada de español.",8.0,2023-12-19,muy bien
the river hostel,españa,litera en dormitorio compartido mixto con 10 camas,2,grupo,repetiremos,"el buen trato del personal, habitaciones limpias y con distribución que hace que parezca que hay menos personas compartiendo estancia. además cada cama tiene una cortina que aporta privacidad.",,9.0,2023-12-11,muy bien
the river hostel,españa,litera en habitación compartida mixta de 12 camas,3,persona que viaja sola,muy buen hostel,- buenas camas con cortinas - buenos recepcionistas - limpio - desayuno muy bueno,- el precio un poco caro - las luces del lavabo podrian durar mas tiempo encendidas,9.0,2023-12-11,muy bien
the river hostel,españa,cama en habitación compartida mixta de 6 camas,4,persona que viaja sola,muy bien,"desayuno muy completo, y muy bueno la ubicacion es excelente, está en el centro",no tengo queja del hostel,8.0,2023-12-08,muy bien
the river hostel,españa,litera en habitación compartida mixta de 12 camas,1,persona que viaja sola,muy bien,la atención,todo estuvo bien,8.0,2023-12-05,muy bien
the river hostel,españa,cama en habitación compartida mixta de 6 camas,2,persona que viaja sola,de 10,"la encargada un encanto, nos hizo el favor de abrir antes para desayunar para que nos diera tiempo a llegar al circuito antes de que empezara",nada,9.0,2023-11-27,muy bien
the river hostel,españa,litera en dormitorio compartido mixto con 10 camas,1,grupo,hostel con amplio número de habitaciones,las camas cómodas y las habitaciones amplias.,incidencia con otro huésped que se metió en la habitación equivocada ocupando una cama que no era la suya.,7.0,2023-11-17,muy bien
the river hostel,españa,cama en habitación compartida mixta de 8 camas,1,grupo,hostel céntrico,la buena ubicación.,el ruido fuera de horario de descanso.,8.0,2023-11-17,muy bien
the river hostel,españa,cama en habitación compartida mixta de 4 camas,1,persona que viaja sola,no está mal pero es mejorable,lo cómoda y espaciosa que era la cama y la habitación. .,"el estado de los baños, algo sucios y no les vendría mal una reforma.",8.0,2023-11-15,muy bien
the river hostel,españa,litera en dormitorio compartido mixto con 10 camas,1,persona que viaja sola,hostelería muy guay en valencia,ambiente y ubicación,los ronquidos de la litera de arriba,9.0,2023-11-10,muy bien
the river hostel,españa,litera en habitación compartida mixta de 12 camas,1,grupo,buenm hostel!,ubicacion ambiente muy bueno.,se les olvidó tomar en cuenta una petición de solicitud de cama pero nada grave,8.0,2023-11-05,muy bien
the river hostel,españa,litera en una habitación compartida femenina,1,persona que viaja sola,"calidad precio, estupendo","que tenga cocina, la ubicación y la intimidad que dan las cortinas de las literas",algunos recepcionistas no hablan castellano,8.0,2023-11-02,muy bien
the river hostel,españa,litera en una habitación compartida femenina,1,persona que viaja sola,superó mis expectativas,"ubicación, habitación y silencio",el baño de abajo muy sucio pero en la.planta bien,9.0,2023-10-30,muy bien
the river hostel,españa,litera en una habitación compartida femenina,1,persona que viaja sola,fantástico,la atención es excelente!,,9.0,2023-10-28,muy bien
the river hostel,españa,litera en dormitorio compartido mixto con 10 camas,1,persona que viaja sola,bien,,"no me gusto de mi cama, que las sábanas y cojines percibían muy mal.",7.0,2023-10-27,muy bien
the river hostel,españa,litera en habitación compartida mixta de 12 camas,2,persona que viaja sola,agradable parada,"el desayuno es bastante completo, por 3,90 . el personal es muy agradable y siempre está pendiente de tu bienestar. en cada cama tienes una cortina que te da bastante intimidad. aunque algunas zonas son bastante obsoletas, están siempre limpias.",el colchón de la cama se hundía por la parte del centro.,8.0,2023-10-26,muy bien
the river hostel,españa,cama en habitación compartida mixta de 4 camas,1,pareja,bien,"ubicación muy buena, la habitación estaba equipada con grandes ventiladores para el calor que hacía en valencia y la cama era cómoda. el personal fue simpático y amable.","que el check-in me lo hicieran en inglés, estando en valencia. me parece fantástico que contraten a gente que tiene otras lenguas maternas que no sea el castellano o valenciano porque hay mucho turista europeo extranjero en general, pero agradecería que a mí me lo hicieran en castellano valenciano  aunque este tampoco lo entienda a la perfección, pero estamos en valencia cara sonriendo con sudor frío  ",7.0,2023-10-25,muy bien
the river hostel,españa,litera en dormitorio compartido mixto con 10 camas,1,persona que viaja sola,buen hostel,"en general un lugar muy bien ubicado y cuidado, las intalaciones buenas, baños mujeres limpios, con espacio y al mismo tiempo privacidad, secadores de pelo y plancha. las habitaciones limpias y comoda para poder moverse y dejar las cosas.","demasiados chicos en la habitacion y fue imposible dormir sin los dos ventiladores encendido y las dos ventana abiertas, ruido hasta las 3am, malasuerte.",8.0,2023-10-24,muy bien
the river hostel,españa,litera en habitación compartida mixta de 12 camas,1,persona que viaja sola,bien,las camas,nada,7.0,2023-10-19,muy bien
the river hostel,españa,cama en habitación compartida mixta de 4 camas,1,grupo,muy bien,buena ubicación y buena atención.,las regaderas oscuras y los baños podrían estar más limpios.,8.0,2023-10-14,muy bien
the river hostel,españa,litera en habitación compartida mixta de 12 camas,2,persona que viaja sola,cerca de todo y multicultural,baños duchas sala de recreación sábanas limpias almohadas.,ventanas viejas y sin aire acondicionado habitación 12 un ruido tremendo en calle,8.0,2023-10-08,muy bien
the river hostel,españa,litera en dormitorio compartido mixto con 10 camas,1,persona que viaja sola,muy bien,"la habitación era espaciosa, no habían aprovechado hasta el último milímetro para poner camas, lo cual se agradece. te dejan un candado para guardar tus cosas. la planta de abajo tiene bastante espacio de esparcimiento.","la cocina estaba algo sucia y desequipada, pocos baños para un lleno total.",8.0,2023-10-08,muy bien
the river hostel,españa,litera en dormitorio compartido mixto con 10 camas,1,grupo,bien,,el alojamiento estaba muy bien pero la puerta de nuestra habitación no funcionaba y no hicieron nada para arreglarlo. tuvimos que coordinar con la otras personas de la habitación para que nos abran y poder entrar,7.0,2023-10-06,muy bien
the river hostel,españa,litera en una habitación compartida femenina,3,persona que viaja sola,fantástico,"es un sitio genial para viajar solo sola. en las zonas comunes siempre había gente, con muy buen ambiente. cómodo, práctico y barato. genial el detalle de que cada cama tuviera un cajón asociado con candado, para dejar tus pertenencias.",,9.0,2023-10-06,muy bien
the river hostel,españa,litera en dormitorio compartido mixto con 10 camas,1,persona que viaja sola,un hostel correcto,bien,que no tenga un lugar al aire libre,7.0,2023-10-04,muy bien
the river hostel,españa,cama en habitación compartida mixta de 6 camas,1,persona que viaja sola,escapada a valencia,el edificio muy bonito y buena atención del personal en general.,"no hubo nada que no me gustara, volveré.",9.0,2023-10-03,muy bien
the river hostel,españa,litera en dormitorio compartido mixto con 10 camas,3,persona que viaja sola,fantástico,lo que más me gustó fue la bienvenida de todas las personas que trabajan allí. te ponen todo tipo de facilidades y el desayuno lo recomiendo. un placer haberme alojado en un albergue tan cómodo. muchas gracias,,9.0,2023-09-21,muy bien
the river hostel,españa,cama en habitación compartida mixta de 6 camas,6,persona que viaja sola,fantástico,limpieza ubicación instalaciones,,9.0,2023-09-19,muy bien
the river hostel,españa,litera en habitación compartida mixta de 12 camas,1,persona que viaja sola,muy bien,"las instalaciones, muy moderno actual",un poco la ubicación un poco spartado,8.0,2023-09-15,muy bien
the river hostel,españa,litera en una habitación compartida femenina,2,persona que viaja sola,fantástico,"excelente, muy buenas instalaciones y organización.",las dos recepcionistas hablaban ingles pero solo una español estando en españa,9.0,2023-09-09,muy bien
the river hostel,españa,cama en habitación compartida mixta de 4 camas,2,persona que viaja sola,"estancia correcta para los dos días, podria mejorar la limpieza, sin embargo dentro de lo correcto para lo que pagas",lo bien ubicado que está,falta de limpieza,7.0,2023-09-07,muy bien
the river hostel,españa,litera en habitación compartida mixta de 12 camas,2,grupo,corta estadía en valencia,"las camas son cómodas, agua fresca disponible y gratuita, café y té gratis. secador y plancha de pelo en el baño.",poca luz artificial en la habitación,7.0,2023-09-04,muy bien
the river hostel,españa,cama en habitación compartida mixta de 4 camas,1,grupo,fantástico,"me gusto mucho el trato del personal y la disponibilidad de cocina, un sitio para descansar y tomar café proporcionado por el hostel. y agua potable para beber todo el día.",,9.0,2023-08-28,muy bien
the river hostel,españa,litera en una habitación compartida femenina,3,persona que viaja sola,"bien, para adolescentes.",muy atento el personal. la verdad que de primera los chicos y las chicas.,"si tenés un sueño livianito mejor un hotel, yo pude dormir una noche de 3, porque no se respetaba el horario de descanso en la habitación. una noche en el espacio común había unos chicos tomando cerveza, quise comprar una y me dijeron que era el hijo del dueño con los amigos y que no era horario de bar...obvio no me la vendieron.... tendrá casa me imagino? o entonces hay privilegios, me pareció pésimo. o que se vaya a un bar con los amigos... en fin. pasan que cosas.",7.0,2023-08-27,muy bien
the river hostel,españa,cama en habitación compartida mixta de 4 camas,2,pareja,muy bien,el desayuno. la ubicación.,2 wc para solo una planta. neveras poco limpias.,8.0,2023-08-21,muy bien
the river hostel,españa,cama en habitación compartida mixta de 6 camas,1,grupo,bien,colchón,,7.0,2023-08-20,muy bien
the river hostel,españa,litera en dormitorio compartido mixto con 10 camas,1,persona que viaja sola,fantástico,"el trato del personal , las zonas compartidas, que dejen tener la maleta para visitar la ciudad",el ruido de la gente mientras se descansa,9.0,2023-08-17,muy bien
the river hostel,españa,litera en dormitorio compartido mixto con 10 camas,3,grupo,bien,"ubicación , instalaciones","el precio me pareció alto , y por las noches había mucho ruido . creo que era del parque de a lado ,",7.0,2023-08-11,muy bien
the river hostel,españa,cama en habitación compartida mixta de 6 camas,2,grupo,bien,"el agua fría gratis, ya que hacía mucho calor",que no hubiera gel en las duchas y que no hubiera un aire acondicionado de máquina,7.0,2023-08-11,muy bien
the river hostel,españa,litera en una habitación compartida femenina,1,grupo,muy bien para jóvenes,muchas actividades disponibles. los trabajadores listos para ayudar en todo. las camas tenían cortina y eran cómodas. el cajón para la maleta espacioso y te daban candado si no tenías.,las puertas de algunos baños no cerraban bien y hacía mucho calor en ellos.,8.0,2023-08-09,muy bien
the river hostel,españa,litera en habitación compartida mixta de 12 camas,1,persona que viaja sola,fantástico,la habitación estaba fresca y el colchón era muy cómodo,no hubo nada que no me gustara,9.0,2023-08-03,muy bien
the river hostel,españa,litera en dormitorio compartido mixto con 10 camas,1,persona que viaja sola,nice option,"en las habitaciones, las camas tienen cortinas, luz y enchufe. en las zonas comunes hay café, té y agua fresca disponibles todo el día. el personal es muy atento.","por ser pleno verano en una ciudad ya tan turística, el precio de una cama en habitación compartida  10 personas, mixta  ronda los 50  , que me parece una barbaridad.",8.0,2023-08-01,muy bien
the river hostel,españa,litera en dormitorio compartido mixto con 10 camas,3,persona que viaja sola,fantástico,primera vez que utilizo un hostel con habitación y baños compartidos. la experiencia ha sido positiva en todos los aspectos. el trato con el resto de compañeros de habitación ha sido mas que adecuado y el personal del hotel muy agradable.,"solo comentar el tema de los aseos y duchas, que estaban aceptables  siempre limpios  pero no son del todo cómodos.",9.0,2023-08-01,muy bien
the river hostel,españa,litera en una habitación compartida femenina,3,persona que viaja sola,fantástico,"el personal muy buena onda y siempre con una sonrisa! muy buen hostel realmente, recomiendo 100 ",,9.0,2023-07-31,muy bien
the river hostel,españa,cama en habitación compartida mixta de 4 camas,1,grupo,buena estancia cerca del centro historico,"la atención, los servicios que ofrecen y que mantengan el aire acondicionado en la habitacion siempre que el cliente quiera",el aparcamiento en la zona es complicado pero nos asesoraron para dejar el coche cerca,9.0,2023-07-30,muy bien
the river hostel,españa,litera en dormitorio compartido mixto con 10 camas,2,persona que viaja sola,todo guay,ubicación estratégica,no sé,8.0,2023-07-29,muy bien
the river hostel,españa,litera en una habitación compartida femenina,2,persona que viaja sola,paso por valencia,"las instalaciones, la ubicación y que me permitieran guardar la mochila hasta la hora de mi regreso.",el personal un poco disperso,9.0,2023-07-23,muy bien
the river hostel,españa,litera en dormitorio compartido mixto con 10 camas,2,persona que viaja sola,muy bien! corazón azul claro,"la ubicacion, la relacion precio-calidad, el desayuno.",la habitacion no era muy linda,9.0,2023-07-23,muy bien
the river hostel,españa,litera en dormitorio compartido mixto con 10 camas,2,persona que viaja sola,"ni bien, ni mal.",me gustó la ubicación del lugar.,"ignoraron mi solicitud de encender el aire acondicionado,  envié dos correos  las habitaciones son muy calientes. el desayuno no vale la pena en absoluto fue dinero perdido.",8.0,2023-07-22,muy bien
the river hostel,españa,litera en una habitación compartida femenina,1,persona que viaja sola,fantástico,la ubicación es perfecta.,no se le puede pedir más por su precio,9.0,2023-07-21,muy bien
the river hostel,españa,cama en habitación compartida mixta de 8 camas,2,persona que viaja sola,"ubicación genial, gente muy joven con muchas ganas de trabajar.","personal joven en recepción y muy eficaces. pedí un cambio a litera baja y rápidamente me cambiaron. cortina para privacidad, luz individual y para cargar el móbil dentro de tu habitáculo. grande ventilador en la habitación, se podía abrir la ventana para ventilar. desayuno muy económico si lo contratas el día anterior. la ubicación genial para aparcar si vas en coche, hay un paseo bastante largo en el que es gratuito aparcar. el hostel está cerca de todo pero un poco en  las afueras .",en los baños había secador y plancha de pelo pero no funcionaban. al día siguiente estaba el electricista para solucionar la avería.,7.0,2023-07-19,muy bien
the river hostel,españa,litera en habitación compartida mixta de 12 camas,1,grupo,perfecto para una estancia corta,la ubicación y calidad precio,,9.0,2023-07-17,muy bien
the river hostel,españa,cama en habitación compartida mixta de 4 camas,1,persona que viaja sola,mejor hostal de valencia,"habitaciones, duchas y baños limpios, desayuno barato y muy bueno y personal amable. ubicación buena, a 5 minutos de metro y del casco historico.","poca privacidad en las camas individuales, las literas si están bien. check-in un poco tarde.",9.0,2023-06-29,muy bien
the river hostel,españa,litera en habitación compartida mixta de 12 camas,1,persona que viaja sola,muy bien,las camas eran muy cómodas,"que las habitaciones fueran mixtas, siendo mujer me senti un poco insegura rodeada de hombres extraños",8.0,2023-06-28,muy bien
the river hostel,españa,litera en dormitorio compartido mixto con 10 camas,2,grupo,muy bien,la ubicación,los baños estaban bastante alejados de la habitación y las camas un poco pequeñas. el desayuno de hostel un poco escaso,8.0,2023-06-26,muy bien
the river hostel,españa,litera en habitación compartida mixta de 12 camas,2,persona que viaja sola,fantástico,lo céntrico que está,mucho ruido por la noche,9.0,2023-06-17,muy bien
the river hostel,españa,litera en una habitación compartida femenina,3,persona que viaja sola,bien,"lo que más me gustó la cercanía al casco histórico, y al estar en frente de lo que era el caudal del turia, está genial para hacer otras actividades.",creo que en general no estuvo mal.,7.0,2023-06-09,muy bien
the river hostel,españa,litera en habitación compartida mixta de 12 camas,1,persona que viaja sola,señal de aprobación con la mano,"me enkanta alojarme en el river hostel, tienen flancha del pelo en la mayoria d ls kuartos d baño d xikas, el personal d rezepzion es eszepzional, y siempre resulta muy agradable la estanzia. .","me hubiera gustado kedarme un dia mas, xo no pude reservar xa no kanviar d kama, los prezios van subiendo x k ya ay turismo, y yo suelo ir x nezesidad cara con ojos en blanco",8.0,2023-06-05,muy bien
the river hostel,españa,litera en habitación compartida mixta de 12 camas,1,persona que viaja sola,agradable lastima el recepcionista,"la ubicación, camas bastante amplias y locker con candados incluidos","el chico de recepción solo hablaba ingles y no sabia ni una palabra de español ni estaba interesado en atender , increible que pase esto en españa.",7.0,2023-06-05,muy bien
the river hostel,españa,cama en habitación compartida mixta de 8 camas,1,persona que viaja sola,fantástico,ubicacion,no había sabana encimera,9.0,2023-06-04,muy bien
the river hostel,españa,litera en una habitación compartida femenina,1,persona que viaja sola,fantástico,"está estupendo para gente joven que viaja con mochilas, la cocina muy bien, las zonas comunes estupendas, cerca de todo.",al compartir habitacion cada una entra a una hora diferente y se duerme poco.,9.0,2023-05-28,muy bien
the river hostel,españa,litera en habitación compartida mixta de 12 camas,1,persona que viaja sola,buena relación precio calidad,el personal súper amable.,en general las instalaciones bien. falta un repisa al lado de la cama para apoyar lo más necesario.,8.0,2023-05-26,muy bien
the river hostel,españa,litera en una habitación compartida femenina,1,persona que viaja sola,no quiero puntuar sino viene la gente,esta bien,antiguo,8.0,2023-05-17,muy bien
the river hostel,españa,litera en una habitación compartida femenina,1,persona que viaja sola,curioso,la ubicación y personal,mantenimeinto de las instalacioens en cuanto a higiene,8.0,2023-05-16,muy bien
the river hostel,españa,litera en una habitación compartida femenina,1,pareja,muy bien,calidad  precio,,8.0,2023-05-05,muy bien
the river hostel,españa,cama en habitación compartida mixta de 6 camas,2,grupo,puede mejorar,su ubicación y el personal.,"las condiciones de las habitaciones principalmente, puede mejorar mucho.",8.0,2023-05-04,muy bien
the river hostel,españa,litera en una habitación compartida femenina,2,persona que viaja sola,es posible que repita,las actividades para socializar con otras personas alojadas,,9.0,2023-04-28,muy bien
the river hostel,españa,litera en dormitorio compartido mixto con 10 camas,2,persona que viaja sola,fantástico,todo,la comodidad de la cama,9.0,2023-04-27,muy bien
the river hostel,españa,cama en habitación compartida mixta de 6 camas,1,persona que viaja sola,muy bien,muy buen lugar. muy bien ubicado. buenas instalaciones. volveré sin duda.,,9.0,2023-04-26,muy bien
the river hostel,españa,cama en habitación compartida mixta de 6 camas,3,grupo,estancia perfecta para un par de noches,ubicación,nada,9.0,2023-04-24,muy bien
the river hostel,españa,litera en dormitorio compartido mixto con 10 camas,2,grupo,higiene y baños impecables,"los baños son amplios y comodos. tiene cubículos cerrados en cada váter y en cada ducha. sitio para dejar los elementos de higiene de sobra. el desayuno buffet estaba bien variado y el precio acorde. ha superado mis expectativas. además íbamos en grupo y no pudimos reservar una habitación para nosotros, sin embargo el personal tuvo la amabilidad de acomodarnos a todos juntos. todo estaba estupendamente limpio.","el personal ha sido muy atento la verdad, pero muy pocos hablaban español. para algunas cosas era necesario hablar con ellos en inglés porque no comprendían del todo el español.",8.0,2023-04-24,muy bien
the river hostel,españa,cama en habitación compartida mixta de 4 camas,2,persona que viaja sola,"algunas recepcionistas no saben español  en españa . por lo demás, todo genial.","el desayuno. por un poco más en el precio, el desayuno está genial. la ubicación estaba bien, y la habitación con tan sólo 4 camas, también. un cofre para meter la maleta entera y que te dieran la llave y el candado del cofre, genial. todo muy limpio, aparentemente nuevo, de calidad y confortable, la verdad.","menos mal que soy bilingüe y pude hablar bien en inglés con las recepcionistas, porque si no... increíble que en mi propio país, la recepcionista me pidiera hablar en inglés porque no sabía español... fatal, eso estuvo fatal. si no sabéis inglés, mejor no vayáis. siempre suele haber dos y una habla en español, pero no me pareció de recibo... comencé a hablar en español al llegar, y la chica me dijo:  excuse me, do you speak english? . mi respuesta:  yes, but....  antes de que terminara de decir  yes, but we are in spain , me cortó y se me puso a hablar en inglés. de muy mala educación. fue una de las recepcionistas del viernes por la tarde-noche, una rubita, no me quedé con el nombre. había otros que se notaba que tampoco sabían español, pero parecían un poco más amables, no tan mal educados. por otra parte, las duchas estaban súper altas y a mí, que soy bajita, apenas llegaba el agua a mi cuerpo  se repartía por todo el espacio . y los aseos separados de las duchas, por lo que era imposible asearte y ducharte a la vez.",8.0,2023-04-20,muy bien
the river hostel,españa,litera en dormitorio compartido mixto con 10 camas,2,persona que viaja sola,lo que buscaba.,lo mejor la localización.,"la escalera de la litera, me pareció incómoda.",8.0,2023-04-18,muy bien
the river hostel,españa,cama en habitación compartida mixta de 8 camas,1,pareja,muy bien,la atención,,8.0,2023-04-17,muy bien
the river hostel,españa,litera en habitación compartida mixta de 12 camas,2,persona que viaja sola,excepcional,la atención del personal es excelente muy amables y aclaran cualquier duda el servicio es excepcional 100  recomendado,,10.0,2026-04-15,muy bien
the river hostel,españa,litera en dormitorio compartido mixto con 10 camas,1,persona que viaja sola,excepcional,la atención es excelente las chicas muy profesionales amables.. recomendación al 100 ,,10.0,2026-04-12,muy bien
the river hostel,españa,litera en habitación compartida mixta de 12 camas,4,persona que viaja sola,excepcional,el trato y la atención ke prestan las y los empleados,,10.0,2026-04-09,muy bien
the river hostel,españa,litera en una habitación compartida femenina,1,persona que viaja sola,muy mal,los chicos que hacen el turno de noche muy bien pero las chicas de mañana la verdad me decepcione,hoy ala tarde fuy a reservar una cama para esta noche y le dije a la chica que me de una noche mas y despues de alojarme varios dias me dijo que estaban completos y le dije ok me busco otro hostal y resulta que entro en bookin y veo que el hostal donde me alojaba no estaba completo resumen atencion al cliente la chica nefasta,2.0,2026-04-08,muy bien
the river hostel,españa,litera en una habitación compartida femenina,2,persona que viaja sola,bien pero podría ser mejor,"en el dormitorio para las mujeres, las camas permiten tener mucha privacidad.","no hay sitio especifico con pilas para lavarse la cara o los dientes. hay que usar las dos únicas pilas muy pequeñas de los aseos, lo cual es muy incómodo y poco práctico. además, los aseos y las duchas no están muy limpios.",6.0,2026-04-07,muy bien
the river hostel,españa,cama en habitación compartida mixta de 4 camas,1,persona que viaja sola,fantástico día en valencia en fallas,ubicación y amabilidad del personal,,10.0,2026-04-06,muy bien
the river hostel,españa,litera en una habitación compartida femenina,1,pareja,excepcional,me encantó el lugar muy bien ubicado y las personas muy agradables,,10.0,2026-04-05,muy bien
the river hostel,españa,litera en dormitorio compartido mixto con 10 camas,1,persona que viaja sola,excepcional,"es un edificio histórico, muy bien situado. el personal es muy atento y competente. las camas son confortables y los baños amplios y limpios",quizá podría estar algo mejor reformado,10.0,2026-03-28,muy bien
the river hostel,españa,litera en habitación compartida mixta de 12 camas,1,persona que viaja sola,me gustó,"el ambiente. las trabajadoras eran muy majas y atendían cualquier duda. el sitio está bien cuidado, limpio. la cama también era cómoda y también tenía aire. cada una con cortinas y su cajón. buen servicio. además está en un sitio bien localizado.",no tengo algo que no me haya gustado especialmente. pero como sugerencia se podrían poner otras sillas diferentes a las blancas. a lo mejor algún puff y una mesita.,10.0,2026-03-27,muy bien
the river hostel,españa,litera en habitación compartida mixta de 12 camas,2,persona que viaja sola,pésimo,,"a llegar cama sucias y utilizadas da alguien entro en mi cama después esperar otra dos horas más ,hago el check out y me engañas con la devolución de lo 5 de la pulsera , me robaron antes de llegar a qui y le expliqué que el 5 de la pulsera lo necesitaba a salir de aquí aunque avi apagado con tarjeta...me dijieron que si y ahora me lo devuelven en el banco y me quedo yo sin dinero",1.0,2026-03-23,muy bien
the river hostel,españa,litera en dormitorio compartido mixto con 10 camas,7,persona que viaja sola,atienden en ingles,el precio,que me hablen en ingles,6.0,2026-03-22,muy bien
the river hostel,españa,litera en habitación compartida mixta de 12 camas,3,persona que viaja sola,mucho que mejorar,"me gustó sobretodo la ubicación, esta cerca del transporte público y andando 10 - 15 min llegas al centro de la ciudad. el desayuno era escueto pero suficiente. también las camas eran amplias.","que la mayoría de los que atienden el lugar no sepan hablar nada de español. tuve un problema con un ticket, intenté explicárselo a una de ellas y me soltó que se lo explicara en inglés de mala manera. también la falta de organización, llegue tarde del vuelo y me cambiaron como 3 veces de habitación porque no sabían quién estaba ahí. y la litera de arriba que me tocó no tenía luz porque le habían cortado el cable, entiendo que no puedan estar pendiente de todo pero no arreglar cosas básicas... le falta organizarse y contratar personas que tengan idea de español porque yo manejaba algo de inglés pero quien no sepa... no va a poder solucionar nada allí.",2.0,2026-03-20,muy bien
the river hostel,españa,litera en dormitorio compartido mixto con 10 camas,1,familia,personal super amable y profesional.hostal muy recomendable,el personal super amable y te explica todo els chicas en el check in fueron muy amables . muchas gracias por todo.hemos estado muy cómodos.es muy recomendable.mil gracias a todos el equipo.,,10.0,2026-03-18,muy bien
the river hostel,españa,cama en habitación compartida mixta de 8 camas,1,persona que viaja sola,normal,el precio es muy barato y esta muy bien ubicado,mucho ruido y el check in no fue sencillo,6.0,2026-03-17,muy bien
the river hostel,españa,litera en habitación compartida mixta de 12 camas,1,persona que viaja sola,excepcional,todo está muy bien,,10.0,2026-03-09,muy bien
the river hostel,españa,litera en habitación compartida mixta de 12 camas,1,persona que viaja sola,re bien,"me costó 17 pavos la noche y súper bien, la de recepción agradable y nada de que quejarme a decir verdad",,10.0,2026-03-03,muy bien
the river hostel,españa,cama en habitación compartida mixta de 8 camas,2,persona que viaja sola,excepcional,la atención personalizada.,,10.0,2026-03-02,muy bien
the river hostel,españa,litera en dormitorio compartido mixto con 10 camas,1,persona que viaja sola,personal excepcional,aytana maike asia juan valentina son los mejores del staff,,10.0,2026-02-25,muy bien
the river hostel,españa,litera en dormitorio compartido mixto con 10 camas,1,persona que viaja sola,pésimo,malo,,1.0,2026-02-23,muy bien
the river hostel,españa,litera en dormitorio compartido mixto con 10 camas,6,persona que viaja sola,pésimo,nada,la recepción no dio mucha información,3.0,2026-02-11,muy bien
the river hostel,españa,litera en una habitación compartida femenina,5,persona que viaja sola,aceptable,la ubicación,"el ambiente que había no era nada seguro, la cocina imposible usarla ,siempre sucia, en la nevera lo mismo sucia y con mucho riesgo que te roben lo que dejas. es una lastima, podría ser un hostel mejor",5.0,2026-02-03,muy bien
the river hostel,españa,litera en dormitorio compartido mixto con 10 camas,6,persona que viaja sola,,,,3.0,2026-02-02,muy bien
the river hostel,españa,litera en dormitorio compartido mixto con 10 camas,1,persona que viaja sola,excepcional,los empleados excelentes,excelente todo,10.0,2026-02-02,muy bien
the river hostel,españa,litera en habitación compartida mixta de 12 camas,1,persona que viaja sola,excepcional,la vista,,10.0,2026-01-30,muy bien
the river hostel,españa,litera en habitación compartida mixta de 12 camas,3,persona que viaja sola,volveré a repetir,fue mejor de lo que me esperaba para ser mi primera vez en un hostel,prácticamente estaba todo perfecto incluso mejor de lo q me esperaba y todo muy limpio,10.0,2026-01-28,muy bien
the river hostel,españa,litera en habitación compartida mixta de 12 camas,3,persona que viaja sola,agradable,la ubicación y el trato con el personal,"los huespedes no tenian ni sentido de limpieza ni de vergüenza, robaron los productos de alimentación que habia comprado, por mas que limpie el personal la gente no ayuda ensucian y dejan todo tirado, es una pena por que asi quitan las ganas de ir y convivir",6.0,2026-01-27,muy bien
the river hostel,españa,litera en habitación compartida mixta de 12 camas,2,persona que viaja sola,volveré,"la atención de las chicas en recepción, y del personal en general, muy amables y cordiales",no hay nada de lo que deba quedarme,10.0,2026-01-27,muy bien
the river hostel,españa,litera en habitación compartida mixta de 12 camas,1,persona que viaja sola,excepcional,"la ubicacion es perfecta, y el personal todo el tiempo disponible para resolver cualquier detalle. he tenido un pequeño inconveniente, y lo han resuelto muy bien! magnifico el personal.",todo ha ido bien. ademas se ha creado un grupo muy lindo en la sala compartida! me la he pasado genial.,10.0,2026-01-22,muy bien
the river hostel,españa,cama en habitación compartida mixta de 8 camas,1,persona que viaja sola,muy bien todo,todo,,10.0,2026-01-20,muy bien
the river hostel,españa,litera en habitación compartida mixta de 12 camas,1,persona que viaja sola,"muy rápido, tranquilo y conveniente",tranquilo,nda,10.0,2026-01-20,muy bien
the river hostel,españa,litera en habitación compartida mixta de 12 camas,1,persona que viaja sola,pésimo,el personal,"nada todo sucio, gente fumando porros adentro nada de control",1.0,2026-01-19,muy bien
the river hostel,españa,litera en habitación compartida mixta de 12 camas,4,persona que viaja sola,excepcional,"me alojé recientemente y la experiencia no puede ser mejor. todas las chicas de la recepción fueron encantadoras, siempre con una sonrisa y dispuestas a ayudar en lo que hiciera falta. el alojamiento es muy cómodo y tranquilo, ideal para descansar. la cocina está súper bien equipada, con todo lo necesario para cocinar con comodidad. además, la ubicación es excelente. sin duda un lugar al que volvería sin pensarlo.",,10.0,2026-01-19,muy bien
the river hostel,españa,litera en dormitorio compartido mixto con 10 camas,1,persona que viaja sola,excepcional,el buen trato y cordialidad del personal,,10.0,2026-01-10,muy bien
the river hostel,españa,litera en habitación compartida mixta de 12 camas,2,persona que viaja sola,aceptable,está en una buena ubicación y el personal muy amable,las literas hacen mucho ruido y las habitaciones un poco descuidadas,5.0,2026-01-08,muy bien
the river hostel,españa,litera en habitación compartida mixta de 12 camas,1,persona que viaja sola,muy buen trato.,el trato de los recepcionistas.,"el olor de la habitación, pero es comprensible",10.0,2026-01-08,muy bien
the river hostel,españa,litera en habitación compartida mixta de 12 camas,1,persona que viaja sola,muy bien por el precio.,el desayuno era algo básico pero no estaba mal. la ubicación muy bien.,la limpieza en general y quizá la ventilación en las habitaciones es mejorable. pero tampoco estaba sucio ni era desagradable.,6.0,2026-01-06,muy bien
the river hostel,españa,litera en habitación compartida mixta de 12 camas,1,persona que viaja sola,excepcional,allá recepción fueron amables,,10.0,2026-01-06,muy bien
the river hostel,españa,litera en habitación compartida mixta de 12 camas,1,persona que viaja sola,excepcional,la buena atención,la limpieza,10.0,2026-01-05,muy bien
the river hostel,españa,cama en habitación compartida mixta de 4 camas,2,persona que viaja sola,excepcional,todo,,10.0,2026-01-04,muy bien
the river hostel,españa,litera en habitación compartida mixta de 12 camas,1,persona que viaja sola,excepcional,todo. desayuno bueno y barato.,,10.0,2026-01-03,muy bien
the river hostel,españa,litera en una habitación compartida femenina,1,persona que viaja sola,agradable y buen hostel para conocer gente y hacer comunidad.,buena ubicación con linda vista hacia los jardines del turia. cama aceptable y cocna completa y limpia.,los baños y las duchas algo lejos de las habitaciones lo que era un poco incómodo para chicas.,6.0,2025-12-30,muy bien
the river hostel,españa,litera en dormitorio compartido mixto con 10 camas,1,persona que viaja sola,excepcional,"la limpieza, el silencio, la atención de recepción",el que no se pueda pagar en efectivo,10.0,2025-12-29,muy bien
the river hostel,españa,litera en habitación compartida mixta de 12 camas,1,persona que viaja sola,excepcional,"los hombres robustos aceitados masculinos , trabajadores de obra , machorros franceses bebedores de cerveza incansables y guiris postureo marca dolge gabbana",,10.0,2025-12-26,muy bien
the river hostel,españa,litera en habitación compartida mixta de 12 camas,8,persona que viaja sola,excepcional,todo,,10.0,2025-12-17,muy bien
the river hostel,españa,litera en habitación compartida mixta de 12 camas,1,persona que viaja sola,excepcional,limpio y el personal de recepción fue muy servicial.,,10.0,2025-12-11,muy bien
the river hostel,españa,litera en habitación compartida mixta de 12 camas,4,persona que viaja sola,experiencia muy positiva,todo,nada,10.0,2025-12-09,muy bien
the river hostel,españa,litera en habitación compartida mixta de 12 camas,1,persona que viaja sola,excepcional,todo estuvo bien recomendadisimo,,10.0,2025-12-09,muy bien
the river hostel,españa,cama en habitación compartida mixta de 6 camas,2,persona que viaja sola,excepcional,"el ambiente con el resto de alojados, la atención del personal, los detalles que tenían con nosotros y la ubicacion",todo estuvo perfecto.,10.0,2025-12-07,muy bien
the river hostel,españa,litera en dormitorio compartido mixto con 10 camas,1,persona que viaja sola,low cost,"la habitación apestaba... no es olor a pies... es fermento concentrado. una italiana en recepción me hizo el checking con total desgana, y ni si quiera me dio la info y acceso al desayuno que pague... aunque habiendolo visto luego... los 3 euros que pague, no lo valen...","solo me gustó la chica del checkout y el emplazamiento en el centro, las fotos no son fieles a la realidad",2.0,2025-12-03,muy bien
the river hostel,españa,cama en habitación compartida mixta de 8 camas,2,persona que viaja sola,gran servicio.,instalaciones.,,10.0,2025-11-28,muy bien
the river hostel,españa,litera en una habitación compartida femenina,1,persona que viaja sola,cuidadosi eres mujer,la ubicacion es ideal y las camas no estan mal,"hay muchos hombres que no son turistas o estan de paso, se ha convertido en un lugar donde viven y para las mujeres a veces da sensación de inseguridad.",4.0,2025-11-28,muy bien
the river hostel,españa,litera en habitación compartida mixta de 12 camas,1,persona que viaja sola,mal,lo único q me gustó el trato del personal,que las avitaciones estén compartiendas con hombres y mujeres es decir yo y me imagino q irán más chicas solas pero ami me tocó una avitacion con tres hombres sería mucho mejor que fueran hombres con hombres y mujeres con mujeres la cama estaba cómoda y es para lo que es entrada por salida,3.0,2025-11-25,muy bien
the river hostel,españa,litera en una habitación compartida femenina,2,persona que viaja sola,"excelente hostel: ubicación privilegiada, instalaciones siempre limpias, personal muy amable y espacios comunes con gran","excelente hostel: ubicación privilegiada, instalaciones siempre limpias, personal muy amable y espacios comunes con gran ambiente para conocer viajeros.  totalmente recomendado! chispas",,10.0,2025-11-23,muy bien
the river hostel,españa,litera en habitación compartida mixta de 12 camas,1,persona que viaja sola,excepcional,todo está mui bien,,10.0,2025-11-23,muy bien
the river hostel,españa,litera en habitación compartida mixta de 12 camas,2,persona que viaja sola,no recomendable,la ubicación,"las camas son colchónetas de 10cm ruidos constantemente  maletas arrastrando, bicicletas dentro de la habitación golpes, volumen de voz alto  las personas no respetan el silencio no ahi jabón en las duchas las literas son de hierro y movimiento que haga suena y el personal no hace nada solicito cambio de habitación y me ponen en otra peor de dos noche solo pase 1 me tuve que ir a las 3 de la mañana me despertaron y ya no pude dormir del ruido.",1.0,2025-11-21,muy bien
the river hostel,españa,litera en habitación compartida mixta de 12 camas,3,persona que viaja sola,aceptable,"es muy corriente , y muy ruidoso","muy ruidoso, por la noche",5.0,2025-11-18,muy bien
the river hostel,españa,litera en una habitación compartida femenina,11,persona que viaja sola,excepcional,"el personal, la ubicación, las instalaciones, para mi fenomenal, y el hecho de tener un guardia de seguridad todo la noche, puedes hacer cheking aunque llegues tarde avisando...bla bla bla, fenomenal cara guiñando el ojo","las ollas de la cocina, un poco destartaladas cara llorando de risa",10.0,2025-11-15,muy bien
the river hostel,españa,litera en habitación compartida mixta de 12 camas,1,persona que viaja sola,si vas de fiesta está bien . si vas a descansar no,la ubicacion y el precio,las habitaciones no sirven para descansar . lugar si vas de fiesta cara de fiesta,1.0,2025-11-10,muy bien
the river hostel,españa,litera en habitación compartida mixta de 12 camas,1,persona que viaja sola,lo mejor en relación calidad - precio,"las instalaciones y detalles como los de tener una plancha o hacer las literas como mas íntimas, además de que me pareció baratisimo. además de que por lo que cuesta, el desayuno esta muy bien y tiene zonas de ocio bastante bonitas y acogedoras","la cama : , dormí bastante incomoda y me desperté con mucho dolor de espalda, hombros y cuello",10.0,2025-11-04,muy bien
the river hostel,españa,litera en dormitorio compartido mixto con 10 camas,1,persona que viaja sola,decepcionante,el sitio,"pues debería tener otra clase de habitación, y no dormi bien puesto que había mas personas en la habitación, y en el tema de cafetería no podías desayunar según me dijo el chico de recepción",4.0,2025-10-30,muy bien
the river hostel,españa,litera en una habitación compartida femenina,2,persona que viaja sola,excepcional,relación calidad precio excepcional,,10.0,2025-10-27,muy bien
the river hostel,españa,cama en habitación compartida mixta de 4 camas,1,persona que viaja sola,"agradable, limpio y organizado",está todo muy bien organizado,no tengo ninguna queja,10.0,2025-10-27,muy bien
the river hostel,españa,litera en dormitorio compartido mixto con 10 camas,1,persona que viaja sola,excepcional,limpieza,,10.0,2025-10-23,muy bien
the river hostel,españa,litera en una habitación compartida femenina,1,persona que viaja sola,pésimo,k me echaron sin hacer nada un mal educado,k encima el dinero no me la devuelto pero lo conseguiré,1.0,2025-10-02,muy bien
the river hostel,españa,litera en una habitación compartida femenina,1,persona que viaja sola,check in con 4h de espera,buena ubicación e instalaciones nuevas y bien cuidadas,"lo del check-in fue desesperante. 4h de cola, pero el problema no es que hubiera mucha gente  que también , es lo extremadamente lento que es su proceso  aunque hayas hecho el check-in online . no repetiría solo por este motivo. si no hacías el check-in ni siquiera podías dejar el equipaje para hacerlo mas tarde.",5.0,2025-09-24,muy bien
the river hostel,españa,litera en dormitorio compartido mixto con 10 camas,2,persona que viaja sola,recomendable 100 ,he visitado varias veces valencia y elijo este hoste la ubicación y la tranquilidad,el aire estaba un poco frío para mi gusto personal,10.0,2025-09-21,muy bien
the river hostel,españa,litera en habitación compartida mixta de 12 camas,1,persona que viaja sola,preciso,"la atención ,atención muy rápida y educada . cerca del centro . limpieza",,10.0,2025-09-10,muy bien
the river hostel,españa,litera en habitación compartida mixta de 12 camas,2,persona que viaja sola,excepcional,"las chicas que me atendieron muy majas, logre dejar la maleta antes del check in y me vino genial ya que había llegado demasiado pronto. hay mucha limpieza y la infraestructura del lugar bien mantenido.",,10.0,2025-09-05,muy bien
the river hostel,españa,cama en habitación compartida mixta de 4 camas,2,persona que viaja sola,volveré,"zonas comunes, baños, ubicación, habitación","clientes no tiran basura de mesas ,no separan desperdicios para reciclar y ni limpian objetos usados",10.0,2025-09-02,muy bien
the river hostel,españa,litera en habitación compartida mixta de 12 camas,1,persona que viaja sola,excepcional,"limpio, el staff muy atento, amiable, servicial. las installations están bien adecuadas, tienen buen espacio para hacer coworking y ofrecen actividades para hacer amigos. las camas son limpias y tienen cortina para más privacidad","deberían tener un rango de edades más definido, pues se veía gente muy joven y alguna gente en la edad adulta, por lo que sería más cómodo y agradable estar con gente de la misma edad, también deberían tener un control en el tipo de personas las cuales sería hospedan  que sean limpias, pulcras, respetuosas, etc ",10.0,2025-09-01,muy bien
the river hostel,españa,cama en habitación compartida mixta de 4 camas,3,persona que viaja sola,maravillosa,la estructura,la cama de arriba no llega ventilación ni aire hace calor,10.0,2025-09-01,muy bien
the river hostel,españa,litera en habitación compartida mixta de 12 camas,2,persona que viaja sola,decepcionante,,no es limpio . hay hormigas suciedad,4.0,2025-08-30,muy bien
the river hostel,españa,litera en una habitación compartida femenina,1,persona que viaja sola,excepcional,"todo limpio, cama duchas banos. bueno desayuno. gente ayuda en recepción, feliz",huéspedes más problemas no limpiar cocina o mesas. deca mal,10.0,2025-08-29,muy bien
the river hostel,españa,litera en una habitación compartida femenina,6,persona que viaja sola,"estancia cómoda y práctica, ideal para conocer valencia","estaba cerca de centro histórico. el colchón era cómodo. tanto las habitaciones como el servicio estaban limpios. en general, del hostel no tengo queja.","en algunas ocasiones se escuchaban ronquidos, aunque es algo normal en un hostel. en el desayuno buffet me faltó variedad: tortilla, salchichas, beicon y lonchas de jamón. para ir caminando al oceanogràfic y al bioparc la distancia se hace algo larga. sin embargo, el hostel quedaba en una ubicación intermedia, ya que el bioparc estaba hacia la derecha y el oceanogràfic hacia la izquierda al salir del hostel.. para llegar a la playa es necesario coger el bus.",10.0,2025-08-29,muy bien
the river hostel,españa,cama en habitación compartida mixta de 4 camas,1,pareja,mal servicio pero buenas instalaciones,las instalaciones y la comodidad de la habitación,el personal del hotel y el servicio son horribles,5.0,2025-08-27,muy bien
the river hostel,españa,litera en habitación compartida mixta de 12 camas,1,persona que viaja sola,excepcional,maravillosa experiencia todo muy bien y limpio gracias confortable estadia,,10.0,2025-08-22,muy bien
the river hostel,españa,cama en habitación compartida mixta de 4 camas,2,persona que viaja sola,excepcional,me gusto mucho 2 años después en el mismo hostel distinto habitación,iba comprar algo para beber en una maquina emprendedora pero no funcionaba,10.0,2025-08-21,muy bien
the river hostel,españa,litera en habitación compartida mixta de 12 camas,1,persona que viaja sola,excepcional,"precio, ubicación para lo que necesitaba",,10.0,2025-08-18,muy bien
the river hostel,españa,litera en dormitorio compartido mixto con 10 camas,7,persona que viaja sola,en el futuro buscaré otras opciones,el personal muy amable,"baños sucios, cocina sucia, otros pasajeros muy sucios y ruidosos",5.0,2025-08-15,muy bien
the river hostel,españa,litera en una habitación compartida femenina,2,persona que viaja sola,perfecta relación calidad precio,la limpieza impecable. perfecta relación calidad precio. baños grandes y cómodos. la cama es súper cómoda.,el personal de la recepción podría ser más amable.,10.0,2025-08-12,muy bien
the river hostel,españa,litera en habitación compartida mixta de 12 camas,4,pareja,regular,buena ubicación. desayuno bueno.,"estamos en españa y se hablaba inglés. en varias ocasiones tuve que usar traductor para comunicarme con recepción. me parece increíble. mucho ruido incluso a horas prohibidas en las habitaciones. la gente no respeta, haciendo y deshaciendo maletas en la madrugada. nadie controlaba eso.",6.0,2025-08-05,muy bien
the river hostel,españa,litera en habitación compartida mixta de 12 camas,1,persona que viaja sola,excepcional,hospitalidad y todo limpio,,10.0,2025-08-04,muy bien
the river hostel,españa,cama en habitación compartida mixta de 4 camas,2,persona que viaja sola,excepcional,todo,"hay que hacer mantenimiento: puertas, colgadores baños, cocina..pero bien",10.0,2025-08-04,muy bien
the river hostel,españa,litera en habitación compartida mixta de 12 camas,1,persona que viaja sola,excepcional,la amabilidad del personal,,10.0,2025-08-02,muy bien
the river hostel,españa,litera en una habitación compartida femenina,1,persona que viaja sola,excepcional,"instalación, trato, servicio",,10.0,2025-07-31,muy bien
the river hostel,españa,litera en habitación compartida mixta de 12 camas,1,persona que viaja sola,excepcional,todo me gustó es un lugar cómodo y bueno en las áreas de cocina y salón de descanso,el material de las camas por qué es de metal y para pisarlo y subir a la planta de arriba duele el pie al subir,10.0,2025-07-22,muy bien
the river hostel,españa,litera en dormitorio compartido mixto con 10 camas,2,persona que viaja sola,comodidad,el hostel me encanto. tanto los baños como las habitaciones son cómodos y están limpios. brindan actividades durante la estadía que para sumarse están buenas. también a veces hay cenas compartidas entre todos. el ambiente en común tiene mucha onda y para pasar el rato es muy agradable.,,10.0,2025-07-08,muy bien
the river hostel,españa,cama en habitación compartida mixta de 4 camas,2,persona que viaja sola,excepcional,"todo muy limpio, camas cómodas y taquillas en la habitación. personal muy simpático.",,10.0,2025-07-04,muy bien
the river hostel,españa,litera en habitación compartida mixta de 12 camas,1,persona que viaja sola,agradable,"los muy buenos baños, la cama y el desayuno",se escuchaba mucho el ruido de la calle y mis compañeros de habitación estaban a los gritos y no existía ningun control sobre eso,6.0,2025-06-28,muy bien
the river hostel,españa,litera en dormitorio compartido mixto con 10 camas,2,persona que viaja sola,los hostel no son para mí,lo único que me gustó fueron las zonas comunes para teletrabajar.,"las escaleras de la litera me hacían doler los pies y prácticamente tenía que saltar desde arriba para bajarme. el aire acondicionado estaba puesto a tope y me moría de frio y solo encontré una sabana delgada para taparme y cuando fui a recepción dijeron que apagarían el aire porque no tenían nada más grueso para abrigar. la cama olía un poco a sudor, pero se notaba que estaba impecable la ropa de cama. había un concierto en el parque del frente y se escuchaba todo dentro de la habitación y me costó dormir.",5.0,2025-06-25,muy bien
the river hostel,españa,litera en habitación compartida mixta de 12 camas,2,persona que viaja sola,excepcional,la ubicación y el desayuno,todo muy bien,10.0,2025-06-23,muy bien
the river hostel,españa,litera en habitación compartida mixta de 12 camas,1,grupo,agradable,esta bien situado.,en la habitación el aire acondicionado estaba super fuerte y he pasado frio,6.0,2025-06-21,muy bien
the river hostel,españa,litera en dormitorio compartido mixto con 10 camas,1,persona que viaja sola,alba,"alba, un pasaje de seguridad en un viaje de incertidumbre, resuelve más que los diputados de la unión europea, que barbaridad de trabajadora!!!! hace de una estancia, un pasaje cómodo","aire acondicionado puesto, pero hay que apretarlo un poco",10.0,2025-06-13,muy bien
the river hostel,españa,litera en habitación compartida mixta de 12 camas,2,persona que viaja sola,excepcional,"me gustó mucho el desayuno para lo que cuesta, la única sugerencia que podría es que deberían de variar las frutas a diario","si se podría decir que no me gustó mucho fue que vi mucho personal del hostal que hablan inglés y nada de castellano, no digo que este mal porque los chicos eran muy majos pero si están en españa deberían de hacer el esfuerzo de aprender un poco el idioma por lo menos para entender a los huéspedes de habla hispana, lo digo con propia voz ya que trabajo en la hostelería y no soy bilingüe y todos los días aprendo cositas nuevas para entender las necesidades de los huéspedes de habla inglés.  está crítica es constructiva no es de mala manera ya que me gustan los sitios como este hostal que tenga mucha diversidad cultural y he dejado mi mejor valoración porque me gustó mucho  también me disculpo ante mano si los chicos llevan poco tiempo en el país.",10.0,2025-06-10,muy bien
the river hostel,españa,litera en habitación compartida mixta de 12 camas,1,persona que viaja sola,excepcional,"el ambiente era muy bueno. las instalaciones estaban muy limpias. muy buena ubicación, cerca de transporte público y no muy lejos andando del centro.",todo estaba genial.,10.0,2025-06-09,muy bien
the river hostel,españa,litera en una habitación compartida femenina,1,persona que viaja sola,excepcional,me facilitaron y ayudaron con un problema. al tener 24 horas recepción el lugar es silencioso y sin jaleos nocturno. el desayuno bufet merece la pena. limpio y céntrico.,,10.0,2025-06-06,muy bien
the river hostel,españa,cama en habitación compartida mixta de 6 camas,1,persona que viaja sola,buena calidad relación calidad precio,atención del personal. muy limpio todo.,,10.0,2025-06-03,muy bien
the river hostel,españa,litera en habitación compartida mixta de 12 camas,1,persona que viaja sola,excepcional,"muy limpio, cómodo y el personal muy amable. aunque tengas que hacer el check out a las 11 dejan tener las maletas gratis allí todo el día lo que es un gran punto positivo.",como las ventanas están abiertas se oía mucho el ruido de la calle y costaba un poco dormir. por otra parte es entendible que las dejaran así porque hacía calor y es una habitación con mucha gente.,10.0,2025-05-29,muy bien
the river hostel,españa,litera en habitación compartida mixta de 12 camas,1,persona que viaja sola,excepcional,el personal es muy amable y las instalaciones son estupendas...,,10.0,2025-05-27,muy bien
the river hostel,españa,cama en habitación compartida mixta de 6 camas,1,persona que viaja sola,excepcional,excellent,,10.0,2025-05-27,muy bien
the river hostel,españa,litera en habitación compartida mixta de 12 camas,1,persona que viaja sola,,,,6.0,2025-05-22,muy bien
the river hostel,españa,litera en habitación compartida mixta de 12 camas,2,persona que viaja sola,agradable,la habitación super pequeña para 10 camas.incomoda,"la habitación nada , las camas muy viejas",6.0,2025-05-18,muy bien
the river hostel,españa,litera en habitación compartida mixta de 12 camas,1,persona que viaja sola,pésimo,"la atencion de las chicas y chicos de recepcion, muy simpaticos, se agradece. en cambio un 0 para ana la manager, despues de 12 dias pague 1 dia mas por 50 euros y descuento de genius. y a la hora me llaman del hospital para operarme, y nego hacerme el rermbolso... con booking siempre bien, han echo todo lo posible para reembolsarme pero tamcopo lograron contactar. fatal con la direccion y  ana la manager  si no hablan ingles no os lo recomiendo todo esta en ingles y el 9 de cada diez solo hablan ingles. estos dias a estado al 50   de ingleses y 50  de marroquies, imposible dormir por las noches, las habitacion son de 12 personas y con suerte de 10. saludos corazón verde",ana la manager. y la direecion. es un hostal en españa solo para extranjeros.,1.0,2025-05-14,muy bien
the river hostel,españa,cama en habitación compartida mixta de 8 camas,2,persona que viaja sola,revlamacion ana manager.,el personal de recepcion chicos y chicas y el personal de mantenimio un 10.,"la managee  ana  se niega a reembolsable la reverva echa ayer de un dia mas 44,36 euros. sabiendo que tengo ingreso en el hospital clinico por operacion. con booquin ningun problema, ofrecen devolucion como otras veces por ser justicacion hospital. sin embargo ka señora ana  los apellidos no me los dan, se niega al reembolso. presento hoja de reclamaciones en consumo de cosejeria valencia. ana manager un  0 ",10.0,2025-05-13,muy bien
the river hostel,españa,litera en habitación compartida mixta de 12 camas,2,persona que viaja sola,excelente,"mucho ambiente, personal muy amable y en general es un hostal de gente joven. había secadores y plancha del pelo en los baños, desayuno muy variado, el colchón era muy cómodo",quizás las ventanas no aíslan mucho el ruido de afuera,10.0,2025-05-10,muy bien
the river hostel,españa,litera en habitación compartida mixta de 12 camas,1,persona que viaja sola,excepcional,todo,,10.0,2025-05-09,muy bien
the river hostel,españa,litera en habitación compartida mixta de 12 camas,2,persona que viaja sola,excepcional,la atencion la limpieza las recepcionistas son super majas me dan cafe gratis ; ,,10.0,2025-05-09,muy bien
the river hostel,españa,litera en una habitación compartida femenina,4,persona que viaja sola,excepcional,"todo nuevo , muy silencioso,buen desayuno.","me tocó litera superior,incomoda de subir tendría que ser más ancha la escalera y tener donde sujetarse mejor.",10.0,2025-05-05,muy bien
the river hostel,españa,litera en dormitorio compartido mixto con 10 camas,1,persona que viaja sola,hospedaje con las tres b,"me gustó desde la entrada , la atención en recepción el sistema de seguridad para acceder a la habitación, los baños que es tan importante muy limpio olía muy rico y son cómodos",,10.0,2025-04-23,muy bien
the river hostel,españa,litera en dormitorio compartido mixto con 10 camas,7,persona que viaja sola,excepcional,el ambiente del hostel es excepcional. para conocer gente y hacer amigos es el lugar idóneo. hice muchos amigos y lo pasé muy bien!,,10.0,2025-04-19,muy bien
the river hostel,españa,litera en habitación compartida mixta de 12 camas,2,persona que viaja sola,excepcional,saludos noes la primera vez que alojó en hotel siempre vengo ay mejoras que son de agradecer por ejemplo las puertas de las abitaciones tienen código de acceso y lo mejor que cortinas en camarote respectando tu intimidad para mí fue un lujo para dormir . sin ceramente estos días hubo respecto consideración con los ruidos .lajente casi no hacía ruidos o molestias alguna es de agradecer por el descanso del sueño. agradezco el cariño y respecto del personal muy amables y atentos les doy un 10 me llevo un buen recuerdo  volveré!,no tengo ninguna incidencia en este apartado,10.0,2025-04-15,muy bien
the river hostel,españa,litera en habitación compartida mixta de 12 camas,1,persona que viaja sola,es caro.,"viajé sola y compartí una habitación mixta de 6 personas. lo que más me ha gustado ha sido: la comodidad del colchón de las literas, de la almohada y de las sábanas  así como que en cada cama haya una cortinita para tener mayor intimidad. también me ha gustado que para acceder a la habitación necesites una código, la limpieza de los baños era excelente y te dejan guardar tu equipaje una vez has hecho el check-out. por otra parte, lo que no me ha gustado, es que te cobren 5  extra  no reembolsable  por darte un candado para guardar tus cosas en un cajón, que el cajón que te asignen tenga la cerradura rota  y aún siendo conscientes, te lo asignen y no lo arreglen  por tanto, se queda abierto. tampoco me ha gustado que todo el personal no sabe hablar español y si eres de aquí no puedas comunicarte con ellos as. el precio de la cama  sólo una noche de viernes, habitación de 6 personas mixta, con baño exterior a la habitación  30    5  por un candado para guardar tus cosas. me parece un precio bastante excesivo.",,6.0,2025-04-13,muy bien
the river hostel,españa,litera en habitación compartida mixta de 12 camas,1,persona que viaja sola,excepcional,"una experiencia excelente, el personal amable, atento y resolutivo. el desayuno es muy bueno, de buffet, abundante y variado. si. duda repetiré en próximos viajes. después del check out, te guardan el equipaje de manera gratuita.",,10.0,2025-04-09,muy bien
the river hostel,españa,litera en dormitorio compartido mixto con 10 camas,1,persona que viaja sola,excepcional,excelente todo.,,10.0,2025-04-03,muy bien
the river hostel,españa,litera en una habitación compartida femenina,1,persona que viaja sola,sin palabras ...,no me gustó que llamé por teléfono y envié un correo electrónico para preguntar unas dudas y nadie me contestó ni a la llamada ni al correo electrónico,,5.0,2025-03-30,muy bien
the river hostel,españa,cama en habitación compartida mixta de 4 camas,1,persona que viaja sola,genial,"no sé si es porque han cambiado de dueños o que pero es la vez que mejor he visto este hostal. trabajadores amables, todo súper limpio, la wifi rápida.",,10.0,2025-03-26,muy bien
the river hostel,españa,litera en dormitorio compartido mixto con 10 camas,3,persona que viaja sola,excepcional,"todo está muy bien, la ubicación, la litera, la limpieza, el personal. para los que vamos con coche, se aparca muy bien en la avenida de la alameda, justo cruzando el puente.",,10.0,2025-03-25,muy bien
the river hostel,españa,litera en dormitorio compartido mixto con 10 camas,2,persona que viaja sola,"amabilidad, buen precio y cerca a todo","de llegada la ubicación cerca a locales de interes   farmacias, teatros, restaurantes, supermercados y muchos garitos para disfrutar de tu estancia en valencia  el ckeck in es una maravilla y el trato amable del personal es de resaltar, todos super majos, incluyendo al que se encuentra en las noches eso del guarda equipajes antes del check   in o posterior al check out un puntazo. las instalaciones en general son super diáfanas limpias y organizadas. cuenta con una zona bastante amplia y una cocina con todo lo que necesites igualmente super espaciosa y con todos los utensilios de cocina que puedas necesitar las habitaciones super cómodas y con cortinas en cada cama que te da un poco de privacidad, muy luminosas y con vistas a la calle.","no es culpa del hostal, es de los usuarios que no sabe ser limpios y dejan los baños, la cocina y la zona de comidas totalmente asquerosos aunque los limpian con regularidad... se que eso se sale de las posibilidades del hostal y mira que hay carteles por todos lados recordándole",10.0,2025-03-20,muy bien
the river hostel,españa,litera en una habitación compartida femenina,3,persona que viaja sola,"buen lugar , cómodo, limpio y seguro","buen ambiente, gente de edades variadas  todo limpio y correcto",,10.0,2025-03-18,muy bien
the river hostel,españa,litera en dormitorio compartido mixto con 10 camas,2,persona que viaja sola,genial,ubicación y instalación,,10.0,2025-03-12,muy bien
the river hostel,españa,litera en habitación compartida mixta de 12 camas,3,persona que viaja sola,genial,instalaciones y ubicación,,10.0,2025-03-12,muy bien
the river hostel,españa,cama en habitación compartida mixta de 4 camas,3,persona que viaja sola,buena ubicación y camas de madera cómodas,"la ubicación es muy buena, está bastante limpio y buena conexión con centro tren bus.",la comunicación con los clientes.,5.0,2025-03-11,muy bien
the river hostel,españa,cama en habitación compartida mixta de 6 camas,2,persona que viaja sola,"calidad precio y ubicación buenas. gestión sin ganas de trabajar, recepción son majos.",la ubicación y las camas son muy cómodas,"la gestión. al llegar me dijeron que no tenía reserva, ya me ha pasado en otras ocasiones en el mismo hostel.",5.0,2025-03-11,muy bien
the river hostel,españa,litera en dormitorio compartido mixto con 10 camas,1,persona que viaja sola,decepcionante,la limpieza,el ruido y el mal olor de los demás cara sonriendo con ojos grandes,4.0,2025-03-11,muy bien
the river hostel,españa,litera en una habitación compartida femenina,2,persona que viaja sola,cómodo y limpio,.me robaron la comida y me invitaron a desayunar !la recepcionista fue muy simpática,"en los cuartos no había cuarto de baño , estaban lejos",10.0,2025-03-11,muy bien
the river hostel,españa,litera en dormitorio compartido mixto con 10 camas,1,familia,excepcional,todo excelente,un poco de bulla por la madrugada.,10.0,2025-03-10,muy bien
the river hostel,españa,litera en habitación compartida mixta de 12 camas,2,persona que viaja sola,"incómodo, inhóspito y trato desagradable",,"la limpieza podría ser mejor. las camas eran incómodas y las almohadas eran duras como piedras. las instalaciones viejas y deterioradas. todo estaba lleno de guiris y nadie del personal del alojamiento  repito nadie  hablaba español pese a estar en valencia. el trato por parte del personal era desagradable y dejaba mucho que desear. en definitiva, un lugar incómodo del que solo puedes desear querer salir.",4.0,2025-03-10,muy bien
the river hostel,españa,litera en habitación compartida mixta de 12 camas,1,persona que viaja sola,agradable,la literas muy comodas,está algo viejo pero bien,6.0,2025-03-09,muy bien
the river hostel,españa,litera en habitación compartida mixta de 12 camas,1,persona que viaja sola,"si queréis un campamento de colegio ir sino evitar este sitio a toda costa, y cortinas no tapan cama",la ubicación y lo único,"el personal súper desagradable con mi chico pese a haber zonas comunes no lo dejaron pasar y lo abordaron con una porra por no saberse mi número de habitación cosa obvia.. no sabía que eso era como una cárcel y que una no puede llevar a una zona común de sofases a su chico si acaba f aterrizar son las 2 d la mañana y a las 7 coge otro vuelo que obviamente perdí para poder estar con el y cuyo beneficio fue para el hostel ya que contrate un día más, día por cierto en el que deje una batería extraíble esencial para mi viaje y al pasar limpieza desapareció junto mi cargador de 40aw y a lo que ni responden por whatssap o dicen 2 días después ke acban d mirar en la habitación y que ahí no está.. hola??? tuve que vagabundear por el río toda la madrugada con mi chico para pagar los un día más y que me desaparicieran cosas... totalmente nefasto parece un campamento de verano sin monitor u uno con porra que ahuyenta a tus seres queridos en el que todo el rato tienes presente estar eso en un albergue del colegio en fin no tireis el dinero chicos hay hostel muchos mejores con mucha más humanidad y dignidad. ojalá hubiera leído yo esto de alguien",1.0,2025-03-08,muy bien
the river hostel,españa,litera en una habitación compartida femenina,2,persona que viaja sola,excepcional,todo bien,,10.0,2025-03-08,muy bien
the river hostel,españa,litera en dormitorio compartido mixto con 10 camas,1,persona que viaja sola,excepcional,todo me gustó!,no tengo quejas del lugar ni del personal,10.0,2025-03-07,muy bien
the river hostel,españa,litera en habitación compartida mixta de 12 camas,2,familia,excepcional,excelente atención del personal!,,10.0,2025-03-07,muy bien
the river hostel,españa,litera en dormitorio compartido mixto con 10 camas,1,persona que viaja sola,decepcionante,intento entrar un amigo a verme y sallio el de recepción con una porra,me deje un cargador y una batería externa y allí decían ke no había nada,4.0,2025-03-05,muy bien
the river hostel,españa,litera en habitación compartida mixta de 12 camas,7,persona que viaja sola,agradable,"un buen lugar para una corta estancia en el centro de la ciudad, calidad precio",,6.0,2025-03-04,muy bien
the river hostel,españa,litera en dormitorio compartido mixto con 10 camas,1,pareja,decepcionada.,me a parecido una falta de educación y respeto que nos echen antes del check out. no volvería a reservar aquí.,,3.0,2025-03-03,muy bien
the river hostel,españa,litera en habitación compartida mixta de 12 camas,7,persona que viaja sola,pésimo,nada,mala atencion,1.0,2025-02-25,muy bien
the river hostel,españa,litera en dormitorio compartido mixto con 10 camas,1,persona que viaja sola,pésimo,mala atención,cancelar reserva,1.0,2025-02-25,muy bien
the river hostel,españa,litera en habitación compartida mixta de 12 camas,1,persona que viaja sola,agradable,"todo bien,correcto","todo bien,correcto",6.0,2025-02-19,muy bien
the river hostel,españa,cama en habitación compartida mixta de 8 camas,2,persona que viaja sola,un hostel con calidad internacional,"el personal, rafa, jesús, sol  no caben todos . instalaciones cuidadas, ambiente internacional, ubicación inmejorable  al lado del río y a 15 minutos de la plaza del pilar . limpio y bien cuidado... el mejor hostel de valencia.",que se hace tan popular que el precio se dispara los fines de semana y en época alta xddd,10.0,2025-02-19,muy bien
the river hostel,españa,litera en habitación compartida mixta de 12 camas,1,persona que viaja sola,súper bien excelente,excelente,es muy oscuro más luz sería mejor,10.0,2025-02-13,muy bien
the river hostel,españa,cama en habitación compartida mixta de 4 camas,3,persona que viaja sola,excepcional,la atención de las chicas excelente,,10.0,2025-02-12,muy bien
the river hostel,españa,cama en habitación compartida mixta de 4 camas,3,persona que viaja sola,excepcional,los espacios compartidos son agradables,,10.0,2025-02-01,muy bien
the river hostel,españa,cama en habitación compartida mixta de 4 camas,2,persona que viaja sola,pésimo,la ubicación,"que alojan a personas de la calle , les permiten tomar licor vaso de whisky y fumar dentro de las habitaciones, es fatal , los recepcionistas no tienen el control sobre ello",1.0,2025-01-30,muy bien
the river hostel,españa,litera en habitación compartida mixta de 12 camas,3,grupo,sin palabras,la cocina era grande y tiene muchos refrigeradores. y los zonas comunes eran espectaculares.,"en recepción no hablan español ni les interesa aprender para otorgar un mejor servicio. las puertas de las habitaciones se pueden bloquear para que no se cierren. había gente que por no saberse de memoria el codigo , hacia eso. y tiene residente permanente.",4.0,2025-01-28,muy bien
the river hostel,españa,litera en habitación compartida mixta de 12 camas,1,persona que viaja sola,excepcional,me gusta la cama persona en la cama,,10.0,2025-01-14,muy bien
the river hostel,españa,litera en habitación compartida mixta de 12 camas,1,persona que viaja sola,superó en creces mis expectativas.,la ubicación. la cama muy cómoda. y sobretodo las cortinas de las literal por la privacidad.,la almohada no era muy cómoda.,10.0,2025-01-14,muy bien
the river hostel,españa,litera en habitación compartida mixta de 12 camas,2,persona que viaja sola,excepcional,"me gusto todo y todo muy bien,si voy otra vez a valencia,yo voy a coger el mismo sitio para dormir, muchas gracias por todo",,10.0,2025-01-13,muy bien
the river hostel,españa,litera en habitación compartida mixta de 12 camas,1,persona que viaja sola,cómo en casa,"todo en general y en especial el personal tamara, sol, ana, marina, jordi, rafa... y todos , gracias por todo","nada, algún huésped rarito",10.0,2025-01-10,muy bien
the river hostel,españa,litera en habitación compartida mixta de 12 camas,5,persona que viaja sola,aceptable,cortinas para mayor privacidad y camas cómodas,mal olor y ruido,5.0,2025-01-09,muy bien
the river hostel,españa,litera en habitación compartida mixta de 12 camas,3,persona que viaja sola,muy mal,"no ponen la calefacción , en las habitaciones , hace frio, se solicita pero pasan , mucha chusma en las habitaciones , y las sábanas , tenian machas , de sagre como de mujer en su periodo mensual , en el edredón, tendrián que revisar antes.","el frio de las habitación, y que den largas para no ponerla., no hay buena gestión.",2.0,2025-01-07,muy bien
the river hostel,españa,cama en habitación compartida mixta de 8 camas,1,persona que viaja sola,todo perfecto,sencillo practico muy limpio y organizado. muy recomendable.,no puedo decir nada malo,10.0,2025-01-03,muy bien
the river hostel,españa,litera en habitación compartida mixta de 12 camas,4,persona que viaja sola,decepcionante,,el trato prepotente del recepcionista conmigo y con otros clientes,4.0,2025-01-01,muy bien
the river hostel,españa,litera en habitación compartida mixta de 12 camas,1,persona que viaja sola,cómo en casa,"todo y en especial el personal tamara, sol, ana, marina, jordi, rafa y todos, grandes profesionales. gracias",prácticamente nada,10.0,2024-12-28,muy bien
the river hostel,españa,litera en habitación compartida mixta de 12 camas,1,pareja,eooooo,todo,nads,10.0,2024-12-16,muy bien
the river hostel,españa,litera en habitación compartida mixta de 12 camas,1,familia,excepcional,todo genial y muy buena ubicación y personal muy amable.,,10.0,2024-12-15,muy bien
the river hostel,españa,litera en habitación compartida mixta de 12 camas,4,persona que viaja sola,agradable,ubicación,voluntarios q ensucian de barrro hasta la cocina: hay una lavanderia en la azotea. falta mantenimiento,6.0,2024-12-13,muy bien
the river hostel,españa,litera en habitación compartida mixta de 12 camas,2,persona que viaja sola,realness como en casa corazón rojo,"todo, especial su personal tamara, sol, paula, ana, rafa, jordi.... todos, muy atentos y estoy muy agradecido. muchas gracias corazón rojo corazón rojo corazón rojo",nada,10.0,2024-12-13,muy bien
the river hostel,españa,litera en dormitorio compartido mixto con 10 camas,2,persona que viaja sola,excepcional,"es cómodo y la ubicación perfecta.sienpre que voy a valencia me hospedó aquí , sin dudarlo.",,10.0,2024-12-09,muy bien
the river hostel,españa,litera en habitación compartida mixta de 12 camas,3,persona que viaja sola,pésimo,"me gusto , que está centrico.","no , me gustó , que la habitación , hacia mucho frio , y no te. ponen ,aire de calor , por no gastar, te toman el pelo, te dicen que la ponen , y luego no lo hacen , dicen que está rota,,mucho ruido , por la noche en los pasillos de la gente gritando de fiesta , y no les dicen nada, el.personal pasa,denlos hostel de valencia , que he estado , el peor, las camas , hacen mucho ruido, estan muy viejas,.",1.0,2024-12-08,muy bien
the river hostel,españa,litera en dormitorio compartido mixto con 10 camas,1,pareja,inmejorable.,la amabilidad del chico que recepción. un 10 para el en todo. la habitación perfecta y la piscina una pasada! la zona de billar todo un puntazo para pasar el rato. me encantó,,10.0,2024-12-07,muy bien
the river hostel,españa,litera en dormitorio compartido mixto con 10 camas,7,persona que viaja sola,aceptable,la limpieza,qué los colchones huelen a sudado y meao,5.0,2024-12-02,muy bien
the river hostel,españa,cama en habitación compartida mixta de 8 camas,2,pareja,agradable,"el personal fue muy amable, las zonas comunes bien. los baños limpios de manera regular","las instalaciones son viejas, la primera habitación en la que nos instalaron las camas eran de hierro, el edredón estaba sucio, las paredes desconchadas  pedimos que nos cambiasen de habitación y mejor, sobre todo porque nos pusieron en una habitación en la que todo eran corredores como nosotros",6.0,2024-12-02,muy bien
the river hostel,españa,litera en habitación compartida mixta de 12 camas,21,persona que viaja sola,patético,la ubicación,"me robaron todos los productos de higiene y a otra chica la ropa interior. por quejarme el manager me llamó racista e inclusive llamó a la policía otro día para amedrentarme al haberle puesto una hoja de reclamaciones. yo tengo discapacidad, por lo tanto ellos si han cometido un delito de odio, y no presunto, lo han cometido al acusarme de quejarme por haberme robado y saber que sujetos no españoles eran. no lo recomiendo para nada, nada serio",1.0,2024-12-01,muy bien
the river hostel,españa,litera en dormitorio compartido mixto con 10 camas,2,persona que viaja sola,estancia muy agradable,"todo, un personal increíble, tamars, sol,paula, claudia, jordi, rafa, nathan..... todos",prácticamente nada,10.0,2024-11-28,muy bien
the river hostel,españa,litera en dormitorio compartido mixto con 10 camas,2,persona que viaja sola,cómo en casa,"todo genial y el personal excelente te ayudan al máximo tamara, sol, paula, claudia , jordi, rafa....",nada,10.0,2024-11-28,muy bien
the river hostel,españa,litera en habitación compartida mixta de 12 camas,1,persona que viaja sola,como en casa,"todo son excepcion, y un personal de diez: tamara, sol, claudia, jordi, rafa, nathan.... y todos. muchas gracias","prácticamente nada, quizá la falta de limpieza de algunos hospedados",10.0,2024-11-23,muy bien
the river hostel,españa,litera en dormitorio compartido mixto con 10 camas,4,persona que viaja sola,excepcional,se siente como en casa un habiente familiar y tranquilo me gustó mucho,todo me gusto,10.0,2024-11-22,muy bien
the river hostel,españa,litera en habitación compartida mixta de 12 camas,6,persona que viaja sola,agradable,bien pero algo deteriorado.,la camas eran bastante dura y incomoda.,6.0,2024-11-21,muy bien
the river hostel,españa,litera en habitación compartida mixta de 12 camas,1,grupo,una noche dura,la ubicación en el centro,"la limpieza, la cama era incomoda y la gente hacia mucho ruido",5.0,2024-11-21,muy bien
the river hostel,españa,litera en una habitación compartida femenina,4,persona que viaja sola,mala experiencia compartiendo habitación,"la zona que tienen para cocinar, comer y descansar",que no dieran toallas de forma gratuita y el ruido que hacían las compañeras por las noches llegando a despertarme todos los días.,4.0,2024-11-20,muy bien
the river hostel,españa,litera en habitación compartida mixta de 12 camas,2,persona que viaja sola,100  recomendado.,"la ubicación, su buen ambiente y sus anfitriónes.",nada de que quejarme.,10.0,2024-11-19,muy bien
the river hostel,españa,litera en dormitorio compartido mixto con 10 camas,1,persona que viaja sola,excepcional,personal muy amable y atento. cama muy cómoda. desayuno muy bueno para un albergue.,,10.0,2024-11-19,muy bien
the river hostel,españa,litera en habitación compartida mixta de 12 camas,3,persona que viaja sola,cómo en casa,"realmente todo es genial, sobre todo el personal, tamara, sol, claudia, jordi, rafa, nathan... y perdón si me dejó nombres, pero todos de 10",casi nada,10.0,2024-11-18,muy bien
the river hostel,españa,litera en habitación compartida mixta de 12 camas,1,persona que viaja sola,excepcional,en la recepcion me recibio paula ...siempre con una sonrisa y muy amable .. execelente trabajadora !!,,10.0,2024-11-17,muy bien
the river hostel,españa,litera en dormitorio compartido mixto con 10 camas,1,persona que viaja sola,"tranquilo, limpio y familiar","todo excelente y su personal insuperable, tamara, sol, claudia, jordi, rafa, nathan... todos son geniales, muchas gracias","nada, todo bien",10.0,2024-11-15,muy bien
the river hostel,españa,litera en habitación compartida mixta de 12 camas,1,persona que viaja sola,excepcional,"es genial y gracias a su personal, tamara, sol, claudia, jordi, rafa y todos, no recuerdo nombres propios",nada,10.0,2024-11-14,muy bien
the river hostel,españa,litera en habitación compartida mixta de 12 camas,2,persona que viaja sola,muy cómodo y tranquilo,"genial con un personal increíble, tamara, sol, claudia, jordi, rafa.... todos en general extraordinarios. gracias",nada,10.0,2024-11-13,muy bien
the river hostel,españa,cama en habitación compartida mixta de 6 camas,2,persona que viaja sola,excepcional,el excelente trato con los voluntarios... muchas gracias por todo cara sonriente seguro que volvere ...,,10.0,2024-11-11,muy bien
the river hostel,españa,litera en habitación compartida mixta de 12 camas,3,persona que viaja sola,estás como en casa,"todo, excelente personal, tamara, jordi, claudia, rafa.... y todos un diez",nada,10.0,2024-11-11,muy bien
the river hostel,españa,litera en habitación compartida mixta de 12 camas,2,persona que viaja sola,"genial, comodidad y personal excelente",mucho,nada,10.0,2024-11-08,muy bien
the river hostel,españa,litera en una habitación compartida femenina,1,persona que viaja sola,"son cómodos y no muy caros, y centroco",el trato de el personal,nada,10.0,2024-11-07,muy bien
the river hostel,españa,litera en dormitorio compartido mixto con 10 camas,2,persona que viaja sola,excelente personal e instalacioned,todo,nada,10.0,2024-11-04,muy bien
the river hostel,españa,cama en habitación compartida mixta de 8 camas,3,persona que viaja sola,"comodidad, tranquiludad y excelente personal",todo,nada,10.0,2024-11-02,muy bien
the river hostel,españa,litera en habitación compartida mixta de 12 camas,1,persona que viaja sola,recomendable,el personal fie muy amable y cimplio con mis espectativas,,10.0,2024-10-31,muy bien
the river hostel,españa,litera en habitación compartida mixta de 12 camas,3,persona que viaja sola,hostel muy recomendable,"todo. desde la cama, que es cómoda y tiene una cortina y una lampara y enchufe, hasta los sitios comunes y los baños. todo limpio y bastante nuevo.","que casi todo el personal de recepción sean extranjeros. entiendo que hay mucho turismo, pero debería haber al menos uno que hable bien el español, que estamos en españa.",10.0,2024-10-30,muy bien
the river hostel,españa,litera en dormitorio compartido mixto con 10 camas,2,persona que viaja sola,genial y comoda,todo,nada,10.0,2024-10-30,muy bien
the river hostel,españa,litera en dormitorio compartido mixto con 10 camas,4,persona que viaja sola,genial y tranquila,todo,nada,10.0,2024-10-28,muy bien
the river hostel,españa,litera en una habitación compartida femenina,5,persona que viaja sola,extremadamente ruidoso.,las duchas y baños comunes estaban limpios.,el ruido del tráfico es insoportable.no cesa durante toda la noche. en el interior de la habitación los ventiladores hacen un ruido de escándalo. imposible dormir.,4.0,2024-10-25,muy bien
the river hostel,españa,litera en habitación compartida mixta de 12 camas,1,persona que viaja sola,mucho frío,"clean, bed is comfortable, staff is friendly","cuando hice el check in la chica no me dijo que tenía las sabanas dentro del compartimento. por lo que llegué de noche, y pensé q se habrían olvidado sábanas. en ese momento no hacía frío así que no bajé a recepción. 2h después empezó el frío y pasé una noche horrible... estaría bien q informaran cuando se hace el check in de donde estan las sabanas!!!",2.0,2024-10-16,muy bien
the river hostel,españa,litera en habitación compartida mixta de 12 camas,1,persona que viaja sola,excelente,ventilador y cortinas para privacidad. instalaciones bonitas,,10.0,2024-10-16,muy bien
the river hostel,españa,litera en dormitorio compartido mixto con 10 camas,1,persona que viaja sola,excepcional,"un gran hostel, volveré! instalaciones limpias, cuidadas y muy bien pensadas para la comodidad y la intimidad pese a estar en una habitación compartida. magnífica localización, buen ambiente. buenas vistas. personal muy amable. muy buena relación calidad-precio",no hay nada que no me gustase,10.0,2024-10-15,muy bien
the river hostel,españa,litera en habitación compartida mixta de 12 camas,1,persona que viaja sola,tranquilo y muy buena ubicación,excelente servicio y personal muy amable,el acceso a las literas superiores!!,10.0,2024-10-04,muy bien
the river hostel,españa,litera en una habitación compartida femenina,2,persona que viaja sola,excepcional,la ubicacion es excelente y las instalaciones estaban en perfecto estado,"mi cama se encontraba en en altura, y le faltaba la cortina en uno de sus lados",10.0,2024-09-18,muy bien
the river hostel,españa,litera en una habitación compartida femenina,4,persona que viaja sola,aceptable,la cámara era cómoda aunque demasiado alta. había ventiladores en la habitación pero estaban mirando pa cuenca. también había aire acondicionado pero para encenderlo debias avisar al personal y que lo encendiera el porque no había mando. el baño estaba limpio pero quedaba demasiado lejos de la habitación. había luz en los pasillos pero era demasiado fuerte y no se apagaba en toda la noche. el horario de la cafetería era reducido y debías pagar casi 5  por la bolleria-buffet aunque el agua y el café si entraba dentro de la reserva. no faltaba personal pero muchas veces no sabías si eran trabajadores o amigos de los trabajadores con lo cual no sabías bien a quien dirigirte. se preparaban actividades de recreo en su gran mayoría destinados íntegramente a extranjeros. estaba en el centro pero muy lejos de la playa.,en general no me gustó casi nada de este hostel. no volveré.,5.0,2024-09-08,muy bien
the river hostel,españa,litera en una habitación compartida femenina,1,persona que viaja sola,"volveré, todo perfecto.","la ubicación es perfecta. los chicos de recepción muy majos y serviciales. la cama cómoda, con luz y cargador y un pequeño estante, con una cortina, camas asignadas al llegar, taquillas personalizadas, pero hay que traer consigo un candado, sino lo puedes comprar en recepción por 5 , a mi los chicos de recepción me hicieron un favor y me lo dieron gratis con la promesa que lo devolvería, lo que hice. un candado pequeño de maleta te vale. toallas se pagan 2 , pero yo me traje una conmigo. los aseos y duchas están apartados de las habitaciones por tanto aunque llegues tarde no molestas a nadie.",,10.0,2024-09-01,muy bien
the river hostel,españa,litera en habitación compartida mixta de 12 camas,1,persona que viaja sola,excelente estancia.,"me encanto la buena atención del personal, super agradable, buena música, muy cómodo para descansar con disponibilidad de locker cerca de tu cama. muy bueno lo recomiendo.",el baño un poco sucio pero en general todo muy bien.,10.0,2024-08-31,muy bien
the river hostel,españa,litera en dormitorio compartido mixto con 10 camas,2,grupo,"es aceptable, pero por ese precio he estado en hostales mejores, le hace falta una mejora.",está cerca del casco viejo.,hacía un calor insoportable y las escaleras de las literas eran muy incómodas.,5.0,2024-08-26,muy bien
the river hostel,españa,cama en habitación compartida mixta de 8 camas,1,persona que viaja sola,excepcional,muy limpio todo y sus instalaciones paula me ayudó cuando me corte con un plato tanto manuel me ayudó todo y tamara muy amable recomendado  ,,10.0,2024-08-25,muy bien
the river hostel,españa,cama en habitación compartida mixta de 8 camas,1,persona que viaja sola,excepcional,los de la recepción son muy majos y en total estoy encantado de elegir este sitio para alojarme,,10.0,2024-08-14,muy bien
the river hostel,españa,litera en habitación compartida mixta de 12 camas,1,persona que viaja sola,aceptable,amabilidad del personal,muy frío dentro y sin mantas. duchas baño descuidado,5.0,2024-08-13,muy bien
the river hostel,españa,litera en dormitorio compartido mixto con 10 camas,1,persona que viaja sola,muy recomendable,"las instalaciones están súper bien y muy limpias, el personal genial, ubicación muy buena y tranquilo, lo recomiendo mucho, sin duda volveré a repetir pulgar hacia arriba tono de piel claro medio",me gusto todo,10.0,2024-08-13,muy bien
the river hostel,españa,litera en habitación compartida mixta de 12 camas,2,persona que viaja sola,no es lo peor pero no es bueno,las habitaciones son feas pero están limpias. el desayuno es poco en variedad y no muy aseado pero es barato. el personal es amable pero la mayoría parece no saber que hacen.,"los baños son decentes pero las duchas huelen asqueroso, es como entrar a un orinal de hombre en un bar de madrugada. la cocina es territorio de guerra, súper sucia todo el tiempo, es un desastre.",5.0,2024-08-12,muy bien
the river hostel,españa,litera en habitación compartida mixta de 12 camas,1,persona que viaja sola,agradable,"está muy bien ubicado, muy cerca del centro histórico. el personal es muy atento y con muy buena limpieza en el baño.",las camas eran demasiadas blandas y se hundían al menos la que yo estaba.,6.0,2024-08-08,muy bien
the river hostel,españa,litera en dormitorio compartido mixto con 10 camas,1,persona que viaja sola,excepcional,ubicación y comodidad,,10.0,2024-07-28,muy bien
the river hostel,españa,cama en habitación compartida mixta de 4 camas,2,persona que viaja sola,excepcional,"todo me gusta, está en mi lista de los 5 mejores hostels donde me he alojado ...",,10.0,2024-07-25,muy bien
the river hostel,españa,litera en dormitorio compartido mixto con 10 camas,1,familia,excepcional,"la atención del personal y las instalaciones excepcionales su terraza a destacar he ido con mi hija y lo hemos pasado genial , volveríamos",todo estuvo bien,10.0,2024-07-22,muy bien
the river hostel,españa,litera en habitación compartida mixta de 12 camas,1,persona que viaja sola,excepcional,"gracias a todo el equipo por hacerme las cosas más fácil todo este tiempo....lidia,tamara,jordi,sara,rafa...y a los becarios que también se lo han currado.... mil gracias...y nos seguiremos viendo...un abrazo.",,10.0,2024-07-11,muy bien
the river hostel,españa,litera en una habitación compartida femenina,1,persona que viaja sola,aceptable,,mucho ruido. no dormí nada,5.0,2024-07-09,muy bien
the river hostel,españa,litera en dormitorio compartido mixto con 10 camas,1,persona que viaja sola,un lugar que quiero volver !,viaje por todo españa en coche y sin duda alguna este fue el hospedaje que más me gustó y que claramente repetire,más comida y un servicio de cafetería 24hrs cuando me fui no había café pero de resto todo espectacular,10.0,2024-07-09,muy bien
the river hostel,españa,litera en dormitorio compartido mixto con 10 camas,2,grupo,muy bien,"la ubicación las camas, las duchas muy bien tiene abajo una cocina, varios frigoríficos para poder dejar la comida",,10.0,2024-07-02,muy bien
the river hostel,españa,cama en habitación compartida mixta de 8 camas,4,persona que viaja sola,"lo recomiendo comi ulitma opción para salir de paso si no vez nada mas para coger ,pero no me gusto",centro de la ciudad único bueno,"la instalación un poco obsoleta las camas indimoda no tienen aire acondicionado la cocina no está bien bien limpia y las neveras mal , parte la gente no respeta el sueño de los demás llegan borrachos",6.0,2024-07-01,muy bien
the river hostel,españa,litera en dormitorio compartido mixto con 10 camas,2,grupo,para una o dos noches. cómoda ubicacion pero no está muy bien conservado. le falta limpieza y decoración.,la ubicación y el precio,esta descuidado. no muy limpio. el baño olía mal.,5.0,2024-06-18,muy bien
the river hostel,españa,litera en habitación compartida mixta de 12 camas,1,persona que viaja sola,sin agua caliente en las duchas,el precio,sin agua caliente en las duchas de todas las plantas,2.0,2024-06-11,muy bien
the river hostel,españa,litera en una habitación compartida femenina,1,persona que viaja sola,todo genial,las instalaciones y el ambiente. las recepcionistas muy amables. y la ubicación excelente !! lo recomiendo,,10.0,2024-06-10,muy bien
the river hostel,españa,litera en habitación compartida mixta de 12 camas,2,persona que viaja sola,excepcional,el trato desde el primer momento que entre amabilidad siempre y con una sonrisa,,10.0,2024-05-28,muy bien
the river hostel,españa,litera en habitación compartida mixta de 12 camas,2,persona que viaja sola,aceptable,el personal,las literas,5.0,2024-05-26,muy bien
the river hostel,españa,litera en habitación compartida mixta de 12 camas,1,persona que viaja sola,pésimo,,no o poder meter la bici en el hotel y no darme una solución correcta.,1.0,2024-05-25,muy bien
the river hostel,españa,litera en dormitorio compartido mixto con 10 camas,2,familia,aceptable,ubicación,los baños no estaban muy limpios,5.0,2024-05-21,muy bien
the river hostel,españa,litera en dormitorio compartido mixto con 10 camas,2,pareja,excelente,"el desayuno estaba genial, tenian variedad de cosas y las reponían todo el tiempo. el hostel en si muy limpio, grande y lindo. las duchas estaban geniales.",,10.0,2024-05-16,muy bien
the river hostel,españa,litera en habitación compartida mixta de 12 camas,1,persona que viaja sola,terror,en el centro. me prestaron el candado.,"salid corriendo. hay chinches en este albergue. y no pocas. el albergue en sí me pareció limpio y todo correcto, pero en cuanto me metí en la cama todo el cuerpo empezó a picarme. que horror de noche. al principio pensé que eran imaginaciones mías pero no podía parar de rascarme. el albergue tiene reseñas recientes que hablan de el problema de las chinches. un horror. definitivamente tienen que fumigar. por añadir, la escalera a la litera la veo un poco peligrosa.",1.0,2024-05-13,muy bien
the river hostel,españa,litera en dormitorio compartido mixto con 10 camas,1,persona que viaja sola,excepcional,lo de recepción es de monumento....,,10.0,2024-05-12,muy bien
the river hostel,españa,cama en habitación compartida mixta de 6 camas,2,persona que viaja sola,todo me gusta en este gran hostel,todo me gusta en este gran hostel! es una casa con mucha solera en la mejor zona de valencia...,,10.0,2024-05-09,muy bien
the river hostel,españa,litera en habitación compartida mixta de 12 camas,1,persona que viaja sola,excepcional,atención amplitud,me gustó todo,10.0,2024-04-25,muy bien
the river hostel,españa,litera en una habitación compartida femenina,2,persona que viaja sola, esperando haya suerte con lxs compañerxs de habitación  es lo sencillo: ni más ni menos que una cama con luz de noche y,la ubicación bastante bien aunque no excelente. autobuses cerca y el metro más cercano era colón a aproximadamente 8 cuadras.,"lxs compañerxs de habitación no respetaban los horarios de descanso: entraban y salían varias veces, conversaban alto, dejaban su ropa y pertenencias en el piso dificultando el tránsito, todo entre las 3-4 am",5.0,2024-04-21,muy bien
the river hostel,españa,litera en dormitorio compartido mixto con 10 camas,3,grupo,excepcional,"la ubicación es ideal, habitaciones amplias, todo súper limpio y un buen servicio de desayuno",todo fenomenal,10.0,2024-04-16,muy bien
the river hostel,españa,litera en habitación compartida mixta de 12 camas,2,persona que viaja sola,agradable,ubicación,orientación tours,6.0,2024-04-09,muy bien
the river hostel,españa,litera en habitación compartida mixta de 12 camas,2,persona que viaja sola,excepcional,"la ubicación es estupenda aparte que el lugar vibra con una energía particularmente agradable. he tenido la oportunidad de quedarme en otras ocasiones y está no fue diferente en lo cómodo, seguro y agradable de la experiencia. llegar en la noche después de recorrer y conocer la vida nocturna de valencia fue sencillo pues está cerca de todo al mismo tiempo",,10.0,2024-04-02,muy bien
the river hostel,españa,litera en habitación compartida mixta de 12 camas,1,persona que viaja sola,excepcional,por 14  desayuné cené dormí,no me gustó el no ligarme a la italiana,10.0,2024-03-31,muy bien
the river hostel,españa,cama en habitación compartida mixta de 4 camas,3,persona que viaja sola,de lo mejor,todo,,10.0,2024-03-28,muy bien
the river hostel,españa,litera en dormitorio compartido mixto con 10 camas,1,persona que viaja sola,pésimo,,muy sucio y ruidoso.,1.0,2024-03-27,muy bien
the river hostel,españa,cama en habitación compartida mixta de 6 camas,3,persona que viaja sola,excepcional,"la ubicación del hostel, su tranquilidad, sus instalaciones",todo estuvo perfecto,10.0,2024-03-27,muy bien
the river hostel,españa,litera en una habitación compartida femenina,1,persona que viaja sola,"más que satisfecho para lo que uno busca, dormir.","había cometido un error a la hora de elegir habitación, fueron muy amables y eficaces en solucionar el problema. gracias!",,10.0,2024-03-26,muy bien
the river hostel,españa,litera en dormitorio compartido mixto con 10 camas,2,persona que viaja sola,ubicación perfecta para cualquier combinación,"- amabilidad en recepción - solicité la cama inferior de la litera, y así me la facilitaron - la comodidad de la cama y la almohada, especialmente la almohada - cada cama tiene una cortina opaca que da casi total intimidad - la cocina amplia - el desayuno ofrecido era variado - tanque de agua para rellenar tus botellas sin coste alguno - el baño muy cómodo, amplio y muy limpio - las zonas comunes muy tranquilas y limpias, con multitud de enchufes para conectar tus dispositivos",- la masificación de la habitación: el resto de huéspedes no quería la ventana abierta y en la madrugada el ambiente era muy cargado - que el baño esté independiente de la habitación hace que ir en la madrugada sea un poco molesto,10.0,2024-03-23,muy bien
the river hostel,españa,litera en una habitación compartida femenina,2,persona que viaja sola,excepcional,el ambiente tranquilo y limpio,,10.0,2024-03-14,muy bien
the river hostel,españa,litera en dormitorio compartido mixto con 10 camas,3,grupo,decepcionante,el desayuno,"los espacios no eran como se muestran en las fotos, a la noche no se respetaron los horarios de silencio. mi amiga pagó 20  menos que yo por el mismo servicio  estafa ",4.0,2024-03-05,muy bien
the river hostel,españa,litera en habitación compartida mixta de 12 camas,2,persona que viaja sola,bien pero podría mejorar bastante,la ubicación,"el ambiente en el hostel era muy frío, las zonas comunes no propician la comunicación entre los huéspedes.",5.0,2024-02-29,muy bien
the river hostel,españa,litera en dormitorio compartido mixto con 10 camas,3,persona que viaja sola,agradable estancia,"las instalaciones, el ambiente y el personal.", todo estupendo!,10.0,2024-02-28,muy bien
the river hostel,españa,litera en habitación compartida mixta de 12 camas,2,persona que viaja sola,excepcional,todo genial.,,10.0,2024-02-15,muy bien
the river hostel,españa,litera en habitación compartida mixta de 12 camas,1,persona que viaja sola,agradable,está bien,"no poder usar las zonas comunes de noche ,ni cocina ni salón",6.0,2024-02-12,muy bien
the river hostel,españa,litera en dormitorio compartido mixto con 10 camas,3,pareja,volveré,el ambiente y la comodidad,la gente era un poco sucia en la cocina,10.0,2024-02-08,muy bien
the river hostel,españa,litera en habitación compartida mixta de 12 camas,3,persona que viaja sola,excepcional,el personal,,10.0,2024-02-04,muy bien
the river hostel,españa,litera en dormitorio compartido mixto con 10 camas,5,pareja,excepcional,"mi mamá se quedó aquí porque yo estaba trabajando aún. el personal muy colaborador, muy atento con ella que es una señora mayor. el área de lobby muy calida, colorido y cómoda, la cocina excelente   aunque los mismos usuarios a veces no mantienen la limpieza  , la cama es grande para ser individual y en relación calidad precio está bien, los baños limpios cuentan con secadora y plancha para el cabello en caso de las damas, otras opciones como poder rentar una toalla, entre otras ... quedé muy satisfecha porque trataron a mi madre muy bien",,10.0,2024-02-02,muy bien
the river hostel,españa,litera en una habitación compartida femenina,2,familia,sencilla,"ubicación, edificio, personal",grupo de 10 hooligans gritando,5.0,2024-01-29,muy bien
the river hostel,españa,cama en habitación compartida mixta de 6 camas,2,grupo,mejor hostel donde me he quedado!,"el lugar súper limpio, la gente muy buena onda, las camas cómodas, fuimos un grupo de 6 y lo pasamos increíble, repetiríamos cara radiante con ojos sonrientes también la ubicación muy buena, cerca del centro y del turia.","una cosa sería de repente el mal olor en los baños, sin embargo, la señora de la limpieza los limpiaba de seguido.",10.0,2024-01-28,muy bien
the river hostel,españa,litera en dormitorio compartido mixto con 10 camas,2,persona que viaja sola,aceptable,nada más. lo obvio es obvio.,paso total.,5.0,2024-01-20,muy bien
the river hostel,españa,litera en dormitorio compartido mixto con 10 camas,1,persona que viaja sola,bien.,no está muy céntrico pero tiene muchas líneas de buses. la ubicación está bien.,cuando pregunté por alguna playa cerca no supieron explicarme donde había alguna. tenía ilusión de ir a ver una.,6.0,2024-01-20,muy bien
the river hostel,españa,litera en una habitación compartida femenina,1,persona que viaja sola,precario y descuidado y sucio por las obras.,"que había café gratis durante el día hasta las 20 horas que en otro sitio no hay, aunque yo no bebo cafe","la mala mantención, cosas que se rompen nadie las ve ni las reparan. yo tuve que avisar de los desperfectos, en un enchufe del secador que tenía los cables a la vista, y la bisagra de mi caja devla caja 6 hsb. 35 estaba rota , avisé el primer día y nadie vino a repararla hasta 5 días después cuando avise por segunda vez. la habitación 35 no tuvo nunca calefacción, el aparato no funciona, cuando avise el primer día no hicieron nada , lo encendían y salía aire frío. al tercer día avisé de nuevo ...lo encendían a 27 grados y salía aire frío. que muy a menudo se bloquean las puertas, no funciona bien la clave y la puerta por ende no se abre. hay que bajar hasta la recepción pues las chicas no contestan nunca el teléfono, lo dejan sonar y hay que bajar para que te la desbloqueen. las duchas están mal hechas pues se acumula el agua de la ducha en el suelo. la luz de las duchas, tercer piso mujeres, se apaga y hay que darme la ducha a oscuras. si no hay ninguna persona más en las duchas la luz continúa apagada no hay ningún palito en el suelo para pisar cuando se sale de la ducha. la ventana se abre sola y te da en el cuerpo mojado todo el aire frío del invierno.",5.0,2024-01-18,muy bien
the river hostel,españa,litera en habitación compartida mixta de 12 camas,1,persona que viaja sola,fenomenal,todo y el personal,,10.0,2024-01-17,muy bien
the river hostel,españa,litera en dormitorio compartido mixto con 10 camas,1,persona que viaja sola,excepcional,genial pulgar hacia arriba tono de piel claro,nada,10.0,2024-01-11,muy bien
the river hostel,españa,litera en dormitorio compartido mixto con 10 camas,1,persona que viaja sola,limpieza de la cocina,todo muy bien pulgar hacia arriba,limpieza de la cocina !!!!!!!!!!!!!       ,10.0,2024-01-10,muy bien
the river hostel,españa,litera en habitación compartida mixta de 12 camas,1,persona que viaja sola,ideal para viajeros ligeros,el personal tiene un trato excelente con el cliente. todo son facilidades,no encuentro nada reseñable,10.0,2023-12-31,muy bien
the river hostel,españa,litera en habitación compartida mixta de 12 camas,2,pareja,"excelente lugar, muy recomendable","atención, excelentes instalaciones y muy limpio, los desayunos eran muy buenos...",todo estuvo a la altura de mis expectativas,10.0,2023-12-30,muy bien
the river hostel,españa,litera en dormitorio compartido mixto con 10 camas,3,persona que viaja sola,excepcional,muy buen ambiente. super bien situado limpio y espacioso. buen desayuno,,10.0,2023-12-28,muy bien
the river hostel,españa,cama en habitación compartida mixta de 4 camas,2,persona que viaja sola,normal,"los baños y las duchas, la comodidad de la cama.","el personal femenino educado pero el chico de jersey blanco es un maleducado. tuve que hacer el check in en inglés ya que él, que habla español, ni me miró. las ventanas no aíslan y se oye todo lo que ocurre en la calle. llevad tapones para los oídos si soy de sueño ligero.",6.0,2023-12-25,muy bien
the river hostel,españa,cama en habitación compartida mixta de 4 camas,1,persona que viaja sola,agua de la ducha fria,cama amplia y limpieza,"el agua de la ducha salía tibia por no decir fria por la tarde noche hacía frio en los pasillos y en la habitación, y en cambio por la mañana demasiado calor",6.0,2023-12-19,muy bien
the river hostel,españa,litera en una habitación compartida femenina,1,persona que viaja sola,espectacular,"honestamente, es el mejor hostal en el que yo nunca estuve, y menos aún por el precio que tiene. los recepcionistas son pacientes, educados y bastante enrollados. en general en el hostal se respira bastante muy buen ambiente, la gente que va es de todas las edades, lo cual ayuda a un entorno de paz en general. todo está muy cuidado. hay lavadora y secadora cada una por unos 3 euros aprox, de uso sencillo, también un patio superior para tender la ropa. las habitaciones son bastante espaciosas y sobretodo casi todas con un balcon o dos, muy luminosas y diáfanas. el desayuno, por 3.90 ,pagándolo el día anterior; la verdad es que espectacular. hay tres tipos de panes diferentes  baguette y tambien pan de molde blanco e integral ; café y leche de vaca y también vegetal caliente a disposición, yogures de distintos sabores, mantequilla y mermelada de buena calidad, nutella a disposición, mini croissants, cuatro tipo de embutidos, queso en lonchas, manzanas, cinco tipo de cereales diferentes. también había bollitos en packs individuales. había tomate triturado, aceite de oliva virgen. de verdad un diez, todo superlimpio y el ambiente tranquilo y agradable. los baños también molan bastante, me repito pero: muy limpios, nuevos, cuidados y cómodos. aunque estés en habitaciones de varias camas, tú en el baño tienes además de taza, lavabo,espejo y secador de manos para ti solo. afuera tienen secador rowenta y también plancha de pelo a disposición de quién la quiera usar. el ascensor funciona perfectamente y es espacioso. a pesar de que cositas que no me gustan, porque yo cuento todo todo se merece un 10 porque las ventajas ganan con muchas creces.","yo creía  culpa mía ;que estaría más cerca de la playa pero está alrededor de unos 30 minutos en bus.lo bueno es que del centro histórico está a 5-10 minutos a pie. las escaleras de metal para subir a la litera de arriba son muy estables pero las barras redondas se clavan bastante en las plantas de los pies para mi punto de vista. hay bastante silencio en general sin embargo, si alguien ronca lo puedes escuchar desde fuera de la habitación  las paredes pueden ser algo finas . como en todo hostal, recomiendo tapones. un detalle que no me gustó mucho es que muchos de los becarios de recepcion no hablan nada nada de español y te piden si les puedes hablar en inglés, a mí en lo particular, aunque sean nuevos en la profesión se me hace muy desagradable que en el país donde vivo se me sugiera comunicarme en inglés si me ofrecen un servicio pero es verdad que no tengo muy claras las funciones exactas de los becarios. solo me parece que algunos de ellos al menos deberían tener interés o al menos intentar hablar el idioma del lugar en el que trabajan, por una cuestión de profesionalidad y respeto cultural.",10.0,2023-12-16,muy bien
the river hostel,españa,litera en habitación compartida mixta de 12 camas,2,persona que viaja sola,excepcional,muy profesional,,10.0,2023-12-14,muy bien
the river hostel,españa,litera en habitación compartida mixta de 12 camas,3,persona que viaja sola,aceptable,poca cosa. compartir la habitación con 12 personas es complicado. el desayuno fue lo que me gustó más.,no me gustó la poca comodidad y poca luz en las habitaciones y por eso me dejé la camiseta con mi dorsal de la maratón. ocupaba la habitación 12 cama 10. como puedo recuperar la camiseta con mi nombre joan?,5.0,2023-12-04,muy bien
the river hostel,españa,litera en habitación compartida mixta de 12 camas,2,persona que viaja sola,falta de profesionalidad y mucho ruido. no repito,,"la chica de recepción fue bastante seca y desagradable, estaba con dos chicos  uns chica rubia y un chico  que creo que ambos estaban aprendiendo las tareas de recepción, pero la  veterana  tenía pocas ganas de trabajar, no se me explicó absolutamente nada durante el c i a excepción de donde se encontraba mi habitación. esta lleno de gente muy joven  18 23 años  que hacen mucho ruido. la zona horrible para aparcar so viene con coche. de dos noches que reservé sólo dormí una. fatal!",5.0,2023-12-02,muy bien
the river hostel,españa,litera en una habitación compartida femenina,1,persona que viaja sola,buena estancia,ubicación,,10.0,2023-12-01,muy bien
the river hostel,españa,litera en habitación compartida mixta de 12 camas,2,persona que viaja sola,excepcional,"el trato, la limpieza y su comodidad. todo volvere",,10.0,2023-11-30,muy bien
the river hostel,españa,litera en habitación compartida mixta de 12 camas,1,persona que viaja sola,excepcional,"lidia, tamara, sara, jordi....gran equipo.... gracias por todo.",,10.0,2023-11-28,muy bien
the river hostel,españa,litera en habitación compartida mixta de 12 camas,1,persona que viaja sola,excepcional,las chicas de la recepción muy atentas y agradables,,10.0,2023-11-28,muy bien
the river hostel,españa,litera en habitación compartida mixta de 12 camas,1,persona que viaja sola,decepcionante,ubicacion y desayuno,me dieron una cama que no era que ya estaba ocupada mi cama no tenia cobija y me toco pedirla,4.0,2023-11-27,muy bien
the river hostel,españa,litera en dormitorio compartido mixto con 10 camas,2,persona que viaja sola,sitio barrato y muy simpático,la gran amabilidad del personal y la discreción,todo estupendo,10.0,2023-11-24,muy bien
the river hostel,españa,litera en dormitorio compartido mixto con 10 camas,2,persona que viaja sola,excepcional,la tranquilidad y la buena ubicación del sitio,todo guay,10.0,2023-11-24,muy bien
the river hostel,españa,litera en dormitorio compartido mixto con 10 camas,3,persona que viaja sola,excepcional,las personas que trabajan en el hostel,,10.0,2023-11-23,muy bien
the river hostel,españa,litera en habitación compartida mixta de 12 camas,3,grupo,encantada!,"me encantó sobretodo la acogida, el buen rollo, la predisposición del personal y organización de actividades para que las personas que se hospeden se integren y se relacionen","todo estaba muy bien, a lo mejor una reforma para mejorar y actualizar muebles no vendría mal pero todo muy bien!",10.0,2023-11-22,muy bien
the river hostel,españa,litera en una habitación compartida femenina,1,persona que viaja sola,uno de los mejores hostels,"uno de los hostels donde e dormido mejor. literas de madera que apenas hacían ruido cuando alguien baja o sube de ella, cortinas para mayor privacidad y cajón en la litera con candado. bastantes baños y muy limpios. agua fría gratis, este punto para mí es un plus muy importante haha. pagar dos euros más solo para dormir con mujeres fue un acertazo. esta muy bien ubicado. te guardan las maletas aunque hagas check out.",el calor. me ha pasado en más de un hostel. sudo y paso frío por las noches.,10.0,2023-11-18,muy bien
the river hostel,españa,litera en habitación compartida mixta de 12 camas,3,persona que viaja sola,excepcional,"la acogida como la convivencia, gente maja y sonriente. la sonrisa es contagiosa en este hostel.","todo bien, de verdad pulgar hacia arriba",10.0,2023-11-10,muy bien
the river hostel,españa,cama en habitación compartida mixta de 8 camas,2,persona que viaja sola,excepcional,el personal súper agradable y atentos. un poco retirado del casco viejo pero la ciudad se recorre caminando.,,10.0,2023-11-05,muy bien
the river hostel,españa,cama en habitación compartida mixta de 4 camas,1,persona que viaja sola,aceptable,buena ubicación. atención buena por el personal  aunque algunos fallos de entendimiento por barreras idiomáticas . wifi funciona correctamente y los baños son aceptables.,"las camas suenan como carro de chatarra hasta cuando estas tumbado. pedi con antelación cama baja, sin embargo, no me fue asignada  ya estaba medianamente advertido por el hostal .",6.0,2023-11-03,muy bien
the river hostel,españa,litera en dormitorio compartido mixto con 10 camas,3,persona que viaja sola,hostel estupendo,las camas con cortinas y el desayuno completo muy barato.,"nada, todo perfecto",10.0,2023-11-02,muy bien
the river hostel,españa,litera en habitación compartida mixta de 12 camas,1,persona que viaja sola,excepcional,las habitaciones son tranquilas y las camas tienen cortinas para una mayor privacidad. te dejan un candado en recepción para tus pertenencias y al día siguiente puedes guardar tu equipaje si lo necesitas. los baños y las duchas también estan muy bien.,,10.0,2023-10-23,muy bien
the river hostel,españa,cama en habitación compartida mixta de 4 camas,2,grupo,un buen hostal en el centro,facilidades para guardar el equipaje al fin de la estancia instalaciones muy limpias personal muy simpático,nada,10.0,2023-10-22,muy bien
the river hostel,españa,litera en una habitación compartida femenina,2,persona que viaja sola,"alojamiento cómodo, limpio y céntrico","me gustó que las camas de las literas tuviesen una cortina para darle intimidad, también su propia luz, enchufe, perchero y baul para maleta con candado. en las duchas había también secador de pelo que no sale en la descripción de los servicios. te proporcionan las sabanas, almohada y edredon pero la toalla se solicita aparte bajo fianza.","la luz del cuarto de las duchas se apaga automáticamente después de un tiempo y hay que situarse bajo el sensor para que se vuelva a encender. el problema es que el sensor no está en el habitaculo de cada ducha, por lo que se te apaga la luz mientras te duchas y tienes que salir mojada y a oscuras hasta el sensor.",10.0,2023-10-21,muy bien
the river hostel,españa,litera en dormitorio compartido mixto con 10 camas,1,persona que viaja sola,mola !,las instalaciones y el ambiente,el piso sucio,10.0,2023-10-20,muy bien
the river hostel,españa,cama en habitación compartida mixta de 4 camas,1,persona que viaja sola,excepcional,todo,,10.0,2023-10-11,muy bien
the river hostel,españa,litera en habitación compartida mixta de 12 camas,7,persona que viaja sola,the river hostel chevere,la limpieza y ubicación,nada negativo que decir,10.0,2023-10-10,muy bien
the river hostel,españa,cama en habitación compartida mixta de 6 camas,1,grupo,excepcional,"muy limpio, muy buen ambiente personal muy agradable",todo bien,10.0,2023-10-08,muy bien
the river hostel,españa,litera en dormitorio compartido mixto con 10 camas,1,persona que viaja sola,agradable,opción de guardar tus cosas en el mismo lugar,"el olor de disolvente , estaban en remodelación al parecer",10.0,2023-09-29,muy bien
the river hostel,españa,litera en dormitorio compartido mixto con 10 camas,2,pareja,perfecto,todos esta muy bien,nada,10.0,2023-09-20,muy bien
the river hostel,españa,litera en dormitorio compartido mixto con 10 camas,1,grupo,me encanta el sitio seguramente repita,"me gustó mucho la diversidad de personas que hay y el buen rollo que se crea, hablando con con gente de todas partes etc, también me gustó el hostal como tal super agradable y cómodo","lo que no me gustó mucho es que al ser cocina compartida cada uno lava sus platos y utensilios utilizados, habían cosas que no estaban bien limpias, pero no es algo limitador.",10.0,2023-09-12,muy bien
the river hostel,españa,litera en una habitación compartida femenina,1,familia,repetiremos,"me encantaron sus zonas comunes. era la primera vez que íbamos a un hostal y nos trataron muy bien, gracias a eso ha sido una buena experiencia que repetiremos sin duda.",nada,10.0,2023-09-12,muy bien
the river hostel,españa,litera en una habitación compartida femenina,1,grupo,excepcional,la limpieza y la atención del personal.,,10.0,2023-09-11,muy bien
the river hostel,españa,litera en una habitación compartida femenina,2,grupo,excepcional,"todas las instalaciones están en perfecto estado, el hostel es muy completo. tanto la cocina como los baños y las habitaciones son confortables y acogedores. si eres joven es un lugar perfecto para conocer gente y aprender idiomas, ya que hay gente de todas partes del mundo y mientras desayunas o en las habitaciones se te acercan a hablar  en inglés .",,10.0,2023-09-10,muy bien
the river hostel,españa,litera en habitación compartida mixta de 12 camas,1,persona que viaja sola,corta estancia pero de 10 10,"buena ubicación, personal muy amable, instalaciones guay, todo perfecto",,10.0,2023-09-09,muy bien
the river hostel,españa,cama en habitación compartida mixta de 4 camas,1,persona que viaja sola,excepcional,,faltaban platos de la cocina mientras preparaba la cena,10.0,2023-09-02,muy bien
the river hostel,españa,cama en habitación compartida mixta de 8 camas,7,persona que viaja sola,experiencia inmejorable,"lo que más me gustó fue el trato del personal, destacar a jesús  mantenimiento . super atentos siempre. tambien me gustó la cantidad de actividades que organiza el propio hostel, tanto las gratuitas como las de pago.","quedé satisfecha con todo, no puedo destacar nada que no me gustara",10.0,2023-09-02,muy bien
the river hostel,españa,litera en habitación compartida mixta de 12 camas,1,persona que viaja sola,excepcional,la limpieza de los aseos magnifica y de todo en general muy bien. todo muy bien organizado. la atención es excelente,,10.0,2023-08-29,muy bien
the river hostel,españa,litera en dormitorio compartido mixto con 10 camas,2,persona que viaja sola,bien.,"la ubicación y la zonas comunes son muy buenas. todo el staff del hostel fue increíble y súper amable! realizan actividades variadas que está buenas para concer la ciudad y, sobre todo, personas nuevas!","quizás podrían modernizar un poco lo que son las habitaciones ya que se las nota descuidadas, al igual que los baños. el desayuno podría contener un poco más de variedad pero para el precio del mismo, aplica.",5.0,2023-08-28,muy bien
the river hostel,españa,litera en habitación compartida mixta de 12 camas,1,persona que viaja sola,excepcional,todo,nada,10.0,2023-08-26,muy bien
the river hostel,españa,litera en dormitorio compartido mixto con 10 camas,1,grupo,pésimo,la ubicación es excelente. el personal tiene un muy buen trato.,"había un olor insoportable en nuestra habitación, el olor más vomitivo que he sentido. parece que hay gente que no se baña, ésto se lo comunicamos al hostel pero solo tiraron ambientador, lo que solucionó el problema por una hora máximo. un huésped estaba usando mi cama sin mi permiso cuando salí por la tarde. otro huésped prendió la luz a las 3 am y la dejo así por media hora. estas son cosas de los huéspedes, lo sé. pero aún así yo pagué para dormir y entre todas estas cosas no pude dormir ni tres horas",1.0,2023-08-21,muy bien
the river hostel,españa,cama en habitación compartida mixta de 8 camas,1,familia,repetiré,la organización,"no hubo claridad a la hora de alargar la estancia, fue un tema de comunicación, de resto excelente",10.0,2023-08-21,muy bien
the river hostel,españa,litera en habitación compartida mixta de 12 camas,1,persona que viaja sola,todo genial,"el edificio es precioso, la limpieza perfecta, las camas cómodas y los espacios comunes muy chulos",,10.0,2023-08-18,muy bien
the river hostel,españa,litera en una habitación compartida femenina,2,persona que viaja sola,primera vez en este tipo de alojamiento y volveré...,la ubicación y lo agradable del ambiente. nada de follones ni ruidos molestos para dormir.,"no hay aire acondicionado en el comedor, barra, hall y tampoco en los pasillos. o no estaban encendidos. en las habitaciones si que hay a c. realmente el calor de estos días dificultó el teletrabajo... pero supongo que esto no es culpa del hostal. la limpieza de los baños se puede mejorar. en la mañana están limpios porque recién los limpian pero al final del día están sucios y con papeles tirados en el suelo. tal vez tener dos turnos de limpieza resuelva este inconveniente.",10.0,2023-08-18,muy bien
the river hostel,españa,cama en habitación compartida mixta de 6 camas,3,persona que viaja sola,excepcional,súper céntrico y bien comunicado con la playa! muy buena atención de carlos.,,10.0,2023-08-16,muy bien
the river hostel,españa,litera en dormitorio compartido mixto con 10 camas,2,persona que viaja sola,hostal super recomendado para quedarse,"lindo hostal, super recomendado, las instalaciones, las habitaciones, baños, todo en general estaba en optimas condiciones.","el desayuno no era el mejor, pero solucionaba la primera comida del día.",10.0,2023-08-14,muy bien
the river hostel,españa,litera en una habitación compartida femenina,3,familia,excepcional,el trato amigable de todo su personal. disponían de café y agua gratis durante todo el día. zonas comunes muy comodas,igual la habitación que me tocó un poco pequeña y demasiadas camas,10.0,2023-08-05,muy bien
the river hostel,españa,cama en habitación compartida mixta de 6 camas,3,persona que viaja sola,muy recomendado!,"sus instalaciones siempre limpias, el personal muy atento para lo que necesites, además está muy bien ubicado!! volveré sin pensarlo .",,10.0,2023-07-31,muy bien
the river hostel,españa,litera en una habitación compartida femenina,2,persona que viaja sola,aceptable,que estaba cerca de donde necesitaba. que había aire acondicionado en la habitación.,los aseos no estaban muy limpios. la cocina tampoco estaba muy limpia.,5.0,2023-07-30,muy bien
the river hostel,españa,cama en habitación compartida mixta de 4 camas,1,persona que viaja sola,tiene lo necesario.,su ubicación y el respeto entre compañeros de habitación.,"los recepcionistas no hablan español. había un chico que sí lo hablaba pero luego terminó su turno laboral, después llegó una chica italiana y hacía su mejor intento para hablarlo.",5.0,2023-07-28,muy bien
the river hostel,españa,litera en dormitorio compartido mixto con 10 camas,1,grupo,las chicas muy amables pero la cama de la habitacion no tenía cortina,el precio,no habían cortinas,3.0,2023-07-26,muy bien
the river hostel,españa,litera en dormitorio compartido mixto con 10 camas,1,persona que viaja sola,recomendado,muy contento con todo en general.,"nada, un 10.",10.0,2023-07-24,muy bien
the river hostel,españa,cama en habitación compartida mixta de 8 camas,4,persona que viaja sola,pésimo,la zona común aunque al parecer había horarios para estar y a las 12 te echaban,la distribución de las habitaciones y la falta de aire acondicionado en la cuarta planta,1.0,2023-07-17,muy bien
the river hostel,españa,cama en habitación compartida mixta de 4 camas,1,persona que viaja sola,excepcional,estaba todo en orden y en la habitación me tocó una cama individual,estaba todo bien,10.0,2023-07-11,muy bien
the river hostel,españa,litera en dormitorio compartido mixto con 10 camas,2,persona que viaja sola,excepcional,todo genial tal sara la recepcionista super amable un encanto de persona te ayuda en todo recomendado al 100  y el resto del personal tambien volveré muy contento,,10.0,2023-07-10,muy bien
the river hostel,españa,litera en dormitorio compartido mixto con 10 camas,2,persona que viaja sola,agradable,"buena ubicación, cama cómoda","falta de control del aire acondicionado. a pesar de pedir en la recepción que lo pusieran, no se puso   no se sentía. las camas que están lejos del ventilador no reciben nada de aire. pasé 2 noches casi sin poder dormir.",6.0,2023-07-05,muy bien
the river hostel,españa,cama en habitación compartida mixta de 4 camas,1,persona que viaja sola,agradable,buena ubicación. el candado del cajón es gratis.,"las camas son bastante antiguas y a la mínima que te mueves hacen mucho ruido. para no molestar al resto de usuarios de mi habitación, no dormí cómodo por no hacer ruido.",6.0,2023-07-02,muy bien
the river hostel,españa,litera en dormitorio compartido mixto con 10 camas,1,persona que viaja sola,mal y peore,nada,la cama y limpieza y hay mucha ruedo,1.0,2023-07-01,muy bien
the river hostel,españa,cama en habitación compartida mixta de 8 camas,1,grupo,100 10,"el personal y la atención al cliente para mi fue lo mejor. siempre fueron muy amables. las instalaciones la verdad superaron mis expectativas porque usualmente no se suelen parecer a las fotos que ponen, pero en este caso eran idénticas",los baños los basureros no servían entonces todo el papel estaba tirado.,10.0,2023-06-30,muy bien
the river hostel,españa,litera en dormitorio compartido mixto con 10 camas,2,persona que viaja sola,alejado de la playa,el personal muy amable,había cucarachas cucaracha no tiene aire acondicionado,6.0,2023-06-30,muy bien
the river hostel,españa,litera en dormitorio compartido mixto con 10 camas,2,persona que viaja sola,sitio donde dejar pertenencias y descansar un poco,"no desayuné, la ubicación , un poco destartale , muebles.","que solicité una cama baja , y no.me la dieron,en algunas camas está muy pegado el aire acondicionado y te congelas.",5.0,2023-06-25,muy bien
the river hostel,españa,cama en habitación compartida mixta de 8 camas,1,familia,pésimo,,lo incómodo que era compartir habitación con más personas si éramos familia con niños no teníamos por q compartir con nadie mas,1.0,2023-06-19,muy bien
the river hostel,españa,litera en habitación compartida mixta de 12 camas,1,persona que viaja sola,normal,las personas,,5.0,2023-06-19,muy bien
the river hostel,españa,litera en una habitación compartida femenina,1,persona que viaja sola,well,"tanto el edificio como el sitio es bastante bonito y grande  aunque los pasillos un poco mal rolleros , y sobre todo muy bien situado.","descansé fatal, en parte porque tanto el colchón como la almohada están bastante duros, pero sobre todo porque hubo un grupo de chavales y chavalas gritando muy alto  de verdad, al principio pensaba que estaban matando a alguien  despertando a mí y a mis compañeras de golpe, y corriendo por los pasillos, durante una hora, entre semana, a la 1am. y bueno, se escuchaba todo. luego por la mañana a las 8am  sin haber podido dormir casi nada  mis compañeras de habitación tuvieron el gusto de abrir las ventanas  entra mucha luz, sin duda, muy bonitos, pero me despertó de golpe, junto con todo el ruido de los coches que pasan por allí , para luego también ponerse a secarse el pelo en medio de la habitación, durante media hora, y bueno, a las 11 yo tenía que estar fuera. por tanto, el descanso nulo, en esencia por los demás huéspedes, pero supongo que también porque no hay x reglas o un respeto hacia el resto  esencial en los albergues , que se haga acatar.",6.0,2023-06-10,muy bien
the river hostel,españa,litera en una habitación compartida femenina,1,persona que viaja sola,gracias por todo,"personal muy amable ! tuvimos que hacer una reserva de ultimo minuto porque mi hermana se descompenso durante nuestra visita a valencia, y en recepción nos dejaron quedar en el lobby todo el tiempo necesario hasta que la hb estuvo lista. el hostel se encuentra a minutos de todos los sitios turísticos de casco antiguo de valencia! volveremos!",,10.0,2023-06-10,muy bien
the river hostel,españa,cama en habitación compartida mixta de 8 camas,3,persona que viaja sola,excepcional,el personal muy amable y el ambiente excelente. tiene muy buena ubicación. volvería a alojarme allí sin dudarlo,,10.0,2023-06-05,muy bien
the river hostel,españa,litera en habitación compartida mixta de 12 camas,3,persona que viaja sola,excepcional,"todo fantástico, especialmente la ubicación. los baños estaban muy bien y las duchas muy amplias. la atención muy bien también.",nada que señalar.,10.0,2023-06-02,muy bien
the river hostel,españa,litera en dormitorio compartido mixto con 10 camas,3,persona que viaja sola,excepcional,la morena que trabaja en rececion,,10.0,2023-06-02,muy bien
the river hostel,españa,litera en habitación compartida mixta de 12 camas,1,grupo,aceptable,,un fracaso y un poco sucio,5.0,2023-05-29,muy bien
the river hostel,españa,litera en habitación compartida mixta de 12 camas,1,persona que viaja sola,aceptable,se inundó el día que estuve,,5.0,2023-05-27,muy bien
the river hostel,españa,litera en dormitorio compartido mixto con 10 camas,1,persona que viaja sola,excepcional,el lugar muy limpio y la atención del personal muy educados y buenos.,,10.0,2023-05-24,muy bien
the river hostel,españa,litera en una habitación compartida femenina,1,persona que viaja sola,excepcional,ubicación,,10.0,2023-05-22,muy bien
the river hostel,españa,litera en una habitación compartida femenina,3,persona que viaja sola,excepcional,"el desayuno muy completo y bien atendido. la ubicación perfecta para mis necesidades, muy céntrico.",la almohada era muy dura y para subir a la cama de arriba hacía mucho ruido y la escalera es bastante incómoda.,10.0,2023-05-21,muy bien
the river hostel,españa,litera en una habitación compartida femenina,1,grupo,buena,"muy buena ubicación, gente muy maja y la limpieza excelente. camas muy cómodas, además te ofrecían un espacio donde dejar tus cosas bajo candando. desayuno completo y a muy buen precio! muy recomendable.",que estando en españa los que trabajaban en el mostrador del hostal de cara al público me hablaran en inglés y no español.,10.0,2023-05-15,muy bien
the river hostel,españa,litera en una habitación compartida femenina,1,persona que viaja sola,excepcional,"céntrico e inmejorable, me gustaron mucho las vistas desde el balcón. la habitación estaba bien y la zona de aseos y duchas, bastante limpio, con aseos y duchas suficientes.","para mí lo tenía todo genial, me gustó todo. repetiría",10.0,2023-05-11,muy bien
the river hostel,españa,litera en una habitación compartida femenina,6,persona que viaja sola,excepcional,"personal, ubicación",,10.0,2023-05-10,muy bien
the river hostel,españa,litera en dormitorio compartido mixto con 10 camas,3,persona que viaja sola,agradable,la atención del personal,los baños con mucho olor a tubería muchísimo ruido por el tipo de clientela esos días,6.0,2023-05-01,muy bien
the river hostel,españa,cama en habitación compartida mixta de 4 camas,1,persona que viaja sola,excelente estadía para algo de paso,"si me gustó, buena ubicación, habitaciones, etc",el desayuno no estaba lo suficientemente surtido,10.0,2023-04-24,muy bien
the river hostel,españa,litera en habitación compartida mixta de 12 camas,3,persona que viaja sola,excepcional,"los personales súper majos, muy recomendable este sitio ningún ruido yo los 4 días que estuve estuve como en mi casa manos aplaudiendo",,10.0,2023-04-18,muy bien
the river hostel,españa,litera en dormitorio compartido mixto con 10 camas,3,persona que viaja sola,tirando a malo,la ubicación.,"el desayuno continental, comida y bebida de mala calidad. el colchón cómodo, pero la escalera para subir a la litera era incómoda, cuando la gente andaba por la habitación temblaba el suelo y la litera. muchas veces faltaba papel en los baños, poca limpieza en general tanto en habitaciones como en los baños. los recepcionistas algunos solo hablaban inglés y te pedían que les hablases en inglés en un hostal en valencia.",5.0,2023-04-16,muy bien
the river hostel,españa,litera en dormitorio compartido mixto con 10 camas,1,grupo,buena relación calidad precio,baños muy limpios y cómodos. la seguridad de dejar las pertenencias en un cajón con candado.,el desayuno,8.0,2023-07-24,muy bien
the river hostel,españa,litera en una habitación compartida femenina,1,persona que viaja sola,muy bien,,"when i checked out before 11:00 , in the reception they did not wanted to bring back the 10 euros,",8.0,2026-04-01,muy bien
the river hostel,españa,cama en habitación compartida mixta de 6 camas,1,persona que viaja sola,fantástico,good place. nice stuff,,9.0,2026-03-24,muy bien
the river hostel,españa,litera en habitación compartida mixta de 12 camas,1,persona que viaja sola,fantástico,"everything, this hostel has everything",,9.0,2026-01-19,muy bien
the river hostel,españa,cama en habitación compartida mixta de 4 camas,2,persona que viaja sola,fantástico,the staff was very helpful.,the prices were high due to the marathon.,9.0,2026-01-09,muy bien
the river hostel,españa,litera en habitación compartida mixta de 12 camas,5,persona que viaja sola,best hostel in valencia,the staff and the location,security guard,9.0,2025-12-24,muy bien
the river hostel,españa,cama en habitación compartida mixta de 8 camas,3,pareja,bien,very central and good price,"the bar was not so good, and the the sofas in the common areas were kind of dirty",7.0,2025-09-20,muy bien
the river hostel,españa,litera en habitación compartida mixta de 12 camas,2,persona que viaja sola,bien,"i was given a top bunk on the 3rd floor, and the elevator was broken. the staff and breakfast were excellent.",,7.0,2025-09-13,muy bien
the river hostel,españa,litera en una habitación compartida femenina,1,persona que viaja sola,good but..,"location and price, and we got to leave our bags even after checking out!","due to personal traumas, i specifically booked for an all-female room which was a few euros more  but i somehow ended up sharing it with a man. the 2 other ladies with me were confused too bc they thought they booked for an all female room. anyway, i didnt mention it to the reception as i only stayed for a night.",7.0,2025-08-26,muy bien
the river hostel,españa,litera en dormitorio compartido mixto con 10 camas,2,persona que viaja sola,bien,location was good made travelling around easier. the bed was also comfortable.,there was too much noise from other lodgers.,7.0,2025-07-07,muy bien
the river hostel,españa,litera en una habitación compartida femenina,4,persona que viaja sola,"great location, but the facilities are a bit run down.",great location,i wasn t expecting to share with 11 girls. the booking said 4 bunk beds.,7.0,2025-03-22,muy bien
the river hostel,españa,litera en dormitorio compartido mixto con 10 camas,3,persona que viaja sola,good breakfast and location. small beds,"location was great, near the river. very good breakfast.",the beds were very old. im 198cm and i could fit in the bed.,7.0,2025-03-16,muy bien
the river hostel,españa,litera en dormitorio compartido mixto con 10 camas,1,persona que viaja sola,fantástico,the stay was good.,,9.0,2025-03-03,muy bien
the river hostel,españa,cama en habitación compartida mixta de 4 camas,1,persona que viaja sola,muy bien,the bed was comfortable and good facilities for putting things,the staff weren t very helpful,8.0,2024-12-11,muy bien
the river hostel,españa,litera en habitación compartida mixta de 12 camas,1,persona que viaja sola,great location - right at the old town facing the turia garden,"1. great location 2. clean, spacious bathrooms and toilets 3. secured locker under the bunk beds large enough for a small luggage equipaje 4. bedspace has curtains for privacy 5. value for money cara con lengua de dinero","the guy receptionist is arrogant and not friendly. he s not fit for a customer-facing job. if he can t wear a smile, even a fake one, he d be better off working for a back-office job, away from customers.",8.0,2024-12-01,muy bien
the river hostel,españa,cama en habitación compartida mixta de 4 camas,1,persona que viaja sola,muy bien,i enjoyed my stay . the staff are friendly and the room are very clean,,8.0,2024-08-24,muy bien
the river hostel,españa,litera en dormitorio compartido mixto con 10 camas,2,persona que viaja sola,fantástico,the property location is a very good. all the staff members are very helpful and cool.,"i understand that this situation cannot be changed, but i feel it s important to bring it to your attention. during my stay in the hostel, i unfortunately had a roommate who snored extremely loudly. as a result, other roommate and i were unable to sleep throughout the night. if you find a solution to this problem then it would really great cara sonriendo con ojos grandes .",9.0,2024-08-14,muy bien
the river hostel,españa,litera en habitación compartida mixta de 12 camas,1,pareja,good location and clean,"location, staff, comfortable",expensive for hostel in spain,7.0,2024-03-24,muy bien
the river hostel,españa,cama en habitación compartida mixta de 4 camas,1,persona que viaja sola,great,value for money. clean. good facilities and location.,,9.0,2024-03-07,muy bien
the river hostel,españa,litera en dormitorio compartido mixto con 10 camas,2,persona que viaja sola,bien,good value for money and located at the city center,the receptionist guy is not up to customer service.,7.0,2024-02-28,muy bien
the river hostel,españa,litera en habitación compartida mixta de 12 camas,1,grupo,"met all expectations, good value for money.","clean, friendly bi-lingual staff, able to store luggage there before after check-out. the bathrooms were pretty standard, nothing fancy but clean and always stocked with toilet paper, soap, etc. the beds were fairly comfortable, especially for a hostel. each room had a code which added extra security and peace of mind.","the lights in the bathrooms are on a timer so it was mildly annoying to have to click multiple times while getting ready. additionally, the faucets are also on a timer which can get inconvenient when washing your face, etc. the street noise was loud as well as hallway noise. luggage drawers were also loud when being opened and closed.",8.0,2024-02-18,muy bien
the river hostel,españa,litera en dormitorio compartido mixto con 10 camas,5,persona que viaja sola,fantástico,"staff, location, good kitchen, large dining and lounge areas. decent sized lockers under beds. good showers and the entire hostel is kept clean throughout the day.","grumbling a bit here about hostels in general rather than specifically the river hostel, but the lady at reception gave me the wrong directions to the metro station the evening before my flight departure very early the next morning. she said just go over the bridge. i asked if it s left, right or straight on after that, and she said just to go down the stairs after the bridge. good job i checked that evening as i couldn t find it. some waiters i asked at a restaurant over the bridge said they weren t aware of a mtero station nearby and to go into the centre of town s valencia del norte station. all of this information was incorrect! the correct directions from the hostel are: go over the bridge, turn right and walk for 5mins or more to the next bridge. alamada metro station is downstairs on the. around 10mins walk in total from the hostel. maybe she meant the second bridge, but as the bridge is practically opposite the hostel, that s the obvious one. this is a common problem at many hostels, not knowing essential geographic basics, and i realise that many workers are volunteers not local, but they should be informed of important basics such as this. noisy school parties which doesn t bother me but might for some! it s great to see kids having fun!",9.0,2024-02-10,muy bien
the river hostel,españa,litera en dormitorio compartido mixto con 10 camas,19,persona que viaja sola,unforgettable time-slot of my stay in spain,reception nice behavior,everything was awesome,8.0,2024-01-31,muy bien
the river hostel,españa,cama en habitación compartida mixta de 8 camas,12,persona que viaja sola,good for short or long stay,super friendly staff at the reception comfortable bed nice and clean,my room was at the 4th floor which has only two toilet cabins at boy s room and no hot water there.,7.0,2024-01-26,muy bien
the river hostel,españa,litera en dormitorio compartido mixto con 10 camas,2,grupo,best place,amazing,,9.0,2024-01-24,muy bien
the river hostel,españa,cama en habitación compartida mixta de 4 camas,4,persona que viaja sola,"good, worth the price",constant supply of coffee. clean rooms. staff were friendly.,,8.0,2023-12-10,muy bien
the river hostel,españa,litera en habitación compartida mixta de 12 camas,1,persona que viaja sola,muy bien,staff and location,upper bed,8.0,2023-12-05,muy bien
the river hostel,españa,cama en habitación compartida mixta de 6 camas,2,persona que viaja sola,good place but careful with the bed,it was amazing especially the place and the staff,the bed. it was horrible. no linens. it was difficult at night. almost no sleep.,7.0,2023-11-20,muy bien
the river hostel,españa,cama en habitación compartida mixta de 6 camas,9,persona que viaja sola,good value for the price!,"staff friendly, clean, big kitchen with all appliances, overall good value for the money!",,9.0,2023-08-24,muy bien
the river hostel,españa,cama en habitación compartida mixta de 4 camas,3,persona que viaja sola,nice cheap option for a few days in the city,"very friendly staff, clean bathrooms and showers, very close to city center and several bus stops, the ac is very well appreciated in the summer","didn t really like any of the breakfast options, had a bug issue in my room but the staff was understanding and tried to be accommodating so i appreciate that",8.0,2023-08-18,muy bien
the river hostel,españa,litera en habitación compartida mixta de 12 camas,1,persona que viaja sola,muy bien,the facilities were great and the staff were fantastic,the room smelt a bit like dirty socks but i guess that s to be expected in summer cara sonriendo con sudor frío,8.0,2023-08-01,muy bien
the river hostel,españa,cama en habitación compartida mixta de 8 camas,2,grupo,fantástico,the people and the atmosphere there. the facilities and the bedrooms and location were nice!,the ac was too low and we were very cold during the night.,9.0,2023-07-27,muy bien
the river hostel,españa,litera en habitación compartida mixta de 12 camas,1,persona que viaja sola,location is good.,they provides free coffee and water for the whole day. cleanliness of the toilets were more or less good. they have a kitchen facility with freezer and microwave.,i found lot of hairs in the bed. so it was not cleaned properly.,8.0,2023-07-25,muy bien
the river hostel,españa,litera en una habitación compartida femenina,1,persona que viaja sola,good hostel in a nice location,"the modern decor, the beautiful old building, the location, beautiful kinda edge of the city near the bridges   gardens   not too far from the art science museum. the girl who checked me in was pleasant, she gave me a map   explained everything well. they give you a free padlock too for the under bed drawer which was a great touch. was able to leave my bag in the luggage room which they put a numbered tag on   locked door so it felt safe   secure.","i arrived early hoping for slightly early check in but the room wasnt ready until later than advertised, 2.30pm. i sat in the waiting area with my bags and it was dirty. the floors covered in crumbs of food pastry, the tables chairs sticky, the cushion covers stained   grubby need putting through washing machine on a high heat. the place needs one of the staff to get a bottle of antibacterial spray   give the place a good clean! regular cleaning every few hours with the volume of guests using that space, instead of the 3 4 staff just sitting at reception chatting to each other. on my morning of checkout a male housekeeper came into the room unannounced   started cleaning   turning beds over at 10.30am. i had purposefully booked a female only room   felt this inappropriate for him to be in the room before 11am checkout. i was still in my nighty getting ready   felt uncomfortable with him there cleaning around me   pressured to leave asap as he kept huffing   puffing. the staff could engage with guests more instead of just enjoying conversations between themselves. ask guests where they re from, what their plans are etc......a little interest   sharing local knows goes a long way.",7.0,2023-07-12,muy bien
the river hostel,españa,cama en habitación compartida mixta de 8 camas,2,persona que viaja sola,fantástico,great location. the breakfast is worth it and the common areas are nice.,"the bathrooms are ok, but not super clean. the room was very humid.",9.0,2023-06-03,muy bien
the river hostel,españa,litera en una habitación compartida femenina,3,persona que viaja sola,muy bien,"great location! also pleased with the room, it was a 10-bed but the room was sectioned nicely so it felt like there were only 4 in your area. bed area includes everything you d need: paclock key, personal light, plugs, clean pillow, duvet and sheet",if you use the bathroom between 10pm-8am none of the toilets  4 total  did not have toilet paper for all three nights i was there. i noticed that at about 8am is when the cleaning lady would do her rounds but maybe it would be best to leave extra toilet paper at night time before she arrives,8.0,2023-05-14,muy bien
the river hostel,españa,litera en dormitorio compartido mixto con 10 camas,2,persona que viaja sola,don t trust this hostel please.,stuff and place.,administration,1.0,2026-03-03,muy bien
the river hostel,españa,litera en dormitorio compartido mixto con 10 camas,12,persona que viaja sola,bad experience and i will never go back there,bad customer service plus dirty place,dirty noisy a lot of kids . mixed room men and woman and very noisy,1.0,2026-02-25,muy bien
the river hostel,españa,litera en una habitación compartida femenina,1,pareja,i met new people there. and im happy i stayed there.,the receptionists are really nice and helping they do speak different languages which makes it easy for us to communicate also the location is perfect,some people there stole food. and leave the dishes uncleaned,10.0,2026-02-20,muy bien
the river hostel,españa,litera en habitación compartida mixta de 12 camas,2,persona que viaja sola,excepcional,nothing everything was perfect,,10.0,2025-04-08,muy bien
the river hostel,españa,litera en habitación compartida mixta de 12 camas,1,persona que viaja sola,amazing hostel for an amazing city,"i like river hostel for the location, layout, customer service and travelers. i find valencia an upbeat city and for me i find river hostel resonates with that vibe. location - river hostel is situated across the street from turia park that extends for miles. plenty of private greenspace and recreational areas to meet with your friends or go for a jog. walking distance from old town landmarks, chinese bazar for buying your travel knickknacks and express market for buying food drinks. there is public transportation close by to get to the beaches so valencia has the best of both worlds. authentic old town and beaches with long distances down the shoreline and to the shoreline. layout - the majority of the entrance floor is dedicated to communal space separated into 3 sections and then the kitchen. no walls to separate the communal areas so there s always space to work on the laptop or meet other travelers. customer service - the staff is made up of full time and career minded students working for their internships. everyone is really friendly and processes policies are accommodating to travelers in my opinion so travelers can focus on their visit and enjoy the city. yesterday i was given a key for my own personal locker by the lobby to store my  carry-on  type belongings while i was waiting to check in. it was nice having convenient access to my things during the day while i enjoyed hands-free strolls around town. travelers - river hostel attracts travelers that recognize and appreciate the unique offerings of the hostel. i ve visited here 5 years ago and still have friends i met at river hostel then, as well as, meeting new travelers on this trip as they pass through to other parts of spain and europe. i would like to give special thanks to the team that has made this year s visit to valencia a special experience: tess, rosa, oliver, aurora, madelief, lisette, christian, sylvana, dirke, dean, lisa",,10.0,2025-03-26,muy bien
the river hostel,españa,litera en habitación compartida mixta de 12 camas,1,persona que viaja sola,brilliant stay,"everything it was perfect, staff, location, and the bed was absolutely comfortable. the place is very social, even if i stay mainly on my own because tired after a 14 hours travel. anyway, when i go to valencia river hostel will be my first choice. i definetely recommend it",,10.0,2025-03-11,muy bien
the river hostel,españa,litera en habitación compartida mixta de 12 camas,9,persona que viaja sola,agradable,,wifi doesn t work in the room,6.0,2025-01-27,muy bien
the river hostel,españa,litera en habitación compartida mixta de 12 camas,2,persona que viaja sola,perfect location and good plans,perfect location and amenities,,10.0,2024-11-24,muy bien
the river hostel,españa,litera en dormitorio compartido mixto con 10 camas,3,pareja,beautiful place to stay,the staff is excellent,"clean a little bit better, please",10.0,2024-09-08,muy bien
the river hostel,españa,cama en habitación compartida mixta de 4 camas,2,grupo,amazing hostel in the heart of valencia.,"everything. what a great hostel. amazing location, great facilities, laundry, showers, kitchen, chilling space, all super clean and the staff is extremely nice. great job!",,10.0,2024-06-29,muy bien
the river hostel,españa,cama en habitación compartida mixta de 6 camas,1,persona que viaja sola,excepcional,good price quality,no tv,10.0,2024-05-13,muy bien
the river hostel,españa,litera en habitación compartida mixta de 12 camas,1,persona que viaja sola,excepcional,great beds. if you are looking for a assequible night in valencia this is the place to go,,10.0,2024-04-10,muy bien
the river hostel,españa,litera en habitación compartida mixta de 12 camas,1,persona que viaja sola,"a great hostel, sleep as you deserve","everything was nice: great location, great staff, great facilities.storage, lockers, keys, towels, linen, cleanliness, privacy, everything you want for a great hostel. i highly recommend it.",nothing at all,10.0,2024-03-13,muy bien
the river hostel,españa,litera en habitación compartida mixta de 12 camas,1,persona que viaja sola,the best hostel in valencia,"i liked everything, especially the nice   kind reception staff. they were super helpful   friendly   welcoming. the location is perfect. the room was super clean   the showers very nice. its one of the best hostel experiences i ve ever had in spain. we will be back again for sure. thank you river hostel   thank you valencia.","the wifi was a little bit slow in our room, other than that, everything was perfecto.",10.0,2024-03-13,muy bien
the river hostel,españa,litera en una habitación compartida femenina,1,persona que viaja sola,excepcional,"for this price it was super cool! super clean shits, barrooms, and for 4 euro not bad breakfast.",,10.0,2024-01-12,muy bien
the river hostel,españa,litera en una habitación compartida femenina,3,persona que viaja sola,very nice place to stay in valencia chispas,"i liked the common rooms, i didn t used them but people seemed to enjoy it so the ambience was really good. oh and i loved the bed cushions corazón verde",the elevator is very slow hahaha,10.0,2023-12-10,muy bien
the river hostel,españa,litera en dormitorio compartido mixto con 10 camas,2,persona que viaja sola,wonderful location at an affordable price,the location was perfect. the services provided were exceptional. i was quite pleased with my stay over the marathon weekend.,it was a tad noisy on the first night of my stay.,10.0,2023-12-04,muy bien
the river hostel,españa,litera en dormitorio compartido mixto con 10 camas,1,persona que viaja sola,excepcional,kind staff. good location. availability at all times.,nothing. i recommend it.,10.0,2023-10-15,muy bien
the river hostel,españa,litera en dormitorio compartido mixto con 10 camas,1,persona que viaja sola,an amazing place stay,"location, cleanes and in general everything, the breakfast is very good too.",the noise from the fan in the room,10.0,2023-08-14,muy bien
the river hostel,españa,cama en habitación compartida mixta de 8 camas,2,grupo,disappointment,the location,the breakfast was a joke,3.0,2023-08-10,muy bien
the river hostel,españa,litera en habitación compartida mixta de 12 camas,1,persona que viaja sola,excepcional,"awesome place, great location, good breakfast and activities. very very friendly staff",,10.0,2023-08-09,muy bien
the river hostel,españa,litera en habitación compartida mixta de 12 camas,1,persona que viaja sola,excepcional,"everything was great, a really good place to stay!!",,10.0,2023-07-10,muy bien
the river hostel,españa,litera en dormitorio compartido mixto con 10 camas,1,persona que viaja sola,excepcional,i liked the area and the shower.,n a,10.0,2023-05-29,muy bien
the river hostel,españa,litera en dormitorio compartido mixto con 10 camas,1,persona que viaja sola,"i had a lovely time, one of my best experiences in a hostel",breakfast was lovely and i love the activities you have to get people together such as dinner or drinking nights. its a great place to get to know people in the best way with a very friendly vibe.,some of the showers were not functional,10.0,2023-04-26,muy bien
the river hostel,españa,litera en habitación compartida mixta de 12 camas,13,persona que viaja sola,fantástico,l amabilitat de tothom.,que part del personal t obligui a parlaren anglès. el català és quasi inexistent.,9.0,2026-03-25,muy bien
the river hostel,españa,litera en habitación compartida mixta de 12 camas,1,persona que viaja sola,für einen kurzaufenthalt gerne wieder!,"die lage des hostels ist unschlagbar, zumal man sehr schnell in alle möglichen interessanten teile valencias kommt: blasco ibañez, ins zentrum, jardines viveros, río turia, etc. der aufenthaltsraum den hostels ist sehr gemütlich und hat einen besonderen flair. die sanitären anlagen waren sauber!","die betten sind extrem alt, genauso wie die restliche ausstattung in den zimmern. generell sind die zimmer viel zu klein für so viele betten.",9.0,2026-03-23,muy bien
the river hostel,españa,litera en una habitación compartida femenina,1,persona que viaja sola,cool,les chambres vraiment jolies,la cuisine,8.0,2026-02-13,muy bien
the river hostel,españa,litera en dormitorio compartido mixto con 10 camas,2,persona que viaja sola,l any vinent hi tornaré,"les noies de recepció molt atentes, esmorzar senzill però correcte, el lloc en general està bé igual que les zones comunes, lavabos molt nets. les senyores de la neteja i passaven molt sovint.",,8.0,2025-12-09,muy bien
the river hostel,españa,litera en una habitación compartida femenina,2,persona que viaja sola,recomendo,"as camas sao confortaveis, todo o hostel em si confortavel, atendente excelentes. localiza  o otima, recomendo.","o café da manha ninguem informa direito. sao 4 euros pelo cafe da manha, se chegas a perguntar te oferecem somento o cafe  bebida  por um euro. ai vai servir-se e te cobram 4 euros...onde esta incluso o cafe  bebida . isso se passou comigo e com outras pessoas, fiquei observando. entao devem avisar na hora do check in ou serem mais claros quando vamos tomar cafe...tambem acho estranho nao falarem muito bem o espanhol, sendo que é em valencia hahaha.",9.0,2025-12-04,muy bien
the river hostel,españa,cama en habitación compartida mixta de 8 camas,1,persona que viaja sola,,,,7.0,2025-11-07,muy bien
the river hostel,españa,litera en habitación compartida mixta de 12 camas,2,persona que viaja sola,fantástico,"molt bona ubicació, al centre antic, bones habitacions, banys nets, zona de confort amb bon espai i la cuina està ben equipada",,9.0,2025-10-28,muy bien
the river hostel,españa,litera en habitación compartida mixta de 12 camas,3,persona que viaja sola,molt bona opció qualitat-preu,la cortineta dels llits i el llum individual eren molt pràctics. tot estava molt net. l esmorzar era molt complet.,"els interruptors dels llums generals de les habitacions no eren automàtics  o sigui que si algú se l deixava encès, algú altre s havia d aixecar a apagar-lo . ningú t entenia si parlaves en català...",8.0,2025-10-25,muy bien
the river hostel,españa,cama en habitación compartida mixta de 6 camas,1,persona que viaja sola,"no geral, minha hospedagem foi agradável e atendeu bem às minhas expectativas, recomendo.","a localiza  o é excelente, próxima a diversos pontos turísticos e ideal para lindas caminhadas. gostei também das camas com cortinas, que proporcionam mais privacidade e conforto.",,8.0,2025-10-14,muy bien
the river hostel,españa,litera en habitación compartida mixta de 12 camas,1,persona que viaja sola,"erstklassige lage in einem sehr schönen, stylischen hostel","die lage ist sehr zentral und direkt am río turia gelegen. von dort aus gelangt man auch ganz schnell ins studierendenviertel  blásco ibañez , welches bekannt dafür ist, wenn man etwas kostengünstiger weggehen möchte. das personal ist superfreundlich und hilfsbereit, der gemeinschaftsraum frühstücksraum super modern und gemütlich, um zusammen dort abzuhängen. ich liebe das river hostel und komme immer wieder gerne zurück!","die zusammensetzung der betten. da der saal eh schon sehr klein ist, finde ich es schade, dass man die betten ja schon quasi übereinander stapelt und durch die position der betten die gro e balkontür verstellt.",9.0,2025-09-09,muy bien
the river hostel,españa,litera en una habitación compartida femenina,1,persona que viaja sola,    ,                      ,           ,8.0,2025-09-05,muy bien
the river hostel,españa,litera en dormitorio compartido mixto con 10 camas,1,persona que viaja sola,super,tout,tout,8.0,2025-09-04,muy bien
the river hostel,españa,litera en dormitorio compartido mixto con 10 camas,3,persona que viaja sola,super,tout,rien,7.0,2025-09-01,muy bien
the river hostel,españa,litera en una habitación compartida femenina,1,persona que viaja sola,bona localització i amb instal-lacions adeqüades si no et vols gastar diners en un hoyrl i no t importa compartir habita,ubicació i el personal q és molt servicial,potser millorar el servei de bar,9.0,2025-07-13,muy bien
the river hostel,españa,litera en una habitación compartida femenina,2,grupo,fijn hostel met goede eetfaciliteiten,"de kamer was redelijk ruim en goed koel, ondanks dat het de 4e verdieping was en buiten 25 graden. in het weekend konden we deelnemen aan een gratis diner, wat heel fijn was! daarnaast was het ontbijt erg goed verzorgd voor  4,40 per ochtend   3,90 als je het van te voren bestelt . het uitzicht vanaf de kamer is prachtig, je kijkt uit op de palmbomen en een mooi gerechtelijk gebouw er tegenover.","het kussen was een beetje hard maar verder heb ik goed geslapen. fijn dat er gordijntjes zijn, al laten deze wel licht door. de douches kwamen niet heel schoon over terwijl ze dat wel waren, ik denk dat dit meer door de stenen vloer kwam.",9.0,2025-04-08,muy bien
the river hostel,españa,litera en habitación compartida mixta de 12 camas,1,persona que viaja sola,on est bien servi pour son prix,la courtoisie du personnel l établissement,il manque un endroit réservé pour se changer,8.0,2025-03-28,muy bien
the river hostel,españa,litera en dormitorio compartido mixto con 10 camas,1,persona que viaja sola,muy bien,do atendimento gente muito simpática,precisa oferecer cobertores e toalhas de banho,8.0,2025-02-20,muy bien
the river hostel,españa,cama en habitación compartida mixta de 6 camas,1,persona que viaja sola,muy bien,"hulp met de juiste plek en mijn was bezet, echter zeer netjes opgelost",,8.0,2024-12-29,muy bien
the river hostel,españa,litera en dormitorio compartido mixto con 10 camas,2,persona que viaja sola,fantástico,"hyggelig personale, god frokost.",,9.0,2024-11-26,muy bien
the river hostel,españa,litera en dormitorio compartido mixto con 10 camas,14,persona que viaja sola,fantástico,l amabilitat del personal.,"la inexistència d un centre comercial proper, tipus mercadona.",9.0,2024-04-02,muy bien
the river hostel,españa,cama en habitación compartida mixta de 6 camas,1,persona que viaja sola,bien,"ubicació,esmorzar,atenció",aparcament llunyà,7.0,2023-09-25,muy bien
the river hostel,españa,cama en habitación compartida mixta de 8 camas,1,persona que viaja sola,                     ,"                                      ,                     ,                                              ,             ","              ,                                  ,                     .                        ,                   ,                 .         ,                                                                ,                              ,        2                             ",7.0,2023-07-20,muy bien
the river hostel,españa,cama en habitación compartida mixta de 8 camas,5,persona que viaja sola,fantástico,la ubicación y las instalaciones,,9.0,2023-06-04,muy bien
the river hostel,españa,litera en habitación compartida mixta de 12 camas,1,persona que viaja sola,fantástico,95 numara onunde indiriyor.,,9.0,2023-05-30,muy bien
the river hostel,españa,cama en habitación compartida mixta de 4 camas,2,grupo,fantástico,"el que m ha agradat mes, es el personal, son encantadors i molt amables. et cuiden molt bé. la situació del hostel també es fantastica per poder visitar el centre historic.",res.,9.0,2023-05-15,muy bien
the river hostel,españa,litera en dormitorio compartido mixto con 10 camas,2,persona que viaja sola,excepcional,j ai rien à dire parfait,,10.0,2026-04-07,muy bien
the river hostel,españa,cama en habitación compartida mixta de 8 camas,1,persona que viaja sola,excepcional,buen servicio y lugar,todo me gusto,10.0,2026-03-29,muy bien
the river hostel,españa,litera en habitación compartida mixta de 12 camas,2,persona que viaja sola,hostel simples que funciona,"hostel normal, cama com certa privacidade por ter cortina, abajur na cama, bom armário com cadeado para guardar as coisas. localiza  o boa pois é perto da catedral e do parque. guardaram minha mochila com prazer e tinham um quarto para isso bem organizado.",no banheiro alguns chuveiros s o ruins e os dispensers de shampoo e sabonete n o funcionam direito. o quarto estava com um cheiro estranhíssimo que quando eu entrava sentia na hora. café da manh  fraco.,6.0,2026-03-29,muy bien
the river hostel,españa,litera en dormitorio compartido mixto con 10 camas,2,persona que viaja sola,excepcional,"tout s est bien passé. l accueil était bon, le personnel très attentionné, et la chambre et les salles de bain étaient impeccables.",merci pour tout. j ai passé un excellent séjour ici.,10.0,2026-02-14,muy bien
the river hostel,españa,litera en habitación compartida mixta de 12 camas,1,pareja,excepcional,"por que todo esta excelente, limpieza, servicios, convivencia, etc.",,10.0,2026-01-16,muy bien
the river hostel,españa,litera en habitación compartida mixta de 12 camas,1,persona que viaja sola,,,,1.0,2026-01-10,muy bien
the river hostel,españa,litera en habitación compartida mixta de 12 camas,1,grupo,"per una nit, si no ets d aquest estil.",bona situació.,no es el meu estil. pero per una nit i res mes es funcional.,5.0,2026-01-02,muy bien
the river hostel,españa,litera en habitación compartida mixta de 12 camas,2,persona que viaja sola,excepcional,personal. engagiert und freundlich.,zimmer zu cara con calor warm,10.0,2025-12-25,muy bien
the river hostel,españa,litera en habitación compartida mixta de 12 camas,1,persona que viaja sola,excepcional,"melhor hostel de valência, um excelente café da manh , perfeito atendimento, sal o muito confortável. super recomendo",,10.0,2025-11-14,muy bien
the river hostel,españa,litera en una habitación compartida femenina,1,persona que viaja sola,aceptable,la localització i l esmorzar,la comoditat dels llits,5.0,2025-10-19,muy bien
the river hostel,españa,litera en dormitorio compartido mixto con 10 camas,3,grupo,aceptable,"com a lloc on anar per treballar, per allotjar-se a la ciutat   per feina   no és la millor idea. l ambient era festiu i juvenil i està bé, però no encaixava pas amb el que buscàvem per poder descansar i treballar. si el que es busca és un lloc econòmic, proper al centre i festiu i on conèixer altres joves alberguistes si és una bona opció.",,5.0,2025-09-06,muy bien
the river hostel,españa,litera en una habitación compartida femenina,1,persona que viaja sola,rustig,het was gevarieerd en lekker.,better code voor de deur. ik moeste drie code krijgen.,10.0,2025-07-15,muy bien
the river hostel,españa,litera en dormitorio compartido mixto con 10 camas,1,grupo,volvería sin pensarlo,"desde mi llegada el personal siempre fue muy amable y atento, al hacer el checkout nos cuidaron las maletas porque nuestro transporte salía de noche. la habitación cómoda y los baños siempre muy limpios.",,10.0,2025-07-07,muy bien
the river hostel,españa,litera en dormitorio compartido mixto con 10 camas,1,persona que viaja sola,service top,super,,10.0,2025-05-01,muy bien
the river hostel,españa,litera en habitación compartida mixta de 12 camas,1,persona que viaja sola,excepcional,la comodidad para dormir,,10.0,2025-02-20,muy bien
the river hostel,españa,cama en habitación compartida mixta de 4 camas,1,persona que viaja sola,excepcional,                                                       ,    ,10.0,2024-11-25,muy bien
the river hostel,españa,litera en una habitación compartida femenina,2,persona que viaja sola,excepcional,un très bon rapport qualité-prix,tout était très bien,10.0,2024-11-22,muy bien
the river hostel,españa,litera en habitación compartida mixta de 12 camas,1,persona que viaja sola,excepcional,temizlik,"mutfakta bardaklarin saplar  kolay kavranm yor, tutmas  zor.",10.0,2024-11-21,muy bien
the river hostel,españa,cama en habitación compartida mixta de 4 camas,1,persona que viaja sola,excepcional,                                                                                                                                              ,     ,10.0,2024-11-11,muy bien
the river hostel,españa,litera en dormitorio compartido mixto con 10 camas,1,grupo,excepcional,"vam anar com a voluntaris per la dana, i a la nostra sorpresa ens entrava l esmorzar gratis com a agraïment per estar ajudant, a la vegada que ens ho van posar molt fàcil amb qualsevol cosa que necessitessim. el personal és molt atent!",,10.0,2024-11-08,muy bien
the river hostel,españa,litera en una habitación compartida femenina,1,grupo,bé però amb coses a millorar,l esmorzar bé i bona ubicació,"a l arribar els diuen que havíem de portar el nostre propi candau  a la pàgina web l oferien gratuitament . a més feina calor a les habitacions, els lavabos estaven bruts i al matí,  entre les 6 i les 7 del matí  una companya d habitació va estar una hora fent molt de soroll, preparant les seves dues maletes amb bosses, cremalleres i despertant a tots els que estàvem allà.",6.0,2024-09-30,muy bien
the river hostel,españa,litera en una habitación compartida femenina,1,persona que viaja sola,reservei feminino e fui colocada em um mixto,"sempre retorno porque o espa o é bom, é bem localizado. recep  o com bom atendimento, corretos, mas dessa vez tive um grande problema.","já é a segunda vez que reservo quarto feminino e me alocam em um quarto mixto. da primeira vez me trocaram de quarto, dessa vez lidia disse que me devolveria o dinheiro e eu deveria procurar outro local para me hospedar, sendo que cheguei as 11h00 da manh  e o check in seria as 15h00. tinha uma consulta as 17h30. meu marido ligou para a recep  o, falou com o rafael que prontamente encontrou um hostel perto. me pagaram a diferen a do valor e atribuíram o erro ao booking. situa  o desagradável. tive que pagar novamente, me deslocar, ficar em um local que n o conhecia, sendo que tinha feito a reserva 6 meses antesne agora terei que aguardar ser ressarcida enfim, desagradável, mas resolvido.",4.0,2024-06-05,muy bien
the river hostel,españa,litera en una habitación compartida femenina,1,persona que viaja sola,excel lent,els llits tenen una cortineta que dóna molta intimitat i pau.,l escala per a pujar a la llitera de dalt no és molt pràctica.,10.0,2024-05-12,muy bien
the river hostel,españa,litera en habitación compartida mixta de 12 camas,2,grupo,"se for uma estadia mais longa, recomendo buscar um local mais confortável, com instala  es mais modernas.",próximo ao ponto de ônibus,"o banheiro tem poucas cabines para uso, considerando que é compartilhado por todo um andar. além disso, os chuveiros s o muito velhos, é uma experiência incomoda tomar banho nesse local.",5.0,2024-04-03,muy bien
the river hostel,españa,litera en una habitación compartida femenina,2,persona que viaja sola,"excelente, pois atendeu muito bem as minhas expectativas. voltarei.",é s segunda vez que me hospedo com vocês. a localiza ao é boa. há duas op oes de metrô: colón e alameda. os funcionários s o agradáveis. a cozinha é bem equipada. o café da manh  atende as minhas necessidades. o café que fica o dia todo e a água tbem ajudam bastante. esqueci de trazer minha toalha e a oportunidade de pagar 1  pelo aluguel foi excelente.,como é a segunda vez que estou hospedada com vocês consigo fazer a compara  o e realmente perebi que n o estou errada na minha avalia ao anterior. para mim os banheiros deveriam tomar um pouco mais de aten  o.,10.0,2023-12-21,muy bien
the river hostel,españa,litera en una habitación compartida femenina,1,persona que viaja sola,"             ,              !","        ,              ,                                          ,                   ,                                    .                                                                                  .","                  ,             .               ,         -                                    ,                   .                        ,            .",10.0,2023-12-19,muy bien
the river hostel,españa,litera en una habitación compartida femenina,2,persona que viaja sola,este hostel é estupendo.,"lidia na recep  o me recebeu muito bem. staff, organiza  o, café da manh , espa o para descanso, cozinha, horários livres para chegada e saída, ventila  o na área de descanso, livros, jogos, mesas suficientes para todos os hospedes e olha que tinha grupos bem grandes de adolescentes. gb recebi um cadeado para o armário. estive em um outro hostel que meu armário ficou aberto. cafezinho e agua à vontade. todos muito atenciosos. fiz o check-out as 11h00 e pude guardar minhas coisas até as 18h00, utilizando os espa os do hostel como cozinha e banheiro e minha mala ficou no guarda-volume. a impress o que ficou é: todos trabalham como se o hostel fosse seu.","o as banheiros tinham um um odor forte, mas n o sei ao certo se é a água de valência que tem essa característica. no ultimo dia o ar condicionado estava desligado. n o entendi, porque no dia anterior estava ligado. eu liguei o ventilador e uma outra pessoa no quarto desligou. cara llorando de risa eu moro na galícia. fritei na cama, mas as 4h00 da manh  levantei e abri as portas. cara con ojos abiertos y boca tapada",10.0,2023-06-29,muy bien
the river hostel,españa,litera en habitación compartida mixta de 12 camas,1,persona que viaja sola,muy bien,,,8.0,2026-04-07,muy bien
the river hostel,españa,litera en dormitorio compartido mixto con 10 camas,1,grupo,muy bien,,,8.0,2026-04-04,muy bien
the river hostel,españa,litera en dormitorio compartido mixto con 10 camas,3,grupo,bien,,,7.0,2026-03-31,muy bien
the river hostel,españa,cama en habitación compartida mixta de 8 camas,2,persona que viaja sola,bien,,,7.0,2026-03-30,muy bien
the river hostel,españa,cama en habitación compartida mixta de 4 camas,1,persona que viaja sola,fantástico,,,9.0,2026-03-29,muy bien
the river hostel,españa,cama en habitación compartida mixta de 8 camas,2,persona que viaja sola,fantástico,,,9.0,2026-03-29,muy bien
the river hostel,españa,cama en habitación compartida mixta de 8 camas,4,persona que viaja sola,bien,,,7.0,2026-03-23,muy bien
the river hostel,españa,cama en habitación compartida mixta de 4 camas,2,pareja,muy bien,,,8.0,2026-03-22,muy bien
the river hostel,españa,litera en una habitación compartida femenina,1,persona que viaja sola,fantástico,,,9.0,2026-03-21,muy bien
the river hostel,españa,cama en habitación compartida mixta de 8 camas,1,persona que viaja sola,bien,,,7.0,2026-03-20,muy bien
the river hostel,españa,litera en habitación compartida mixta de 12 camas,1,persona que viaja sola,fantástico,,,9.0,2026-03-20,muy bien
the river hostel,españa,litera en dormitorio compartido mixto con 10 camas,6,persona que viaja sola,muy bien,,,8.0,2026-03-20,muy bien
the river hostel,españa,cama en habitación compartida mixta de 6 camas,3,pareja,fantástico,,,9.0,2026-03-19,muy bien
the river hostel,españa,cama en habitación compartida mixta de 4 camas,1,persona que viaja sola,muy bien,,,8.0,2026-03-19,muy bien
the river hostel,españa,cama en habitación compartida mixta de 6 camas,1,persona que viaja sola,muy bien,,,8.0,2026-03-06,muy bien
the river hostel,españa,cama en habitación compartida mixta de 6 camas,4,persona que viaja sola,fantástico,,,9.0,2026-03-06,muy bien
the river hostel,españa,litera en dormitorio compartido mixto con 10 camas,1,persona que viaja sola,muy bien,,,8.0,2026-03-05,muy bien
the river hostel,españa,cama en habitación compartida mixta de 8 camas,2,persona que viaja sola,muy bien,,,8.0,2026-03-02,muy bien
the river hostel,españa,cama en habitación compartida mixta de 4 camas,7,persona que viaja sola,bien,,,7.0,2026-02-25,muy bien
the river hostel,españa,litera en una habitación compartida femenina,5,persona que viaja sola,fantástico,,,9.0,2026-02-24,muy bien
the river hostel,españa,litera en una habitación compartida femenina,4,persona que viaja sola,fantástico,,,9.0,2026-02-24,muy bien
the river hostel,españa,litera en una habitación compartida femenina,1,persona que viaja sola,fantástico,,,9.0,2026-02-18,muy bien
the river hostel,españa,litera en habitación compartida mixta de 12 camas,1,persona que viaja sola,bien,,,7.0,2026-02-18,muy bien
the river hostel,españa,litera en habitación compartida mixta de 12 camas,1,persona que viaja sola,fantástico,,,9.0,2026-02-15,muy bien
the river hostel,españa,cama en habitación compartida mixta de 4 camas,1,persona que viaja sola,fantástico,,,9.0,2026-02-15,muy bien
the river hostel,españa,litera en habitación compartida mixta de 12 camas,2,persona que viaja sola,muy bien,,,8.0,2026-02-15,muy bien
the river hostel,españa,litera en habitación compartida mixta de 12 camas,5,persona que viaja sola,bien,,,7.0,2026-02-07,muy bien
the river hostel,españa,litera en una habitación compartida femenina,1,persona que viaja sola,muy bien,,,8.0,2026-02-07,muy bien
the river hostel,españa,cama en habitación compartida mixta de 6 camas,3,persona que viaja sola,bien,,,7.0,2026-02-06,muy bien
the river hostel,españa,cama en habitación compartida mixta de 4 camas,2,persona que viaja sola,fantástico,,,9.0,2026-02-05,muy bien
the river hostel,españa,litera en habitación compartida mixta de 12 camas,1,persona que viaja sola,fantástico,,,9.0,2026-02-05,muy bien
the river hostel,españa,litera en dormitorio compartido mixto con 10 camas,7,persona que viaja sola,muy bien,,,8.0,2026-02-03,muy bien
the river hostel,españa,litera en habitación compartida mixta de 12 camas,2,persona que viaja sola,fantástico,,,9.0,2026-01-26,muy bien
the river hostel,españa,litera en habitación compartida mixta de 12 camas,1,persona que viaja sola,muy bien,,,8.0,2026-01-25,muy bien
the river hostel,españa,litera en habitación compartida mixta de 12 camas,1,persona que viaja sola,muy bien,,,8.0,2026-01-22,muy bien
the river hostel,españa,litera en habitación compartida mixta de 12 camas,1,persona que viaja sola,fantástico,,,9.0,2026-01-22,muy bien
the river hostel,españa,cama en habitación compartida mixta de 4 camas,1,persona que viaja sola,muy bien,,,8.0,2026-01-21,muy bien
the river hostel,españa,litera en habitación compartida mixta de 12 camas,1,persona que viaja sola,fantástico,,,9.0,2026-01-20,muy bien
the river hostel,españa,litera en habitación compartida mixta de 12 camas,1,persona que viaja sola,bien,,,7.0,2026-01-15,muy bien
the river hostel,españa,litera en habitación compartida mixta de 12 camas,2,persona que viaja sola,muy bien,,,8.0,2026-01-15,muy bien
the river hostel,españa,litera en una habitación compartida femenina,1,persona que viaja sola,muy bien,,,8.0,2026-01-14,muy bien
the river hostel,españa,litera en habitación compartida mixta de 12 camas,3,persona que viaja sola,bien,,,7.0,2026-01-14,muy bien
the river hostel,españa,litera en dormitorio compartido mixto con 10 camas,1,grupo,muy bien,,,8.0,2026-01-13,muy bien
the river hostel,españa,cama en habitación compartida mixta de 4 camas,5,persona que viaja sola,muy bien,,,8.0,2026-01-12,muy bien
the river hostel,españa,litera en una habitación compartida femenina,5,persona que viaja sola,bien,,,7.0,2026-01-09,muy bien
the river hostel,españa,litera en habitación compartida mixta de 12 camas,3,persona que viaja sola,fantástico,,,9.0,2026-01-09,muy bien
the river hostel,españa,litera en dormitorio compartido mixto con 10 camas,2,persona que viaja sola,muy bien,,,8.0,2026-01-07,muy bien
the river hostel,españa,litera en habitación compartida mixta de 12 camas,1,persona que viaja sola,fantástico,,,9.0,2025-12-28,muy bien
the river hostel,españa,litera en habitación compartida mixta de 12 camas,1,persona que viaja sola,muy bien,,,8.0,2025-12-28,muy bien
the river hostel,españa,litera en habitación compartida mixta de 12 camas,3,persona que viaja sola,muy bien,,,8.0,2025-12-19,muy bien
the river hostel,españa,litera en habitación compartida mixta de 12 camas,1,persona que viaja sola,muy bien,,,8.0,2025-12-16,muy bien
the river hostel,españa,cama en habitación compartida mixta de 8 camas,2,persona que viaja sola,muy bien,,,8.0,2025-12-12,muy bien
the river hostel,españa,litera en una habitación compartida femenina,1,persona que viaja sola,muy bien,,,8.0,2025-12-10,muy bien
the river hostel,españa,litera en habitación compartida mixta de 12 camas,2,persona que viaja sola,fantástico,,,9.0,2025-12-05,muy bien
the river hostel,españa,litera en dormitorio compartido mixto con 10 camas,2,persona que viaja sola,fantástico,,,9.0,2025-12-01,muy bien
the river hostel,españa,cama en habitación compartida mixta de 4 camas,1,persona que viaja sola,fantástico,,,9.0,2025-11-24,muy bien
the river hostel,españa,litera en habitación compartida mixta de 12 camas,3,persona que viaja sola,fantástico,,,9.0,2025-11-21,muy bien
the river hostel,españa,litera en habitación compartida mixta de 12 camas,1,persona que viaja sola,fantástico,,,9.0,2025-11-13,muy bien
the river hostel,españa,litera en dormitorio compartido mixto con 10 camas,1,pareja,muy bien,,,8.0,2025-11-11,muy bien
the river hostel,españa,litera en una habitación compartida femenina,1,persona que viaja sola,bien,,,7.0,2025-11-10,muy bien
the river hostel,españa,litera en habitación compartida mixta de 12 camas,1,persona que viaja sola,fantástico,,,9.0,2025-11-07,muy bien
the river hostel,españa,litera en habitación compartida mixta de 12 camas,1,persona que viaja sola,muy bien,,,8.0,2025-11-01,muy bien
the river hostel,españa,litera en dormitorio compartido mixto con 10 camas,1,persona que viaja sola,bien,,,7.0,2025-10-29,muy bien
the river hostel,españa,litera en habitación compartida mixta de 12 camas,1,persona que viaja sola,muy bien,,,8.0,2025-10-25,muy bien
the river hostel,españa,litera en habitación compartida mixta de 12 camas,2,persona que viaja sola,fantástico,,,9.0,2025-10-24,muy bien
the river hostel,españa,litera en dormitorio compartido mixto con 10 camas,2,grupo,muy bien,,,8.0,2025-10-21,muy bien
the river hostel,españa,cama en habitación compartida mixta de 6 camas,1,grupo,fantástico,,,9.0,2025-10-19,muy bien
the river hostel,españa,litera en dormitorio compartido mixto con 10 camas,6,persona que viaja sola,muy bien,,,8.0,2025-10-15,muy bien
the river hostel,españa,litera en habitación compartida mixta de 12 camas,1,persona que viaja sola,muy bien,,,8.0,2025-10-13,muy bien
the river hostel,españa,litera en habitación compartida mixta de 12 camas,1,grupo,muy bien,,,8.0,2025-10-07,muy bien
the river hostel,españa,litera en habitación compartida mixta de 12 camas,1,grupo,fantástico,,,9.0,2025-10-07,muy bien
the river hostel,españa,litera en habitación compartida mixta de 12 camas,1,persona que viaja sola,muy bien,,,8.0,2025-10-04,muy bien
the river hostel,españa,litera en habitación compartida mixta de 12 camas,2,persona que viaja sola,fantástico,,,9.0,2025-09-30,muy bien
the river hostel,españa,litera en habitación compartida mixta de 12 camas,1,persona que viaja sola,muy bien,,,8.0,2025-09-30,muy bien
the river hostel,españa,litera en habitación compartida mixta de 12 camas,4,persona que viaja sola,bien,,,7.0,2025-09-30,muy bien
the river hostel,españa,litera en habitación compartida mixta de 12 camas,1,pareja,muy bien,,,8.0,2025-09-27,muy bien
the river hostel,españa,litera en habitación compartida mixta de 12 camas,1,persona que viaja sola,muy bien,,,8.0,2025-09-23,muy bien
the river hostel,españa,litera en una habitación compartida femenina,1,persona que viaja sola,fantástico,,,9.0,2025-09-21,muy bien
the river hostel,españa,litera en habitación compartida mixta de 12 camas,2,persona que viaja sola,muy bien,,,8.0,2025-09-09,muy bien
the river hostel,españa,litera en una habitación compartida femenina,2,persona que viaja sola,muy bien,,,8.0,2025-09-08,muy bien
the river hostel,españa,cama en habitación compartida mixta de 8 camas,3,persona que viaja sola,muy bien,,,8.0,2025-08-30,muy bien
the river hostel,españa,litera en una habitación compartida femenina,3,grupo,muy bien,,,8.0,2025-08-23,muy bien
the river hostel,españa,litera en dormitorio compartido mixto con 10 camas,1,persona que viaja sola,fantástico,,,9.0,2025-08-20,muy bien
the river hostel,españa,litera en habitación compartida mixta de 12 camas,2,persona que viaja sola,bien,,,7.0,2025-08-20,muy bien
the river hostel,españa,litera en habitación compartida mixta de 12 camas,1,persona que viaja sola,fantástico,,,9.0,2025-08-14,muy bien
the river hostel,españa,cama en habitación compartida mixta de 6 camas,3,persona que viaja sola,muy bien,,,8.0,2025-08-12,muy bien
the river hostel,españa,litera en habitación compartida mixta de 12 camas,2,persona que viaja sola,fantástico,,,9.0,2025-08-10,muy bien
the river hostel,españa,litera en habitación compartida mixta de 12 camas,2,persona que viaja sola,bien,,,7.0,2025-08-01,muy bien
the river hostel,españa,litera en una habitación compartida femenina,2,persona que viaja sola,muy bien,,,8.0,2025-07-29,muy bien
the river hostel,españa,litera en habitación compartida mixta de 12 camas,2,persona que viaja sola,bien,,,7.0,2025-07-27,muy bien
the river hostel,españa,litera en una habitación compartida femenina,2,persona que viaja sola,muy bien,,,8.0,2025-07-27,muy bien
the river hostel,españa,litera en una habitación compartida femenina,2,persona que viaja sola,muy bien,,,8.0,2025-07-25,muy bien
the river hostel,españa,litera en habitación compartida mixta de 12 camas,1,persona que viaja sola,muy bien,,,8.0,2025-07-21,muy bien
the river hostel,españa,cama en habitación compartida mixta de 8 camas,1,persona que viaja sola,fantástico,,,9.0,2025-07-18,muy bien
the river hostel,españa,cama en habitación compartida mixta de 4 camas,2,familia,fantástico,,,9.0,2025-07-17,muy bien
the river hostel,españa,litera en dormitorio compartido mixto con 10 camas,1,persona que viaja sola,bien,,,7.0,2025-07-08,muy bien
the river hostel,españa,litera en dormitorio compartido mixto con 10 camas,1,persona que viaja sola,muy bien,,,8.0,2025-07-04,muy bien
the river hostel,españa,litera en dormitorio compartido mixto con 10 camas,3,persona que viaja sola,bien,,,7.0,2025-06-24,muy bien
the river hostel,españa,litera en una habitación compartida femenina,1,persona que viaja sola,muy bien,,,8.0,2025-06-23,muy bien
the river hostel,españa,cama en habitación compartida mixta de 4 camas,1,persona que viaja sola,fantástico,,,9.0,2025-06-23,muy bien
the river hostel,españa,litera en dormitorio compartido mixto con 10 camas,1,persona que viaja sola,muy bien,,,8.0,2025-06-18,muy bien
the river hostel,españa,litera en una habitación compartida femenina,1,persona que viaja sola,fantástico,,,9.0,2025-06-16,muy bien
the river hostel,españa,litera en una habitación compartida femenina,1,persona que viaja sola,muy bien,,,8.0,2025-06-03,muy bien
the river hostel,españa,litera en dormitorio compartido mixto con 10 camas,5,persona que viaja sola,bien,,,7.0,2025-05-31,muy bien
the river hostel,españa,litera en habitación compartida mixta de 12 camas,2,persona que viaja sola,bien,,,7.0,2025-05-29,muy bien
the river hostel,españa,cama en habitación compartida mixta de 6 camas,1,persona que viaja sola,muy bien,,,8.0,2025-05-27,muy bien
the river hostel,españa,litera en una habitación compartida femenina,1,persona que viaja sola,bien,,,7.0,2025-05-24,muy bien
the river hostel,españa,litera en habitación compartida mixta de 12 camas,1,persona que viaja sola,fantástico,,,9.0,2025-05-21,muy bien
the river hostel,españa,litera en dormitorio compartido mixto con 10 camas,1,persona que viaja sola,muy bien,,,8.0,2025-05-16,muy bien
the river hostel,españa,litera en habitación compartida mixta de 12 camas,2,grupo,muy bien,,,8.0,2025-05-11,muy bien
the river hostel,españa,litera en habitación compartida mixta de 12 camas,1,persona que viaja sola,muy bien,,,8.0,2025-05-09,muy bien
the river hostel,españa,litera en dormitorio compartido mixto con 10 camas,3,persona que viaja sola,muy bien,,,8.0,2025-05-07,muy bien
the river hostel,españa,litera en una habitación compartida femenina,2,persona que viaja sola,bien,,,7.0,2025-04-27,muy bien
the river hostel,españa,litera en dormitorio compartido mixto con 10 camas,1,persona que viaja sola,muy bien,,,8.0,2025-04-23,muy bien
the river hostel,españa,litera en habitación compartida mixta de 12 camas,1,persona que viaja sola,bien,,,7.0,2025-04-02,muy bien
the river hostel,españa,litera en habitación compartida mixta de 12 camas,1,persona que viaja sola,muy bien,,,8.0,2025-03-26,muy bien
the river hostel,españa,litera en dormitorio compartido mixto con 10 camas,4,persona que viaja sola,bien,,,7.0,2025-03-23,muy bien
the river hostel,españa,litera en dormitorio compartido mixto con 10 camas,1,persona que viaja sola,muy bien,,,8.0,2025-03-17,muy bien
the river hostel,españa,litera en una habitación compartida femenina,4,persona que viaja sola,fantástico,,,9.0,2025-03-01,muy bien
the river hostel,españa,cama en habitación compartida mixta de 8 camas,1,persona que viaja sola,fantástico,,,9.0,2025-02-25,muy bien
the river hostel,españa,cama en habitación compartida mixta de 6 camas,1,persona que viaja sola,bien,,,7.0,2025-02-18,muy bien
the river hostel,españa,litera en dormitorio compartido mixto con 10 camas,1,persona que viaja sola,muy bien,,,8.0,2025-02-16,muy bien
the river hostel,españa,litera en habitación compartida mixta de 12 camas,1,persona que viaja sola,bien,,,7.0,2025-02-15,muy bien
the river hostel,españa,litera en habitación compartida mixta de 12 camas,1,persona que viaja sola,bien,,,7.0,2025-02-13,muy bien
the river hostel,españa,cama en habitación compartida mixta de 6 camas,2,persona que viaja sola,bien,,,7.0,2025-02-07,muy bien
the river hostel,españa,litera en habitación compartida mixta de 12 camas,1,persona que viaja sola,bien,,,7.0,2025-02-04,muy bien
the river hostel,españa,litera en habitación compartida mixta de 12 camas,2,persona que viaja sola,muy bien,,,8.0,2025-02-04,muy bien
the river hostel,españa,litera en habitación compartida mixta de 12 camas,2,persona que viaja sola,muy bien,,,8.0,2025-01-27,muy bien
the river hostel,españa,cama en habitación compartida mixta de 6 camas,1,persona que viaja sola,muy bien,,,8.0,2025-01-24,muy bien
the river hostel,españa,litera en habitación compartida mixta de 12 camas,2,persona que viaja sola,fantástico,,,9.0,2025-01-20,muy bien
the river hostel,españa,litera en una habitación compartida femenina,3,persona que viaja sola,muy bien,,,8.0,2025-01-17,muy bien
the river hostel,españa,litera en dormitorio compartido mixto con 10 camas,1,persona que viaja sola,muy bien,,,8.0,2025-01-16,muy bien
the river hostel,españa,litera en habitación compartida mixta de 12 camas,3,persona que viaja sola,bien,,,7.0,2025-01-11,muy bien
the river hostel,españa,cama en habitación compartida mixta de 6 camas,1,persona que viaja sola,fantástico,,,9.0,2025-01-10,muy bien
the river hostel,españa,litera en habitación compartida mixta de 12 camas,1,persona que viaja sola,fantástico,,,9.0,2025-01-09,muy bien
the river hostel,españa,litera en habitación compartida mixta de 12 camas,1,persona que viaja sola,muy bien,,,8.0,2024-12-31,muy bien
the river hostel,españa,litera en dormitorio compartido mixto con 10 camas,2,persona que viaja sola,fantástico,,,9.0,2024-12-30,muy bien
the river hostel,españa,litera en habitación compartida mixta de 12 camas,1,persona que viaja sola,bien,,,7.0,2024-12-25,muy bien
the river hostel,españa,cama en habitación compartida mixta de 4 camas,3,persona que viaja sola,muy bien,,,8.0,2024-12-25,muy bien
the river hostel,españa,litera en dormitorio compartido mixto con 10 camas,1,persona que viaja sola,fantástico,,,9.0,2024-12-24,muy bien
the river hostel,españa,litera en una habitación compartida femenina,1,persona que viaja sola,fantástico,,,9.0,2024-12-21,muy bien
the river hostel,españa,litera en habitación compartida mixta de 12 camas,2,persona que viaja sola,fantástico,,,9.0,2024-12-20,muy bien
the river hostel,españa,litera en una habitación compartida femenina,1,persona que viaja sola,muy bien,,,8.0,2024-12-16,muy bien
the river hostel,españa,litera en habitación compartida mixta de 12 camas,3,persona que viaja sola,fantástico,,,9.0,2024-12-15,muy bien
the river hostel,españa,litera en dormitorio compartido mixto con 10 camas,8,persona que viaja sola,fantástico,,,9.0,2024-12-12,muy bien
the river hostel,españa,litera en habitación compartida mixta de 12 camas,1,persona que viaja sola,muy bien,,,8.0,2024-12-08,muy bien
the river hostel,españa,litera en una habitación compartida femenina,1,persona que viaja sola,fantástico,,,9.0,2024-12-06,muy bien
the river hostel,españa,litera en habitación compartida mixta de 12 camas,6,persona que viaja sola,fantástico,,,9.0,2024-12-03,muy bien
the river hostel,españa,litera en habitación compartida mixta de 12 camas,2,persona que viaja sola,muy bien,,,8.0,2024-12-02,muy bien
the river hostel,españa,litera en dormitorio compartido mixto con 10 camas,1,persona que viaja sola,muy bien,,,8.0,2024-11-28,muy bien
the river hostel,españa,cama en habitación compartida mixta de 6 camas,1,persona que viaja sola,bien,,,7.0,2024-11-20,muy bien
the river hostel,españa,cama en habitación compartida mixta de 8 camas,4,persona que viaja sola,muy bien,,,8.0,2024-11-20,muy bien
the river hostel,españa,cama en habitación compartida mixta de 8 camas,1,persona que viaja sola,muy bien,,,8.0,2024-11-17,muy bien
the river hostel,españa,cama en habitación compartida mixta de 8 camas,2,persona que viaja sola,muy bien,,,8.0,2024-11-15,muy bien
the river hostel,españa,cama en habitación compartida mixta de 8 camas,1,grupo,bien,,,7.0,2024-11-11,muy bien
the river hostel,españa,litera en habitación compartida mixta de 12 camas,2,persona que viaja sola,fantástico,,,9.0,2024-11-11,muy bien
the river hostel,españa,litera en dormitorio compartido mixto con 10 camas,1,grupo,bien,,,7.0,2024-11-10,muy bien
the river hostel,españa,cama en habitación compartida mixta de 4 camas,2,grupo,bien,,,7.0,2024-11-02,muy bien
the river hostel,españa,litera en dormitorio compartido mixto con 10 camas,1,persona que viaja sola,fantástico,,,9.0,2024-11-01,muy bien
the river hostel,españa,cama en habitación compartida mixta de 4 camas,1,persona que viaja sola,fantástico,,,9.0,2024-11-01,muy bien
the river hostel,españa,cama en habitación compartida mixta de 6 camas,1,persona que viaja sola,bien,,,7.0,2024-10-30,muy bien
the river hostel,españa,litera en una habitación compartida femenina,1,persona que viaja sola,muy bien,,,8.0,2024-10-28,muy bien
the river hostel,españa,litera en habitación compartida mixta de 12 camas,2,grupo,fantástico,,,9.0,2024-10-27,muy bien
the river hostel,españa,litera en dormitorio compartido mixto con 10 camas,4,persona que viaja sola,muy bien,,,8.0,2024-10-25,muy bien
the river hostel,españa,litera en habitación compartida mixta de 12 camas,1,persona que viaja sola,muy bien,,,8.0,2024-10-25,muy bien
the river hostel,españa,litera en una habitación compartida femenina,2,persona que viaja sola,muy bien,,,8.0,2024-10-24,muy bien
the river hostel,españa,litera en una habitación compartida femenina,1,persona que viaja sola,fantástico,,,9.0,2024-10-24,muy bien
the river hostel,españa,litera en habitación compartida mixta de 12 camas,2,persona que viaja sola,bien,,,7.0,2024-10-19,muy bien
the river hostel,españa,litera en dormitorio compartido mixto con 10 camas,1,persona que viaja sola,fantástico,,,9.0,2024-10-17,muy bien
the river hostel,españa,litera en una habitación compartida femenina,3,persona que viaja sola,muy bien,,,8.0,2024-10-13,muy bien
the river hostel,españa,litera en dormitorio compartido mixto con 10 camas,1,persona que viaja sola,fantástico,,,9.0,2024-10-08,muy bien
the river hostel,españa,litera en habitación compartida mixta de 12 camas,1,persona que viaja sola,muy bien,,,8.0,2024-10-07,muy bien
the river hostel,españa,cama en habitación compartida mixta de 6 camas,1,persona que viaja sola,bien,,,7.0,2024-10-04,muy bien
the river hostel,españa,litera en habitación compartida mixta de 12 camas,1,persona que viaja sola,bien,,,7.0,2024-09-24,muy bien
the river hostel,españa,cama en habitación compartida mixta de 6 camas,1,persona que viaja sola,bien,,,7.0,2024-09-23,muy bien
the river hostel,españa,litera en una habitación compartida femenina,2,persona que viaja sola,muy bien,,,8.0,2024-09-19,muy bien
the river hostel,españa,cama en habitación compartida mixta de 4 camas,4,persona que viaja sola,muy bien,,,8.0,2024-09-17,muy bien
the river hostel,españa,litera en dormitorio compartido mixto con 10 camas,2,persona que viaja sola,fantástico,,,9.0,2024-09-16,muy bien
the river hostel,españa,litera en habitación compartida mixta de 12 camas,1,persona que viaja sola,fantástico,,,9.0,2024-09-10,muy bien
the river hostel,españa,litera en dormitorio compartido mixto con 10 camas,1,persona que viaja sola,muy bien,,,8.0,2024-09-09,muy bien
the river hostel,españa,litera en dormitorio compartido mixto con 10 camas,4,persona que viaja sola,muy bien,,,8.0,2024-09-09,muy bien
the river hostel,españa,cama en habitación compartida mixta de 6 camas,1,grupo,muy bien,,,8.0,2024-09-07,muy bien
the river hostel,españa,litera en una habitación compartida femenina,1,persona que viaja sola,fantástico,,,9.0,2024-09-04,muy bien
the river hostel,españa,litera en habitación compartida mixta de 12 camas,2,persona que viaja sola,muy bien,,,8.0,2024-08-29,muy bien
the river hostel,españa,litera en habitación compartida mixta de 12 camas,3,grupo,muy bien,,,8.0,2024-08-26,muy bien
the river hostel,españa,litera en habitación compartida mixta de 12 camas,2,grupo,muy bien,,,8.0,2024-08-25,muy bien
the river hostel,españa,litera en habitación compartida mixta de 12 camas,3,persona que viaja sola,fantástico,,,9.0,2024-08-25,muy bien
the river hostel,españa,cama en habitación compartida mixta de 6 camas,1,grupo,muy bien,,,8.0,2024-08-16,muy bien
the river hostel,españa,litera en dormitorio compartido mixto con 10 camas,2,persona que viaja sola,bien,,,7.0,2024-08-16,muy bien
the river hostel,españa,litera en habitación compartida mixta de 12 camas,1,grupo,muy bien,,,8.0,2024-08-11,muy bien
the river hostel,españa,litera en dormitorio compartido mixto con 10 camas,1,persona que viaja sola,muy bien,,,8.0,2024-08-10,muy bien
the river hostel,españa,litera en dormitorio compartido mixto con 10 camas,3,persona que viaja sola,muy bien,,,8.0,2024-07-28,muy bien
the river hostel,españa,litera en habitación compartida mixta de 12 camas,2,persona que viaja sola,bien,,,7.0,2024-07-24,muy bien
the river hostel,españa,litera en habitación compartida mixta de 12 camas,1,persona que viaja sola,fantástico,,,9.0,2024-07-19,muy bien
the river hostel,españa,litera en dormitorio compartido mixto con 10 camas,1,grupo,muy bien,,,8.0,2024-07-12,muy bien
the river hostel,españa,litera en habitación compartida mixta de 12 camas,2,grupo,fantástico,,,9.0,2024-07-08,muy bien
the river hostel,españa,litera en dormitorio compartido mixto con 10 camas,2,grupo,muy bien,,,8.0,2024-07-03,muy bien
the river hostel,españa,litera en dormitorio compartido mixto con 10 camas,2,persona que viaja sola,fantástico,,,9.0,2024-06-25,muy bien
the river hostel,españa,litera en habitación compartida mixta de 12 camas,2,persona que viaja sola,muy bien,,,8.0,2024-06-13,muy bien
the river hostel,españa,litera en dormitorio compartido mixto con 10 camas,1,persona que viaja sola,fantástico,,,9.0,2024-06-10,muy bien
the river hostel,españa,litera en dormitorio compartido mixto con 10 camas,2,pareja,muy bien,,,8.0,2024-06-05,muy bien
the river hostel,españa,litera en habitación compartida mixta de 12 camas,1,pareja,bien,,,7.0,2024-05-19,muy bien
the river hostel,españa,litera en dormitorio compartido mixto con 10 camas,3,persona que viaja sola,fantástico,,,9.0,2024-05-15,muy bien
the river hostel,españa,litera en dormitorio compartido mixto con 10 camas,2,persona que viaja sola,muy bien,,,8.0,2024-05-15,muy bien
the river hostel,españa,cama en habitación compartida mixta de 6 camas,2,pareja,bien,,,7.0,2024-04-26,muy bien
the river hostel,españa,litera en habitación compartida mixta de 12 camas,1,persona que viaja sola,muy bien,,,8.0,2024-04-13,muy bien
the river hostel,españa,cama en habitación compartida mixta de 6 camas,1,persona que viaja sola,fantástico,,,9.0,2024-04-04,muy bien
the river hostel,españa,litera en una habitación compartida femenina,1,persona que viaja sola,bien,,,7.0,2024-03-31,muy bien
the river hostel,españa,litera en habitación compartida mixta de 12 camas,4,persona que viaja sola,fantástico,,,9.0,2024-03-29,muy bien
the river hostel,españa,cama en habitación compartida mixta de 6 camas,2,persona que viaja sola,muy bien,,,8.0,2024-03-28,muy bien
the river hostel,españa,cama en habitación compartida mixta de 6 camas,2,grupo,muy bien,,,8.0,2024-03-24,muy bien
the river hostel,españa,cama en habitación compartida mixta de 8 camas,1,persona que viaja sola,fantástico,,,9.0,2024-03-22,muy bien
the river hostel,españa,litera en una habitación compartida femenina,2,persona que viaja sola,muy bien,,,8.0,2024-03-14,muy bien
the river hostel,españa,cama en habitación compartida mixta de 6 camas,1,persona que viaja sola,muy bien,,,8.0,2024-03-12,muy bien
the river hostel,españa,litera en una habitación compartida femenina,1,grupo,muy bien,,,8.0,2024-03-12,muy bien
the river hostel,españa,litera en dormitorio compartido mixto con 10 camas,3,persona que viaja sola,bien,,,7.0,2024-03-08,muy bien
the river hostel,españa,litera en habitación compartida mixta de 12 camas,2,persona que viaja sola,fantástico,,,9.0,2024-03-02,muy bien
the river hostel,españa,cama en habitación compartida mixta de 4 camas,1,grupo,muy bien,,,8.0,2024-02-12,muy bien
the river hostel,españa,litera en habitación compartida mixta de 12 camas,1,persona que viaja sola,fantástico,,,9.0,2024-02-10,muy bien
the river hostel,españa,litera en habitación compartida mixta de 12 camas,2,persona que viaja sola,bien,,,7.0,2024-02-07,muy bien
the river hostel,españa,litera en habitación compartida mixta de 12 camas,1,persona que viaja sola,fantástico,,,9.0,2024-01-28,muy bien
the river hostel,españa,litera en una habitación compartida femenina,7,persona que viaja sola,muy bien,,,8.0,2024-01-22,muy bien
the river hostel,españa,litera en habitación compartida mixta de 12 camas,1,persona que viaja sola,fantástico,,,9.0,2024-01-20,muy bien
the river hostel,españa,litera en dormitorio compartido mixto con 10 camas,1,persona que viaja sola,muy bien,,,8.0,2024-01-19,muy bien
the river hostel,españa,litera en dormitorio compartido mixto con 10 camas,1,persona que viaja sola,muy bien,,,8.0,2024-01-16,muy bien
the river hostel,españa,litera en dormitorio compartido mixto con 10 camas,2,persona que viaja sola,muy bien,,,8.0,2024-01-15,muy bien
the river hostel,españa,cama en habitación compartida mixta de 4 camas,1,persona que viaja sola,fantástico,,,9.0,2024-01-13,muy bien
the river hostel,españa,litera en una habitación compartida femenina,1,persona que viaja sola,fantástico,,,9.0,2024-01-06,muy bien
the river hostel,españa,litera en habitación compartida mixta de 12 camas,1,persona que viaja sola,muy bien,,,8.0,2024-01-02,muy bien
the river hostel,españa,cama en habitación compartida mixta de 4 camas,2,persona que viaja sola,bien,,,7.0,2023-12-23,muy bien
the river hostel,españa,litera en dormitorio compartido mixto con 10 camas,1,pareja,buena experiencia pero falta limpieza,,,8.0,2023-12-21,muy bien
the river hostel,españa,cama en habitación compartida mixta de 4 camas,2,persona que viaja sola,muy bien,,,8.0,2023-12-18,muy bien
the river hostel,españa,litera en una habitación compartida femenina,1,persona que viaja sola,muy bien,,,8.0,2023-12-18,muy bien
the river hostel,españa,litera en habitación compartida mixta de 12 camas,1,persona que viaja sola,fantástico,,,9.0,2023-12-17,muy bien
the river hostel,españa,litera en dormitorio compartido mixto con 10 camas,2,persona que viaja sola,muy bien,,,8.0,2023-12-14,muy bien
the river hostel,españa,litera en una habitación compartida femenina,3,grupo,muy bien,,,8.0,2023-12-11,muy bien
the river hostel,españa,cama en habitación compartida mixta de 6 camas,2,persona que viaja sola,bien,,,7.0,2023-12-11,muy bien
the river hostel,españa,litera en una habitación compartida femenina,2,persona que viaja sola,fantástico,,,9.0,2023-12-10,muy bien
the river hostel,españa,litera en habitación compartida mixta de 12 camas,2,persona que viaja sola,muy bien,,,8.0,2023-11-22,muy bien
the river hostel,españa,cama en habitación compartida mixta de 4 camas,1,grupo,muy bien,,,8.0,2023-11-16,muy bien
the river hostel,españa,litera en habitación compartida mixta de 12 camas,1,persona que viaja sola,muy bien,,,8.0,2023-11-15,muy bien
the river hostel,españa,litera en dormitorio compartido mixto con 10 camas,3,persona que viaja sola,muy bien,,,8.0,2023-11-14,muy bien
the river hostel,españa,litera en dormitorio compartido mixto con 10 camas,1,persona que viaja sola,fantástico,,,9.0,2023-11-13,muy bien
the river hostel,españa,cama en habitación compartida mixta de 4 camas,2,persona que viaja sola,muy bien,,,8.0,2023-11-10,muy bien
the river hostel,españa,litera en habitación compartida mixta de 12 camas,2,persona que viaja sola,muy bien,,,8.0,2023-11-07,muy bien
the river hostel,españa,litera en dormitorio compartido mixto con 10 camas,2,persona que viaja sola,muy bien,,,8.0,2023-10-30,muy bien
the river hostel,españa,litera en dormitorio compartido mixto con 10 camas,5,pareja,muy bien,,,8.0,2023-10-28,muy bien
the river hostel,españa,litera en una habitación compartida femenina,1,persona que viaja sola,bien,,,7.0,2023-10-20,muy bien
the river hostel,españa,litera en habitación compartida mixta de 12 camas,3,persona que viaja sola,bien,,,7.0,2023-10-16,muy bien
the river hostel,españa,litera en una habitación compartida femenina,1,grupo,fantástico,,,9.0,2023-10-08,muy bien
the river hostel,españa,litera en habitación compartida mixta de 12 camas,2,persona que viaja sola,muy bien,,,8.0,2023-10-03,muy bien
the river hostel,españa,cama en habitación compartida mixta de 8 camas,1,persona que viaja sola,fantástico,,,9.0,2023-09-25,muy bien
the river hostel,españa,litera en habitación compartida mixta de 12 camas,1,persona que viaja sola,bien,,,7.0,2023-09-15,muy bien
the river hostel,españa,cama en habitación compartida mixta de 4 camas,4,grupo,muy bien,,,8.0,2023-09-08,muy bien
the river hostel,españa,litera en habitación compartida mixta de 12 camas,1,pareja,bien,,,7.0,2023-09-04,muy bien
the river hostel,españa,litera en una habitación compartida femenina,1,grupo,bien,,,7.0,2023-09-04,muy bien
the river hostel,españa,litera en dormitorio compartido mixto con 10 camas,5,persona que viaja sola,fantástico,,,9.0,2023-08-29,muy bien
the river hostel,españa,cama en habitación compartida mixta de 6 camas,1,persona que viaja sola,fantástico,,,9.0,2023-08-26,muy bien
the river hostel,españa,cama en habitación compartida mixta de 4 camas,2,grupo,fantástico,,,9.0,2023-08-26,muy bien
the river hostel,españa,litera en habitación compartida mixta de 12 camas,3,persona que viaja sola,muy bien,,,8.0,2023-08-25,muy bien
the river hostel,españa,cama en habitación compartida mixta de 4 camas,4,persona que viaja sola,fantástico,,,9.0,2023-08-18,muy bien
the river hostel,españa,litera en dormitorio compartido mixto con 10 camas,2,persona que viaja sola,muy bien,,,8.0,2023-08-17,muy bien
the river hostel,españa,litera en una habitación compartida femenina,1,persona que viaja sola,muy bien,,,8.0,2023-08-14,muy bien
the river hostel,españa,litera en habitación compartida mixta de 12 camas,2,grupo,muy bien,,,8.0,2023-08-11,muy bien
the river hostel,españa,cama en habitación compartida mixta de 4 camas,1,grupo,fantástico,,,9.0,2023-08-05,muy bien
the river hostel,españa,litera en una habitación compartida femenina,2,persona que viaja sola,fantástico,,,9.0,2023-08-05,muy bien
the river hostel,españa,litera en dormitorio compartido mixto con 10 camas,1,persona que viaja sola,muy bien,,,8.0,2023-08-03,muy bien
the river hostel,españa,litera en habitación compartida mixta de 12 camas,1,persona que viaja sola,muy bien,,,8.0,2023-08-02,muy bien
the river hostel,españa,litera en una habitación compartida femenina,2,persona que viaja sola,fantástico,,,9.0,2023-08-02,muy bien
the river hostel,españa,litera en habitación compartida mixta de 12 camas,1,persona que viaja sola,muy bien,,,8.0,2023-07-30,muy bien
the river hostel,españa,litera en dormitorio compartido mixto con 10 camas,1,persona que viaja sola,muy bien,,,8.0,2023-07-26,muy bien
the river hostel,españa,cama en habitación compartida mixta de 4 camas,2,persona que viaja sola,fantástico,,,9.0,2023-07-22,muy bien
the river hostel,españa,cama en habitación compartida mixta de 4 camas,1,persona que viaja sola,muy bien,,,8.0,2023-07-21,muy bien
the river hostel,españa,cama en habitación compartida mixta de 4 camas,2,familia,bien,,,7.0,2023-07-17,muy bien
the river hostel,españa,litera en habitación compartida mixta de 12 camas,1,grupo,fantástico,,,9.0,2023-07-13,muy bien
the river hostel,españa,cama en habitación compartida mixta de 4 camas,1,persona que viaja sola,muy bien,,,8.0,2023-07-08,muy bien
the river hostel,españa,litera en dormitorio compartido mixto con 10 camas,2,persona que viaja sola,muy bien,,,8.0,2023-07-03,muy bien
the river hostel,españa,cama en habitación compartida mixta de 6 camas,1,persona que viaja sola,muy bien,,,8.0,2023-06-24,muy bien
the river hostel,españa,cama en habitación compartida mixta de 6 camas,1,persona que viaja sola,muy bien,,,8.0,2023-06-20,muy bien
the river hostel,españa,litera en dormitorio compartido mixto con 10 camas,1,persona que viaja sola,muy bien,,,8.0,2023-06-18,muy bien
the river hostel,españa,cama en habitación compartida mixta de 4 camas,1,persona que viaja sola,muy bien,,,8.0,2023-06-17,muy bien
the river hostel,españa,litera en dormitorio compartido mixto con 10 camas,3,grupo,fantástico,,,9.0,2023-06-15,muy bien
the river hostel,españa,cama en habitación compartida mixta de 4 camas,1,persona que viaja sola,bien,,,7.0,2023-06-08,muy bien
the river hostel,españa,cama en habitación compartida mixta de 6 camas,1,persona que viaja sola,muy bien,,,8.0,2023-06-07,muy bien
the river hostel,españa,litera en dormitorio compartido mixto con 10 camas,2,grupo,fantástico,,,9.0,2023-06-04,muy bien
the river hostel,españa,cama en habitación compartida mixta de 8 camas,1,persona que viaja sola,fantástico,,,9.0,2023-05-31,muy bien
the river hostel,españa,litera en dormitorio compartido mixto con 10 camas,2,persona que viaja sola,muy bien,,,8.0,2023-05-30,muy bien
the river hostel,españa,litera en una habitación compartida femenina,3,persona que viaja sola,muy bien,,,8.0,2023-05-21,muy bien
the river hostel,españa,cama en habitación compartida mixta de 8 camas,1,persona que viaja sola,muy bien,,,8.0,2023-05-18,muy bien
the river hostel,españa,litera en una habitación compartida femenina,4,persona que viaja sola,bien,,,7.0,2023-05-18,muy bien
the river hostel,españa,cama en habitación compartida mixta de 4 camas,1,persona que viaja sola,muy bien,,,8.0,2023-05-09,muy bien
the river hostel,españa,litera en dormitorio compartido mixto con 10 camas,2,grupo,fantástico,,,9.0,2023-05-08,muy bien
the river hostel,españa,cama en habitación compartida mixta de 4 camas,3,persona que viaja sola,fantástico,,,9.0,2023-05-01,muy bien
the river hostel,españa,litera en habitación compartida mixta de 12 camas,1,grupo,bien,,,7.0,2023-04-28,muy bien
the river hostel,españa,cama en habitación compartida mixta de 8 camas,3,persona que viaja sola,bien,,,7.0,2023-04-24,muy bien
the river hostel,españa,litera en dormitorio compartido mixto con 10 camas,2,persona que viaja sola,bien,,,7.0,2023-04-24,muy bien
the river hostel,españa,litera en habitación compartida mixta de 12 camas,1,persona que viaja sola,fantástico,,,9.0,2023-04-17,muy bien
the river hostel,españa,litera en una habitación compartida femenina,1,persona que viaja sola,excepcional,,,10.0,2026-04-16,muy bien
the river hostel,españa,litera en habitación compartida mixta de 12 camas,1,persona que viaja sola,excepcional,,,10.0,2026-04-09,muy bien
the river hostel,españa,litera en dormitorio compartido mixto con 10 camas,1,persona que viaja sola,pésimo,,,1.0,2026-04-08,muy bien
the river hostel,españa,cama en habitación compartida mixta de 8 camas,1,grupo,agradable,,,6.0,2026-04-05,muy bien
the river hostel,españa,litera en habitación compartida mixta de 12 camas,1,persona que viaja sola,excepcional,,,10.0,2026-04-05,muy bien
the river hostel,españa,litera en dormitorio compartido mixto con 10 camas,3,persona que viaja sola,excepcional,,,10.0,2026-04-04,muy bien
the river hostel,españa,litera en dormitorio compartido mixto con 10 camas,1,persona que viaja sola,aceptable,,,5.0,2026-04-01,muy bien
the river hostel,españa,litera en dormitorio compartido mixto con 10 camas,3,persona que viaja sola,decepcionante,,,4.0,2026-03-31,muy bien
the river hostel,españa,litera en dormitorio compartido mixto con 10 camas,1,persona que viaja sola,excepcional,,,10.0,2026-03-23,muy bien
the river hostel,españa,litera en dormitorio compartido mixto con 10 camas,1,persona que viaja sola,excepcional,,,10.0,2026-03-20,muy bien
the river hostel,españa,litera en dormitorio compartido mixto con 10 camas,2,persona que viaja sola,aceptable,,,5.0,2026-03-19,muy bien
the river hostel,españa,litera en dormitorio compartido mixto con 10 camas,1,persona que viaja sola,excepcional,,,10.0,2026-03-16,muy bien
the river hostel,españa,litera en dormitorio compartido mixto con 10 camas,3,persona que viaja sola,excepcional,,,10.0,2026-03-16,muy bien
the river hostel,españa,litera en habitación compartida mixta de 12 camas,1,persona que viaja sola,agradable,,,6.0,2026-03-10,muy bien
the river hostel,españa,litera en habitación compartida mixta de 12 camas,4,persona que viaja sola,excepcional,,,10.0,2026-03-03,muy bien
the river hostel,españa,cama en habitación compartida mixta de 6 camas,3,persona que viaja sola,excepcional,,,10.0,2026-03-03,muy bien
the river hostel,españa,litera en habitación compartida mixta de 12 camas,2,persona que viaja sola,aceptable,,,5.0,2026-03-01,muy bien
the river hostel,españa,litera en habitación compartida mixta de 12 camas,2,persona que viaja sola,excepcional,,,10.0,2026-03-01,muy bien
the river hostel,españa,litera en habitación compartida mixta de 12 camas,1,persona que viaja sola,excepcional,,,10.0,2026-02-28,muy bien
the river hostel,españa,litera en habitación compartida mixta de 12 camas,3,persona que viaja sola,decepcionante,,,4.0,2026-02-21,muy bien
the river hostel,españa,litera en habitación compartida mixta de 12 camas,2,persona que viaja sola,excepcional,,,10.0,2026-02-20,muy bien
the river hostel,españa,litera en una habitación compartida femenina,4,persona que viaja sola,mal,,,3.0,2026-02-19,muy bien
the river hostel,españa,litera en una habitación compartida femenina,4,persona que viaja sola,pésimo,,,1.0,2026-02-19,muy bien
the river hostel,españa,litera en dormitorio compartido mixto con 10 camas,2,persona que viaja sola,excepcional,,,10.0,2026-02-16,muy bien
the river hostel,españa,litera en habitación compartida mixta de 12 camas,2,persona que viaja sola,muy mal,,,2.0,2026-02-16,muy bien
the river hostel,españa,litera en habitación compartida mixta de 12 camas,2,persona que viaja sola,excepcional,,,10.0,2026-02-08,muy bien
the river hostel,españa,litera en una habitación compartida femenina,3,persona que viaja sola,excepcional,,,10.0,2026-02-05,muy bien
the river hostel,españa,litera en habitación compartida mixta de 12 camas,1,persona que viaja sola,aceptable,,,5.0,2026-02-03,muy bien
the river hostel,españa,litera en habitación compartida mixta de 12 camas,1,persona que viaja sola,excepcional,,,10.0,2026-02-02,muy bien
the river hostel,españa,litera en habitación compartida mixta de 12 camas,1,persona que viaja sola,excepcional,,,10.0,2026-01-28,muy bien
the river hostel,españa,litera en habitación compartida mixta de 12 camas,4,persona que viaja sola,excepcional,,,10.0,2026-01-28,muy bien
the river hostel,españa,litera en habitación compartida mixta de 12 camas,3,persona que viaja sola,aceptable,,,5.0,2026-01-27,muy bien
the river hostel,españa,cama en habitación compartida mixta de 4 camas,1,persona que viaja sola,excepcional,,,10.0,2026-01-27,muy bien
the river hostel,españa,litera en habitación compartida mixta de 12 camas,1,persona que viaja sola,decepcionante,,,4.0,2026-01-26,muy bien
the river hostel,españa,litera en habitación compartida mixta de 12 camas,2,persona que viaja sola,excepcional,,,10.0,2026-01-21,muy bien
the river hostel,españa,litera en habitación compartida mixta de 12 camas,1,pareja,excepcional,,,10.0,2026-01-12,muy bien
the river hostel,españa,litera en habitación compartida mixta de 12 camas,1,persona que viaja sola,excepcional,,,10.0,2026-01-10,muy bien
the river hostel,españa,litera en habitación compartida mixta de 12 camas,1,persona que viaja sola,excepcional,,,10.0,2026-01-09,muy bien
the river hostel,españa,litera en dormitorio compartido mixto con 10 camas,1,persona que viaja sola,decepcionante,,,4.0,2026-01-09,muy bien
the river hostel,españa,litera en dormitorio compartido mixto con 10 camas,1,persona que viaja sola,aceptable,,,5.0,2026-01-09,muy bien
the river hostel,españa,litera en habitación compartida mixta de 12 camas,1,persona que viaja sola,excepcional,,,10.0,2026-01-07,muy bien
the river hostel,españa,litera en habitación compartida mixta de 12 camas,3,persona que viaja sola,mal,,,3.0,2026-01-06,muy bien
the river hostel,españa,cama en habitación compartida mixta de 8 camas,3,persona que viaja sola,agradable,,,6.0,2026-01-06,muy bien
the river hostel,españa,litera en habitación compartida mixta de 12 camas,3,pareja,excepcional,,,10.0,2026-01-04,muy bien
the river hostel,españa,litera en habitación compartida mixta de 12 camas,2,persona que viaja sola,excepcional,,,10.0,2026-01-04,muy bien
the river hostel,españa,litera en una habitación compartida femenina,1,persona que viaja sola,excepcional,,,10.0,2026-01-04,muy bien
the river hostel,españa,litera en habitación compartida mixta de 12 camas,1,persona que viaja sola,excepcional,,,10.0,2026-01-02,muy bien
the river hostel,españa,litera en habitación compartida mixta de 12 camas,2,persona que viaja sola,excepcional,,,10.0,2026-01-01,muy bien
the river hostel,españa,cama en habitación compartida mixta de 4 camas,2,persona que viaja sola,excepcional,,,10.0,2025-12-30,muy bien
the river hostel,españa,cama en habitación compartida mixta de 4 camas,4,persona que viaja sola,excepcional,,,10.0,2025-12-30,muy bien
the river hostel,españa,litera en habitación compartida mixta de 12 camas,3,persona que viaja sola,excepcional,,,10.0,2025-12-30,muy bien
the river hostel,españa,cama en habitación compartida mixta de 4 camas,2,persona que viaja sola,excepcional,,,10.0,2025-12-28,muy bien
the river hostel,españa,litera en habitación compartida mixta de 12 camas,1,persona que viaja sola,excepcional,,,10.0,2025-12-28,muy bien
the river hostel,españa,litera en habitación compartida mixta de 12 camas,1,grupo,excepcional,,,10.0,2025-12-25,muy bien
the river hostel,españa,litera en habitación compartida mixta de 12 camas,1,persona que viaja sola,decepcionante,,,4.0,2025-12-20,muy bien
the river hostel,españa,litera en una habitación compartida femenina,1,persona que viaja sola,excepcional,,,10.0,2025-12-18,muy bien
the river hostel,españa,litera en habitación compartida mixta de 12 camas,1,persona que viaja sola,pésimo,,,1.0,2025-12-18,muy bien
the river hostel,españa,litera en una habitación compartida femenina,2,persona que viaja sola,excepcional,,,10.0,2025-12-16,muy bien
the river hostel,españa,litera en una habitación compartida femenina,2,persona que viaja sola,excepcional,,,10.0,2025-12-15,muy bien
the river hostel,españa,litera en habitación compartida mixta de 12 camas,2,persona que viaja sola,agradable,,,6.0,2025-11-27,muy bien
the river hostel,españa,litera en una habitación compartida femenina,1,persona que viaja sola,excepcional,,,10.0,2025-11-27,muy bien
the river hostel,españa,litera en habitación compartida mixta de 12 camas,1,persona que viaja sola,excepcional,,,10.0,2025-11-22,muy bien
the river hostel,españa,litera en una habitación compartida femenina,2,persona que viaja sola,excepcional,,,10.0,2025-11-19,muy bien
the river hostel,españa,litera en habitación compartida mixta de 12 camas,3,persona que viaja sola,excepcional,,,10.0,2025-11-17,muy bien
the river hostel,españa,litera en habitación compartida mixta de 12 camas,2,persona que viaja sola,excepcional,,,10.0,2025-11-08,muy bien
the river hostel,españa,litera en dormitorio compartido mixto con 10 camas,2,persona que viaja sola,excepcional,,,10.0,2025-11-03,muy bien
the river hostel,españa,litera en habitación compartida mixta de 12 camas,2,persona que viaja sola,excepcional,,,10.0,2025-11-02,muy bien
the river hostel,españa,litera en habitación compartida mixta de 12 camas,1,persona que viaja sola,excepcional,,,10.0,2025-10-31,muy bien
the river hostel,españa,cama en habitación compartida mixta de 4 camas,2,persona que viaja sola,excepcional,,,10.0,2025-10-31,muy bien
the river hostel,españa,cama en habitación compartida mixta de 4 camas,2,persona que viaja sola,excepcional,,,10.0,2025-10-23,muy bien
the river hostel,españa,litera en dormitorio compartido mixto con 10 camas,1,persona que viaja sola,excepcional,,,10.0,2025-10-14,muy bien
the river hostel,españa,litera en habitación compartida mixta de 12 camas,3,persona que viaja sola,excepcional,,,10.0,2025-09-28,muy bien
the river hostel,españa,litera en una habitación compartida femenina,1,grupo,excepcional,,,10.0,2025-09-21,muy bien
the river hostel,españa,litera en habitación compartida mixta de 12 camas,1,persona que viaja sola,excepcional,,,10.0,2025-09-21,muy bien
the river hostel,españa,litera en dormitorio compartido mixto con 10 camas,3,persona que viaja sola,excepcional,,,10.0,2025-09-12,muy bien
the river hostel,españa,litera en habitación compartida mixta de 12 camas,2,persona que viaja sola,excepcional,,,10.0,2025-09-08,muy bien
the river hostel,españa,cama en habitación compartida mixta de 8 camas,1,persona que viaja sola,excepcional,,,10.0,2025-09-06,muy bien
the river hostel,españa,litera en habitación compartida mixta de 12 camas,2,persona que viaja sola,excepcional,,,10.0,2025-09-04,muy bien
the river hostel,españa,litera en habitación compartida mixta de 12 camas,1,persona que viaja sola,excepcional,,,10.0,2025-09-01,muy bien
the river hostel,españa,litera en dormitorio compartido mixto con 10 camas,1,persona que viaja sola,excepcional,,,10.0,2025-09-01,muy bien
the river hostel,españa,litera en dormitorio compartido mixto con 10 camas,3,persona que viaja sola,excepcional,,,10.0,2025-08-31,muy bien
the river hostel,españa,litera en dormitorio compartido mixto con 10 camas,1,persona que viaja sola,agradable,,,6.0,2025-08-29,muy bien
the river hostel,españa,litera en habitación compartida mixta de 12 camas,1,persona que viaja sola,excepcional,,,10.0,2025-08-29,muy bien
the river hostel,españa,cama en habitación compartida mixta de 8 camas,1,persona que viaja sola,excepcional,,,10.0,2025-08-26,muy bien
the river hostel,españa,litera en habitación compartida mixta de 12 camas,2,persona que viaja sola,excepcional,,,10.0,2025-08-12,muy bien
the river hostel,españa,litera en una habitación compartida femenina,1,persona que viaja sola,excepcional,,,10.0,2025-08-12,muy bien
the river hostel,españa,litera en habitación compartida mixta de 12 camas,1,grupo,excepcional,,,10.0,2025-08-11,muy bien
the river hostel,españa,litera en habitación compartida mixta de 12 camas,1,persona que viaja sola,excepcional,,,10.0,2025-07-17,muy bien
the river hostel,españa,litera en dormitorio compartido mixto con 10 camas,1,persona que viaja sola,excepcional,,,10.0,2025-07-17,muy bien
the river hostel,españa,litera en habitación compartida mixta de 12 camas,1,pareja,excepcional,,,10.0,2025-07-15,muy bien
the river hostel,españa,litera en habitación compartida mixta de 12 camas,1,persona que viaja sola,pésimo,,,1.0,2025-06-30,muy bien
the river hostel,españa,litera en habitación compartida mixta de 12 camas,1,persona que viaja sola,agradable,,,6.0,2025-06-16,muy bien
the river hostel,españa,litera en una habitación compartida femenina,2,persona que viaja sola,excepcional,,,10.0,2025-06-09,muy bien
the river hostel,españa,litera en habitación compartida mixta de 12 camas,2,persona que viaja sola,excepcional,,,10.0,2025-06-07,muy bien
the river hostel,españa,litera en dormitorio compartido mixto con 10 camas,1,persona que viaja sola,excepcional,,,10.0,2025-06-04,muy bien
the river hostel,españa,cama en habitación compartida mixta de 6 camas,1,persona que viaja sola,excepcional,,,10.0,2025-05-31,muy bien
the river hostel,españa,litera en una habitación compartida femenina,2,grupo,excepcional,,,10.0,2025-05-26,muy bien
the river hostel,españa,litera en habitación compartida mixta de 12 camas,2,persona que viaja sola,excepcional,,,10.0,2025-05-21,muy bien
the river hostel,españa,cama en habitación compartida mixta de 8 camas,1,persona que viaja sola,excepcional,,,10.0,2025-05-12,muy bien
the river hostel,españa,litera en habitación compartida mixta de 12 camas,1,persona que viaja sola,excepcional,,,10.0,2025-05-11,muy bien
the river hostel,españa,litera en dormitorio compartido mixto con 10 camas,2,grupo,excepcional,,,10.0,2025-05-06,muy bien
the river hostel,españa,litera en una habitación compartida femenina,2,persona que viaja sola,excepcional,,,10.0,2025-04-28,muy bien
the river hostel,españa,litera en habitación compartida mixta de 12 camas,1,persona que viaja sola,muy mal,,,2.0,2025-04-27,muy bien
the river hostel,españa,litera en habitación compartida mixta de 12 camas,2,persona que viaja sola,aceptable,,,5.0,2025-04-27,muy bien
the river hostel,españa,litera en dormitorio compartido mixto con 10 camas,1,persona que viaja sola,pésimo,,,1.0,2025-04-25,muy bien
the river hostel,españa,litera en una habitación compartida femenina,2,persona que viaja sola,excepcional,,,10.0,2025-04-24,muy bien
the river hostel,españa,litera en dormitorio compartido mixto con 10 camas,1,persona que viaja sola,excepcional,,,10.0,2025-04-24,muy bien
the river hostel,españa,litera en habitación compartida mixta de 12 camas,1,persona que viaja sola,excepcional,,,10.0,2025-04-21,muy bien
the river hostel,españa,litera en dormitorio compartido mixto con 10 camas,1,persona que viaja sola,excepcional,,,10.0,2025-04-05,muy bien
the river hostel,españa,litera en habitación compartida mixta de 12 camas,1,persona que viaja sola,excepcional,,,10.0,2025-03-31,muy bien
the river hostel,españa,litera en dormitorio compartido mixto con 10 camas,1,persona que viaja sola,excepcional,,,10.0,2025-03-29,muy bien
the river hostel,españa,cama en habitación compartida mixta de 4 camas,1,persona que viaja sola,excepcional,,,10.0,2025-03-26,muy bien
the river hostel,españa,litera en una habitación compartida femenina,7,persona que viaja sola,excepcional,,,10.0,2025-03-26,muy bien
the river hostel,españa,cama en habitación compartida mixta de 4 camas,6,persona que viaja sola,aceptable,,,5.0,2025-03-23,muy bien
the river hostel,españa,litera en dormitorio compartido mixto con 10 camas,5,persona que viaja sola,agradable,,,6.0,2025-03-21,muy bien
the river hostel,españa,cama en habitación compartida mixta de 4 camas,4,persona que viaja sola,aceptable,,,5.0,2025-03-11,muy bien
the river hostel,españa,litera en habitación compartida mixta de 12 camas,4,persona que viaja sola,agradable,,,6.0,2025-03-09,muy bien
the river hostel,españa,litera en habitación compartida mixta de 12 camas,1,grupo,muy mal,,,2.0,2025-03-06,muy bien
the river hostel,españa,litera en habitación compartida mixta de 12 camas,1,persona que viaja sola,excepcional,,,10.0,2025-03-02,muy bien
the river hostel,españa,litera en habitación compartida mixta de 12 camas,1,persona que viaja sola,excepcional,,,10.0,2025-02-25,muy bien
the river hostel,españa,litera en dormitorio compartido mixto con 10 camas,1,pareja,pésimo,,,1.0,2025-02-04,muy bien
the river hostel,españa,cama en habitación compartida mixta de 6 camas,1,persona que viaja sola,decepcionante,,,4.0,2025-02-01,muy bien
the river hostel,españa,litera en habitación compartida mixta de 12 camas,2,persona que viaja sola,excepcional,,,10.0,2025-01-30,muy bien
the river hostel,españa,litera en dormitorio compartido mixto con 10 camas,2,persona que viaja sola,aceptable,,,5.0,2025-01-29,muy bien
the river hostel,españa,litera en habitación compartida mixta de 12 camas,1,persona que viaja sola,excepcional,,,10.0,2025-01-20,muy bien
the river hostel,españa,litera en dormitorio compartido mixto con 10 camas,1,persona que viaja sola,excepcional,,,10.0,2025-01-18,muy bien
the river hostel,españa,litera en habitación compartida mixta de 12 camas,1,persona que viaja sola,excepcional,,,10.0,2025-01-17,muy bien
the river hostel,españa,cama en habitación compartida mixta de 4 camas,1,persona que viaja sola,pésimo,,,1.0,2025-01-01,muy bien
the river hostel,españa,cama en habitación compartida mixta de 6 camas,1,persona que viaja sola,excepcional,,,10.0,2024-12-27,muy bien
the river hostel,españa,cama en habitación compartida mixta de 8 camas,1,persona que viaja sola,excepcional,,,10.0,2024-12-18,muy bien
the river hostel,españa,litera en habitación compartida mixta de 12 camas,1,persona que viaja sola,excepcional,,,10.0,2024-12-16,muy bien
the river hostel,españa,cama en habitación compartida mixta de 4 camas,2,persona que viaja sola,excepcional,,,10.0,2024-12-15,muy bien
the river hostel,españa,litera en dormitorio compartido mixto con 10 camas,1,persona que viaja sola,excepcional,,,10.0,2024-12-15,muy bien
the river hostel,españa,litera en dormitorio compartido mixto con 10 camas,3,grupo,excepcional,,,10.0,2024-12-10,muy bien
the river hostel,españa,litera en dormitorio compartido mixto con 10 camas,4,persona que viaja sola,excepcional,,,10.0,2024-12-01,muy bien
the river hostel,españa,cama en habitación compartida mixta de 6 camas,5,pareja,agradable,,,6.0,2024-11-16,muy bien
the river hostel,españa,litera en una habitación compartida femenina,2,persona que viaja sola,excepcional,,,10.0,2024-11-14,muy bien
the river hostel,españa,litera en dormitorio compartido mixto con 10 camas,1,persona que viaja sola,excepcional,,,10.0,2024-11-12,muy bien
the river hostel,españa,litera en habitación compartida mixta de 12 camas,2,persona que viaja sola,excepcional,,,10.0,2024-11-12,muy bien
the river hostel,españa,litera en habitación compartida mixta de 12 camas,2,persona que viaja sola,excepcional,,,10.0,2024-11-11,muy bien
the river hostel,españa,cama en habitación compartida mixta de 4 camas,2,persona que viaja sola,excepcional,,,10.0,2024-11-10,muy bien
the river hostel,españa,litera en habitación compartida mixta de 12 camas,2,persona que viaja sola,excepcional,,,10.0,2024-11-08,muy bien
the river hostel,españa,litera en habitación compartida mixta de 12 camas,1,persona que viaja sola,agradable,,,6.0,2024-11-04,muy bien
the river hostel,españa,litera en dormitorio compartido mixto con 10 camas,1,grupo,excepcional,,,10.0,2024-10-25,muy bien
the river hostel,españa,litera en dormitorio compartido mixto con 10 camas,5,grupo,excepcional,,,10.0,2024-10-10,muy bien
the river hostel,españa,litera en habitación compartida mixta de 12 camas,1,persona que viaja sola,excepcional,,,10.0,2024-10-02,muy bien
the river hostel,españa,litera en habitación compartida mixta de 12 camas,2,persona que viaja sola,excepcional,,,10.0,2024-09-18,muy bien
the river hostel,españa,litera en habitación compartida mixta de 12 camas,1,persona que viaja sola,aceptable,,,5.0,2024-09-09,muy bien
the river hostel,españa,cama en habitación compartida mixta de 6 camas,1,persona que viaja sola,excepcional,,,10.0,2024-09-08,muy bien
the river hostel,españa,litera en habitación compartida mixta de 12 camas,1,persona que viaja sola,aceptable,,,5.0,2024-09-03,muy bien
the river hostel,españa,litera en dormitorio compartido mixto con 10 camas,5,persona que viaja sola,excepcional,,,10.0,2024-08-28,muy bien
the river hostel,españa,litera en habitación compartida mixta de 12 camas,1,persona que viaja sola,excepcional,,,10.0,2024-08-28,muy bien
the river hostel,españa,litera en habitación compartida mixta de 12 camas,1,persona que viaja sola,agradable,,,6.0,2024-08-26,muy bien
the river hostel,españa,litera en una habitación compartida femenina,1,persona que viaja sola,excepcional,,,10.0,2024-08-24,muy bien
the river hostel,españa,litera en una habitación compartida femenina,1,persona que viaja sola,excepcional,,,10.0,2024-08-12,muy bien
the river hostel,españa,litera en dormitorio compartido mixto con 10 camas,2,persona que viaja sola,excepcional,,,10.0,2024-08-11,muy bien
the river hostel,españa,cama en habitación compartida mixta de 6 camas,1,persona que viaja sola,excepcional,,,10.0,2024-08-06,muy bien
the river hostel,españa,litera en habitación compartida mixta de 12 camas,1,persona que viaja sola,excepcional,,,10.0,2024-07-31,muy bien
the river hostel,españa,cama en habitación compartida mixta de 4 camas,3,grupo,excepcional,,,10.0,2024-07-30,muy bien
the river hostel,españa,litera en una habitación compartida femenina,3,persona que viaja sola,agradable,,,6.0,2024-07-30,muy bien
the river hostel,españa,litera en una habitación compartida femenina,1,persona que viaja sola,aceptable,,,5.0,2024-07-29,muy bien
the river hostel,españa,litera en habitación compartida mixta de 12 camas,1,persona que viaja sola,muy mal,,,2.0,2024-07-26,muy bien
the river hostel,españa,litera en habitación compartida mixta de 12 camas,1,familia,excepcional,,,10.0,2024-07-23,muy bien
the river hostel,españa,litera en dormitorio compartido mixto con 10 camas,2,familia,excepcional,,,10.0,2024-07-11,muy bien
the river hostel,españa,litera en habitación compartida mixta de 12 camas,1,grupo,excepcional,,,10.0,2024-07-06,muy bien
the river hostel,españa,litera en dormitorio compartido mixto con 10 camas,1,persona que viaja sola,excepcional,,,10.0,2024-06-26,muy bien
the river hostel,españa,litera en dormitorio compartido mixto con 10 camas,1,persona que viaja sola,excepcional,,,10.0,2024-06-20,muy bien
the river hostel,españa,litera en habitación compartida mixta de 12 camas,2,persona que viaja sola,excepcional,,,10.0,2024-06-18,muy bien
the river hostel,españa,cama en habitación compartida mixta de 8 camas,1,persona que viaja sola,excepcional,,,10.0,2024-06-18,muy bien
the river hostel,españa,litera en dormitorio compartido mixto con 10 camas,1,persona que viaja sola,excepcional,,,10.0,2024-06-11,muy bien
the river hostel,españa,cama en habitación compartida mixta de 4 camas,1,pareja,agradable,,,6.0,2024-06-02,muy bien
the river hostel,españa,cama en habitación compartida mixta de 8 camas,1,persona que viaja sola,excepcional,,,10.0,2024-06-01,muy bien
the river hostel,españa,litera en habitación compartida mixta de 12 camas,1,persona que viaja sola,excepcional,,,10.0,2024-05-31,muy bien
the river hostel,españa,litera en habitación compartida mixta de 12 camas,1,persona que viaja sola,excepcional,,,10.0,2024-05-28,muy bien
the river hostel,españa,litera en habitación compartida mixta de 12 camas,3,persona que viaja sola,excepcional,,,10.0,2024-05-27,muy bien
the river hostel,españa,litera en dormitorio compartido mixto con 10 camas,2,persona que viaja sola,excepcional,,,10.0,2024-05-24,muy bien
the river hostel,españa,litera en dormitorio compartido mixto con 10 camas,2,persona que viaja sola,excepcional,,,10.0,2024-05-23,muy bien
the river hostel,españa,litera en dormitorio compartido mixto con 10 camas,1,persona que viaja sola,excepcional,,,10.0,2024-05-22,muy bien
the river hostel,españa,litera en una habitación compartida femenina,1,persona que viaja sola,excepcional,,,10.0,2024-05-22,muy bien
the river hostel,españa,litera en habitación compartida mixta de 12 camas,3,persona que viaja sola,excepcional,,,10.0,2024-05-20,muy bien
the river hostel,españa,litera en dormitorio compartido mixto con 10 camas,1,persona que viaja sola,excepcional,,,10.0,2024-05-17,muy bien
the river hostel,españa,litera en dormitorio compartido mixto con 10 camas,2,persona que viaja sola,"voy siempre cuando me toca ir a valencia, me encanta el desayuno!",,,10.0,2024-05-14,muy bien
the river hostel,españa,litera en dormitorio compartido mixto con 10 camas,1,persona que viaja sola,excepcional,,,10.0,2024-05-09,muy bien
the river hostel,españa,litera en habitación compartida mixta de 12 camas,2,persona que viaja sola,excepcional,,,10.0,2024-05-07,muy bien
the river hostel,españa,litera en dormitorio compartido mixto con 10 camas,2,persona que viaja sola,excepcional,,,10.0,2024-05-05,muy bien
the river hostel,españa,litera en habitación compartida mixta de 12 camas,7,persona que viaja sola,excepcional,,,10.0,2024-05-05,muy bien
the river hostel,españa,litera en habitación compartida mixta de 12 camas,1,persona que viaja sola,excepcional,,,10.0,2024-05-05,muy bien
the river hostel,españa,litera en una habitación compartida femenina,2,persona que viaja sola,excepcional,,,10.0,2024-04-26,muy bien
the river hostel,españa,litera en habitación compartida mixta de 12 camas,1,persona que viaja sola,excepcional,,,10.0,2024-04-26,muy bien
the river hostel,españa,litera en dormitorio compartido mixto con 10 camas,2,persona que viaja sola,excepcional,,,10.0,2024-04-23,muy bien
the river hostel,españa,litera en dormitorio compartido mixto con 10 camas,1,persona que viaja sola,excepcional,,,10.0,2024-04-04,muy bien
the river hostel,españa,litera en dormitorio compartido mixto con 10 camas,3,persona que viaja sola,excepcional,,,10.0,2024-03-29,muy bien
the river hostel,españa,litera en habitación compartida mixta de 12 camas,1,persona que viaja sola,excepcional,,,10.0,2024-03-25,muy bien
the river hostel,españa,litera en habitación compartida mixta de 12 camas,3,grupo,pésimo,,,1.0,2024-03-20,muy bien
the river hostel,españa,litera en una habitación compartida femenina,1,grupo,excepcional,,,10.0,2024-03-18,muy bien
the river hostel,españa,litera en una habitación compartida femenina,3,persona que viaja sola,excepcional,,,10.0,2024-03-14,muy bien
the river hostel,españa,litera en habitación compartida mixta de 12 camas,2,persona que viaja sola,agradable,,,6.0,2024-03-12,muy bien
the river hostel,españa,litera en una habitación compartida femenina,1,persona que viaja sola,excepcional,,,10.0,2024-03-12,muy bien
the river hostel,españa,litera en habitación compartida mixta de 12 camas,1,persona que viaja sola,excepcional,,,10.0,2024-03-09,muy bien
the river hostel,españa,litera en dormitorio compartido mixto con 10 camas,2,persona que viaja sola,excepcional,,,10.0,2024-03-06,muy bien
the river hostel,españa,litera en habitación compartida mixta de 12 camas,1,persona que viaja sola,aceptable,,,5.0,2024-02-26,muy bien
the river hostel,españa,litera en dormitorio compartido mixto con 10 camas,1,persona que viaja sola,excepcional,,,10.0,2024-02-26,muy bien
the river hostel,españa,litera en habitación compartida mixta de 12 camas,4,persona que viaja sola,excepcional,,,10.0,2024-02-26,muy bien
the river hostel,españa,litera en habitación compartida mixta de 12 camas,1,persona que viaja sola,excepcional,,,10.0,2024-02-26,muy bien
the river hostel,españa,litera en dormitorio compartido mixto con 10 camas,1,persona que viaja sola,excepcional,,,10.0,2024-02-25,muy bien
the river hostel,españa,litera en habitación compartida mixta de 12 camas,1,persona que viaja sola,excepcional,,,10.0,2024-02-07,muy bien
the river hostel,españa,cama en habitación compartida mixta de 4 camas,2,persona que viaja sola,excepcional,,,10.0,2024-02-05,muy bien
the river hostel,españa,litera en habitación compartida mixta de 12 camas,2,persona que viaja sola,excepcional,,,10.0,2024-01-31,muy bien
the river hostel,españa,litera en habitación compartida mixta de 12 camas,1,persona que viaja sola,excepcional,,,10.0,2024-01-29,muy bien
the river hostel,españa,litera en habitación compartida mixta de 12 camas,2,persona que viaja sola,excepcional,,,10.0,2024-01-27,muy bien
the river hostel,españa,litera en habitación compartida mixta de 12 camas,1,persona que viaja sola,excepcional,,,10.0,2024-01-26,muy bien
the river hostel,españa,cama en habitación compartida mixta de 8 camas,1,persona que viaja sola,excelente,,,10.0,2024-01-15,muy bien
the river hostel,españa,litera en habitación compartida mixta de 12 camas,2,persona que viaja sola,excepcional,,,10.0,2024-01-14,muy bien
the river hostel,españa,litera en dormitorio compartido mixto con 10 camas,1,persona que viaja sola,aceptable,,,5.0,2024-01-13,muy bien
the river hostel,españa,litera en dormitorio compartido mixto con 10 camas,3,persona que viaja sola,pésimo,,,1.0,2024-01-12,muy bien
the river hostel,españa,litera en habitación compartida mixta de 12 camas,1,persona que viaja sola,muy mal,,,2.0,2024-01-09,muy bien
the river hostel,españa,litera en una habitación compartida femenina,2,persona que viaja sola,excepcional,,,10.0,2024-01-02,muy bien
the river hostel,españa,litera en una habitación compartida femenina,1,persona que viaja sola,agradable,,,6.0,2023-12-25,muy bien
the river hostel,españa,litera en dormitorio compartido mixto con 10 camas,1,persona que viaja sola,repetiría sin dudarlo,,,10.0,2023-12-23,muy bien
the river hostel,españa,litera en dormitorio compartido mixto con 10 camas,1,persona que viaja sola,excepcional,,,10.0,2023-12-22,muy bien
the river hostel,españa,litera en dormitorio compartido mixto con 10 camas,2,persona que viaja sola,excepcional,,,10.0,2023-12-21,muy bien
the river hostel,españa,litera en habitación compartida mixta de 12 camas,1,persona que viaja sola,excepcional,,,10.0,2023-12-17,muy bien
the river hostel,españa,litera en una habitación compartida femenina,2,persona que viaja sola,excepcional,,,10.0,2023-12-17,muy bien
the river hostel,españa,litera en habitación compartida mixta de 12 camas,1,persona que viaja sola,excepcional,,,10.0,2023-12-16,muy bien
the river hostel,españa,litera en dormitorio compartido mixto con 10 camas,3,persona que viaja sola,excepcional,,,10.0,2023-12-15,muy bien
the river hostel,españa,litera en habitación compartida mixta de 12 camas,1,persona que viaja sola,excepcional,,,10.0,2023-12-11,muy bien
the river hostel,españa,litera en dormitorio compartido mixto con 10 camas,1,persona que viaja sola,excepcional,,,10.0,2023-12-11,muy bien
the river hostel,españa,litera en una habitación compartida femenina,2,persona que viaja sola,excepcional,,,10.0,2023-12-11,muy bien
the river hostel,españa,litera en una habitación compartida femenina,2,persona que viaja sola,excepcional,,,10.0,2023-12-09,muy bien
the river hostel,españa,litera en habitación compartida mixta de 12 camas,1,persona que viaja sola,excepcional,,,10.0,2023-12-08,muy bien
the river hostel,españa,litera en una habitación compartida femenina,3,persona que viaja sola,el mejor sin duda,,,10.0,2023-12-05,muy bien
the river hostel,españa,litera en habitación compartida mixta de 12 camas,1,persona que viaja sola,excepcional,,,10.0,2023-12-04,muy bien
the river hostel,españa,litera en habitación compartida mixta de 12 camas,1,persona que viaja sola,excepcional,,,10.0,2023-12-03,muy bien
the river hostel,españa,litera en habitación compartida mixta de 12 camas,1,persona que viaja sola,excepcional,,,10.0,2023-12-01,muy bien
the river hostel,españa,litera en dormitorio compartido mixto con 10 camas,1,persona que viaja sola,excepcional,,,10.0,2023-11-29,muy bien
the river hostel,españa,litera en habitación compartida mixta de 12 camas,3,grupo,excepcional,,,10.0,2023-11-23,muy bien
the river hostel,españa,litera en habitación compartida mixta de 12 camas,1,persona que viaja sola,excepcional,,,10.0,2023-11-17,muy bien
the river hostel,españa,litera en dormitorio compartido mixto con 10 camas,7,persona que viaja sola,excepcional,,,10.0,2023-11-12,muy bien
the river hostel,españa,litera en dormitorio compartido mixto con 10 camas,1,grupo,excepcional,,,10.0,2023-11-10,muy bien
the river hostel,españa,cama en habitación compartida mixta de 8 camas,1,persona que viaja sola,excepcional,,,10.0,2023-11-08,muy bien
the river hostel,españa,litera en dormitorio compartido mixto con 10 camas,3,persona que viaja sola,aceptable,,,5.0,2023-11-02,muy bien
the river hostel,españa,litera en habitación compartida mixta de 12 camas,1,persona que viaja sola,excepcional,,,10.0,2023-11-01,muy bien
the river hostel,españa,litera en dormitorio compartido mixto con 10 camas,5,persona que viaja sola,excepcional,,,10.0,2023-10-31,muy bien
the river hostel,españa,litera en habitación compartida mixta de 12 camas,1,pareja,"me encanta el desayuno. camas cómodas, amplias y limpias",,,10.0,2023-10-30,muy bien
the river hostel,españa,litera en dormitorio compartido mixto con 10 camas,1,persona que viaja sola,excepcional,,,10.0,2023-10-24,muy bien
the river hostel,españa,litera en dormitorio compartido mixto con 10 camas,1,persona que viaja sola,excepcional,,,10.0,2023-10-23,muy bien
the river hostel,españa,litera en dormitorio compartido mixto con 10 camas,1,persona que viaja sola,excepcional,,,10.0,2023-10-20,muy bien
the river hostel,españa,litera en dormitorio compartido mixto con 10 camas,2,persona que viaja sola,excepcional,,,10.0,2023-10-01,muy bien
the river hostel,españa,cama en habitación compartida mixta de 4 camas,1,persona que viaja sola,excepcional,,,10.0,2023-09-08,muy bien
the river hostel,españa,litera en una habitación compartida femenina,1,grupo,excepcional,,,10.0,2023-09-06,muy bien
the river hostel,españa,litera en dormitorio compartido mixto con 10 camas,2,grupo,excepcional,,,10.0,2023-08-28,muy bien
the river hostel,españa,litera en una habitación compartida femenina,1,persona que viaja sola,excepcional,,,10.0,2023-08-26,muy bien
the river hostel,españa,litera en una habitación compartida femenina,1,persona que viaja sola,excepcional,,,10.0,2023-08-22,muy bien
the river hostel,españa,litera en una habitación compartida femenina,1,persona que viaja sola,excepcional,,,10.0,2023-08-20,muy bien
the river hostel,españa,litera en habitación compartida mixta de 12 camas,1,persona que viaja sola,agradable,,,6.0,2023-08-11,muy bien
the river hostel,españa,litera en dormitorio compartido mixto con 10 camas,2,grupo,excepcional,,,10.0,2023-08-08,muy bien
the river hostel,españa,litera en una habitación compartida femenina,2,persona que viaja sola,excepcional,,,10.0,2023-08-07,muy bien
the river hostel,españa,litera en dormitorio compartido mixto con 10 camas,1,persona que viaja sola,excepcional,,,10.0,2023-07-31,muy bien
the river hostel,españa,litera en habitación compartida mixta de 12 camas,2,persona que viaja sola,aceptable,,,5.0,2023-07-31,muy bien
the river hostel,españa,cama en habitación compartida mixta de 8 camas,3,persona que viaja sola,aceptable,,,5.0,2023-07-30,muy bien
the river hostel,españa,litera en habitación compartida mixta de 12 camas,1,persona que viaja sola,excepcional,,,10.0,2023-07-29,muy bien
the river hostel,españa,litera en una habitación compartida femenina,1,persona que viaja sola,excepcional,,,10.0,2023-07-26,muy bien
the river hostel,españa,cama en habitación compartida mixta de 8 camas,1,grupo,excepcional,,,10.0,2023-07-24,muy bien
the river hostel,españa,litera en habitación compartida mixta de 12 camas,1,persona que viaja sola,agradable,,,6.0,2023-07-17,muy bien
the river hostel,españa,litera en dormitorio compartido mixto con 10 camas,2,persona que viaja sola,excepcional,,,10.0,2023-07-16,muy bien
the river hostel,españa,litera en dormitorio compartido mixto con 10 camas,1,persona que viaja sola,agradable,,,6.0,2023-06-29,muy bien
the river hostel,españa,litera en una habitación compartida femenina,2,persona que viaja sola,pésimo,,,1.0,2023-06-28,muy bien
the river hostel,españa,litera en dormitorio compartido mixto con 10 camas,1,persona que viaja sola,excepcional,,,10.0,2023-06-22,muy bien
the river hostel,españa,litera en dormitorio compartido mixto con 10 camas,2,persona que viaja sola,excepcional,,,10.0,2023-06-18,muy bien
the river hostel,españa,litera en habitación compartida mixta de 12 camas,1,persona que viaja sola,excepcional,,,10.0,2023-05-29,muy bien
the river hostel,españa,litera en habitación compartida mixta de 12 camas,1,persona que viaja sola,agradable,,,6.0,2023-05-26,muy bien
the river hostel,españa,cama en habitación compartida mixta de 8 camas,4,persona que viaja sola,excepcional,,,10.0,2023-05-26,muy bien
the river hostel,españa,litera en una habitación compartida femenina,1,persona que viaja sola,excepcional,,,10.0,2023-05-22,muy bien
the river hostel,españa,litera en habitación compartida mixta de 12 camas,1,persona que viaja sola,excepcional,,,10.0,2023-05-13,muy bien
the river hostel,españa,cama en habitación compartida mixta de 4 camas,1,persona que viaja sola,excepcional,,,10.0,2023-05-10,muy bien
the river hostel,españa,cama en habitación compartida mixta de 8 camas,1,persona que viaja sola,excepcional,,,10.0,2023-05-04,muy bien
the river hostel,españa,litera en dormitorio compartido mixto con 10 camas,2,persona que viaja sola,agradable,,,6.0,2023-05-04,muy bien
the river hostel,españa,litera en habitación compartida mixta de 12 camas,3,persona que viaja sola,excepcional,,,10.0,2023-04-25,muy bien
the river hostel,españa,litera en una habitación compartida femenina,2,persona que viaja sola,agradable,,,6.0,2023-04-22,muy bien
the river hostel,españa,cama en habitación compartida mixta de 6 camas,1,persona que viaja sola,decepcionante,,,4.0,2023-04-19,muy bien
the river hostel,españa,litera en habitación compartida mixta de 12 camas,2,persona que viaja sola,muy bien,,,8.0,2024-01-08,muy bien
the river hostel,españa,litera en habitación compartida mixta de 12 camas,1,persona que viaja sola,fantástico,,,9.0,2026-04-14,muy bien
the river hostel,españa,litera en habitación compartida mixta de 12 camas,2,pareja,bien,,,7.0,2026-03-22,muy bien
the river hostel,españa,cama en habitación compartida mixta de 6 camas,1,persona que viaja sola,fantástico,,,9.0,2026-02-25,muy bien
the river hostel,españa,litera en habitación compartida mixta de 12 camas,7,persona que viaja sola,fantástico,,,9.0,2026-02-04,muy bien
the river hostel,españa,cama en habitación compartida mixta de 4 camas,1,grupo,muy bien,,,8.0,2026-02-02,muy bien
the river hostel,españa,litera en habitación compartida mixta de 12 camas,1,persona que viaja sola,bien,,,7.0,2026-01-10,muy bien
the river hostel,españa,litera en habitación compartida mixta de 12 camas,1,persona que viaja sola,muy bien,,,8.0,2025-12-03,muy bien
the river hostel,españa,litera en dormitorio compartido mixto con 10 camas,1,persona que viaja sola,muy bien,,,8.0,2025-12-02,muy bien
the river hostel,españa,litera en dormitorio compartido mixto con 10 camas,4,persona que viaja sola,fantástico,,,9.0,2025-11-01,muy bien
the river hostel,españa,litera en habitación compartida mixta de 12 camas,2,persona que viaja sola,muy bien,,,8.0,2025-10-30,muy bien
the river hostel,españa,litera en dormitorio compartido mixto con 10 camas,5,persona que viaja sola,fantástico,,,9.0,2025-10-04,muy bien
the river hostel,españa,litera en habitación compartida mixta de 12 camas,2,familia,fantástico,,,9.0,2025-08-23,muy bien
the river hostel,españa,cama en habitación compartida mixta de 4 camas,2,persona que viaja sola,"perfect service, clean rooms, perfect localisation, the staff is very nice. i will come back.",,,9.0,2025-08-20,muy bien
the river hostel,españa,litera en una habitación compartida femenina,1,persona que viaja sola,bien,,,7.0,2025-08-20,muy bien
the river hostel,españa,litera en una habitación compartida femenina,1,familia,fantástico,,,9.0,2025-08-04,muy bien
the river hostel,españa,litera en dormitorio compartido mixto con 10 camas,2,grupo,fantástico,,,9.0,2025-06-06,muy bien
the river hostel,españa,litera en una habitación compartida femenina,2,persona que viaja sola,fantástico,,,9.0,2025-05-25,muy bien
the river hostel,españa,cama en habitación compartida mixta de 4 camas,1,persona que viaja sola,bien,,,7.0,2025-05-19,muy bien
the river hostel,españa,litera en habitación compartida mixta de 12 camas,2,grupo,fantástico,,,9.0,2025-05-17,muy bien
the river hostel,españa,litera en una habitación compartida femenina,2,persona que viaja sola,muy bien,,,8.0,2024-11-06,muy bien
the river hostel,españa,litera en dormitorio compartido mixto con 10 camas,2,persona que viaja sola,fantástico,,,9.0,2024-10-24,muy bien
the river hostel,españa,litera en dormitorio compartido mixto con 10 camas,2,persona que viaja sola,fantástico,,,9.0,2024-08-12,muy bien
the river hostel,españa,litera en habitación compartida mixta de 12 camas,1,persona que viaja sola,fantástico,,,9.0,2024-08-04,muy bien
the river hostel,españa,litera en habitación compartida mixta de 12 camas,1,persona que viaja sola,muy bien,,,8.0,2024-07-23,muy bien
the river hostel,españa,cama en habitación compartida mixta de 6 camas,1,persona que viaja sola,muy bien,,,8.0,2024-07-07,muy bien
the river hostel,españa,cama en habitación compartida mixta de 6 camas,1,persona que viaja sola,fantástico,,,9.0,2024-06-11,muy bien
the river hostel,españa,cama en habitación compartida mixta de 4 camas,1,persona que viaja sola,fantástico,,,9.0,2024-05-23,muy bien
the river hostel,españa,litera en habitación compartida mixta de 12 camas,2,persona que viaja sola,muy bien,,,8.0,2024-05-12,muy bien
the river hostel,españa,litera en habitación compartida mixta de 12 camas,3,grupo,fantástico,,,9.0,2024-04-17,muy bien
the river hostel,españa,litera en dormitorio compartido mixto con 10 camas,2,grupo,fantástico,,,9.0,2024-04-15,muy bien
the river hostel,españa,litera en una habitación compartida femenina,1,persona que viaja sola,muy bien,,,8.0,2024-04-10,muy bien
the river hostel,españa,litera en una habitación compartida femenina,1,persona que viaja sola,muy bien,,,8.0,2024-04-10,muy bien
the river hostel,españa,litera en dormitorio compartido mixto con 10 camas,2,persona que viaja sola,muy bien,,,8.0,2024-04-04,muy bien
the river hostel,españa,litera en habitación compartida mixta de 12 camas,1,persona que viaja sola,fantástico,,,9.0,2024-03-27,muy bien
the river hostel,españa,litera en habitación compartida mixta de 12 camas,2,pareja,muy bien,,,8.0,2024-01-15,muy bien
the river hostel,españa,cama en habitación compartida mixta de 4 camas,3,persona que viaja sola,"excellent location. very close to the center,nord station and main attractions. very friendly staff.",,,8.0,2023-12-30,muy bien
the river hostel,españa,litera en dormitorio compartido mixto con 10 camas,1,persona que viaja sola,muy bien,,,8.0,2023-12-11,muy bien
the river hostel,españa,litera en dormitorio compartido mixto con 10 camas,1,persona que viaja sola,bien,,,7.0,2023-11-06,muy bien
the river hostel,españa,cama en habitación compartida mixta de 8 camas,2,grupo,muy bien,,,8.0,2023-09-18,muy bien
the river hostel,españa,cama en habitación compartida mixta de 8 camas,1,persona que viaja sola,fantástico,,,9.0,2023-09-12,muy bien
the river hostel,españa,litera en habitación compartida mixta de 12 camas,2,grupo,muy bien,,,8.0,2023-09-05,muy bien
the river hostel,españa,litera en dormitorio compartido mixto con 10 camas,1,persona que viaja sola,muy bien,,,8.0,2023-08-24,muy bien
the river hostel,españa,cama en habitación compartida mixta de 4 camas,1,persona que viaja sola,muy bien,,,8.0,2023-08-14,muy bien
the river hostel,españa,litera en dormitorio compartido mixto con 10 camas,2,grupo,fantástico,,,9.0,2023-06-27,muy bien
the river hostel,españa,litera en habitación compartida mixta de 12 camas,1,grupo,muy bien,,,8.0,2023-06-15,muy bien
the river hostel,españa,litera en dormitorio compartido mixto con 10 camas,1,persona que viaja sola,muy bien,,,8.0,2023-06-01,muy bien
the river hostel,españa,cama en habitación compartida mixta de 6 camas,4,persona que viaja sola,bien,,,7.0,2023-05-06,muy bien
the river hostel,españa,cama en habitación compartida mixta de 6 camas,1,persona que viaja sola,excepcional,,,10.0,2026-03-31,muy bien
the river hostel,españa,litera en dormitorio compartido mixto con 10 camas,1,pareja,excepcional,,,10.0,2026-03-15,muy bien
the river hostel,españa,cama en habitación compartida mixta de 4 camas,2,persona que viaja sola,excepcional,,,10.0,2026-03-09,muy bien
the river hostel,españa,litera en habitación compartida mixta de 12 camas,2,persona que viaja sola,pésimo,,,1.0,2026-02-23,muy bien
the river hostel,españa,litera en habitación compartida mixta de 12 camas,3,persona que viaja sola,pésimo,,,1.0,2026-02-23,muy bien
the river hostel,españa,litera en una habitación compartida femenina,1,pareja,excepcional,,,10.0,2026-02-22,muy bien
the river hostel,españa,cama en habitación compartida mixta de 6 camas,1,persona que viaja sola,excepcional,,,10.0,2026-01-26,muy bien
the river hostel,españa,litera en habitación compartida mixta de 12 camas,1,persona que viaja sola,excepcional,,,10.0,2025-12-27,muy bien
the river hostel,españa,litera en habitación compartida mixta de 12 camas,2,persona que viaja sola,excepcional,,,10.0,2025-12-05,muy bien
the river hostel,españa,litera en habitación compartida mixta de 12 camas,1,persona que viaja sola,excepcional,,,10.0,2025-11-27,muy bien
the river hostel,españa,litera en habitación compartida mixta de 12 camas,1,persona que viaja sola,excepcional,,,10.0,2025-09-15,muy bien
the river hostel,españa,litera en habitación compartida mixta de 12 camas,2,persona que viaja sola,excepcional,,,10.0,2025-08-22,muy bien
the river hostel,españa,litera en dormitorio compartido mixto con 10 camas,1,persona que viaja sola,excepcional,,,10.0,2025-07-10,muy bien
the river hostel,españa,litera en dormitorio compartido mixto con 10 camas,3,persona que viaja sola,pésimo,,,1.0,2025-07-03,muy bien
the river hostel,españa,litera en una habitación compartida femenina,1,persona que viaja sola,excepcional,,,10.0,2025-05-11,muy bien
the river hostel,españa,litera en una habitación compartida femenina,2,grupo,excepcional,,,10.0,2025-03-31,muy bien
the river hostel,españa,cama en habitación compartida mixta de 4 camas,1,persona que viaja sola,excepcional,,,10.0,2025-01-17,muy bien
the river hostel,españa,litera en habitación compartida mixta de 12 camas,2,persona que viaja sola,excepcional,,,10.0,2025-01-01,muy bien
the river hostel,españa,litera en habitación compartida mixta de 12 camas,3,grupo,agradable,,,6.0,2024-12-28,muy bien
the river hostel,españa,litera en habitación compartida mixta de 12 camas,1,persona que viaja sola,excepcional,,,10.0,2024-11-18,muy bien
the river hostel,españa,litera en una habitación compartida femenina,1,pareja,excepcional,,,10.0,2024-06-26,muy bien
the river hostel,españa,litera en habitación compartida mixta de 12 camas,2,persona que viaja sola,agradable,,,6.0,2024-03-09,muy bien
the river hostel,españa,cama en habitación compartida mixta de 4 camas,1,pareja,excepcional,,,10.0,2024-03-02,muy bien
the river hostel,españa,litera en una habitación compartida femenina,2,persona que viaja sola,aceptable,,,5.0,2024-01-22,muy bien
the river hostel,españa,litera en dormitorio compartido mixto con 10 camas,1,persona que viaja sola,excepcional,,,10.0,2024-01-20,muy bien
the river hostel,españa,cama en habitación compartida mixta de 4 camas,2,persona que viaja sola,agradable,,,6.0,2023-12-19,muy bien
the river hostel,españa,litera en habitación compartida mixta de 12 camas,2,persona que viaja sola,excepcional,,,10.0,2023-10-29,muy bien
the river hostel,españa,litera en una habitación compartida femenina,2,persona que viaja sola,excepcional,,,10.0,2023-10-01,muy bien
the river hostel,españa,litera en habitación compartida mixta de 12 camas,3,persona que viaja sola,excepcional,,,10.0,2023-08-27,muy bien
the river hostel,españa,litera en habitación compartida mixta de 12 camas,1,persona que viaja sola,excepcional,,,10.0,2023-06-02,muy bien
the river hostel,españa,litera en habitación compartida mixta de 12 camas,1,persona que viaja sola,excepcional,,,10.0,2023-05-13,muy bien
the river hostel,españa,cama en habitación compartida mixta de 8 camas,3,persona que viaja sola,excepcional,,,10.0,2023-05-11,muy bien
the river hostel,españa,litera en habitación compartida mixta de 12 camas,1,persona que viaja sola,muy bien,,,8.0,2026-04-15,muy bien
the river hostel,españa,litera en una habitación compartida femenina,1,persona que viaja sola,bien,,,7.0,2026-04-12,muy bien
the river hostel,españa,cama en habitación compartida mixta de 4 camas,2,persona que viaja sola,muy bien,,,8.0,2026-03-30,muy bien
the river hostel,españa,litera en dormitorio compartido mixto con 10 camas,1,persona que viaja sola,muy bien,,,8.0,2026-03-28,muy bien
the river hostel,españa,cama en habitación compartida mixta de 6 camas,2,familia,bien,,,7.0,2026-03-19,muy bien
the river hostel,españa,cama en habitación compartida mixta de 4 camas,1,persona que viaja sola,muy bien,,,8.0,2026-02-24,muy bien
the river hostel,españa,litera en habitación compartida mixta de 12 camas,1,persona que viaja sola,muy bien,,,8.0,2026-01-26,muy bien
the river hostel,españa,cama en habitación compartida mixta de 4 camas,1,persona que viaja sola,muy bien,,,8.0,2026-01-11,muy bien
the river hostel,españa,cama en habitación compartida mixta de 4 camas,1,persona que viaja sola,muy bien,,,8.0,2026-01-11,muy bien
the river hostel,españa,cama en habitación compartida mixta de 6 camas,1,persona que viaja sola,fantástico,,,9.0,2025-12-26,muy bien
the river hostel,españa,litera en dormitorio compartido mixto con 10 camas,1,grupo,bien,,,7.0,2025-12-20,muy bien
the river hostel,españa,litera en habitación compartida mixta de 12 camas,1,persona que viaja sola,bien,,,7.0,2025-12-13,muy bien
the river hostel,españa,cama en habitación compartida mixta de 6 camas,1,persona que viaja sola,muy bien,,,8.0,2025-10-24,muy bien
the river hostel,españa,cama en habitación compartida mixta de 4 camas,1,persona que viaja sola,bien,,,7.0,2025-10-04,muy bien
the river hostel,españa,litera en dormitorio compartido mixto con 10 camas,6,grupo,bien,,,7.0,2025-09-06,muy bien
the river hostel,españa,litera en habitación compartida mixta de 12 camas,1,persona que viaja sola,muy bien,,,8.0,2025-08-29,muy bien
the river hostel,españa,litera en habitación compartida mixta de 12 camas,1,persona que viaja sola,muy bien,,,8.0,2025-07-26,muy bien
the river hostel,españa,litera en una habitación compartida femenina,1,grupo,fantástico,,,9.0,2025-07-06,muy bien
the river hostel,españa,litera en habitación compartida mixta de 12 camas,1,persona que viaja sola,fantástico,,,9.0,2025-06-18,muy bien
the river hostel,españa,litera en dormitorio compartido mixto con 10 camas,3,persona que viaja sola,fantástico,,,9.0,2025-05-27,muy bien
the river hostel,españa,litera en habitación compartida mixta de 12 camas,2,grupo,bien,,,7.0,2025-05-19,muy bien
the river hostel,españa,litera en dormitorio compartido mixto con 10 camas,2,grupo,fantástico,,,9.0,2025-05-12,muy bien
the river hostel,españa,litera en dormitorio compartido mixto con 10 camas,2,persona que viaja sola,muy bien,,,8.0,2025-04-01,muy bien
the river hostel,españa,litera en habitación compartida mixta de 12 camas,1,persona que viaja sola,"super , je recommande vivement",,,7.0,2025-03-06,muy bien
the river hostel,españa,litera en dormitorio compartido mixto con 10 camas,1,familia,muy bien,,,8.0,2025-02-16,muy bien
the river hostel,españa,cama en habitación compartida mixta de 6 camas,1,persona que viaja sola,bien,,,7.0,2025-02-11,muy bien
the river hostel,españa,litera en dormitorio compartido mixto con 10 camas,3,persona que viaja sola,fantástico,,,9.0,2025-02-08,muy bien
the river hostel,españa,litera en habitación compartida mixta de 12 camas,1,persona que viaja sola,muy bien,,,8.0,2025-02-08,muy bien
the river hostel,españa,litera en habitación compartida mixta de 12 camas,3,persona que viaja sola,fantástico,,,9.0,2025-01-24,muy bien
the river hostel,españa,litera en habitación compartida mixta de 12 camas,2,persona que viaja sola,fantástico,,,9.0,2025-01-10,muy bien
the river hostel,españa,litera en habitación compartida mixta de 12 camas,1,persona que viaja sola,muy bien,,,8.0,2025-01-08,muy bien
the river hostel,españa,litera en una habitación compartida femenina,5,persona que viaja sola,fantástico,,,9.0,2024-12-09,muy bien
the river hostel,españa,litera en dormitorio compartido mixto con 10 camas,2,grupo,muy bien,,,8.0,2024-12-08,muy bien
the river hostel,españa,litera en habitación compartida mixta de 12 camas,1,persona que viaja sola,bien,,,7.0,2024-09-28,muy bien
the river hostel,españa,litera en habitación compartida mixta de 12 camas,1,persona que viaja sola,muy bien,,,8.0,2024-09-02,muy bien
the river hostel,españa,litera en habitación compartida mixta de 12 camas,2,persona que viaja sola,muy bien,,,8.0,2024-08-27,muy bien
the river hostel,españa,litera en habitación compartida mixta de 12 camas,1,grupo,fantástico,,,9.0,2024-07-30,muy bien
the river hostel,españa,litera en una habitación compartida femenina,1,persona que viaja sola,muy bien,,,8.0,2024-07-22,muy bien
the river hostel,españa,cama en habitación compartida mixta de 6 camas,2,persona que viaja sola,muy bien,,,8.0,2024-07-16,muy bien
the river hostel,españa,litera en habitación compartida mixta de 12 camas,1,persona que viaja sola,muy bien,,,8.0,2024-06-23,muy bien
the river hostel,españa,litera en habitación compartida mixta de 12 camas,1,persona que viaja sola,muy bien,,,8.0,2024-05-09,muy bien
the river hostel,españa,litera en habitación compartida mixta de 12 camas,1,persona que viaja sola,fantástico,,,9.0,2024-03-24,muy bien
the river hostel,españa,litera en una habitación compartida femenina,6,persona que viaja sola,bien,,,7.0,2024-03-20,muy bien
the river hostel,españa,litera en dormitorio compartido mixto con 10 camas,1,persona que viaja sola,muy bien,,,8.0,2024-03-17,muy bien
the river hostel,españa,litera en habitación compartida mixta de 12 camas,1,grupo,fantástico,,,9.0,2024-02-23,muy bien
the river hostel,españa,litera en habitación compartida mixta de 12 camas,3,grupo,muy bien,,,8.0,2024-01-31,muy bien
the river hostel,españa,cama en habitación compartida mixta de 8 camas,1,persona que viaja sola,muy bien,,,8.0,2024-01-19,muy bien
the river hostel,españa,litera en dormitorio compartido mixto con 10 camas,6,grupo,muy bien,,,8.0,2024-01-03,muy bien
the river hostel,españa,litera en dormitorio compartido mixto con 10 camas,2,persona que viaja sola,muy bien,,,8.0,2023-11-08,muy bien
the river hostel,españa,litera en habitación compartida mixta de 12 camas,1,grupo,muy bien,,,8.0,2023-10-27,muy bien
the river hostel,españa,cama en habitación compartida mixta de 8 camas,1,persona que viaja sola,fantástico,,,9.0,2023-10-25,muy bien
the river hostel,españa,litera en habitación compartida mixta de 12 camas,2,grupo,bien,,,7.0,2023-10-21,muy bien
the river hostel,españa,litera en dormitorio compartido mixto con 10 camas,6,persona que viaja sola,muy bien,,,8.0,2023-10-08,muy bien
the river hostel,españa,litera en habitación compartida mixta de 12 camas,1,persona que viaja sola,muy bien,,,8.0,2023-08-23,muy bien
the river hostel,españa,litera en una habitación compartida femenina,1,grupo,bien,,,7.0,2023-07-25,muy bien
the river hostel,españa,litera en una habitación compartida femenina,1,persona que viaja sola,fantástico,,,9.0,2023-07-20,muy bien
the river hostel,españa,litera en una habitación compartida femenina,1,grupo,muy bien,,,8.0,2023-06-28,muy bien
the river hostel,españa,cama en habitación compartida mixta de 6 camas,2,persona que viaja sola,muy bien,,,8.0,2023-06-06,muy bien
the river hostel,españa,litera en dormitorio compartido mixto con 10 camas,3,persona que viaja sola,muy bien,,,8.0,2023-05-22,muy bien
the river hostel,españa,litera en una habitación compartida femenina,2,persona que viaja sola,bien,,,7.0,2023-05-04,muy bien
the river hostel,españa,cama en habitación compartida mixta de 6 camas,1,persona que viaja sola,muy bien,,,8.0,2023-04-19,muy bien
the river hostel,españa,litera en habitación compartida mixta de 12 camas,1,persona que viaja sola,agradable,,,6.0,2026-04-16,muy bien
the river hostel,españa,litera en habitación compartida mixta de 12 camas,3,persona que viaja sola,agradable,,,6.0,2026-04-16,muy bien
the river hostel,españa,litera en habitación compartida mixta de 12 camas,1,persona que viaja sola,excepcional,,,10.0,2026-04-10,muy bien
the river hostel,españa,litera en habitación compartida mixta de 12 camas,1,persona que viaja sola,excepcional,,,10.0,2026-04-10,muy bien
the river hostel,españa,litera en habitación compartida mixta de 12 camas,1,persona que viaja sola,pésimo,,,1.0,2026-04-09,muy bien
the river hostel,españa,litera en habitación compartida mixta de 12 camas,1,persona que viaja sola,excepcional,,,10.0,2026-04-07,muy bien
the river hostel,españa,cama en habitación compartida mixta de 6 camas,1,persona que viaja sola,excepcional,,,10.0,2026-04-03,muy bien
the river hostel,españa,litera en habitación compartida mixta de 12 camas,1,persona que viaja sola,excepcional,,,10.0,2026-04-02,muy bien
the river hostel,españa,litera en dormitorio compartido mixto con 10 camas,1,persona que viaja sola,excepcional,,,10.0,2026-04-02,muy bien
the river hostel,españa,litera en habitación compartida mixta de 12 camas,1,persona que viaja sola,excepcional,,,10.0,2026-04-02,muy bien
the river hostel,españa,litera en dormitorio compartido mixto con 10 camas,1,persona que viaja sola,agradable,,,6.0,2026-04-01,muy bien
the river hostel,españa,cama en habitación compartida mixta de 8 camas,1,persona que viaja sola,excepcional,,,10.0,2026-04-01,muy bien
the river hostel,españa,cama en habitación compartida mixta de 6 camas,1,persona que viaja sola,excepcional,,,10.0,2026-03-30,muy bien
the river hostel,españa,litera en dormitorio compartido mixto con 10 camas,1,persona que viaja sola,excepcional,,,10.0,2026-03-24,muy bien
the river hostel,españa,litera en habitación compartida mixta de 12 camas,2,persona que viaja sola,agradable,,,6.0,2026-03-10,muy bien
the river hostel,españa,litera en habitación compartida mixta de 12 camas,1,persona que viaja sola,excepcional,,,10.0,2026-03-01,muy bien
the river hostel,españa,cama en habitación compartida mixta de 8 camas,1,persona que viaja sola,excepcional,,,10.0,2026-03-01,muy bien
the river hostel,españa,litera en habitación compartida mixta de 12 camas,1,persona que viaja sola,excepcional,,,10.0,2026-02-24,muy bien
the river hostel,españa,litera en habitación compartida mixta de 12 camas,4,persona que viaja sola,decepcionante,,,4.0,2026-02-20,muy bien
the river hostel,españa,litera en dormitorio compartido mixto con 10 camas,1,persona que viaja sola,excepcional,,,10.0,2026-02-11,muy bien
the river hostel,españa,litera en habitación compartida mixta de 12 camas,2,persona que viaja sola,mal,,,3.0,2026-02-09,muy bien
the river hostel,españa,litera en habitación compartida mixta de 12 camas,1,persona que viaja sola,excepcional,,,10.0,2026-02-03,muy bien
the river hostel,españa,litera en dormitorio compartido mixto con 10 camas,1,persona que viaja sola,excepcional,,,10.0,2026-01-31,muy bien
the river hostel,españa,litera en dormitorio compartido mixto con 10 camas,1,persona que viaja sola,excepcional,,,10.0,2026-01-29,muy bien
the river hostel,españa,litera en habitación compartida mixta de 12 camas,1,persona que viaja sola,excepcional,,,10.0,2026-01-19,muy bien
the river hostel,españa,litera en habitación compartida mixta de 12 camas,1,persona que viaja sola,excepcional,,,10.0,2026-01-14,muy bien
the river hostel,españa,litera en habitación compartida mixta de 12 camas,1,persona que viaja sola,excepcional,,,10.0,2026-01-11,muy bien
the river hostel,españa,litera en habitación compartida mixta de 12 camas,1,persona que viaja sola,aceptable,,,5.0,2026-01-05,muy bien
the river hostel,españa,litera en dormitorio compartido mixto con 10 camas,9,persona que viaja sola,excepcional,,,10.0,2025-12-31,muy bien
the river hostel,españa,litera en habitación compartida mixta de 12 camas,1,persona que viaja sola,excepcional,,,10.0,2025-12-29,muy bien
the river hostel,españa,litera en habitación compartida mixta de 12 camas,1,persona que viaja sola,excepcional,,,10.0,2025-12-27,muy bien
the river hostel,españa,litera en habitación compartida mixta de 12 camas,1,persona que viaja sola,excepcional,,,10.0,2025-12-23,muy bien
the river hostel,españa,litera en habitación compartida mixta de 12 camas,1,persona que viaja sola,excepcional,,,10.0,2025-12-21,muy bien
the river hostel,españa,litera en dormitorio compartido mixto con 10 camas,1,persona que viaja sola,excepcional,,,10.0,2025-12-16,muy bien
the river hostel,españa,litera en habitación compartida mixta de 12 camas,1,persona que viaja sola,excepcional,,,10.0,2025-12-15,muy bien
the river hostel,españa,litera en habitación compartida mixta de 12 camas,1,persona que viaja sola,excepcional,,,10.0,2025-12-14,muy bien
the river hostel,españa,litera en dormitorio compartido mixto con 10 camas,3,persona que viaja sola,excepcional,,,10.0,2025-12-03,muy bien
the river hostel,españa,litera en habitación compartida mixta de 12 camas,1,persona que viaja sola,excepcional,,,10.0,2025-12-01,muy bien
the river hostel,españa,litera en habitación compartida mixta de 12 camas,2,persona que viaja sola,pésimo,,,1.0,2025-11-27,muy bien
the river hostel,españa,litera en habitación compartida mixta de 12 camas,1,persona que viaja sola,excepcional,,,10.0,2025-11-11,muy bien
the river hostel,españa,litera en habitación compartida mixta de 12 camas,1,persona que viaja sola,excepcional,,,10.0,2025-10-28,muy bien
the river hostel,españa,litera en habitación compartida mixta de 12 camas,1,persona que viaja sola,excepcional,,,10.0,2025-10-24,muy bien
the river hostel,españa,litera en habitación compartida mixta de 12 camas,4,persona que viaja sola,excepcional,,,10.0,2025-10-17,muy bien
the river hostel,españa,litera en habitación compartida mixta de 12 camas,1,pareja,excepcional,,,10.0,2025-10-06,muy bien
the river hostel,españa,cama en habitación compartida mixta de 8 camas,1,persona que viaja sola,excepcional,,,10.0,2025-10-02,muy bien
the river hostel,españa,litera en una habitación compartida femenina,1,pareja,excepcional,,,10.0,2025-09-16,muy bien
the river hostel,españa,litera en una habitación compartida femenina,1,persona que viaja sola,excepcional,,,10.0,2025-09-12,muy bien
the river hostel,españa,litera en habitación compartida mixta de 12 camas,1,persona que viaja sola,excepcional,,,10.0,2025-09-05,muy bien
the river hostel,españa,litera en habitación compartida mixta de 12 camas,2,persona que viaja sola,excepcional,,,10.0,2025-08-15,muy bien
the river hostel,españa,litera en una habitación compartida femenina,1,persona que viaja sola,aceptable,,,5.0,2025-07-15,muy bien
the river hostel,españa,litera en una habitación compartida femenina,1,persona que viaja sola,excepcional,,,10.0,2025-06-09,muy bien
the river hostel,españa,litera en dormitorio compartido mixto con 10 camas,1,persona que viaja sola,excepcional,,,10.0,2025-05-28,muy bien
the river hostel,españa,litera en habitación compartida mixta de 12 camas,1,persona que viaja sola,excepcional,,,10.0,2025-04-27,muy bien
the river hostel,españa,litera en habitación compartida mixta de 12 camas,1,persona que viaja sola,agradable,,,6.0,2025-04-18,muy bien
the river hostel,españa,litera en una habitación compartida femenina,4,persona que viaja sola,excepcional,,,10.0,2025-04-13,muy bien
the river hostel,españa,litera en una habitación compartida femenina,1,persona que viaja sola,aceptable,,,5.0,2025-04-11,muy bien
the river hostel,españa,cama en habitación compartida mixta de 8 camas,1,persona que viaja sola,excepcional,,,10.0,2025-04-01,muy bien
the river hostel,españa,litera en una habitación compartida femenina,1,persona que viaja sola,excepcional,,,10.0,2025-02-07,muy bien
the river hostel,españa,litera en habitación compartida mixta de 12 camas,1,persona que viaja sola,excepcional,,,10.0,2025-02-02,muy bien
the river hostel,españa,cama en habitación compartida mixta de 4 camas,1,persona que viaja sola,excepcional,,,10.0,2024-11-29,muy bien
the river hostel,españa,litera en habitación compartida mixta de 12 camas,1,persona que viaja sola,excepcional,,,10.0,2024-11-20,muy bien
the river hostel,españa,litera en una habitación compartida femenina,2,grupo,excepcional,,,10.0,2024-10-28,muy bien
the river hostel,españa,cama en habitación compartida mixta de 6 camas,2,persona que viaja sola,excepcional,,,10.0,2024-10-20,muy bien
the river hostel,españa,litera en una habitación compartida femenina,3,persona que viaja sola,excepcional,,,10.0,2024-08-19,muy bien
the river hostel,españa,litera en una habitación compartida femenina,1,persona que viaja sola,pésimo,,,1.0,2024-06-09,muy bien
the river hostel,españa,litera en habitación compartida mixta de 12 camas,1,persona que viaja sola,excepcional,,,10.0,2024-04-14,muy bien
the river hostel,españa,litera en dormitorio compartido mixto con 10 camas,6,persona que viaja sola,excepcional,,,10.0,2024-04-08,muy bien
the river hostel,españa,litera en habitación compartida mixta de 12 camas,1,grupo,excepcional,,,10.0,2024-03-20,muy bien
the river hostel,españa,cama en habitación compartida mixta de 6 camas,2,grupo,excepcional,,,10.0,2024-03-03,muy bien
the river hostel,españa,litera en habitación compartida mixta de 12 camas,1,persona que viaja sola,excepcional,,,10.0,2024-02-26,muy bien
the river hostel,españa,litera en una habitación compartida femenina,1,persona que viaja sola,excepcional,,,10.0,2024-02-15,muy bien
the river hostel,españa,litera en habitación compartida mixta de 12 camas,3,persona que viaja sola,excepcional,,,10.0,2024-01-25,muy bien
the river hostel,españa,litera en dormitorio compartido mixto con 10 camas,2,persona que viaja sola,excepcional,,,10.0,2023-12-21,muy bien
the river hostel,españa,litera en una habitación compartida femenina,1,persona que viaja sola,excepcional,,,10.0,2023-11-10,muy bien
the river hostel,españa,litera en una habitación compartida femenina,3,persona que viaja sola,excepcional,,,10.0,2023-10-04,muy bien
the river hostel,españa,litera en dormitorio compartido mixto con 10 camas,3,grupo,excepcional,,,10.0,2023-09-02,muy bien
the river hostel,españa,litera en dormitorio compartido mixto con 10 camas,1,persona que viaja sola,excepcional,,,10.0,2023-08-10,muy bien
the river hostel,españa,litera en habitación compartida mixta de 12 camas,2,persona que viaja sola,excepcional,,,10.0,2023-06-27,muy bien
the river hostel,españa,litera en habitación compartida mixta de 12 camas,1,persona que viaja sola,agradable,,,6.0,2023-05-01,muy bien
