nombre_del_hotel,nacionalidad,detalles_hab,noches,personas,comentario_general,positivo,negativo,nota,fecha,comentario_media_hotel
hotel las arenas balneario resort,españa,habitación individual estándar,1,persona que viaja sola,hotel muy recomendable para estancias de trabajo,"cené en el buffet y la nota que le podría sería un 7,8",la calidad de algunos de productos del desayuno. especialmente el zumo y la bollería no estaban a la altura,9.0,2026-03-27,fabuloso
hotel las arenas balneario resort,argentina,habitación doble con vistas laterales al mar,5,familia,brillante,"cuando llegue no me guso porque la han daba a un lugar feo pero me cambiaron y todo superó mis espectativas , personal, comida todoooo!!! volveria",,10.0,2025-11-22,fabuloso
hotel las arenas balneario resort,españa,habitación doble con vistas al mar,3,familia,excepcional,"personal muy agradable. la ubicación inmejorable, a pie de playa.",,10.0,2025-10-27,fabuloso
hotel las arenas balneario resort,argentina,habitación doble con vistas al mar,5,pareja,excepcional,todo genial,"el horario de la cena, es muy temprano",10.0,2025-09-15,fabuloso
hotel las arenas balneario resort,españa,habitación individual estándar,4,persona que viaja sola,excelente espero volver.,la atención del personal todos muy atentos.siempre dispuestos para ayudarte.,,10.0,2025-08-30,fabuloso
hotel las arenas balneario resort,argentina,habitación individual estándar,5,persona que viaja sola,estadía comoda,"el desayuno , la amabilidad del personal de recepción , las instalaciones del lugar y los alrededores.",la comida del restaurante y los jugos sintéticos del desayuno.,9.0,2025-08-26,fabuloso
hotel las arenas balneario resort,españa,habitación doble con vistas laterales al mar,2,pareja,así da gusto viajar,la habitación en general personal muy amable la terraza del sky y el buffet,"por decir algo ,tema ascensor y la tele un poco separada de la pared",10.0,2025-08-24,fabuloso
hotel las arenas balneario resort,españa,habitación individual estándar,3,persona que viaja sola,excepcional,me encanta todo,,10.0,2025-08-14,fabuloso
hotel las arenas balneario resort,argentina,habitación doble con vistas al mar,3,familia,fantástico,"muy bueno el desayuno, bien ubicado",,9.0,2025-08-14,fabuloso
hotel las arenas balneario resort,españa,habitación individual estándar,4,persona que viaja sola,fantástico,"el desayuno buffet es completo y muy variado. la cama supercómoda. el solarium en la azotea es un punto fuerte del hotel, con unas vistas de toda la bahía de palma. la playa está a escasos metros","que los armarios no tuvieran puertas y que el lavabo estuviera fuera del baño. las piscinas, bueno, la de la planta baja está un poco encajonada y la de la azotea cubre por la cintura.",9.0,2025-08-02,fabuloso
hotel las arenas balneario resort,españa,habitación doble con vistas al mar,5,familia,muy bien,la cercanía a la playa... excelente limpieza de las habitaciones,"poca variedad ven el buffet de la cena, el del desayuno excelente atasco en los ascensores",8.0,2025-07-05,fabuloso
hotel las arenas balneario resort,italia,habitación doble con vistas laterales al mar,4,familia,excepcional,el personal fue siempre muy amable. el desayuno es muy rico y variado. las instalaciones en esta época del año no estaban abarrotadas de gente. teníamos que dejar el hotel a las 5 de la mañana porque nuestro vuelo partía temprano y nos preparaon un pequeño desayuno. la terraza es muy bonita.,"creo que sería más cómodo tener la información sobre los horarios y menú del hotel impresa en la habitación o en el sitio web. se podía acceder a ella mediante un video en la tv que iba muy rápido y hacía imposible leerla. para usar los ascensores generalmente había que esperar porque sólo hay dos. si contratas el servicio con cena ten en cuenta que deberás pagar la bebida a parte. un agua de 500ml costaba  2,95 lo cual nos pareció un poco caro.",10.0,2025-06-13,fabuloso
hotel las arenas balneario resort,españa,habitación individual estándar,2,persona que viaja sola,una agradable estancia cerca del mar.,"el hotel tiene unas vistas fantàsticas de la bahia de palma. las habitaciones son confortables y espaciosas, con una terraza muy agradable. y las vistas desde la piscina, impresionantes.","el desayuno era variado y abundante, aunque eché en falta algo más de oferta para las personas celíacas o intolerantes a los productos lácteos, como era mi caso: yogures de soja o coco, o pan y galletas sin gluten.",9.0,2025-05-23,fabuloso
hotel las arenas balneario resort,españa,habitación doble con vistas al mar,3,pareja,volveré,"ubicación, servicios, personal",,10.0,2025-05-13,fabuloso
hotel las arenas balneario resort,polonia,habitación individual estándar,1,persona que viaja sola,fantástico,"terrace con la piascina, ubicación, sunset",musica!!! 3 canciones todo el tiempo.,9.0,2025-04-29,fabuloso
hotel las arenas balneario resort,españa,habitación individual estándar,1,persona que viaja sola,excepcional,la limpieza y el personal,,10.0,2025-04-20,fabuloso
hotel las arenas balneario resort,españa,habitación doble con vistas al mar,1,familia,habitación bonita y cómoda frente al mar,"el trato del personal y las instalaciones del hotel, super bien. la ubicación genial respecto al aeropuerto y la playa, varios sitios para comer bien en los alrededores.","el buffet de la cena era variado pero no todo lo que probamos estaba delicioso, diría que este aspecto fue lo más flojo del hotel. el buffet del desayuno mejor.",8.0,2025-04-03,fabuloso
hotel las arenas balneario resort,españa,habitación doble estándar,3,familia,fantástico,,,9.0,2024-12-05,fabuloso
hotel las arenas balneario resort,españa,habitación doble con vistas al mar,1,pareja,fantástico,skype bar es fantástico,spa de pago,9.0,2024-11-03,fabuloso
hotel las arenas balneario resort,españa,habitación doble estándar,2,familia,excepcional,"nos encantó toda nuestra estancia, personal muy amable, y excelente ubicación. a primera linea de playa, una auténtica maravilla, ha cumplido nuestra expectativas. volveremos a repetir sin duda alguna, gracias. cara sonriendo ligeramente",,10.0,2024-11-02,fabuloso
hotel las arenas balneario resort,alemania,habitación individual estándar,3,persona que viaja sola,estupendo,"buena ubicación, todo muy bien cuidado, moderno y limpio. el buffet del desayuno era muy variado.","soy vegetariano, lamentablemente no encontré leche de soja o avena disponibles, aunque los camareros me dijeron que suele estar disponible.",9.0,2024-10-17,fabuloso
hotel las arenas balneario resort,españa,habitación individual estándar,1,persona que viaja sola,buen hotel a pie de playa,"el hotel se nota que tiene sus años pero está reformado, muy bien aspecto y el personal muy agradable. el buffet con bastante variedad.","lo malo que no tiene parking y aunque hay aparcamiento en las calles, no es fácil encontrar sitio. iba con mp, pero podrían avisar en algún lugar que la bebida va a parte, y barata no es.",9.0,2024-10-01,fabuloso
hotel las arenas balneario resort,costa rica,habitación doble con vistas al mar,5,pareja,10de 10,"excelente atención, ubicación y servicio. recomendación al 100 ",,10.0,2024-09-28,fabuloso
hotel las arenas balneario resort,españa,habitación doble con vistas laterales al mar,4,grupo,las mejores vistas de mallorca están en hotel las arenas,"las piscinas, las vistas desde la azotea, el desayuno y la amabilidad y cuidado en detalle de los trabajadores del hotel.",el salero de las mesas que no tenía sal y que el secador haya que pulsarlo todo el rato. y que solo hay dos ascensores para toda la gente del hotel.,9.0,2024-09-26,fabuloso
hotel las arenas balneario resort,suiza,habitación doble con vistas al mar,3,grupo,ideal el hotel,la ubicación,,8.0,2024-09-23,fabuloso
hotel las arenas balneario resort,bolivia,habitación doble con vistas al mar,3,pareja,aoectacular,"lo gentileza del staff , lo limpio q es y la tranquilidad !",,10.0,2024-09-10,fabuloso
hotel las arenas balneario resort,españa,suite junior con vistas al mar,1,familia,habitación perfecta,habitación super cómoda y con vistas espectaculares,que no suban bebidas a la habitación desde el bar,10.0,2024-09-03,fabuloso
hotel las arenas balneario resort,honduras,habitación individual estándar,2,persona que viaja sola,fantástico,la ubicación del hotel y la comida,todo bien,9.0,2024-08-30,fabuloso
hotel las arenas balneario resort,españa,habitación doble estándar,1,pareja,un hotel para repetir.,la ubicación,todo estaba genial,9.0,2024-08-26,fabuloso
hotel las arenas balneario resort,argentina,habitación doble con vistas al mar,2,familia,las vistas muy lindas!!!,"las vistas, desayuno y piscina.",los ascensores pocos para la cantidad de pasajeros,8.0,2024-08-15,fabuloso
hotel las arenas balneario resort,españa,habitación doble estándar,7,pareja,excepcional,todo muy bien,todo bien,10.0,2024-08-11,fabuloso
hotel las arenas balneario resort,argentina,habitación individual estándar,5,persona que viaja sola,excelente!,"me gusto todo, el hotel, el personal, la ubicacion, la habitacion con balcon y minibar. el desayuno super completo. la zona es muy linda y esta cerca del aeropuerto. me encantaria volver a este hotel. gracias!",,10.0,2024-07-20,fabuloso
hotel las arenas balneario resort,españa,habitación doble estándar,1,familia,lo volvería a escoger,"todo en sí en el hotel es increíble. la ubicación frente a la playa. el trato del personal, sobre todo de las chicas de la limpieza. la calidad y la variedad del buffet. habitaciones espaciosas, limpias y cómodas, al igual que las camas.","nuestra habitación daba a una calle trasera donde había un poco de ruido por la noche. algo así como un extractor y las esperas por el ascensor, eran interminables... por poner algo",9.0,2024-07-06,fabuloso
hotel las arenas balneario resort,españa,habitación doble con vistas al mar,1,grupo,excepcional,me encantó. volvería,,10.0,2024-06-30,fabuloso
hotel las arenas balneario resort,alemania,habitación doble estándar,3,familia,lindo hotel en mallorca,"las instalaciones son preciosas, la comida deliciosa y los empleados son muy amigables.",las almohadas de las habitaciones son incómodas,9.0,2024-06-08,fabuloso
hotel las arenas balneario resort,austria,habitación doble con vistas al mar,1,pareja,muy bueno.,nos gustó mucho todo! especialmente el desayuno! increíble por su precio! el personal muy amable y trabajador! simona de la recepción fue muy amable y aunque tenía muchísimo trabajo trataba a todos muy bien!,la terraza es hermosa pero creo que se podría mejorar la atención allí,9.0,2024-05-29,fabuloso
hotel las arenas balneario resort,alemania,habitación doble con vistas a la piscina,3,familia,excepcional,me gusto mucho la piscina en el techo.tiene una vista espectacular.,,10.0,2024-05-21,fabuloso
hotel las arenas balneario resort,españa,suite junior con vistas al mar,4,familia,un sitio para recordar,"todo en general personal, confort, cama, comida",,10.0,2024-04-29,fabuloso
hotel las arenas balneario resort,españa,habitación doble con vistas al mar,3,familia,perfecta,"desayuno excelente, ubicación inmejorable",,10.0,2024-04-08,fabuloso
hotel las arenas balneario resort,colombia,habitación doble estándar,2,familia,fantástico,"muy linda terraza, el hotel está en una muy buena ubicación cerca a todo",,9.0,2024-03-23,fabuloso
hotel las arenas balneario resort,argentina,habitación doble con vistas al mar,2,pareja,excelente,el hotel es hermoso y se come súper bien,,10.0,2024-03-22,fabuloso
hotel las arenas balneario resort,españa,habitación doble estándar,1,familia,estancia en familia,"la ubicación, el lobby, la terraza con piscina","las camas!!!!! imposible dormir en ellas, parecen de madera. y el cafe del desayuno no nos ha gustado nada",8.0,2024-03-21,fabuloso
hotel las arenas balneario resort,argentina,habitación doble con vistas al mar,6,familia,totalmente recomendable,"un hotel hermoso, limpio, prolijo. bien atendido por sus empleados. el desayuno parece mas un almuerzo de un all inclusive: completo es poco. buffet muy abundante. no se escuchan ruidos de la calle.","respecto al hotel, nos gusto todo. nada malo que decir. respecto a la zona, tener en cuenta que en el caso de alquilar auto, estacionar es practicamente imposible. no hay parking y se dan muchas vueltas hasta encontrar lugar. el hotel no posee.",10.0,2023-10-24,fabuloso
hotel las arenas balneario resort,españa,habitación doble estándar,1,grupo,muy bien,la cama es muy confortable y está todo muy limpio. el personal de recepción muy amable. está en primera línea de playa.,está ubicado en una zona enfocada a extranjeros y tampoco había mucho ambiente.,8.0,2023-10-22,fabuloso
hotel las arenas balneario resort,españa,habitación doble con vistas al mar,2,pareja,bastante bien,"la terraza del piso de arriba, la atención de las recepcionistas que me dieron muchos tips, el desayuno.","- la ubicación, puesto que hay mucha distancia al centro. - la atención del maitre. muy poco profesional y bastante antipático. - el baño, pues con un cristal de separación no se tiene intimidad.",8.0,2023-10-21,fabuloso
hotel las arenas balneario resort,españa,habitación individual estándar,2,persona que viaja sola,excepcional,"la habitación muy limpia, con vistas al mar y cómoda.la ubicación es excelente y el personal muy amable. la terraza con piscina increíble. sin duda repetíré.",,10.0,2023-10-05,fabuloso
hotel las arenas balneario resort,españa,habitación doble estándar,4,pareja,muy bien,"la ubicación, está en primera línea de playa, a menos de 10 minutos del aeropuerto en coche y a 20 de la palma. no hay nada de ruido en las habitaciones y el personal es muy amable. nuestro vuelo salía a las 19h y pudimos aprovechar el día de playa porque tienen maletero y unas duchas que nos dejaron usar después de hacer el check out. los buffets de desayuno y cena muy bien, lo único que cierra pronto para horario español  21:30 ",cobran por usar la caja fuerte de la habitación. he viajado mucho y en todos los hoteles en los que me he alojado siempre había sido un servicio gratuito,9.0,2023-09-17,fabuloso
hotel las arenas balneario resort,chile,habitación individual estándar,3,persona que viaja sola,excepcional,"balcón, la vista, las piscinas aunque no las usé, el desayuno y personal de la recepción y aseo.",,10.0,2023-09-13,fabuloso
hotel las arenas balneario resort,argentina,habitación doble con vistas al mar,5,pareja,"muy buena ,los empleados hermosos","todo,el desayuno y la cena de una variedad y calidad espectacular","los horarios del desayuno y la cena son muy temprano ,y los shows se superponen con el final de la cena ,por lo cual si vas a cenar tarde te perdes el show",10.0,2023-08-27,fabuloso
hotel las arenas balneario resort,españa,habitación doble con vistas a la piscina  2 adultos   1 niño ,3,familia,excepcional,"el bufete estuvo genial, las piscinas super bonitas y muy tranquilo , todo el personal super agradable la verdad que el hotel fue un acierto en todo en ubicación. me encantó",,10.0,2023-08-21,fabuloso
hotel las arenas balneario resort,españa,habitación doble con vistas al mar,2,grupo,una atención de 10,la amabilidad del personal. habitaciones muy bien equipadas e instalaciones estupendas.,,10.0,2023-08-14,fabuloso
hotel las arenas balneario resort,argentina,habitación doble con vistas al mar,5,pareja,excelente opción en can pastilla,"la ubicación es perfecta, la habitación cómoda y las vistas al mar excelente.",,9.0,2023-08-13,fabuloso
hotel las arenas balneario resort,españa,habitación doble con vistas al mar,7,familia,excelente,"la ubicación, la amabilidad del personal y la comida estaba muy bien. muy cerca al mar y una buena zona de ocio",faltaban cubiertos para comer,10.0,2023-08-12,fabuloso
hotel las arenas balneario resort,españa,habitación doble con vistas al mar,6,pareja,mallorca nos ha robado el corazón !,"la limpieza. había una chica que nos limpiaba la habitación todos los días y nos cambiaba las toallas a diario, muy amable y muy maja. todo el personal muy amable.","la comida,no fue como me lo esperaba. no había mucha variedad y casi todos los días era lo mismo. por las fotos pensaba que habría mucha más variedad y que cada día habría algo nuevo. tampoco me gusto el hecho de que no nos cambiaron las sábanas durante los 5 días que estuvimos. y las almohadas poco cómodas.",10.0,2023-08-10,fabuloso
hotel las arenas balneario resort,estados unidos,habitación individual estándar,6,persona que viaja sola,excepcional,la cama era cómoda,"el aire acondicionado no era suficiente para enfriar la habitación durante el día ya que le daba el sol toda la tarde y parte de la mañana, el aire acondicionado en general era poco en el hotel.",10.0,2023-08-05,fabuloso
hotel las arenas balneario resort,españa,habitación doble estándar,5,pareja,gracias por vuestra amabilidad,que es tal y como en las fotos corazón rojo,,10.0,2023-07-31,fabuloso
hotel las arenas balneario resort,españa,habitación doble con vistas al mar,5,familia,fantástico,situación buffet,..,9.0,2023-07-25,fabuloso
hotel las arenas balneario resort,suiza,habitación doble con vistas al mar,5,familia,una estancia excelente,muy buen desayuno y cena. excelente ubicación y personal muy amable.,los ascensores en las horas pico se quedan cortos,9.0,2023-07-20,fabuloso
hotel las arenas balneario resort,italia,habitación doble con vistas laterales al mar  2 adultos   1 niño ,9,familia,el personal excelente! nos hicieron sentir como en casa.,la terraza del hotel es más hermosa de lo que se ve en fotos,la limpieza de la habitación no era al nivel de un 4 estrellas,9.0,2023-07-20,fabuloso
hotel las arenas balneario resort,españa,habitación individual estándar,7,pareja,excepcional!! repetiría y 100 recomendado!!,las instalaciones súper cómodas y limpias. el trato del personal súper amables y colaboradores. el desayuno variado y delicioso cara babeando,el ascensor se demora un poco pero en líneas generales nada que no pueda sobrellevarse.,10.0,2023-07-11,fabuloso
hotel las arenas balneario resort,españa,habitación doble con vistas al mar,4,pareja,excelente,"todo vistas, buffet, habitación, el personal, piscinas",por la noche en la habitación se ve que estan todos con el aire acondicionado encendidos y lo enchufas y no sale frío y pasas un poquito de calor por las noches,10.0,2023-06-23,fabuloso
hotel las arenas balneario resort,argentina,habitación doble con vistas laterales al mar,5,familia,fantástico,las instalaciones y la ubicación.,,9.0,2023-06-22,fabuloso
hotel las arenas balneario resort,uruguay,habitación individual estándar,3,persona que viaja sola,fantástico,"habitación, cama, baño, desayuno.",,9.0,2023-06-20,fabuloso
hotel las arenas balneario resort,españa,habitación doble estándar,1,grupo,fantástico,"la ubicación, y el desayuno muy bien la piscina genial!",,9.0,2023-06-18,fabuloso
hotel las arenas balneario resort,españa,habitación doble con vistas a la piscina,7,familia,muy bien,instalación y amabilidad del personal,"no me gustó, que no hubiera servicio de comida y poder intercambiar así la comida con la cena en la media pensión como en otros hoteles, se palpaba el horario un poco limitado de cena para españoles ,de 6 y media a nueve y media, el resto muy muy bien .",8.0,2023-06-18,fabuloso
hotel las arenas balneario resort,uruguay,habitación doble con vistas a la piscina,2,pareja,muy recomendable,ubicacion,todo estuvo bien,10.0,2023-06-17,fabuloso
hotel las arenas balneario resort,españa,habitación doble con vistas al mar,2,grupo,muy bien,muy agradable el personal y la comodidad del hotel,las piscina muy pequeñas,9.0,2023-06-17,fabuloso
hotel las arenas balneario resort,venezuela,habitación doble con vistas al mar,3,pareja,finde en pareja,"buenas instalaciones, excelente atención, la comida variada y muy buena","los horarios de las cenas, deberían considerar extenderlo hasta un poco más tarde",10.0,2023-06-14,fabuloso
hotel las arenas balneario resort,argentina,habitación doble con vistas al mar,7,familia,prevengan,es la segunda vez que estamos muy bueno a nuestro gusto,los aumentos de precios dictaminado por booking.com con su nuevo sistema es abusivo estamos por cambiar el método y lugares como de proveedor en futuros viajes y toda persona que conocimos ya se queja fuertemente de esto incentivado por el algoritmo y la inteligencia artificial en complicidad,10.0,2023-06-01,fabuloso
hotel las arenas balneario resort,españa,habitación doble estándar,2,grupo,100  recomendable,"la habitación estaba muy limpia y era muy cómoda. teníamos desayuno incluido y había una gran variedad , tanto para desayunos nacionales como internacionales. había dos piscinas, la piscina de la última planta es una auténtica maravilla con vistas a la playa. un lugar muy recomendable, para repetir seguro.","la intimidad del baño, agradecería que hubiera puerta en el aseo y que el water y la ducha estuvieran separadas por una pared y no por un cristal traslúcido.",10.0,2023-05-28,fabuloso
hotel las arenas balneario resort,argentina,habitación individual estándar,2,persona que viaja sola,muy bien,"bien ubicado, zona de bares y restaurantes. unos 600mts para tomar el colectivo que te lleva al centro.","la playa del frente al hotel no es apta para baño, hay que caminar unos 300-400 mts",8.0,2023-05-23,fabuloso
hotel las arenas balneario resort,españa,habitación individual estándar,3,persona que viaja sola,agradable.,"limpieza lo primero. el desayuno variado. el personal amable a la hora de facilitar taxi, rent a car y explicación de cualquier duda. la sauna. la zona de maletas, vestuario y duchas si debes dejar la habitación por la mañana pero tu vuelo sale de tarde noche. es un puntazo!","me llama la atención que pagando cenas, no tengas acceso a una bebida mínima, tipo un agua, si ya luego quieres más si veo bien abonar el precio. el menú no lo he visto tan variado como en otros hoteles. en mi caso no me ha merecido la pena cenar en el hotel. el ruido nocturno de los  guiris  de fiesta. pero de eso tampoco tiene la culpa el hotel...",8.0,2023-05-14,fabuloso
hotel las arenas balneario resort,españa,habitación doble con vistas al mar,1,pareja,una escapada para repetir,"el trato de los trabajadores, tanto en el restaurante como en la cafetería de planta baja. el desayuno y la comida también nos gustó mucho así como la limpieza y las vistas desde la habitación","el trato en la cafetería de la última planta. había tres trabajadores dentro de la barra, nos sentamos en una mesa frente a ellos y no fueron capaces de acercarse a ver qué queríamos, el cobro por adelantado   antes de servir las bebidas . pedimos piña colada y moijio y la piña colada era coco con alcohol   la piña solo estaba en la muestra del vaso  y el mojito tampoco estaba muy bueno. para la calidad de estas bebidas, caro. y si no saben hacer alguna bebida o no tienen la materia para hacerlo, mejor decirlo y hubiesemos pedido otra cosa.",8.0,2023-05-12,fabuloso
hotel las arenas balneario resort,italia,habitación individual estándar,1,persona que viaja sola,muy bien,la posición y el personal muy cortés. el desayuno muy variado y abundante,la habitación un poco pequeña pero yo viajaba sola y cogí una individual,8.0,2023-05-04,fabuloso
hotel las arenas balneario resort,españa,habitación doble con vistas al mar,4,familia,fantástico,las instalaciones nuevas y decoradas con buen gusto. habitación amplia. primera línea de playa. buffet bueno. preciosas vistas.,si vas con coche es difícil aparcar en las inmediaciones. no hay parking en el hotel. las calles de alrededor son estrechas.,9.0,2023-04-30,fabuloso
hotel las arenas balneario resort,españa,habitación doble con vistas al mar,6,familia,perfecto todo en general,"todo perfecto, el trato del personal, las instalaciones, el comedor todo genial, la ubicación que más se puede pedir","quizá por poner un pero, es que en la cenas había cosas un poco repetitivas, pero para pocos días no llega a cansar",10.0,2023-04-25,fabuloso
hotel las arenas balneario resort,españa,habitación individual estándar,3,persona que viaja sola,inolvidable,"la vistas desde la habitación y la azotea era lo más bonito, también estaba en una zona muy bien comunicada, tranquila, con mucho ambiente y restaurantes de todo tipo. el desayuno buffet tenía todo tipo de bollería, fruta, etc para elegir volvería a repetir el hotel sin duda alguna",que limpiaban la habitación muy por encima,10.0,2023-04-24,fabuloso
hotel las arenas balneario resort,españa,habitación doble con vistas a la piscina,3,pareja,excepcional,,el horario de cena lo alargaría un poco,10.0,2023-04-16,fabuloso
hotel las arenas balneario resort,españa,habitación individual estándar,7,persona que viaja sola,fantástico,el personal del comedor.,,9.0,2026-04-04,fabuloso
hotel las arenas balneario resort,españa,habitación individual estándar,2,persona que viaja sola,fantástico,"hotel muy bien comunicado con el aeropuerto, y con muchos restaurantes en los alrededores. desayuno buffet variado y muy rico.","la habitación olía ha cerrado, hacía bastante calor y por el sistema de ventilación que tienen, tenía que decir si quería que se enfriara o prefería ventilar. el bano es de estos modernos donde hay un cristal en la ducha, por lo que en la zona del dormitorio  camas  entra toda la luz del cuarto de bano y desde la cama se ve el váter, por lo que si quieres compartir no es la mejor opción.",9.0,2025-11-06,fabuloso
hotel las arenas balneario resort,españa,habitación doble con vistas a la piscina,2,grupo,buena experiencia,desayuno muy completo,habitación de matrimonio con dos camas individuales,8.0,2025-10-27,fabuloso
hotel las arenas balneario resort,españa,habitación doble con vistas laterales al mar,5,pareja,excelente,la ubicación e instalaciones,,9.0,2025-10-09,fabuloso
hotel las arenas balneario resort,uruguay,habitación doble estándar,3,familia,"muy lindo hotel, excelente ubicación","muy bien ubicado, excelente desayuno.",hotel sin parking en zona muy difícil de estacionar.,9.0,2025-07-24,fabuloso
hotel las arenas balneario resort,españa,habitación individual estándar,2,persona que viaja sola,muy bien,el desayuno y el vestuario para cuando ya estás fuera de la habitación y necesitas ducharte,,8.0,2025-05-15,fabuloso
hotel las arenas balneario resort,suiza,habitación individual estándar,5,persona que viaja sola,fantástico,excelente desayuno!,,9.0,2025-05-09,fabuloso
hotel las arenas balneario resort,españa,habitación doble con vistas a la piscina,2,familia,muy bien,en general todo y lo q más el servicio d guardametas.,el servicio a la entrada a la habitación q no se pudo hacer al llegar se tardó algo d una hora y media.,8.0,2025-04-27,fabuloso
hotel las arenas balneario resort,italia,habitación doble con vistas al mar,5,pareja,muy buena experiencia en mallorca frente al mar,"la experiencia en general muy buena. vale la pena destacar el desayuno y cena buffet, muy rico y muy variado. la ubicación, increíble. staff muy servicial. cama y baños comodísimos. elegimos la habitación con vista al mar, la verdad muy recomendable.","el espacio de la habitación es muy reducido, aunque no hayamos estado en la habitación más económica. por otra parte, el aire estaba centralizado con calefacción y no tuvimos la opción de tener aire acondicionado frío.",8.0,2025-04-04,fabuloso
hotel las arenas balneario resort,argentina,habitación doble estándar,1,pareja,muy bien,la ubicación está cercana al mar y el hotel es moderno y muy limpio. la habitación era luminosa y con un balcón con buena vista.muy buen desayuno,habitación chica y sencilla. la calificación de 4 estrellas le queda grande,8.0,2024-11-29,fabuloso
hotel las arenas balneario resort,españa,habitación doble estándar,4,pareja,muy bien,el desayuno era muy completo.,la insonorización no era buena,8.0,2024-11-08,fabuloso
hotel las arenas balneario resort,españa,habitación doble con vistas laterales al mar,4,grupo,el hotel muy bien y el personal muy agradable.,"el hotel en general, y el personal muy bien, y la ubicación perfecta.","por poner un pero, las toallas del baño que raspan un poco, y las actuaciones que se hacen por las noches solo están pensadas para extranjeros, con lo que para españoles regular.",9.0,2024-10-06,fabuloso
hotel las arenas balneario resort,chile,habitación doble con vistas al mar,1,familia,muy bien,buena ubicación,que no tuviera parking propio,8.0,2024-09-21,fabuloso
hotel las arenas balneario resort,españa,habitación doble con vistas al mar,7,pareja,fantástico,la atención del personal y el buffet está genial,,9.0,2024-07-16,fabuloso
hotel las arenas balneario resort,países bajos,habitación individual estándar,1,persona que viaja sola,estuvo genial,"la decoración, el personal, la ubicación, las vistas y el restaurante bar que da a la calle está genial también.",,8.0,2024-07-12,fabuloso
hotel las arenas balneario resort,argentina,habitación doble con vistas al mar,5,familia,excepcional,la vista a la playa desde el balcón de la habitación.,pagar aparte el uso de la caja de seguridad y del frigobar,10.0,2024-05-20,fabuloso
hotel las arenas balneario resort,españa,habitación individual estándar,1,persona que viaja sola,relajación con vistas al mar,la habitación que estuve estaba en 2 línea de mar,en cierto modo nada ya que por precio y calidad estaba bien,8.0,2024-05-15,fabuloso
hotel las arenas balneario resort,venezuela,habitación doble con vistas laterales al mar,2,pareja,fantástico,muy bueno la piscina el detalle que tuvieron para mi cumpleaños gracias,todo muy bien gracias,9.0,2024-05-03,fabuloso
hotel las arenas balneario resort,españa,habitación doble con vistas al mar,2,pareja,excepcional,"ha estado genial, desayuno buffet muy completo y el personal es muy agradable",,10.0,2024-05-02,fabuloso
hotel las arenas balneario resort,españa,habitación doble con vistas a la piscina,3,familia,fantástico,"todo, la comida muy buena",el ruido de los aviones,9.0,2024-03-31,fabuloso
hotel las arenas balneario resort,argentina,habitación doble con vistas a la piscina,2,familia,muy buen hotel. zona de difícil estacionamiento.,"ubicación, muy cerca del aeropuerto limpieza y el desayuno excepcional!","muy chica la habitación y el hotel no tiene parking. no obstante el baño es excelente y la habitación tiene frigobar. no queda otra que alquilar un auto en la isla, y es extremadamente difícil conseguir parking en la zona por la tremenda cantidad de autos, ausencia de parking privados y muchas  líneas amarillas  de prohibición de estacionamiento en can pastilla.",8.0,2024-03-26,fabuloso
hotel las arenas balneario resort,andorra,habitación doble estándar,3,grupo,buen hotel,ubicacion fantastica.,,8.0,2024-03-18,fabuloso
hotel las arenas balneario resort,colombia,habitación individual estándar,1,persona que viaja sola,muy bien,"el hotel está bien situado, las habitaciones son cómodas, actualizadas, modernas, las sábanas en muy buen estado, las toallas en regular estado, el baño actualizado, amplio. la atención en la recepción muy amables. el desayuno muy bueno, gran variedad de panes, frutas, carnes frias y quesos, vegetales, bebidas calientes y frías, cereales, huevos recién preparados, delicioso todo.",,8.0,2023-10-11,fabuloso
hotel las arenas balneario resort,españa,habitación individual estándar,3,pareja,recomendable.,la comida estaba muy buena.,mal aparcamiento,8.0,2023-10-09,fabuloso
hotel las arenas balneario resort,españa,habitación individual estándar,3,persona que viaja sola,muy bien,"el buffet, la atención del personal, instalaciones, todo en general muy bien","el único detalle es que el baño olía mal por la noche y tenía que cerrar la puerta, durante el día no pasaba.",8.0,2023-09-29,fabuloso
hotel las arenas balneario resort,españa,habitación doble con vistas al mar,3,pareja,"magnifico servicio, lugar y trato con el huésped. son muy amables y te sorprenden con detalles.","ubicación, instalaciones, restaurante, la vista, el trato, las piscinas.",el cobro elevado para reservar las tumbonas y el horario de cierre de las piscinas,10.0,2023-07-09,fabuloso
hotel las arenas balneario resort,argentina,habitación doble estándar,3,pareja,muy bien,comodidad y desayuno,la vista de la habitación,8.0,2023-06-02,fabuloso
hotel las arenas balneario resort,españa,habitación doble con vistas a la piscina,8,pareja,confortable,la comida bien vistas y ubicación perfecta,falta de producto de aseo,8.0,2023-05-28,fabuloso
hotel las arenas balneario resort,españa,habitación doble con vistas a la piscina,3,pareja,buen hotel a buen precio.,"las habitaciones son amplias, cuatro de baño moderno y amplio. las habitaciones tienen terraza en mi caso daban a la piscina. las habitaciones son cómodas y silenciosas. el desayuno y la cena están muy bien, el personal es muy agradable.",quizás algo de falta de limpieza por decir algo.,10.0,2023-06-26,fabuloso
hotel las arenas balneario resort,españa,habitación individual estándar,5,persona que viaja sola,"económico, nuevo, pero ruidoso.",el buffet era muy bueno. las habitaciones son nuevas. se ve el mar desde la habitación. tiene 2 piscinas.,"se oye todo, los ruidos de la calle y los de dentro. cuando alguien se ducha parece que está en el baño de la habitación. los cojines de la cama tenían polvo. a veces costaba aparcar si no es tarde.",7.0,2026-03-27,fabuloso
hotel las arenas balneario resort,españa,habitación doble con vistas laterales al mar,2,familia,bien,la limpieza y la amabilidad del personal del hotel,muy poco equipado para el precio,6.0,2025-10-02,fabuloso
hotel las arenas balneario resort,españa,habitación doble con vistas laterales al mar,3,pareja,muy buen hotel,"era cómodo, estaba muy limpio y el personal era muy educacional y amable en todo momento.","si tuviera que poner  una pega  es que la puerta de la ducha, no sellaba del todo el agua y se salía por afuera. tuvimos que poner toallas en el suelo. me hubiera gustado que el hotel disponga de servicio de comida también y no solo desayuno y cena.",7.0,2025-08-14,fabuloso
hotel las arenas balneario resort,españa,habitación doble estándar,4,pareja,hotel aceptable,"ubicación cerca del aeropuerto y de palma de mallorca. en can pastilla tienes acceso a muchos servicios: supermercados, tiendas, farmacias, restaurantes  decoración y limpieza del hotel muy al detalle. cercanía de la playa  aunque no sea nada espectacular, es una playa plana de arena  personal amable.","horarios de cenas y piscina muy enfocados a los turistas extranjeros creo que no puedes cerrar una piscina a las 19:00 pm siendo agosto. el último turno de cena es a las 21:30 pm, tienes que tenerlo en cuenta si quieres ir a ver una puesta de sol en algún lugar de la isla. nosotros teníamos régimen de media pensión, decepcionante que no entre por lo menos el agua  te cobran las bebidas a parte en las cenas.",7.0,2024-08-24,fabuloso
hotel las arenas balneario resort,argentina,habitación doble con vistas laterales al mar,4,pareja,demasiado grande,la habitación muy amplia y luminosa. cama muy cómoda. el desayuno espectacular.,"el personal escaso y mal predispuesto. un hotel de tanta demanda, no puede tener una sola persona en el frontdesk. se forman largas colas para hacer el check-in.",7.0,2024-05-01,fabuloso
hotel las arenas balneario resort,españa,habitación individual estándar,1,persona que viaja sola,bien,ubicación,laberinto para llegar a la habitación,7.0,2025-11-28,fabuloso
hotel las arenas balneario resort,colombia,habitación doble con vistas laterales al mar,2,pareja,algo inconforme precio calidad a lo visto,hola la vista buena ubicación muy bien,"tuvimos incomodidad con el baño ya que en las imágenes que había visto salían diferente las habitaciones,   me mostraban habitación independiente del baño , al encender la luz del baño se encendía la de la habitación. punto negativo ya que da mucha luz. almohadas un poco incómodas.",5.0,2025-09-23,fabuloso
hotel las arenas balneario resort,españa,habitación doble estándar,7,pareja,agradable,,"el comedor, la comida y el personal del comedor inexpertos y muy baja calidad",6.0,2025-08-30,fabuloso
hotel las arenas balneario resort,españa,habitación individual estándar,3,grupo,bien,todos los servicios que ofrece son reales la terraza superior es un 10,problema de aparcamiento,7.0,2025-06-09,fabuloso
hotel las arenas balneario resort,rumanía,habitación doble con vistas laterales al mar,3,familia,aceptable,la ubicación,"es un 4 estrellas pero le pondría 3, por los acabados interiores",5.0,2025-04-03,fabuloso
hotel las arenas balneario resort,uruguay,habitación individual estándar,7,persona que viaja sola,"relación calidad precio, caro para lo que ofrece","la habitación es espaciosa, camas y almohadas confortables, el baño es bueno con una excelente ducha, las toallas son viejas y ásperas no van acordé. el desayuno variedo","no me gusto que la caja fuerte tuvieras que pagar aparte que para usar toalla en la piscina hubiera que dejar un depósito que en la piscina los camastros no se pudieran utilizar   reservados para spa y de pago extra  no tiene un solo ameniti en el baño no se corresponde con      y mucho menos con lo que pagas pagas me he alojado por segunda vez y no volveré, relación calidad precio, caro para lo que te dan",7.0,2024-10-02,fabuloso
hotel las arenas balneario resort,españa,habitación doble estándar,7,pareja,buena estancia,buena ubicación. el buffet de desayuno y cena es variado y buena calidad. habitaciones amplias.,"el wifi funcionaba un poco lento en las habitaciones. a veces faltaban algunos utensilios en el comedor  ej: cubiertos, servilletas ",7.0,2024-08-16,fabuloso
hotel las arenas balneario resort,españa,habitación doble con vistas al mar,1,pareja,solo de paso y cuanto más rápido mejor.,"cercanía al aeropuerto  pese a no ser barata la carrera en taxi . el desayuno no estaba mal, las camas eran más o menos cómodas y ducha ok. para pasar una única noche por conveniencia.","hotel atestado de gente a todas horas, ruido en la calle  literalmente gritos y broncas , con una reserva de hacía meses nos ponen en el primer piso sobre el puerto. verdadero calor en la habitación que no se iba ni con él a c al maximo. no recomendaría la estancia en esa zona, el ambiente, ni el hotel en sí salvo para hacer una noche por antes o tras el vuelo.",6.0,2024-06-21,fabuloso
hotel las arenas balneario resort,españa,habitación individual estándar,2,persona que viaja sola,genial,es perfecto. buenas vistas.,el ruido,7.0,2024-06-03,fabuloso
hotel las arenas balneario resort,españa,habitación doble con vistas a la piscina,3,familia,"buen hotel y relajado, con un buen desayuno",estaba bien y las camas muy cómodas,el cristal del baño debería estar más oscuro y que la transparencia fuera menor,7.0,2024-05-06,fabuloso
hotel las arenas balneario resort,españa,habitación doble con vistas a la piscina,3,familia,lo pasamos genial,"muy bien situado, cerca de todos los servicios, el desayuno muy bien.","la limpieza de las habitaciones, en los tres días no han pasado el trapo por el grifo de la pica del baño, la cam hecha regular y pelusas detrás de la puerta y debajo de la cama.",6.0,2024-04-23,fabuloso
hotel las arenas balneario resort,españa,habitación doble con vistas al mar,3,familia,experiencia ok,la comida y las vistas,que sí no les decías nada no te limpiaban el cuarto,6.0,2023-10-13,fabuloso
hotel las arenas balneario resort,españa,habitación doble con vistas al mar,1,familia,personal muy desagradable,hotel moderno frente a la playa,"empezando por la dificultad de aparcar por la zona. el servicio para ser un 4 estrellas deja bastante que desear. nos quisieron hasta cobrar 1 euro por darnos 1 cubito de hielo....lo nunca visto. cuando estábamos ya a punto de levantarnos del desayuno, 8 minutos después del horario de fin, del mismo, nos dijeron en castellano que había terminado la hora de bastante malas maneras haciendo el gesto de muñeca señalando al reloj. bastante desagradable, creo que, encima hablando el mismo, idioma se puede hacer de mejores formas. la piscina para ser lo grande que es el hotel, es enana.",4.0,2023-08-03,fabuloso
hotel las arenas balneario resort,españa,habitación doble estándar,7,pareja,para repetir estancia,"las instalaciones se ven nuevas, las piscinas geniales sobre todo las vistas que tiene la que está en la séptima planta. el bufet libre no es muy grande pero tiene variedad y está todo muy rico. las camas y almohadas muy cómodas.",creo que nos pusieron en la habitación más pequeña de todo el hotel y eso incluye la terraza.,7.0,2023-07-28,fabuloso
hotel las arenas balneario resort,españa,habitación doble con vistas laterales al mar,6,pareja,bien,ubicación y personal. buena calidad precio,"un poco ruidoso, tal vez por tener un vecino un poco maleducado.",7.0,2023-06-18,fabuloso
hotel las arenas balneario resort,españa,habitación individual estándar,2,persona que viaja sola,mal,,"reserve el hotel por el spa precisamente, cuando pregunté por la mañana por el spa me dijeron el horario y no me comentaron que habia que reservar antes. cuando fui por la tarde estaba ya reservado y no pude disfrutar del spa",4.0,2023-05-04,fabuloso
hotel las arenas balneario resort,españa,suite junior con vistas al mar,4,pareja,descontenta porque me sentí un poco estafada,ubicación,la junior suite adjudicada no se parecía en nada a la fotografía. engañan a la gente,6.0,2023-04-27,fabuloso
hotel las arenas balneario resort,españa,habitación individual estándar,2,persona que viaja sola,decepcionante,primera línea de playa. personal agradable.,"habitaciones pequeñas, mal insonorizadas, se oye a los vecinos y los aviones toda la noche. limpieza escasa en el baño. cama pequeña.",4.0,2025-10-26,fabuloso
hotel las arenas balneario resort,perú,habitación individual estándar,1,persona que viaja sola,malo,"muy incómoda la habitación, bufet que venden para cena de mala calidad.",,4.0,2025-08-13,fabuloso
hotel las arenas balneario resort,españa,habitación doble con vistas laterales al mar,8,familia,mejorable,"ubicación aunque muy difícil aparcar, vistas desde la piscina de arriba. buen desayuno.","falta de limpieza, piscinas muy pequeñas vs el nro. de hospedados, falta de limpieza especialmente en los baños, cuando volvías en la tarde solo habían puesto las toallas, pero nada más. las piscinas las cierran a las 19 por no contar con socorristas.",4.0,2024-08-16,fabuloso
hotel las arenas balneario resort,italia,habitación doble estándar,11,familia,el hotel lamentable hasta te cobraban aparte la caja de seguridad de la habitacíón,la hubicación,"la falta de la calefacción por días fríos y lluviosos no funcionaba la calefacción, ni se molestaron en arreglarlo y demoraron una barbaridad de tiempo en entregar cobijas adicionales",1.0,2024-05-10,fabuloso
hotel las arenas balneario resort,españa,habitación doble con vistas al mar,3,pareja,mala relación calidad precio,"ubicación, instalaciones, piscina planta baja, comida.","habitacion diminuta. un día no limpiaron la habitación, ni siquiera pasaron hora de salida las 12...y a las 11:15 habían desactivado la tarjeta de entrada a la habitación.",7.0,2023-06-23,fabuloso
hotel las arenas balneario resort,chile,habitación doble con vistas al mar,3,pareja,decepción,desayuno variado buena ubicación,"asensores extremadamente lentos cobran por usar la caja fuerte , en ningún pais del mundo me ha pasado un dia no nos hicieron habitación a pesar de poner el cartel de hacer pieza pagamos por una pieza mejor y era muy pequeña no tienen estacionamiento para autos",3.0,2023-06-20,fabuloso
hotel las arenas balneario resort,españa,habitación doble con vistas al mar,1,persona que viaja sola,estancia rapida de una noche por trabajo.,el hotel esta completamente renovado. la habitacion estaba bonita y el personal me atendió de maravilla.,faltaba higiene e insonoracion. varias pelusas en el suelo y se escuchaba todo el sonido del resto de hoteles. las almohadas muy incomodas.,7.0,2023-06-03,fabuloso
hotel las arenas balneario resort,españa,habitación doble estándar,3,pareja,agradable,nos gustó el desayuno del hotel. era muy variado y estaba rico,"nos sorprendió bastante el llegar a la habitación y encontrarnos con que el lavabo del baño estaba fuera del baño en medio del dormitorio como algunos hostales. cuando encendías la luz del baño se encendía también la luz del lavabo de la habitación, por lo que si uno de los huéspedes estaba dormido, le molestabas. la única solución era entrar al baño a oscuras. nos disgusto mucho porque en ningún momento durante la reserva se indicaba este hecho ni en las fotos del hotel y las 3 noches de hotel de 4 estrellas nos salieron caras para el tipo de habitación en el que se nos alojó, mas propia de un hostal.",6.0,2023-05-26,fabuloso
hotel las arenas balneario resort,españa,habitación doble estándar,3,pareja,aceptable,las instalaciones estaban nuevas aunque por mal tiempo no pudimos aprovechar las zonas de la piscina y terraza,la habita comoda pero por la noche el baño desprendia un olor horrible que no te dejaba dormir,5.0,2024-01-08,fabuloso
hotel las arenas balneario resort,españa,habitación doble estándar,4,pareja,hotel las arenas no iré más.,el desayuno. el personal del restaurante miy bien y personal agradable. recepción bien.,no había armarios cerrados. baño sin intimidad desde la habitación se veía el inodoro. toallas mal. no se sabía si las toallas eran limpias o no. toallas negras. moqueta pasillo con manchas.,6.0,2023-06-21,fabuloso
hotel las arenas balneario resort,reino unido,habitación individual estándar,3,persona que viaja sola,"lovely place , worth to visit.","very nice place, beach sombrilla en la arena next-door , lovely and helpful staff, clean rooms   facilities . good food cara sonriendo highly recommended señal de aprobación con la mano",,9.0,2026-04-05,fabuloso
hotel las arenas balneario resort,reino unido,habitación doble con vistas al mar,4,familia,excepcional,,,10.0,2023-09-08,fabuloso
hotel las arenas balneario resort,austria,habitación individual estándar,2,persona que viaja sola,recomendable,"muy cómodo, las habitaciones muy limpias y bonitas. se puede descansar muy bien. está muy cerca de áreas de restaurantes, bares, y servicios como farmacias, transporte público, taxis, etc. el desayuno es muy basto y rico. el personal es muy amable y siempre dispuestos a regalar una sonrisa y buen servicio.","si se es alguien que le gusta dormir largo, hay tiempo de espera para sentarte a desayunar. si te levantes temprano todo fluye muy bien.",10.0,2026-04-02,fabuloso
hotel las arenas balneario resort,bulgaria,habitación doble con vistas a la piscina,7,familia,excepcional,"                     .                                 ,                           -                                               .                        ,                                                  -                                   ,                     !                                                   .                                       señal de aprobación con la mano corazón rojo","            ,                         ,                                                                              .                                ,                ,                                                cara radiante con ojos sonrientes",10.0,2026-03-29,fabuloso
hotel las arenas balneario resort,alemania,habitación doble estándar,3,grupo,                                            .,"                     ,               .",,10.0,2025-11-04,fabuloso
hotel las arenas balneario resort,república checa,habitación doble con vistas laterales al mar,4,pareja,fantástico,"                 ,                  ,                ,      ","                       ,                                     .                     !!!",9.0,2025-07-01,fabuloso
hotel las arenas balneario resort,letonia,habitación doble con vistas al mar,3,familia,excepcional,"                        ,                                ,               ,          ,                     .                                .                                                                                 7                       .",,10.0,2025-06-04,fabuloso
hotel las arenas balneario resort,alemania,habitación doble con vistas al mar,3,pareja,                                       ,"                                    .              ,                               ,              .       ,       ,        .                                            ,                                                            .                            3     ,                                                                         ,                                      ,             .                                     ,                        .                          ,                                                  ,            .                           ,               .                                                     -                                 ,      ,                                                                             .                                      15                                                          .                        .                                         ,                   ,              .","                          ,                         .                                      -               3          ,                      .                                       ,                             ,                  .                                    -                                      ,                                       ,                    ,           ,                            .",10.0,2025-05-17,fabuloso
hotel las arenas balneario resort,ucrania,habitación doble con vistas al mar,2,pareja,"            ,              ,               .                      ","            ,              ,               .                       -                                                                       -               ,        ,       ,                                    .                         -                            ,                    11:00.",,10.0,2025-05-15,fabuloso
hotel las arenas balneario resort,ucrania,habitación individual estándar,3,persona que viaja sola,excepcional,                                                                                                                                                                                                                                                                 5                                                                       ,,10.0,2025-04-27,fabuloso
hotel las arenas balneario resort,bulgaria,habitación doble estándar,3,pareja,excepcional,"                                          ,                          .                                   ,                      ,                                                                 ,                                                                                           .                     ,                     !                                     !",           !,10.0,2024-11-04,fabuloso
hotel las arenas balneario resort,ucrania,habitación doble con vistas laterales al mar,4,pareja,excepcional,"               ,                ,                 ,                               ",,10.0,2024-10-06,fabuloso
hotel las arenas balneario resort,alemania,habitación doble con vistas al mar,2,pareja,excepcional,"                                                      .                            ,                        .                                                            ,                             .                                                                                ,                         .                                              ,                                          .                                                .                                     5         15 .                                             .","                                  -                   ,                                                             ",10.0,2024-09-17,fabuloso
hotel las arenas balneario resort,suecia,habitación doble con vistas al mar,4,pareja,excepcional,            ,,10.0,2024-08-29,fabuloso
hotel las arenas balneario resort,rumanía,habitación individual estándar,7,persona que viaja sola,a fost o vacan   minunat  tocmai pentru ca totul a fost excelent la acest hotel.,loca ia,-,10.0,2024-07-25,fabuloso
hotel las arenas balneario resort,grecia,habitación doble con vistas al mar,4,persona que viaja sola,fantástico,                                    .                                               ,,9.0,2024-06-19,fabuloso
hotel las arenas balneario resort,reino unido,habitación doble con vistas al mar,4,pareja,excepcional,"                    ,             ,             ,                  .                                    .                                                ,       ,     ,        ,                  .                   ! cara sonriendo con estrellas chispas chispas chispas","                               ,                         ",10.0,2024-05-10,fabuloso
hotel las arenas balneario resort,francia,habitación doble con vistas laterales al mar,4,familia,"                ,                      ","                      .      ,      ,                             .                                           .                      .                ,                   ,                            ,                                         ,                                                       .                 ,              .                              ,                    ,   ,        ,                      -           .                                                        ,                          .                 !","               .                               .                        ,                                                   .",8.0,2023-10-28,fabuloso
hotel las arenas balneario resort,ucrania,habitación doble con vistas al mar,2,familia,excepcional,"                  !!! 1                .                            :       ,      ,     ,     ,                     ,                                                         .                    .                              ,                                .                  .                    5                       .                               .                  ,                     .    ,               ,                                  .                                             .                 ",                    .                ,10.0,2023-10-10,fabuloso
hotel las arenas balneario resort,polonia,habitación doble con vistas al mar,7,pareja,excepcional,hotel super polecam,,10.0,2023-09-16,fabuloso
hotel las arenas balneario resort,méxico,habitación doble con vistas al mar,7,grupo,hotel muy bien ubicado y con buen desayuno,"el desayuno y la decoración, la atención estuvo muy bien.",el tamaño de la habitación para 3 adultos estaba muy chica ya que era una doble que le agregaron una cama individual!,9.0,2023-07-22,fabuloso
hotel las arenas balneario resort,francia,habitación doble con vistas al mar,5,pareja,fantástico,                     .                              .                                               .                                          .,"1.                                     .        ,                   ,                           .                                 -                              .                                         :                    ,                                   ,                            ,          .                         . 2.                          .                             .                                  ,           .                             .",9.0,2023-07-15,fabuloso
hotel las arenas balneario resort,bielorrusia,habitación doble con vistas al mar,1,familia,"          ,                             !",                  !                     .                     !,    ,10.0,2023-07-01,fabuloso
hotel las arenas balneario resort,ucrania,habitación doble con vistas al mar,5,pareja,excepcional,"   ,             ,         ,                         ,         ",    ,10.0,2023-06-19,fabuloso
hotel las arenas balneario resort,polonia,habitación triple  2 adultos   1 niño ,3,familia,"                      ,                !","                ,                 ,                        .                     !               !       ,                                   .",                                                           ,10.0,2023-06-15,fabuloso
hotel las arenas balneario resort,ucrania,habitación doble con vistas al mar,1,pareja,     ,,                          14:00             14:25                                                                 ,8.0,2025-07-28,fabuloso
hotel las arenas balneario resort,ucrania,habitación doble con vistas al mar,2,pareja,                        ,"         ,          ,                                               ",                          ,10.0,2024-10-03,fabuloso
hotel las arenas balneario resort,reino unido,habitación doble con vistas laterales al mar,4,familia,muy bien,             ,                                                       !,8.0,2024-06-11,fabuloso
hotel las arenas balneario resort,dinamarca,habitación doble con vistas laterales al mar,6,pareja,               ,"                ,         ",,9.0,2023-10-14,fabuloso
hotel las arenas balneario resort,bulgaria,habitación doble con vistas al mar,7,pareja,fantástico,"                      .                                   .                                      .              .                  .                                                                             .                                                                                           .                                                                 .                         ,                              .","                                 -                           .                  ,                .                                  .                                                              ,                       .",9.0,2023-08-11,fabuloso
hotel las arenas balneario resort,méxico,suite junior con vistas al mar,3,grupo,bien,las vistas de la isla y la atención,en cuarto comenzó a tirar agua el aire acondicionado y el personal de la noche en recepción no solucionó nada sólo dijo que el no sabía que solo avisaría a los de la mañana y nos quedamos toda la noche con la gotera,8.0,2023-05-17,fabuloso
hotel las arenas balneario resort,reino unido,habitación doble con vistas laterales al mar  2 adultos   1 niño ,5,familia,         ,                         ,                                                3              ,8.0,2023-05-10,fabuloso
hotel las arenas balneario resort,bélgica,habitación individual estándar,2,grupo,bien,,                        ,7.0,2023-08-21,fabuloso
hotel las arenas balneario resort,alemania,suite junior con vistas al mar,2,grupo,,,,3.0,2023-05-08,fabuloso
hotel las arenas balneario resort,corea del sur,habitación doble con vistas a la piscina,1,pareja,bien,                     ,,7.0,2026-04-05,fabuloso
hotel las arenas balneario resort,españa,habitación doble estándar,3,familia,excepcional,,,10.0,2026-04-07,fabuloso
hotel las arenas balneario resort,españa,habitación individual estándar,2,persona que viaja sola,fantástico,,,9.0,2026-03-26,fabuloso
hotel las arenas balneario resort,españa,habitación doble estándar,1,pareja,fantástico,,,9.0,2026-03-26,fabuloso
hotel las arenas balneario resort,españa,habitación doble con vistas al mar,1,familia,fantástico,,,9.0,2026-03-22,fabuloso
hotel las arenas balneario resort,colombia,habitación doble con vistas al mar,1,pareja,fantástico,,,9.0,2025-11-06,fabuloso
hotel las arenas balneario resort,españa,habitación doble estándar,1,pareja,excepcional,,,10.0,2025-11-03,fabuloso
hotel las arenas balneario resort,españa,habitación individual estándar,2,persona que viaja sola,fantástico,,,9.0,2025-11-01,fabuloso
hotel las arenas balneario resort,argentina,habitación doble con vistas laterales al mar,6,pareja,fantástico,,,9.0,2025-10-31,fabuloso
hotel las arenas balneario resort,españa,habitación individual estándar,2,persona que viaja sola,fantástico,,,9.0,2025-10-30,fabuloso
hotel las arenas balneario resort,españa,habitación doble con vistas laterales al mar,3,pareja,excepcional,,,10.0,2025-09-02,fabuloso
hotel las arenas balneario resort,españa,habitación doble con vistas al mar,7,pareja,muy bien,,,8.0,2025-08-24,fabuloso
hotel las arenas balneario resort,argentina,habitación doble con vistas a la piscina,3,pareja,excepcional,,,10.0,2025-08-21,fabuloso
hotel las arenas balneario resort,españa,habitación individual estándar,5,familia,excepcional,,,10.0,2025-08-20,fabuloso
hotel las arenas balneario resort,españa,habitación doble con vistas a la piscina,4,familia,excepcional,,,10.0,2025-08-17,fabuloso
hotel las arenas balneario resort,españa,habitación doble con vistas al mar,1,familia,fantástico,,,9.0,2025-07-06,fabuloso
hotel las arenas balneario resort,españa,habitación doble con vistas laterales al mar,4,pareja,excepcional,,,10.0,2025-06-20,fabuloso
hotel las arenas balneario resort,españa,habitación individual estándar,1,persona que viaja sola,excepcional,,,10.0,2025-06-05,fabuloso
hotel las arenas balneario resort,argentina,habitación doble con vistas laterales al mar,2,familia,excepcional,,,10.0,2025-05-30,fabuloso
hotel las arenas balneario resort,españa,habitación doble con vistas laterales al mar,5,familia,excepcional,,,10.0,2025-05-04,fabuloso
hotel las arenas balneario resort,españa,habitación doble con vistas laterales al mar,3,familia,fantástico,,,9.0,2025-05-04,fabuloso
hotel las arenas balneario resort,españa,habitación doble estándar,3,grupo,fantástico,,,9.0,2025-04-07,fabuloso
hotel las arenas balneario resort,españa,habitación individual estándar,3,grupo,excepcional,,,10.0,2025-04-04,fabuloso
hotel las arenas balneario resort,españa,habitación doble estándar,5,pareja,muy bien,,,8.0,2025-04-04,fabuloso
hotel las arenas balneario resort,españa,habitación doble estándar,1,familia,excepcional,,,10.0,2025-01-06,fabuloso
hotel las arenas balneario resort,españa,habitación doble con vistas a la piscina,3,familia,fantástico,,,9.0,2024-11-05,fabuloso
hotel las arenas balneario resort,españa,habitación doble estándar,3,familia,excepcional,,,10.0,2024-11-04,fabuloso
hotel las arenas balneario resort,españa,habitación doble estándar,4,familia,excepcional,,,10.0,2024-11-04,fabuloso
hotel las arenas balneario resort,españa,habitación doble estándar,2,familia,excepcional,,,10.0,2024-11-04,fabuloso
hotel las arenas balneario resort,españa,habitación doble con vistas al mar,1,pareja,fantástico,,,9.0,2024-10-20,fabuloso
hotel las arenas balneario resort,reino unido,habitación doble con vistas al mar,2,pareja,excepcional,,,10.0,2024-09-29,fabuloso
hotel las arenas balneario resort,españa,habitación doble con vistas a la piscina,16,familia,fantástico,,,9.0,2024-09-04,fabuloso
hotel las arenas balneario resort,españa,habitación doble estándar,6,pareja,excepcional,,,10.0,2024-07-29,fabuloso
hotel las arenas balneario resort,españa,habitación individual estándar,1,persona que viaja sola,muy bien,,,8.0,2024-07-19,fabuloso
hotel las arenas balneario resort,españa,habitación doble con vistas al mar,3,familia,excepcional,,,10.0,2024-07-02,fabuloso
hotel las arenas balneario resort,españa,habitación doble con vistas al mar,2,familia,muy bien,,,8.0,2024-06-22,fabuloso
hotel las arenas balneario resort,españa,habitación individual estándar,3,familia,excepcional,,,10.0,2024-06-22,fabuloso
hotel las arenas balneario resort,españa,habitación doble con vistas al mar,7,pareja,excepcional,,,10.0,2024-06-18,fabuloso
hotel las arenas balneario resort,perú,habitación doble con vistas al mar,2,familia,excepcional,,,10.0,2024-05-11,fabuloso
hotel las arenas balneario resort,andorra,habitación doble estándar,3,grupo,fantástico,,,9.0,2024-04-13,fabuloso
hotel las arenas balneario resort,españa,habitación doble estándar,1,pareja,excepcional,,,10.0,2024-04-10,fabuloso
hotel las arenas balneario resort,españa,habitación doble con vistas al mar,2,grupo,excepcional,,,10.0,2023-11-21,fabuloso
hotel las arenas balneario resort,honduras,habitación doble con vistas laterales al mar,1,familia,excepcional,,,10.0,2023-10-04,fabuloso
hotel las arenas balneario resort,españa,habitación doble estándar,7,pareja,excepcional,,,10.0,2023-09-10,fabuloso
hotel las arenas balneario resort,españa,habitación individual estándar,7,grupo,fantástico,,,9.0,2023-08-16,fabuloso
hotel las arenas balneario resort,españa,habitación doble con vistas al mar,3,familia,fantástico,,,9.0,2023-08-04,fabuloso
hotel las arenas balneario resort,españa,habitación doble con vistas al mar,3,pareja,excepcional,,,10.0,2023-07-29,fabuloso
hotel las arenas balneario resort,españa,habitación doble estándar,4,familia,excepcional,,,10.0,2023-07-06,fabuloso
hotel las arenas balneario resort,argentina,habitación doble con vistas al mar,5,pareja,excepcional,,,10.0,2023-06-20,fabuloso
hotel las arenas balneario resort,españa,habitación doble con vistas a la piscina,7,pareja,fantástico,,,9.0,2023-06-19,fabuloso
hotel las arenas balneario resort,españa,habitación doble con vistas laterales al mar,3,pareja,fantástico,,,9.0,2023-06-16,fabuloso
hotel las arenas balneario resort,españa,habitación doble con vistas laterales al mar,4,familia,muy bien,,,8.0,2023-05-24,fabuloso
hotel las arenas balneario resort,españa,habitación doble con vistas al mar,3,pareja,excepcional,,,10.0,2023-04-24,fabuloso
hotel las arenas balneario resort,españa,habitación doble estándar,1,familia,muy bien,,,8.0,2025-11-02,fabuloso
hotel las arenas balneario resort,españa,habitación individual estándar,1,persona que viaja sola,fantástico,,,9.0,2025-10-21,fabuloso
hotel las arenas balneario resort,españa,habitación doble con vistas al mar,2,pareja,muy bien,,,8.0,2025-10-12,fabuloso
hotel las arenas balneario resort,españa,habitación individual estándar,1,persona que viaja sola,muy bien,,,8.0,2025-07-25,fabuloso
hotel las arenas balneario resort,españa,habitación doble con vistas laterales al mar,3,grupo,muy bien,,,8.0,2025-04-04,fabuloso
hotel las arenas balneario resort,colombia,habitación individual estándar,1,persona que viaja sola,muy bien,,,8.0,2025-04-03,fabuloso
hotel las arenas balneario resort,españa,habitación individual estándar,1,persona que viaja sola,muy bien,,,8.0,2025-04-02,fabuloso
hotel las arenas balneario resort,españa,habitación doble estándar,3,pareja,fantástico,,,9.0,2024-11-03,fabuloso
hotel las arenas balneario resort,españa,habitación doble con vistas al mar,1,familia,fantástico,,,9.0,2024-11-03,fabuloso
hotel las arenas balneario resort,españa,habitación individual estándar,2,persona que viaja sola,muy bien,,,8.0,2024-10-04,fabuloso
hotel las arenas balneario resort,uruguay,habitación doble con vistas laterales al mar,1,familia,"todo muy bueno, vistas excelentes!!!",,,9.0,2024-09-25,fabuloso
hotel las arenas balneario resort,españa,habitación individual estándar,1,persona que viaja sola,muy bien,,,8.0,2024-08-15,fabuloso
hotel las arenas balneario resort,españa,habitación doble con vistas al mar,1,familia,muy bien,,,8.0,2024-07-25,fabuloso
hotel las arenas balneario resort,españa,habitación individual estándar,1,persona que viaja sola,muy bien,,,8.0,2024-06-19,fabuloso
hotel las arenas balneario resort,españa,habitación individual estándar,2,persona que viaja sola,muy bien,,,8.0,2024-06-07,fabuloso
hotel las arenas balneario resort,españa,habitación doble estándar,1,familia,muy bien,,,8.0,2023-10-01,fabuloso
hotel las arenas balneario resort,españa,habitación doble con vistas a la piscina,7,familia,fantástico,,,9.0,2023-08-28,fabuloso
hotel las arenas balneario resort,españa,habitación doble estándar,1,familia,excepcional,,,10.0,2023-08-11,fabuloso
hotel las arenas balneario resort,españa,habitación doble estándar,2,pareja,fantástico,,,9.0,2023-07-10,fabuloso
hotel las arenas balneario resort,españa,habitación doble estándar,5,pareja,fantástico,,,9.0,2023-07-05,fabuloso
hotel las arenas balneario resort,españa,habitación doble estándar,5,familia,muy bien,,,8.0,2023-07-02,fabuloso
hotel las arenas balneario resort,españa,habitación doble con vistas a la piscina,4,pareja,muy bien,,,8.0,2023-06-01,fabuloso
hotel las arenas balneario resort,españa,habitación doble estándar,2,grupo,fantástico,,,9.0,2023-05-28,fabuloso
hotel las arenas balneario resort,españa,habitación doble con vistas al mar,1,familia,muy bien,,,8.0,2023-05-27,fabuloso
hotel las arenas balneario resort,españa,habitación individual estándar,1,persona que viaja sola,muy bien,,,8.0,2025-04-24,fabuloso
hotel las arenas balneario resort,españa,habitación doble estándar,2,pareja,excepcional,,,10.0,2024-06-11,fabuloso
hotel las arenas balneario resort,polonia,habitación doble con vistas al mar,10,familia,agradable,,,6.0,2023-10-26,fabuloso
hotel las arenas balneario resort,españa,habitación doble con vistas a la piscina,1,pareja,bien,,,7.0,2023-06-23,fabuloso
hotel las arenas balneario resort,españa,habitación doble estándar,4,familia,bien,,,7.0,2026-03-29,fabuloso
hotel las arenas balneario resort,españa,habitación individual estándar,4,persona que viaja sola,bien,,,7.0,2026-03-27,fabuloso
hotel las arenas balneario resort,españa,habitación individual estándar,3,persona que viaja sola,bien,,,7.0,2026-03-26,fabuloso
hotel las arenas balneario resort,españa,habitación individual estándar,1,persona que viaja sola,bien,,,7.0,2025-05-24,fabuloso
hotel las arenas balneario resort,españa,habitación doble estándar,5,pareja,bien,,,7.0,2024-11-10,fabuloso
hotel las arenas balneario resort,españa,habitación individual estándar,2,persona que viaja sola,bien,,,7.0,2024-10-07,fabuloso
hotel las arenas balneario resort,españa,habitación doble con vistas al mar,6,pareja,bien,,,7.0,2024-08-26,fabuloso
hotel las arenas balneario resort,españa,habitación doble con vistas al mar,7,pareja,aceptable,,,5.0,2024-08-25,fabuloso
hotel las arenas balneario resort,españa,habitación individual estándar,1,persona que viaja sola,bien,,,7.0,2024-08-09,fabuloso
hotel las arenas balneario resort,españa,habitación doble estándar,1,pareja,bien,,,7.0,2024-03-21,fabuloso
hotel las arenas balneario resort,españa,habitación doble estándar,1,pareja,bien,,,7.0,2023-11-05,fabuloso
hotel las arenas balneario resort,españa,habitación doble con vistas laterales al mar,8,pareja,agradable,,,6.0,2023-09-26,fabuloso
hotel las arenas balneario resort,españa,habitación individual estándar,1,persona que viaja sola,agradable,,,6.0,2025-05-29,fabuloso
hotel las arenas balneario resort,españa,habitación doble con vistas al mar,1,pareja,decepcionante,,,4.0,2023-06-20,fabuloso
hotel las arenas balneario resort,españa,habitación individual estándar,1,persona que viaja sola,pésimo,,,1.0,2024-06-17,fabuloso
hotel las arenas balneario resort,españa,habitación doble estándar,5,pareja,excepcional,,,10.0,2023-08-26,fabuloso
hotel las arenas balneario resort,reino unido,habitación doble con vistas al mar,4,persona que viaja sola,excepcional,,,10.0,2026-04-12,fabuloso
hotel las arenas balneario resort,reino unido,habitación individual estándar,1,persona que viaja sola,muy bien,,,8.0,2026-04-10,fabuloso
hotel las arenas balneario resort,reino unido,habitación individual estándar,3,persona que viaja sola,fantástico,,,9.0,2026-04-05,fabuloso
hotel las arenas balneario resort,reino unido,habitación individual estándar,5,persona que viaja sola,fantástico,,,9.0,2026-04-05,fabuloso
hotel las arenas balneario resort,reino unido,habitación doble con vistas laterales al mar,6,persona que viaja sola,fantástico,,,9.0,2026-01-03,fabuloso
hotel las arenas balneario resort,francia,habitación individual estándar,6,persona que viaja sola,excepcional,,,10.0,2025-12-19,fabuloso
hotel las arenas balneario resort,francia,habitación individual estándar,1,persona que viaja sola,fantástico,,,9.0,2025-11-28,fabuloso
hotel las arenas balneario resort,españa,habitación individual estándar,1,persona que viaja sola,excepcional,,,10.0,2025-11-06,fabuloso
hotel las arenas balneario resort,españa,habitación doble con vistas laterales al mar,2,pareja,excepcional,,,10.0,2025-10-24,fabuloso
hotel las arenas balneario resort,reino unido,habitación doble con vistas al mar,4,pareja,excepcional,,,10.0,2025-10-23,fabuloso
hotel las arenas balneario resort,reino unido,habitación doble con vistas al mar,4,pareja,fantástico,,,9.0,2025-10-22,fabuloso
hotel las arenas balneario resort,austria,habitación individual estándar,1,persona que viaja sola,excepcional,,,10.0,2025-10-12,fabuloso
hotel las arenas balneario resort,hungría,habitación individual estándar,1,persona que viaja sola,excepcional,,,10.0,2025-10-05,fabuloso
hotel las arenas balneario resort,suiza,habitación doble con vistas laterales al mar,4,pareja,fantástico,,,9.0,2025-09-30,fabuloso
hotel las arenas balneario resort,reino unido,habitación doble con vistas a la piscina,3,pareja,excepcional,,,10.0,2025-09-23,fabuloso
hotel las arenas balneario resort,reino unido,habitación doble estándar,3,pareja,excepcional,,,10.0,2025-09-05,fabuloso
hotel las arenas balneario resort,irlanda,habitación doble con vistas laterales al mar,4,grupo,fantástico,,,9.0,2025-09-02,fabuloso
hotel las arenas balneario resort,reino unido,habitación doble con vistas al mar,2,familia,excepcional,,,10.0,2025-08-03,fabuloso
hotel las arenas balneario resort,australia,habitación individual estándar,1,persona que viaja sola,excepcional,,,10.0,2025-07-31,fabuloso
hotel las arenas balneario resort,irlanda,habitación individual estándar,1,persona que viaja sola,excepcional,,,10.0,2025-07-18,fabuloso
hotel las arenas balneario resort,guernsey,habitación individual estándar,1,familia,muy bien,,,8.0,2025-07-15,fabuloso
hotel las arenas balneario resort,reino unido,habitación individual estándar,1,persona que viaja sola,muy bien,,,8.0,2025-07-08,fabuloso
hotel las arenas balneario resort,reino unido,habitación individual estándar,2,persona que viaja sola,fantástico,,,9.0,2025-07-07,fabuloso
hotel las arenas balneario resort,suecia,habitación doble con vistas al mar,3,familia,fantástico,,,9.0,2025-07-05,fabuloso
hotel las arenas balneario resort,reino unido,habitación doble estándar,7,pareja,fantástico,,,9.0,2025-07-03,fabuloso
hotel las arenas balneario resort,reino unido,suite junior con vistas al mar,3,pareja,fantástico,,,9.0,2025-06-29,fabuloso
hotel las arenas balneario resort,reino unido,habitación individual estándar,4,persona que viaja sola,excepcional,,,10.0,2025-06-22,fabuloso
hotel las arenas balneario resort,reino unido,habitación doble estándar,5,pareja,excepcional,,,10.0,2025-06-14,fabuloso
hotel las arenas balneario resort,lituania,habitación doble con vistas al mar,4,pareja,excepcional,,,10.0,2025-06-10,fabuloso
hotel las arenas balneario resort,suecia,habitación individual estándar,1,persona que viaja sola,muy bien,,,8.0,2025-06-07,fabuloso
hotel las arenas balneario resort,australia,habitación doble con vistas a la piscina,1,pareja,excepcional,,,10.0,2025-06-04,fabuloso
hotel las arenas balneario resort,reino unido,habitación doble con vistas laterales al mar,1,familia,muy bien,,,8.0,2025-06-02,fabuloso
hotel las arenas balneario resort,australia,habitación doble con vistas a la piscina,2,familia,excepcional,,,10.0,2025-05-28,fabuloso
hotel las arenas balneario resort,australia,habitación doble con vistas al mar,1,familia,excepcional,,,10.0,2025-05-28,fabuloso
hotel las arenas balneario resort,estados unidos,habitación individual estándar,1,persona que viaja sola,excepcional,,,10.0,2025-05-23,fabuloso
hotel las arenas balneario resort,reino unido,habitación doble estándar,4,familia,excepcional,,,10.0,2025-05-16,fabuloso
hotel las arenas balneario resort,croacia,habitación individual estándar,1,persona que viaja sola,excepcional,,,10.0,2025-05-12,fabuloso
hotel las arenas balneario resort,reino unido,habitación doble con vistas al mar,3,pareja,excepcional,,,10.0,2025-05-09,fabuloso
hotel las arenas balneario resort,reino unido,habitación individual estándar,3,persona que viaja sola,fantástico,,,9.0,2025-05-06,fabuloso
hotel las arenas balneario resort,brasil,habitación doble con vistas laterales al mar,1,familia,excepcional,,,10.0,2025-04-24,fabuloso
hotel las arenas balneario resort,reino unido,habitación doble estándar,2,pareja,excepcional,,,10.0,2025-04-21,fabuloso
hotel las arenas balneario resort,reino unido,habitación doble con vistas al mar,3,familia,excepcional,,,10.0,2025-04-21,fabuloso
hotel las arenas balneario resort,estonia,habitación doble con vistas laterales al mar,1,familia,fantástico,,,9.0,2025-04-13,fabuloso
hotel las arenas balneario resort,estados unidos,habitación doble con vistas laterales al mar,4,familia,excepcional,,,10.0,2025-04-10,fabuloso
hotel las arenas balneario resort,reino unido,suite junior con vistas al mar,4,familia,excepcional,,,10.0,2025-04-09,fabuloso
hotel las arenas balneario resort,rumanía,habitación individual estándar,3,persona que viaja sola,"everything was outstanding.such helpful staff,especially carmen was so lovely.muchas gracias.",,,10.0,2025-04-07,fabuloso
hotel las arenas balneario resort,reino unido,habitación doble con vistas al mar,2,pareja,excepcional,,,10.0,2025-04-07,fabuloso
hotel las arenas balneario resort,reino unido,habitación doble con vistas laterales al mar,3,familia,fantástico,,,9.0,2025-04-07,fabuloso
hotel las arenas balneario resort,reino unido,habitación doble con vistas a la piscina,1,persona que viaja sola,excepcional,,,10.0,2025-04-05,fabuloso
hotel las arenas balneario resort,reino unido,habitación doble con vistas al mar,2,familia,fantástico,,,9.0,2025-04-04,fabuloso
hotel las arenas balneario resort,reino unido,habitación individual estándar,1,persona que viaja sola,fantástico,,,9.0,2025-04-01,fabuloso
hotel las arenas balneario resort,alemania,habitación individual estándar,1,grupo,excepcional,,,10.0,2024-11-05,fabuloso
hotel las arenas balneario resort,reino unido,habitación doble estándar,3,grupo,fantástico,,,9.0,2024-10-29,fabuloso
hotel las arenas balneario resort,reino unido,habitación doble con vistas laterales al mar,1,familia,fantástico,,,9.0,2024-10-28,fabuloso
hotel las arenas balneario resort,irlanda,habitación individual estándar,1,persona que viaja sola,fantástico,,,9.0,2024-10-26,fabuloso
hotel las arenas balneario resort,irlanda,habitación doble con vistas al mar,7,pareja,muy bien,,,8.0,2024-10-23,fabuloso
hotel las arenas balneario resort,reino unido,habitación doble con vistas al mar,3,familia,fantástico,,,9.0,2024-10-17,fabuloso
hotel las arenas balneario resort,reino unido,habitación individual estándar,3,persona que viaja sola,excepcional,,,10.0,2024-10-17,fabuloso
hotel las arenas balneario resort,noruega,suite junior con vistas al mar,7,familia,excepcional,,,10.0,2024-10-13,fabuloso
hotel las arenas balneario resort,australia,habitación doble con vistas al mar,2,familia,muy bien,,,8.0,2024-10-10,fabuloso
hotel las arenas balneario resort,irlanda,habitación doble con vistas al mar,3,grupo,excepcional,,,10.0,2024-10-04,fabuloso
hotel las arenas balneario resort,hungría,habitación individual estándar,2,persona que viaja sola,excepcional,,,10.0,2024-09-27,fabuloso
hotel las arenas balneario resort,reino unido,habitación doble con vistas al mar,14,pareja,excepcional,,,10.0,2024-09-23,fabuloso
hotel las arenas balneario resort,jersey,habitación doble con vistas al mar,14,pareja,excepcional,,,10.0,2024-09-22,fabuloso
hotel las arenas balneario resort,irlanda,habitación individual estándar,7,persona que viaja sola,excepcional,,,10.0,2024-09-15,fabuloso
hotel las arenas balneario resort,reino unido,habitación doble con vistas al mar,4,pareja,fantástico,,,9.0,2024-09-15,fabuloso
hotel las arenas balneario resort,reino unido,suite junior con vistas al mar,2,familia,fantástico,,,9.0,2024-09-14,fabuloso
hotel las arenas balneario resort,irlanda,suite junior con vistas al mar,5,pareja,muy bien,,,8.0,2024-09-03,fabuloso
hotel las arenas balneario resort,reino unido,habitación individual estándar,3,persona que viaja sola,fantástico,,,9.0,2024-08-30,fabuloso
hotel las arenas balneario resort,hungría,habitación individual estándar,2,persona que viaja sola,excepcional,,,10.0,2024-08-29,fabuloso
hotel las arenas balneario resort,reino unido,habitación doble estándar,4,grupo,excepcional,,,10.0,2024-08-11,fabuloso
hotel las arenas balneario resort,austria,habitación individual estándar,1,persona que viaja sola,fantástico,,,9.0,2024-08-11,fabuloso
hotel las arenas balneario resort,reino unido,habitación doble con vistas al mar,2,pareja,excepcional,,,10.0,2024-08-08,fabuloso
hotel las arenas balneario resort,reino unido,habitación doble con vistas a la piscina,5,pareja,fantástico,,,9.0,2024-08-07,fabuloso
hotel las arenas balneario resort,reino unido,habitación doble con vistas laterales al mar,1,familia,excepcional,,,10.0,2024-07-19,fabuloso
hotel las arenas balneario resort,canadá,habitación doble con vistas al mar,3,pareja,fantástico,,,9.0,2024-07-17,fabuloso
hotel las arenas balneario resort,bulgaria,habitación doble con vistas laterales al mar,3,grupo,muy bien,,,8.0,2024-07-14,fabuloso
hotel las arenas balneario resort,islandia,habitación doble con vistas al mar,7,pareja,muy bien,,,8.0,2024-07-11,fabuloso
hotel las arenas balneario resort,reino unido,habitación individual estándar,10,persona que viaja sola,excepcional,,,10.0,2024-06-28,fabuloso
hotel las arenas balneario resort,reino unido,habitación individual estándar,10,grupo,excepcional,,,10.0,2024-06-28,fabuloso
hotel las arenas balneario resort,irlanda,habitación doble con vistas al mar,3,grupo,excepcional,,,10.0,2024-06-17,fabuloso
hotel las arenas balneario resort,bulgaria,habitación doble con vistas al mar,7,familia,excepcional,,,10.0,2024-06-16,fabuloso
hotel las arenas balneario resort,reino unido,habitación doble con vistas al mar,4,familia,excepcional,,,10.0,2024-06-02,fabuloso
hotel las arenas balneario resort,suecia,habitación doble con vistas al mar,4,grupo,top notch,,,10.0,2024-05-31,fabuloso
hotel las arenas balneario resort,países bajos,habitación doble con vistas al mar,7,pareja,fantástico,,,9.0,2024-05-30,fabuloso
hotel las arenas balneario resort,reino unido,habitación doble con vistas laterales al mar,3,grupo,muy bien,,,8.0,2024-05-16,fabuloso
hotel las arenas balneario resort,alemania,habitación doble con vistas al mar,2,pareja,excepcional,,,10.0,2024-05-14,fabuloso
hotel las arenas balneario resort,lituania,habitación doble con vistas laterales al mar,1,pareja,excepcional,,,10.0,2024-05-13,fabuloso
hotel las arenas balneario resort,reino unido,habitación individual estándar,4,persona que viaja sola,excepcional,,,10.0,2024-05-13,fabuloso
hotel las arenas balneario resort,reino unido,habitación individual estándar,1,persona que viaja sola,excepcional,,,10.0,2024-05-07,fabuloso
hotel las arenas balneario resort,reino unido,habitación doble con vistas al mar,4,grupo,excepcional,,,10.0,2024-05-04,fabuloso
hotel las arenas balneario resort,reino unido,habitación doble con vistas al mar,3,pareja,muy bien,,,8.0,2024-04-29,fabuloso
hotel las arenas balneario resort,reino unido,habitación individual estándar,4,persona que viaja sola,muy bien,,,8.0,2024-04-28,fabuloso
hotel las arenas balneario resort,reino unido,habitación individual estándar,5,persona que viaja sola,fantástico,,,9.0,2024-04-23,fabuloso
hotel las arenas balneario resort,lituania,habitación doble con vistas laterales al mar,4,familia,excepcional,,,10.0,2024-04-13,fabuloso
hotel las arenas balneario resort,reino unido,habitación doble estándar,1,grupo,muy bien,,,8.0,2024-04-11,fabuloso
hotel las arenas balneario resort,irlanda,habitación doble con vistas al mar,3,familia,excepcional,,,10.0,2024-04-10,fabuloso
hotel las arenas balneario resort,reino unido,habitación doble con vistas a la piscina,4,pareja,excepcional,,,10.0,2024-04-09,fabuloso
hotel las arenas balneario resort,reino unido,habitación doble con vistas laterales al mar,4,pareja,fantástico,,,9.0,2024-03-28,fabuloso
hotel las arenas balneario resort,reino unido,habitación doble con vistas al mar,9,pareja,fantástico,,,9.0,2023-11-04,fabuloso
hotel las arenas balneario resort,reino unido,habitación doble con vistas al mar,4,pareja,muy bien,,,8.0,2023-10-19,fabuloso
hotel las arenas balneario resort,reino unido,habitación doble con vistas al mar,1,familia,fantástico,,,9.0,2023-10-10,fabuloso
hotel las arenas balneario resort,reino unido,habitación doble con vistas al mar,7,pareja,fantástico,,,9.0,2023-10-10,fabuloso
hotel las arenas balneario resort,reino unido,habitación doble con vistas al mar,2,pareja,excepcional,,,10.0,2023-10-08,fabuloso
hotel las arenas balneario resort,reino unido,habitación individual estándar,2,persona que viaja sola,muy bien,,,8.0,2023-10-06,fabuloso
hotel las arenas balneario resort,países bajos,habitación individual estándar,1,persona que viaja sola,fantástico,,,9.0,2023-10-02,fabuloso
hotel las arenas balneario resort,alemania,habitación individual estándar,1,persona que viaja sola,fantástico,,,9.0,2023-10-01,fabuloso
hotel las arenas balneario resort,países bajos,habitación individual estándar,1,grupo,fantástico,,,9.0,2023-09-29,fabuloso
hotel las arenas balneario resort,suecia,habitación individual estándar,1,persona que viaja sola,excepcional,,,10.0,2023-09-27,fabuloso
hotel las arenas balneario resort,reino unido,habitación doble con vistas al mar,3,pareja,fantástico,,,9.0,2023-09-22,fabuloso
hotel las arenas balneario resort,dinamarca,habitación doble con vistas al mar  2 adultos   1 niño ,7,familia,excepcional,,,10.0,2023-09-07,fabuloso
hotel las arenas balneario resort,irlanda,habitación individual estándar,4,persona que viaja sola,excepcional,,,10.0,2023-09-01,fabuloso
hotel las arenas balneario resort,reino unido,habitación doble estándar,4,pareja,muy bien,,,8.0,2023-09-01,fabuloso
hotel las arenas balneario resort,portugal,habitación doble estándar,4,pareja,excepcional,,,10.0,2023-08-23,fabuloso
hotel las arenas balneario resort,canadá,habitación doble estándar,3,pareja,muy bien,,,8.0,2023-08-23,fabuloso
hotel las arenas balneario resort,reino unido,habitación doble con vistas a la piscina,7,familia,fantástico,,,9.0,2023-08-20,fabuloso
hotel las arenas balneario resort,italia,habitación individual estándar,15,persona que viaja sola,fantástico,,,9.0,2023-08-15,fabuloso
hotel las arenas balneario resort,australia,habitación doble con vistas al mar,1,pareja,excepcional,,,10.0,2023-08-07,fabuloso
hotel las arenas balneario resort,reino unido,habitación doble con vistas al mar,1,pareja,fantástico,,,9.0,2023-08-06,fabuloso
hotel las arenas balneario resort,australia,habitación doble estándar,4,pareja,excepcional,,,10.0,2023-07-31,fabuloso
hotel las arenas balneario resort,irlanda,habitación doble con vistas al mar,1,familia,fantástico,,,9.0,2023-07-29,fabuloso
hotel las arenas balneario resort,república checa,habitación doble con vistas laterales al mar,5,pareja,fantástico,,,9.0,2023-07-28,fabuloso
hotel las arenas balneario resort,alemania,habitación doble con vistas al mar,3,familia,fantástico,,,9.0,2023-07-27,fabuloso
hotel las arenas balneario resort,reino unido,habitación doble con vistas al mar,4,grupo,muy bien,,,8.0,2023-07-24,fabuloso
hotel las arenas balneario resort,reino unido,habitación doble con vistas al mar,3,familia,fantástico,,,9.0,2023-07-04,fabuloso
hotel las arenas balneario resort,bahamas,habitación doble con vistas al mar,1,pareja,fantástico,,,9.0,2023-06-30,fabuloso
hotel las arenas balneario resort,reino unido,habitación individual estándar,2,persona que viaja sola,excepcional,,,10.0,2023-06-29,fabuloso
hotel las arenas balneario resort,polonia,habitación doble con vistas al mar,2,pareja,excepcional,,,10.0,2023-06-29,fabuloso
hotel las arenas balneario resort,estados unidos,habitación doble con vistas al mar,3,pareja,fantástico,,,9.0,2023-06-28,fabuloso
hotel las arenas balneario resort,reino unido,habitación doble estándar,7,pareja,fantástico,,,9.0,2023-06-26,fabuloso
hotel las arenas balneario resort,australia,habitación doble estándar,1,pareja,fantástico,,,9.0,2023-06-24,fabuloso
hotel las arenas balneario resort,albania,habitación doble con vistas a la piscina,7,pareja,fantástico,,,9.0,2023-06-20,fabuloso
hotel las arenas balneario resort,reino unido,habitación doble con vistas al mar,4,pareja,fantástico,,,9.0,2023-06-18,fabuloso
hotel las arenas balneario resort,hungría,habitación individual estándar,1,persona que viaja sola,excepcional,,,10.0,2023-06-17,fabuloso
hotel las arenas balneario resort,canadá,habitación doble con vistas laterales al mar,4,familia,excepcional,,,10.0,2023-06-16,fabuloso
hotel las arenas balneario resort,países bajos,habitación doble con vistas al mar,1,pareja,muy bien,,,8.0,2023-06-02,fabuloso
hotel las arenas balneario resort,irlanda,habitación doble con vistas al mar,3,grupo,excepcional,,,10.0,2023-06-01,fabuloso
hotel las arenas balneario resort,rumanía,habitación doble estándar,4,familia,excepcional,,,10.0,2023-05-30,fabuloso
hotel las arenas balneario resort,albania,habitación doble estándar,3,familia,excepcional,,,10.0,2023-05-29,fabuloso
hotel las arenas balneario resort,bélgica,habitación doble con vistas al mar,3,grupo,fantástico,,,9.0,2023-05-27,fabuloso
hotel las arenas balneario resort,reino unido,habitación doble con vistas laterales al mar,3,pareja,fantástico,,,9.0,2023-05-22,fabuloso
hotel las arenas balneario resort,reino unido,habitación doble con vistas al mar,4,pareja,fantástico,,,9.0,2023-05-20,fabuloso
hotel las arenas balneario resort,reino unido,suite junior con vistas al mar,9,pareja,excepcional,,,10.0,2023-05-09,fabuloso
hotel las arenas balneario resort,letonia,habitación doble con vistas al mar,1,grupo,fantástico,,,9.0,2023-05-09,fabuloso
hotel las arenas balneario resort,irlanda,habitación doble con vistas al mar,4,familia,excepcional,,,10.0,2023-05-05,fabuloso
hotel las arenas balneario resort,reino unido,habitación doble con vistas al mar,3,familia,"wonderful stay, perfect location and beautiful hotel!",,,10.0,2023-05-02,fabuloso
hotel las arenas balneario resort,reino unido,habitación doble con vistas al mar,5,pareja,excepcional,,,10.0,2023-05-01,fabuloso
hotel las arenas balneario resort,irlanda,habitación doble con vistas al mar,5,pareja,excepcional,,,10.0,2023-05-01,fabuloso
hotel las arenas balneario resort,reino unido,habitación individual estándar,1,persona que viaja sola,excepcional,,,10.0,2023-04-28,fabuloso
hotel las arenas balneario resort,república checa,habitación doble con vistas al mar,2,pareja,muy bien,,,8.0,2023-04-23,fabuloso
hotel las arenas balneario resort,sudáfrica,habitación doble con vistas al mar,3,grupo,fantástico,,,9.0,2023-04-19,fabuloso
hotel las arenas balneario resort,reino unido,habitación doble estándar,1,pareja,muy bien,,,8.0,2026-04-06,fabuloso
hotel las arenas balneario resort,bulgaria,habitación individual estándar,4,persona que viaja sola,muy bien,,,8.0,2026-04-05,fabuloso
hotel las arenas balneario resort,croacia,habitación doble con vistas laterales al mar,4,familia,excepcional,,,10.0,2025-10-25,fabuloso
hotel las arenas balneario resort,suecia,habitación doble con vistas laterales al mar,5,pareja,muy bien,,,8.0,2025-09-24,fabuloso
hotel las arenas balneario resort,reino unido,suite junior con vistas al mar,2,grupo,muy bien,,,8.0,2025-09-14,fabuloso
hotel las arenas balneario resort,reino unido,habitación doble con vistas laterales al mar,1,pareja,muy bien,,,8.0,2025-08-31,fabuloso
hotel las arenas balneario resort,reino unido,habitación doble estándar,8,pareja,muy bien,,,8.0,2025-07-31,fabuloso
hotel las arenas balneario resort,serbia,habitación doble con vistas a la piscina,2,familia,muy bien,,,8.0,2025-07-15,fabuloso
hotel las arenas balneario resort,reino unido,habitación individual estándar,3,familia,muy bien,,,8.0,2025-06-20,fabuloso
hotel las arenas balneario resort,australia,habitación doble con vistas laterales al mar,4,pareja,excepcional,,,10.0,2025-06-19,fabuloso
hotel las arenas balneario resort,reino unido,habitación individual estándar,1,persona que viaja sola,muy bien,,,8.0,2025-06-15,fabuloso
hotel las arenas balneario resort,españa,habitación individual estándar,1,persona que viaja sola,muy bien,,,8.0,2025-06-12,fabuloso
hotel las arenas balneario resort,alemania,habitación individual estándar,1,persona que viaja sola,muy bien,,,8.0,2025-05-06,fabuloso
hotel las arenas balneario resort,reino unido,habitación doble con vistas al mar,4,familia,fantástico,,,9.0,2025-01-03,fabuloso
hotel las arenas balneario resort,canadá,habitación doble estándar,1,pareja,muy bien,,,8.0,2024-10-27,fabuloso
hotel las arenas balneario resort,reino unido,habitación doble estándar,4,pareja,fantástico,,,9.0,2024-10-26,fabuloso
hotel las arenas balneario resort,irlanda,habitación individual estándar,3,persona que viaja sola,muy bien,,,8.0,2024-09-25,fabuloso
hotel las arenas balneario resort,finlandia,habitación individual estándar,1,persona que viaja sola,muy bien,,,8.0,2024-08-02,fabuloso
hotel las arenas balneario resort,marruecos,habitación individual estándar,2,persona que viaja sola,muy bien,,,8.0,2024-08-02,fabuloso
hotel las arenas balneario resort,portugal,habitación doble estándar,4,pareja,muy bien,,,8.0,2024-06-14,fabuloso
hotel las arenas balneario resort,noruega,habitación doble con vistas al mar,7,pareja,excepcional,,,10.0,2024-05-30,fabuloso
hotel las arenas balneario resort,eslovaquia,habitación doble con vistas al mar,3,familia,fantástico,,,9.0,2024-05-14,fabuloso
hotel las arenas balneario resort,irlanda,habitación doble con vistas al mar,4,pareja,fantástico,,,9.0,2024-04-23,fabuloso
hotel las arenas balneario resort,noruega,habitación individual estándar,7,grupo,fantástico,,,9.0,2024-04-22,fabuloso
hotel las arenas balneario resort,reino unido,habitación doble con vistas al mar,4,pareja,fantástico,,,9.0,2023-10-28,fabuloso
hotel las arenas balneario resort,estados unidos,habitación doble con vistas al mar,3,persona que viaja sola,excepcional,,,10.0,2023-10-27,fabuloso
hotel las arenas balneario resort,reino unido,habitación doble estándar,5,familia,muy bien,,,8.0,2023-10-26,fabuloso
hotel las arenas balneario resort,alemania,habitación individual estándar,2,grupo,muy bien,,,8.0,2023-10-20,fabuloso
hotel las arenas balneario resort,turquía,habitación doble con vistas al mar,1,familia,muy bien,,,8.0,2023-10-02,fabuloso
hotel las arenas balneario resort,reino unido,habitación doble con vistas al mar,3,familia,muy bien,,,8.0,2023-09-06,fabuloso
hotel las arenas balneario resort,españa,habitación individual estándar,1,persona que viaja sola,fantástico,,,9.0,2023-08-22,fabuloso
hotel las arenas balneario resort,reino unido,habitación doble con vistas al mar,4,familia,muy bien,,,8.0,2023-07-31,fabuloso
hotel las arenas balneario resort,reino unido,habitación individual estándar,1,persona que viaja sola,fantástico,,,9.0,2023-06-27,fabuloso
hotel las arenas balneario resort,alemania,habitación doble con vistas al mar,5,pareja,fantástico,,,9.0,2023-06-22,fabuloso
hotel las arenas balneario resort,reino unido,habitación individual estándar,5,persona que viaja sola,muy bien,,,8.0,2023-06-15,fabuloso
hotel las arenas balneario resort,república checa,habitación doble con vistas al mar,2,pareja,muy bien,,,8.0,2023-05-29,fabuloso
hotel las arenas balneario resort,irlanda,habitación doble con vistas al mar,1,persona que viaja sola,muy bien,,,8.0,2023-05-12,fabuloso
hotel las arenas balneario resort,estonia,habitación doble estándar,4,pareja,muy bien,,,8.0,2023-05-07,fabuloso
hotel las arenas balneario resort,italia,habitación individual estándar,4,persona que viaja sola,muy bien,,,8.0,2023-05-02,fabuloso
hotel las arenas balneario resort,reino unido,habitación doble con vistas a la piscina,4,grupo,muy bien,,,8.0,2023-04-29,fabuloso
hotel las arenas balneario resort,alemania,habitación doble con vistas al mar,4,familia,fantástico,,,9.0,2023-04-29,fabuloso
hotel las arenas balneario resort,reino unido,habitación doble con vistas al mar,3,pareja,fantástico,,,9.0,2023-04-16,fabuloso
hotel las arenas balneario resort,países bajos,habitación individual estándar,3,persona que viaja sola,fantástico,,,9.0,2023-06-13,fabuloso
hotel las arenas balneario resort,reino unido,habitación individual estándar,2,persona que viaja sola,excepcional,,,10.0,2025-08-18,fabuloso
hotel las arenas balneario resort,finlandia,habitación individual estándar,1,persona que viaja sola,muy bien,,,8.0,2024-06-28,fabuloso
hotel las arenas balneario resort,suiza,habitación individual estándar,1,persona que viaja sola,bien,,,7.0,2026-04-07,fabuloso
hotel las arenas balneario resort,reino unido,suite junior con vistas al mar,4,grupo,bien,,,7.0,2025-07-27,fabuloso
hotel las arenas balneario resort,reino unido,habitación doble con vistas al mar,4,pareja,bien,,,7.0,2024-10-03,fabuloso
hotel las arenas balneario resort,argentina,habitación doble con vistas al mar,3,pareja,bien,,,7.0,2023-06-17,fabuloso
hotel las arenas balneario resort,reino unido,habitación doble con vistas al mar,1,familia,bien,,,7.0,2025-11-05,fabuloso
hotel las arenas balneario resort,países bajos,habitación doble con vistas al mar,4,familia,bien,,,7.0,2025-10-31,fabuloso
hotel las arenas balneario resort,países bajos,habitación doble con vistas al mar,3,pareja,agradable,,,6.0,2025-10-27,fabuloso
hotel las arenas balneario resort,suecia,habitación individual estándar,1,persona que viaja sola,bien,,,7.0,2025-08-04,fabuloso
hotel las arenas balneario resort,reino unido,habitación doble con vistas a la piscina,1,familia,bien,,,7.0,2025-06-05,fabuloso
hotel las arenas balneario resort,suecia,suite junior con vistas al mar,5,familia,agradable,,,6.0,2024-08-21,fabuloso
hotel las arenas balneario resort,jersey,habitación doble con vistas al mar,2,pareja,agradable,,,6.0,2024-08-12,fabuloso
hotel las arenas balneario resort,nueva zelanda,habitación doble con vistas al mar,1,pareja,bien,,,7.0,2024-08-02,fabuloso
hotel las arenas balneario resort,irlanda,habitación doble estándar,2,grupo,bien,,,7.0,2024-07-09,fabuloso
hotel las arenas balneario resort,reino unido,habitación individual estándar,2,persona que viaja sola,bien,,,7.0,2023-10-30,fabuloso
hotel las arenas balneario resort,alemania,habitación doble con vistas al mar,2,pareja,agradable,,,6.0,2023-10-29,fabuloso
hotel las arenas balneario resort,luxemburgo,habitación doble con vistas al mar,4,familia,agradable,,,6.0,2023-10-09,fabuloso
hotel las arenas balneario resort,egipto,habitación doble con vistas laterales al mar,1,familia,bien,,,7.0,2025-08-06,fabuloso
hotel las arenas balneario resort,reino unido,habitación individual estándar,1,persona que viaja sola,bien,,,7.0,2024-09-30,fabuloso
hotel las arenas balneario resort,reino unido,habitación doble con vistas al mar,1,pareja,bien,,,7.0,2024-09-15,fabuloso
hotel las arenas balneario resort,reino unido,habitación individual estándar,1,grupo,aceptable,,,5.0,2024-09-05,fabuloso
hotel las arenas balneario resort,francia,habitación doble con vistas al mar,3,familia,bien,,,7.0,2024-07-19,fabuloso
hotel las arenas balneario resort,filipinas,habitación doble con vistas laterales al mar,3,familia,mal,,,3.0,2024-06-19,fabuloso
hotel las arenas balneario resort,reino unido,habitación doble con vistas al mar,1,persona que viaja sola,aceptable,,,5.0,2024-04-09,fabuloso
hotel las arenas balneario resort,arabia saudí,habitación individual estándar,3,persona que viaja sola,pésimo,,,1.0,2024-06-06,fabuloso
hotel las arenas balneario resort,alemania,habitación individual estándar,1,persona que viaja sola,decepcionante,,,4.0,2023-05-22,fabuloso
hotel las arenas balneario resort,emiratos árabes unidos,habitación doble con vistas laterales al mar  2 adultos   1 niño ,5,familia,pésimo,,,1.0,2023-05-05,fabuloso
hotel las arenas balneario resort,canadá,habitación doble con vistas al mar,4,pareja,bien,,,7.0,2025-07-22,fabuloso
hotel las arenas balneario resort,polonia,habitación doble con vistas laterales al mar,5,pareja,agradable,,,6.0,2024-10-02,fabuloso
hotel las arenas balneario resort,alemania,suite junior con vistas al mar,1,pareja,fantástico,,,9.0,2026-04-10,fabuloso
hotel las arenas balneario resort,alemania,habitación individual estándar,6,familia,fantástico,,,9.0,2026-04-13,fabuloso
hotel las arenas balneario resort,alemania,habitación individual estándar,4,persona que viaja sola,wunderschönes hotel mit super frühstück und toller dachterrasse,,,9.0,2026-04-11,fabuloso
hotel las arenas balneario resort,luxemburgo,habitación doble con vistas laterales al mar,4,pareja,fantástico,,,9.0,2026-04-11,fabuloso
hotel las arenas balneario resort,rumanía,suite junior con vistas al mar,4,familia,excepcional,,,10.0,2026-04-09,fabuloso
hotel las arenas balneario resort,alemania,habitación doble estándar,1,pareja,fantástico,,,9.0,2026-04-06,fabuloso
hotel las arenas balneario resort,hungría,habitación individual estándar,4,grupo,excepcional,,,10.0,2026-04-06,fabuloso
hotel las arenas balneario resort,croacia,habitación doble estándar,4,familia,muy bien,,,8.0,2026-04-04,fabuloso
hotel las arenas balneario resort,austria,habitación doble con vistas al mar,5,pareja,excepcional,,,10.0,2026-04-02,fabuloso
hotel las arenas balneario resort,alemania,habitación individual estándar,6,grupo,muy bien,,,8.0,2026-04-02,fabuloso
hotel las arenas balneario resort,polonia,habitación doble con vistas al mar,1,familia,fantástico,,,9.0,2026-04-01,fabuloso
hotel las arenas balneario resort,austria,habitación doble estándar,1,pareja,fantástico,,,9.0,2026-03-29,fabuloso
hotel las arenas balneario resort,suecia,habitación individual estándar,1,persona que viaja sola,fantástico,,,9.0,2026-03-25,fabuloso
hotel las arenas balneario resort,alemania,habitación individual estándar,2,persona que viaja sola,fantástico,,,9.0,2026-03-22,fabuloso
hotel las arenas balneario resort,alemania,suite junior con vistas al mar,1,pareja,excepcional,,,10.0,2025-12-16,fabuloso
hotel las arenas balneario resort,alemania,habitación individual estándar,2,persona que viaja sola,fantástico,,,9.0,2025-12-13,fabuloso
hotel las arenas balneario resort,alemania,habitación individual estándar,5,persona que viaja sola,excepcional,,,10.0,2025-11-23,fabuloso
hotel las arenas balneario resort,alemania,suite junior con vistas al mar,3,familia,excepcional,,,10.0,2025-11-20,fabuloso
hotel las arenas balneario resort,bélgica,habitación doble con vistas al mar,4,familia,excepcional,,,10.0,2025-11-18,fabuloso
hotel las arenas balneario resort,francia,habitación individual estándar,3,persona que viaja sola,fantástico,,,9.0,2025-11-12,fabuloso
hotel las arenas balneario resort,alemania,habitación doble con vistas al mar,4,pareja,excepcional,,,10.0,2025-11-11,fabuloso
hotel las arenas balneario resort,alemania,habitación individual estándar,3,persona que viaja sola,excepcional,,,10.0,2025-11-09,fabuloso
hotel las arenas balneario resort,francia,habitación doble con vistas al mar,6,familia,muy bien,,,8.0,2025-11-07,fabuloso
hotel las arenas balneario resort,alemania,habitación individual estándar,1,persona que viaja sola,fantástico,,,9.0,2025-11-03,fabuloso
hotel las arenas balneario resort,bélgica,habitación doble con vistas al mar,3,grupo,fantástico,,,9.0,2025-11-03,fabuloso
hotel las arenas balneario resort,alemania,habitación individual estándar,1,persona que viaja sola,excepcional,,,10.0,2025-11-03,fabuloso
hotel las arenas balneario resort,alemania,habitación doble estándar,3,pareja,fantástico,,,9.0,2025-11-02,fabuloso
hotel las arenas balneario resort,países bajos,habitación doble con vistas a la piscina,1,pareja,muy bien,,,8.0,2025-11-02,fabuloso
hotel las arenas balneario resort,alemania,habitación individual estándar,3,persona que viaja sola,muy bien,,,8.0,2025-11-02,fabuloso
hotel las arenas balneario resort,alemania,habitación doble con vistas al mar,4,familia,muy bien,,,8.0,2025-11-01,fabuloso
hotel las arenas balneario resort,italia,habitación individual estándar,1,persona que viaja sola,fantástico,,,9.0,2025-10-31,fabuloso
hotel las arenas balneario resort,italia,habitación individual estándar,4,persona que viaja sola,fantástico,,,9.0,2025-10-30,fabuloso
hotel las arenas balneario resort,alemania,habitación doble con vistas al mar,5,pareja,muy bien,,,8.0,2025-10-30,fabuloso
hotel las arenas balneario resort,alemania,habitación individual estándar,1,persona que viaja sola,excepcional,,,10.0,2025-10-29,fabuloso
hotel las arenas balneario resort,república checa,habitación doble con vistas a la piscina,5,familia,fantástico,,,9.0,2025-10-29,fabuloso
hotel las arenas balneario resort,hungría,habitación doble con vistas al mar,4,familia,fantástico,,,9.0,2025-10-28,fabuloso
hotel las arenas balneario resort,italia,habitación doble con vistas laterales al mar,5,pareja,excepcional,,,10.0,2025-10-28,fabuloso
hotel las arenas balneario resort,suiza,habitación individual estándar,7,persona que viaja sola,excepcional,,,10.0,2025-10-28,fabuloso
hotel las arenas balneario resort,hungría,habitación individual estándar,6,persona que viaja sola,fantástico,,,9.0,2025-10-25,fabuloso
hotel las arenas balneario resort,italia,habitación doble con vistas al mar,3,pareja,fantástico,,,9.0,2025-10-24,fabuloso
hotel las arenas balneario resort,dinamarca,habitación individual estándar,7,familia,excepcional,,,10.0,2025-10-24,fabuloso
hotel las arenas balneario resort,hungría,habitación individual estándar,1,persona que viaja sola,muy bien,,,8.0,2025-10-24,fabuloso
hotel las arenas balneario resort,noruega,habitación individual estándar,5,persona que viaja sola,excepcional,,,10.0,2025-10-23,fabuloso
hotel las arenas balneario resort,alemania,habitación doble con vistas al mar,2,grupo,muy bien,,,8.0,2025-10-22,fabuloso
hotel las arenas balneario resort,suiza,habitación doble con vistas al mar,5,familia,excepcional,,,10.0,2025-10-21,fabuloso
hotel las arenas balneario resort,alemania,habitación doble con vistas al mar,4,pareja,fantástico,,,9.0,2025-10-20,fabuloso
hotel las arenas balneario resort,austria,habitación doble con vistas laterales al mar,4,grupo,muy bien,,,8.0,2025-10-19,fabuloso
hotel las arenas balneario resort,austria,habitación doble con vistas al mar,4,familia,fantástico,,,9.0,2025-10-17,fabuloso
hotel las arenas balneario resort,países bajos,habitación doble con vistas al mar,1,pareja,fantástico,,,9.0,2025-10-14,fabuloso
hotel las arenas balneario resort,polonia,habitación doble con vistas al mar,4,grupo,fantástico,,,9.0,2025-10-08,fabuloso
hotel las arenas balneario resort,polonia,habitación doble con vistas al mar,2,grupo,excepcional,,,10.0,2025-10-08,fabuloso
hotel las arenas balneario resort,austria,habitación doble con vistas al mar,3,pareja,excepcional,,,10.0,2025-10-07,fabuloso
hotel las arenas balneario resort,estonia,habitación individual estándar,2,persona que viaja sola,fantástico,,,9.0,2025-10-04,fabuloso
hotel las arenas balneario resort,estonia,habitación doble con vistas laterales al mar,7,familia,excepcional,,,10.0,2025-09-20,fabuloso
hotel las arenas balneario resort,rumanía,habitación doble con vistas laterales al mar,7,grupo,excepcional,,,10.0,2025-09-19,fabuloso
hotel las arenas balneario resort,rumanía,suite junior con vistas al mar,7,pareja,fantástico,,,9.0,2025-09-17,fabuloso
hotel las arenas balneario resort,brasil,habitación individual estándar,3,persona que viaja sola,excepcional,,,10.0,2025-09-14,fabuloso
hotel las arenas balneario resort,alemania,habitación doble con vistas al mar,2,grupo,excepcional,,,10.0,2025-09-08,fabuloso
hotel las arenas balneario resort,alemania,habitación doble con vistas laterales al mar,4,pareja,fantástico,,,9.0,2025-09-05,fabuloso
hotel las arenas balneario resort,lituania,habitación doble con vistas a la piscina,1,familia,fantástico,,,9.0,2025-08-31,fabuloso
hotel las arenas balneario resort,austria,habitación doble con vistas a la piscina,2,grupo,excepcional,,,10.0,2025-08-30,fabuloso
hotel las arenas balneario resort,francia,habitación doble con vistas al mar,7,grupo,fantástico,,,9.0,2025-08-28,fabuloso
hotel las arenas balneario resort,alemania,suite junior con vistas al mar,7,pareja,fantástico,,,9.0,2025-08-28,fabuloso
hotel las arenas balneario resort,alemania,habitación doble con vistas laterales al mar,3,grupo,fantástico,,,9.0,2025-08-23,fabuloso
hotel las arenas balneario resort,italia,habitación individual estándar,3,persona que viaja sola,excepcional,,,10.0,2025-08-22,fabuloso
hotel las arenas balneario resort,austria,habitación doble con vistas laterales al mar,2,pareja,excepcional,,,10.0,2025-08-21,fabuloso
hotel las arenas balneario resort,francia,habitación doble con vistas laterales al mar,6,pareja,incroyable établissement avec un personnel au top,,,10.0,2025-08-21,fabuloso
hotel las arenas balneario resort,alemania,habitación doble con vistas laterales al mar,5,familia,excepcional,,,10.0,2025-08-21,fabuloso
hotel las arenas balneario resort,dinamarca,habitación doble con vistas laterales al mar,6,pareja,excepcional,,,10.0,2025-08-19,fabuloso
hotel las arenas balneario resort,francia,habitación doble con vistas laterales al mar,3,familia,muy bien,,,8.0,2025-08-19,fabuloso
hotel las arenas balneario resort,polonia,habitación doble con vistas laterales al mar,1,pareja,excepcional,,,10.0,2025-08-19,fabuloso
hotel las arenas balneario resort,croacia,habitación doble con vistas laterales al mar,6,pareja,excepcional,,,10.0,2025-08-18,fabuloso
hotel las arenas balneario resort,hungría,habitación doble con vistas al mar,5,familia,excepcional,,,10.0,2025-08-17,fabuloso
hotel las arenas balneario resort,hungría,habitación doble con vistas a la piscina,5,pareja,fantástico,,,9.0,2025-08-16,fabuloso
hotel las arenas balneario resort,bélgica,habitación doble con vistas al mar,3,pareja,muy bien,,,8.0,2025-08-16,fabuloso
hotel las arenas balneario resort,alemania,suite junior con vistas al mar,2,familia,excepcional,,,10.0,2025-08-14,fabuloso
hotel las arenas balneario resort,francia,habitación doble con vistas a la piscina,7,familia,fantástico,,,9.0,2025-08-13,fabuloso
hotel las arenas balneario resort,alemania,suite junior con vistas al mar,3,pareja,excepcional,,,10.0,2025-08-13,fabuloso
hotel las arenas balneario resort,portugal,habitación doble con vistas laterales al mar,4,pareja,excepcional,,,10.0,2025-08-11,fabuloso
hotel las arenas balneario resort,alemania,habitación doble con vistas laterales al mar,6,familia,excepcional,,,10.0,2025-08-11,fabuloso
hotel las arenas balneario resort,alemania,habitación doble con vistas al mar,4,familia,excepcional,,,10.0,2025-08-10,fabuloso
hotel las arenas balneario resort,austria,habitación doble con vistas al mar,5,grupo,fantástico,,,9.0,2025-08-10,fabuloso
hotel las arenas balneario resort,italia,suite junior con vistas al mar,6,pareja,excepcional,,,10.0,2025-08-09,fabuloso
hotel las arenas balneario resort,bélgica,habitación individual estándar,3,persona que viaja sola,fantástico,,,9.0,2025-08-06,fabuloso
hotel las arenas balneario resort,rumanía,habitación doble con vistas al mar,3,pareja,excepcional,,,10.0,2025-08-05,fabuloso
hotel las arenas balneario resort,dinamarca,habitación doble con vistas al mar,5,grupo,excepcional,,,10.0,2025-07-30,fabuloso
hotel las arenas balneario resort,países bajos,habitación individual estándar,7,persona que viaja sola,fantástico,,,9.0,2025-07-29,fabuloso
hotel las arenas balneario resort,hungría,habitación doble con vistas al mar,7,pareja,fantástico,,,9.0,2025-07-28,fabuloso
hotel las arenas balneario resort,italia,habitación doble con vistas laterales al mar,3,familia,muy bien,,,8.0,2025-07-28,fabuloso
hotel las arenas balneario resort,alemania,habitación doble con vistas a la piscina,5,grupo,excepcional,,,10.0,2025-07-27,fabuloso
hotel las arenas balneario resort,suiza,habitación doble con vistas al mar,3,pareja,excepcional,,,10.0,2025-07-25,fabuloso
hotel las arenas balneario resort,alemania,habitación individual estándar,2,grupo,excepcional,,,10.0,2025-07-22,fabuloso
hotel las arenas balneario resort,austria,habitación individual estándar,4,persona que viaja sola,fantástico,,,9.0,2025-07-21,fabuloso
hotel las arenas balneario resort,francia,habitación doble con vistas laterales al mar,3,familia,fantástico,,,9.0,2025-07-08,fabuloso
hotel las arenas balneario resort,polonia,habitación doble con vistas al mar,4,grupo,fantástico,,,9.0,2025-07-07,fabuloso
hotel las arenas balneario resort,austria,habitación individual estándar,2,persona que viaja sola,excepcional,,,10.0,2025-07-05,fabuloso
hotel las arenas balneario resort,francia,habitación individual estándar,2,persona que viaja sola,excepcional,,,10.0,2025-07-03,fabuloso
hotel las arenas balneario resort,noruega,habitación doble con vistas al mar,3,familia,excepcional,,,10.0,2025-06-29,fabuloso
hotel las arenas balneario resort,austria,habitación individual estándar,3,grupo,muy bien,,,8.0,2025-06-29,fabuloso
hotel las arenas balneario resort,alemania,habitación doble con vistas a la piscina,1,familia,excepcional,,,10.0,2025-06-27,fabuloso
hotel las arenas balneario resort,alemania,habitación individual estándar,3,persona que viaja sola,excepcional,,,10.0,2025-06-27,fabuloso
hotel las arenas balneario resort,italia,habitación doble con vistas laterales al mar,3,pareja,fantástico,,,9.0,2025-06-27,fabuloso
hotel las arenas balneario resort,italia,habitación individual estándar,3,persona que viaja sola,excepcional,,,10.0,2025-06-26,fabuloso
hotel las arenas balneario resort,austria,habitación individual estándar,3,grupo,excepcional,,,10.0,2025-06-25,fabuloso
hotel las arenas balneario resort,alemania,habitación doble con vistas al mar,7,pareja,fantástico,,,9.0,2025-06-23,fabuloso
hotel las arenas balneario resort,austria,habitación doble con vistas laterales al mar,4,pareja,fantástico,,,9.0,2025-06-20,fabuloso
hotel las arenas balneario resort,italia,habitación doble con vistas a la piscina,2,familia,excepcional,,,10.0,2025-06-19,fabuloso
hotel las arenas balneario resort,suiza,habitación individual estándar,2,persona que viaja sola,muy bien,,,8.0,2025-06-16,fabuloso
hotel las arenas balneario resort,austria,habitación doble con vistas al mar,3,pareja,excepcional,,,10.0,2025-06-16,fabuloso
hotel las arenas balneario resort,países bajos,suite junior con vistas al mar,4,familia,muy bien,,,8.0,2025-06-13,fabuloso
hotel las arenas balneario resort,luxemburgo,habitación doble con vistas al mar,2,pareja,fantástico,,,9.0,2025-06-13,fabuloso
hotel las arenas balneario resort,hungría,habitación doble con vistas a la piscina,3,familia,excepcional,,,10.0,2025-06-11,fabuloso
hotel las arenas balneario resort,suiza,habitación individual estándar,7,familia,excepcional,,,10.0,2025-06-04,fabuloso
hotel las arenas balneario resort,países bajos,habitación doble con vistas laterales al mar,4,pareja,muy bien,,,8.0,2025-06-04,fabuloso
hotel las arenas balneario resort,suecia,habitación doble con vistas a la piscina,3,pareja,excepcional,,,10.0,2025-06-03,fabuloso
hotel las arenas balneario resort,suecia,suite junior con vistas al mar,7,grupo,fantastiskt läge!,,,9.0,2025-06-03,fabuloso
hotel las arenas balneario resort,austria,habitación doble con vistas laterales al mar,2,pareja,fantástico,,,9.0,2025-05-31,fabuloso
hotel las arenas balneario resort,países bajos,habitación doble con vistas a la piscina,6,grupo,fantástico,,,9.0,2025-05-31,fabuloso
hotel las arenas balneario resort,república checa,suite junior con vistas al mar,2,pareja,fantástico,,,9.0,2025-05-25,fabuloso
hotel las arenas balneario resort,alemania,habitación doble con vistas al mar,5,familia,excepcional,,,10.0,2025-05-25,fabuloso
hotel las arenas balneario resort,polonia,suite junior con vistas al mar,2,familia,excepcional,,,10.0,2025-05-23,fabuloso
hotel las arenas balneario resort,dinamarca,habitación doble con vistas al mar,3,pareja,muy bien,,,8.0,2025-05-21,fabuloso
hotel las arenas balneario resort,alemania,habitación individual estándar,1,persona que viaja sola,tolles hotel,,,10.0,2025-05-17,fabuloso
hotel las arenas balneario resort,austria,habitación individual estándar,1,grupo,muy bien,,,8.0,2025-05-13,fabuloso
hotel las arenas balneario resort,portugal,habitación doble con vistas laterales al mar,1,grupo,fantástico,,,9.0,2025-05-12,fabuloso
hotel las arenas balneario resort,alemania,habitación individual estándar,2,grupo,fantástico,,,9.0,2025-05-11,fabuloso
hotel las arenas balneario resort,bielorrusia,habitación individual estándar,4,persona que viaja sola,excepcional,,,10.0,2025-05-09,fabuloso
hotel las arenas balneario resort,alemania,habitación individual estándar,3,persona que viaja sola,muy bien,,,8.0,2025-05-08,fabuloso
hotel las arenas balneario resort,alemania,habitación individual estándar,4,persona que viaja sola,excepcional,,,10.0,2025-05-03,fabuloso
hotel las arenas balneario resort,alemania,habitación doble estándar,9,pareja,excepcional,,,10.0,2025-04-29,fabuloso
hotel las arenas balneario resort,polonia,habitación doble con vistas al mar,3,pareja,excepcional,,,10.0,2025-04-26,fabuloso
hotel las arenas balneario resort,hungría,habitación individual estándar,4,persona que viaja sola,excepcional,,,10.0,2025-04-25,fabuloso
hotel las arenas balneario resort,alemania,habitación doble con vistas al mar,2,pareja,fantástico,,,9.0,2025-04-21,fabuloso
hotel las arenas balneario resort,república checa,suite junior con vistas al mar,3,familia,fantástico,,,9.0,2025-04-21,fabuloso
hotel las arenas balneario resort,noruega,habitación individual estándar,8,persona que viaja sola,muy bien,,,8.0,2025-04-16,fabuloso
hotel las arenas balneario resort,república checa,habitación doble con vistas a la piscina,4,familia,excepcional,,,10.0,2025-04-10,fabuloso
hotel las arenas balneario resort,alemania,habitación individual estándar,9,grupo,fantástico,,,9.0,2025-04-10,fabuloso
hotel las arenas balneario resort,francia,habitación doble con vistas laterales al mar,3,familia,excepcional,,,10.0,2025-04-10,fabuloso
hotel las arenas balneario resort,bélgica,habitación doble estándar,1,pareja,excepcional,,,10.0,2025-04-07,fabuloso
hotel las arenas balneario resort,alemania,habitación doble estándar,9,familia,excepcional,,,10.0,2025-04-07,fabuloso
hotel las arenas balneario resort,polonia,habitación doble estándar,3,familia,excepcional,,,10.0,2025-04-06,fabuloso
hotel las arenas balneario resort,república checa,habitación doble con vistas laterales al mar,2,grupo,excepcional,,,10.0,2025-04-03,fabuloso
hotel las arenas balneario resort,francia,habitación doble con vistas a la piscina,1,familia,fantástico,,,9.0,2025-04-03,fabuloso
hotel las arenas balneario resort,alemania,habitación individual estándar,4,grupo,fantástico,,,9.0,2025-04-01,fabuloso
hotel las arenas balneario resort,alemania,habitación individual estándar,3,persona que viaja sola,fantástico,,,9.0,2025-04-01,fabuloso
hotel las arenas balneario resort,alemania,habitación doble con vistas al mar,1,pareja,fantástico,,,9.0,2025-03-30,fabuloso
hotel las arenas balneario resort,alemania,habitación doble estándar,2,familia,muy bien,,,8.0,2025-01-24,fabuloso
hotel las arenas balneario resort,polonia,habitación doble estándar,3,grupo,excepcional,,,10.0,2025-01-12,fabuloso
hotel las arenas balneario resort,italia,habitación doble estándar,3,familia,excepcional,,,10.0,2025-01-08,fabuloso
hotel las arenas balneario resort,polonia,habitación doble estándar,3,pareja,muy bien,,,8.0,2025-01-07,fabuloso
hotel las arenas balneario resort,polonia,habitación doble con vistas al mar,3,grupo,muy bien,,,8.0,2025-01-07,fabuloso
hotel las arenas balneario resort,francia,habitación doble con vistas al mar,3,grupo,excepcional,,,10.0,2024-12-20,fabuloso
hotel las arenas balneario resort,bélgica,habitación doble con vistas laterales al mar,6,pareja,muy bien,,,8.0,2024-12-18,fabuloso
hotel las arenas balneario resort,eslovaquia,suite junior con vistas al mar,4,familia,excepcional,,,10.0,2024-12-13,fabuloso
hotel las arenas balneario resort,españa,habitación doble estándar,3,familia,fantástico,,,9.0,2024-11-30,fabuloso
hotel las arenas balneario resort,hungría,habitación individual estándar,2,grupo,excepcional,,,10.0,2024-11-22,fabuloso
hotel las arenas balneario resort,portugal,habitación doble con vistas al mar,8,pareja,fantástico,,,9.0,2024-11-21,fabuloso
hotel las arenas balneario resort,finlandia,habitación doble con vistas al mar,4,familia,fantástico,,,9.0,2024-11-20,fabuloso
hotel las arenas balneario resort,alemania,habitación individual estándar,1,persona que viaja sola,excepcional,,,10.0,2024-11-19,fabuloso
hotel las arenas balneario resort,noruega,habitación individual estándar,3,familia,excepcional,,,10.0,2024-11-10,fabuloso
hotel las arenas balneario resort,república checa,habitación doble con vistas a la piscina,1,pareja,muy bien,,,8.0,2024-11-10,fabuloso
hotel las arenas balneario resort,ucrania,habitación individual estándar,2,persona que viaja sola,excepcional,,,10.0,2024-11-10,fabuloso
hotel las arenas balneario resort,alemania,habitación doble estándar,4,pareja,fantástico,,,9.0,2024-11-09,fabuloso
hotel las arenas balneario resort,alemania,habitación individual estándar,3,persona que viaja sola,fantástico,,,9.0,2024-11-06,fabuloso
hotel las arenas balneario resort,suiza,habitación doble con vistas al mar,3,pareja,muy bien,,,8.0,2024-11-05,fabuloso
hotel las arenas balneario resort,república checa,habitación individual estándar,2,persona que viaja sola,excepcional,,,10.0,2024-11-04,fabuloso
hotel las arenas balneario resort,italia,habitación doble estándar,3,pareja,excepcional,,,10.0,2024-11-03,fabuloso
hotel las arenas balneario resort,austria,suite junior con vistas al mar,1,familia,fantástico,,,9.0,2024-11-02,fabuloso
hotel las arenas balneario resort,hungría,habitación individual estándar,1,persona que viaja sola,excepcional,,,10.0,2024-11-01,fabuloso
hotel las arenas balneario resort,brasil,habitación doble estándar,1,grupo,fantástico,,,9.0,2024-10-31,fabuloso
hotel las arenas balneario resort,república checa,habitación doble con vistas al mar,3,familia,excepcional,,,10.0,2024-10-31,fabuloso
hotel las arenas balneario resort,alemania,habitación individual estándar,2,persona que viaja sola,fantástico,,,9.0,2024-10-30,fabuloso
hotel las arenas balneario resort,alemania,habitación doble estándar,3,pareja,muy bien,,,8.0,2024-10-30,fabuloso
hotel las arenas balneario resort,noruega,suite junior con vistas al mar,3,familia,excepcional,,,10.0,2024-10-28,fabuloso
hotel las arenas balneario resort,países bajos,habitación individual estándar,5,persona que viaja sola,muy bien,,,8.0,2024-10-27,fabuloso
hotel las arenas balneario resort,polonia,habitación doble con vistas al mar,6,grupo,fantástico,,,9.0,2024-10-27,fabuloso
hotel las arenas balneario resort,polonia,habitación doble con vistas laterales al mar,2,familia,excepcional,,,10.0,2024-10-27,fabuloso
hotel las arenas balneario resort,lituania,habitación doble estándar,4,familia,excepcional,,,10.0,2024-10-26,fabuloso
hotel las arenas balneario resort,austria,habitación doble con vistas a la piscina,4,pareja,fantástico,,,9.0,2024-10-25,fabuloso
hotel las arenas balneario resort,hungría,habitación doble estándar,3,familia,excepcional,,,10.0,2024-10-25,fabuloso
hotel las arenas balneario resort,méxico,habitación doble estándar,2,pareja,fantástico,,,9.0,2024-10-25,fabuloso
hotel las arenas balneario resort,polonia,habitación individual estándar,2,persona que viaja sola,muy bien,,,8.0,2024-10-25,fabuloso
hotel las arenas balneario resort,suiza,habitación individual estándar,3,persona que viaja sola,fantástico,,,9.0,2024-10-23,fabuloso
hotel las arenas balneario resort,república checa,habitación doble estándar,3,familia,excepcional,,,10.0,2024-10-23,fabuloso
hotel las arenas balneario resort,noruega,habitación doble con vistas a la piscina,2,familia,muy bien,,,8.0,2024-10-22,fabuloso
hotel las arenas balneario resort,alemania,habitación doble con vistas al mar,5,pareja,fantástico,,,9.0,2024-10-21,fabuloso
hotel las arenas balneario resort,suiza,habitación doble con vistas a la piscina,1,familia,fantástico,,,9.0,2024-10-20,fabuloso
hotel las arenas balneario resort,francia,habitación doble con vistas laterales al mar,2,grupo,excepcional,,,10.0,2024-10-20,fabuloso
hotel las arenas balneario resort,alemania,habitación doble con vistas a la piscina,5,pareja,excepcional,,,10.0,2024-10-19,fabuloso
hotel las arenas balneario resort,italia,habitación doble con vistas al mar,3,persona que viaja sola,muy bien,,,8.0,2024-10-18,fabuloso
hotel las arenas balneario resort,dinamarca,habitación individual estándar,1,persona que viaja sola,fantástico,,,9.0,2024-10-17,fabuloso
hotel las arenas balneario resort,alemania,habitación doble con vistas al mar,3,pareja,excepcional,,,10.0,2024-10-17,fabuloso
hotel las arenas balneario resort,italia,habitación doble con vistas al mar,5,pareja,excepcional,,,10.0,2024-10-17,fabuloso
hotel las arenas balneario resort,alemania,habitación individual estándar,1,persona que viaja sola,muy bien,,,8.0,2024-10-16,fabuloso
hotel las arenas balneario resort,rumanía,habitación doble con vistas al mar,6,pareja,muy bien,,,8.0,2024-10-14,fabuloso
hotel las arenas balneario resort,francia,habitación doble con vistas al mar,4,pareja,fantástico,,,9.0,2024-10-13,fabuloso
hotel las arenas balneario resort,brasil,habitación doble con vistas al mar,4,persona que viaja sola,excepcional,,,10.0,2024-10-13,fabuloso
hotel las arenas balneario resort,ucrania,suite junior con vistas al mar,3,pareja,fantástico,,,9.0,2024-10-12,fabuloso
hotel las arenas balneario resort,países bajos,habitación individual estándar,2,persona que viaja sola,excepcional,,,10.0,2024-10-10,fabuloso
hotel las arenas balneario resort,canadá,habitación doble con vistas al mar,2,pareja,muy bien,,,8.0,2024-10-08,fabuloso
hotel las arenas balneario resort,hungría,habitación doble con vistas laterales al mar,7,pareja,excepcional,,,10.0,2024-10-07,fabuloso
hotel las arenas balneario resort,alemania,habitación individual estándar,2,persona que viaja sola,fantástico,,,9.0,2024-10-03,fabuloso
hotel las arenas balneario resort,austria,habitación doble con vistas al mar,2,familia,excepcional,,,10.0,2024-09-28,fabuloso
hotel las arenas balneario resort,francia,habitación doble con vistas al mar,6,pareja,excepcional,,,10.0,2024-09-27,fabuloso
hotel las arenas balneario resort,francia,habitación doble con vistas al mar,4,familia,excepcional,,,10.0,2024-09-26,fabuloso
hotel las arenas balneario resort,alemania,habitación doble estándar,3,grupo,muy bien,,,8.0,2024-09-22,fabuloso
hotel las arenas balneario resort,polonia,habitación doble con vistas al mar,4,familia,excepcional,,,10.0,2024-09-20,fabuloso
hotel las arenas balneario resort,austria,habitación doble estándar,3,familia,fantástico,,,9.0,2024-09-20,fabuloso
hotel las arenas balneario resort,alemania,habitación doble con vistas al mar,1,pareja,muy bien,,,8.0,2024-09-15,fabuloso
hotel las arenas balneario resort,república checa,habitación doble con vistas al mar,4,familia,muy bien,,,8.0,2024-09-15,fabuloso
hotel las arenas balneario resort,polonia,habitación doble con vistas al mar,4,pareja,fantástico,,,9.0,2024-09-12,fabuloso
hotel las arenas balneario resort,italia,habitación doble con vistas al mar,7,grupo,excepcional,,,10.0,2024-09-11,fabuloso
hotel las arenas balneario resort,portugal,habitación doble con vistas al mar,7,pareja,fantástico,,,9.0,2024-09-11,fabuloso
hotel las arenas balneario resort,dinamarca,suite junior con vistas al mar,8,pareja,excepcional,,,10.0,2024-09-07,fabuloso
hotel las arenas balneario resort,italia,habitación doble con vistas al mar,7,familia,excepcional,,,10.0,2024-09-04,fabuloso
hotel las arenas balneario resort,eslovaquia,habitación doble con vistas al mar,4,familia,fantástico,,,9.0,2024-09-03,fabuloso
hotel las arenas balneario resort,alemania,habitación doble estándar,1,familia,muy bien,,,8.0,2024-09-02,fabuloso
hotel las arenas balneario resort,suecia,habitación doble con vistas al mar,5,pareja,muy bien,,,8.0,2024-09-02,fabuloso
hotel las arenas balneario resort,alemania,habitación doble con vistas al mar,4,familia,fantástico,,,9.0,2024-08-29,fabuloso
hotel las arenas balneario resort,francia,habitación doble con vistas al mar,1,grupo,excepcional,,,10.0,2024-08-28,fabuloso
hotel las arenas balneario resort,italia,habitación doble con vistas laterales al mar,2,grupo,muy bien,,,8.0,2024-08-28,fabuloso
hotel las arenas balneario resort,alemania,habitación doble con vistas a la piscina,4,familia,fantástico,,,9.0,2024-08-24,fabuloso
hotel las arenas balneario resort,alemania,suite junior con vistas al mar,1,familia,fantástico,,,9.0,2024-08-23,fabuloso
hotel las arenas balneario resort,austria,habitación doble estándar,4,familia,excepcional,,,10.0,2024-08-22,fabuloso
hotel las arenas balneario resort,italia,suite junior con vistas al mar,6,pareja,muy bien,,,8.0,2024-08-21,fabuloso
hotel las arenas balneario resort,italia,habitación doble con vistas al mar,9,familia,muy bien,,,8.0,2024-08-21,fabuloso
hotel las arenas balneario resort,alemania,habitación doble estándar,3,familia,muy bien,,,8.0,2024-08-20,fabuloso
hotel las arenas balneario resort,reino unido,habitación doble con vistas al mar,3,familia,excepcional,,,10.0,2024-08-20,fabuloso
hotel las arenas balneario resort,francia,habitación doble con vistas al mar,6,pareja,excepcional,,,10.0,2024-08-19,fabuloso
hotel las arenas balneario resort,alemania,habitación doble estándar,2,familia,erholsamer kurzurlaub,,,8.0,2024-08-18,fabuloso
hotel las arenas balneario resort,italia,habitación doble con vistas al mar,5,familia,fantástico,,,9.0,2024-08-18,fabuloso
hotel las arenas balneario resort,francia,habitación doble estándar,7,familia,muy bien,,,8.0,2024-08-16,fabuloso
hotel las arenas balneario resort,polonia,habitación individual estándar,5,familia,excepcional,,,10.0,2024-08-15,fabuloso
hotel las arenas balneario resort,alemania,habitación individual estándar,4,grupo,excepcional,,,10.0,2024-08-14,fabuloso
hotel las arenas balneario resort,austria,habitación individual estándar,4,familia,muy bien,,,8.0,2024-08-14,fabuloso
hotel las arenas balneario resort,austria,habitación doble con vistas laterales al mar,4,familia,fantástico,,,9.0,2024-08-12,fabuloso
hotel las arenas balneario resort,suecia,habitación doble con vistas al mar,5,familia,fantástico,,,9.0,2024-08-11,fabuloso
hotel las arenas balneario resort,suiza,habitación doble con vistas laterales al mar,6,familia,muy bien,,,8.0,2024-08-10,fabuloso
hotel las arenas balneario resort,suiza,habitación individual estándar,3,persona que viaja sola,muy bien,,,8.0,2024-08-08,fabuloso
hotel las arenas balneario resort,dinamarca,habitación doble con vistas al mar,7,familia,muy bien,,,8.0,2024-08-06,fabuloso
hotel las arenas balneario resort,alemania,habitación doble con vistas al mar,3,grupo,fantástico,,,9.0,2024-08-05,fabuloso
hotel las arenas balneario resort,alemania,habitación doble con vistas laterales al mar,3,grupo,fantástico,,,9.0,2024-08-04,fabuloso
hotel las arenas balneario resort,francia,habitación doble con vistas al mar,3,pareja,fantástico,,,9.0,2024-08-04,fabuloso
hotel las arenas balneario resort,italia,habitación doble estándar,4,grupo,fantástico,,,9.0,2024-07-31,fabuloso
hotel las arenas balneario resort,bulgaria,habitación doble estándar,4,familia,excepcional,,,10.0,2024-07-31,fabuloso
hotel las arenas balneario resort,italia,habitación doble con vistas al mar,7,pareja,excepcional,,,10.0,2024-07-29,fabuloso
hotel las arenas balneario resort,hungría,habitación doble estándar,7,familia,excepcional,,,10.0,2024-07-24,fabuloso
hotel las arenas balneario resort,alemania,habitación doble con vistas al mar,3,grupo,muy bien,,,8.0,2024-07-24,fabuloso
hotel las arenas balneario resort,luxemburgo,habitación doble con vistas al mar,3,grupo,fantástico,,,9.0,2024-07-22,fabuloso
hotel las arenas balneario resort,hungría,habitación doble con vistas al mar,3,pareja,excepcional,,,10.0,2024-07-22,fabuloso
hotel las arenas balneario resort,países bajos,habitación doble con vistas al mar,3,grupo,muy bien,,,8.0,2024-07-21,fabuloso
hotel las arenas balneario resort,portugal,habitación doble estándar,4,familia,muy bien,,,8.0,2024-07-21,fabuloso
hotel las arenas balneario resort,francia,habitación doble con vistas a la piscina,4,familia,muy bien,,,8.0,2024-07-19,fabuloso
hotel las arenas balneario resort,rumanía,habitación doble con vistas al mar,5,pareja,excepcional,,,10.0,2024-07-19,fabuloso
hotel las arenas balneario resort,polonia,habitación doble con vistas al mar,11,pareja,mi y pobyt w widok z dachu mega polecam,,,10.0,2024-07-18,fabuloso
hotel las arenas balneario resort,suiza,habitación doble con vistas al mar,2,familia,excepcional,,,10.0,2024-07-14,fabuloso
hotel las arenas balneario resort,francia,habitación doble estándar,8,pareja,excepcional,,,10.0,2024-07-13,fabuloso
hotel las arenas balneario resort,austria,habitación doble con vistas al mar,2,grupo,excepcional,,,10.0,2024-07-13,fabuloso
hotel las arenas balneario resort,hungría,habitación doble estándar,5,pareja,excepcional,,,10.0,2024-07-13,fabuloso
hotel las arenas balneario resort,alemania,habitación doble con vistas al mar,4,grupo,excepcional,,,10.0,2024-07-12,fabuloso
hotel las arenas balneario resort,noruega,habitación doble con vistas al mar,3,pareja,excepcional,,,10.0,2024-07-11,fabuloso
hotel las arenas balneario resort,república checa,habitación doble con vistas al mar,4,familia,fantástico,,,9.0,2024-07-09,fabuloso
hotel las arenas balneario resort,países bajos,habitación doble con vistas al mar,4,grupo,excepcional,,,10.0,2024-07-06,fabuloso
hotel las arenas balneario resort,república checa,habitación doble estándar,4,familia,excepcional,,,10.0,2024-07-06,fabuloso
hotel las arenas balneario resort,austria,habitación doble con vistas al mar,1,pareja,muy bien,,,8.0,2024-07-06,fabuloso
hotel las arenas balneario resort,noruega,habitación individual estándar,2,persona que viaja sola,muy bien,,,8.0,2024-07-03,fabuloso
hotel las arenas balneario resort,países bajos,habitación individual estándar,1,pareja,fantástico,,,9.0,2024-07-01,fabuloso
hotel las arenas balneario resort,noruega,habitación doble con vistas al mar,3,pareja,excepcional,,,10.0,2024-06-29,fabuloso
hotel las arenas balneario resort,alemania,habitación doble estándar,4,grupo,excepcional,,,10.0,2024-06-25,fabuloso
hotel las arenas balneario resort,italia,habitación individual estándar,7,persona que viaja sola,excepcional,,,10.0,2024-06-23,fabuloso
hotel las arenas balneario resort,bielorrusia,habitación individual estándar,1,persona que viaja sola,excepcional,,,10.0,2024-06-22,fabuloso
hotel las arenas balneario resort,alemania,habitación doble con vistas al mar,4,familia,fantástico,,,9.0,2024-06-22,fabuloso
hotel las arenas balneario resort,francia,habitación doble con vistas laterales al mar,5,familia,muy bien,,,8.0,2024-06-20,fabuloso
hotel las arenas balneario resort,alemania,habitación individual estándar,1,persona que viaja sola,muy bien,,,8.0,2024-06-18,fabuloso
hotel las arenas balneario resort,alemania,habitación doble estándar,5,grupo,fantástico,,,9.0,2024-06-18,fabuloso
hotel las arenas balneario resort,austria,habitación doble con vistas al mar,5,familia,fantástico,,,9.0,2024-06-18,fabuloso
hotel las arenas balneario resort,alemania,habitación doble estándar,3,grupo,fantástico,,,9.0,2024-06-17,fabuloso
hotel las arenas balneario resort,alemania,habitación doble con vistas al mar,4,grupo,excepcional,,,10.0,2024-06-15,fabuloso
hotel las arenas balneario resort,francia,habitación doble estándar,1,grupo,muy bien,,,8.0,2024-06-13,fabuloso
hotel las arenas balneario resort,austria,habitación individual estándar,2,grupo,excepcional,,,10.0,2024-06-13,fabuloso
hotel las arenas balneario resort,alemania,habitación doble con vistas laterales al mar,3,grupo,excepcional,,,10.0,2024-06-11,fabuloso
hotel las arenas balneario resort,países bajos,habitación doble con vistas al mar,5,grupo,muy bien,,,8.0,2024-06-11,fabuloso
hotel las arenas balneario resort,alemania,suite junior con vistas al mar,3,grupo,excepcional,,,10.0,2024-06-10,fabuloso
hotel las arenas balneario resort,noruega,habitación doble estándar,3,familia,excepcional,,,10.0,2024-06-10,fabuloso
hotel las arenas balneario resort,irlanda,habitación doble con vistas laterales al mar,3,pareja,excepcional,,,10.0,2024-06-09,fabuloso
hotel las arenas balneario resort,austria,habitación doble con vistas laterales al mar,3,familia,muy bien,,,8.0,2024-06-08,fabuloso
hotel las arenas balneario resort,reino unido,habitación doble con vistas a la piscina,5,pareja,muy bien,,,8.0,2024-06-07,fabuloso
hotel las arenas balneario resort,croacia,habitación doble estándar,5,pareja,excepcional,,,10.0,2024-06-05,fabuloso
hotel las arenas balneario resort,austria,habitación individual estándar,3,persona que viaja sola,excepcional,,,10.0,2024-06-05,fabuloso
hotel las arenas balneario resort,suiza,habitación individual estándar,3,persona que viaja sola,muy bien,,,8.0,2024-06-04,fabuloso
hotel las arenas balneario resort,portugal,habitación doble con vistas al mar,3,grupo,fantástico,,,9.0,2024-05-31,fabuloso
hotel las arenas balneario resort,austria,habitación individual estándar,4,grupo,fantástico,,,9.0,2024-05-31,fabuloso
hotel las arenas balneario resort,países bajos,habitación individual estándar,3,persona que viaja sola,muy bien,,,8.0,2024-05-31,fabuloso
hotel las arenas balneario resort,alemania,habitación individual estándar,2,grupo,excepcional,,,10.0,2024-05-30,fabuloso
hotel las arenas balneario resort,bélgica,habitación individual estándar,4,persona que viaja sola,excepcional,,,10.0,2024-05-30,fabuloso
hotel las arenas balneario resort,alemania,habitación doble con vistas al mar,5,pareja,muy bien,,,8.0,2024-05-30,fabuloso
hotel las arenas balneario resort,finlandia,habitación doble con vistas al mar,7,pareja,excepcional,,,10.0,2024-05-29,fabuloso
hotel las arenas balneario resort,alemania,habitación doble con vistas al mar,4,familia,sehr schöner kurzurlaub in einem tollen hotel!,,,9.0,2024-05-28,fabuloso
hotel las arenas balneario resort,república checa,habitación doble con vistas al mar,1,grupo,excepcional,,,10.0,2024-05-27,fabuloso
hotel las arenas balneario resort,alemania,habitación doble estándar,5,familia,absolut empfehlenswert,,,9.0,2024-05-25,fabuloso
hotel las arenas balneario resort,francia,habitación individual estándar,2,persona que viaja sola,muy bien,,,8.0,2024-05-22,fabuloso
hotel las arenas balneario resort,portugal,habitación doble con vistas laterales al mar,4,pareja,excepcional,,,10.0,2024-05-21,fabuloso
hotel las arenas balneario resort,francia,habitación doble con vistas laterales al mar,7,familia,excepcional,,,10.0,2024-05-20,fabuloso
hotel las arenas balneario resort,alemania,habitación doble con vistas al mar,1,grupo,excepcional,,,10.0,2024-05-19,fabuloso
hotel las arenas balneario resort,alemania,habitación doble con vistas al mar,1,grupo,fantástico,,,9.0,2024-05-19,fabuloso
hotel las arenas balneario resort,austria,habitación individual estándar,1,persona que viaja sola,fantástico,,,9.0,2024-05-17,fabuloso
hotel las arenas balneario resort,alemania,habitación doble con vistas al mar,4,pareja,fantástico,,,9.0,2024-05-16,fabuloso
hotel las arenas balneario resort,austria,habitación individual estándar,2,grupo,fantástico,,,9.0,2024-05-14,fabuloso
hotel las arenas balneario resort,polonia,habitación doble con vistas al mar,4,familia,muy bien,,,8.0,2024-05-14,fabuloso
hotel las arenas balneario resort,francia,habitación doble estándar,1,familia,muy bien,,,8.0,2024-05-12,fabuloso
hotel las arenas balneario resort,francia,habitación doble con vistas al mar,5,familia,fantástico,,,9.0,2024-05-11,fabuloso
hotel las arenas balneario resort,luxemburgo,habitación doble con vistas al mar,2,grupo,fantástico,,,9.0,2024-05-11,fabuloso
hotel las arenas balneario resort,alemania,habitación doble con vistas al mar,4,grupo,muy bien,,,8.0,2024-05-09,fabuloso
hotel las arenas balneario resort,dinamarca,habitación individual estándar,4,persona que viaja sola,excepcional,,,10.0,2024-05-08,fabuloso
hotel las arenas balneario resort,francia,habitación individual estándar,4,grupo,fantástico,,,9.0,2024-05-05,fabuloso
hotel las arenas balneario resort,alemania,habitación individual estándar,1,persona que viaja sola,fantástico,,,9.0,2024-05-03,fabuloso
hotel las arenas balneario resort,italia,habitación individual estándar,3,persona que viaja sola,muy bien,,,8.0,2024-05-03,fabuloso
hotel las arenas balneario resort,alemania,habitación individual estándar,4,grupo,fantástico,,,9.0,2024-05-01,fabuloso
hotel las arenas balneario resort,españa,habitación doble con vistas al mar,1,familia,excepcional,,,10.0,2024-04-30,fabuloso
hotel las arenas balneario resort,italia,habitación individual estándar,2,persona que viaja sola,excepcional,,,10.0,2024-04-30,fabuloso
hotel las arenas balneario resort,noruega,habitación individual estándar,7,persona que viaja sola,muy bien,,,8.0,2024-04-28,fabuloso
hotel las arenas balneario resort,alemania,habitación individual estándar,1,persona que viaja sola,muy bien,,,8.0,2024-04-27,fabuloso
hotel las arenas balneario resort,países bajos,habitación doble con vistas al mar,5,familia,fantástico,,,9.0,2024-04-25,fabuloso
hotel las arenas balneario resort,francia,habitación doble con vistas al mar,2,grupo,excepcional,,,10.0,2024-04-20,fabuloso
hotel las arenas balneario resort,alemania,habitación doble con vistas laterales al mar,7,familia,fantástico,,,9.0,2024-04-17,fabuloso
hotel las arenas balneario resort,finlandia,habitación doble con vistas al mar,4,grupo,fantástico,,,9.0,2024-04-17,fabuloso
hotel las arenas balneario resort,alemania,suite junior con vistas al mar,5,pareja,fantástico,,,9.0,2024-04-16,fabuloso
hotel las arenas balneario resort,suiza,suite junior con vistas al mar,2,familia,muy bien,,,8.0,2024-04-16,fabuloso
hotel las arenas balneario resort,suecia,habitación doble con vistas al mar,2,pareja,muy bien,,,8.0,2024-04-14,fabuloso
hotel las arenas balneario resort,italia,habitación doble con vistas al mar,2,pareja,excepcional,,,10.0,2024-04-14,fabuloso
hotel las arenas balneario resort,alemania,habitación doble con vistas al mar,2,pareja,excepcional,,,10.0,2024-04-12,fabuloso
hotel las arenas balneario resort,portugal,habitación individual estándar,1,persona que viaja sola,excepcional,,,10.0,2024-04-12,fabuloso
hotel las arenas balneario resort,francia,habitación doble con vistas al mar,3,persona que viaja sola,fantástico,,,9.0,2024-04-10,fabuloso
hotel las arenas balneario resort,bélgica,habitación doble estándar,5,pareja,excepcional,,,10.0,2024-04-08,fabuloso
hotel las arenas balneario resort,hungría,suite junior con vistas al mar,4,familia,fantástico,,,9.0,2024-04-05,fabuloso
hotel las arenas balneario resort,república checa,suite junior con vistas al mar,3,familia,fantástico,,,9.0,2024-04-02,fabuloso
hotel las arenas balneario resort,austria,habitación doble con vistas al mar,3,familia,fantástico,,,9.0,2024-03-30,fabuloso
hotel las arenas balneario resort,países bajos,habitación doble estándar,3,grupo,fantástico,,,9.0,2024-03-24,fabuloso
hotel las arenas balneario resort,alemania,habitación doble estándar,4,grupo,fantástico,,,9.0,2024-03-19,fabuloso
hotel las arenas balneario resort,república checa,habitación doble con vistas al mar,1,pareja,fantástico,,,9.0,2024-03-18,fabuloso
hotel las arenas balneario resort,bélgica,habitación individual estándar,5,persona que viaja sola,excepcional,,,10.0,2023-11-27,fabuloso
hotel las arenas balneario resort,alemania,habitación doble estándar,1,familia,muy bien,,,8.0,2023-11-19,fabuloso
hotel las arenas balneario resort,suecia,habitación doble con vistas al mar,1,familia,fantástico,,,9.0,2023-11-05,fabuloso
hotel las arenas balneario resort,alemania,habitación individual estándar,2,persona que viaja sola,fantástico,,,9.0,2023-11-04,fabuloso
hotel las arenas balneario resort,hungría,habitación doble con vistas al mar  2 adultos   1 niño ,7,familia,excepcional,,,10.0,2023-11-01,fabuloso
hotel las arenas balneario resort,austria,habitación individual estándar,7,grupo,excepcional,,,10.0,2023-10-28,fabuloso
hotel las arenas balneario resort,francia,habitación doble estándar,1,grupo,excepcional,,,10.0,2023-10-26,fabuloso
hotel las arenas balneario resort,suiza,habitación individual estándar,3,grupo,excepcional,,,10.0,2023-10-25,fabuloso
hotel las arenas balneario resort,austria,habitación doble con vistas al mar,4,familia,fantástico,,,9.0,2023-10-24,fabuloso
hotel las arenas balneario resort,dinamarca,habitación doble con vistas al mar,2,pareja,fantástico,,,9.0,2023-10-23,fabuloso
hotel las arenas balneario resort,alemania,habitación individual estándar,4,persona que viaja sola,muy bien,,,8.0,2023-10-20,fabuloso
hotel las arenas balneario resort,alemania,habitación doble con vistas al mar,1,grupo,excepcional,,,10.0,2023-10-19,fabuloso
hotel las arenas balneario resort,alemania,habitación individual estándar,2,persona que viaja sola,fantástico,,,9.0,2023-10-19,fabuloso
hotel las arenas balneario resort,eslovaquia,habitación doble con vistas al mar  2 adultos   1 niño ,5,familia,muy bien,,,8.0,2023-10-17,fabuloso
hotel las arenas balneario resort,italia,habitación doble con vistas al mar,6,familia,excepcional,,,10.0,2023-10-16,fabuloso
hotel las arenas balneario resort,ucrania,habitación doble con vistas a la piscina,6,familia,excepcional,,,10.0,2023-10-13,fabuloso
hotel las arenas balneario resort,suiza,habitación individual estándar,1,persona que viaja sola,muy bien,,,8.0,2023-10-10,fabuloso
hotel las arenas balneario resort,alemania,habitación doble con vistas al mar,4,grupo,muy bien,,,8.0,2023-10-08,fabuloso
hotel las arenas balneario resort,italia,habitación doble con vistas al mar,6,grupo,excepcional,,,10.0,2023-10-07,fabuloso
hotel las arenas balneario resort,alemania,habitación doble con vistas a la piscina,5,grupo,muy bien,,,8.0,2023-10-07,fabuloso
hotel las arenas balneario resort,hungría,suite junior con vistas al mar,9,pareja,excepcional,,,10.0,2023-10-05,fabuloso
hotel las arenas balneario resort,italia,habitación individual estándar,3,persona que viaja sola,excepcional,,,10.0,2023-10-04,fabuloso
hotel las arenas balneario resort,países bajos,habitación individual estándar,2,persona que viaja sola,muy bien,,,8.0,2023-10-04,fabuloso
hotel las arenas balneario resort,hungría,habitación doble estándar,9,pareja,perfect,,,10.0,2023-10-03,fabuloso
hotel las arenas balneario resort,alemania,habitación doble estándar,2,familia,muy bien,,,8.0,2023-09-29,fabuloso
hotel las arenas balneario resort,italia,habitación individual estándar,4,persona que viaja sola,fantástico,,,9.0,2023-09-29,fabuloso
hotel las arenas balneario resort,dinamarca,habitación doble con vistas al mar,4,pareja,fantástico,,,9.0,2023-09-28,fabuloso
hotel las arenas balneario resort,alemania,habitación doble con vistas al mar,7,pareja,fantástico,,,9.0,2023-09-27,fabuloso
hotel las arenas balneario resort,francia,habitación doble con vistas al mar,3,grupo,fantástico,,,9.0,2023-09-25,fabuloso
hotel las arenas balneario resort,suecia,habitación doble con vistas al mar,6,pareja,muy bien,,,8.0,2023-09-23,fabuloso
hotel las arenas balneario resort,alemania,habitación doble estándar,4,grupo,fantástico,,,9.0,2023-09-22,fabuloso
hotel las arenas balneario resort,suecia,habitación doble con vistas al mar,7,pareja,excepcional,,,10.0,2023-09-20,fabuloso
hotel las arenas balneario resort,suecia,habitación doble con vistas a la piscina,7,familia,fantástico,,,9.0,2023-09-20,fabuloso
hotel las arenas balneario resort,hungría,suite junior con vistas al mar,7,pareja,fantástico,,,9.0,2023-09-19,fabuloso
hotel las arenas balneario resort,alemania,habitación individual estándar,1,familia,muy bien,,,8.0,2023-09-19,fabuloso
hotel las arenas balneario resort,francia,habitación doble con vistas a la piscina,4,grupo,excepcional,,,10.0,2023-09-18,fabuloso
hotel las arenas balneario resort,países bajos,habitación doble estándar,3,grupo,excepcional,,,10.0,2023-09-18,fabuloso
hotel las arenas balneario resort,suiza,habitación doble con vistas al mar,4,pareja,fantástico,,,9.0,2023-09-13,fabuloso
hotel las arenas balneario resort,eslovenia,habitación doble con vistas al mar,4,familia,excepcional,,,10.0,2023-09-11,fabuloso
hotel las arenas balneario resort,alemania,habitación doble con vistas al mar,2,grupo,excepcional,,,10.0,2023-09-11,fabuloso
hotel las arenas balneario resort,italia,habitación doble con vistas al mar,13,familia,excepcional,,,10.0,2023-09-07,fabuloso
hotel las arenas balneario resort,eslovaquia,habitación doble estándar,4,familia,fantástico,,,9.0,2023-09-06,fabuloso
hotel las arenas balneario resort,italia,habitación doble estándar,6,pareja,fantástico,,,9.0,2023-09-05,fabuloso
hotel las arenas balneario resort,suecia,habitación doble con vistas al mar,3,grupo,excepcional,,,10.0,2023-09-04,fabuloso
hotel las arenas balneario resort,alemania,habitación doble con vistas al mar,6,pareja,muy bien,,,8.0,2023-09-01,fabuloso
hotel las arenas balneario resort,alemania,habitación doble con vistas al mar,4,pareja,excepcional,,,10.0,2023-08-31,fabuloso
hotel las arenas balneario resort,alemania,habitación doble con vistas al mar,5,familia,excepcional,,,10.0,2023-08-31,fabuloso
hotel las arenas balneario resort,grecia,habitación doble con vistas al mar,3,familia,excepcional,,,10.0,2023-08-31,fabuloso
hotel las arenas balneario resort,reino unido,habitación doble estándar,9,pareja,excepcional,,,10.0,2023-08-31,fabuloso
hotel las arenas balneario resort,austria,habitación doble con vistas al mar,4,grupo,fantástico,,,9.0,2023-08-27,fabuloso
hotel las arenas balneario resort,alemania,habitación doble con vistas al mar,6,grupo,excepcional,,,10.0,2023-08-25,fabuloso
hotel las arenas balneario resort,suiza,habitación individual estándar,1,persona que viaja sola,muy bien,,,8.0,2023-08-24,fabuloso
hotel las arenas balneario resort,francia,habitación doble con vistas laterales al mar,7,pareja,magnifique,,,9.0,2023-08-24,fabuloso
hotel las arenas balneario resort,suiza,habitación doble con vistas al mar,1,persona que viaja sola,muy bien,,,8.0,2023-08-23,fabuloso
hotel las arenas balneario resort,francia,habitación doble con vistas al mar,4,pareja,fantástico,,,9.0,2023-08-23,fabuloso
hotel las arenas balneario resort,hungría,habitación doble con vistas laterales al mar  2 adultos   1 niño ,6,familia,excepcional,,,10.0,2023-08-22,fabuloso
hotel las arenas balneario resort,austria,habitación doble con vistas al mar,5,pareja,fantástico,,,9.0,2023-08-19,fabuloso
hotel las arenas balneario resort,dinamarca,habitación individual estándar,10,persona que viaja sola,excepcional,,,10.0,2023-08-19,fabuloso
hotel las arenas balneario resort,polonia,habitación triple  2 adultos   1 niño ,6,familia,excepcional,,,10.0,2023-08-18,fabuloso
hotel las arenas balneario resort,austria,habitación individual estándar,2,grupo,excepcional,,,10.0,2023-08-18,fabuloso
hotel las arenas balneario resort,españa,habitación doble con vistas al mar,2,grupo,excepcional,,,10.0,2023-08-15,fabuloso
hotel las arenas balneario resort,italia,suite junior con vistas al mar,5,grupo,excepcional,,,10.0,2023-08-14,fabuloso
hotel las arenas balneario resort,alemania,habitación doble con vistas al mar,2,pareja,excepcional,,,10.0,2023-08-14,fabuloso
hotel las arenas balneario resort,italia,habitación doble con vistas al mar,5,pareja,fantástico,,,9.0,2023-08-12,fabuloso
hotel las arenas balneario resort,eslovaquia,habitación doble con vistas al mar,6,pareja,muy bien,,,8.0,2023-08-11,fabuloso
hotel las arenas balneario resort,alemania,habitación doble con vistas al mar  2 adultos   1 niño ,5,familia,muy bien,,,8.0,2023-08-10,fabuloso
hotel las arenas balneario resort,suiza,habitación doble con vistas al mar,2,pareja,excepcional,,,10.0,2023-08-10,fabuloso
hotel las arenas balneario resort,polonia,habitación doble con vistas al mar,2,familia,excepcional,,,10.0,2023-08-09,fabuloso
hotel las arenas balneario resort,eslovaquia,habitación doble con vistas al mar,7,pareja,fantástico,,,9.0,2023-08-09,fabuloso
hotel las arenas balneario resort,suiza,habitación doble con vistas a la piscina  2 adultos   1 niño ,7,familia,muy bien,,,8.0,2023-08-08,fabuloso
hotel las arenas balneario resort,austria,habitación doble con vistas al mar,3,grupo,muy bien,,,8.0,2023-08-07,fabuloso
hotel las arenas balneario resort,austria,habitación individual estándar,7,grupo,excepcional,,,10.0,2023-08-07,fabuloso
hotel las arenas balneario resort,suecia,habitación doble con vistas al mar,4,grupo,muy bien,,,8.0,2023-08-06,fabuloso
hotel las arenas balneario resort,polonia,habitación doble con vistas al mar,5,pareja,excepcional,,,10.0,2023-08-03,fabuloso
hotel las arenas balneario resort,rumanía,habitación doble con vistas a la piscina,4,familia,excepcional,,,10.0,2023-08-02,fabuloso
hotel las arenas balneario resort,suecia,suite junior con vistas al mar,6,grupo,fantástico,,,9.0,2023-08-01,fabuloso
hotel las arenas balneario resort,alemania,habitación doble con vistas al mar,4,grupo,excepcional,,,10.0,2023-07-31,fabuloso
hotel las arenas balneario resort,austria,habitación individual estándar,3,grupo,fantástico,,,9.0,2023-07-31,fabuloso
hotel las arenas balneario resort,italia,habitación individual estándar,5,persona que viaja sola,fantástico,,,9.0,2023-07-30,fabuloso
hotel las arenas balneario resort,suiza,habitación doble con vistas al mar  2 adultos   1 niño ,5,pareja,muy bien,,,8.0,2023-07-29,fabuloso
hotel las arenas balneario resort,croacia,habitación doble con vistas al mar,5,pareja,excepcional,,,10.0,2023-07-28,fabuloso
hotel las arenas balneario resort,suecia,habitación doble con vistas al mar,3,pareja,muy bien,,,8.0,2023-07-27,fabuloso
hotel las arenas balneario resort,suecia,habitación doble con vistas al mar,5,grupo,muy bien,,,8.0,2023-07-27,fabuloso
hotel las arenas balneario resort,eslovaquia,habitación doble estándar,7,familia,fantástico,,,9.0,2023-07-27,fabuloso
hotel las arenas balneario resort,chipre,habitación doble con vistas al mar,7,pareja,muy bien,,,8.0,2023-07-26,fabuloso
hotel las arenas balneario resort,suecia,habitación doble con vistas al mar,5,grupo,excepcional,,,10.0,2023-07-25,fabuloso
hotel las arenas balneario resort,francia,habitación doble con vistas al mar,6,familia,muy bien,,,8.0,2023-07-22,fabuloso
hotel las arenas balneario resort,austria,habitación doble con vistas al mar,5,grupo,muy bien,,,8.0,2023-07-22,fabuloso
hotel las arenas balneario resort,alemania,habitación doble con vistas laterales al mar,5,familia,muy bien,,,8.0,2023-07-21,fabuloso
hotel las arenas balneario resort,república checa,habitación doble estándar,7,pareja,excepcional,,,10.0,2023-07-20,fabuloso
hotel las arenas balneario resort,ucrania,habitación doble con vistas laterales al mar,7,familia,excepcional,,,10.0,2023-07-19,fabuloso
hotel las arenas balneario resort,alemania,habitación individual estándar,1,persona que viaja sola,excepcional,,,10.0,2023-07-19,fabuloso
hotel las arenas balneario resort,alemania,habitación doble con vistas a la piscina,4,familia,fantástico,,,9.0,2023-07-18,fabuloso
hotel las arenas balneario resort,alemania,habitación individual estándar,5,persona que viaja sola,fantástico,,,9.0,2023-07-18,fabuloso
hotel las arenas balneario resort,eslovenia,suite junior con vistas al mar,5,pareja,excepcional,,,10.0,2023-07-16,fabuloso
hotel las arenas balneario resort,alemania,habitación doble estándar,1,pareja,excepcional,,,10.0,2023-07-15,fabuloso
hotel las arenas balneario resort,islas feroe,habitación doble con vistas al mar,14,pareja,excepcional,,,10.0,2023-07-12,fabuloso
hotel las arenas balneario resort,bélgica,habitación individual estándar,7,persona que viaja sola,fantástico,,,9.0,2023-07-12,fabuloso
hotel las arenas balneario resort,bélgica,habitación doble con vistas al mar,3,familia,excepcional,,,10.0,2023-07-08,fabuloso
hotel las arenas balneario resort,alemania,habitación doble con vistas laterales al mar,2,grupo,fantástico,,,9.0,2023-07-08,fabuloso
hotel las arenas balneario resort,austria,habitación doble con vistas al mar,4,familia,fantástico,,,9.0,2023-07-08,fabuloso
hotel las arenas balneario resort,polonia,habitación individual estándar,3,familia,muy bien,,,8.0,2023-07-07,fabuloso
hotel las arenas balneario resort,suecia,habitación doble con vistas laterales al mar,14,familia,fantástico,,,9.0,2023-07-05,fabuloso
hotel las arenas balneario resort,república checa,habitación triple  2 adultos   1 niño ,1,familia,excepcional,,,10.0,2023-07-04,fabuloso
hotel las arenas balneario resort,alemania,habitación doble con vistas al mar,1,grupo,"alles in allem, sehr gut !!!",,,8.0,2023-07-03,fabuloso
hotel las arenas balneario resort,noruega,habitación doble estándar,7,familia,excepcional,,,10.0,2023-07-03,fabuloso
hotel las arenas balneario resort,alemania,habitación doble estándar,1,grupo,fantástico,,,9.0,2023-06-29,fabuloso
hotel las arenas balneario resort,alemania,habitación individual estándar,1,persona que viaja sola,muy bien,,,8.0,2023-06-28,fabuloso
hotel las arenas balneario resort,alemania,habitación doble con vistas al mar,5,pareja,fantástico,,,9.0,2023-06-26,fabuloso
hotel las arenas balneario resort,francia,habitación doble estándar,3,grupo,excepcional,,,10.0,2023-06-26,fabuloso
hotel las arenas balneario resort,alemania,habitación doble con vistas al mar,6,pareja,fantástico,,,9.0,2023-06-25,fabuloso
hotel las arenas balneario resort,suecia,habitación doble con vistas al mar,4,grupo,muy bien,,,8.0,2023-06-22,fabuloso
hotel las arenas balneario resort,suiza,habitación doble con vistas al mar,2,grupo,excepcional,,,10.0,2023-06-22,fabuloso
hotel las arenas balneario resort,italia,suite junior con vistas al mar,6,pareja,muy bien,,,8.0,2023-06-21,fabuloso
hotel las arenas balneario resort,república checa,habitación doble con vistas al mar,6,pareja,excepcional,,,10.0,2023-06-20,fabuloso
hotel las arenas balneario resort,alemania,habitación doble con vistas al mar,3,grupo,fantástico,,,9.0,2023-06-19,fabuloso
hotel las arenas balneario resort,italia,habitación doble con vistas al mar,11,pareja,excepcional,,,10.0,2023-06-18,fabuloso
hotel las arenas balneario resort,italia,habitación doble con vistas al mar,3,grupo,excepcional,,,10.0,2023-06-17,fabuloso
hotel las arenas balneario resort,francia,habitación doble con vistas a la piscina,6,pareja,excepcional,,,10.0,2023-06-16,fabuloso
hotel las arenas balneario resort,italia,habitación doble con vistas al mar,4,familia,excepcional,,,10.0,2023-06-15,fabuloso
hotel las arenas balneario resort,bielorrusia,habitación individual estándar,4,persona que viaja sola,fantástico,,,9.0,2023-06-15,fabuloso
hotel las arenas balneario resort,alemania,habitación individual estándar,3,grupo,excepcional,,,10.0,2023-06-14,fabuloso
hotel las arenas balneario resort,alemania,habitación doble con vistas laterales al mar,7,pareja,excepcional,,,10.0,2023-06-12,fabuloso
hotel las arenas balneario resort,francia,habitación doble estándar,6,pareja,fantástico,,,9.0,2023-06-12,fabuloso
hotel las arenas balneario resort,alemania,habitación doble con vistas al mar,3,grupo,fantástico,,,9.0,2023-06-11,fabuloso
hotel las arenas balneario resort,hungría,habitación doble estándar,5,familia,excepcional,,,10.0,2023-06-10,fabuloso
hotel las arenas balneario resort,dinamarca,habitación doble con vistas al mar,3,pareja,fantástico,,,9.0,2023-06-10,fabuloso
hotel las arenas balneario resort,alemania,habitación doble con vistas al mar,5,pareja,immer wieder gerne,,,9.0,2023-06-08,fabuloso
hotel las arenas balneario resort,austria,habitación doble con vistas a la piscina,5,pareja,schönes hotel mit freundlichen personal.,,,9.0,2023-06-08,fabuloso
hotel las arenas balneario resort,suiza,habitación doble con vistas a la piscina,1,pareja,muy bien,,,8.0,2023-06-08,fabuloso
hotel las arenas balneario resort,suecia,habitación doble con vistas a la piscina,4,familia,fantástico,,,9.0,2023-06-07,fabuloso
hotel las arenas balneario resort,hungría,habitación doble con vistas laterales al mar,6,pareja,excepcional,,,10.0,2023-06-06,fabuloso
hotel las arenas balneario resort,alemania,habitación doble con vistas al mar,3,familia,fantástico,,,9.0,2023-06-06,fabuloso
hotel las arenas balneario resort,alemania,habitación doble con vistas al mar,2,familia,fantástico,,,9.0,2023-06-05,fabuloso
hotel las arenas balneario resort,italia,habitación doble con vistas al mar,3,familia,fantástico,,,9.0,2023-06-04,fabuloso
hotel las arenas balneario resort,francia,habitación doble con vistas al mar,2,pareja,excepcional,,,10.0,2023-06-04,fabuloso
hotel las arenas balneario resort,suecia,habitación doble con vistas al mar,7,pareja,muy bien,,,8.0,2023-06-04,fabuloso
hotel las arenas balneario resort,eslovaquia,habitación doble con vistas al mar,7,pareja,excepcional,,,10.0,2023-06-03,fabuloso
hotel las arenas balneario resort,austria,habitación individual estándar,1,persona que viaja sola,fantástico,,,9.0,2023-06-03,fabuloso
hotel las arenas balneario resort,alemania,habitación doble con vistas al mar,1,familia,muy bien,,,8.0,2023-06-02,fabuloso
hotel las arenas balneario resort,estonia,habitación individual estándar,7,pareja,excepcional,,,10.0,2023-06-01,fabuloso
hotel las arenas balneario resort,italia,habitación doble con vistas al mar,3,pareja,excepcional,,,10.0,2023-05-30,fabuloso
hotel las arenas balneario resort,polonia,habitación individual estándar,4,persona que viaja sola,excepcional,,,10.0,2023-05-28,fabuloso
hotel las arenas balneario resort,suiza,habitación doble con vistas al mar,3,pareja,excepcional,,,10.0,2023-05-28,fabuloso
hotel las arenas balneario resort,francia,habitación doble estándar,7,pareja,fantástico,,,9.0,2023-05-28,fabuloso
hotel las arenas balneario resort,francia,habitación doble estándar,7,pareja,fantástico,,,9.0,2023-05-25,fabuloso
hotel las arenas balneario resort,alemania,habitación doble con vistas al mar,2,grupo,fantástico,,,9.0,2023-05-24,fabuloso
hotel las arenas balneario resort,alemania,habitación doble estándar,2,familia,excepcional,,,10.0,2023-05-22,fabuloso
hotel las arenas balneario resort,canadá,habitación doble estándar,1,pareja,fantástico,,,9.0,2023-05-22,fabuloso
hotel las arenas balneario resort,alemania,habitación doble con vistas a la piscina,2,grupo,muy bien,,,8.0,2023-05-21,fabuloso
hotel las arenas balneario resort,alemania,habitación doble con vistas al mar,1,grupo,fantástico,,,9.0,2023-05-21,fabuloso
hotel las arenas balneario resort,suiza,habitación individual estándar,3,persona que viaja sola,muy bien,,,8.0,2023-05-21,fabuloso
hotel las arenas balneario resort,polonia,habitación doble con vistas al mar,3,pareja,excepcional,,,10.0,2023-05-20,fabuloso
hotel las arenas balneario resort,república checa,habitación doble estándar,1,pareja,excepcional,,,10.0,2023-05-20,fabuloso
hotel las arenas balneario resort,bélgica,habitación doble con vistas al mar,1,pareja,muy bien,,,8.0,2023-05-19,fabuloso
hotel las arenas balneario resort,austria,habitación doble estándar,4,pareja,excepcional,,,10.0,2023-05-18,fabuloso
hotel las arenas balneario resort,alemania,habitación doble estándar,1,familia,fantástico,,,9.0,2023-05-18,fabuloso
hotel las arenas balneario resort,italia,habitación doble estándar,2,grupo,fantástico,,,9.0,2023-05-16,fabuloso
hotel las arenas balneario resort,alemania,habitación doble con vistas a la piscina,3,grupo,excepcional,,,10.0,2023-05-16,fabuloso
hotel las arenas balneario resort,alemania,habitación doble con vistas al mar,7,pareja,muy bien,,,8.0,2023-05-15,fabuloso
hotel las arenas balneario resort,países bajos,habitación doble con vistas al mar,5,pareja,fantástico,,,9.0,2023-05-15,fabuloso
hotel las arenas balneario resort,austria,habitación doble con vistas al mar,7,familia,excepcional,,,10.0,2023-05-14,fabuloso
hotel las arenas balneario resort,alemania,habitación doble con vistas laterales al mar,2,grupo,excepcional,,,10.0,2023-05-13,fabuloso
hotel las arenas balneario resort,polonia,habitación doble estándar,2,pareja,fantástico,,,9.0,2023-05-12,fabuloso
hotel las arenas balneario resort,italia,habitación doble con vistas a la piscina,2,grupo,fantástico,,,9.0,2023-05-10,fabuloso
hotel las arenas balneario resort,alemania,habitación doble con vistas al mar,1,pareja,fantástico,,,9.0,2023-05-08,fabuloso
hotel las arenas balneario resort,alemania,habitación doble con vistas al mar,3,grupo,fantástico,,,9.0,2023-05-07,fabuloso
hotel las arenas balneario resort,italia,habitación individual estándar,3,persona que viaja sola,excepcional,,,10.0,2023-05-06,fabuloso
hotel las arenas balneario resort,austria,habitación doble estándar,5,familia,excepcional,,,10.0,2023-05-04,fabuloso
hotel las arenas balneario resort,alemania,suite junior con vistas al mar,2,familia,excepcional,,,10.0,2023-05-03,fabuloso
hotel las arenas balneario resort,alemania,habitación individual estándar,4,pareja,fantástico,,,9.0,2023-05-03,fabuloso
hotel las arenas balneario resort,polonia,habitación individual estándar,4,persona que viaja sola,excepcional,,,10.0,2023-05-01,fabuloso
hotel las arenas balneario resort,república checa,habitación doble con vistas a la piscina,1,pareja,fantástico,,,9.0,2023-05-01,fabuloso
hotel las arenas balneario resort,francia,habitación doble con vistas al mar,4,familia,fantástico,,,9.0,2023-04-28,fabuloso
hotel las arenas balneario resort,alemania,habitación doble con vistas al mar,4,pareja,fantástico,,,9.0,2023-04-28,fabuloso
hotel las arenas balneario resort,francia,habitación doble estándar,4,pareja,excepcional,,,10.0,2023-04-25,fabuloso
hotel las arenas balneario resort,república checa,habitación individual estándar,7,persona que viaja sola,fantástico,,,9.0,2023-04-20,fabuloso
hotel las arenas balneario resort,suiza,habitación doble estándar,7,pareja,fantástico,,,9.0,2023-04-19,fabuloso
hotel las arenas balneario resort,francia,habitación doble con vistas al mar,7,pareja,excepcional,,,10.0,2023-04-15,fabuloso
hotel las arenas balneario resort,italia,habitación doble con vistas a la piscina,4,pareja,fantástico,,,9.0,2023-04-15,fabuloso
hotel las arenas balneario resort,alemania,habitación individual estándar,3,persona que viaja sola,muy bien,,,8.0,2026-04-13,fabuloso
hotel las arenas balneario resort,austria,habitación individual estándar,1,pareja,muy bien,,,8.0,2026-04-08,fabuloso
hotel las arenas balneario resort,italia,habitación doble con vistas laterales al mar,4,familia,muy bien,,,8.0,2026-04-06,fabuloso
hotel las arenas balneario resort,noruega,habitación doble con vistas laterales al mar,1,familia,fantástico,,,9.0,2026-04-06,fabuloso
hotel las arenas balneario resort,noruega,suite junior con vistas al mar,6,persona que viaja sola,muy bien,,,8.0,2025-12-21,fabuloso
hotel las arenas balneario resort,alemania,habitación individual estándar,2,persona que viaja sola,muy bien,,,8.0,2025-12-09,fabuloso
hotel las arenas balneario resort,república checa,habitación doble con vistas a la piscina,3,grupo,muy bien,,,8.0,2025-11-25,fabuloso
hotel las arenas balneario resort,austria,habitación doble con vistas al mar,2,familia,fantástico,,,9.0,2025-11-16,fabuloso
hotel las arenas balneario resort,brasil,habitación individual estándar,3,persona que viaja sola,fantástico,,,9.0,2025-11-07,fabuloso
hotel las arenas balneario resort,alemania,habitación doble con vistas a la piscina,1,familia,muy bien,,,8.0,2025-10-29,fabuloso
hotel las arenas balneario resort,hungría,habitación doble con vistas al mar,2,pareja,fantástico,,,9.0,2025-10-27,fabuloso
hotel las arenas balneario resort,islandia,habitación doble con vistas laterales al mar,1,pareja,muy bien,,,8.0,2025-10-25,fabuloso
hotel las arenas balneario resort,suiza,habitación doble con vistas al mar,3,pareja,muy bien,,,8.0,2025-10-22,fabuloso
hotel las arenas balneario resort,países bajos,habitación individual estándar,5,persona que viaja sola,muy bien,,,8.0,2025-10-19,fabuloso
hotel las arenas balneario resort,suecia,habitación doble con vistas al mar,4,familia,fantástico,,,9.0,2025-10-11,fabuloso
hotel las arenas balneario resort,alemania,habitación doble con vistas laterales al mar,8,pareja,muy bien,,,8.0,2025-10-08,fabuloso
hotel las arenas balneario resort,bélgica,habitación doble con vistas al mar,4,pareja,fantástico,,,9.0,2025-10-08,fabuloso
hotel las arenas balneario resort,alemania,habitación individual estándar,2,grupo,muy bien,,,8.0,2025-09-29,fabuloso
hotel las arenas balneario resort,alemania,habitación individual estándar,4,persona que viaja sola,fantástico,,,9.0,2025-09-13,fabuloso
hotel las arenas balneario resort,alemania,habitación doble con vistas a la piscina,3,familia,muy bien,,,8.0,2025-09-11,fabuloso
hotel las arenas balneario resort,alemania,habitación doble con vistas a la piscina,2,persona que viaja sola,fantástico,,,9.0,2025-09-06,fabuloso
hotel las arenas balneario resort,alemania,habitación doble con vistas a la piscina,4,familia,muy bien,,,8.0,2025-08-31,fabuloso
hotel las arenas balneario resort,alemania,habitación doble con vistas laterales al mar,10,familia,muy bien,,,8.0,2025-08-31,fabuloso
hotel las arenas balneario resort,alemania,habitación doble con vistas a la piscina,5,pareja,muy bien,,,8.0,2025-08-29,fabuloso
hotel las arenas balneario resort,francia,habitación doble con vistas laterales al mar,4,pareja,fantástico,,,9.0,2025-08-28,fabuloso
hotel las arenas balneario resort,república checa,habitación doble con vistas laterales al mar,3,pareja,muy bien,,,8.0,2025-08-28,fabuloso
hotel las arenas balneario resort,alemania,habitación doble con vistas laterales al mar,3,persona que viaja sola,fantástico,,,9.0,2025-08-24,fabuloso
hotel las arenas balneario resort,república checa,habitación doble con vistas laterales al mar,3,familia,fantástico,,,9.0,2025-08-19,fabuloso
hotel las arenas balneario resort,arabia saudí,habitación doble con vistas al mar,3,pareja,muy bien,,,8.0,2025-08-19,fabuloso
hotel las arenas balneario resort,francia,habitación doble con vistas al mar,10,pareja,muy bien,,,8.0,2025-08-16,fabuloso
hotel las arenas balneario resort,alemania,habitación individual estándar,3,persona que viaja sola,hotel ist schön. allerdings gibt es viel zu wenig schattenplätze auf der liegefläche am dach. man darf die liegen nicht,,,8.0,2025-08-11,fabuloso
hotel las arenas balneario resort,alemania,habitación doble con vistas laterales al mar,4,familia,muy bien,,,8.0,2025-08-10,fabuloso
hotel las arenas balneario resort,francia,habitación doble con vistas laterales al mar,5,pareja,excepcional,,,10.0,2025-08-09,fabuloso
hotel las arenas balneario resort,suiza,habitación doble con vistas laterales al mar,3,familia,muy bien,,,8.0,2025-08-06,fabuloso
hotel las arenas balneario resort,italia,habitación doble con vistas al mar,4,pareja,excepcional,,,10.0,2025-07-30,fabuloso
hotel las arenas balneario resort,suiza,suite junior con vistas al mar,2,pareja,fantástico,,,9.0,2025-07-28,fabuloso
hotel las arenas balneario resort,polonia,habitación doble con vistas al mar,3,pareja,udany wypoczynek w przyjemnym hotelu,,,8.0,2025-07-26,fabuloso
hotel las arenas balneario resort,alemania,habitación doble estándar,4,pareja,fantástico,,,9.0,2025-07-21,fabuloso
hotel las arenas balneario resort,alemania,habitación doble con vistas laterales al mar,3,grupo,muy bien,,,8.0,2025-07-15,fabuloso
hotel las arenas balneario resort,noruega,habitación doble con vistas a la piscina,3,familia,muy bien,,,8.0,2025-07-02,fabuloso
hotel las arenas balneario resort,austria,habitación doble con vistas laterales al mar,4,familia,muy bien,,,8.0,2025-06-27,fabuloso
hotel las arenas balneario resort,eslovaquia,habitación doble con vistas a la piscina,2,pareja,muy bien,,,8.0,2025-06-20,fabuloso
hotel las arenas balneario resort,bélgica,habitación doble estándar,3,persona que viaja sola,muy bien,,,8.0,2025-06-10,fabuloso
hotel las arenas balneario resort,eslovenia,habitación individual estándar,3,persona que viaja sola,muy bien,,,8.0,2025-06-06,fabuloso
hotel las arenas balneario resort,países bajos,habitación individual estándar,1,persona que viaja sola,muy bien,,,8.0,2025-06-04,fabuloso
hotel las arenas balneario resort,finlandia,habitación individual estándar,1,persona que viaja sola,muy bien,,,8.0,2025-06-03,fabuloso
hotel las arenas balneario resort,francia,habitación individual estándar,4,grupo,muy bien,,,8.0,2025-06-01,fabuloso
hotel las arenas balneario resort,alemania,habitación doble estándar,4,familia,muy bien,,,8.0,2025-05-30,fabuloso
hotel las arenas balneario resort,alemania,habitación doble con vistas a la piscina,1,grupo,fantástico,,,9.0,2025-05-22,fabuloso
hotel las arenas balneario resort,suecia,habitación doble con vistas al mar,5,pareja,muy bien,,,8.0,2025-05-17,fabuloso
hotel las arenas balneario resort,austria,habitación doble con vistas al mar,1,familia,muy bien,,,8.0,2025-05-09,fabuloso
hotel las arenas balneario resort,alemania,suite junior con vistas al mar,8,familia,muy bien,,,8.0,2025-05-02,fabuloso
hotel las arenas balneario resort,alemania,habitación individual estándar,3,grupo,fantástico,,,9.0,2025-05-01,fabuloso
hotel las arenas balneario resort,francia,habitación doble estándar,2,familia,fantástico,,,9.0,2025-04-28,fabuloso
hotel las arenas balneario resort,alemania,habitación individual estándar,3,persona que viaja sola,muy bien,,,8.0,2025-04-28,fabuloso
hotel las arenas balneario resort,suiza,habitación doble con vistas laterales al mar,4,familia,muy bien,,,8.0,2025-04-27,fabuloso
hotel las arenas balneario resort,bélgica,habitación individual estándar,3,persona que viaja sola,muy bien,,,8.0,2025-04-22,fabuloso
hotel las arenas balneario resort,alemania,habitación individual estándar,7,persona que viaja sola,fantástico,,,9.0,2025-04-16,fabuloso
hotel las arenas balneario resort,alemania,habitación doble con vistas al mar,2,pareja,muy bien,,,8.0,2025-04-11,fabuloso
hotel las arenas balneario resort,países bajos,habitación doble con vistas al mar,4,grupo,muy bien,,,8.0,2025-04-07,fabuloso
hotel las arenas balneario resort,suiza,habitación individual estándar,5,grupo,excepcional,,,10.0,2025-04-05,fabuloso
hotel las arenas balneario resort,alemania,habitación doble estándar,2,persona que viaja sola,muy bien,,,8.0,2025-04-04,fabuloso
hotel las arenas balneario resort,alemania,habitación doble estándar,4,grupo,fantástico,,,9.0,2025-04-03,fabuloso
hotel las arenas balneario resort,polonia,habitación doble con vistas laterales al mar,2,familia,muy bien,,,8.0,2025-04-03,fabuloso
hotel las arenas balneario resort,italia,habitación individual estándar,4,persona que viaja sola,muy bien,,,8.0,2025-04-01,fabuloso
hotel las arenas balneario resort,españa,habitación doble estándar,1,familia,muy bien,,,8.0,2024-12-08,fabuloso
hotel las arenas balneario resort,francia,habitación doble con vistas al mar,7,pareja,muy bien,,,8.0,2024-12-08,fabuloso
hotel las arenas balneario resort,suiza,habitación individual estándar,2,grupo,fantástico,,,9.0,2024-11-17,fabuloso
hotel las arenas balneario resort,alemania,habitación doble con vistas al mar,2,pareja,fantástico,,,9.0,2024-11-14,fabuloso
hotel las arenas balneario resort,italia,habitación individual estándar,1,persona que viaja sola,excepcional,,,10.0,2024-11-12,fabuloso
hotel las arenas balneario resort,alemania,habitación doble con vistas laterales al mar,4,pareja,muy bien,,,8.0,2024-11-04,fabuloso
hotel las arenas balneario resort,austria,habitación doble con vistas al mar,6,familia,muy bien,,,8.0,2024-11-03,fabuloso
hotel las arenas balneario resort,alemania,habitación doble estándar,3,familia,fantástico,,,9.0,2024-10-28,fabuloso
hotel las arenas balneario resort,alemania,habitación doble con vistas al mar,2,grupo,muy bien,,,8.0,2024-10-28,fabuloso
hotel las arenas balneario resort,alemania,habitación doble con vistas al mar,4,grupo,fantástico,,,9.0,2024-10-27,fabuloso
hotel las arenas balneario resort,austria,habitación individual estándar,2,grupo,fantástico,,,9.0,2024-10-24,fabuloso
hotel las arenas balneario resort,alemania,habitación doble estándar,4,grupo,muy bien,,,8.0,2024-10-23,fabuloso
hotel las arenas balneario resort,bélgica,habitación doble con vistas al mar,6,pareja,fantástico,,,9.0,2024-10-23,fabuloso
hotel las arenas balneario resort,república checa,habitación doble con vistas al mar,3,pareja,fantástico,,,9.0,2024-10-22,fabuloso
hotel las arenas balneario resort,alemania,habitación doble con vistas laterales al mar,6,grupo,fantástico,,,9.0,2024-10-20,fabuloso
hotel las arenas balneario resort,italia,habitación doble con vistas laterales al mar,1,familia,muy bien,,,8.0,2024-10-19,fabuloso
hotel las arenas balneario resort,dinamarca,habitación doble con vistas laterales al mar,3,familia,muy bien,,,8.0,2024-10-18,fabuloso
hotel las arenas balneario resort,alemania,habitación individual estándar,7,persona que viaja sola,muy bien,,,8.0,2024-10-12,fabuloso
hotel las arenas balneario resort,alemania,habitación doble estándar,5,grupo,fantástico,,,9.0,2024-10-11,fabuloso
hotel las arenas balneario resort,austria,habitación individual estándar,3,persona que viaja sola,muy bien,,,8.0,2024-10-10,fabuloso
hotel las arenas balneario resort,alemania,habitación doble estándar,3,familia,muy bien,,,8.0,2024-10-06,fabuloso
hotel las arenas balneario resort,alemania,habitación doble con vistas a la piscina,3,familia,fantástico,,,9.0,2024-10-06,fabuloso
hotel las arenas balneario resort,austria,habitación doble con vistas al mar,2,persona que viaja sola,fantástico,,,9.0,2024-10-05,fabuloso
hotel las arenas balneario resort,alemania,habitación doble con vistas al mar,1,familia,muy bien,,,8.0,2024-10-05,fabuloso
hotel las arenas balneario resort,alemania,habitación doble estándar,3,grupo,fantástico,,,9.0,2024-09-22,fabuloso
hotel las arenas balneario resort,alemania,habitación doble con vistas al mar,4,grupo,fantástico,,,9.0,2024-09-20,fabuloso
hotel las arenas balneario resort,alemania,habitación doble con vistas al mar,2,grupo,fantástico,,,9.0,2024-09-20,fabuloso
hotel las arenas balneario resort,alemania,habitación individual estándar,4,grupo,fantástico,,,9.0,2024-09-20,fabuloso
hotel las arenas balneario resort,italia,habitación doble con vistas al mar,6,pareja,muy bien,,,8.0,2024-09-03,fabuloso
hotel las arenas balneario resort,italia,habitación individual estándar,2,persona que viaja sola,fantástico,,,9.0,2024-08-31,fabuloso
hotel las arenas balneario resort,alemania,habitación doble con vistas laterales al mar,4,pareja,excepcional,,,10.0,2024-08-29,fabuloso
hotel las arenas balneario resort,alemania,habitación individual estándar,3,persona que viaja sola,muy bien,,,8.0,2024-08-28,fabuloso
hotel las arenas balneario resort,alemania,suite junior con vistas al mar,3,familia,muy bien,,,8.0,2024-08-27,fabuloso
hotel las arenas balneario resort,dinamarca,habitación individual estándar,1,persona que viaja sola,muy bien,,,8.0,2024-08-23,fabuloso
hotel las arenas balneario resort,francia,habitación individual estándar,1,familia,muy bien,,,8.0,2024-08-19,fabuloso
hotel las arenas balneario resort,francia,habitación doble con vistas laterales al mar,5,grupo,muy bien,,,8.0,2024-08-13,fabuloso
hotel las arenas balneario resort,austria,habitación doble con vistas laterales al mar,1,familia,muy bien,,,8.0,2024-08-12,fabuloso
hotel las arenas balneario resort,alemania,habitación doble estándar,3,familia,muy bien,,,8.0,2024-08-11,fabuloso
hotel las arenas balneario resort,suecia,habitación doble estándar,5,pareja,muy bien,,,8.0,2024-07-29,fabuloso
hotel las arenas balneario resort,suiza,habitación individual estándar,1,persona que viaja sola,muy bien,,,8.0,2024-07-24,fabuloso
hotel las arenas balneario resort,alemania,habitación doble con vistas laterales al mar,4,familia,muy bien,,,8.0,2024-07-24,fabuloso
hotel las arenas balneario resort,alemania,suite junior con vistas al mar,2,grupo,fantástico,,,9.0,2024-07-18,fabuloso
hotel las arenas balneario resort,polonia,habitación doble con vistas al mar,7,pareja,muy bien,,,8.0,2024-07-16,fabuloso
hotel las arenas balneario resort,países bajos,habitación doble estándar,1,pareja,muy bien,,,8.0,2024-07-14,fabuloso
hotel las arenas balneario resort,países bajos,habitación doble con vistas laterales al mar,12,pareja,muy bien,,,8.0,2024-07-13,fabuloso
hotel las arenas balneario resort,alemania,habitación individual estándar,1,persona que viaja sola,fantástico,,,9.0,2024-07-12,fabuloso
hotel las arenas balneario resort,alemania,habitación individual estándar,2,grupo,muy bien,,,8.0,2024-07-09,fabuloso
hotel las arenas balneario resort,alemania,habitación doble con vistas al mar,1,grupo,muy bien,,,8.0,2024-07-08,fabuloso
hotel las arenas balneario resort,alemania,habitación individual estándar,5,persona que viaja sola,excepcional,,,10.0,2024-07-03,fabuloso
hotel las arenas balneario resort,suiza,habitación doble con vistas al mar,2,familia,muy bien,,,8.0,2024-07-01,fabuloso
hotel las arenas balneario resort,islas feroe,habitación doble con vistas al mar,4,pareja,muy bien,,,8.0,2024-07-01,fabuloso
hotel las arenas balneario resort,alemania,habitación doble con vistas a la piscina,2,pareja,muy bien,,,8.0,2024-06-30,fabuloso
hotel las arenas balneario resort,alemania,habitación individual estándar,3,persona que viaja sola,muy bien,,,8.0,2024-06-27,fabuloso
hotel las arenas balneario resort,alemania,habitación doble estándar,9,pareja,muy bien,,,8.0,2024-06-20,fabuloso
hotel las arenas balneario resort,alemania,habitación doble con vistas al mar,5,familia,muy bien,,,8.0,2024-06-20,fabuloso
hotel las arenas balneario resort,alemania,habitación doble con vistas al mar,3,pareja,fantástico,,,9.0,2024-06-12,fabuloso
hotel las arenas balneario resort,polonia,habitación doble con vistas al mar,7,familia,excepcional,,,10.0,2024-06-09,fabuloso
hotel las arenas balneario resort,alemania,habitación doble con vistas al mar,10,familia,muy bien,,,8.0,2024-06-07,fabuloso
hotel las arenas balneario resort,alemania,habitación individual estándar,4,persona que viaja sola,fantástico,,,9.0,2024-06-06,fabuloso
hotel las arenas balneario resort,suecia,habitación doble con vistas al mar,8,familia,fantástico,,,9.0,2024-06-06,fabuloso
hotel las arenas balneario resort,alemania,habitación doble con vistas laterales al mar,2,familia,muy bien,,,8.0,2024-06-02,fabuloso
hotel las arenas balneario resort,francia,habitación doble con vistas al mar,2,familia,muy bien,,,8.0,2024-05-31,fabuloso
hotel las arenas balneario resort,austria,habitación doble con vistas al mar,3,familia,fantástico,,,9.0,2024-05-30,fabuloso
hotel las arenas balneario resort,alemania,habitación doble con vistas al mar,2,grupo,muy bien,,,8.0,2024-05-28,fabuloso
hotel las arenas balneario resort,alemania,habitación doble con vistas al mar,2,pareja,excepcional,,,10.0,2024-05-26,fabuloso
hotel las arenas balneario resort,alemania,habitación individual estándar,6,persona que viaja sola,muy bien,,,8.0,2024-05-25,fabuloso
hotel las arenas balneario resort,alemania,habitación doble con vistas al mar,7,pareja,muy bien,,,8.0,2024-05-23,fabuloso
hotel las arenas balneario resort,alemania,habitación doble con vistas al mar,3,grupo,muy bien,,,8.0,2024-05-20,fabuloso
hotel las arenas balneario resort,alemania,habitación doble con vistas al mar,4,familia,fantástico,,,9.0,2024-05-19,fabuloso
hotel las arenas balneario resort,,habitación doble con vistas laterales al mar,3,familia,muy bien,,,8.0,2024-05-14,fabuloso
hotel las arenas balneario resort,alemania,habitación doble con vistas al mar,3,pareja,muy bien,,,8.0,2024-05-14,fabuloso
hotel las arenas balneario resort,alemania,habitación individual estándar,4,persona que viaja sola,muy bien,,,8.0,2024-05-11,fabuloso
hotel las arenas balneario resort,austria,habitación doble con vistas al mar,1,pareja,muy bien,,,8.0,2024-05-09,fabuloso
hotel las arenas balneario resort,alemania,habitación doble con vistas al mar,3,grupo,fantástico,,,9.0,2024-05-06,fabuloso
hotel las arenas balneario resort,austria,habitación doble con vistas al mar,3,pareja,muy bien,,,8.0,2024-05-06,fabuloso
hotel las arenas balneario resort,austria,suite junior con vistas al mar,3,familia,fantástico,,,9.0,2024-05-04,fabuloso
hotel las arenas balneario resort,italia,habitación doble con vistas al mar,3,familia,muy bien,,,8.0,2024-05-04,fabuloso
hotel las arenas balneario resort,alemania,habitación doble con vistas laterales al mar,4,familia,muy bien,,,8.0,2024-05-01,fabuloso
hotel las arenas balneario resort,bélgica,habitación individual estándar,4,persona que viaja sola,muy bien,,,8.0,2024-04-30,fabuloso
hotel las arenas balneario resort,alemania,habitación individual estándar,2,persona que viaja sola,muy bien,,,8.0,2024-04-28,fabuloso
hotel las arenas balneario resort,italia,habitación doble con vistas al mar,2,grupo,fantástico,,,9.0,2024-04-26,fabuloso
hotel las arenas balneario resort,alemania,habitación doble con vistas al mar,2,grupo,fantástico,,,9.0,2024-04-23,fabuloso
hotel las arenas balneario resort,alemania,habitación doble con vistas al mar,2,pareja,muy bien,,,8.0,2024-04-23,fabuloso
hotel las arenas balneario resort,suecia,habitación doble con vistas al mar,5,familia,muy bien,,,8.0,2024-04-12,fabuloso
hotel las arenas balneario resort,lituania,habitación individual estándar,1,persona que viaja sola,muy bien,,,8.0,2024-03-17,fabuloso
hotel las arenas balneario resort,alemania,habitación doble estándar,3,pareja,muy bien,,,8.0,2023-12-11,fabuloso
hotel las arenas balneario resort,república checa,habitación doble estándar,2,grupo,excepcional,,,10.0,2023-11-27,fabuloso
hotel las arenas balneario resort,rumanía,habitación doble con vistas al mar,5,familia,excepcional,,,10.0,2023-11-02,fabuloso
hotel las arenas balneario resort,bélgica,suite junior con vistas al mar,4,familia,fantástico,,,9.0,2023-11-01,fabuloso
hotel las arenas balneario resort,rumanía,habitación doble con vistas al mar,4,grupo,fantástico,,,9.0,2023-10-29,fabuloso
hotel las arenas balneario resort,alemania,habitación doble estándar,1,grupo,fantástico,,,9.0,2023-10-27,fabuloso
hotel las arenas balneario resort,alemania,habitación doble con vistas al mar,4,familia,excepcional,,,10.0,2023-10-22,fabuloso
hotel las arenas balneario resort,rumanía,habitación doble con vistas laterales al mar,5,grupo,fantástico,,,9.0,2023-10-15,fabuloso
hotel las arenas balneario resort,alemania,habitación doble con vistas al mar,4,pareja,fantástico,,,9.0,2023-10-10,fabuloso
hotel las arenas balneario resort,suiza,habitación doble con vistas al mar,3,pareja,muy bien,,,8.0,2023-10-10,fabuloso
hotel las arenas balneario resort,suecia,habitación individual estándar,1,persona que viaja sola,muy bien,,,8.0,2023-10-08,fabuloso
hotel las arenas balneario resort,alemania,habitación doble con vistas al mar,4,pareja,muy bien,,,8.0,2023-10-05,fabuloso
hotel las arenas balneario resort,países bajos,habitación individual estándar,6,persona que viaja sola,muy bien,,,8.0,2023-09-30,fabuloso
hotel las arenas balneario resort,alemania,habitación doble con vistas a la piscina,2,familia,muy bien,,,8.0,2023-09-24,fabuloso
hotel las arenas balneario resort,alemania,habitación doble con vistas al mar,3,grupo,fantástico,,,9.0,2023-09-23,fabuloso
hotel las arenas balneario resort,alemania,habitación individual estándar,2,persona que viaja sola,muy bien,,,8.0,2023-09-15,fabuloso
hotel las arenas balneario resort,alemania,habitación doble con vistas al mar,4,pareja,muy bien,,,8.0,2023-09-15,fabuloso
hotel las arenas balneario resort,polonia,habitación doble con vistas laterales al mar,9,pareja,fantástico,,,9.0,2023-09-13,fabuloso
hotel las arenas balneario resort,alemania,habitación doble con vistas al mar,2,pareja,muy bien,,,8.0,2023-09-09,fabuloso
hotel las arenas balneario resort,francia,habitación doble con vistas al mar,2,familia,muy bien,,,8.0,2023-09-08,fabuloso
hotel las arenas balneario resort,suiza,habitación doble con vistas al mar,2,pareja,muy bien,,,8.0,2023-09-03,fabuloso
hotel las arenas balneario resort,francia,habitación doble con vistas al mar,4,familia,fantástico,,,9.0,2023-09-02,fabuloso
hotel las arenas balneario resort,polonia,habitación doble con vistas al mar,7,pareja,excepcional,,,10.0,2023-08-29,fabuloso
hotel las arenas balneario resort,mozambique,habitación doble con vistas al mar,5,familia,excepcional,,,10.0,2023-08-29,fabuloso
hotel las arenas balneario resort,eslovaquia,habitación doble estándar,1,familia,excepcional,,,10.0,2023-08-29,fabuloso
hotel las arenas balneario resort,italia,habitación doble con vistas laterales al mar,7,pareja,muy bien,,,8.0,2023-08-23,fabuloso
hotel las arenas balneario resort,alemania,habitación doble con vistas al mar,7,pareja,muy bien,,,8.0,2023-08-21,fabuloso
hotel las arenas balneario resort,república checa,habitación triple  2 adultos   1 niño ,6,familia,excepcional,,,10.0,2023-08-18,fabuloso
hotel las arenas balneario resort,alemania,habitación doble estándar,7,familia,muy bien,,,8.0,2023-08-14,fabuloso
hotel las arenas balneario resort,austria,habitación doble con vistas laterales al mar,5,grupo,muy bien,,,8.0,2023-08-13,fabuloso
hotel las arenas balneario resort,alemania,habitación doble con vistas al mar,3,familia,"alles super, hotel genau wie beschrieben, top lage",,,9.0,2023-08-04,fabuloso
hotel las arenas balneario resort,alemania,habitación doble estándar,7,pareja,muy bien,,,8.0,2023-08-03,fabuloso
hotel las arenas balneario resort,suiza,habitación doble con vistas a la piscina,3,familia,muy bien,,,8.0,2023-08-03,fabuloso
hotel las arenas balneario resort,eslovenia,habitación doble con vistas a la piscina,7,familia,fantástico,,,9.0,2023-07-31,fabuloso
hotel las arenas balneario resort,lituania,habitación doble con vistas al mar,2,pareja,excepcional,,,10.0,2023-07-28,fabuloso
hotel las arenas balneario resort,austria,habitación doble estándar,4,grupo,muy bien,,,8.0,2023-07-27,fabuloso
hotel las arenas balneario resort,noruega,habitación doble con vistas al mar,9,pareja,fantástico,,,9.0,2023-07-23,fabuloso
hotel las arenas balneario resort,francia,habitación doble con vistas laterales al mar,7,pareja,muy bien,,,8.0,2023-07-18,fabuloso
hotel las arenas balneario resort,austria,habitación individual estándar,3,pareja,muy bien,,,8.0,2023-07-17,fabuloso
hotel las arenas balneario resort,rumanía,habitación individual estándar,2,persona que viaja sola,fantástico,,,9.0,2023-07-17,fabuloso
hotel las arenas balneario resort,eslovenia,habitación triple  2 adultos   1 niño ,7,familia,muy bien,,,8.0,2023-07-15,fabuloso
hotel las arenas balneario resort,alemania,habitación individual estándar,2,persona que viaja sola,fantástico,,,9.0,2023-07-14,fabuloso
hotel las arenas balneario resort,alemania,habitación doble con vistas laterales al mar,4,grupo,fantástico,,,9.0,2023-07-11,fabuloso
hotel las arenas balneario resort,países bajos,habitación doble con vistas laterales al mar,7,familia,muy bien,,,8.0,2023-07-09,fabuloso
hotel las arenas balneario resort,alemania,habitación doble con vistas al mar,2,grupo,fantástico,,,9.0,2023-07-09,fabuloso
hotel las arenas balneario resort,alemania,habitación doble estándar,2,familia,excepcional,,,10.0,2023-07-03,fabuloso
hotel las arenas balneario resort,suiza,habitación individual estándar,3,pareja,fantástico,,,9.0,2023-06-28,fabuloso
hotel las arenas balneario resort,alemania,habitación doble con vistas al mar,5,familia,muy bien,,,8.0,2023-06-28,fabuloso
hotel las arenas balneario resort,alemania,habitación doble con vistas al mar,7,familia,fantástico,,,9.0,2023-06-22,fabuloso
hotel las arenas balneario resort,francia,habitación individual estándar,1,persona que viaja sola,muy bien,,,8.0,2023-06-19,fabuloso
hotel las arenas balneario resort,austria,habitación doble con vistas al mar,3,pareja,fantástico,,,9.0,2023-06-19,fabuloso
hotel las arenas balneario resort,alemania,habitación doble con vistas al mar,2,grupo,muy bien,,,8.0,2023-06-17,fabuloso
hotel las arenas balneario resort,austria,habitación doble con vistas laterales al mar,4,grupo,muy bien,,,8.0,2023-06-16,fabuloso
hotel las arenas balneario resort,austria,habitación doble con vistas a la piscina,6,familia,muy bien,,,8.0,2023-06-16,fabuloso
hotel las arenas balneario resort,alemania,habitación doble con vistas al mar,3,grupo,muy bien,,,8.0,2023-06-11,fabuloso
hotel las arenas balneario resort,italia,habitación doble con vistas al mar,5,pareja,muy bien,,,8.0,2023-06-11,fabuloso
hotel las arenas balneario resort,países bajos,habitación doble con vistas al mar,4,grupo,muy bien,,,8.0,2023-06-07,fabuloso
hotel las arenas balneario resort,suiza,habitación doble con vistas al mar,6,pareja,muy bien,,,8.0,2023-06-07,fabuloso
hotel las arenas balneario resort,suiza,habitación doble con vistas laterales al mar,2,familia,fantástico,,,9.0,2023-06-06,fabuloso
hotel las arenas balneario resort,alemania,habitación doble con vistas al mar,2,pareja,muy bien,,,8.0,2023-06-06,fabuloso
hotel las arenas balneario resort,suecia,habitación individual estándar,5,persona que viaja sola,fantástico,,,9.0,2023-06-04,fabuloso
hotel las arenas balneario resort,alemania,suite junior con vistas al mar,3,grupo,fantástico,,,9.0,2023-06-03,fabuloso
hotel las arenas balneario resort,alemania,habitación doble estándar,4,grupo,muy bien,,,8.0,2023-05-31,fabuloso
hotel las arenas balneario resort,alemania,habitación doble con vistas a la piscina,3,grupo,muy bien,,,8.0,2023-05-30,fabuloso
hotel las arenas balneario resort,noruega,habitación doble con vistas al mar,7,pareja,muy bien,,,8.0,2023-05-26,fabuloso
hotel las arenas balneario resort,dinamarca,habitación doble con vistas al mar,3,pareja,muy bien,,,8.0,2023-05-25,fabuloso
hotel las arenas balneario resort,austria,habitación doble con vistas al mar,4,pareja,muy bien,,,8.0,2023-05-23,fabuloso
hotel las arenas balneario resort,polonia,habitación doble con vistas al mar,1,pareja,muy bien,,,8.0,2023-05-22,fabuloso
hotel las arenas balneario resort,suecia,habitación doble estándar,5,familia,fantástico,,,9.0,2023-05-19,fabuloso
hotel las arenas balneario resort,países bajos,habitación doble con vistas a la piscina,3,familia,muy bien,,,8.0,2023-05-19,fabuloso
hotel las arenas balneario resort,noruega,habitación individual estándar,12,grupo,fantástico,,,9.0,2023-05-17,fabuloso
hotel las arenas balneario resort,alemania,habitación doble estándar,2,grupo,muy bien,,,8.0,2023-05-12,fabuloso
hotel las arenas balneario resort,francia,habitación doble con vistas al mar,3,persona que viaja sola,muy bien,,,8.0,2023-05-07,fabuloso
hotel las arenas balneario resort,hungría,habitación doble estándar,4,pareja,muy bien,,,8.0,2023-05-06,fabuloso
hotel las arenas balneario resort,alemania,habitación individual estándar,1,persona que viaja sola,muy bien,,,8.0,2023-05-05,fabuloso
hotel las arenas balneario resort,alemania,habitación doble estándar,4,familia,fantástico,,,9.0,2023-05-03,fabuloso
hotel las arenas balneario resort,suiza,habitación doble con vistas al mar,2,grupo,fantástico,,,9.0,2023-05-01,fabuloso
hotel las arenas balneario resort,francia,habitación doble con vistas al mar,3,pareja,excepcional,,,10.0,2023-04-30,fabuloso
hotel las arenas balneario resort,alemania,habitación doble con vistas al mar,5,pareja,muy bien,,,8.0,2023-04-28,fabuloso
hotel las arenas balneario resort,países bajos,habitación doble con vistas al mar,3,familia,muy bien,,,8.0,2023-04-27,fabuloso
hotel las arenas balneario resort,polonia,habitación doble estándar,7,pareja,muy bien,,,8.0,2023-04-26,fabuloso
hotel las arenas balneario resort,francia,habitación doble con vistas al mar,7,grupo,muy bien,,,8.0,2023-04-25,fabuloso
hotel las arenas balneario resort,suiza,habitación doble con vistas al mar,4,pareja,muy bien,,,8.0,2023-04-25,fabuloso
hotel las arenas balneario resort,italia,habitación doble con vistas al mar,4,pareja,fantástico,,,9.0,2023-04-23,fabuloso
hotel las arenas balneario resort,bélgica,habitación doble con vistas laterales al mar,7,pareja,muy bien,,,8.0,2023-04-21,fabuloso
hotel las arenas balneario resort,irlanda,habitación doble con vistas al mar,2,pareja,fantástico,,,9.0,2023-04-20,fabuloso
hotel las arenas balneario resort,hungría,habitación doble con vistas laterales al mar,2,pareja,muy bien,,,8.0,2023-04-15,fabuloso
hotel las arenas balneario resort,alemania,habitación doble con vistas laterales al mar,5,grupo,fantástico,,,9.0,2025-10-31,fabuloso
hotel las arenas balneario resort,alemania,habitación doble con vistas laterales al mar,3,grupo,muy bien,,,8.0,2025-08-23,fabuloso
hotel las arenas balneario resort,alemania,habitación individual estándar,1,persona que viaja sola,muy bien,,,8.0,2025-07-30,fabuloso
hotel las arenas balneario resort,suiza,habitación doble estándar,4,grupo,muy bien,,,8.0,2024-12-02,fabuloso
hotel las arenas balneario resort,francia,habitación individual estándar,3,persona que viaja sola,muy bien,,,8.0,2024-10-06,fabuloso
hotel las arenas balneario resort,alemania,habitación doble con vistas laterales al mar,3,grupo,fantástico,,,9.0,2024-09-23,fabuloso
hotel las arenas balneario resort,italia,habitación doble con vistas al mar,4,pareja,muy bien,,,8.0,2024-05-22,fabuloso
hotel las arenas balneario resort,alemania,habitación individual estándar,2,grupo,fantástico,,,9.0,2024-04-22,fabuloso
hotel las arenas balneario resort,alemania,habitación doble con vistas al mar,5,pareja,fantástico,,,9.0,2024-04-07,fabuloso
hotel las arenas balneario resort,alemania,habitación doble estándar,3,pareja,fantástico,,,9.0,2023-11-26,fabuloso
hotel las arenas balneario resort,suiza,habitación doble con vistas a la piscina,8,familia,muy bien,,,8.0,2023-10-16,fabuloso
hotel las arenas balneario resort,francia,habitación doble con vistas al mar,7,pareja,muy bien,,,8.0,2023-07-25,fabuloso
hotel las arenas balneario resort,italia,habitación doble estándar,4,pareja,muy bien,,,8.0,2023-07-08,fabuloso
hotel las arenas balneario resort,austria,habitación doble con vistas al mar  2 adultos   1 niño ,1,familia,muy bien,,,8.0,2023-05-22,fabuloso
hotel las arenas balneario resort,alemania,habitación doble con vistas al mar,4,grupo,muy bien,,,8.0,2023-05-15,fabuloso
hotel las arenas balneario resort,países bajos,habitación doble con vistas al mar,3,pareja,muy bien,,,8.0,2023-04-17,fabuloso
hotel las arenas balneario resort,países bajos,habitación doble con vistas al mar,5,familia,fantástico,,,9.0,2025-12-17,fabuloso
hotel las arenas balneario resort,francia,habitación individual estándar,2,persona que viaja sola,excepcional,,,10.0,2025-09-06,fabuloso
hotel las arenas balneario resort,polonia,habitación doble con vistas al mar,5,pareja,excepcional,,,10.0,2025-06-29,fabuloso
hotel las arenas balneario resort,república checa,habitación doble con vistas al mar,4,pareja,fantástico,,,9.0,2025-06-13,fabuloso
hotel las arenas balneario resort,suiza,habitación doble estándar,1,pareja,fantástico,,,9.0,2025-06-01,fabuloso
hotel las arenas balneario resort,austria,habitación doble estándar,1,grupo,muy bien,,,8.0,2024-10-28,fabuloso
hotel las arenas balneario resort,bulgaria,habitación doble con vistas al mar,9,familia,fantástico,,,9.0,2024-06-17,fabuloso
hotel las arenas balneario resort,italia,habitación doble con vistas al mar,1,persona que viaja sola,fantástico,,,9.0,2024-04-26,fabuloso
hotel las arenas balneario resort,alemania,habitación doble con vistas al mar,4,grupo,fantástico,,,9.0,2024-04-06,fabuloso
hotel las arenas balneario resort,alemania,habitación individual estándar,5,persona que viaja sola,fantástico,,,9.0,2023-09-03,fabuloso
hotel las arenas balneario resort,suecia,habitación doble con vistas al mar,7,pareja,bien,,,7.0,2025-12-04,fabuloso
hotel las arenas balneario resort,alemania,habitación doble con vistas a la piscina,5,pareja,bien,,,7.0,2025-11-29,fabuloso
hotel las arenas balneario resort,suiza,habitación doble con vistas laterales al mar,5,familia,bien,,,7.0,2025-09-26,fabuloso
hotel las arenas balneario resort,alemania,habitación individual estándar,1,persona que viaja sola,bien,,,7.0,2024-11-05,fabuloso
hotel las arenas balneario resort,república checa,habitación individual estándar,3,persona que viaja sola,bien,,,7.0,2024-10-18,fabuloso
hotel las arenas balneario resort,alemania,suite junior con vistas al mar,5,familia,bien,,,7.0,2024-09-24,fabuloso
hotel las arenas balneario resort,españa,habitación individual estándar,1,persona que viaja sola,bien,,,7.0,2024-05-24,fabuloso
hotel las arenas balneario resort,alemania,habitación individual estándar,4,persona que viaja sola,bien,,,7.0,2024-05-09,fabuloso
hotel las arenas balneario resort,suecia,habitación individual estándar,5,persona que viaja sola,bien,,,7.0,2024-04-04,fabuloso
hotel las arenas balneario resort,italia,habitación doble estándar,1,pareja,bien,,,7.0,2023-10-10,fabuloso
hotel las arenas balneario resort,suecia,habitación doble con vistas al mar,7,pareja,bien,,,7.0,2023-09-26,fabuloso
hotel las arenas balneario resort,suecia,habitación doble con vistas al mar,6,grupo,agradable,,,6.0,2023-09-09,fabuloso
hotel las arenas balneario resort,suiza,habitación doble con vistas al mar,8,grupo,bien,,,7.0,2023-09-09,fabuloso
hotel las arenas balneario resort,dinamarca,habitación doble con vistas al mar,7,pareja,bien,,,7.0,2023-09-05,fabuloso
hotel las arenas balneario resort,suiza,habitación doble con vistas al mar,2,familia,bien,,,7.0,2023-07-17,fabuloso
hotel las arenas balneario resort,austria,habitación doble con vistas al mar,3,familia,bien,,,7.0,2023-07-15,fabuloso
hotel las arenas balneario resort,alemania,habitación doble con vistas al mar,5,grupo,bien,,,7.0,2023-05-16,fabuloso
hotel las arenas balneario resort,alemania,habitación individual estándar,4,persona que viaja sola,bien,,,7.0,2026-04-09,fabuloso
hotel las arenas balneario resort,austria,habitación individual estándar,3,persona que viaja sola,bien,,,7.0,2026-04-02,fabuloso
hotel las arenas balneario resort,francia,habitación doble con vistas laterales al mar,3,persona que viaja sola,bien,,,7.0,2026-03-26,fabuloso
hotel las arenas balneario resort,alemania,habitación doble con vistas a la piscina,1,familia,bien,,,7.0,2025-12-11,fabuloso
hotel las arenas balneario resort,alemania,habitación individual estándar,2,grupo,agradable,,,6.0,2025-11-02,fabuloso
hotel las arenas balneario resort,alemania,habitación individual estándar,1,persona que viaja sola,bien,,,7.0,2025-10-06,fabuloso
hotel las arenas balneario resort,finlandia,habitación individual estándar,1,familia,bien,,,7.0,2025-09-26,fabuloso
hotel las arenas balneario resort,alemania,habitación doble con vistas a la piscina,3,grupo,bien,,,7.0,2025-09-14,fabuloso
hotel las arenas balneario resort,alemania,habitación doble con vistas al mar,5,grupo,bien,,,7.0,2025-08-31,fabuloso
hotel las arenas balneario resort,noruega,habitación doble con vistas al mar,3,familia,decepcionante,,,4.0,2025-08-03,fabuloso
hotel las arenas balneario resort,francia,habitación individual estándar,2,persona que viaja sola,bien,,,7.0,2025-06-16,fabuloso
hotel las arenas balneario resort,alemania,habitación doble con vistas a la piscina,1,grupo,bien,,,7.0,2025-06-10,fabuloso
hotel las arenas balneario resort,suiza,habitación doble con vistas al mar,2,pareja,bien,,,7.0,2025-06-09,fabuloso
hotel las arenas balneario resort,alemania,habitación doble con vistas laterales al mar,3,pareja,bien,,,7.0,2025-05-21,fabuloso
hotel las arenas balneario resort,suecia,suite junior con vistas al mar,1,pareja,bien,,,7.0,2025-05-11,fabuloso
hotel las arenas balneario resort,noruega,habitación individual estándar,4,persona que viaja sola,agradable,,,6.0,2025-04-30,fabuloso
hotel las arenas balneario resort,hungría,habitación doble con vistas al mar,4,familia,agradable,,,6.0,2025-04-22,fabuloso
hotel las arenas balneario resort,suecia,habitación doble con vistas al mar,4,familia,bien,,,7.0,2025-04-07,fabuloso
hotel las arenas balneario resort,francia,habitación doble con vistas a la piscina,4,pareja,bien,,,7.0,2025-04-06,fabuloso
hotel las arenas balneario resort,austria,habitación doble con vistas a la piscina,4,grupo,bien,,,7.0,2025-04-06,fabuloso
hotel las arenas balneario resort,alemania,habitación doble con vistas al mar,2,grupo,bien,,,7.0,2025-04-06,fabuloso
hotel las arenas balneario resort,italia,habitación individual estándar,1,persona que viaja sola,bien,,,7.0,2025-04-05,fabuloso
hotel las arenas balneario resort,austria,habitación doble con vistas a la piscina,5,pareja,bien,,,7.0,2025-04-04,fabuloso
hotel las arenas balneario resort,ucrania,habitación doble con vistas a la piscina,1,pareja,aceptable,,,5.0,2025-04-03,fabuloso
hotel las arenas balneario resort,alemania,habitación doble estándar,1,familia,bien,,,7.0,2024-12-21,fabuloso
hotel las arenas balneario resort,alemania,habitación doble con vistas al mar,5,pareja,pésimo,,,1.0,2024-11-03,fabuloso
hotel las arenas balneario resort,alemania,habitación doble con vistas al mar,3,pareja,bien,,,7.0,2024-09-30,fabuloso
hotel las arenas balneario resort,alemania,habitación doble con vistas al mar,1,familia,agradable,,,6.0,2024-09-28,fabuloso
hotel las arenas balneario resort,alemania,habitación doble con vistas a la piscina,4,familia,agradable,,,6.0,2024-09-19,fabuloso
hotel las arenas balneario resort,alemania,habitación doble con vistas al mar,3,persona que viaja sola,bien,,,7.0,2024-08-28,fabuloso
hotel las arenas balneario resort,alemania,habitación doble con vistas al mar,4,grupo,bien,,,7.0,2024-08-28,fabuloso
hotel las arenas balneario resort,francia,habitación doble con vistas al mar,4,pareja,agradable,,,6.0,2024-08-02,fabuloso
hotel las arenas balneario resort,alemania,habitación individual estándar,1,persona que viaja sola,agradable,,,6.0,2024-07-09,fabuloso
hotel las arenas balneario resort,alemania,habitación doble con vistas al mar,4,grupo,bien,,,7.0,2024-07-07,fabuloso
hotel las arenas balneario resort,alemania,habitación doble con vistas al mar,1,familia,bien,,,7.0,2024-06-22,fabuloso
hotel las arenas balneario resort,francia,habitación individual estándar,4,persona que viaja sola,agradable,,,6.0,2024-06-18,fabuloso
hotel las arenas balneario resort,italia,habitación doble con vistas al mar,6,pareja,bien,,,7.0,2024-06-09,fabuloso
hotel las arenas balneario resort,alemania,habitación doble con vistas al mar,3,familia,aceptable,,,5.0,2024-05-31,fabuloso
hotel las arenas balneario resort,italia,habitación doble estándar,2,pareja,bien,,,7.0,2024-05-20,fabuloso
hotel las arenas balneario resort,alemania,habitación individual estándar,7,persona que viaja sola,bien,,,7.0,2024-04-25,fabuloso
hotel las arenas balneario resort,suecia,habitación individual estándar,1,persona que viaja sola,aceptable,,,5.0,2024-04-22,fabuloso
hotel las arenas balneario resort,alemania,habitación doble estándar,1,familia,agradable,,,6.0,2024-04-10,fabuloso
hotel las arenas balneario resort,japón,habitación doble con vistas laterales al mar,14,persona que viaja sola,agradable,,,6.0,2024-04-07,fabuloso
hotel las arenas balneario resort,alemania,habitación doble con vistas al mar,5,familia,bien,,,7.0,2024-04-05,fabuloso
hotel las arenas balneario resort,alemania,habitación doble con vistas al mar,3,familia,bien,,,7.0,2024-04-02,fabuloso
hotel las arenas balneario resort,alemania,habitación doble con vistas al mar,2,familia,bien,,,7.0,2024-04-02,fabuloso
hotel las arenas balneario resort,francia,habitación doble estándar,1,familia,agradable,,,6.0,2024-03-18,fabuloso
hotel las arenas balneario resort,rumanía,suite junior con vistas al mar,3,familia,decepcionante,,,4.0,2024-01-05,fabuloso
hotel las arenas balneario resort,suiza,habitación doble con vistas a la piscina,4,pareja,agradable,,,6.0,2023-10-26,fabuloso
hotel las arenas balneario resort,croacia,habitación doble con vistas laterales al mar,1,familia,bien,,,7.0,2023-10-23,fabuloso
hotel las arenas balneario resort,polonia,habitación doble con vistas al mar,1,pareja,agradable,,,6.0,2023-10-18,fabuloso
hotel las arenas balneario resort,hungría,habitación doble estándar,3,pareja,rövid tartózkodásra megfelel - 4  kicsit túlzás,,,6.0,2023-10-10,fabuloso
hotel las arenas balneario resort,alemania,habitación individual estándar,4,pareja,bien,,,7.0,2023-09-28,fabuloso
hotel las arenas balneario resort,alemania,habitación individual estándar,3,grupo,bien,,,7.0,2023-09-24,fabuloso
hotel las arenas balneario resort,alemania,habitación individual estándar,8,persona que viaja sola,bien,,,7.0,2023-09-05,fabuloso
hotel las arenas balneario resort,hungría,habitación doble con vistas al mar,6,pareja,bien,,,7.0,2023-08-28,fabuloso
hotel las arenas balneario resort,luxemburgo,habitación individual estándar,2,persona que viaja sola,agradable,,,6.0,2023-08-28,fabuloso
hotel las arenas balneario resort,alemania,habitación doble estándar,7,pareja,bien,,,7.0,2023-08-22,fabuloso
hotel las arenas balneario resort,alemania,habitación doble con vistas al mar  2 adultos   1 niño ,9,familia,bien,,,7.0,2023-08-16,fabuloso
hotel las arenas balneario resort,españa,habitación doble con vistas a la piscina,2,pareja,decepcionante,,,4.0,2023-08-15,fabuloso
hotel las arenas balneario resort,italia,habitación doble con vistas al mar,3,pareja,bien,,,7.0,2023-08-03,fabuloso
hotel las arenas balneario resort,bélgica,habitación triple  2 adultos   1 niño ,6,familia,bien,,,7.0,2023-07-27,fabuloso
hotel las arenas balneario resort,república checa,habitación doble con vistas al mar,5,grupo,bien,,,7.0,2023-07-14,fabuloso
hotel las arenas balneario resort,portugal,habitación doble con vistas al mar,5,pareja,bien,,,7.0,2023-06-28,fabuloso
hotel las arenas balneario resort,dinamarca,habitación doble estándar,2,familia,bien,,,7.0,2023-06-17,fabuloso
hotel las arenas balneario resort,dinamarca,habitación doble con vistas al mar,6,pareja,aceptable,,,5.0,2023-06-11,fabuloso
hotel las arenas balneario resort,alemania,habitación doble con vistas al mar,1,pareja,bien,,,7.0,2023-06-09,fabuloso
hotel las arenas balneario resort,suecia,habitación doble con vistas al mar,3,familia,bien,,,7.0,2023-05-24,fabuloso
hotel las arenas balneario resort,austria,habitación doble estándar,7,pareja,bien,,,7.0,2023-05-23,fabuloso
hotel las arenas balneario resort,francia,habitación doble estándar,1,pareja,bien,,,7.0,2023-05-22,fabuloso
hotel las arenas balneario resort,alemania,habitación doble con vistas al mar,3,familia,aceptable,,,5.0,2023-05-14,fabuloso
hotel las arenas balneario resort,suiza,habitación doble con vistas al mar,2,persona que viaja sola,agradable,,,6.0,2023-05-14,fabuloso
hotel las arenas balneario resort,república checa,habitación doble con vistas al mar,3,pareja,aceptable,,,5.0,2023-05-06,fabuloso
hotel las arenas balneario resort,alemania,suite junior con vistas al mar,2,familia,bien,,,7.0,2023-05-06,fabuloso
hotel las arenas balneario resort,alemania,suite junior con vistas al mar,3,pareja,mal,,,3.0,2023-05-06,fabuloso
hotel las arenas balneario resort,irlanda,habitación individual estándar,4,grupo,bien,,,7.0,2023-05-02,fabuloso
hotel las arenas balneario resort,francia,suite junior con vistas al mar,1,grupo,agradable,,,6.0,2023-04-16,fabuloso
hotel las arenas balneario resort,islandia,suite junior con vistas al mar,3,familia,mal,,,3.0,2026-04-10,fabuloso
hotel las arenas balneario resort,luxemburgo,habitación doble estándar,1,pareja,agradable,,,6.0,2025-11-02,fabuloso
hotel las arenas balneario resort,francia,habitación doble con vistas laterales al mar,3,familia,agradable,,,6.0,2025-10-16,fabuloso
hotel las arenas balneario resort,alemania,habitación doble con vistas laterales al mar,1,pareja,pésimo,,,1.0,2025-09-25,fabuloso
hotel las arenas balneario resort,hungría,suite junior con vistas al mar,5,familia,agradable,,,6.0,2025-06-27,fabuloso
hotel las arenas balneario resort,alemania,habitación doble con vistas laterales al mar,2,persona que viaja sola,agradable,,,6.0,2025-06-08,fabuloso
hotel las arenas balneario resort,alemania,habitación doble con vistas al mar,2,pareja,bien,,,7.0,2025-05-28,fabuloso
hotel las arenas balneario resort,bélgica,habitación doble con vistas laterales al mar,1,familia,agradable,,,6.0,2025-05-05,fabuloso
hotel las arenas balneario resort,bélgica,habitación doble con vistas al mar,2,familia,pésimo,,,1.0,2024-10-12,fabuloso
hotel las arenas balneario resort,alemania,habitación individual estándar,1,persona que viaja sola,bien,,,7.0,2024-10-07,fabuloso
hotel las arenas balneario resort,alemania,habitación doble con vistas al mar,2,familia,aceptable,,,5.0,2024-10-02,fabuloso
hotel las arenas balneario resort,suecia,habitación doble con vistas laterales al mar,7,pareja,bien,,,7.0,2024-08-03,fabuloso
hotel las arenas balneario resort,alemania,suite junior con vistas al mar,1,familia,bien,,,7.0,2024-08-03,fabuloso
hotel las arenas balneario resort,francia,habitación doble estándar,1,pareja,muy mal,,,2.0,2024-08-03,fabuloso
hotel las arenas balneario resort,alemania,habitación doble con vistas al mar,2,persona que viaja sola,aceptable,,,5.0,2024-06-08,fabuloso
hotel las arenas balneario resort,suecia,habitación individual estándar,3,familia,bien,,,7.0,2024-04-07,fabuloso
hotel las arenas balneario resort,alemania,habitación doble con vistas al mar,3,familia,bien,,,7.0,2023-10-24,fabuloso
hotel las arenas balneario resort,suiza,habitación individual estándar,1,persona que viaja sola,mal,,,3.0,2023-10-16,fabuloso
hotel las arenas balneario resort,alemania,habitación doble con vistas al mar,2,familia,aceptable,,,5.0,2023-10-11,fabuloso
hotel las arenas balneario resort,alemania,habitación individual estándar,5,persona que viaja sola,aceptable,,,5.0,2023-09-27,fabuloso
hotel las arenas balneario resort,francia,habitación doble con vistas al mar,4,familia,bien,,,7.0,2023-08-30,fabuloso
hotel las arenas balneario resort,italia,habitación doble con vistas al mar,12,familia,aceptable,,,5.0,2023-08-20,fabuloso
hotel las arenas balneario resort,españa,habitación doble con vistas al mar,1,familia,aceptable,,,5.0,2023-08-14,fabuloso
hotel las arenas balneario resort,países bajos,habitación doble estándar,1,pareja,bien,,,7.0,2023-07-21,fabuloso
hotel las arenas balneario resort,turquía,habitación doble con vistas al mar  2 adultos   1 niño ,5,familia,mal,,,3.0,2023-04-16,fabuloso
hotel las arenas balneario resort,suecia,suite junior con vistas al mar,2,familia,pésimo,,,1.0,2025-06-14,fabuloso
hotel las arenas balneario resort,alemania,habitación doble estándar,7,pareja,agradable,,,6.0,2024-08-18,fabuloso
hotel las arenas balneario resort,alemania,habitación doble con vistas al mar,2,familia,bien,,,7.0,2024-06-18,fabuloso
hotel las arenas balneario resort,hungría,habitación doble con vistas al mar,7,grupo,bien,,,7.0,2023-07-17,fabuloso
hotel las arenas balneario resort,españa,habitación doble estándar,1,familia,bien,,,7.0,2024-11-03,fabuloso
hotel las arenas balneario resort,hungría,habitación doble con vistas al mar,6,pareja,bien,,,7.0,2024-10-08,fabuloso
hotel las arenas balneario resort,alemania,habitación individual estándar,1,persona que viaja sola,aceptable,,,5.0,2024-07-07,fabuloso
hotel las arenas balneario resort,italia,habitación individual estándar,4,persona que viaja sola,bien,,,7.0,2023-09-30,fabuloso
hotel las arenas balneario resort,francia,habitación doble con vistas laterales al mar,4,pareja,muy bien,,,8.0,2023-10-23,fabuloso
hotel las arenas balneario resort,alemania,habitación individual estándar,3,persona que viaja sola,fantástico,,,9.0,2023-10-17,fabuloso
hotel las arenas balneario resort,alemania,habitación doble con vistas a la piscina,9,familia,muy bien,,,8.0,2023-08-31,fabuloso
hotel las arenas balneario resort,países bajos,habitación doble con vistas laterales al mar,5,pareja,excepcional,,,10.0,2023-08-07,fabuloso
hotel las arenas balneario resort,francia,habitación doble estándar,7,pareja,tout était super,,,10.0,2023-08-06,fabuloso
hotel las arenas balneario resort,república checa,habitación doble con vistas laterales al mar  2 adultos   1 niño ,5,familia,excepcional,,,10.0,2023-08-01,fabuloso
hotel las arenas balneario resort,francia,habitación doble con vistas laterales al mar,7,pareja,muy bien,,,8.0,2023-07-24,fabuloso
hotel las arenas balneario resort,alemania,habitación doble con vistas laterales al mar,3,grupo,fantástico,,,9.0,2023-06-26,fabuloso
hotel las arenas balneario resort,alemania,habitación doble estándar,4,grupo,muy bien,,,8.0,2023-06-25,fabuloso
hotel las arenas balneario resort,alemania,habitación doble con vistas al mar,5,pareja,excepcional,,,10.0,2023-06-17,fabuloso
hotel las arenas balneario resort,alemania,habitación doble con vistas al mar  2 adultos   1 niño ,4,familia,muy bien,,,8.0,2023-05-25,fabuloso
hotel las arenas balneario resort,alemania,habitación individual estándar,2,persona que viaja sola,muy bien,,,8.0,2023-05-17,fabuloso
hotel las arenas balneario resort,suiza,habitación doble con vistas al mar,6,grupo,muy bien,,,8.0,2023-08-06,fabuloso
hotel las arenas balneario resort,rumanía,habitación doble con vistas laterales al mar,7,familia,fantástico,,,9.0,2023-07-26,fabuloso
hotel las arenas balneario resort,italia,suite junior con vistas al mar,5,pareja,bien,,,7.0,2023-08-17,fabuloso
