nombre_del_hotel,nacionalidad,detalles_hab,noches,personas,comentario_general,positivo,negativo,nota,fecha,comentario_media_hotel
meliá valencia,españa,habitación meliá con 1 cama extragrande,1,pareja,excelente,"todo la habitación súper amplia, la cama extra grande y colchón y almohadas muy cómodas. el desayuno buffet excelente! todo muy bien cara feliz con ojos sonrientes",,10.0,2026-04-15,fabuloso
meliá valencia,españa,habitación supreme,1,persona que viaja sola,mi referente para alojarme en valencia,"ya lo conocía de anteriores estancias. me encantan las plantas en altura, la tranquilidad, la comodidad de las camas, el desayuno y que tienen párking con puntos de recarga de vehículos eléctricos.",,9.0,2026-04-11,fabuloso
meliá valencia,españa,alojamiento the level supreme,3,familia,solo perfecto!,"habitacion a la planta 24  high level  - a este nivel hay atencion personalizada, tanto en recepcion  recepcion aparte  como en la zona restaurante  desayuno comidas . subimos con un ascensor con vista al exterior - nuestra hija 4 años  se quedo impresionada ya que vivimos en una casa y el ascensor no es habitual para nosotros-",,10.0,2026-04-07,fabuloso
meliá valencia,españa,habitación meliá con 1 cama extragrande,3,pareja,volvería,todo nuevo y materiales de calidad,precio del desayuno,9.0,2026-03-24,fabuloso
meliá valencia,españa,habitación meliá,1,familia,muy bien,"las vistas, estabais en un 9",la distancia del centro,8.0,2026-03-23,fabuloso
meliá valencia,españa,habitación meliá con 1 cama extragrande,2,pareja,bastante aceptable,cama amplia y muy cómoda,"está bastante alejado, pero ya se sabía.",9.0,2026-03-19,fabuloso
meliá valencia,españa,habitación meliá,1,persona que viaja sola,excepcional,era preciosa la habitacion y el hotel,,10.0,2026-03-16,fabuloso
meliá valencia,españa,alojamiento the level supreme,3,persona que viaja sola,"acogedor, agradable, relajado.","me gustó todo en general, sobretodo la amabilidad del personal.",no tengo ninguna queja.,10.0,2026-02-20,fabuloso
meliá valencia,españa,suite junior supreme the level,3,pareja,excepcional,"fenomenal todo, ningún pero. mos quedamos en the level. atencion increíble, la habitación espectacular. planta 28. vistas increíbles. la cama muy cómoda, el baño muy grande. dispone también de aseo.",todo muy bien.,10.0,2026-02-18,fabuloso
meliá valencia,españa,habitación meliá con vistas - 1 cama extragrande,2,pareja,genial,"todo genial, muy limpio, desayuno increíble y personal muy amable",,10.0,2026-02-18,fabuloso
meliá valencia,españa,habitación meliá,2,familia,muy buen hotel,instalaciones y desayuno,precio pk,10.0,2026-02-17,fabuloso
meliá valencia,españa,habitación meliá con 1 cama extragrande,1,pareja,recomendable a todo el mundo.,"las instalaciones del hotel, las zonas comunes y la calidad de la habitación.",el precio.,10.0,2026-02-17,fabuloso
meliá valencia,españa,alojamiento the level supreme,1,familia,excepcional,"excelente atención, habitación y servicios the level son espectaculares. desayuno genial y el bar también muy bien.",,10.0,2026-02-16,fabuloso
meliá valencia,españa,habitación meliá,1,pareja,maravillosa y muy confortable,"desayuno muy variado, y un horario amplio","no sabría decir, no tengo pegas",9.0,2026-02-16,fabuloso
meliá valencia,españa,habitación meliá,1,persona que viaja sola,muy buen hotel,muy buen hotel,el precio de los hoteles en valencia se ha disparado,9.0,2026-02-15,fabuloso
meliá valencia,españa,suite junior,1,pareja,relajante,la habitación era perfecta,que no tenía balcón,10.0,2026-02-14,fabuloso
meliá valencia,españa,habitación meliá con 1 cama extragrande,1,pareja,excepcional,todo,,10.0,2026-02-14,fabuloso
meliá valencia,españa,habitación meliá,1,pareja,hotel con excelentes prestaciones,"el personal atento y muy eficiente. las camas, mobiliarios, almohadas. parking cómodo","el baño se notaba la falta de mantenimiento, no son habitaciones insonorizadas, aunque tampoco molestaba mucho.",8.0,2026-02-14,fabuloso
meliá valencia,españa,habitación meliá con 1 cama extragrande,1,pareja,excepcional,llevo muchos años alojándome en este hotel desde sus principios hilton es todo muy confortable y comodo,el room service ha bajado un poco el sandwich club muy muy flojo,10.0,2026-02-10,fabuloso
meliá valencia,españa,habitación meliá,2,pareja,fin de semana en valencia.,"amplitud de la habitación y baño. el spa, muy completo y a buen precio para los clientes del hotel, aunque lo gestione una empresa ajena. el desayuno es muy variado. un hotel con muy buenos servicios y estancias, como por ejemplo la coctelería varsovia, perfecta para tomar un cóctel sin salir del hotel.","un meliá de cuatro estrellas debe aportar accesorios de baño como gorro de ducha, por ejemplo. no hay enchufes en el baño. y un detalle que resulta extraño en un hotel de esta categoría: que aunque dejes la toalla para cambiar...no lo hagan y la vuelvan a colocar para su uso.",9.0,2026-02-09,fabuloso
meliá valencia,españa,habitación meliá,1,familia,excepcional,la estancia fue cortita por qué íbamos a un concierto pero la calidad del desayuno fue exquisita y el trato del personal en todo momento.,nada cara con mano sobre la boca,10.0,2026-02-08,fabuloso
meliá valencia,españa,habitación meliá,2,persona que viaja sola,muy bien,espacioso y personal muy atento,el buffet se podría mejorar,8.0,2026-02-02,fabuloso
meliá valencia,españa,habitación meliá,1,pareja,bien,todo me ha gustado,todo me ha gustado,9.0,2026-02-01,fabuloso
meliá valencia,españa,habitación meliá,2,persona que viaja sola,un hotel para repetir,todo excelente como siempre,todo me gustó,10.0,2026-02-01,fabuloso
meliá valencia,españa,habitación meliá,2,grupo,un hotel de lujo,todo me encantó,,10.0,2026-02-01,fabuloso
meliá valencia,españa,habitación meliá,2,familia,bien pero puede estar mejor ya que es un hotel 5 estrellas,la cama y las almohadas,"no tiene para conectar la plancha de cabello en el baño además que hay un tema con la presión de agua de la ducha que el agua sale caliente y fría sin que toques la llave del agua, esta es la segunda vez que me pasa lo mismo...",9.0,2026-01-18,fabuloso
meliá valencia,españa,habitación meliá,1,pareja,cómoda,comodidad e iluminación,hubo una toalla sucia,9.0,2026-01-16,fabuloso
meliá valencia,españa,habitación meliá,4,pareja,excepcional,limpio organizado buena atención la habitación super amplia y completa,,10.0,2026-01-13,fabuloso
meliá valencia,españa,habitación meliá,3,pareja,buena estancia,"un clásico de valencia con años, pero la verdad que muy amplio y confortable.",el trato del personal de recepción,8.0,2026-01-12,fabuloso
meliá valencia,españa,habitación meliá con 1 cama extragrande,1,persona que viaja sola,buenas habitaciones,muy buenas habitaciones,nada,8.0,2026-01-10,fabuloso
meliá valencia,españa,alojamiento the level supreme,1,pareja,fantástico,,el servicio de apertura de cama no revisó los nombres de las personas que estaban y nos dejó un amenite de higiene femenina,9.0,2026-01-07,fabuloso
meliá valencia,españa,habitación meliá,1,familia,excepcional,el living,,10.0,2026-01-01,fabuloso
meliá valencia,españa,habitación meliá con 1 cama extragrande,1,familia,genial para viaje de negocios,todo,nada,10.0,2026-01-01,fabuloso
meliá valencia,españa,habitación meliá con 1 cama extragrande,3,familia,excelente,habitacion amplia y desayuno,,10.0,2025-12-29,fabuloso
meliá valencia,españa,habitación meliá con 1 cama extragrande,2,grupo,fantástico,es un bonito hotel,"no limpian bien, había polvo; tampoco cambian las toallas; no limpiaron la taza que usé para el té",9.0,2025-12-28,fabuloso
meliá valencia,españa,habitación meliá,1,familia,muy bien,desayuno y diseño de la habitación,el spa no está incluido en el precio de la habitacion,8.0,2025-12-28,fabuloso
meliá valencia,españa,habitación meliá con 1 cama extragrande,1,familia,buena opción,"desayuno increíble y muy variado. personal amable. habitación espaciosa, limpia y cama cómoda. buena experiencia en general.",,9.0,2025-12-27,fabuloso
meliá valencia,españa,alojamiento the level supreme,3,persona que viaja sola,expectacular.,"el desayuno muy buenos y con gran variedad de comida. el servicio y atención al cliente, muy atentos y amables. habitaciones insonorizadas, las camas muy cómodas.","no tengo ninguna queja. toda la estancia más que bien, súper bien.",10.0,2025-12-22,fabuloso
meliá valencia,españa,habitación supreme,1,familia,fantástico,"el hotel es nuevo , súper cómodo, habitaciones amplias y muy bien decoradas.",,9.0,2025-12-15,fabuloso
meliá valencia,españa,habitación meliá con 1 cama extragrande,1,persona que viaja sola,excepcional,todo es impresionante,,10.0,2025-12-14,fabuloso
meliá valencia,españa,habitación meliá con 1 cama extragrande,1,familia,fantástico,"es un muy buen hotel. me alojé en el piso 14 y las vistas eran geniales. la cama, muy cómoda. el desayuno, excelente y variado. párking con puntos de recarga de vehículo eléctrico. habitación amplia. ascensores rápidos.","no se le puede sacar pegas, la verdad.",9.0,2025-12-13,fabuloso
meliá valencia,españa,habitación meliá con 1 cama extragrande,1,pareja,hotel con calidad y habitaciones amplias,la calidad de la habitación,el excesivo precio del parking aparcamiento .,9.0,2025-12-12,fabuloso
meliá valencia,españa,habitación meliá,1,familia,fin de semana en valencia!!,"la cordialidad del personal, la calidad de la comida, las habitaciones cómodas y grandes. tiene un bar genial",está un poco alejado del centro de la ciudad pero súper práctico para otras cuestiones,10.0,2025-12-09,fabuloso
meliá valencia,españa,habitación meliá con 1 cama extragrande,2,persona que viaja sola,magnífica estancia pero darle una vuelta a poder ir con niños de 12 años en adelante al spa,"la habitación, el desayuno y la atención del personal",no poder ir al spa xq mi hijo no tiene 16 años,9.0,2025-12-08,fabuloso
meliá valencia,españa,habitación meliá,2,pareja,fantástico,,no me dejaron anular la reserva sin cargo.,9.0,2025-12-04,fabuloso
meliá valencia,españa,habitación supreme,1,grupo,viaje de trabajo a valencia,"en la entrada de la ciudad, hotel que da gusto estar. muy buen desayuno habitación muy cómoda, limpia y bien pensada.",ninguna objeción,10.0,2025-12-03,fabuloso
meliá valencia,españa,habitación meliá,2,pareja,excelente,"fuimos para celebrar un aniversario, y estuvieron en cada detalle para que todo fuera excelente.",,10.0,2025-12-03,fabuloso
meliá valencia,españa,habitación meliá,1,pareja,excepcional,el gimnasio equipado excepcional mas el spa un gran gran plus!,,10.0,2025-12-03,fabuloso
meliá valencia,españa,habitación meliá con 1 cama extragrande,1,pareja,bien,la habitación y el spa acorde a las estrellas del hotel. aunque la decoración de las habitaciones esta un poco obsoleta.,en el desayuno pedimos la opción sin gluten para una persona celiaca y nos ofrecieron algo de pan y bollería. tardaron 20 minutos en traer dos tostadas de pan de molde y dos paquetes de schar de bollería industrial.,8.0,2025-12-03,fabuloso
meliá valencia,españa,alojamiento the level supreme,2,persona que viaja sola,cerca del palacio de congresos,"buen lugar para ir por la zona del palacio de congresos, rapidez en la recepción y adecuación a las necesidades. plazas de parking amplias y numerosas.","no poder disfrutar de los servicios que ofrece, que son numerosas, no por culpa de ellos, sino mía por los horarios de reuniones.",9.0,2025-11-28,fabuloso
meliá valencia,españa,alojamiento the level supreme,3,persona que viaja sola,fantástico,,el buffet edad un poco escaso de variedad,9.0,2025-11-26,fabuloso
meliá valencia,españa,habitación meliá,1,persona que viaja sola,volveré,la habitación espectacular y el personal muy amable,,10.0,2025-11-24,fabuloso
meliá valencia,españa,habitación meliá con 1 cama extragrande,2,grupo,muy bien,estaba súper bien equipa la habitación !!!,el desayuno bufet es mega caro y no tiene nada especial excepto la fruta que era muy muy buena,8.0,2025-11-24,fabuloso
meliá valencia,españa,habitación meliá con vistas - 2 camas individuales,2,persona que viaja sola,una estancia inolvidable,el hotel completamente y el desayuno muy surtido y bueno,todo me gustó,10.0,2025-11-23,fabuloso
meliá valencia,españa,habitación meliá con 1 cama extragrande,1,pareja,fantástico,el gimnasio súper amplio y completo,,9.0,2025-11-23,fabuloso
meliá valencia,españa,habitación meliá con vistas - 1 cama extragrande,1,pareja,muy bien,habitación amplia y cómoda. ubicación cerca recinto ferial,te hacen hacer el check-in online para no esperar colas y luego resulta que para recoger las llaves tienes que hacer la cola del check-in. tienen un servicio de carga para coches eléctricos que cuesta más caro que la gasolina.,8.0,2025-11-16,fabuloso
meliá valencia,españa,habitación meliá,2,familia,tremendo hotel de cache,esta localizado en un sitio de bares y cerca de transportacion publica para llegar al centro. hay estacionamientos gratis de mas en los alrededores. siempre nos sentimos seguro dentro y fuera del hotel.,,10.0,2025-11-15,fabuloso
meliá valencia,españa,habitación meliá,1,pareja,excelente,la elegancia en todo,todo perfecto,10.0,2025-11-12,fabuloso
meliá valencia,españa,habitación familiar,2,familia,excelente calidad precio,"el tamaño de la habitación, y la amabilidad del personal del hotel, desde el de recepción, limpieza, y las personas encargadas de hacerte fácil el buffet del desayuno",algunos alimentos de platos calientes estaban fríos,10.0,2025-11-10,fabuloso
meliá valencia,españa,habitación meliá con 1 cama extragrande,1,familia,excepcional,todo en general,nada.,10.0,2025-11-10,fabuloso
meliá valencia,españa,habitación meliá con vistas - 2 camas individuales,2,familia,me alegro cara feliz con ojos sonrientes,cómodo.. bonito.... grande . vista fuego,,10.0,2025-11-10,fabuloso
meliá valencia,españa,habitación doble premium,2,persona que viaja sola,excepcional,desayuno tipo buffet muy completo y variado,el spa lo gestiona una empresa externa al hotel y no les pertece.,10.0,2025-11-10,fabuloso
meliá valencia,españa,habitación meliá,1,familia,fantástico,,la climatización un poco fría,9.0,2025-11-02,fabuloso
meliá valencia,españa,habitación meliá con vistas - 2 camas individuales,1,persona que viaja sola,"muy, pero que muy correcto","el personal de recepción, joaquín, carmen, manuel, todo lo hacen fácil.",,8.0,2025-10-23,fabuloso
meliá valencia,españa,alojamiento the level supreme,2,grupo,buen hotel,"habitaciones amplias, en el caso de las luxury, poder tener el salón con bebidas y comida fue un puntazo.",el baño podría ser más moderno. piscina pequeña para el volumen de habitaciones precios de los masajes caros.,9.0,2025-10-22,fabuloso
meliá valencia,españa,habitación meliá,3,grupo,muy bien,un hotel de mucho nivel,había policía vigilando a un equipo israelí y era molesto .,8.0,2025-10-18,fabuloso
meliá valencia,españa,habitación meliá con vistas - 1 cama extragrande,2,grupo,genial,genial,todo bien,8.0,2025-10-16,fabuloso
meliá valencia,españa,suite junior supreme the level,3,pareja,gran viaje mejor hotel,es un hotel increíble,nada,9.0,2025-10-15,fabuloso
meliá valencia,españa,habitación meliá,2,familia,fantástico,instalaciones y alimentación,piscina pequeña,9.0,2025-10-04,fabuloso
meliá valencia,españa,habitación meliá,2,pareja,expectativas superadas,"la habitación, cómoda y muy grande",la comida,8.0,2025-10-03,fabuloso
meliá valencia,españa,habitación meliá,1,pareja,muy bien,ubicación buena,"moqueta en pasillos y habitación , me disparó la alergia",8.0,2025-09-29,fabuloso
meliá valencia,españa,habitación meliá,2,pareja,excepcional,la comida y el servicio de los empleados,que no sean camas de matrimonio,10.0,2025-09-24,fabuloso
meliá valencia,españa,habitación meliá,1,pareja,excepcional,todo perfecto cara feliz con ojos sonrientes,,10.0,2025-09-21,fabuloso
meliá valencia,españa,habitación meliá,1,pareja,funcionalidad.,habitación espaciosa.,moqueta en los suelos.,8.0,2025-09-13,fabuloso
meliá valencia,españa,habitación meliá con vistas - 2 camas individuales,2,familia,servicio y calidad excelentes,"el trato, las instalaciones, la limpieza. todo.",,10.0,2025-09-08,fabuloso
meliá valencia,españa,habitación meliá,2,pareja,muy bien,la ubicación,no se podían abrir las ventanas y ventilar las habitaciones y olía a humedad,8.0,2025-08-31,fabuloso
meliá valencia,españa,habitación meliá con 1 cama extragrande,5,familia,muy bien,"el personal del hotel, muy amable y considerado.","el día que llegamos, la habitación y sobre todo el baño no estaba muy limpio. la piscina, muy muy pequeña, la verdad y puntualmente no era posible bañarse por demasiada afluencia de gente.",8.0,2025-08-23,fabuloso
meliá valencia,españa,habitación meliá con 1 cama extragrande,15,familia,excepcional,"la habitación , las vistas","la piscina, muy pequeña atiborrada de gente parecia una piscina infantil",10.0,2025-08-18,fabuloso
meliá valencia,españa,alojamiento the level supreme,1,familia,"impecable calidad, precio y trato.","no puedo decir cual fue lo que mas me gustó porque en general fue todo excepcional. el trato en la level con una chica que creo que se lllamaba claudia en la recepción,desde luego inmejorable. comida abundante y rica. todo genial. recomendado 100x100 en todo.",,10.0,2025-08-17,fabuloso
meliá valencia,españa,habitación meliá con 1 cama extragrande,4,pareja,"muy cómodo, volveremos a repetir",todas las zonas comunes y la habitación,,10.0,2025-08-15,fabuloso
meliá valencia,españa,habitación meliá,1,pareja,personal muy top,"el ambiente, el baño de la habitación y la habitación en general. la entrada es muy bonita. el personal muy, muy amable y majo.","la piscina, demasiado pequeña.",9.0,2025-08-14,fabuloso
meliá valencia,españa,habitación meliá con vistas - 2 camas individuales,1,grupo,perfecto,todo,nada,10.0,2025-08-10,fabuloso
meliá valencia,españa,suite junior,2,familia,disconfort,"la atención de las chicas en recepción en el momento en que llegue; encantadoras atentas; sonrientes, la ubicación céntrica del hotel; me habría encantado estar más tiempo para disfrutar de la piscina","para haber contratado una suite debería estar impoluta; los tiradores de las puertas rotas y sin ellos; las puertas descuadradas que no encajaban y tenía que alzarla para cerrarlas; mosquitos tanto en la habitación como el baño  mosquitos a rabiar . una de las camareras de la cafetería diagonal a la recepción; con poca empatía, 3 veces le solicité un café con leche vegetal y las 3 fue fatal y ya la última me trajo leche entera!!!! la comunicación entre las chicas de la cafetería del desayuno con la citada previamente no es nada buena! se esquivan un simple café! los albornoz no los cambiaron y los dejaron mojados enrollados sobre el borde de la bañera a pesar de que serían 3 noches",8.0,2025-08-10,fabuloso
meliá valencia,españa,habitación meliá con 1 cama extragrande,1,pareja,un fin de semana distinto,moderno y cómodo,mucho trasiego de gente,9.0,2025-08-09,fabuloso
meliá valencia,españa,habitación meliá,1,familia,fantástico,una experiencia única recomendable,,9.0,2025-08-09,fabuloso
meliá valencia,españa,habitación meliá,1,pareja,mejor opción en valencia,el personal y la habitación.,"la piscina, aunque agradable y limpia, un poco pequeña para lo grande que es el hotel y el número de huéspedes.",9.0,2025-08-07,fabuloso
meliá valencia,españa,habitación meliá con 1 cama extragrande,1,persona que viaja sola,excepcional,el tamaño de la habitación es perfecta. y tanto el desayuno como la cena muy variado.,"hay un espacio de juegos para niños, pero si fuera posible me gustaría añadir un pequeño parque al aire libre para los más pequeños.",10.0,2025-08-06,fabuloso
meliá valencia,españa,habitación meliá con 1 cama extragrande,3,pareja,excepcional,"la habitación era una gozada, cuando vas fuera siempre buscas sentirte como en casa y sin duda aquí fue el caso.",todo increíble,10.0,2025-08-06,fabuloso
meliá valencia,españa,habitación meliá con 1 cama extragrande,2,familia,"fantástico, pero por favor la camarera de la piscina es tóxica, que la escondan!!!!","el desayuno y el personal que lo gestiona, una maravilla...","la camarera de la piscina es una mal educada y tienen botellas de exposición falsas, además te lo dice a la cara , la déspota, y te dice que eso es falso. tienen de exposición muchas botellas buenas y caras y realmente te sirven el alcohol de garrafón más barato de valencia. no entiendo que un hotel de estas características tenga a esa personal dando la cara en uno de los rincones más solicitados del hotel y con esa exposición de botellas falsas...",9.0,2025-07-28,fabuloso
meliá valencia,españa,habitación meliá con 1 cama extragrande,2,pareja,excepcional,muy lindo,un poco lejos del centro pero muy bien,10.0,2025-07-27,fabuloso
meliá valencia,españa,habitación doble premium,2,grupo,excepcional,"excelente servicio, habitación muy limpia y cómoda, las instalaciones son preciosas.",,10.0,2025-07-21,fabuloso
meliá valencia,españa,habitación supreme,3,familia,fantástico,,demasiado lejos del centro,9.0,2025-07-20,fabuloso
meliá valencia,españa,habitación meliá,1,pareja,muy contenta,"todo, es nuy comodo y las instalaciones son super nuevas, la piscina era un poco pequeña pero se equilibra con el spa que tiene en la tercera planta que la verdad es pequeño pero de los spas mas completos a los que he ido. la zona está genial para ir a cenar. la habitación super grande y las camas cómodas, además apenas se notaba el ruido de fuera.",la piscina que como digo era un poco pequeña y al haber nucha gente y ser tan pequeña estaba un poco sucia el agua.,9.0,2025-07-20,fabuloso
meliá valencia,españa,habitación meliá,2,familia,fantástico,en general la limpieza y tamaño de las habitaciones.,tres ascensores son insuficientes para 26 pisos. en algunos momentos se colapsan. pocos enchufes eléctricos en el garaje .,9.0,2025-07-17,fabuloso
meliá valencia,españa,habitación meliá con 1 cama extragrande,1,persona que viaja sola,fantástico,"excelentes instalaciones, buena habitación. excelente ubicación, piscina que ayuda con el tiempo actual",nada,9.0,2025-07-16,fabuloso
meliá valencia,españa,habitación meliá con 1 cama extragrande,2,pareja,estancia acorde a las expectativas,"desayuno completo y gimnasio muy bien equipado. la zona de hamacas de piscina un poco justa para las dimensiones del hotel, pero agradable, la atención del personal muy buena.",,9.0,2025-07-06,fabuloso
meliá valencia,españa,habitación supreme,1,pareja,excepcional,la reserva era para una noche de bodas y el hotel tuvo hasta el detalle de una botella de cava en la habitación de regalo .. el personal súper atento y amables excelente,,10.0,2025-06-30,fabuloso
meliá valencia,españa,habitación meliá con 1 cama extragrande,1,familia,excepcional,el área de la piscina,me parece la comida del restaurante muy cara,10.0,2025-06-29,fabuloso
meliá valencia,españa,habitación meliá con 1 cama extragrande,2,pareja,satisfecho,espacio,muchos grupos,8.0,2025-06-24,fabuloso
meliá valencia,españa,habitación meliá con 1 cama extragrande,1,pareja,excepcional,la cama muy cómoda,en realidad nada todo estuvo perfecto,10.0,2025-06-22,fabuloso
meliá valencia,españa,habitación meliá con 1 cama extragrande,3,persona que viaja sola,excepcional,,,10.0,2025-06-22,fabuloso
meliá valencia,españa,alojamiento the level supreme,3,familia,excepcional,"el personal ha sido super atento y con ganas de hacerlo todo fácil. el hotel se ve limpio, ordenado, sin ruidos. las habitaciones son amplias aunque sin exagerar y con muy buena climatización. justo delante del palacio de congresos y cerca del metro  5min  por lo que me resultó muy cómodo. para repetir seguro.",no hay comentarios negativos,10.0,2025-06-19,fabuloso
meliá valencia,españa,habitación meliá con 1 cama extragrande,1,persona que viaja sola,"buena ubicación para congresos. lejos del centro pero excelente hotel, buen servicio y habitaciones","muy buen desayuno , la habitación confortable y espaciosa.",creo que todo estaba bien,9.0,2025-06-19,fabuloso
meliá valencia,españa,habitación meliá con vistas - 1 cama extragrande,1,pareja,excepcional,desayuno y habitación en opción  level  son fantásticos.,todo bien,10.0,2025-06-17,fabuloso
meliá valencia,españa,habitación meliá con 1 cama extragrande,1,familia,decepción y solución de problema con nota sobresaliente. muy satisfechos con el trato recibido.,cuando llegamos a la habitación olía mucho a tabaco y en recepción fueron muy simpáticos y comprensivos y nos cambiaron a otra donde las vistas y estáncia fueron fabulosas.,la impresión al entrar a la primera habitación que tras resolverse el problema cambio radicalmente a favor del hotel,10.0,2025-06-17,fabuloso
meliá valencia,españa,habitación meliá,1,grupo,genial,la amplitud y servicios,,10.0,2025-06-16,fabuloso
meliá valencia,españa,habitación meliá con 1 cama extragrande,1,pareja,fantástico,la cama muy comoda.,,9.0,2025-06-14,fabuloso
meliá valencia,españa,habitación meliá,1,familia,muy bien,,la piscina es muy pequeña,8.0,2025-06-12,fabuloso
meliá valencia,españa,habitación meliá con 1 cama extragrande,2,pareja,excepcional,"precioso hotel, muy completo y moderno. piscina pequeña pero suficiente para relax. zonas comunes para descansar. personal muy amable",alejado del centro pero con buena red de transporte. ideal para eventos en palacio de congresos,10.0,2025-06-09,fabuloso
meliá valencia,españa,habitación meliá,1,familia,fantástico,el trato recibido,en el baño no hay ningún enchufe,9.0,2025-06-08,fabuloso
meliá valencia,españa,suite junior supreme the level,1,familia,muy buena,las instalaciones la limpieza el personal,el restaurante poco costoso para la calidad de la comida,10.0,2025-06-03,fabuloso
meliá valencia,españa,habitación meliá con 1 cama extragrande,1,pareja,muy bien,instalaciones y personal.,"para el precio y la ubicación, la habitación no me gustó. era como un búnker , no se podía ver por la ventana por alta y por suciedad de sus cristales. me pareció incómoda y poco actualizada.",8.0,2025-06-01,fabuloso
meliá valencia,españa,habitación meliá,1,pareja,muy buena,el personal es excelente,"ubicacion buena, pero mucho tráfico   ruido",8.0,2025-05-31,fabuloso
meliá valencia,españa,habitación meliá,1,pareja,excepcional,las camas y las sábanas.... super,,10.0,2025-05-29,fabuloso
meliá valencia,españa,habitación meliá,1,pareja,"el hotel genial, pero la previsión de entrada fatal.",las instalaciones y la habitación. buena relación calidad-precio.,"llegamos a la hora de entrada prevista y nuestra habitación no estaba lista. esperamos 50 minutos en recepción. no entendimos esta falta de previsión en un hotel de estas características... nos invitaron a un café en el bar para compensar las molestias, pero yo lo que realmente necesitaba era estar en mi habitación, teníamos que prepararnos para un evento y esto nos supuso un retraso importante...",8.0,2025-05-26,fabuloso
meliá valencia,españa,habitación meliá,1,pareja,excepcional,"instalaciones inmejorables, un trato super atento tanto por parte de recepción como por el personal del bar. repetiría sin lugar a dudas!",,10.0,2025-05-25,fabuloso
meliá valencia,españa,habitación meliá con vistas - 1 cama extragrande,2,pareja,excepcional,todo,nada,10.0,2025-05-21,fabuloso
meliá valencia,españa,habitación meliá,1,pareja,muy bien,todo en general,algo alejado del centro,8.0,2025-05-21,fabuloso
meliá valencia,españa,habitación meliá,1,familia,perfecto,la atención del personal del desayuno y de recepcion.,la cuna que solicitamos era una cuna de viaje y estaba bastante dejada con el unico colchoncito que trae la misma cuna y ya,10.0,2025-05-16,fabuloso
meliá valencia,españa,habitación meliá con 1 cama extragrande,1,pareja,hotel que superó mis expectativas,"nos gustó todo: una habitación espaciosa diseñada con gusto, las instalaciones del hotel, la amabilidad del servicio, un desayuno variado y de buena calidad,...",la cortina de la habitación estaba un poco suelta - allí faltaba un poco de mantenimiento.,10.0,2025-05-12,fabuloso
meliá valencia,españa,habitación meliá con 1 cama extragrande,3,pareja,fantástico. es para ir siempre a este hotel.,"ubicación y vistas espectaculares. súper limpio, personal muy atento y respetuoso, delicadeza y exquisitez en el trato. fabuloso",que no hay enchufe en el baño,10.0,2025-05-09,fabuloso
meliá valencia,españa,habitación meliá con 1 cama extragrande,3,familia,fantástico,el desayuno estuvo genial todos los días. sólo que el primer día nos dijeron que no podían ponernos juntas a las ocho personas que ibamos. luego si que nos pusieron juntos.,,9.0,2025-05-08,fabuloso
meliá valencia,españa,habitación meliá,1,pareja,excepcional,"todo, muy comodo, volveria sin duda",,10.0,2025-05-07,fabuloso
meliá valencia,españa,habitación meliá,1,pareja,la mejor luna de miel en el mejor hotel de valencia,"me encantó la habitación con la bañera de hidromasaje y el spa lo amé,el hotel está hermoso y super limpio,la atención es 1000 10,me dejaron un lindo detalle porq yo dije q íbamos de luna de miel,la cena super rica y con mucha variedad al igual que el desayuno.me pedí un sándwich en la noche y estaba super grande, en realidad eran 2 y me dieron muchísima leche caliente.servicio a la habitación 24 horas.lo ame ,lo recomiendo 100 ",,10.0,2025-05-02,fabuloso
meliá valencia,españa,suite junior supreme the level,2,pareja,excepcional,estuvo todo muy bien,,10.0,2025-05-01,fabuloso
meliá valencia,españa,suite junior supreme the level,5,familia,unos dias estupendos en el hotel,"la habitacion, y las vistas",piscina muy pequeña para tanto hotel,9.0,2025-04-28,fabuloso
meliá valencia,españa,habitación meliá,1,pareja,excepcional,desayuno,,10.0,2025-04-24,fabuloso
meliá valencia,españa,habitación meliá,2,familia,una habitación muy confortable con vistas a la ciudad,"la habitación era muy amplia y cómoda para descansar , con unas vistas a la ciudad increíbles . pero lo que más me gustó fue la tranquilidad y el silencio y lo confortable de las camas. si puedo repetiré. muchas gracias por la bonita habitación cara lanzando un beso","que el spa iba aparte del precio , podrían hacer algún descuento por ser clientes del hotel.",10.0,2025-04-23,fabuloso
meliá valencia,españa,habitación meliá con vistas - 1 cama extragrande,2,pareja,recomendado,"muy moderno, la habitación increíble, vistas espectaculares.",está lejos del centro,10.0,2025-04-23,fabuloso
meliá valencia,españa,suite junior,1,pareja,para repetir en proximo viaje,habitación y vistas,,10.0,2025-04-10,fabuloso
meliá valencia,españa,suite junior,1,pareja,fantástico,"trato personal, vistas y gym",olía un poco el baño a cerrado,9.0,2025-03-27,fabuloso
meliá valencia,españa,habitación meliá con 1 cama extragrande,1,grupo,muy bien,la habitación y el baño,una botella de agua abierta y bebida en la habitación y el mando de la tele iba muy raro junto a la tele.,8.0,2025-03-02,fabuloso
meliá valencia,españa,habitación meliá,1,familia,fantástico,"nos gustó, las instalaciones y la decoración",,9.0,2025-03-02,fabuloso
meliá valencia,españa,habitación meliá,2,pareja,muy bien,cumple con las expectativas de un melià. la habitación tenía muy buenas vistas.,el personal de recepción no fue muy amable,8.0,2025-02-28,fabuloso
meliá valencia,españa,habitación meliá con 1 cama extragrande,1,pareja,muy bien,el servicio y la atención,éramos dos y sólo había una toalla de ducha,10.0,2025-02-25,fabuloso
meliá valencia,españa,habitación meliá con 1 cama extragrande,1,pareja,comodidad y tranquilidad máxima,todo,nada,10.0,2025-02-25,fabuloso
meliá valencia,españa,habitación meliá,2,pareja,excepcional,todo!,,10.0,2025-02-25,fabuloso
meliá valencia,españa,habitación meliá con 1 cama extragrande,1,pareja,la ducha no graduaba bien la temperatura . el grifo estaba mal,la habitación,la ducha,9.0,2025-02-23,fabuloso
meliá valencia,españa,habitación meliá con 1 cama extragrande,1,familia,"estancia súper agradable, el trato del personal es excelente.","trato de personal excelente. el buffet desayuno está bastante bien, pedí leche templada para mi niño pequeño y me la trajeron sin problemas en una pequeña tetera solo para nosotros.",nada,10.0,2025-02-23,fabuloso
meliá valencia,españa,habitación meliá con 1 cama extragrande,1,familia,confort,agradezco mucho el detalle que solicité por el cumpleaños de mi hermana en su habitación cara sonriendo con ojos grandes súpero mis expectativas,,10.0,2025-02-17,fabuloso
meliá valencia,españa,suite junior supreme the level,1,familia,excepcional,todo genial,,10.0,2025-02-14,fabuloso
meliá valencia,españa,habitación doble premium,1,persona que viaja sola,excepcional,las instalaciones y las vistas,,10.0,2025-02-13,fabuloso
meliá valencia,españa,habitación meliá,2,pareja,excepcional,todo,,10.0,2025-02-10,fabuloso
meliá valencia,españa,alojamiento the level supreme,2,familia,experiencia maravillosa,excelente todo un placer,,10.0,2025-02-10,fabuloso
meliá valencia,españa,habitación meliá,3,persona que viaja sola,excepcional,"ubicación, edificio, limpieza y personal",poca variedad en desayuno. embutidos y quesos cutres. falta calidad,10.0,2025-02-08,fabuloso
meliá valencia,españa,habitación meliá con vistas - 1 cama extragrande,1,pareja,genial! volveremos!,las instalaciones,el horario de bar un poco corto,10.0,2025-02-04,fabuloso
meliá valencia,españa,habitación meliá,2,pareja,un fin de semana confortable.,"esta vez no cogimos desayuno. la habitación muy cómoda, amplia, limpia y con bonita vista a la fuente. el minibar muy completo.",-,10.0,2025-02-02,fabuloso
meliá valencia,españa,habitación meliá,2,grupo,fantástico,la ubicación cercana al lugar de reuniones y las habitaciones amplias y limpias,el desayuno es mejorable,9.0,2025-02-02,fabuloso
meliá valencia,españa,alojamiento the level supreme,1,pareja,fantástico,,tienen que cambiar los teles son antiguos no tienen netflix ni youtube tienen que cambiar a smart,9.0,2025-01-29,fabuloso
meliá valencia,españa,habitación meliá,1,pareja,excepcional,todo,,10.0,2025-01-25,fabuloso
meliá valencia,españa,suite junior,1,familia,excepcional,la habitación y ubicacion,nada,10.0,2025-01-19,fabuloso
meliá valencia,españa,habitación meliá con 1 cama extragrande,1,grupo,muy bien,,no me gusto que no hubiera ni un solo enchufe en el baño,8.0,2025-01-15,fabuloso
meliá valencia,españa,habitación doble premium,1,pareja,nunca falla este lugar,"la atmósfera del hotel , las instalaciones y vistas",,10.0,2025-01-15,fabuloso
meliá valencia,españa,habitación meliá con 1 cama extragrande,1,pareja,bueno,"habitacione grande, buen previo, ducha , iluminación bien,","2 cafés cortados 7,70",9.0,2025-01-10,fabuloso
meliá valencia,españa,suite junior supreme the level,1,familia,maravillosa,todo. no sabéis a con que quedarme.,nada,10.0,2025-01-01,fabuloso
meliá valencia,españa,habitación meliá,1,pareja,excelente estancia,mucho,nada todo perfecto,10.0,2025-01-01,fabuloso
meliá valencia,españa,habitación meliá,1,familia,fantástico,todo,,9.0,2024-11-05,fabuloso
meliá valencia,españa,habitación meliá con 1 cama extragrande,1,pareja,muy bien,,"las almohadas son demasiado blandas, pero no es una critica ya que es complicado acertar ya que es una cuestion de gustos.",8.0,2024-10-28,fabuloso
meliá valencia,españa,suite junior,1,familia,estancia de 1 noche con desayuno,"las instalaciones, la habitación era muy grande, estaba muy limpia, la cama era súper cómoda y teníamos unas vistas espectaculares. el spa está muy chulo y es muy relajante. el trato del personal fue excelente.","el desayuno no nos acabó de convencer, para ser 5 estrellas le falta un pelín más de calidad a la comida.",9.0,2024-10-24,fabuloso
meliá valencia,españa,habitación meliá con 1 cama extragrande,1,pareja,muy buena experiencia,la habitación en si y las instalaciones del hotel. el bar muy bien,,9.0,2024-10-21,fabuloso
meliá valencia,españa,habitación meliá con 1 cama extragrande,1,pareja,hotel de categoría,"instalaciones perfectas. personal muy amable. vistas y todos los servicios que se pueden esperar de un hotel excelente. agua de cortesía, mini bar muy completo, ducha y bañera, champú, gel, etc",almohadas un poco bajas para nuestro gusto pero bien. aparcamiento amplio con buen acceso pero un poco caro,10.0,2024-10-20,fabuloso
meliá valencia,españa,habitación meliá con vistas - 1 cama extragrande,1,pareja,maravilloso y repetiré alojamiento,"la amabilidad y profesionalidad de los trabajadores,sobretodoos de la recepción y del spa.su simpatía.",todo me gusto,10.0,2024-10-20,fabuloso
meliá valencia,españa,habitación meliá,2,pareja,buena,desayuno bueno desayuno buen servicio personal cafeteria muy atentos,la nevera no enfria el cava caliente,8.0,2024-10-04,fabuloso
meliá valencia,españa,habitación meliá con 1 cama extragrande,1,persona que viaja sola,muy bien,las vistas y la comodidad de la habitación.,tienes que bajar a desayunar muy temprano.,8.0,2024-09-27,fabuloso
meliá valencia,españa,habitación meliá con 1 cama extragrande,2,persona que viaja sola,muy bien,salones amplios en recepción. el uso de la piscina si bien algo pequeña considerando la capacidad del hotel.,no había enchufe en el cuarto de baño. alejado del centro tarifa alta que se fija según ocupación y resultó cara para el nivel del hotel.,8.0,2024-09-22,fabuloso
meliá valencia,españa,habitación meliá con 1 cama extragrande,2,familia,hotel cómodo y muy bien en general.,"el hotel en general, la amabilidad del personal de recepción","a la hora de bajar al desayuno, los 3 ascensores no daban a basto, si bien es cierto q todos bajábamos a la misma hora.",10.0,2024-09-15,fabuloso
meliá valencia,españa,habitación meliá con vistas - 1 cama extragrande,1,pareja,escapada urbana señal de aprobación con la mano,"perfecto! buena ubicación cerca de zona pubs discoteca restaurantes casino y con vistas impresionantes. estuve hace tiempo varias veces y sigue manteniendo buena atención limpieza, me encanta!",,10.0,2024-09-14,fabuloso
meliá valencia,españa,habitación meliá,2,familia,una escapada única,es un hotel excelente muy limpio cómodo acogedor y unas vistas impresionantes,la verdad no tengo nada que exponer en este punto,8.0,2024-09-13,fabuloso
meliá valencia,españa,habitación meliá con 1 cama extragrande,1,persona que viaja sola,fantástica,"gimnasio, atención",,10.0,2024-09-12,fabuloso
meliá valencia,españa,habitación meliá con 1 cama extragrande,1,familia,muy bien,el desayuno es uno de los mejores que he probado. la limpieza es perfecta y la cama es muy cómoda. el personal es muy amable y eficiente.,que el spa no esté incluido y sea un servicio externo con el que no puede contactar recepción. que no hayan plazas disponibles. reservamos ese hotel por disfrutar del spa y luego no pudimos entrar. tendrían que avisar más claramente en booking. el bar de la piscina estaba cerrado. creo que deben poner más personal en el club nocturno ya que los camareros son rápidos y eficientes además de amables pero creo que no dan abasto con tanto trabajo para solo dos personas.,8.0,2024-09-11,fabuloso
meliá valencia,españa,habitación supreme,5,familia,excelente,"camas muy cómodas, habitación amplia, limpia, usan productos de the rituals. personal amable","el restaurante que es una arroceria, pedimos el especial y no me gustó. el arroz estaba seco",9.0,2024-09-10,fabuloso
meliá valencia,españa,habitación meliá,1,pareja,excepcional,todo nos a encantado la atención y el hotel súper bien!!!,,10.0,2024-08-31,fabuloso
meliá valencia,españa,habitación meliá con vistas - 1 cama extragrande,3,pareja,"bella valencia, volveremos pronto",la habitación amplia y con una vistas espectaculares. el desayuno completo y la atención del personal muy buena.,la piscina pequeña para un hotel tan grande y muy fuerte el aire acondicionado en el hall,9.0,2024-08-24,fabuloso
meliá valencia,españa,habitación meliá con 1 cama extragrande,4,familia,estupendos días en valencia,"el desayuno fantastico, muy completo y de muy buena calidad. la habitación super limpia, muy amplia y cómodo. el baño estupendo, con ducha y bañera separadas y también el wc con puerta dentro del mismo baño.","la cena en el restaurante del hotel, no se corresponde con el precio que tenía. me esperaba mucho más y las cantidades escasas y hay cosas, como la vinagreta añadida a una ensalada de tomate y ventresca, que estropeaban el plato. basta con un buen aceite y sal.",9.0,2024-08-23,fabuloso
meliá valencia,españa,habitación meliá,4,familia,muy recomendable,"la habitación  me alojé en la habitación supreme  es muy bonita y cómoda. las vistas increíbles. todo muy limpio. el kit de champú, gel, acondicionador, jabón de manos y crema es de rituals, todo un detalle por parte del hotel y la marca. me ha encantado el trato con el perro  viajé con un border collie de 20kg . le pusieron un cuenco para agua y otro para pienso  si vas con un perro de más de 10 kg quizá se quede pequeño para su ración diaria, pero se le divide en dos y no hay problema . puede acceder a la zona de abajo de la piscina  hay sombra y airecito  y puede desayunar, comer y cenar contigo en una terracita que tienen, donde también hay mucha sombra y aire. todos son muy amables y el personal es muy atento. la piscina me gustó mucho  el personal súper amable y atento con el perrito  :  y el spa está súper bien. hay una playa de perros cerca  6km en coche  súper guay y la zona para pasear al perro está muy bien.",no hay nada que no me haya gustado. tuvimos un pequeño incidente y nos lo resolvieron súper rápido y adecuadamente. el personal es muy agradable.,10.0,2024-08-23,fabuloso
meliá valencia,españa,habitación meliá con 1 cama extragrande,1,pareja,excelente,"muy buenas instalaciones, cama muy cómoda y vista agradable.",,10.0,2024-08-16,fabuloso
meliá valencia,españa,habitación meliá,3,familia,excepcional,"todo bien. un hotel muy confortable, el desayuno está bien, y las habitaciones son amplias y limpias. se puede aparcar en las inmediaciones sin zona azul aunque no es fácil encontrar aparcamiento a según qué horas","la ubicación, muy lejos del centro, playa, o zonas de interés de valencia",10.0,2024-08-16,fabuloso
meliá valencia,españa,habitación meliá con 1 cama extragrande,3,familia,fantástico,la atención en el comedor,poca presión en la ducha,9.0,2024-08-16,fabuloso
meliá valencia,españa,habitación meliá con vistas - 2 camas individuales,1,familia,muy bien,instalaciones y limpieza,demasiada cola para chek in y chek out. poco personal en el mostrador,8.0,2024-08-14,fabuloso
meliá valencia,españa,habitación meliá con vistas - 2 camas individuales,4,pareja,hotel magnífico en la ciudad de valencia,"hotel magnifico, grande y un poco alejado del centro y de las playas, pero muy bien comunicado  taxi, metro tranvía . el personal de recepción, un encanto, sobre todo manuel, como se nota que tiene raíces extremeñas. la habitación muy buena con limpieza muy correcta. desayuno aceptablemente bueno, sinceramente me lo esperaba un poco mejor para la categoría de este hotel. parking amplio y accesible. piscina muy pequeña para esta envergadura de establecimiento, es una bañera con pretensiones. su exquisita clientela no tiene la costumbre, saludable, de ducharse antes de entrar a bañarse.","mención aparte es el varsovia, lugar de copas que está dentro del hotel. su decoración está bien. tiene una buena carta de cocteles. al llegar nos ofrecieron terraza, dado que hacía calor decidimos probar suerte en ella. nos llevaron a un callejón con un muro alto que no te permitía ver nada de la calle, menuda terraza. y llegó el camarero, sin duda alguna sabría de bebidas y cocteles todo lo que hay que saber, pero si le pides un simple cubata  ginebra  tónica  te mira con una cara de displicencia y te dice:  gin tonic, sólo? como si estuvieses cometiendo un delito o haciendo algo de muy mal gusto. llegó el cambio de turno y nuestro  maître  se fue y allí nos tuvieron abandonados a nuestra suerte y calor. tuvimos que ir dentro para poder pagar. y ahora resulta que no se puede cargar en la habitación,  pero no es del hotel?, parece ser que no, suerte que llevábamos tarjetas.",8.0,2024-08-13,fabuloso
meliá valencia,españa,habitación familiar,1,familia,fantástico,las instalaciones.,piscina pequeña.,9.0,2024-08-10,fabuloso
meliá valencia,españa,habitación familiar,3,familia,fantástico,las instalaciones.,"la piscina, algo pequeña.",9.0,2024-08-09,fabuloso
meliá valencia,españa,habitación meliá con 1 cama extragrande,1,familia,escapada en valencia,la cama de matrimonio extra grande y muy cómoda el bufé de desayunos es de 10 la cafetería situada en el lobby,"el cuarto de baño es pésimo: no hay enchufes, la tapa del inodoro rota, la alcachofa de la ducha rota, saliendo agua por todos lados",10.0,2024-08-04,fabuloso
meliá valencia,españa,habitación meliá con vistas - 1 cama extragrande,3,pareja,"un hotel fantástico, de los que ya no se ven tanto.","el trato del personal, la limpieza, y la piscina fueron excelentes.",costaba abrir la puerta de la habitación.,9.0,2024-08-01,fabuloso
meliá valencia,españa,habitación meliá,1,grupo,fantastica,"excelente y las recepcionistas, encantadoras",todo muy bien,10.0,2024-08-01,fabuloso
meliá valencia,españa,habitación meliá con 1 cama extragrande,7,familia,excepcional,"habitación muy cómoda y amplia, desayuno muy bien",,10.0,2024-07-31,fabuloso
meliá valencia,españa,alojamiento the level supreme,1,familia,muy bien,la cama y las vistas,el baño no estaba muy limpio,8.0,2024-07-27,fabuloso
meliá valencia,españa,habitación meliá,1,pareja,excepcional,"todo limpio , calidad precio excelente y los horarios de servicio súper...",,10.0,2024-07-26,fabuloso
meliá valencia,españa,habitación meliá,1,pareja,lenta la recepción y muebles viejitos.no repito,el desayuno y la amabilidad del personal,"la falta de contestación a mis preguntas al alojamiento a través de booking,es la primera vez que me pasa. la lentitud en el check in y check out, 2 personas en recepción y colas de huéspedes. no repetiré otros hoteles de valencia me han gustado más",8.0,2024-07-21,fabuloso
meliá valencia,españa,habitación supreme,1,familia,muy bien,"las camas, las almohadas y el desayuno muy completo y variado",en nuestra planta alguien estaba fumando y lo hice saber al personal de recepción,8.0,2024-07-18,fabuloso
meliá valencia,españa,habitación meliá,2,familia,vacaciones,"desayuno muy bueno, habitación grande y cómoda, vistas muy bonitas.",el agua de la piscina estaba algo sucia y era desagradable v,8.0,2024-07-17,fabuloso
meliá valencia,españa,habitación meliá con vistas - 1 cama extragrande,2,familia,estancia agradable en valencia,"desayuno muy bueno y variado. habitación grande, limpia, cómoda y bien equipada. baño limpio y bien equipado. hotel grande y con muchas prestaciones, con muchas plantas y ascensores rápidos.","habitación cara. ubicación en la zona de congresos pero lejos del centro de la ciudad. tiene piscina pero es pequeña para la ocupación del hotel; hay que pagar por sentarse en las tumbonas, con el precio que tiene la habitación, no me pareció correcto.",8.0,2024-07-13,fabuloso
meliá valencia,españa,habitación meliá,2,familia,un clásico en valencia,"habitación, recepción, parking, desayuno.","que no se puede abrir la ventana de la habitación. al ser verano si no puedes abrir la ventana tienes que dormir con el aire acondicionado, que para mi no es recomendable, y hace mucho ruido. y la piscina, para las dimensiones del hotel, parecía un cubículo para niños, comparada con la de hoteles de los alrededores.",10.0,2024-07-13,fabuloso
meliá valencia,españa,habitación meliá,1,persona que viaja sola,muy bien,"desayuno muy completo, y amplia habitación","falta mantenimiento y algo de renovación , el soporte de la alcachofa de la ducha estaba roto",8.0,2024-07-12,fabuloso
meliá valencia,españa,habitación meliá,1,familia,excepcional,habitaciones,menús,10.0,2024-06-30,fabuloso
meliá valencia,españa,habitación meliá,1,familia,excelente,todo excelente.,,10.0,2024-06-16,fabuloso
meliá valencia,españa,alojamiento the level supreme,2,familia,"excelente en comodidad, atención, lugar, ubicación, comida, excepto en cócteles","excelente atención petfriendly, íbamos con pastoraleman de compañía!","los cocktail, nada buenos!",10.0,2024-06-14,fabuloso
meliá valencia,españa,habitación meliá,1,persona que viaja sola,mejorable,"instalaciones, comodidad, silencio en las habitaciones. maraviloso buffet de desayunos. amabilidad del personal",no te ponen ni siquiera un cepillo de dientes de cortesía. cuando lo dije en recepción me dijo que en las habitaciones standard no se ponían. valoren 133  noche una persona si no es para que pongas útiles de higiene personal y aseo de cortesía,10.0,2024-06-08,fabuloso
meliá valencia,españa,habitación meliá,1,persona que viaja sola,fantástico,edificio emblemático. buena zona.,,9.0,2024-06-05,fabuloso
meliá valencia,españa,habitación doble premium,1,pareja,fue una estancia estupenda,"me gustó mucho la limpieza, el olor y la atención del personal,","el desayuno de pan cristal con jamón podría haber sido un poco mejor, se queda bastante corto para el precio",10.0,2024-05-28,fabuloso
meliá valencia,españa,habitación meliá,1,familia,excepcional,todo. no tiene desperdicio. excepcional.,"quizá, por poner algo les diría que les hace falta una buena piña de ducha de pared para tener una experiencia mejor en la ducha.",10.0,2024-05-22,fabuloso
meliá valencia,españa,habitación meliá con 1 cama extragrande,1,grupo,excepcional,todo en general era segun las espectativas,"el servicio de la cafeteria del hall ,indicaron varias veces el coste de lo que pediamos antes de pagar sin que preguntaramos ,dando por hecho que nos pareceria caro o que no entrara dentro de nuestro rango de precios sin dar por hecho que uno pide lo que va a consumir sin preguntar el precio porque el precio no es importante sino la calidad .además tardaron 5 min en servir sin que hubiera mas gente esperando antes pero si sacó los vasos del labavajillas y secó y guardo antes de hacer el café y servir las pastas de sayuno que habiamos pedido .",10.0,2024-05-21,fabuloso
meliá valencia,españa,habitación meliá,1,pareja,"genial, para repetir.","unas vistas preciosas y que el baño tenga separado el wc me gustó, da mayor intimidad. que tuviera bañera y ducha estuvo genial aunque no me dió tiempo a usar la bañera. es un detalle también que en el baño a demás de tener gel y champú también tengan crema y acondicionador ya que a mi se me olvidó y me vino de lujo disponer de ello. seguro que volveremos a alojarnos allí cuando el presupuesto nos lo permita. la chica de la recepción muy amable.","me tocó una décima planta y tengo vértigo por lo que la subida en el ascensor viendo el paisaje fue un poco agobiante pero no importa, es un problema mio.",9.0,2024-05-21,fabuloso
meliá valencia,españa,habitación meliá,1,pareja,buen hotel y buen desayuno.,"desayuno continental espectacular, habitación super grande y confortable , con todos los servicios, al tratarse de un edificio alto las vistas de valencia son sorprendentes.","la cama debería haber sido una , no dos juntas.",9.0,2024-05-15,fabuloso
meliá valencia,españa,habitación meliá,1,persona que viaja sola,lo diagruté mucho,"excelente, muy buena calidad y mucha variedad, los felicito",,10.0,2024-05-13,fabuloso
meliá valencia,españa,habitación meliá,1,pareja,excelente estancia,"hemos estado encantados con su hotel, habitación, camas, servicio. todo el personal excelente y muy profesional",,10.0,2024-05-11,fabuloso
meliá valencia,españa,habitación meliá,2,familia,muy bien,las instalaciones,en recepción tardamos mucho al llegar parecía que el programa del ordenador era lentisimo. la comida del restaurante fue marítima y muy muy cara. el servicio lento muy lento. la salida del parkin fue muy dificultosa no conseguíamos abrir la barrera,8.0,2024-05-03,fabuloso
meliá valencia,españa,habitación supreme,2,familia,muy bien,,"kit de dientes, gorro de ducha , espuma para zapatos",8.0,2024-04-30,fabuloso
meliá valencia,españa,habitación meliá con vistas - 1 cama extragrande,4,familia,fantástico,"atención del personal. especialmente la persona q nos atendió en el cheking, creo q se llamaba claudia. excelente!!",,9.0,2024-04-30,fabuloso
meliá valencia,españa,habitación meliá con 1 cama extragrande,1,familia,fantastico,"todo muy cuidado, el personal muy atento y detallista",que duro muy poco,10.0,2024-04-29,fabuloso
meliá valencia,españa,habitación meliá con 1 cama extragrande,2,persona que viaja sola,excepcional,todo,,10.0,2024-04-29,fabuloso
meliá valencia,españa,habitación meliá con 1 cama extragrande,1,persona que viaja sola,fantástico,,poca presión en el agua de la ducha,9.0,2024-04-27,fabuloso
meliá valencia,españa,habitación meliá,1,familia,excepcional,el inmueble,,10.0,2024-04-27,fabuloso
meliá valencia,españa,habitación meliá con 1 cama extragrande,1,pareja,puente en valencia,"moderno, limpio, personal muy atento. una cafetería en el hall que invitaba a quedarte y pasar un rato",,9.0,2024-04-24,fabuloso
meliá valencia,españa,habitación meliá con 1 cama extragrande,1,familia,excepcional,todo,,10.0,2024-04-23,fabuloso
meliá valencia,españa,habitación doble premium,1,pareja,muy bien,"el jacuzzi no funcionaba y era mi prioridad al ir al meliá, pagué 250  por el jaccuzzi y no funcionaba",,8.0,2024-04-18,fabuloso
meliá valencia,españa,habitación meliá con 1 cama extragrande,1,pareja,fantástico,amabilidad del personal,,9.0,2024-04-16,fabuloso
meliá valencia,españa,suite junior,1,persona que viaja sola,buen hotel,,carta de room service limitada,8.0,2024-04-10,fabuloso
meliá valencia,españa,habitación meliá,1,familia,fantástico,,la cama no era cómoda.,9.0,2024-04-09,fabuloso
meliá valencia,españa,habitación meliá con 1 cama extragrande,1,familia,estancia agradable,todo excelente el desayuno y la comodidad la ducha y la bañera. todo excelente,la verdad es que me gustó todo no hay nada que no me gustara,10.0,2024-04-05,fabuloso
meliá valencia,españa,habitación meliá con 1 cama extragrande,1,pareja,excepcional,todo,nada p,10.0,2024-04-04,fabuloso
meliá valencia,españa,habitación meliá,1,pareja,genial y relajante,"el spa está genial y las habitaciones son muy confortables, la moqueta aporta insonorización y es muy comoda",al entrar en la habitación olía mucho a pintura o ha cerrado,8.0,2024-04-02,fabuloso
meliá valencia,españa,habitación meliá,1,pareja,repetiría,la habitación era grande y cómoda.,"el restaurante,no tiene variedad, aunq tienen un bar que está muy bien y se complementa una cosa con otra.",10.0,2024-03-29,fabuloso
meliá valencia,españa,habitación meliá,2,pareja,hotel para volver.,"el desayuno completo y variado. la ubicación del hotel la hubieramos preferido más cercana al centro de la ciudad, aunque hay transporte urbano. aún comprendiendo las medidas de seguridad, el no poder abrir las ventanas, resulta un poco claustrofóbico.",en general todo muy bien. lo he descrito en la anterior pregunta. no poder abrir las ventanas y la lejanía al centro de la ciudad.,10.0,2024-03-26,fabuloso
meliá valencia,españa,habitación meliá,2,pareja,estancia agradable pero alejada del centro de la ciudad.,el personal destacó por su atención y amabilidad.,la ubicación.,8.0,2024-03-25,fabuloso
meliá valencia,españa,habitación meliá con 1 cama extragrande,1,familia,fantástico,"la habitación era amplia, cama muy cómoda y en general todo muy limpio.",,9.0,2024-03-24,fabuloso
meliá valencia,españa,habitación meliá con 1 cama extragrande,1,pareja,un día maravilloso,"una estancia muy agradable. no le faltó detalle. todo precioso, oliendo a rituals, personal muy amable. la habitación preciosa y el baño espectacular con ducha y bañera. gel, champú y crema de rituals. parking con acceso directo a los ascensores que te dejan en y habitación. todo muy muy bien y el desayuno espectacular.","la única pega que pondría es que en el baño no hay enchufe para uso propio hay secador pero enchufado con cajetín  por lo tanto si quieres enchufar unas planchas, tienen que tener el cable largo, pues tienes que hacerlo en el enchufe que está entre la entrada y la habitación y peinarte en el espejo de la entrada. tampoco podrías usar un irrigador dental enchufable. otra cosa que también notamos, fue que había poca presión en la ducha.",10.0,2024-03-04,fabuloso
meliá valencia,españa,habitación meliá,1,persona que viaja sola,normal,todo ok,todo ok,8.0,2024-03-03,fabuloso
meliá valencia,españa,habitación meliá,1,familia,lo recomiendo 100 ,super moderno la cama muy comoda productos de rituals desayuno muy completo,"es colchon de la cama suplementoria, lo deberian cambiar",10.0,2024-02-27,fabuloso
meliá valencia,españa,habitación meliá,1,pareja,un alojamiento que te hace sentir como en casa,habitaciones muy grandes y súper limpias,,10.0,2024-02-20,fabuloso
meliá valencia,españa,suite junior supreme the level,1,pareja,súper bien !!!,"todo fenomenal , para repetir !",,10.0,2024-02-20,fabuloso
meliá valencia,españa,habitación meliá,1,familia,excepcional,,que pone en el anuncio que está incluido el mini bar y luego resulta que no lo está y cuando te vas a ir del alojamiento te lo cobran el suplemento,10.0,2024-02-18,fabuloso
meliá valencia,españa,habitación meliá con 1 cama extragrande,2,pareja,excepcional,el colchón y el baño lo mejor,las al almohadas muy blandas pero fue acostumbrarse y bien,10.0,2024-02-16,fabuloso
meliá valencia,españa,habitación meliá con 1 cama extragrande,1,pareja,genial,"buena zona, tranquilidad, comercios y restaurantes de varios tipo cercanos al hotel, habitación amplia, camas comodisimas y el personal muy amable.","que las teles podrían estar preparadas con smart tv, no esta demás especificarlo así el cliente se puede llevar su fire tv portatil. por lo demás todo perfecto",9.0,2024-02-08,fabuloso
meliá valencia,españa,habitación meliá,1,familia,gran servicio. nuevo hotel de cinco estrellas.,maravilloso hotel. buenos desayunos. muy limpio..,no es posible acceder al spa. todo está ocupado,10.0,2024-02-08,fabuloso
meliá valencia,españa,suite junior,2,familia,excepcional,tanto la ubicación como la habitación quite nos gustaron. y el desayuno y la cena también,"entraba algo de humo desde la habitación al lado a nuestra habitación por la noche, pero nos cambiaron de habitación y se resolvió así de ágil el problema",10.0,2024-02-07,fabuloso
meliá valencia,españa,habitación meliá,2,persona que viaja sola,hotel con garantía,personal instalaciones situación de salida de la ciudad,,10.0,2024-02-04,fabuloso
meliá valencia,españa,habitación meliá con 1 cama extragrande,1,pareja,muy bueno,"excelente ubicación y buen trato, todo hermoso",,9.0,2024-02-01,fabuloso
meliá valencia,españa,habitación doble premium,1,pareja,opinión,nos gustó la cama y las vistas,"no funcionaba la televisión de la bañera , o no habían instrucciones para encenderla",10.0,2024-01-30,fabuloso
meliá valencia,españa,habitación meliá,1,pareja,inicio del año con una buena vista,estupendo,,9.0,2024-01-28,fabuloso
meliá valencia,españa,habitación meliá,1,pareja,muy bueno! volvería a ir,"el personal fue amable y considerado. las habitaciones eran increíbles, realmente por el precio no nos esperabamos una habitación tan bella.",si no tienes coche o dinero para taxi esta bastante lejos de la parte dela ciudad mas linda para visitar,10.0,2024-01-28,fabuloso
meliá valencia,españa,habitación meliá,1,persona que viaja sola,felicidad,la barra del hotel,,10.0,2024-01-25,fabuloso
meliá valencia,españa,habitación meliá con 1 cama extragrande,3,pareja,agradable !1 cumplió mis expectativas.,"la amplitud del hotel, la posibilidad de aparcamiento exterior, los restaurantes de alrededor.",poco servicio disponible en la cafetería central del holl. un poco caro el desayuno. 30   por persona y día si no lo cogías en a la entrada.,8.0,2024-01-05,fabuloso
meliá valencia,españa,habitación meliá con vistas - 1 cama extragrande,7,pareja,"felicitar a todos en general, particularmente a chistian por su amabilidad",todo perfecto,,10.0,2024-01-04,fabuloso
meliá valencia,españa,habitación meliá,2,pareja,excepcional,la amplitud de la habitación y la comodidad de la cama,precio muy caro del desayuno,10.0,2024-01-01,fabuloso
meliá valencia,españa,habitación meliá,1,grupo,cómoda,todo,que no presentaban muchas opciones para seguir la noche el varsovia se cerraba a las 20:00,10.0,2023-12-30,fabuloso
meliá valencia,españa,habitación doble premium,1,pareja,biek,,"nos confundimos de melia, queríamos haber estado en el centro, no íbamos a congreso ni a negocios.",8.0,2023-12-29,fabuloso
meliá valencia,españa,habitación meliá,3,familia,excepcional,todo,,10.0,2023-12-15,fabuloso
meliá valencia,españa,suite junior,3,familia,fantástico,si todo bien,lo unico que no me gusto es que los niños no tienen acceso al spa ,9.0,2023-12-13,fabuloso
meliá valencia,españa,habitación meliá,2,pareja,maravillosa valencia,el trato del personal,,10.0,2023-12-07,fabuloso
meliá valencia,españa,habitación meliá,1,pareja,estuvo bien,"el desayuno muy bueno, había de todo para poder desayunar en condiciones y salir a la tarea se negocios.","el precio debería haber sido mejor porque para una noche casi 200  me pareció exagerado, pero bueno supongo que ahí veréis vosotros el modificar las tarifas para los viajeros y que se alojen en vuestro hotel.",10.0,2023-11-26,fabuloso
meliá valencia,españa,habitación meliá,1,familia,mejorable,la comodidad,la ubicación y el desayuno,9.0,2023-11-22,fabuloso
meliá valencia,españa,habitación meliá con 1 cama extragrande,1,pareja,muy buena,"serviciales , resolutivos y súper amables veníamos con mi mujer recién operada y nos trataron de maravilla, buen bufete desayuno y la habitación nos hicieron un upgrade por la convalecencia que agradezco enormemente la verdad excelente",el servicio en la terraza inexistente vivieron a darme la carta y tuve que entrar a pedir mi comida 20min mas tarde por que no vinieron a hacer comanda,10.0,2023-11-20,fabuloso
meliá valencia,españa,habitación meliá con vistas - 1 cama extragrande,1,familia,experiencia unica para probar,"absolutamente todo, la habitación muy amplia y luminosa con unas vistas impresionantes de toda valencia, el desayuno riquisimo y completo de todo y la ubicación, que aunque esté algo alejada del centro ciudad tiene de todo.","nada, todo perfecto",10.0,2023-11-19,fabuloso
meliá valencia,españa,habitación meliá con 1 cama extragrande,2,pareja,hotel muy bonito a buen precio,"el hotel y sus instalaciones son muy bonitas, todo esta nuevo y limpio. habitación amplia y vistas muy bonitas.","no había enchufe en el baño ni accesorios  gorro de ducha, cepillo de dientes .",9.0,2023-11-19,fabuloso
meliá valencia,españa,habitación meliá con 1 cama extragrande,1,familia,excepcional,excelente señal de aprobación con la mano,que no pude quedarme más tiempo.,10.0,2023-11-19,fabuloso
meliá valencia,españa,habitación meliá,1,persona que viaja sola,fantástico,trato y la habitación,olor de la moqueta,9.0,2023-11-15,fabuloso
meliá valencia,españa,habitación meliá con vistas - 1 cama extragrande,3,familia,muy bien,el personal excelente,son justitos con las toallas. hay bombillas fundidas,8.0,2023-11-09,fabuloso
meliá valencia,españa,habitación meliá con 1 cama extragrande,2,pareja,excelente hotel,"la comodidad de la habitación y las instalaciones del hotel, además del buen servicio de desayuno.","un poco retirado del centro, pero bien conectado.",10.0,2023-11-06,fabuloso
meliá valencia,españa,habitación meliá con 1 cama extragrande,1,familia,excelente hotel!!,las vistas desde la habitación,todo me gustó,10.0,2023-11-01,fabuloso
meliá valencia,españa,habitación meliá con 1 cama extragrande,1,familia,buen hotel para descansar y tener todas las comodidades,las instalaciones y el desayuno. muy completo,nada relevante,10.0,2023-10-29,fabuloso
meliá valencia,españa,habitación meliá,1,pareja,excelente,todo,nada,10.0,2023-10-29,fabuloso
meliá valencia,españa,habitación meliá,1,familia,fantástico,la zona de la piscina,,9.0,2023-10-23,fabuloso
meliá valencia,españa,habitación meliá con 1 cama extragrande,2,pareja,"estancia, personal y servicio de 10","una estancia muy agradable y completa, gracias al equipo de guest experience por el detalle del cumpleaños. volveré seguro.",nada,10.0,2023-10-23,fabuloso
meliá valencia,españa,habitación supreme,4,grupo,muy bien,,"no se ventilan las habitaciones,  hablado con personal de la limpieza  y no se pueden abrir las ventanas por razones de seguridad me dijeron",8.0,2023-10-20,fabuloso
meliá valencia,españa,habitación meliá,1,pareja,espectacular.,"la habitación, con su baño enorme, me encantó. las vistas eran espectaculares, y la atención del personal en la recepción fue buenísima.",no hubo nada que no me gustara.,10.0,2023-10-18,fabuloso
meliá valencia,españa,habitación meliá,1,grupo,fantástico,,"hola, pedimos unos sandwiches para cenar y estaban muy mal hechos, el jamón no estaba bueno, se lo comenté al día siguiente al gerente y anuló la cuenta de los sandwiches, pero no es normal que en un hotel así te hagan algo tan malo, caro y mal preparado",9.0,2023-10-18,fabuloso
meliá valencia,españa,habitación meliá con 1 cama extragrande,1,pareja,el hotel es una chulada,todo!!!!,a partir de las 15h no daba el sol en la piscina.,10.0,2023-10-17,fabuloso
meliá valencia,españa,habitación meliá con 1 cama extragrande,1,pareja,acierto seguro,"estuvimos poco tiempo en el hotel. pero suficiente para darte cuenta que es un hotel top de la ciudad. lo usamos para pasar nuestra noche de bodas, al ir a una discoteca próxima al hotel.",,10.0,2023-10-15,fabuloso
meliá valencia,españa,habitación meliá,2,pareja,todo perfecto,"el personal es muy agradable. tenía un congreso y tardaba prácticamente 2min, cruzar la calle.",nada,9.0,2023-10-14,fabuloso
meliá valencia,españa,habitación meliá,3,pareja,el mejor hotel de valencia,ubicación decoración instalaciones gran gimnasio desayuno,todo me gustó,10.0,2023-10-14,fabuloso
meliá valencia,españa,habitación meliá con 1 cama extragrande,1,pareja,excepcional,"bonito detalle en la noche de bodas. repetiremos  la estancia,,no la boda  cara sonriendo con corazones",,10.0,2023-10-09,fabuloso
meliá valencia,españa,habitación meliá,1,familia,"nuevo, bien ubicado, pero con mala relación calidad precio.",la zona de ubicación del hotel.,el buffet algo pobre para el nivel de hotel.,8.0,2023-10-07,fabuloso
meliá valencia,españa,habitación meliá,1,pareja,muy bien,"el desayuno muy bueno y habia de todo, las camas cojimos tres y muy comodas, un hambiente tranquilo.","piscina cerrada, y el spa va a aparte del hotel, queriamos reservar para iir al spa y nos decian que era obligatorio reservar un masaje.",8.0,2023-09-29,fabuloso
meliá valencia,españa,habitación meliá con 1 cama extragrande,3,persona que viaja sola,excepcional,"mi más sincera enhorabuena al personal de este hotel, porque no es posible que se diga nada malo de ellos. ojalá más personas así en el resto de hoteles.",,10.0,2023-09-29,fabuloso
meliá valencia,españa,habitación meliá,2,grupo,muy bien,el personal y la limpieza,nohabía terraza en la habitacion,8.0,2023-09-27,fabuloso
meliá valencia,españa,habitación meliá con 1 cama extragrande,1,pareja,excelente estancia,todo,nada,8.0,2023-09-25,fabuloso
meliá valencia,españa,habitación supreme,1,pareja,excepcional,todo,qué no había netflix,10.0,2023-09-20,fabuloso
meliá valencia,españa,suite junior,1,familia,excepcional,habitación y servicio,,10.0,2023-09-18,fabuloso
meliá valencia,españa,habitación meliá,2,persona que viaja sola,estupenda,"me gustó la ubicación, desayuno y sobre todo la atención.",algo que no se puede controlar como el tiempo.,9.0,2023-09-18,fabuloso
meliá valencia,españa,habitación meliá,2,familia,perfecto,todo,,10.0,2023-09-17,fabuloso
meliá valencia,españa,habitación meliá con 1 cama extragrande,1,grupo,descanso y disfrute,"la piscina me la imaginaba por la foto más grande. estuvo bien pero la foto da lugar a error. nos encantó la habitación y el baño sobretodo y la cama su comodidad. los artículos de baño rituals muy buenos. la entrada del hotel fabulosa, y la barra. el servicio y el trato muy bueno. el acceso a los servicios en el día de salida fue muy bueno, nos permitió disfrutar más tiempo de la ciudad. nos faltó un lugar donde poder ducharnos en un vestuario o algo así. en otros hoteles ofrecen una habitación de cortesía. yo había pensado una ducha en los baños de la piscina sería suficiente muchas gracias un saludo",,9.0,2023-09-15,fabuloso
meliá valencia,españa,habitación meliá,2,grupo,muy cómodo,habitaciones amplias y baños también.,la piscina me pareció que tenía pocas hamacas y un poco pequeña par lo grande que es el hotel,9.0,2023-09-14,fabuloso
meliá valencia,españa,habitación supreme,3,persona que viaja sola,excepcional,"el agua de la piscina estaba fría. lo que me pareció una pasada, este verano, el verano de 2023 , casi cualquier piscina y el mar mediterráneo me parecieron muy calurosos. en el mar y en otros sitios me sentí como un pollo en la olla. en la piscina de este hotel he gozado al máximo. refrescante",,10.0,2023-09-10,fabuloso
meliá valencia,españa,habitación meliá,2,pareja,bonito y cómodo hotel en valencia,"la amplitud del hotel, la habitación muy cómoda con bañera y ducha insonorizada y con buena vista, el desayuno",que el spa sea de pago y a precio elevado. que el menú de media pensión tenga la mitad de los platos con coste extra de hasta 6 ,9.0,2023-09-03,fabuloso
meliá valencia,españa,habitación doble premium,1,pareja,escapara lujosa,"la habitación impecable, las vistas son impresionantes y puedes ver prácticamente toda la ciudad. en todo momento la atención fue de 10, y nos sentimos perfectamente atendidos durante nuestra estancia.","el servicio de spa que ofrece el hotel, estuvo lleno durante toda nuestra estancia, siendo imposible acceder a él necesitando reserva previa, pero no nos informaron previamente de que debíamos realizar dicha reserva con anterioridad. finalmente nos quedamos sin poder disfrutar del servicio de spa, una pena.",9.0,2023-09-03,fabuloso
meliá valencia,españa,habitación meliá con vistas - 1 cama extragrande,2,grupo,agradable.,personal muy amable y servicial. bufet desayuno muy completo y variado. spa muy recomendable.,esta el hotel apartado del centro histórico.,9.0,2023-09-02,fabuloso
meliá valencia,españa,habitación meliá con 1 cama extragrande,2,pareja,fantástico,la habitación,un poco lejos del centro,9.0,2023-08-28,fabuloso
meliá valencia,españa,habitación meliá,1,familia,perfecto,para ir a la feria de muestras es perfecto.,nada,10.0,2023-08-27,fabuloso
meliá valencia,españa,habitación meliá con 1 cama extragrande,1,persona que viaja sola,excepcional,"el feeling de volver a tus orígenes sintiéndote turista hospedado en un lugar emblemático en el desarrollo reciente ,más o menos de la ciudad ... personal eficiente y agradable e instalaciones muy apetecibles y disfrutables a tope",,10.0,2023-08-25,fabuloso
meliá valencia,españa,habitación meliá con 1 cama extragrande,3,pareja,excelente el trato en masajes en el spas,todo muy bien,,9.0,2023-08-25,fabuloso
meliá valencia,españa,habitación meliá,1,familia,muy buen hotel en las afueras de valencia.,"hall, habitaciones, gimnasio  todo de gran nivel?",altura del parking justa para coche con cofre.,10.0,2023-08-24,fabuloso
meliá valencia,españa,habitación meliá,2,familia,"relajacion, descanso",la habitacion grande para lo que ofrecen hoy en los hoteles y el personal muy amable,"no me gustó el desayuno, poca calidad en los productos, tengo que agradecer que me hicieran una tortilla que le pedí. la piscina es muy pequeña pero al menos para quien quiera pasar un rato en ella vale.",8.0,2023-08-23,fabuloso
meliá valencia,españa,habitación meliá,3,pareja,muy bien,la limpieza de la habitación y la comodidad de las camas.,"la piscina es más pequeña de lo que parece, no hay tantas tumbonas como se muestran en la foto de referencia, el agua estaba bastante turbia.",8.0,2023-08-21,fabuloso
meliá valencia,españa,habitación meliá,1,pareja,descubrimiento de hotel,"que tiene de todo esta muy bien muy limpio todo,habitacion grande",que se tiene que pagar por todo,8.0,2023-08-21,fabuloso
meliá valencia,españa,habitación meliá,2,pareja,guay,el spa es maravilloso y la chica muy amable y simpatica,"la piscina mucha gente y poco espacio, no pudimos bañarnos ni una vez",9.0,2023-08-20,fabuloso
meliá valencia,españa,habitación meliá,2,familia,muy satisfactoria,"instalaciones, silencio en habitaciones y atención del personal",cierta humedad en sabanas y toallas por el clima,10.0,2023-08-18,fabuloso
meliá valencia,españa,habitación meliá,1,grupo,lejos del centro,habitación,piscina,8.0,2023-08-18,fabuloso
meliá valencia,españa,habitación meliá,3,familia,vacaciones en familia,me gusto sus instalaciones,nada que comentar,10.0,2023-08-17,fabuloso
meliá valencia,españa,habitación meliá,1,pareja,sobresaliente,"la atencion de los empleados ,la calidad del hotel en general, la limpieza y la comodidad de las camas, todo perfecto es un gran hotel  ","no le pongo un 10, porque nos pareció raro que todo el hotel tenía una limpieza sobresaliente menos el agua de la piscina, que estaba muy sucia . por lo demas excelente",9.0,2023-08-17,fabuloso
meliá valencia,españa,habitación doble premium,3,pareja,maravilla,las habitaciones premium muy amplias y completas la tele de la bañera de hidromasaje lo mejor,la piscina pequeña y sin tumbonas,10.0,2023-08-17,fabuloso
meliá valencia,españa,habitación meliá con 1 cama extragrande,2,pareja,excelente,las instalaciones y el servicio en general de 10,quizás un poco lento el servicio de limpieza de habitación,10.0,2023-08-17,fabuloso
meliá valencia,españa,habitación meliá,5,familia,muy bien,,el buffet desayuno,8.0,2023-08-16,fabuloso
meliá valencia,españa,habitación meliá con 1 cama extragrande,2,pareja,buena,todo,nada,8.0,2023-08-16,fabuloso
meliá valencia,españa,habitación meliá con 1 cama extragrande,6,pareja,ir a valencia sin conocer el melia es como ir a granada sin conocer la alhambra,"llegamos a las 23.50 horas tras un retraso de 15 horas y un extravío de maleta que nos la trajeron al quinto día de estancia. pasamos el día en el meliá costa del sol que ya nos encantó pero al bajar del taxi y ver la majestuosidad del meliá valencia nos dimos cuenta que en torremolinos nos quedamos cortos. no sé por donde empezar... una impresionante habitación en la planta 25 con un minibar y unas instalaciones de calidad y detalles superior; una cama que parecía dormías en el cielo; unos ascensores que siempre estaban disponibles; una limpieza impecable; una recepción con un equip  de profesionales de primera  gracias elena, por mediar con iberia por nuestro equipaje ; una cafetería oval donde tanto javier como mi tocayo nos daban un trato exquisito; una zona de copas, varsovia, con un ambiente de primera; una piscina en la planta primera formidable y una zona de relax en el spa hamam que fue nuestra despedida de este maravilloso hotel, que de seguro volveremos algún día. el hotel está en beniferri, una de las mejores zonas residenciales de valencia; a cinco minutos del metro y con una parada de autobús a cincuenta metros escasos donde el n  62 te dejaba o te traía del centro de valencia y lo mismo hacía el n  99 que iba directo a bioparc. muchas gracias, melia valencia, por unas vacaciones inolvidables","para ser totalmente sinceros, busqué y busqué fallos, faltas o algo pero no hubo manera de encontrar nada de nada; hemos viajado muchísimo y jamás he visto un caso similar; os he dado un diez porque sois un hotel diez. chapó",10.0,2023-08-15,fabuloso
meliá valencia,españa,habitación meliá con 1 cama extragrande,1,pareja,excelente,la habitación,la tele es antigua,10.0,2023-08-13,fabuloso
meliá valencia,españa,habitación meliá,1,pareja,perfecto,atención 24 horas,todo bien,9.0,2023-08-13,fabuloso
meliá valencia,españa,habitación meliá con 1 cama extragrande,5,familia,habitación cómoda y adaptada pero las instalaciones mejorables.,"las habitaciones son muy grandes aunque el armario pequeñito. el tener bañera y ducha ayuda mucho para personas con movilidad reducida como era nuestro caso. el te y café de cortesía se ha repuesto al día, cosa que se agradece y los jabones de rituals y servicio de toallas de piscina.","el agua de la piscina estaba sucia, aparentemente de las cremas solares y demás, pero escuecen mucho los ojos al utilizarla. para personas de movilidad reducida no es la mejor opción y aparenta más grande en la foto. además uno de los tres ascensores que creo se averió anoche, hoy todavía estaba igual, por lo que hemos tardado 1 hora en bajar de una planta 7 a recepción, subiendo a la planta 30 primero. se hubiera agradecido primero dar la alternativa de los ascensores internos antes y segundo, por lo menos el ofrecer un café, ya que por ese retraso nos quedamos sin desayunar en otro sitio. aun así, entiendo que ha sido algo puntual. el gimnasio es muy amplio pero creo que necesita más material y espejos.",8.0,2023-08-13,fabuloso
meliá valencia,españa,habitación meliá,3,familia,excepcional,"instalaciones , comodidad y amplitud de la habitación",lentitud check in,10.0,2023-08-12,fabuloso
meliá valencia,españa,habitación meliá,1,pareja,excepcional,todo en general,la piscina que se pone a tope de guiris,10.0,2023-08-11,fabuloso
meliá valencia,españa,habitación meliá con 1 cama extragrande,1,pareja,me gusta mucho la habitación siempre que eligo y la comida es mejorable respecto a la bollería tipo croissant que deberí,todo en general,no tengo nada negativo hacia el hotel,10.0,2023-08-10,fabuloso
meliá valencia,españa,habitación meliá,2,pareja,tened cuidado si lleváis mascota,todo,"pues el suplemento de 40  por llevar perro y 35  más porque en la habitación que tenía no era de perros, es decir, 75  por días más por llevar mascota.",10.0,2023-08-10,fabuloso
meliá valencia,españa,habitación supreme,1,persona que viaja sola,"perfecto, mismo con algunos disgustos",todo. y el silencioso,el servicio de habitación. casi hora y media llamando y no contestaban,10.0,2023-08-09,fabuloso
meliá valencia,españa,habitación meliá con 1 cama extragrande,5,familia,muy agradable,las habitaciones,la piscina muy chica y mucha gente,8.0,2023-08-07,fabuloso
meliá valencia,españa,habitación meliá,2,grupo,estancia muy agradable en todos los sentidos. sin duda repetiré cuando vuelva a valencia,desayuno muy completo y variado,,9.0,2023-08-07,fabuloso
meliá valencia,españa,habitación doble premium,1,pareja,fantástico,ubicación.,piscina pequeña.,9.0,2023-08-03,fabuloso
meliá valencia,españa,habitación meliá con vistas - 2 camas individuales,3,pareja,inolvidable,todo fue excelente.,,10.0,2023-08-02,fabuloso
meliá valencia,españa,habitación meliá con vistas - 1 cama extragrande,1,pareja,fantástico,"las instalaciones, geniales.",,9.0,2023-08-02,fabuloso
meliá valencia,españa,habitación meliá con 1 cama extragrande,2,pareja,un buen lugar en valencia,"el servicio de parte de maria que fue quien nos recibió fue muy amable y excelente. el hotel es muy lindo y las habitaciones son grandes, sin duda volveremos.",todo correcto,10.0,2023-08-01,fabuloso
meliá valencia,españa,habitación meliá con 1 cama extragrande,2,pareja,hotel súper confortable,"desayuno buenísimo con mucha variedad. muy buen servicio, recepción, metre, camareros e incluso el personal de la coctelería todos muy atentos. habitaciones súper confortables con geles y champús aromáticos. agua de sabores en la planta 0.",nada.,9.0,2023-07-31,fabuloso
meliá valencia,españa,suite junior supreme the level,1,pareja,repetiremos,"el servicio y tratamiento es muy satisfactorio. destaco del mismo a carmen que nos atendió a nuestra llegada en la recepción level, una profesional destacada y cercana.",,9.0,2023-07-31,fabuloso
meliá valencia,españa,habitación meliá con 1 cama extragrande,3,pareja,"buen hotel, recomendable","la habitación era muy amplia, me tocó trabajar allí y no tuve ningún problema, estuve bastante cómoda, tuve escritorio y varios sofás donde teletrabajar cómodamente. la cama además era gigante.","el elevado precio del desayuno, con lo que nos costó la estancia que nos quisieran cobrar más de 17euros por persona y día me parece un precio muy excesivo para un desayuno. por menos de 30e desayunamos los 4 días que estuvimos súper bien en un bar cercano.",8.0,2023-07-30,fabuloso
meliá valencia,españa,habitación meliá con 1 cama extragrande,1,pareja,muy cómodo y buena relación calidad-precio,"instalaciones, personal",,9.0,2023-07-30,fabuloso
meliá valencia,españa,suite junior supreme the level,3,familia,prácticamente perfecto. muy bien!!!!!!,desayuno y the level,horario cafetería,9.0,2023-07-28,fabuloso
meliá valencia,españa,habitación meliá,3,familia,fantástico,su ubicación y sus instalaciones,"la piscina es demasiado pequeña,el aire en la habitación apenas enfriaba",9.0,2023-07-27,fabuloso
meliá valencia,españa,habitación meliá,2,familia,maravillosa estancia,es un hotelazo. a todos los niveles. de 10.,,10.0,2023-07-26,fabuloso
meliá valencia,españa,habitación meliá,6,familia,vacaciones en familia.,"la climatización de las habitaciones y la comodidad de las camas. muy buena comunicación con la playa en tranvía y con el centro: bus en la esquina y metro a 200 metros. terrazas para cenar en los alrededores, barrio muy moderno. baño con ducha y bañera, retrete independiente aparcamiento en los alrededores sin problema las vistas desde level 26",desayuno excesivamente caro.,9.0,2023-07-25,fabuloso
meliá valencia,españa,habitación meliá con 1 cama extragrande,2,pareja,buena ubicación y atención del personal,excelente ubicación y conectado con trasporte público con el centro y el oceanográfico. muy buenas vistas y piscina para relajarse.,,10.0,2023-07-22,fabuloso
meliá valencia,españa,suite junior supreme the level,2,familia,estancia con niños,los trabajadores del hotel son muy amables y dispuestos a ayudar. un ambiente relajado. la piscina es pequeña pero agradable.,,10.0,2023-07-22,fabuloso
meliá valencia,españa,habitación meliá con 1 cama extragrande,1,pareja,relajante y luminoso,"atención excelente, amplió y cómodo. muy bien comunicado",,10.0,2023-07-20,fabuloso
meliá valencia,españa,habitación meliá,2,familia,fantástico,,no me gusto que se nos olvido una cosa en al habitación y volvimos en tres minutos de reloj y no nos quisieron abrir la habitacion,9.0,2023-07-20,fabuloso
meliá valencia,españa,habitación meliá con 1 cama extragrande,1,familia,excepcional,el hotel ha sido un acierto. todo está genial,,10.0,2023-07-20,fabuloso
meliá valencia,españa,habitación meliá con vistas - 2 camas individuales,1,pareja,gracias,todo el hotel,,10.0,2023-07-13,fabuloso
meliá valencia,españa,habitación meliá con 1 cama extragrande,1,pareja,muy bien,la habitación,,8.0,2023-07-12,fabuloso
meliá valencia,españa,habitación meliá,3,familia,fantástico,"las instalaciones en general excelentes, el desayuno muy completo y el gimnasio genial","la piscina un poco pequeña para la cantidad de personas alojadas, tumbonas insuficientes",9.0,2023-07-11,fabuloso
meliá valencia,españa,habitación meliá con 1 cama extragrande,1,pareja,paz,todas,"el aire acondicionado de la habitacion horrible, estuve a punto de bajar ha dormir al holl. no es comprensible que con lo grande que llega ha ser el holl este muchisimo mas fresco que la habitacion,, lo demas todo correcto. de hecho somos clientes y seguiremos siendo de este hotel un placer",8.0,2023-07-10,fabuloso
meliá valencia,españa,habitación meliá con 1 cama extragrande,1,pareja,excepcional,"absolutamente todo , las instalaciones y el servicio",,10.0,2023-07-08,fabuloso
meliá valencia,españa,habitación meliá,3,pareja,excelente,"mi esposo se enfermó y se portaron extremadamente bien, un agradecimiento especial al manager del hotel",,9.0,2023-07-07,fabuloso
meliá valencia,españa,habitación meliá,3,familia,excepcional,la habitación el ascensor la piscina,parquing muy caro,10.0,2023-07-06,fabuloso
meliá valencia,españa,habitación meliá,1,familia,muy bien,"el hotel y las habitaciones están muy bien, las camas cómodas y las vistas espectaculares. el servicio es muy atento.","el desayuno no fue acorde con la calidad general del hotel. había variedad, pero no la calidad que se esperaba. al irme del hotel, vi una cucaracha gigante en el vestíbulo, aunque en valencia, ya se sabe, es lamentablemente habitual.",8.0,2023-07-04,fabuloso
meliá valencia,españa,habitación meliá con 1 cama extragrande,1,persona que viaja sola,sitio perfecto casi,todo,un hotel de este nivel no debería de cobrar la carga coche eléctrico,9.0,2023-07-03,fabuloso
meliá valencia,españa,habitación meliá,1,pareja,excelente,todo,nada,10.0,2023-07-01,fabuloso
meliá valencia,españa,alojamiento the level supreme,1,persona que viaja sola,"muy bien , pero no un 10",todo,"dado el precio de la habitación , no me parece normal tener que pagar por el garage y sumarle pagar por cargar el coche eléctrico",9.0,2023-07-01,fabuloso
meliá valencia,españa,habitación meliá,1,familia,"estancia muy agradable y satisfactoria, pero con un pequeño pero.","hubo un problema con la reserva relacionado con la edad del menor, no sé si culpa mía o de la página, pero el hotel la resolvió de forma satisfactoria. gracias.","el desayuno temprano fue muy, muy pobre. ni siquiera había un mísero zumo de naranja.",9.0,2023-06-29,fabuloso
meliá valencia,españa,habitación meliá,2,pareja,bien en general,todo muy bien en general,"el desayuno me pareció menos completo que en otros de la cadena meliá,el zumo de naranja no era natural y había menos variedad.luego es un hotel para llevarse el coche porque está lejos de la playa y del centro y aunque hay un autobús enfrente del hotel tarda 45 min en llegar a la playa",8.0,2023-06-26,fabuloso
meliá valencia,españa,habitación meliá,1,familia,excepcional,las vistas de valencia,el precio del desayuno. 30 euros,10.0,2023-06-23,fabuloso
meliá valencia,españa,habitación meliá,1,pareja,excepcional,"la atención de maría, raquel, sara y josé antonio qué aunque era su primer día de trabajo lo hizo de categoría. nos hicieron un upgrade y tuvimos una estancia increíble. el desayuno muy variado. repetiremos sin dudar.",,10.0,2023-06-20,fabuloso
meliá valencia,españa,habitación meliá,2,familia,"excelente, me volveré a quedar allí!",la limpieza de las habitaciones. la variedad en el desayuno. las zonas de descanso.,,10.0,2023-06-19,fabuloso
meliá valencia,españa,habitación meliá con 1 cama extragrande,1,pareja,fantastica,,todo genial. cara feliz con ojos sonrientes,10.0,2023-06-12,fabuloso
meliá valencia,españa,habitación meliá con 1 cama extragrande,1,pareja,una experiencia de 10,"nos gustó todo del hotel, pero lo q más la zona the level, una vistas espectaculares y espacio acogedor",,10.0,2023-06-12,fabuloso
meliá valencia,españa,habitación meliá,1,familia,fantástico,la habitación,que no puedas hacer checkin hasta las 15:00,9.0,2023-06-12,fabuloso
meliá valencia,españa,suite junior  3 adultos ,2,grupo,confianza en meliá,"todo ha sido excelente, el espacio, servicios, limpieza, silencio, parking, apoyo en el traslado de enseres con el carro percha, la disposición de plancha, el facilitar el acceso y medios a maquilladora, peluquero y fotógrafos, las vistas, el uso de dispositivos recargables en el baño para evitar plásticos innecesarios, loa detalles que a la llegada de los novios y al regreso de su boda tuvo meliá,  ",,10.0,2023-06-11,fabuloso
meliá valencia,españa,habitación meliá,1,familia,meliá   acierto siempre; ,"el silencio en las habitaciones, el servicio de habitaciones, la disponibilidad para facilitar los medios necesarios, los detalles que melia tuvo con motivo de la boda de mi hija",el tiempo de espera para disponer de la habitación,10.0,2023-06-11,fabuloso
meliá valencia,españa,habitación meliá con 1 cama extragrande,1,pareja,muy agusto,si pero me tocó la zona que todavía no estaba reformada,si,8.0,2023-06-10,fabuloso
meliá valencia,españa,habitación meliá con 1 cama extragrande,1,grupo,bien,"muy limpio todo, ordenado, y la cama cómoda.",la presión de las duchas no había.la cama ponía que era extra grande y es una cama de 150cm más menos.,8.0,2023-06-09,fabuloso
meliá valencia,españa,habitación meliá con 1 cama extragrande,1,persona que viaja sola,fantástico,habitacion,el check-in es super lento. no se puede estar 25 minutos esperando.,9.0,2023-06-07,fabuloso
meliá valencia,españa,habitación meliá,2,familia,increíble,todo,,10.0,2023-05-29,fabuloso
meliá valencia,españa,habitación meliá,2,familia,excepcional,"el trato personal,todos muy amables",,10.0,2023-05-28,fabuloso
meliá valencia,españa,habitación meliá con 1 cama extragrande,1,pareja,querer mas tiempo de estancia,"es excepcional, quiero repetir",,9.0,2023-05-28,fabuloso
meliá valencia,españa,habitación meliá con 1 cama extragrande,1,pareja,excelente hotel en zona muy tranquila,paula en recepción excelente  .a parte su sonrisa habla muy bien en italiano. la instalación es muy lujosa excelente piscina y habitación amplia,"se nota que hicieron manutención de la estructura, pero creo que era necesaria una remodelación mas profunda y amplia ",9.0,2023-05-18,fabuloso
meliá valencia,españa,habitación meliá con 1 cama extragrande,1,pareja,calidad a buen precio en valencia,"calidades excelentes, muy limpio y muy cómodo",para hacer turismo está algo lejos aunque muy bien comunicado en metro,10.0,2023-05-15,fabuloso
meliá valencia,españa,habitación meliá con 1 cama extragrande,2,persona que viaja sola,muy bien,todo,"precio, relación calidad-precio",8.0,2023-05-14,fabuloso
meliá valencia,españa,habitación meliá,1,familia,un fin de semana fabuloso,en general todo..me gusto el trato del personal. las instalaciones. y la limpieza.,no puedo opinar. para nosotros estupendo,10.0,2023-05-12,fabuloso
meliá valencia,españa,habitación familiar,1,familia,excepcional,"buen servicio general, desayuno variado y buena calidad.",la puerta del acensor del parking no funcionaba bien.,10.0,2023-05-11,fabuloso
meliá valencia,españa,habitación meliá,1,grupo,fenomenal,todo,,10.0,2023-05-11,fabuloso
meliá valencia,españa,habitación meliá con 1 cama extragrande,1,familia,confortable,la limpieza y el tamaño de la habitación,precio por desayuno un poco excesivo,8.0,2023-05-08,fabuloso
meliá valencia,españa,habitación familiar comunicada,2,familia,cómodo,sin duda.. la habitación,el horario y carta del restaurante! al viajar con niños dispone de pocas opciones.,9.0,2023-05-07,fabuloso
meliá valencia,españa,habitación meliá con 1 cama extragrande,2,pareja,de lujo,el spa la piscina y el ascensor,"la ventana que no se podía abrir un poco, parecía que a cualquier momento mi pareja y yo nos quedaríamos sin oxígeno",8.0,2023-05-07,fabuloso
meliá valencia,españa,habitación meliá,3,familia,excelente,todo,,10.0,2023-05-02,fabuloso
meliá valencia,españa,habitación meliá con 1 cama extragrande,2,pareja,fantástico,habitación es amplia sin agobios y con buenas vistas.,,9.0,2023-04-25,fabuloso
meliá valencia,españa,habitación meliá con 1 cama extragrande,1,pareja,muy bien,la habitación tan grande y la cama también,,8.0,2023-04-23,fabuloso
meliá valencia,españa,habitación meliá con 1 cama extragrande,1,familia,fantástico,si,,10.0,2023-04-19,fabuloso
meliá valencia,españa,habitación meliá con 1 cama extragrande,1,pareja,genial,la limpieza y que permitieron permanecer en la piscina después de hacer el check out,,10.0,2023-04-17,fabuloso
meliá valencia,españa,habitación meliá con 1 cama extragrande,1,persona que viaja sola,agradable,la cama y las vistas,"el agua de la ducha ,salía muy caliente o muy fría.no me he podido duchar.me quemaba",6.0,2026-04-12,fabuloso
meliá valencia,españa,habitación meliá con 1 cama extragrande,3,familia,es un hotel de 3 estrellas como mucho,el hall,las habitaciones viejas. el agua sale fria y caliente de forma intermitente. las almohadas incomodas.,1.0,2026-04-12,fabuloso
meliá valencia,españa,suite junior supreme the level,1,pareja,aceptable,el trato muy bien,la cama era súper incómoda a pesar de pagar una habitación más cara y para colmo obras en las habitaciones d abajo. íbamos a descansa y nada más lejos de la realidad.,5.0,2026-03-06,fabuloso
meliá valencia,españa,alojamiento the level supreme,1,pareja,caro y malo,las vistas,"pedimos cama doble y nos dieron dos camas individuales, nos pusieron en una na habitación comunicada y el ruido por la noche era insoportable",5.0,2026-02-21,fabuloso
meliá valencia,españa,habitación doble premium,1,pareja,publicidad engañosa e imposible descansar,nada,"lo primero, las fotos que publican como habitaciones premium son mentira, son habitaciones viejas. lo siguiente es que durante toda la noche la nevera del minibar de la habitación suena como el motor de un coche. y lo último y mas grave, desde las 7:30 de la mañana justo en la habitación de arriba haciendo obras con muchísimo ruido, cuando he llamo a recepción me dicen que lo sienten mucho pero que no pueden hacer nada     se supone que un hotel vende descanso!!! pd: no hay cobertura movil en el hotel ",1.0,2026-02-13,fabuloso
meliá valencia,españa,habitación meliá con 1 cama extragrande,2,pareja,decepcionante,,"que me olvidé una sudadera en la habitación 1210 el domingo 25 de enero , y ha desaparecido",1.0,2026-01-29,fabuloso
meliá valencia,españa,habitación meliá con 1 cama extragrande,1,familia,defraudada,el hall era precioso,"llegamos con la expectativa alta, vimos la entrada y quedamos alucinados, pero al llegar a la habitacion lo primero en el baño la vileda de la limpieza olvidada alli!!! y la estancia enhorme pero nada que ver con el hall , se veia mas viejo y descuidado.. y el restaurante socarrat tenia muy buena pinta y fue una cena muy muy justa .. baja calidad a precio de gran restaurante.. una pena la experiencia era salida de negocios y aprovechar la salida para desconectar de familia y niños con mi marido por eso reserve en el melia y al final fue una noche como otra mas.",2.0,2026-01-28,fabuloso
meliá valencia,españa,habitación supreme,2,familia,hotel muy bonito pero con puntos de mejora,en líneas generales la estancia fue muy buena. el hotel muy moderno y la habitación tal cual la foto. el desayuno bien pero con mucho que mejorar por ejemplo el café.,"las habitaciones no están insonorizadas, la limpieza ha dejado que desear y las toallas estaban percudidas.",6.0,2026-01-03,fabuloso
meliá valencia,españa,habitación familiar,2,familia,regular...,siempre que voy a valencia me quedo en este hotel por la ubicación y comidad,"la habitacion que me dieron al llegara estaba muy bien, la segunda habitación que me dieron por que tuve que quedarme un día más, la ducha no regulaba bien el agua caliente y fría, ponías el agua tibia y cada 3 min el agua se ponía hirviendo, el teléfono no servía para llamar a recepción.. llamé desde mi celular para reportar la ducha y el teléfono, me dijeron que enviaran a alguien y jamás fue",7.0,2025-12-18,fabuloso
meliá valencia,españa,habitación meliá con 1 cama extragrande,1,pareja,no muy conforme,"la localización, puesto que tenía una formación en el mismo hotel","la habitación no estaba especialmente limpia. realicé el check in tanto por internet como presencialmente, cosa que no entiendo  fotografía de dni y datos bancarios incluídos . la persona que me recibió me hizo decir en voz alta la tarjeta con los datos, incluso me pidió el cvv  cosa que no le dije , puesto que no se puede pedir. escribió mi número de tarjeta en una hoja, diciendo que no habría luego problema. a mi salida, pregunté por esa hoja y mis datos, me dijo la persona de recepción  que era otra , que no pasaba nada. insistí en que no es una forma de tratar los números de tarjeta bancaria y fechas de caducidad de la misma. la cama era incomodísima y tanto el sillón de la habitación como la moqueta, estaban llenos de manchas.",3.0,2025-12-16,fabuloso
meliá valencia,españa,habitación meliá,1,pareja,agradable,las instalaciones,"reservamos el hotel para hacer la maratón de valencia, y no nos dieron ninguna facilidad para hacer el check-out mas tarde de lo habitual. con lo cual, pagando lo que pagamos, no pudimos ni ducharnos al terminar la carrera. una pena que hoteles de este calibre y renombre fallen en cosas tan tontas. no volveré a esta cadena, porque si en estos detalles pequeños fallan, no quiero pensar cuando fallen en cosas importantes.",6.0,2025-12-08,fabuloso
meliá valencia,españa,habitación supreme,2,pareja,bien,las instalaciones y la comodidad de las habitaciones,"que cobrarán suplemento por dejar hacer el check out más tarde por motivos justificados y que no está muy bien insonorizado, desde la planta 17 que estuvimos se oyen pasar las motos por la carretera",7.0,2025-12-08,fabuloso
meliá valencia,españa,habitación meliá,1,pareja,normal,la ubicación,"en la habitación no servia el teléfono, tratamos de llamar al servicio de habitación y sonaba siempre ocupado y en la ducha salía agua caliente y luego fría lo reportamos llamando desde mi celular, para que mandaran el servicio técnico y nunca fue, por tanto bañarnos fue una mala experiencia..",5.0,2025-11-23,fabuloso
meliá valencia,españa,habitación meliá,1,familia,aceptable,el gimnasio está muy bien,"spa no incluido. desayuno no es bueno para el precio. no ponen ni chanclas ni zapatillas para estar en habitación, secador baja calidad etc",5.0,2025-10-15,fabuloso
meliá valencia,españa,alojamiento the level supreme,2,grupo,buena estáncia pero falta de servicios en level.,"muy amables, habitación amplia, moderna y limpia.","el servicio level no estaba a la altura de otros meliá. no había amenities en la habitación, ni albornoces, ni zapatillas. tuvimos que pedirlo todo. en la planta 26  level , el pequeño buffet daba pena y los canapés ni probarlos, parece que estaban allí todo el día los mismos. servicio spa muy mal, no funcionaban ni la mitad de los servicios. jacuzzi helado, duchas hidromasaje no funcionaban,... room service nefasto. esperando 1.5 horas para un plato de jamón  con tostadas quemadas  y una ensalada. gracias por regalarnos el parking por los inconvenientes.",7.0,2025-10-03,fabuloso
meliá valencia,españa,habitación meliá con vistas - 2 camas individuales,1,grupo,mejorable,personal,la hamburguesa del room service y la cama es dura,7.0,2025-10-02,fabuloso
meliá valencia,españa,habitación meliá,2,familia,regular,las instalaciones comunes están muy bien y el bufete del desayuno.,"llegamos al hotel a las 17:00h y la habitación no estaba preparada, tuvimos que esperar 20 minutos y cuando subimos estaba preparada para 2 personas y éramos 3. las tuberías del baño olían muy mal y el pasillo de la planta 10 también.",5.0,2025-09-15,fabuloso
meliá valencia,españa,habitación meliá,1,familia,una opción correcta para alojarse en valencia,"la amabilidad de manuel en el check-in. la habitación era muy grande, y tenía buenas vistas. no nos tocó una habitación reformada, y se le notaban los años. no obstante, era correcta y estuvimos cómodos. el baño también era muy espacioso, con bañera a un lado y ducha al otro.","era una habitación para tres adultos, y la tercera cama fue un  plegatín  pequeño. la habitación era suficientemente grande para haber puesto una tercera cama supletoria. no nos pareció bien para un tercer adulto. el desayuno era muy variado y abundante, pero de calidad normal.",6.0,2025-09-11,fabuloso
meliá valencia,españa,habitación meliá,1,pareja,aceptable,"las sábanas y almohada olía a cigarrillos, supongo q no estaban cambiadas. y en el suelo había cotonet usado",no me gustó lo de arriba. indicado,5.0,2025-09-06,fabuloso
meliá valencia,españa,habitación meliá,4,pareja,decepción piscina,"bien situado si vas solo a dormir está bien. las instalaciones se ven bonitas, recepción y terraza de la entrada  habitación grande y cómoda.","la piscina no tiene nada que ver con las fotos. todo el mundo que llegaba se le veía la cara de decepción. era pequeñísima, éramos 4 parejas dentro del agua unos en cada esquina y parecía que estábamos demasiado juntos , agua turbia el baño estaba bien pero alguno de los amenities no se habían repuesto. pedimos más y a la mañana siguiente al limpiar la habitación se habían llevado el bote nuevo y seguían sin reponer los del baño. te dan unos descuentos para el bar varsovia pero son confusos. te dicen descuento 10  , resulta que el descuento es que la bebida se queda por 10 . igualmente, pedimos dos mojitos, malísimos no sabían ni a mojito. la atención de la camarera tampoco me gustó mucho. el bufé no lo probamos porque solo teníamos alojamiento pero preguntamos para desayuno y eran 30  el bufé por persona para desayunar. nos pareció un poco exagerado.",7.0,2025-08-22,fabuloso
meliá valencia,españa,habitación doble premium,1,pareja,decepcionado con booking.com publicidad engañosa,el personal el hotel la limpieza y alguna cosita mas,que booking.com donde hago mi reserva muestra unas fotos de la habitación que yo reservé cadecia de todo y en el hotel hasta el personal desconoce el tipo de artículos que se ofrecen en las fotos que proporciona booking.com sale un masajeando de pies y de espalda que ya no existe sale que me proporcionan albornoz y no se me proporciona sale una madera en la bañera con un set de sales y geles de baño que tampoco existe en el hotel y no me parece bien el precio que pague para no disfrutar de lo que booking.com especifica y enseña en fotos,1.0,2025-08-07,fabuloso
meliá valencia,españa,habitación meliá,3,pareja,bien,la habitación y el buffet,"la piscina, demasiado pequeña",7.0,2025-08-01,fabuloso
meliá valencia,españa,habitación meliá con 1 cama extragrande,3,familia,bien,buen trato hotel cómodo,el ascensor y bar de piscina un poco desastre,7.0,2025-06-17,fabuloso
meliá valencia,españa,alojamiento the level supreme,2,familia,ventanas,el personal tiene un trato exquisito,hace calor dentro y no se pueden abrir ventanas. demasiado caro para lo que es. sólo guiris.,7.0,2025-06-02,fabuloso
meliá valencia,españa,habitación meliá con 1 cama extragrande,1,pareja,pésimo,,el baño olía mal llamamos para comunicarlo y no lo solucionaron,1.0,2025-05-20,fabuloso
meliá valencia,españa,habitación meliá con vistas - 1 cama extragrande,1,pareja,aceptable en calidad pero no el precio,,"no incluye spa en precio, te dicen que lo lleva otra empresa, luego el almuerzo muy caro, las habitaciones aceptable pero no espectaculares como en otros hoteles de esta gama, vistas bonitas pero  de que sirve si los cristales estan sucios ? lo comentamos y nos dijeron que en nuestra ala no ha sido reformado  te vas con mal sabor boca en general",5.0,2025-05-01,fabuloso
meliá valencia,españa,habitación meliá con 1 cama extragrande,1,pareja,falta de personal de seguridad,,"tuvimos una malísima experiencia ya que a las 01:00 de la madrugada, en la habitación de al lado montaron una fiesta y el personal del hotel aunque atento, no pudo cortar la situación por que no hay un responsable de seguridad, ni autoridad ninguna. nos amenazó una de las personas que estaban alterando el orden al encontrarse con nosotros en el pasillo del ascensor cuando estábamos cambiando de habitación.. tampoco se avisó a la policía y entiendo que llegados a esta situación de amenaza por otro huésped, es lo que se tenía que haber hecho.",1.0,2025-05-01,fabuloso
meliá valencia,españa,habitación meliá con 1 cama extragrande,4,familia,pésimo,desastre .hotel viejísimo..no funciona casi nada..el spa se paga aparte...un desastre...ni se te ocurra..caro y malo,desastre .hotel viejísimo..no funciona casi nada..el spa se paga aparte...un desastre...ni se te ocurra..caro y malo,1.0,2025-04-25,fabuloso
meliá valencia,españa,habitación meliá,1,familia,melia....oro parece plata no es.,desayuno,"la comida del bar del hotel es pesima y tramendamente cara. un sandwich mixto cutre quemado 10 euros..6 croquetas congeladas de jamon malisimas 16 euros...unos finger de pollo torraos y duros incomibles. una decepcion de comida en un hotel de esta categoria. en el macdonal hay una calidad superior. fue una decepcion. el spa....1 hora ....35 euros....no funcionaba el chorro principal, ni una ducha, ni el jacuzzi....decepcionante.",6.0,2025-04-18,fabuloso
meliá valencia,españa,habitación supreme,2,familia,decepcionante,"la atencion de recepcion u nula,por no tener tarjeta de debito,me hicieron dejar 50 e por noche de deposito,aparte de 175 por noche,carisimo calidad precio ademas lo salida era a las 12 y a las 11 y me eztaban llamando.pesimo el tratamiento de recepcion",,4.0,2025-04-03,fabuloso
meliá valencia,españa,habitación meliá con vistas - 1 cama extragrande,2,pareja,decepción por precio del spa y la gestión por empresa externa,,"cogí este hotel por el spa y al llegar y preguntar para reservar una sesión nos dijeron que lo gestionaba una empresa externa. el precio era excesivo para solo 1 hora. no es lógico anunciar un hotel con spa cuando no es uso excluido de los huéspedes. eso me desencanto. además las habitaciones se ven antiguas. la moqueta no es higiénica, aunque está cuidada y limpia aparentemente",7.0,2025-03-16,fabuloso
meliá valencia,españa,habitación meliá con 1 cama extragrande,2,familia,agradable,todo estaba bonito,no se pero cuando me echaba en la cama me picaba el cuerpo sería conveniente lo revisaran tal vez la manta de plumas en fin 1308,6.0,2025-03-03,fabuloso
meliá valencia,españa,habitación meliá,1,pareja,confortable y agradable,muy confortable y el trato de el personal,falta de enchufes en el baño y falta de escobilla,7.0,2025-03-03,fabuloso
meliá valencia,españa,habitación meliá con 1 cama extragrande,1,pareja,mal,,que entrarán a mi habitación una trabajadora sin llamar me quedé alucinada,3.0,2025-02-20,fabuloso
meliá valencia,españa,habitación meliá con vistas - 1 cama extragrande,2,persona que viaja sola,bien,"la habitación y las vistas, planta 25.","el desayuno, bastante malo.",7.0,2025-02-16,fabuloso
meliá valencia,españa,habitación meliá,2,grupo,buena ubicación y servicio. mal buffet.,la atención de todo el personal y la ubicación cercana al palacio de congresos.,"las camas muy incómodas. habitación triple con 3 adultos nos pusieron una cama supletoria de niños. el buffet libre no tenía calidad alguna: fiambre industrial, bollería y panadería industrial, zumos no naturales, etc. todo esto por 15  al día.",6.0,2025-02-02,fabuloso
meliá valencia,españa,habitación meliá,1,persona que viaja sola,bien,"cuarto de baño sin ningún enchufe, ducha dificil de regular temperatura del agua.",,7.0,2025-01-27,fabuloso
meliá valencia,españa,habitación meliá con 1 cama extragrande,1,pareja,mejorable con pequeños detalles,las vistas,"los amenities, incluso los más básicos como un cepillo de dientes, brillan por su ausencia, es cierto que puedes llamar y pedir lo que necesites, pero también tendrás que esperar todo el tiempo que tarden  y puede ser mucho más de media hora  en subírtelos, olvídate de descalzarte y descansar nada más llegar.",5.0,2025-01-05,fabuloso
meliá valencia,españa,habitación meliá,1,persona que viaja sola,no muy agradable,la,la calefaccion no funcionaba y llame tres veces para lo solucionaran 10:30 de la noche sin solucionar noche fria en la habitacion .,7.0,2024-12-13,fabuloso
meliá valencia,españa,habitación meliá,2,pareja,precio demasiado alto para la calidad de las habitaciones,el trato del personal,habitaciones con mobiliario muy antiguo,4.0,2024-10-27,fabuloso
meliá valencia,españa,habitación meliá,1,persona que viaja sola,bien,tamaño habitación y vistas,el baño y la presión de la ducha,7.0,2024-10-24,fabuloso
meliá valencia,españa,alojamiento the level supreme,1,persona que viaja sola,pésimo,nada porque son uno impresentable,nada son unos impresentables,1.0,2024-10-17,fabuloso
meliá valencia,españa,habitación meliá,1,familia,bien,la ubicación,la bebidas en el bar de la piscina. la cerveza no estaba no estaba en su punto de enfriamiento.. nos quitaron la luz media hora antes de salir,7.0,2024-10-14,fabuloso
meliá valencia,españa,habitación meliá,1,persona que viaja sola,bien,el gimnasio y la habitación. las vistas y la piscina,"no se veían los canales de tv, llamé varias veces para que lo solucionaran y no fue nadie, con diferentes excusas. un hotel de esta categoría no se puede permitir estas condiciones de servicio. el desayuno, aunque tenía opciones saludables la calidad era bastante regular...",7.0,2024-10-02,fabuloso
meliá valencia,españa,habitación meliá con 1 cama extragrande,2,pareja,me ha decepcionado,"la ubicación y la zona  con muchos restaurantes , acceso rápido a carretera y el area de la entrada es muy acogedora y elegante.","la habitación era muy grande, permitía abrir las maletas muy cómodamente pero no se podían abrir las ventanas, era agobiante. el desayuno fue pésimo, el cafe era horrible y la calidad de la comida no estaba al nivel de melia.",4.0,2024-09-21,fabuloso
meliá valencia,españa,habitación meliá con vistas - 2 camas individuales,2,familia,agradable,"las instalaciones son modernas, la habitación con tamaño adecuado",la alfombra de los pasillos huelen muy desagradable el buffet del desayuno no tiene muchas opciones y la comida no estaba buena,6.0,2024-08-31,fabuloso
meliá valencia,españa,habitación meliá con 1 cama extragrande,1,familia,piscina gélida!,"es relativamente moderno y con decoración sofisticada, todo muy normal.",la piscina como un témpano de hielo! y eso que estuvimos en mitad de agosto. gélida! no le da ni un rayo de sol . al final escogimos ese hotel para que el niño estuviera en la piscina un rato y nos tocó sacarlo a los 10 minutos congelado.,7.0,2024-08-19,fabuloso
meliá valencia,españa,habitación meliá con 1 cama extragrande,2,pareja,"para business ok, para vacacional no","normal, nada espectacular",la piscina parecia una bañera de pequeña y el solárium insuficiente,5.0,2024-08-15,fabuloso
meliá valencia,españa,habitación meliá con 1 cama extragrande,1,pareja,no es lo que parece,"solo 3 ascensos para un complejo de 30 plantas. habitación totalmente claustrofóbica, sin ninguna opción de tener una ventana abatible cara con calor . la piscina es enana, un cajón de pvc melia siempre destaca por su excelencia, en este caso, dejó mucho que desear.",nada,5.0,2024-08-03,fabuloso
meliá valencia,españa,habitación meliá con vistas - 1 cama extragrande,1,pareja,bien,,el calor en la habitación,7.0,2024-07-28,fabuloso
meliá valencia,españa,habitación meliá,2,pareja,no reservéis para noche de bodas,"tiene buenas vistas , está limpio","yo fui por noche de bodas y me hicieron pagar la parte level supuestamente porque iba a estar mejor y me pusieron en una habitación donde al lado metieron un perro  porque lo permiten   donde no pudimos descansar a parte de por el perro por un   músico   que tenía en una habitación al representante y en vez de llamarle le chillaba por el pasillo a las 5 de la mañana . para colmo no bastó llamar a recepción una vez , fueron dos ..y el seguridad no hizo mucho por no decir nada , me parece carísimo para lo mal que estuvimos y más sabiendo ellos que era una noche de bodas   dos estuvimos   la primera bien , claro que llegamos a las 6 de la mañana tampoco cuenta mucho , pero la segunda aún estamos alucinando de lo poco profesionales que fueron en todos los sentidos",3.0,2024-07-19,fabuloso
meliá valencia,españa,habitación meliá con vistas - 1 cama extragrande,2,pareja,decepcion,los espacios y decoración de las instalciones,el servicio y la atención de parte del personal del restaurante oval,5.0,2024-07-14,fabuloso
meliá valencia,españa,suite junior,1,persona que viaja sola,pésimo,"no me dejaron ni cambiar de fechas ni devolución, cuando voy constantemente a esta cadena",,1.0,2024-06-23,fabuloso
meliá valencia,españa,habitación meliá,2,persona que viaja sola,bien,,"el confort de la cama, creo que es mejorable gracias",7.0,2024-06-18,fabuloso
meliá valencia,españa,habitación meliá con 1 cama extragrande,1,pareja,decepcionante,,"el personal de limpieza abrió la puerta de la habitación a las 10 de la mañana, sin llamar a la puerta, despertándonos y sin disculparse por la intrusión. lo mínimo que espero cuando visito un hotel de la cadena meliá es que respeten mi privacidad y garanticen mi descanso. me he alojado anteriormente en otros meliá y jamás había tenido una experiencia tan negativa. sin duda, no repetiré la experiencia.",3.0,2024-06-10,fabuloso
meliá valencia,españa,alojamiento the level supreme,1,grupo,bien,,me olvidé el cargador y no me lo han devuelto,7.0,2024-06-09,fabuloso
meliá valencia,españa,habitación meliá con 1 cama extragrande,1,persona que viaja sola,decepcionante,nada,todo,3.0,2024-05-31,fabuloso
meliá valencia,españa,habitación meliá,1,persona que viaja sola,las apariencias engañan,el lobby,"habitaciones muy antiguas, el aire acondicionado hace un ruido terrible y no se puede regular de forma digital, va con una rueda que no pone ni números. necesita una reforma en habitaciones estándar urgente!",7.0,2024-05-01,fabuloso
meliá valencia,españa,habitación meliá con 1 cama extragrande,1,grupo,cómodo,"la habitación es bastante espaciosa, la cama muy cómoda igual que la ducha, el área de la piscina muy linda igual que la recepción","encontramos un vaso sucio, tenía labial pero nos dio igual reclamar eso, la tele no funcionaba, y teníamos una gotera en el lavamanos, lo importante es que la gotera la arreglaron inmediatamente cuando le avisamos.",6.0,2024-04-29,fabuloso
meliá valencia,españa,habitación meliá con 1 cama extragrande,3,pareja,bien,"la habitación era muy amplia y bien iluminada. esta cerca del metro, en zona muy bien comunicada. personal muy amable y siempre dispuestos ayudar. todo muy limpio.","el desayuno es muy caro. en las fotos parece que hay piscina cubierta pero es parte del spa, que también se paga a parte.",7.0,2024-04-27,fabuloso
meliá valencia,españa,habitación meliá con vistas - 1 cama extragrande,3,pareja,"espectacular por fuera, carente por dentro.",el edificio y las vistas,"las instalaciones están anticuadas. el tirador de la puerta roto, no salía agua caliente de la ducha. para ser un melia tendría que tener más prestaciones",6.0,2024-04-01,fabuloso
meliá valencia,españa,habitación meliá,2,familia,aceptable,"el desayuno en si estaba bien, pero en comparación con otros había poca variedad.",la falta de laborales dentro de la habitación. toallas sin cambiar y sábanas no estiradas,5.0,2024-03-30,fabuloso
meliá valencia,españa,habitación meliá con 1 cama extragrande,1,familia,aceptable,en general todo bien,"se montaron una fiesta en una habitación cerca a la nuestra, y tuvimos que llamar a recepción. ahora fue llamar y dejaron de molestar",5.0,2024-03-23,fabuloso
meliá valencia,españa,habitación meliá,5,persona que viaja sola,buena,,pasillos demasiado sucios,7.0,2024-03-19,fabuloso
meliá valencia,españa,habitación meliá,1,pareja,aceptable,el desayuno,"el colchón, la higiene en cortinas y moquetas",5.0,2024-03-17,fabuloso
meliá valencia,españa,habitación meliá,2,familia,nos esperábamos mas,colas y demasiado tiempo de espera ascensores. puerta principal averiada. poca ayuda con maletas imposible coger cita spa,,6.0,2024-01-08,fabuloso
meliá valencia,españa,habitación meliá con 1 cama extragrande,2,pareja,mal,la ubicación,la calefacción no funcionaba y tuve que quejarme en recepción que me dieron otra. sin problemas la nevera de la habitación perdía agua y era un peligro por si había un corto circuito o te podías electrocutar,3.0,2023-12-29,fabuloso
meliá valencia,españa,habitación meliá con 1 cama extragrande,1,familia,decepcionante,,"hola, la verdad no nos gusto mucho, escójanos el hotel por que tenía piscina internar y resulta que es aparte lo cual estaba en las fotos, debería especificar eso antes por que para usarla había que pagar entrar una locura",4.0,2023-12-01,fabuloso
meliá valencia,españa,habitación meliá,2,persona que viaja sola,"me ha gustado la amplitud de la habitación, pero olía mucho a tabaco",la comodidad de la habitación e ubicación,"olía mucho la habitación a tabaco, era horroroso",7.0,2023-11-30,fabuloso
meliá valencia,españa,habitación doble premium,1,persona que viaja sola,por 150  hay mejores sitios en valencia,maryem,que no incluya spa cuando en booking ponia que tenia spa hay que dejar las cosas claras y intentar no confundir al cliente,7.0,2023-11-25,fabuloso
meliá valencia,españa,habitación meliá,4,persona que viaja sola,aceptable,,se olvidaron de hacer mi habitación . increible,5.0,2023-10-20,fabuloso
meliá valencia,españa,habitación meliá con 1 cama extragrande,1,pareja,agradable,regular,,6.0,2023-10-16,fabuloso
meliá valencia,españa,habitación meliá con 1 cama extragrande,1,persona que viaja sola,bien,,habitaciones un poco antiguas,7.0,2023-10-01,fabuloso
meliá valencia,españa,habitación meliá con 1 cama extragrande,1,pareja,decepcionante,la amplitud,olor a tabaco muy fuerte,4.0,2023-10-01,fabuloso
meliá valencia,españa,habitación meliá con 1 cama extragrande,3,pareja,bien,ubicación y calidad de trato.,limpieza y horarios de limpieza de habitación,7.0,2023-09-13,fabuloso
meliá valencia,españa,habitación meliá con 1 cama extragrande,2,persona que viaja sola,"muy mala atencion por parte del personal, desde principio hasta el final  todavia estoy esperando a que me manden la fac",nada,todo,1.0,2023-09-02,fabuloso
meliá valencia,españa,habitación meliá con 1 cama extragrande,1,familia,agradable,las instalaciones,,6.0,2023-08-27,fabuloso
meliá valencia,españa,habitación meliá,1,familia,bien,tuvimos algún problema durante la estancia que el personal de recepción soluciono.,"buscamos un hotel con piscina y la piscina no pudimos usarla, estaba congelada además poolbar bastante caro",7.0,2023-08-25,fabuloso
meliá valencia,españa,habitación meliá,2,familia,muy caro para lo que se ofrece. la piscina es ridícula para la cantidad de gente que la usa en verano,si,la piscina y el precio,7.0,2023-08-23,fabuloso
meliá valencia,españa,habitación supreme,4,grupo,pésima,el bar varsovia y la amabilidad de los camareros,"que si nisiquiera hubiese cepillo de dientes en la habitación, ni zapatillas para estar por la habitación.. y no hay enchufe para la playa del pelo en el baño!! solo está el secador.. un desastre cuando encima pagas una suite. la habitación era poco acogedora, apenas sin luz ni posibilidad de vistas",1.0,2023-08-21,fabuloso
meliá valencia,españa,habitación meliá,1,pareja,bien,la habitación estaba bien y muy insonorizada.,el pasillo de la hab olía mal.,7.0,2023-08-21,fabuloso
meliá valencia,españa,habitación meliá,1,familia,agradable,ubicación perfecta,las fotos de la piscina no sé corresponden. parece una piscina grande y es más pequeña de lo que parece. para mojarse vale. para nadar ni en sueño. el pasillo de mi habitación tenía un fuerte olor a humedad.,6.0,2023-08-19,fabuloso
meliá valencia,españa,habitación meliá,1,persona que viaja sola,mal.,la ubicación,"al llegar al hotel nos dijeron que la reserva no estaba pagada, por lo que tuvimos que pagar de nuevo. hemos abonado la habitación 2 veces!!!!! una a booking y otra al hotel, hoy es 31 de julio y aún no tengo el problema solucionado. aún no he recibido la deviolución de la cantidad indevidamente cobrada. lamentable. no repetiré en este hotel. seguro",1.0,2023-07-31,fabuloso
meliá valencia,españa,habitación meliá,1,familia,bien,habitaciones amplias.,falta personal en recepción. los ascensores no son aptos para personas con vértigo.,7.0,2023-07-29,fabuloso
meliá valencia,españa,habitación meliá,2,pareja,pésimo,,"me he podido alojar en bastantes hoteles de la cadena melia y, la verdad, ha sido la peor experiencia en todo este tiempo. al llegar, nos asignaron una habitación en la que la que el olor de las tuberías del baño era insoportable. si bien al comunicarlo a recepción se solucionó rápidamente, no es propio de un melia. estuvimos tomando algo en la terraza de la entrada del hotel y sorprendentemente nos sirvieron las bebidas en un vaso de cartón mientras que el resto de los clientes disfrutaban de sus bebidas en vaso de cristal. parece ser que melia tiene preferencia por el turismo internacional más que el nacional por el trato que recibimos. para colmo, pedi un café en la piscina y el camarero, amablemente, me invitó a que bajara yo al bar de la recepción a pedir y subir el café dado que no disponían de café en ese momento.",1.0,2023-07-23,fabuloso
meliá valencia,españa,habitación meliá,1,pareja,más o menos,la vista,el baño no olía bien,4.0,2023-07-10,fabuloso
meliá valencia,españa,habitación meliá con 1 cama extragrande,1,pareja,pesimo,habitaciones antiguas y personal desagradable. no recomiendo este hotel a nadie. lamentable el servicio de reservas y el trato con el cliente. deseo expresar mi mayor decepción con este hotel con respecto a la calidad y el precio. su precio es muy elevado para lo que ofrece este hotel.,no hay nada que me gustase en este hotel,1.0,2023-07-05,fabuloso
meliá valencia,españa,habitación meliá,1,pareja,pésimo,,"el ruido, se me hizo imposible conciliar el sueño, ya que cada 10-20 min a partir de las 7 am se escuchaba y se tenia la sensación de que te iban abrir la puerta. no se si se deba a corrientes de aire en el pasillo o a las puertas d en frente, pero definitivamente dormir y descansar fue prácticamente imposible .",1.0,2023-07-03,fabuloso
meliá valencia,españa,suite junior,1,pareja,hay mejores hoteles y precio,el hall,"el nefasto desayuno, el trato tan diferenciado cuando no tienes su tarjeta o eres cliente meliá habitual, o similar. la habitación muy vieja, cara, lejos del centro. cobran por anticipado aunque tenían mi número de tarjeta previamente cuando hice la reserva ..",3.0,2023-06-10,fabuloso
meliá valencia,españa,habitación meliá con 1 cama extragrande,1,pareja,bien,,el olor en las habitaciones ya que no tienen ventilación natural,7.0,2023-06-04,fabuloso
meliá valencia,españa,habitación meliá,2,pareja,agradable,esta ok,no esta mal pero tampoco es genial,6.0,2023-06-04,fabuloso
meliá valencia,españa,habitación meliá con 1 cama extragrande,1,persona que viaja sola,aceptable,la ubicación,baño y cama,5.0,2023-06-03,fabuloso
meliá valencia,españa,habitación meliá con 1 cama extragrande,1,grupo,aceptable,,no tenían la habitación lista a las 15 dijeron que nos darían una superior y era como todas,5.0,2023-05-22,fabuloso
meliá valencia,españa,habitación meliá,2,familia,aceptable,habitaciones amplias y limpias,pocos ascensores para el edificio larga cola y espera para check in,5.0,2023-05-22,fabuloso
meliá valencia,españa,habitación meliá con 1 cama extragrande,1,persona que viaja sola,aceptable,,de tres ascensores solo funcionaba 1 durante toda mi estancia. tardé más de 30 minutos en bajar de mi habitación a la recepción en la mañana que me iba y que además tenía prisa por trabajo. el ascensor no funcionaba desde la tarde del día anterior y no hicieron nada para arreglarlo.,5.0,2023-05-15,fabuloso
meliá valencia,españa,habitación meliá,1,pareja,relajación,"que tiene piscina, spa, gym, aunque no disfrute porque solo fui una noche y use para dormir, habitación cómoda, baño grande y habitación grande","aunque habían dos en recepción tuvimos que esperar mucho para entrar y para salir, para entregar las tarjetas de salida de la habitación... mucha espera y en la habitación nos tocó un lavamanos taponado, cuando me lavaba los dientes abría y se llenaba de agua el lavamanos...",7.0,2023-05-08,fabuloso
meliá valencia,españa,habitación meliá,1,pareja,aceptable,ubicación,hace un calor en exceso tanto en zonas comunes como en la habitacion es insoportable,5.0,2023-04-27,fabuloso
meliá valencia,españa,habitación meliá,3,familia,la estancia cómoda pero para la siguiente visita no será necesario un 4 estrellas con estos precios,habitación muy amplia,"desayuno ,comida y cena carísimos,minibar ,carísimo ,la opción de spa te lo describen muy bonito pero resulta que es una empresa externa y por supuesto carísimo y no pueden entrar niños,buscamos este viaje por el spa y salió rana",6.0,2023-04-16,fabuloso
meliá valencia,españa,habitación meliá con 1 cama extragrande,1,pareja,un hotel muy confortable,"el hall es espectacular. la cama es muy cómoda, confortable. está muy bien para ir de fin de semana a valencia. nos ha encantado!","el único pequeño fallo, que la ducha ni fuera tipo lluvia. la habitación ganaría muchos puntos.",9.0,2023-11-20,fabuloso
meliá valencia,españa,habitación meliá,1,pareja,suelo repetir en este alojamiento,"la ubicación, el acceso, habitaciones amplias y cómodas.",,8.0,2023-10-15,fabuloso
meliá valencia,españa,habitación meliá,1,pareja,nada,nada,nada,10.0,2023-10-13,fabuloso
meliá valencia,españa,habitación supreme,3,familia,todo excelente excepto servicio de spa,"trato de todo el personal, calidad desayuno, habitacion amplia, limpieza, horarios desayuno y piscina.","un hotel de esta categoría no puede permitir que un servicio como el spa este condicionado para hacerl uso del mismo, aunque sea pagando, a otros servicios masajes que a lo mejor el cliente no quiere contratarlos.",9.0,2023-08-29,fabuloso
meliá valencia,españa,habitación meliá,1,pareja,excepcional,,"queremos pensar que en cocina hubo algun error  porque por todo lo demas volveremos 100  al hotel!!! pero la paella.. llena de romero  solo eso. el resto y el personal, increible !",10.0,2023-07-05,fabuloso
meliá valencia,españa,habitación meliá con 1 cama extragrande,2,persona que viaja sola,excepcional,the spa,it wasn t included in the price,10.0,2026-04-14,fabuloso
meliá valencia,españa,habitación meliá con 1 cama extragrande,1,pareja,muy bien,,"parking lots are too expensive. it is not located kn the center, parking is under the hotel and very big one but it costs 28 euro per day. it is too expensive. shouldn t be that much high cost at least for hotel guests. 10 euros could be acceptable. except this issue everything was good.",8.0,2026-04-05,fabuloso
meliá valencia,españa,habitación meliá con vistas - 2 camas individuales,2,familia,fantástico,the room size and view were good,"parking for guests is not free, it s better to be free for guests",9.0,2026-01-03,fabuloso
meliá valencia,españa,alojamiento the level supreme,3,familia,normal not exciting for the ny eve,reception bed,"new year party , did not look like gala no program no entertainment people just eat",8.0,2026-01-01,fabuloso
meliá valencia,españa,habitación meliá con vistas - 2 camas individuales,2,pareja,fantastic also. walk down to jenkins burgers - fabulous,easy location to find - park and use public transport to go to centre.,it was all perfect,10.0,2025-12-07,fabuloso
meliá valencia,españa,habitación meliá con vistas - 2 camas individuales,2,persona que viaja sola,i will recommend this hotel to family and friends,plenty of space to sit and relax.,the coffee at the breakfast was terrible. it was one of those machines and they were not even operating correctly. the breakfast food was very good.,9.0,2025-08-19,fabuloso
meliá valencia,españa,habitación meliá con 1 cama extragrande,1,pareja,good for stopover in valencia,the bed was very comfy and the bedroom spacious breakfast choice very good our dog able to have breakfast with us on the terrace,"charging 50 euros a night for the dog was too expensive the hot plates for breakfast eg.mushrooms, bacon, sausage were cold",8.0,2025-07-21,fabuloso
meliá valencia,españa,habitación meliá,2,pareja,excellent hotel   opportunity to decrease the parking and breakfast price,friendly staff excellent room and facilities,parking is 23 euro breakfast is 22 euro,9.0,2025-07-01,fabuloso
meliá valencia,españa,habitación meliá con 1 cama extragrande,1,pareja,lovely,"the design, the spacious room, how clean the hotel is and also how friendly the staff are",that the spa is external and not part of the price paid. very expensive,9.0,2025-05-04,fabuloso
meliá valencia,españa,habitación meliá,2,pareja,fantástico,"the facilites, the breakfast, the pool","hotel is a little bit outside, this has the advantage to get there fast from the airport or by car, but for city visit maybe a bit off they have to do something about the reception staff, staff management is not very well organized, partly quite unfriendly people, especially the red haired woman at the reception, it feels like they don t want to work there, but especially at reception you should always put the most welcoming personal. only one guy at reception who did our check in was great.",9.0,2025-04-25,fabuloso
meliá valencia,españa,alojamiento the level supreme,1,familia,inolvidable,el nivel level supreme,,10.0,2025-02-16,fabuloso
meliá valencia,españa,habitación meliá,1,familia,very good,room bathroom breakfast,the door that connects to the next room noisy people in the side room,9.0,2024-10-20,fabuloso
meliá valencia,españa,habitación meliá,3,pareja,fantástico,excellent size room with comfortable beds,,9.0,2024-10-07,fabuloso
meliá valencia,españa,habitación meliá,2,persona que viaja sola,perfect stay,everything!!!! the room is very spacious and extremely comfortable. the staff very genuine and helpful too.,,10.0,2024-09-16,fabuloso
meliá valencia,españa,habitación meliá con vistas - 2 camas individuales,3,grupo,i would stay here again!,"beautiful lobby, comfortable bed with excellent sheets and down pillows, delicious breakfast buffet. fun pool area.",staff were variable.,8.0,2024-08-02,fabuloso
meliá valencia,españa,habitación meliá,2,pareja,amazing,great,excellent,10.0,2024-06-02,fabuloso
meliá valencia,españa,habitación meliá,3,pareja,"it was a great stay, and i would still choose this place if i ever visited valencia again. yes, it s a bit further away","the hotel is tastefully decorated. the round bar in the lobby is a great place to hangout before you go out. the rooms are spacious, and have everything you might need.","i think breakfast buffet could be better. some items like the cheese selection didn t look fresh, and breakfast items on the a la carte menu were a little bland.",9.0,2024-04-05,fabuloso
meliá valencia,españa,alojamiento the level supreme,2,pareja,amazing,"level rooms were amazing, so spacious, new, modern and beautiful!! also the stuff, they were very helpfull, nice and warm!! everything about level was amazing, girl on the reception, reception with snacks and drinks during the whole day  amazing!!!","everything was super clean, but i saw hair in the toilet and bathtub that was not mine  cara de confusión also it was not possible to open the windows, and i personaly like fresh air all the time",10.0,2023-10-30,fabuloso
meliá valencia,españa,habitación meliá con vistas - 2 camas individuales,1,pareja,excellent airport   city hotel,excellent customer service in all areas but especially in the restaurant.,,9.0,2023-10-14,fabuloso
meliá valencia,españa,habitación meliá,3,familia,muy bien,pool. room size.,,8.0,2023-08-24,fabuloso
meliá valencia,españa,habitación meliá,1,familia,excellent,"hotel was modern, clean and nicely decorated. nice bar and restaurant as well.",location is quite not optimal as it is quite far to the heart of valencia city,9.0,2023-07-31,fabuloso
meliá valencia,españa,habitación meliá con 1 cama extragrande,1,persona que viaja sola,excepcional,alwayz stay there and comfortable with service.,,10.0,2023-07-06,fabuloso
meliá valencia,españa,alojamiento the level supreme,1,pareja,pésimo,muy mal,mal mal,1.0,2026-04-02,fabuloso
meliá valencia,españa,habitación meliá con 1 cama extragrande,2,pareja,fair. not exciting.,staff cordiality,cleanliness. we had an issue first the first room. got a room upgrade because of it.,5.0,2025-06-23,fabuloso
meliá valencia,españa,habitación meliá,2,pareja,borderline average,,signing for hotel towels couldn t do late check out room had a musty smell breakfast was average and borderline disappointing staff asking ppl to leave when breakfast closed,5.0,2025-06-21,fabuloso
meliá valencia,españa,habitación meliá con vistas - 1 cama extragrande,3,grupo,great views but too expensive for what it was!!,the views of our room!,"the room was too simple for the 4 star hotel. no coffee machine, only small sachets. no bath robe or slipper. no plug for shaving or hair straightener in the bathroom. only 1 plug in the main space of the room. very bad internet. the breakfast was cold the first day, all food. too expensive for what it was!!",4.0,2024-11-11,fabuloso
meliá valencia,españa,habitación supreme,4,grupo,bien,good interior and availability of a spa great massage,"i booked my room one day in advance to guarantee early check-in, but i had to wait more than two hours for the room to be ready. the hotel double-booked one room for the same day. this is unacceptable, especially considering the room s price.",7.0,2024-10-07,fabuloso
meliá valencia,españa,habitación supreme,1,familia,"a nice short break, but not good for families who want to use the pool or spa together.",location,"we booked on the basis that there was parking and spa facilities. when we arrived, the parking was  24 per day and the spa was only available for adults, not for our daughter   which meant that we didn t use either of those facilities. it would have been nice to have been advised of these details before booking. also, the photos of the property show a white building and what appears to be a large swimming pool. the reality was a small rooftop pool overrun by screaming kids, the pool water was very cloudy and unappealing, and the impressive white building shown in the photo was actually the hotel on the other side of the road... very misleading!",7.0,2024-08-14,fabuloso
meliá valencia,españa,habitación meliá con 1 cama extragrande,2,pareja,"not as nice as fotos suggest, but okay.",very clean and modern. spacious rooms.,"the fotos would suggest the spa is part of the hotel. it isn t and you have to reserve and pay extra for it. in our case there were no spaces left. also the pool was closed, despite sun and 20 degrees. there is no rooftop terrace for people not staying in expensive suites. all in all the fotos upsell the place a little.",5.0,2023-11-23,fabuloso
meliá valencia,españa,habitación meliá con 1 cama extragrande,1,pareja,very nice hotel and i love the mattress,"i like everything in this hotel and the comfort of my room and also the bed was incredible good. i had the room 2009. very clean, breakfast absolutely good and the parking super helpful .","everything except the receptionist name mrs. isabel. she welcome us in very unfriendly , rude and cold face. my husband was asking her about the room we booked and because we had the dogs , she said we need book another room that haven t carpet which i prefer as i m allergic . i was happy with the change. but her face annoying me and cold us down completely. i aspected someone can maybe change her from the reception as she don t fits that space.",6.0,2023-08-30,fabuloso
meliá valencia,españa,habitación meliá,1,grupo,agradable,,the photos of the swimming pool were deceptive. the cleaners had forgotten to clean the shower.,6.0,2023-08-07,fabuloso
meliá valencia,españa,habitación supreme con vistas,2,grupo,hotel agradable amb habitacions molt amples,"personal simpàtic i eficient, habitació molt ampla i amb vistes genials. es veu el mar",el cuarto de bany feia una mica de mala olor,9.0,2026-04-05,fabuloso
meliá valencia,españa,habitación meliá,1,persona que viaja sola,excel.lent,habitacions grans i molt comodes. esmorzar molt bo i variat. personal atent i amable,ascensor amb vistes. dona vertigen,9.0,2026-03-08,fabuloso
meliá valencia,españa,habitación meliá con 1 cama extragrande,1,familia,excepcional,personal molt amable i atent.instalacions netes i en bon estat.,el suplement de la mascota exagerat.,10.0,2026-02-10,fabuloso
meliá valencia,españa,habitación meliá con vistas - 1 cama extragrande,1,pareja,"fue increíble, super cómodo y agradecidas con el personal. hasta regalo de cumpleaños que detallazo!!!",todo es super buen estado!,,10.0,2025-12-23,fabuloso
meliá valencia,españa,habitación meliá con vistas - 1 cama extragrande,2,familia,4 estrelles superior,habitació molt espaiosa. el personal molt amable. buffet d esmorzar molt complert i de qualitat.,per pujar del parking a l habitació has de canviar d ascensor.,10.0,2025-11-16,fabuloso
meliá valencia,españa,habitación meliá,1,grupo,excepcional,tudo,,10.0,2025-10-07,fabuloso
meliá valencia,españa,habitación meliá con 1 cama extragrande,2,pareja,repetirem,"admeten gossos, habitacions i llits mida xxl",allunyada del centre encara que ben comunicat,10.0,2025-09-26,fabuloso
meliá valencia,españa,suite junior supreme the level,2,familia,muy bien,"                     ,                 .",            .                .,8.0,2025-06-10,fabuloso
meliá valencia,españa,habitación meliá con 1 cama extragrande,1,persona que viaja sola,voyage pour le travail,l équipe est très à l écoute et aide quand elle le peut. ils sont également souriants. le petit-déjeuner est très varié et très bon.,,10.0,2025-05-21,fabuloso
meliá valencia,españa,habitación meliá con 1 cama extragrande,2,pareja,,,,8.0,2025-04-21,fabuloso
meliá valencia,españa,habitación meliá,3,familia,agradable,,que al bany s hagués de demanar el raspall de dents,8.0,2025-04-13,fabuloso
meliá valencia,españa,habitación meliá con 1 cama extragrande,1,familia,savrsen hotel.,"sve.cistoca,usluznost,udobnost,dorucak",sve mi se svidelo,10.0,2025-02-23,fabuloso
meliá valencia,españa,habitación meliá,1,persona que viaja sola,muy bien,"tout est très bien le seul bémol impossible d ouvrir ou d entrouvrir la fenêtre de la chambre, malgré ma demande au personnel , pour moi c est rédhibitoire je suis claustrophobe et du coup je ne ni reviendrai pas",impossible d aéré d ouvrir une fenêtre de la chambre,8.0,2024-12-31,fabuloso
meliá valencia,españa,habitación meliá,1,pareja,"atenció excel lent, habitació gran i comodíssima",fantàstic,,10.0,2024-10-08,fabuloso
meliá valencia,españa,habitación meliá con 1 cama extragrande,1,pareja,fantástico,"                ,        ,                ,                     ,                        .","                    ,                                                                              ,                   . . .",9.0,2024-10-07,fabuloso
meliá valencia,españa,habitación meliá con 1 cama extragrande,1,familia,espectacular cara sonriendo con corazones cara sonriendo con corazones,el personal simpático i por la limpieza un 10,,10.0,2024-08-17,fabuloso
meliá valencia,españa,habitación meliá,1,familia,excepcional,superb!,,10.0,2024-07-27,fabuloso
meliá valencia,españa,habitación meliá,2,familia,bona relacio qualitat preu.,instalacions execellents,hi ha personal que no par a valencia quan t hi adreces,8.0,2024-03-31,fabuloso
meliá valencia,españa,habitación meliá con 1 cama extragrande,1,pareja,top komfortables hotel in citynähe.,"die unterkunft ist top flecha top , die lage ist okay - mit öffentlichen verkehrsmittel gut erreichbar und gratis parkplätze hat s generell ums hotel.","wenn man mit hund reist muss man stets das kleingedruckte vom hotel gut lesen - das reservierte zimmer konnten wir mit hund nicht nehmen, mussten ein upgrade und zusatz hund vor ort wählen, was natürlich wieder einen weiteren preis gekostet hätte - nach meiner intervention und gro zügigkeit von carmen  rezeption , haben sie nicht alle weiteren kosten verrechnet - was wir wiederum auch schätzen zu wissen pulgar hacia arriba flecha top",8.0,2024-03-08,fabuloso
meliá valencia,españa,habitación meliá,1,pareja,excepcional,"excelente hotel, para repetir.",,10.0,2023-09-30,fabuloso
meliá valencia,españa,habitación meliá con 1 cama extragrande,4,familia,                !,"        ,                 !!!                                 .                        .                        !                                    .                         ,                                !","          !                             ,                                                          :  ",10.0,2023-08-29,fabuloso
meliá valencia,españa,habitación meliá,2,familia,fantástico,les instal.lacions estan molt be. la piscina a l estiu va genial,,9.0,2023-08-25,fabuloso
meliá valencia,españa,habitación meliá,4,familia,fantástico,la comoditat. l esmorzar.,el servei de bar de la piscina.,9.0,2023-08-12,fabuloso
meliá valencia,españa,habitación meliá con 1 cama extragrande,1,pareja,excepcional,totul a fost super!!!,,10.0,2023-06-11,fabuloso
meliá valencia,españa,habitación meliá con 1 cama extragrande,2,pareja,regular,regular y falta de calidad en el desayuno en especial todos los productos y especialmente la salchicha,"en general todo ha bajado en variedad y calidad con respecto a otros años en los que hemos venido , sinembargo ha subido el precio .",6.0,2025-05-05,fabuloso
meliá valencia,españa,room  0,0,grupo,abgezogen worden,nichtmal ein fernseher mit youtube hahaha,mir wurden 210  abbgebucht von booking habe das erste mal gebucht und meine karte unten angeben müssen und mein geld wurde abgezogen!!!,1.0,2023-12-19,fabuloso
meliá valencia,españa,habitación meliá con 1 cama extragrande,1,familia,hôtel 5 estrella brillante devenu 3 estrella brillante,personnel acceuillant. l emplacement de l hôtel avec un parking spacieux.,"- le restaurant indiqué ouvert était en fait fermé pour une soirée privée, et proposait un sandwich ou hamburger comme souper à consommer dans un coin du hall d entrée de l hôtel ! - en prenant la douche je l ai re u sur la tête !",6.0,2023-12-17,fabuloso
meliá valencia,españa,alojamiento the level supreme,2,persona que viaja sola,excepcional,,,10.0,2026-04-14,fabuloso
meliá valencia,españa,habitación meliá con 1 cama extragrande,1,pareja,excepcional,,,10.0,2026-04-13,fabuloso
meliá valencia,españa,habitación supreme,4,persona que viaja sola,fantástico,,,9.0,2026-04-11,fabuloso
meliá valencia,españa,habitación meliá con 1 cama extragrande,1,pareja,muy bien,,,8.0,2026-04-06,fabuloso
meliá valencia,españa,habitación meliá con 1 cama extragrande,3,familia,excepcional,,,10.0,2026-04-05,fabuloso
meliá valencia,españa,habitación meliá,1,pareja,muy bien,,,8.0,2026-04-05,fabuloso
meliá valencia,españa,habitación meliá,4,familia,muy bien,,,8.0,2026-04-05,fabuloso
meliá valencia,españa,habitación meliá,1,pareja,excepcional,,,10.0,2026-04-03,fabuloso
meliá valencia,españa,habitación meliá,1,persona que viaja sola,excepcional,,,10.0,2026-04-02,fabuloso
meliá valencia,españa,habitación meliá,1,persona que viaja sola,fantástico,,,9.0,2026-04-02,fabuloso
meliá valencia,españa,habitación supreme,2,pareja,muy bien,,,8.0,2026-03-31,fabuloso
meliá valencia,españa,habitación meliá con 1 cama extragrande,1,pareja,excepcional,,,10.0,2026-03-28,fabuloso
meliá valencia,españa,alojamiento the level supreme,1,familia,excepcional,,,10.0,2026-03-28,fabuloso
meliá valencia,españa,alojamiento the level supreme,1,familia,excepcional,,,10.0,2026-03-28,fabuloso
meliá valencia,españa,alojamiento the level supreme,2,familia,fantástico,,,9.0,2026-03-28,fabuloso
meliá valencia,españa,habitación meliá con 1 cama extragrande,1,persona que viaja sola,fantástico,,,9.0,2026-03-27,fabuloso
meliá valencia,españa,habitación meliá con 1 cama extragrande,2,pareja,fantástico,,,9.0,2026-03-19,fabuloso
meliá valencia,españa,habitación meliá,2,grupo,excepcional,,,10.0,2026-03-17,fabuloso
meliá valencia,españa,alojamiento the level supreme,1,persona que viaja sola,fantástico,,,9.0,2026-03-03,fabuloso
meliá valencia,españa,habitación meliá,2,familia,muy bien,,,8.0,2026-03-02,fabuloso
meliá valencia,españa,habitación meliá,3,pareja,excepcional,,,10.0,2026-02-23,fabuloso
meliá valencia,españa,habitación meliá con 1 cama extragrande,1,pareja,excepcional,,,10.0,2026-02-20,fabuloso
meliá valencia,españa,alojamiento the level supreme,1,pareja,excepcional,,,10.0,2026-02-19,fabuloso
meliá valencia,españa,habitación meliá,1,pareja,muy bien,,,8.0,2026-02-19,fabuloso
meliá valencia,españa,habitación meliá,3,persona que viaja sola,muy bien,,,8.0,2026-02-17,fabuloso
meliá valencia,españa,suite junior,2,pareja,excepcional,,,10.0,2026-02-17,fabuloso
meliá valencia,españa,habitación meliá con 1 cama extragrande,1,pareja,excepcional,,,10.0,2026-02-16,fabuloso
meliá valencia,españa,habitación meliá con 1 cama extragrande,2,grupo,excepcional,,,10.0,2026-02-14,fabuloso
meliá valencia,españa,habitación meliá,1,familia,excepcional,,,10.0,2026-02-12,fabuloso
meliá valencia,españa,habitación meliá con 1 cama extragrande,1,familia,excepcional,,,10.0,2026-02-11,fabuloso
meliá valencia,españa,habitación meliá con 1 cama extragrande,1,pareja,excepcional,,,10.0,2026-02-08,fabuloso
meliá valencia,españa,habitación meliá con 1 cama extragrande,1,pareja,fantástico,,,9.0,2026-02-08,fabuloso
meliá valencia,españa,habitación meliá con 1 cama extragrande,1,familia,excepcional,,,10.0,2026-02-02,fabuloso
meliá valencia,españa,habitación meliá con 1 cama extragrande,1,persona que viaja sola,excepcional,,,10.0,2026-01-31,fabuloso
meliá valencia,españa,habitación meliá con vistas - 1 cama extragrande,1,familia,fantástico,,,9.0,2026-01-29,fabuloso
meliá valencia,españa,habitación meliá,1,pareja,excepcional,,,10.0,2026-01-28,fabuloso
meliá valencia,españa,habitación meliá con vistas - 1 cama extragrande,1,pareja,fantástico,,,9.0,2026-01-26,fabuloso
meliá valencia,españa,habitación meliá con vistas - 1 cama extragrande,2,pareja,excepcional,,,10.0,2026-01-25,fabuloso
meliá valencia,españa,habitación meliá,2,pareja,fantástico,,,9.0,2026-01-22,fabuloso
meliá valencia,españa,alojamiento the level supreme,3,grupo,fantástico,,,9.0,2026-01-22,fabuloso
meliá valencia,españa,habitación meliá,1,grupo,muy bien,,,8.0,2026-01-21,fabuloso
meliá valencia,españa,habitación supreme,1,persona que viaja sola,excepcional,,,10.0,2026-01-16,fabuloso
meliá valencia,españa,habitación meliá con 1 cama extragrande,1,persona que viaja sola,fantástico,,,9.0,2026-01-16,fabuloso
meliá valencia,españa,habitación meliá con 1 cama extragrande,2,familia,excepcional,,,10.0,2026-01-08,fabuloso
meliá valencia,españa,habitación meliá,1,persona que viaja sola,muy bien,,,8.0,2026-01-02,fabuloso
meliá valencia,españa,habitación meliá con vistas - 1 cama extragrande,1,persona que viaja sola,excepcional,,,10.0,2026-01-01,fabuloso
meliá valencia,españa,habitación meliá,1,familia,excepcional,,,10.0,2026-01-01,fabuloso
meliá valencia,españa,habitación meliá con 1 cama extragrande,1,pareja,excepcional,,,10.0,2025-12-29,fabuloso
meliá valencia,españa,habitación meliá con vistas - 1 cama extragrande,1,pareja,excepcional,,,10.0,2025-12-29,fabuloso
meliá valencia,españa,habitación meliá con vistas - 1 cama extragrande,1,pareja,fantástico,,,9.0,2025-12-28,fabuloso
meliá valencia,españa,habitación meliá con vistas - 1 cama extragrande,2,pareja,muy bien,,,8.0,2025-12-26,fabuloso
meliá valencia,españa,habitación meliá con 1 cama extragrande,1,pareja,fantástico,,,9.0,2025-12-21,fabuloso
meliá valencia,españa,suite junior,1,familia,muy bien,,,8.0,2025-12-21,fabuloso
meliá valencia,españa,habitación meliá,1,pareja,fantástico,,,9.0,2025-12-17,fabuloso
meliá valencia,españa,habitación meliá con vistas - 1 cama extragrande,1,pareja,excepcional,,,10.0,2025-12-15,fabuloso
meliá valencia,españa,habitación meliá con 1 cama extragrande,1,persona que viaja sola,muy bien,,,8.0,2025-12-13,fabuloso
meliá valencia,españa,suite junior,3,familia,excepcional,,,10.0,2025-12-12,fabuloso
meliá valencia,españa,suite presidencial the level,2,familia,excepcional,,,10.0,2025-12-12,fabuloso
meliá valencia,españa,habitación meliá con 1 cama extragrande,1,pareja,excepcional,,,10.0,2025-12-03,fabuloso
meliá valencia,españa,habitación meliá,3,familia,excepcional,,,10.0,2025-12-03,fabuloso
meliá valencia,españa,habitación meliá con 1 cama extragrande,1,pareja,muy bien,,,8.0,2025-12-03,fabuloso
meliá valencia,españa,habitación meliá con 1 cama extragrande,1,persona que viaja sola,fantástico,,,9.0,2025-11-26,fabuloso
meliá valencia,españa,habitación meliá con 1 cama extragrande,1,persona que viaja sola,fantástico,,,9.0,2025-11-24,fabuloso
meliá valencia,españa,alojamiento the level supreme,2,pareja,fantástico,,,9.0,2025-11-24,fabuloso
meliá valencia,españa,habitación meliá,1,pareja,fantástico,,,9.0,2025-11-24,fabuloso
meliá valencia,españa,habitación meliá,1,persona que viaja sola,excepcional,,,10.0,2025-11-23,fabuloso
meliá valencia,españa,habitación meliá,1,pareja,excepcional,,,10.0,2025-11-23,fabuloso
meliá valencia,españa,suite junior,1,pareja,fantástico,,,9.0,2025-11-23,fabuloso
meliá valencia,españa,habitación meliá con 1 cama extragrande,1,pareja,excepcional,,,10.0,2025-11-18,fabuloso
meliá valencia,españa,habitación meliá,1,persona que viaja sola,fantástico,,,9.0,2025-11-16,fabuloso
meliá valencia,españa,habitación meliá,1,pareja,excelente,,,10.0,2025-11-14,fabuloso
meliá valencia,españa,habitación meliá,1,familia,excepcional,,,10.0,2025-11-14,fabuloso
meliá valencia,españa,habitación meliá con 1 cama extragrande,1,pareja,fantástico,,,9.0,2025-11-12,fabuloso
meliá valencia,españa,alojamiento the level supreme,1,familia,excepcional,,,10.0,2025-11-10,fabuloso
meliá valencia,españa,alojamiento the level supreme,1,pareja,fantástico,,,9.0,2025-11-09,fabuloso
meliá valencia,españa,habitación meliá,1,persona que viaja sola,fantástico,,,9.0,2025-11-09,fabuloso
meliá valencia,españa,habitación meliá con 1 cama extragrande,1,pareja,excepcional,,,10.0,2025-11-04,fabuloso
meliá valencia,españa,habitación meliá con 1 cama extragrande,7,grupo,muy bien,,,8.0,2025-11-03,fabuloso
meliá valencia,españa,habitación meliá con 1 cama extragrande,4,persona que viaja sola,muy bien,,,8.0,2025-11-03,fabuloso
meliá valencia,españa,suite junior supreme the level,1,familia,excepcional,,,10.0,2025-11-01,fabuloso
meliá valencia,españa,alojamiento the level supreme,2,familia,excepcional,,,10.0,2025-10-26,fabuloso
meliá valencia,españa,habitación meliá,2,pareja,fantástico,,,9.0,2025-10-21,fabuloso
meliá valencia,españa,habitación meliá,1,familia,excepcional,,,10.0,2025-10-20,fabuloso
meliá valencia,españa,habitación meliá,2,grupo,excepcional,,,10.0,2025-10-18,fabuloso
meliá valencia,españa,habitación meliá,2,familia,excepcional,,,10.0,2025-10-07,fabuloso
meliá valencia,españa,habitación meliá con vistas - 2 camas individuales,5,familia,excepcional,,,10.0,2025-10-02,fabuloso
meliá valencia,españa,habitación meliá con 1 cama extragrande,1,persona que viaja sola,muy bien,,,8.0,2025-10-01,fabuloso
meliá valencia,españa,habitación meliá con vistas - 2 camas individuales,2,pareja,excepcional,,,10.0,2025-09-29,fabuloso
meliá valencia,españa,habitación meliá con vistas - 1 cama extragrande,1,pareja,muy bien,,,8.0,2025-09-28,fabuloso
meliá valencia,españa,habitación meliá con 1 cama extragrande,2,pareja,muy bien,,,8.0,2025-09-28,fabuloso
meliá valencia,españa,habitación meliá,1,persona que viaja sola,excepcional,,,10.0,2025-09-25,fabuloso
meliá valencia,españa,habitación meliá con 1 cama extragrande,1,pareja,excepcional,,,10.0,2025-09-21,fabuloso
meliá valencia,españa,habitación meliá,3,familia,excepcional,,,10.0,2025-09-21,fabuloso
meliá valencia,españa,habitación meliá con 1 cama extragrande,1,pareja,excepcional,,,10.0,2025-09-17,fabuloso
meliá valencia,españa,habitación meliá,1,persona que viaja sola,excepcional,,,10.0,2025-09-16,fabuloso
meliá valencia,españa,suite junior supreme the level,4,familia,fantástico,,,9.0,2025-09-11,fabuloso
meliá valencia,españa,habitación meliá,1,grupo,fantástico,,,9.0,2025-09-09,fabuloso
meliá valencia,españa,habitación meliá con 1 cama extragrande,1,familia,excepcional,,,10.0,2025-09-09,fabuloso
meliá valencia,españa,habitación meliá,1,pareja,excepcional,,,10.0,2025-09-07,fabuloso
meliá valencia,españa,habitación meliá,1,persona que viaja sola,excepcional,,,10.0,2025-09-06,fabuloso
meliá valencia,españa,habitación meliá,1,persona que viaja sola,muy bien,,,8.0,2025-09-05,fabuloso
meliá valencia,españa,suite junior,3,familia,excepcional,,,10.0,2025-09-03,fabuloso
meliá valencia,españa,habitación meliá,3,persona que viaja sola,excepcional,,,10.0,2025-09-01,fabuloso
meliá valencia,españa,habitación doble premium,3,pareja,excepcional,,,10.0,2025-08-29,fabuloso
meliá valencia,españa,habitación meliá con 1 cama extragrande,1,familia,fantástico,,,9.0,2025-08-26,fabuloso
meliá valencia,españa,habitación meliá,2,persona que viaja sola,fantástico,,,9.0,2025-08-25,fabuloso
meliá valencia,españa,habitación meliá,1,pareja,fantástico,,,9.0,2025-08-25,fabuloso
meliá valencia,españa,habitación meliá con vistas - 1 cama extragrande,4,familia,fantástico,,,9.0,2025-08-24,fabuloso
meliá valencia,españa,habitación meliá,1,pareja,excepcional,,,10.0,2025-08-20,fabuloso
meliá valencia,españa,habitación meliá con 1 cama extragrande,2,persona que viaja sola,excepcional,,,10.0,2025-08-20,fabuloso
meliá valencia,españa,habitación meliá con 1 cama extragrande,2,pareja,excepcional,,,10.0,2025-08-20,fabuloso
meliá valencia,españa,habitación meliá con 1 cama extragrande,1,familia,muy bien,,,8.0,2025-08-14,fabuloso
meliá valencia,españa,habitación meliá,1,familia,fantástico,,,9.0,2025-08-11,fabuloso
meliá valencia,españa,habitación meliá con 1 cama extragrande,2,pareja,excepcional,,,10.0,2025-08-09,fabuloso
meliá valencia,españa,habitación doble premium,2,persona que viaja sola,fantástico,,,9.0,2025-08-07,fabuloso
meliá valencia,españa,habitación meliá con vistas - 1 cama extragrande,1,persona que viaja sola,muy bien,,,8.0,2025-08-06,fabuloso
meliá valencia,españa,habitación meliá con vistas - 2 camas individuales,1,pareja,fantástico,,,9.0,2025-08-03,fabuloso
meliá valencia,españa,habitación doble premium,1,pareja,excepcional,,,10.0,2025-08-02,fabuloso
meliá valencia,españa,habitación meliá,2,pareja,excepcional,,,10.0,2025-07-30,fabuloso
meliá valencia,españa,habitación supreme,1,familia,excepcional,,,10.0,2025-07-29,fabuloso
meliá valencia,españa,habitación meliá con 1 cama extragrande,1,persona que viaja sola,muy bien,,,8.0,2025-07-28,fabuloso
meliá valencia,españa,habitación meliá,4,familia,fantástico,,,9.0,2025-07-28,fabuloso
meliá valencia,españa,habitación meliá,1,familia,excepcional,,,10.0,2025-07-24,fabuloso
meliá valencia,españa,habitación meliá,2,grupo,excepcional,,,10.0,2025-07-23,fabuloso
meliá valencia,españa,habitación meliá,1,pareja,excepcional,,,10.0,2025-07-22,fabuloso
meliá valencia,españa,habitación meliá con 1 cama extragrande,2,grupo,excepcional,,,10.0,2025-07-22,fabuloso
meliá valencia,españa,habitación doble premium,2,familia,fantástico,,,9.0,2025-07-22,fabuloso
meliá valencia,españa,habitación meliá con 1 cama extragrande,3,pareja,excepcional,,,10.0,2025-07-21,fabuloso
meliá valencia,españa,habitación meliá,1,pareja,fantástico,,,9.0,2025-07-21,fabuloso
meliá valencia,españa,habitación supreme,2,familia,excepcional,,,10.0,2025-07-21,fabuloso
meliá valencia,españa,habitación meliá,2,familia,excepcional,,,10.0,2025-07-20,fabuloso
meliá valencia,españa,habitación meliá,1,familia,fantástico,,,9.0,2025-07-20,fabuloso
meliá valencia,españa,habitación meliá con vistas - 2 camas individuales,1,pareja,excepcional,,,10.0,2025-07-20,fabuloso
meliá valencia,españa,habitación meliá,2,pareja,extraordinaria,,,8.0,2025-07-19,fabuloso
meliá valencia,españa,habitación meliá con 1 cama extragrande,2,familia,muy bien,,,8.0,2025-07-17,fabuloso
meliá valencia,españa,suite junior,2,familia,excepcional,,,10.0,2025-07-17,fabuloso
meliá valencia,españa,habitación meliá,1,familia,excepcional,,,10.0,2025-07-17,fabuloso
meliá valencia,españa,habitación meliá,1,pareja,excepcional,,,10.0,2025-07-17,fabuloso
meliá valencia,españa,alojamiento the level supreme,4,familia,excepcional,,,10.0,2025-07-13,fabuloso
meliá valencia,españa,habitación meliá con 1 cama extragrande,1,familia,muy bien,,,8.0,2025-07-12,fabuloso
meliá valencia,españa,habitación meliá con vistas - 1 cama extragrande,2,persona que viaja sola,fantástico,,,9.0,2025-07-11,fabuloso
meliá valencia,españa,habitación doble premium,2,pareja,excepcional,,,10.0,2025-07-07,fabuloso
meliá valencia,españa,habitación meliá con 1 cama extragrande,1,pareja,excepcional,,,10.0,2025-07-07,fabuloso
meliá valencia,españa,habitación meliá con vistas - 1 cama extragrande,2,pareja,fantástico,,,9.0,2025-07-06,fabuloso
meliá valencia,españa,habitación meliá,1,familia,muy bien,,,8.0,2025-07-02,fabuloso
meliá valencia,españa,habitación familiar,1,familia,fantástico,,,9.0,2025-06-29,fabuloso
meliá valencia,españa,habitación meliá,1,pareja,excepcional,,,10.0,2025-06-25,fabuloso
meliá valencia,españa,alojamiento the level supreme,3,familia,excepcional,,,10.0,2025-06-24,fabuloso
meliá valencia,españa,suite junior supreme the level,1,familia,fantástico,,,9.0,2025-06-23,fabuloso
meliá valencia,españa,habitación meliá con 1 cama extragrande,3,pareja,fantástico,,,9.0,2025-06-23,fabuloso
meliá valencia,españa,habitación meliá,1,pareja,excepcional,,,10.0,2025-06-22,fabuloso
meliá valencia,españa,alojamiento the level supreme,1,persona que viaja sola,excepcional,,,10.0,2025-06-19,fabuloso
meliá valencia,españa,habitación meliá con 1 cama extragrande,2,pareja,excepcional,,,10.0,2025-06-15,fabuloso
meliá valencia,españa,habitación doble premium,1,persona que viaja sola,excepcional,,,10.0,2025-06-14,fabuloso
meliá valencia,españa,habitación meliá,3,grupo,muy bien,,,8.0,2025-06-13,fabuloso
meliá valencia,españa,habitación meliá,2,persona que viaja sola,excepcional,,,10.0,2025-06-12,fabuloso
meliá valencia,españa,habitación meliá con vistas - 1 cama extragrande,1,pareja,muy bien,,,8.0,2025-06-08,fabuloso
meliá valencia,españa,habitación meliá con 1 cama extragrande,3,pareja,excepcional,,,10.0,2025-06-07,fabuloso
meliá valencia,españa,habitación meliá con 1 cama extragrande,1,grupo,excepcional,,,10.0,2025-06-02,fabuloso
meliá valencia,españa,habitación meliá con 1 cama extragrande,2,familia,muy bien,,,8.0,2025-06-02,fabuloso
meliá valencia,españa,habitación meliá con vistas - 1 cama extragrande,1,pareja,muy bien,,,8.0,2025-06-02,fabuloso
meliá valencia,españa,habitación supreme,1,pareja,muy bien,,,8.0,2025-06-01,fabuloso
meliá valencia,españa,habitación meliá,1,pareja,muy bien,,,8.0,2025-06-01,fabuloso
meliá valencia,españa,habitación doble premium,1,pareja,fantástico,,,9.0,2025-06-01,fabuloso
meliá valencia,españa,habitación meliá con 1 cama extragrande,1,familia,fantástico,,,9.0,2025-05-29,fabuloso
meliá valencia,españa,habitación meliá,2,persona que viaja sola,fantástico,,,9.0,2025-05-29,fabuloso
meliá valencia,españa,habitación meliá,1,pareja,excepcional,,,10.0,2025-05-28,fabuloso
meliá valencia,españa,habitación meliá con 1 cama extragrande,1,pareja,fantástico,,,9.0,2025-05-24,fabuloso
meliá valencia,españa,habitación meliá,1,familia,excepcional,,,10.0,2025-05-18,fabuloso
meliá valencia,españa,habitación meliá,1,persona que viaja sola,fantástico,,,9.0,2025-05-07,fabuloso
meliá valencia,españa,habitación meliá con 1 cama extragrande,3,persona que viaja sola,excepcional,,,10.0,2025-05-05,fabuloso
meliá valencia,españa,habitación meliá con 1 cama extragrande,2,pareja,muy bien,,,8.0,2025-05-04,fabuloso
meliá valencia,españa,habitación meliá,1,familia,fantástico,,,9.0,2025-05-02,fabuloso
meliá valencia,españa,habitación meliá con 1 cama extragrande,1,pareja,fantástico,,,9.0,2025-05-02,fabuloso
meliá valencia,españa,habitación meliá con 1 cama extragrande,1,pareja,fantástico,,,9.0,2025-04-26,fabuloso
meliá valencia,españa,habitación meliá con vistas - 1 cama extragrande,1,familia,excepcional,,,10.0,2025-04-23,fabuloso
meliá valencia,españa,habitación meliá con 1 cama extragrande,1,familia,muy bien,,,8.0,2025-04-18,fabuloso
meliá valencia,españa,habitación meliá con vistas - 1 cama extragrande,3,pareja,excepcional,,,10.0,2025-04-18,fabuloso
meliá valencia,españa,habitación meliá con 1 cama extragrande,2,familia,fantástico,,,9.0,2025-04-15,fabuloso
meliá valencia,españa,suite junior,1,familia,excepcional,,,10.0,2025-04-06,fabuloso
meliá valencia,españa,habitación meliá,1,persona que viaja sola,fantástico,,,9.0,2025-04-01,fabuloso
meliá valencia,españa,suite junior,1,familia,excepcional,,,10.0,2025-03-31,fabuloso
meliá valencia,españa,habitación meliá con 1 cama extragrande,1,pareja,excepcional,,,10.0,2025-03-29,fabuloso
meliá valencia,españa,habitación meliá con vistas - 1 cama extragrande,2,pareja,fantástico,,,9.0,2025-03-26,fabuloso
meliá valencia,españa,alojamiento the level supreme,3,persona que viaja sola,muy bien,,,8.0,2025-03-21,fabuloso
meliá valencia,españa,suite junior,1,familia,excepcional,,,10.0,2025-03-20,fabuloso
meliá valencia,españa,habitación meliá,1,persona que viaja sola,excepcional,,,10.0,2025-03-16,fabuloso
meliá valencia,españa,habitación meliá,1,pareja,fantástico,,,9.0,2025-03-15,fabuloso
meliá valencia,españa,habitación meliá,1,grupo,excepcional,,,10.0,2025-03-15,fabuloso
meliá valencia,españa,habitación meliá con 1 cama extragrande,1,pareja,fantástico,,,9.0,2025-03-11,fabuloso
meliá valencia,españa,habitación meliá con 1 cama extragrande,1,familia,fantástico,,,9.0,2025-03-10,fabuloso
meliá valencia,españa,habitación meliá,1,pareja,fantástico,,,9.0,2025-03-09,fabuloso
meliá valencia,españa,habitación meliá con 1 cama extragrande,1,pareja,excepcional,,,10.0,2025-03-06,fabuloso
meliá valencia,españa,habitación meliá,1,pareja,muy bien,,,8.0,2025-03-01,fabuloso
meliá valencia,españa,habitación meliá con 1 cama extragrande,1,pareja,muy bien,,,8.0,2025-02-28,fabuloso
meliá valencia,españa,habitación meliá con 1 cama extragrande,1,pareja,muy bien,,,8.0,2025-02-27,fabuloso
meliá valencia,españa,suite junior supreme the level,2,pareja,excepcional,,,10.0,2025-02-24,fabuloso
meliá valencia,españa,habitación meliá con 1 cama extragrande,1,pareja,muy bien,,,8.0,2025-02-24,fabuloso
meliá valencia,españa,habitación meliá con vistas - 1 cama extragrande,1,pareja,agradable,,,8.0,2025-02-23,fabuloso
meliá valencia,españa,habitación meliá,1,familia,muy bien,,,8.0,2025-02-22,fabuloso
meliá valencia,españa,habitación meliá,1,familia,fantástico,,,9.0,2025-02-21,fabuloso
meliá valencia,españa,habitación meliá,1,familia,excepcional,,,10.0,2025-02-19,fabuloso
meliá valencia,españa,suite junior,1,pareja,excepcional,,,10.0,2025-02-17,fabuloso
meliá valencia,españa,habitación doble premium,1,pareja,fantástico,,,9.0,2025-02-17,fabuloso
meliá valencia,españa,habitación meliá con 1 cama extragrande,1,pareja,muy bien,,,8.0,2025-02-16,fabuloso
meliá valencia,españa,habitación meliá con 1 cama extragrande,1,pareja,excepcional,,,10.0,2025-02-16,fabuloso
meliá valencia,españa,habitación meliá,1,pareja,fantástico,,,9.0,2025-02-16,fabuloso
meliá valencia,españa,habitación meliá con 1 cama extragrande,1,pareja,fantástico,,,9.0,2025-02-16,fabuloso
meliá valencia,españa,suite junior,1,pareja,excepcional,,,10.0,2025-02-16,fabuloso
meliá valencia,españa,habitación meliá con 1 cama extragrande,1,pareja,fantástico,,,9.0,2025-02-16,fabuloso
meliá valencia,españa,habitación meliá con 1 cama extragrande,1,pareja,fantástico,,,9.0,2025-02-15,fabuloso
meliá valencia,españa,habitación meliá,1,grupo,excepcional,,,10.0,2025-02-14,fabuloso
meliá valencia,españa,suite junior,1,familia,excepcional,,,10.0,2025-02-09,fabuloso
meliá valencia,españa,habitación meliá,1,grupo,fantástico,,,9.0,2025-02-08,fabuloso
meliá valencia,españa,habitación meliá,1,pareja,excepcional,,,10.0,2025-02-06,fabuloso
meliá valencia,españa,habitación meliá con 1 cama extragrande,2,persona que viaja sola,muy bien,,,8.0,2025-02-01,fabuloso
meliá valencia,españa,habitación meliá con 1 cama extragrande,1,familia,excepcional,,,10.0,2025-01-28,fabuloso
meliá valencia,españa,habitación meliá,2,pareja,excepcional,,,10.0,2025-01-27,fabuloso
meliá valencia,españa,habitación meliá,1,pareja,excepcional,,,10.0,2025-01-27,fabuloso
meliá valencia,españa,habitación meliá,1,pareja,excepcional,,,10.0,2025-01-27,fabuloso
meliá valencia,españa,habitación meliá con 1 cama extragrande,1,pareja,muy bien,,,8.0,2025-01-27,fabuloso
meliá valencia,españa,habitación meliá,1,pareja,fantástico,,,9.0,2025-01-27,fabuloso
meliá valencia,españa,habitación meliá,1,pareja,fantástico,,,9.0,2025-01-22,fabuloso
meliá valencia,españa,habitación meliá con 1 cama extragrande,1,grupo,fantástico,,,9.0,2025-01-21,fabuloso
meliá valencia,españa,habitación meliá con 1 cama extragrande,2,familia,fantástico,,,9.0,2025-01-19,fabuloso
meliá valencia,españa,habitación meliá con 1 cama extragrande,1,pareja,fantástico,,,9.0,2025-01-12,fabuloso
meliá valencia,españa,alojamiento the level supreme,2,pareja,excepcional,,,10.0,2025-01-09,fabuloso
meliá valencia,españa,habitación meliá,1,pareja,excepcional,,,10.0,2025-01-05,fabuloso
meliá valencia,españa,habitación meliá,1,pareja,fantástico,,,9.0,2025-01-05,fabuloso
meliá valencia,españa,habitación meliá,1,grupo,excepcional,,,10.0,2025-01-04,fabuloso
meliá valencia,españa,habitación meliá,1,pareja,muy bien,,,8.0,2025-01-02,fabuloso
meliá valencia,españa,habitación meliá con 1 cama extragrande,1,pareja,muy bien,,,8.0,2025-01-02,fabuloso
meliá valencia,españa,suite junior,1,persona que viaja sola,muy bien,,,8.0,2024-12-24,fabuloso
meliá valencia,españa,habitación meliá con vistas - 2 camas individuales,1,persona que viaja sola,excepcional,,,10.0,2024-12-24,fabuloso
meliá valencia,españa,habitación meliá con 1 cama extragrande,1,pareja,excepcional,,,10.0,2024-12-19,fabuloso
meliá valencia,españa,habitación meliá con vistas - 1 cama extragrande,1,pareja,excepcional,,,10.0,2024-12-18,fabuloso
meliá valencia,españa,habitación meliá,1,familia,excepcional,,,10.0,2024-12-17,fabuloso
meliá valencia,españa,habitación meliá con 1 cama extragrande,1,pareja,muy bien,,,8.0,2024-12-16,fabuloso
meliá valencia,españa,habitación meliá con 1 cama extragrande,1,familia,muy bien,,,8.0,2024-12-16,fabuloso
meliá valencia,españa,alojamiento the level supreme,1,pareja,muy bien,,,8.0,2024-12-06,fabuloso
meliá valencia,españa,habitación meliá,1,persona que viaja sola,excepcional,,,10.0,2024-12-05,fabuloso
meliá valencia,españa,habitación meliá,2,persona que viaja sola,excepcional,,,10.0,2024-11-30,fabuloso
meliá valencia,españa,habitación meliá,2,familia,fantástico,,,9.0,2024-11-29,fabuloso
meliá valencia,españa,habitación meliá,2,familia,excepcional,,,10.0,2024-11-27,fabuloso
meliá valencia,españa,habitación meliá,1,pareja,excepcional,,,10.0,2024-11-26,fabuloso
meliá valencia,españa,habitación meliá con 1 cama extragrande,2,pareja,excepcional,,,10.0,2024-11-23,fabuloso
meliá valencia,españa,habitación meliá,1,familia,excepcional,,,10.0,2024-11-18,fabuloso
meliá valencia,españa,habitación meliá,1,persona que viaja sola,excepcional,,,10.0,2024-11-13,fabuloso
meliá valencia,españa,alojamiento the level supreme,1,pareja,excepcional,,,10.0,2024-11-13,fabuloso
meliá valencia,españa,alojamiento the level supreme,1,pareja,excepcional,,,10.0,2024-11-10,fabuloso
meliá valencia,españa,habitación meliá,1,pareja,fantástico,,,9.0,2024-11-05,fabuloso
meliá valencia,españa,habitación meliá con 1 cama extragrande,2,pareja,fantástico,,,9.0,2024-11-03,fabuloso
meliá valencia,españa,habitación meliá,1,familia,excepcional,,,10.0,2024-10-28,fabuloso
meliá valencia,españa,habitación meliá,1,pareja,fantástico,,,9.0,2024-10-28,fabuloso
meliá valencia,españa,habitación meliá con 1 cama extragrande,1,persona que viaja sola,fantástico,,,9.0,2024-10-25,fabuloso
meliá valencia,españa,habitación meliá,1,familia,excepcional,,,10.0,2024-10-21,fabuloso
meliá valencia,españa,habitación meliá,1,familia,excepcional,,,10.0,2024-10-17,fabuloso
meliá valencia,españa,habitación meliá,1,pareja,excepcional,,,10.0,2024-10-16,fabuloso
meliá valencia,españa,habitación meliá,1,persona que viaja sola,excepcional,,,10.0,2024-10-07,fabuloso
meliá valencia,españa,habitación meliá,1,familia,excepcional,,,10.0,2024-10-04,fabuloso
meliá valencia,españa,habitación meliá con 1 cama extragrande,2,persona que viaja sola,excepcional,,,10.0,2024-10-03,fabuloso
meliá valencia,españa,habitación meliá con 1 cama extragrande,1,pareja,fantástico,,,9.0,2024-09-30,fabuloso
meliá valencia,españa,habitación meliá con vistas - 1 cama extragrande,1,pareja,muy bien,,,8.0,2024-09-29,fabuloso
meliá valencia,españa,habitación supreme,2,familia,muy bien,,,8.0,2024-09-26,fabuloso
meliá valencia,españa,habitación meliá,1,persona que viaja sola,fantástico,,,9.0,2024-09-26,fabuloso
meliá valencia,españa,habitación meliá,2,pareja,fantástico,,,9.0,2024-09-25,fabuloso
meliá valencia,españa,habitación supreme,1,pareja,fantástico,,,9.0,2024-09-25,fabuloso
meliá valencia,españa,habitación meliá,1,familia,fantástico,,,9.0,2024-09-22,fabuloso
meliá valencia,españa,habitación meliá con 1 cama extragrande,1,persona que viaja sola,fantástico,,,9.0,2024-09-20,fabuloso
meliá valencia,españa,alojamiento the level supreme,2,pareja,excepcional,,,10.0,2024-09-19,fabuloso
meliá valencia,españa,habitación meliá,1,familia,muy bien,,,8.0,2024-09-19,fabuloso
meliá valencia,españa,habitación meliá con 1 cama extragrande,1,pareja,excepcional,,,10.0,2024-09-18,fabuloso
meliá valencia,españa,habitación meliá,1,pareja,excepcional,,,10.0,2024-09-16,fabuloso
meliá valencia,españa,habitación meliá con 1 cama extragrande,1,pareja,excepcional,,,10.0,2024-09-09,fabuloso
meliá valencia,españa,habitación meliá,4,pareja,excepcional,,,10.0,2024-09-05,fabuloso
meliá valencia,españa,habitación meliá con 1 cama extragrande,1,pareja,excepcional,,,10.0,2024-09-02,fabuloso
meliá valencia,españa,habitación meliá con 1 cama extragrande,1,pareja,fantástico,,,9.0,2024-08-31,fabuloso
meliá valencia,españa,habitación meliá con vistas - 1 cama extragrande,1,pareja,fantástico,,,9.0,2024-08-28,fabuloso
meliá valencia,españa,habitación meliá con 1 cama extragrande,3,familia,fantástico,,,9.0,2024-08-26,fabuloso
meliá valencia,españa,habitación meliá,3,familia,excepcional,,,10.0,2024-08-26,fabuloso
meliá valencia,españa,habitación meliá,1,pareja,excepcional,,,10.0,2024-08-23,fabuloso
meliá valencia,españa,habitación meliá con 1 cama extragrande,2,familia,fantástico,,,9.0,2024-08-23,fabuloso
meliá valencia,españa,habitación meliá con vistas - 1 cama extragrande,3,familia,fantástico,,,9.0,2024-08-20,fabuloso
meliá valencia,españa,habitación doble premium,2,pareja,excepcional,,,10.0,2024-08-20,fabuloso
meliá valencia,españa,habitación meliá con 1 cama extragrande,1,persona que viaja sola,excepcional,,,10.0,2024-08-19,fabuloso
meliá valencia,españa,habitación meliá,1,familia,excepcional,,,10.0,2024-08-18,fabuloso
meliá valencia,españa,habitación meliá con 1 cama extragrande,3,familia,excepcional,,,10.0,2024-08-14,fabuloso
meliá valencia,españa,habitación meliá con vistas - 1 cama extragrande,1,familia,excepcional,,,10.0,2024-08-14,fabuloso
meliá valencia,españa,habitación meliá con 1 cama extragrande,2,familia,excepcional,,,10.0,2024-08-14,fabuloso
meliá valencia,españa,habitación meliá,1,persona que viaja sola,fantástico,,,9.0,2024-08-12,fabuloso
meliá valencia,españa,habitación meliá,2,pareja,excepcional,,,10.0,2024-08-08,fabuloso
meliá valencia,españa,habitación meliá,1,pareja,excepcional,,,10.0,2024-08-06,fabuloso
meliá valencia,españa,habitación meliá,1,familia,excepcional,,,10.0,2024-08-03,fabuloso
meliá valencia,españa,habitación meliá con vistas - 1 cama extragrande,2,pareja,muy bien,,,8.0,2024-07-27,fabuloso
meliá valencia,españa,habitación meliá con vistas - 1 cama extragrande,2,familia,excepcional,,,10.0,2024-07-23,fabuloso
meliá valencia,españa,habitación meliá con 1 cama extragrande,1,grupo,fantástico,,,9.0,2024-07-17,fabuloso
meliá valencia,españa,habitación meliá con 1 cama extragrande,1,pareja,muy bien,,,8.0,2024-07-17,fabuloso
meliá valencia,españa,habitación meliá,1,pareja,muy bien,,,8.0,2024-07-16,fabuloso
meliá valencia,españa,habitación doble premium,1,pareja,muy bien,,,8.0,2024-07-15,fabuloso
meliá valencia,españa,habitación meliá,1,familia,excepcional,,,10.0,2024-07-15,fabuloso
meliá valencia,españa,habitación meliá con 1 cama extragrande,1,familia,muy bien,,,8.0,2024-07-15,fabuloso
meliá valencia,españa,habitación meliá,1,familia,excepcional,,,10.0,2024-07-13,fabuloso
meliá valencia,españa,habitación meliá,1,persona que viaja sola,fantástico,,,9.0,2024-07-10,fabuloso
meliá valencia,españa,habitación meliá,1,pareja,melia es sello de confianza,,,8.0,2024-07-10,fabuloso
meliá valencia,españa,habitación meliá,1,familia,excepcional,,,10.0,2024-07-01,fabuloso
meliá valencia,españa,habitación meliá con 1 cama extragrande,3,pareja,muy bien,,,8.0,2024-06-30,fabuloso
meliá valencia,españa,habitación meliá con vistas - 2 camas individuales,1,persona que viaja sola,muy bien,,,8.0,2024-06-30,fabuloso
meliá valencia,españa,habitación meliá,1,grupo,excepcional,,,10.0,2024-06-29,fabuloso
meliá valencia,españa,alojamiento the level supreme,1,pareja,excepcional,,,10.0,2024-06-29,fabuloso
meliá valencia,españa,habitación meliá con 1 cama extragrande,1,pareja,muy bien,,,8.0,2024-06-27,fabuloso
meliá valencia,españa,suite junior,3,familia,fantástico,,,9.0,2024-06-26,fabuloso
meliá valencia,españa,habitación meliá,2,persona que viaja sola,fantástico,,,9.0,2024-06-26,fabuloso
meliá valencia,españa,habitación meliá,2,pareja,muy bien,,,8.0,2024-06-24,fabuloso
meliá valencia,españa,habitación meliá,1,familia,muy bien,,,8.0,2024-06-24,fabuloso
meliá valencia,españa,habitación meliá,2,pareja,muy bien,,,8.0,2024-06-23,fabuloso
meliá valencia,españa,habitación meliá con 1 cama extragrande,1,persona que viaja sola,excepcional,,,10.0,2024-06-18,fabuloso
meliá valencia,españa,habitación meliá con 1 cama extragrande,1,pareja,muy bien,,,8.0,2024-06-17,fabuloso
meliá valencia,españa,habitación meliá,1,familia,excepcional,,,10.0,2024-06-17,fabuloso
meliá valencia,españa,habitación meliá con 1 cama extragrande,1,familia,muy bien,,,8.0,2024-06-17,fabuloso
meliá valencia,españa,habitación meliá con 1 cama extragrande,1,pareja,excepcional,,,10.0,2024-06-16,fabuloso
meliá valencia,españa,habitación meliá con 1 cama extragrande,1,persona que viaja sola,fantástico,,,9.0,2024-06-09,fabuloso
meliá valencia,españa,habitación meliá,2,persona que viaja sola,excepcional,,,10.0,2024-06-05,fabuloso
meliá valencia,españa,habitación meliá,1,pareja,excepcional,,,10.0,2024-06-01,fabuloso
meliá valencia,españa,habitación meliá con vistas - 2 camas individuales,2,grupo,estancia muy satisfactoria. volvería a repetir.,,,9.0,2024-05-31,fabuloso
meliá valencia,españa,habitación meliá,1,persona que viaja sola,excepcional,,,10.0,2024-05-27,fabuloso
meliá valencia,españa,habitación familiar,4,familia,fantástico,,,9.0,2024-05-25,fabuloso
meliá valencia,españa,habitación meliá,1,familia,fantástico,,,9.0,2024-05-21,fabuloso
meliá valencia,españa,habitación meliá,1,pareja,fantástico,,,9.0,2024-05-20,fabuloso
meliá valencia,españa,habitación meliá con 1 cama extragrande,1,familia,excepcional,,,10.0,2024-05-20,fabuloso
meliá valencia,españa,habitación meliá con 1 cama extragrande,2,pareja,excepcional,,,10.0,2024-05-17,fabuloso
meliá valencia,españa,habitación meliá,1,pareja,fantástico,,,9.0,2024-05-13,fabuloso
meliá valencia,españa,habitación meliá,1,familia,,,,8.0,2024-04-28,fabuloso
meliá valencia,españa,alojamiento the level supreme,1,pareja,excepcional,,,10.0,2024-04-27,fabuloso
meliá valencia,españa,habitación meliá con vistas - 1 cama extragrande,1,pareja,excepcional,,,10.0,2024-04-25,fabuloso
meliá valencia,españa,habitación doble premium,1,pareja,excepcional,,,10.0,2024-04-22,fabuloso
meliá valencia,españa,habitación meliá,1,pareja,excepcional,,,10.0,2024-04-16,fabuloso
meliá valencia,españa,habitación meliá,1,pareja,todo perfecto,,,9.0,2024-04-16,fabuloso
meliá valencia,españa,habitación meliá,1,pareja,excepcional,,,10.0,2024-04-15,fabuloso
meliá valencia,españa,habitación meliá,1,persona que viaja sola,excepcional,,,10.0,2024-04-15,fabuloso
meliá valencia,españa,habitación meliá,2,pareja,excepcional,,,10.0,2024-04-14,fabuloso
meliá valencia,españa,habitación meliá con 1 cama extragrande,4,pareja,excepcional,,,10.0,2024-04-05,fabuloso
meliá valencia,españa,habitación meliá,3,pareja,excepcional,,,10.0,2024-04-04,fabuloso
meliá valencia,españa,habitación meliá con 1 cama extragrande,2,pareja,fantástico,,,9.0,2024-04-03,fabuloso
meliá valencia,españa,habitación meliá con 1 cama extragrande,1,familia,excepcional,,,10.0,2024-04-02,fabuloso
meliá valencia,españa,habitación meliá con 1 cama extragrande,1,persona que viaja sola,muy bien,,,8.0,2024-04-02,fabuloso
meliá valencia,españa,habitación meliá con 1 cama extragrande,3,familia,excepcional,,,10.0,2024-04-01,fabuloso
meliá valencia,españa,habitación meliá con 1 cama extragrande,1,pareja,excepcional,,,10.0,2024-04-01,fabuloso
meliá valencia,españa,habitación meliá,1,pareja,excepcional,,,10.0,2024-03-30,fabuloso
meliá valencia,españa,habitación meliá con 1 cama extragrande,1,pareja,fantástico,,,9.0,2024-03-24,fabuloso
meliá valencia,españa,habitación meliá con 1 cama extragrande,1,familia,excepcional,,,10.0,2024-03-24,fabuloso
meliá valencia,españa,habitación meliá,1,pareja,excepcional,,,10.0,2024-03-21,fabuloso
meliá valencia,españa,habitación meliá,1,grupo,excepcional,,,10.0,2024-03-21,fabuloso
meliá valencia,españa,habitación meliá con vistas - 1 cama extragrande,2,pareja,excepcional,,,10.0,2024-03-17,fabuloso
meliá valencia,españa,habitación doble premium,1,pareja,excepcional,,,10.0,2024-03-16,fabuloso
meliá valencia,españa,habitación meliá,2,grupo,muy bien,,,8.0,2024-02-29,fabuloso
meliá valencia,españa,habitación supreme,1,pareja,excepcional,,,10.0,2024-02-19,fabuloso
meliá valencia,españa,habitación meliá,1,familia,fantástico,,,9.0,2024-02-18,fabuloso
meliá valencia,españa,habitación meliá con vistas - 1 cama extragrande,2,pareja,fantástico,,,9.0,2024-02-18,fabuloso
meliá valencia,españa,habitación meliá,1,pareja,excepcional,,,10.0,2024-02-18,fabuloso
meliá valencia,españa,habitación meliá,1,familia,excepcional,,,10.0,2024-02-17,fabuloso
meliá valencia,españa,habitación meliá,2,pareja,excepcional,,,10.0,2024-02-16,fabuloso
meliá valencia,españa,habitación meliá con vistas - 1 cama extragrande,1,pareja,fantástico,,,9.0,2024-02-16,fabuloso
meliá valencia,españa,habitación meliá,1,pareja,excepcional,,,10.0,2024-02-15,fabuloso
meliá valencia,españa,habitación meliá con 1 cama extragrande,1,grupo,fantástico,,,9.0,2024-02-15,fabuloso
meliá valencia,españa,habitación meliá,1,grupo,excepcional,,,10.0,2024-02-15,fabuloso
meliá valencia,españa,habitación meliá,1,persona que viaja sola,excepcional,,,10.0,2024-02-14,fabuloso
meliá valencia,españa,habitación meliá con vistas - 1 cama extragrande,1,pareja,excepcional,,,10.0,2024-02-12,fabuloso
meliá valencia,españa,habitación meliá,1,pareja,excepcional,,,10.0,2024-02-12,fabuloso
meliá valencia,españa,habitación meliá con 1 cama extragrande,1,pareja,excepcional,,,10.0,2024-02-12,fabuloso
meliá valencia,españa,habitación meliá con 1 cama extragrande,2,pareja,excepcional,,,10.0,2024-02-12,fabuloso
meliá valencia,españa,habitación meliá con 1 cama extragrande,1,pareja,excepcional,,,10.0,2024-02-11,fabuloso
meliá valencia,españa,habitación supreme,1,pareja,excepcional,,,10.0,2024-02-09,fabuloso
meliá valencia,españa,habitación doble premium,2,pareja,excepcional,,,10.0,2024-02-05,fabuloso
meliá valencia,españa,habitación doble premium,2,persona que viaja sola,excepcional,,,10.0,2024-02-02,fabuloso
meliá valencia,españa,habitación meliá,1,pareja,excepcional,,,10.0,2024-02-02,fabuloso
meliá valencia,españa,habitación meliá con 1 cama extragrande,1,familia,excepcional,,,10.0,2024-01-29,fabuloso
meliá valencia,españa,habitación meliá con vistas - 1 cama extragrande,1,pareja,muy bien,,,8.0,2024-01-28,fabuloso
meliá valencia,españa,habitación meliá,3,persona que viaja sola,fantástico,,,9.0,2024-01-26,fabuloso
meliá valencia,españa,habitación meliá con vistas - 1 cama extragrande,1,familia,excepcional,,,10.0,2024-01-25,fabuloso
meliá valencia,españa,habitación meliá con 1 cama extragrande,2,pareja,fantástico,,,9.0,2024-01-25,fabuloso
meliá valencia,españa,habitación doble premium,1,pareja,excepcional,,,10.0,2024-01-21,fabuloso
meliá valencia,españa,habitación meliá con 1 cama extragrande,1,grupo,excepcional,,,10.0,2024-01-21,fabuloso
meliá valencia,españa,habitación meliá con 1 cama extragrande,2,pareja,muy bien,,,8.0,2024-01-20,fabuloso
meliá valencia,españa,habitación meliá con 1 cama extragrande,1,pareja,muy bien,,,8.0,2024-01-20,fabuloso
meliá valencia,españa,habitación meliá,1,grupo,fantástico,,,9.0,2024-01-19,fabuloso
meliá valencia,españa,habitación meliá,1,familia,excepcional,,,10.0,2024-01-18,fabuloso
meliá valencia,españa,habitación meliá,1,familia,excepcional,,,10.0,2024-01-15,fabuloso
meliá valencia,españa,habitación meliá con 1 cama extragrande,1,pareja,fantástico,,,9.0,2024-01-11,fabuloso
meliá valencia,españa,suite junior,2,pareja,fantástico,,,9.0,2024-01-08,fabuloso
meliá valencia,españa,habitación meliá con 1 cama extragrande,1,familia,muy bien,,,8.0,2024-01-07,fabuloso
meliá valencia,españa,habitación doble premium,2,pareja,muy bien,,,8.0,2024-01-06,fabuloso
meliá valencia,españa,alojamiento the level supreme,1,pareja,fantástico,,,9.0,2024-01-04,fabuloso
meliá valencia,españa,habitación meliá con 1 cama extragrande,1,pareja,fantástico,,,9.0,2024-01-03,fabuloso
meliá valencia,españa,habitación meliá con 1 cama extragrande,3,pareja,fantástico,,,9.0,2023-12-31,fabuloso
meliá valencia,españa,habitación meliá,1,pareja,fantástico,,,9.0,2023-12-26,fabuloso
meliá valencia,españa,habitación meliá,1,grupo,fantástico,,,9.0,2023-12-20,fabuloso
meliá valencia,españa,habitación meliá,2,persona que viaja sola,muy bien,,,8.0,2023-12-18,fabuloso
meliá valencia,españa,habitación meliá con vistas - 1 cama extragrande,2,familia,muy bien,,,8.0,2023-12-14,fabuloso
meliá valencia,españa,habitación meliá,2,familia,muy bien,,,8.0,2023-12-10,fabuloso
meliá valencia,españa,habitación meliá con 1 cama extragrande,3,familia,excepcional,,,10.0,2023-12-10,fabuloso
meliá valencia,españa,habitación meliá con 1 cama extragrande,3,familia,excepcional,,,10.0,2023-12-10,fabuloso
meliá valencia,españa,habitación doble premium,1,persona que viaja sola,fantástico,,,9.0,2023-12-09,fabuloso
meliá valencia,españa,habitación meliá,3,familia,muy bien,,,8.0,2023-12-05,fabuloso
meliá valencia,españa,habitación meliá,3,persona que viaja sola,excepcional,,,10.0,2023-12-01,fabuloso
meliá valencia,españa,habitación meliá,1,grupo,fantástico,,,9.0,2023-11-26,fabuloso
meliá valencia,españa,habitación meliá,1,persona que viaja sola,muy bien,,,8.0,2023-11-26,fabuloso
meliá valencia,españa,habitación meliá,2,familia,excepcional,,,10.0,2023-11-19,fabuloso
meliá valencia,españa,habitación meliá con 1 cama extragrande,2,familia,fantástico,,,9.0,2023-11-18,fabuloso
meliá valencia,españa,habitación meliá,1,persona que viaja sola,excepcional,,,10.0,2023-11-17,fabuloso
meliá valencia,españa,habitación supreme,4,familia,fantástico,,,9.0,2023-11-11,fabuloso
meliá valencia,españa,suite junior,1,familia,fantástico,,,9.0,2023-11-06,fabuloso
meliá valencia,españa,habitación meliá,1,familia,fantástico,,,9.0,2023-11-04,fabuloso
meliá valencia,españa,habitación meliá con vistas - 1 cama extragrande,1,pareja,excepcional,,,10.0,2023-10-30,fabuloso
meliá valencia,españa,habitación meliá con 1 cama extragrande,1,pareja,excepcional,,,10.0,2023-10-29,fabuloso
meliá valencia,españa,suite junior supreme the level,1,familia,excepcional,,,10.0,2023-10-24,fabuloso
meliá valencia,españa,habitación meliá,1,pareja,excepcional,,,10.0,2023-10-24,fabuloso
meliá valencia,españa,habitación meliá,1,pareja,fantástico,,,9.0,2023-10-24,fabuloso
meliá valencia,españa,habitación meliá con 1 cama extragrande,1,pareja,fantástico,,,9.0,2023-10-22,fabuloso
meliá valencia,españa,habitación meliá con vistas - 2 camas individuales,2,familia,excepcional,,,10.0,2023-10-19,fabuloso
meliá valencia,españa,habitación meliá,2,familia,muy bien,,,8.0,2023-10-16,fabuloso
meliá valencia,españa,habitación meliá,1,familia,confortable,,,9.0,2023-10-16,fabuloso
meliá valencia,españa,habitación meliá,2,familia,excepcional,,,10.0,2023-10-13,fabuloso
meliá valencia,españa,habitación meliá con 1 cama extragrande,1,persona que viaja sola,muy bien,,,8.0,2023-10-12,fabuloso
meliá valencia,españa,habitación meliá con 1 cama extragrande,1,familia,excepcional,,,10.0,2023-10-08,fabuloso
meliá valencia,españa,habitación meliá con 1 cama extragrande,1,pareja,excepcional,,,10.0,2023-10-06,fabuloso
meliá valencia,españa,habitación meliá,3,familia,muy bien,,,8.0,2023-09-30,fabuloso
meliá valencia,españa,habitación meliá,1,persona que viaja sola,fantástico,,,9.0,2023-09-28,fabuloso
meliá valencia,españa,habitación meliá con 1 cama extragrande,1,pareja,fantástico,,,9.0,2023-09-24,fabuloso
meliá valencia,españa,habitación meliá con 1 cama extragrande,1,pareja,fantástico,,,9.0,2023-09-24,fabuloso
meliá valencia,españa,habitación meliá con 1 cama extragrande,1,pareja,muy bien,,,8.0,2023-09-22,fabuloso
meliá valencia,españa,habitación meliá,1,pareja,excepcional,,,10.0,2023-09-16,fabuloso
meliá valencia,españa,habitación meliá con 1 cama extragrande,1,grupo,excepcional,,,10.0,2023-09-14,fabuloso
meliá valencia,españa,habitación meliá con vistas - 2 camas individuales,2,familia,muy bien,,,8.0,2023-09-13,fabuloso
meliá valencia,españa,habitación meliá con 1 cama extragrande,2,pareja,excepcional,,,10.0,2023-09-12,fabuloso
meliá valencia,españa,habitación meliá,3,persona que viaja sola,fantástico,,,9.0,2023-09-12,fabuloso
meliá valencia,españa,habitación meliá con 1 cama extragrande,1,pareja,fantástico,,,9.0,2023-09-11,fabuloso
meliá valencia,españa,habitación meliá con 1 cama extragrande,2,pareja,excepcional,,,10.0,2023-09-10,fabuloso
meliá valencia,españa,habitación meliá,1,pareja,fantástico,,,9.0,2023-09-10,fabuloso
meliá valencia,españa,habitación meliá,2,pareja,excepcional,,,10.0,2023-09-07,fabuloso
meliá valencia,españa,suite junior,1,familia,excepcional,,,10.0,2023-09-03,fabuloso
meliá valencia,españa,habitación meliá,1,persona que viaja sola,genial.,,,8.0,2023-09-03,fabuloso
meliá valencia,españa,habitación meliá comunicada con vistas,3,familia,excepcional,,,10.0,2023-08-28,fabuloso
meliá valencia,españa,habitación meliá,1,persona que viaja sola,excepcional,,,10.0,2023-08-27,fabuloso
meliá valencia,españa,habitación meliá con 1 cama extragrande,1,pareja,fantástico,,,9.0,2023-08-25,fabuloso
meliá valencia,españa,habitación meliá con 1 cama extragrande,8,pareja,fantástico,,,9.0,2023-08-21,fabuloso
meliá valencia,españa,habitación meliá con 1 cama extragrande,1,pareja,excepcional,,,10.0,2023-08-20,fabuloso
meliá valencia,españa,habitación meliá con 1 cama extragrande,2,persona que viaja sola,muy bien,,,8.0,2023-08-19,fabuloso
meliá valencia,españa,habitación meliá,1,familia,excepcional,,,10.0,2023-08-18,fabuloso
meliá valencia,españa,habitación meliá con 1 cama extragrande,1,pareja,fantástico,,,9.0,2023-08-18,fabuloso
meliá valencia,españa,habitación meliá con 1 cama extragrande,1,pareja,excepcional,,,10.0,2023-08-18,fabuloso
meliá valencia,españa,habitación meliá con 1 cama extragrande,2,pareja,fantástico,,,9.0,2023-08-18,fabuloso
meliá valencia,españa,habitación meliá con vistas - 1 cama extragrande,1,pareja,excepcional,,,10.0,2023-08-17,fabuloso
meliá valencia,españa,habitación meliá con 1 cama extragrande,1,pareja,excepcional,,,10.0,2023-08-14,fabuloso
meliá valencia,españa,habitación meliá,5,familia,excepcional,,,10.0,2023-08-13,fabuloso
meliá valencia,españa,habitación meliá con 1 cama extragrande,1,pareja,fantástico,,,9.0,2023-08-13,fabuloso
meliá valencia,españa,habitación meliá con 1 cama extragrande,1,pareja,excepcional,,,10.0,2023-08-12,fabuloso
meliá valencia,españa,habitación meliá con 1 cama extragrande,1,pareja,excepcional,,,10.0,2023-08-12,fabuloso
meliá valencia,españa,habitación meliá con 1 cama extragrande,1,pareja,excepcional,,,10.0,2023-08-11,fabuloso
meliá valencia,españa,habitación meliá,2,pareja,excepcional,,,10.0,2023-08-11,fabuloso
meliá valencia,españa,habitación meliá con 1 cama extragrande,1,pareja,excepcional,,,10.0,2023-08-10,fabuloso
meliá valencia,españa,habitación meliá con 1 cama extragrande,1,persona que viaja sola,excepcional,,,10.0,2023-08-09,fabuloso
meliá valencia,españa,habitación supreme,1,persona que viaja sola,excepcional,,,10.0,2023-08-09,fabuloso
meliá valencia,españa,habitación meliá,1,familia,excepcional,,,10.0,2023-08-08,fabuloso
meliá valencia,españa,habitación familiar,2,familia,excepcional,,,10.0,2023-08-06,fabuloso
meliá valencia,españa,habitación meliá con 1 cama extragrande,2,persona que viaja sola,fantástico,,,9.0,2023-08-05,fabuloso
meliá valencia,españa,habitación meliá,4,familia,muy bien,,,8.0,2023-08-04,fabuloso
meliá valencia,españa,habitación meliá,1,pareja,excepcional,,,10.0,2023-08-04,fabuloso
meliá valencia,españa,suite junior,1,persona que viaja sola,excepcional,,,10.0,2023-08-03,fabuloso
meliá valencia,españa,habitación meliá,1,grupo,excepcional,,,10.0,2023-07-31,fabuloso
meliá valencia,españa,habitación meliá,1,pareja,muy bien,,,8.0,2023-07-31,fabuloso
meliá valencia,españa,habitación meliá,1,familia,muy bien,,,8.0,2023-07-30,fabuloso
meliá valencia,españa,habitación meliá con vistas - 1 cama extragrande,1,pareja,excepcional,,,10.0,2023-07-30,fabuloso
meliá valencia,españa,habitación meliá con vistas - 1 cama extragrande,1,pareja,excepcional,,,10.0,2023-07-29,fabuloso
meliá valencia,españa,habitación meliá con 1 cama extragrande,2,pareja,fantástico,,,9.0,2023-07-25,fabuloso
meliá valencia,españa,habitación meliá con 1 cama extragrande,1,pareja,excepcional,,,10.0,2023-07-25,fabuloso
meliá valencia,españa,habitación meliá con vistas - 1 cama extragrande,1,pareja,excepcional,,,10.0,2023-07-25,fabuloso
meliá valencia,españa,habitación meliá,1,familia,excepcional,,,10.0,2023-07-21,fabuloso
meliá valencia,españa,habitación meliá con vistas - 1 cama extragrande,1,familia,fantástico,,,9.0,2023-07-20,fabuloso
meliá valencia,españa,habitación meliá con 1 cama extragrande,2,pareja,muy bien,,,8.0,2023-07-17,fabuloso
meliá valencia,españa,habitación meliá,1,familia,excepcional,,,10.0,2023-07-16,fabuloso
meliá valencia,españa,habitación meliá,2,familia,fantástico,,,9.0,2023-07-15,fabuloso
meliá valencia,españa,habitación meliá,1,pareja,excepcional,,,10.0,2023-07-13,fabuloso
meliá valencia,españa,habitación meliá con vistas - 2 camas individuales,2,pareja,excepcional,,,10.0,2023-07-11,fabuloso
meliá valencia,españa,habitación meliá con 1 cama extragrande,2,persona que viaja sola,muy bien,,,8.0,2023-07-11,fabuloso
meliá valencia,españa,habitación meliá,1,pareja,excepcional,,,10.0,2023-07-10,fabuloso
meliá valencia,españa,habitación meliá con 1 cama extragrande,2,pareja,fantástico,,,9.0,2023-07-09,fabuloso
meliá valencia,españa,habitación meliá,2,familia,fantástico,,,9.0,2023-07-09,fabuloso
meliá valencia,españa,habitación doble premium,2,familia,excepcional,,,10.0,2023-07-09,fabuloso
meliá valencia,españa,habitación meliá con 1 cama extragrande,2,pareja,fantástico,,,9.0,2023-07-09,fabuloso
meliá valencia,españa,habitación meliá con 1 cama extragrande,1,grupo,excepcional,,,10.0,2023-07-08,fabuloso
meliá valencia,españa,habitación meliá con 1 cama extragrande,1,persona que viaja sola,excepcional,,,10.0,2023-07-07,fabuloso
meliá valencia,españa,habitación meliá,1,persona que viaja sola,fantástico,,,9.0,2023-07-06,fabuloso
meliá valencia,españa,habitación meliá,2,pareja,excepcional,,,10.0,2023-07-06,fabuloso
meliá valencia,españa,habitación meliá con 1 cama extragrande,2,pareja,excepcional,,,10.0,2023-07-06,fabuloso
meliá valencia,españa,habitación meliá con 1 cama extragrande,1,familia,muy bien,,,8.0,2023-07-05,fabuloso
meliá valencia,españa,habitación familiar,1,familia,excepcional,,,10.0,2023-07-05,fabuloso
meliá valencia,españa,habitación meliá con vistas - 2 camas individuales,1,familia,fantástico,,,9.0,2023-07-04,fabuloso
meliá valencia,españa,habitación meliá con 1 cama extragrande,1,pareja,excepcional,,,10.0,2023-07-03,fabuloso
meliá valencia,españa,habitación meliá,1,pareja,excepcional,,,10.0,2023-07-02,fabuloso
meliá valencia,españa,habitación meliá con 1 cama extragrande,1,familia,excepcional,,,10.0,2023-06-28,fabuloso
meliá valencia,españa,habitación meliá con 1 cama extragrande,2,pareja,muy bien,,,8.0,2023-06-25,fabuloso
meliá valencia,españa,habitación supreme,1,pareja,excepcional,,,10.0,2023-06-18,fabuloso
meliá valencia,españa,habitación meliá,1,pareja,un valor seguro,,,10.0,2023-06-18,fabuloso
meliá valencia,españa,habitación meliá con vistas - 2 camas individuales,3,grupo,muy bien,,,8.0,2023-06-14,fabuloso
meliá valencia,españa,habitación meliá,1,familia,muy bien,,,8.0,2023-06-12,fabuloso
meliá valencia,españa,habitación meliá,1,familia,fantástico,,,9.0,2023-06-12,fabuloso
meliá valencia,españa,habitación meliá con vistas - 2 camas individuales,1,persona que viaja sola,fantástico,,,9.0,2023-06-11,fabuloso
meliá valencia,españa,habitación meliá,1,pareja,excepcional,,,10.0,2023-06-10,fabuloso
meliá valencia,españa,habitación meliá,2,pareja,muy bien,,,8.0,2023-06-09,fabuloso
meliá valencia,españa,habitación meliá con vistas - 1 cama extragrande,1,pareja,excepcional,,,10.0,2023-06-08,fabuloso
meliá valencia,españa,habitación supreme,1,persona que viaja sola,fantástico,,,9.0,2023-06-07,fabuloso
meliá valencia,españa,habitación meliá con 1 cama extragrande,1,pareja,excepcional,,,10.0,2023-06-06,fabuloso
meliá valencia,españa,habitación meliá con vistas - 2 camas individuales,2,familia,excepcional,,,10.0,2023-06-05,fabuloso
meliá valencia,españa,habitación meliá,1,pareja,fantástico,,,9.0,2023-06-05,fabuloso
meliá valencia,españa,habitación meliá,1,pareja,fantástico,,,9.0,2023-06-05,fabuloso
meliá valencia,españa,habitación meliá con 1 cama extragrande,1,pareja,excepcional,,,10.0,2023-06-04,fabuloso
meliá valencia,españa,habitación meliá,3,persona que viaja sola,muy bien,,,8.0,2023-06-03,fabuloso
meliá valencia,españa,habitación meliá con vistas - 2 camas individuales,2,pareja,muy bien,,,8.0,2023-05-28,fabuloso
meliá valencia,españa,habitación meliá,1,familia,muy bien,,,8.0,2023-05-25,fabuloso
meliá valencia,españa,habitación meliá con 1 cama extragrande,1,persona que viaja sola,excepcional,,,10.0,2023-05-23,fabuloso
meliá valencia,españa,habitación meliá,2,familia,excepcional,,,10.0,2023-05-23,fabuloso
meliá valencia,españa,habitación meliá,1,pareja,excepcional,,,10.0,2023-05-22,fabuloso
meliá valencia,españa,habitación meliá con 1 cama extragrande,1,familia,muy bien,,,8.0,2023-05-21,fabuloso
meliá valencia,españa,habitación meliá con 1 cama extragrande,1,pareja,excepcional,,,10.0,2023-05-21,fabuloso
meliá valencia,españa,habitación meliá,1,persona que viaja sola,excepcional,,,10.0,2023-05-20,fabuloso
meliá valencia,españa,habitación meliá con 2 camas individuales  2 adultos   1 niño ,3,grupo,muy bien,,,8.0,2023-05-18,fabuloso
meliá valencia,españa,habitación meliá con 1 cama extragrande,1,persona que viaja sola,muy bien,,,8.0,2023-05-18,fabuloso
meliá valencia,españa,habitación meliá con 1 cama extragrande,2,pareja,excepcional,,,10.0,2023-05-18,fabuloso
meliá valencia,españa,habitación meliá,1,pareja,muy bien,,,8.0,2023-05-14,fabuloso
meliá valencia,españa,habitación meliá con 1 cama extragrande,1,pareja,excepcional,,,10.0,2023-05-14,fabuloso
meliá valencia,españa,habitación meliá con 1 cama extragrande,1,pareja,excepcional,,,10.0,2023-05-07,fabuloso
meliá valencia,españa,habitación meliá con 1 cama extragrande,1,pareja,excepcional,,,10.0,2023-05-07,fabuloso
meliá valencia,españa,habitación meliá,4,familia,muy bien,,,8.0,2023-05-02,fabuloso
meliá valencia,españa,habitación meliá,3,familia,muy bien,,,8.0,2023-05-01,fabuloso
meliá valencia,españa,habitación meliá con 1 cama extragrande,3,pareja,excepcional,,,10.0,2023-04-28,fabuloso
meliá valencia,españa,habitación meliá con 1 cama extragrande,1,pareja,excepcional,,,10.0,2023-04-27,fabuloso
meliá valencia,españa,habitación meliá con 1 cama extragrande,1,persona que viaja sola,muy bien,,,8.0,2023-04-25,fabuloso
meliá valencia,españa,habitación familiar,2,familia,excepcional,,,10.0,2023-04-25,fabuloso
meliá valencia,españa,habitación meliá con 1 cama extragrande,1,pareja,excepcional,,,10.0,2023-04-24,fabuloso
meliá valencia,españa,habitación doble premium,1,pareja,muy bien,,,8.0,2023-04-23,fabuloso
meliá valencia,españa,habitación meliá,1,grupo,excepcional,,,10.0,2023-04-17,fabuloso
meliá valencia,españa,habitación meliá con 1 cama extragrande,1,pareja,excepcional,,,10.0,2023-04-16,fabuloso
meliá valencia,españa,habitación supreme,1,familia,bien,,,7.0,2026-04-13,fabuloso
meliá valencia,españa,habitación meliá con 1 cama extragrande,1,pareja,bien,,,7.0,2025-12-13,fabuloso
meliá valencia,españa,habitación meliá,1,pareja,agradable,,,6.0,2025-11-25,fabuloso
meliá valencia,españa,habitación meliá con 1 cama extragrande,2,pareja,bien,,,7.0,2025-11-23,fabuloso
meliá valencia,españa,habitación meliá,1,persona que viaja sola,bien,,,7.0,2025-10-30,fabuloso
meliá valencia,españa,habitación supreme,1,grupo,pésimo,,,1.0,2025-09-15,fabuloso
meliá valencia,españa,habitación meliá,4,familia,agradable,,,6.0,2025-09-14,fabuloso
meliá valencia,españa,habitación supreme,2,familia,pésimo,,,1.0,2025-08-16,fabuloso
meliá valencia,españa,habitación meliá con vistas - 1 cama extragrande,2,pareja,agradable,,,6.0,2025-08-07,fabuloso
meliá valencia,españa,habitación meliá con 1 cama extragrande,7,familia,bien,,,7.0,2025-07-08,fabuloso
meliá valencia,españa,habitación meliá con vistas - 1 cama extragrande,1,familia,bien,,,7.0,2025-06-28,fabuloso
meliá valencia,españa,habitación meliá,1,pareja,agradable,,,6.0,2025-06-22,fabuloso
meliá valencia,españa,habitación meliá con 1 cama extragrande,2,pareja,bien,,,7.0,2025-06-17,fabuloso
meliá valencia,españa,habitación meliá,3,pareja,bien,,,7.0,2025-06-16,fabuloso
meliá valencia,españa,habitación meliá con vistas - 2 camas individuales,1,grupo,bien,,,7.0,2025-05-25,fabuloso
meliá valencia,españa,habitación meliá,1,persona que viaja sola,bien,,,7.0,2025-02-26,fabuloso
meliá valencia,españa,habitación meliá con 1 cama extragrande,1,pareja,pésimo,,,1.0,2025-02-22,fabuloso
meliá valencia,españa,habitación meliá con vistas - 2 camas individuales,1,persona que viaja sola,aceptable,,,5.0,2025-02-18,fabuloso
meliá valencia,españa,habitación meliá con vistas - 1 cama extragrande,1,pareja,decepcionante,,,4.0,2025-02-03,fabuloso
meliá valencia,españa,habitación meliá con 1 cama extragrande,1,persona que viaja sola,bien,,,7.0,2025-01-26,fabuloso
meliá valencia,españa,habitación meliá,2,pareja,bien,,,7.0,2024-12-29,fabuloso
meliá valencia,españa,habitación meliá con 1 cama extragrande,3,pareja,bien,,,7.0,2024-11-19,fabuloso
meliá valencia,españa,habitación meliá,2,familia,mal,,,3.0,2024-09-26,fabuloso
meliá valencia,españa,habitación meliá con 1 cama extragrande,1,persona que viaja sola,aceptable,,,5.0,2024-09-16,fabuloso
meliá valencia,españa,alojamiento the level supreme,2,pareja,bien,,,7.0,2024-09-14,fabuloso
meliá valencia,españa,habitación meliá,2,familia,bien,,,7.0,2024-08-27,fabuloso
meliá valencia,españa,habitación meliá,2,familia,bien,,,7.0,2024-08-17,fabuloso
meliá valencia,españa,habitación meliá con 1 cama extragrande,2,pareja,agradable,,,6.0,2024-07-14,fabuloso
meliá valencia,españa,habitación meliá,3,familia,bien,,,7.0,2024-05-04,fabuloso
meliá valencia,españa,habitación meliá con 1 cama extragrande,1,pareja,bien,,,7.0,2024-04-01,fabuloso
meliá valencia,españa,habitación meliá,1,pareja,bien,,,7.0,2024-02-10,fabuloso
meliá valencia,españa,habitación meliá,2,pareja,bien,,,7.0,2024-02-04,fabuloso
meliá valencia,españa,habitación meliá,1,pareja,agradable,,,6.0,2023-11-25,fabuloso
meliá valencia,españa,habitación meliá,1,pareja,pésimo,,,1.0,2023-10-10,fabuloso
meliá valencia,españa,habitación supreme,1,persona que viaja sola,aceptable,,,5.0,2023-08-09,fabuloso
meliá valencia,españa,habitación meliá,1,familia,aceptable,,,5.0,2023-08-08,fabuloso
meliá valencia,españa,habitación meliá,2,persona que viaja sola,bien,,,7.0,2023-07-22,fabuloso
meliá valencia,españa,habitación meliá con 1 cama extragrande,1,pareja,aceptable,,,5.0,2023-06-08,fabuloso
meliá valencia,españa,habitación meliá,1,grupo,mal,,,3.0,2023-05-23,fabuloso
meliá valencia,españa,habitación meliá con 1 cama extragrande,1,pareja,bien,,,7.0,2023-05-07,fabuloso
meliá valencia,españa,habitación meliá con 1 cama extragrande,1,pareja,bien,,,7.0,2023-05-07,fabuloso
meliá valencia,españa,habitación meliá,2,grupo,bien,,,7.0,2023-05-06,fabuloso
meliá valencia,españa,habitación meliá con 1 cama extragrande,1,pareja,bien,,,7.0,2023-05-06,fabuloso
meliá valencia,españa,habitación meliá,2,pareja,agradable,,,6.0,2023-04-18,fabuloso
meliá valencia,españa,habitación supreme,4,persona que viaja sola,muy bien,,,8.0,2026-04-15,fabuloso
meliá valencia,españa,habitación meliá,1,persona que viaja sola,excepcional,,,10.0,2026-03-29,fabuloso
meliá valencia,españa,habitación meliá,2,familia,excepcional,,,10.0,2026-01-04,fabuloso
meliá valencia,españa,habitación meliá,3,familia,excepcional,,,10.0,2025-12-24,fabuloso
meliá valencia,españa,habitación supreme,2,pareja,muy bien,,,8.0,2025-12-21,fabuloso
meliá valencia,españa,habitación meliá,2,familia,excepcional,,,10.0,2025-12-11,fabuloso
meliá valencia,españa,habitación meliá con 1 cama extragrande,1,pareja,excepcional,,,10.0,2025-12-02,fabuloso
meliá valencia,españa,habitación meliá con vistas - 2 camas individuales,1,familia,fantástico,,,9.0,2025-11-20,fabuloso
meliá valencia,españa,habitación meliá con 1 cama extragrande,1,pareja,excepcional,,,10.0,2025-10-05,fabuloso
meliá valencia,españa,habitación meliá con 1 cama extragrande,5,familia,fantástico,,,9.0,2025-08-26,fabuloso
meliá valencia,españa,habitación meliá con 1 cama extragrande,1,familia,muy bien,,,8.0,2025-08-14,fabuloso
meliá valencia,españa,habitación meliá con 1 cama extragrande,1,familia,fantástico,,,9.0,2025-08-09,fabuloso
meliá valencia,españa,habitación meliá,3,pareja,fantástico,,,9.0,2025-07-04,fabuloso
meliá valencia,españa,habitación meliá,1,familia,excepcional,,,10.0,2025-03-23,fabuloso
meliá valencia,españa,alojamiento the level supreme,2,pareja,the level un placer para los sentidos,,,10.0,2025-01-06,fabuloso
meliá valencia,españa,habitación meliá con 1 cama extragrande,1,persona que viaja sola,fantástico,,,9.0,2024-12-17,fabuloso
meliá valencia,españa,alojamiento the level supreme,1,persona que viaja sola,excepcional,,,10.0,2024-11-02,fabuloso
meliá valencia,españa,habitación meliá con 1 cama extragrande,2,familia,excepcional,,,10.0,2024-10-29,fabuloso
meliá valencia,españa,habitación doble premium,1,pareja,excepcional,,,10.0,2024-10-10,fabuloso
meliá valencia,españa,habitación meliá,2,pareja,excepcional,,,10.0,2024-08-22,fabuloso
meliá valencia,españa,suite junior,1,persona que viaja sola,fantástico,,,9.0,2024-07-05,fabuloso
meliá valencia,españa,habitación meliá con vistas - 2 camas individuales,2,persona que viaja sola,muy bien,,,8.0,2024-05-26,fabuloso
meliá valencia,españa,habitación meliá,3,familia,excepcional,,,10.0,2024-02-29,fabuloso
meliá valencia,españa,habitación meliá con 1 cama extragrande,2,pareja,fantástico,,,9.0,2023-12-17,fabuloso
meliá valencia,españa,habitación meliá,1,pareja,excepcional,,,10.0,2023-09-24,fabuloso
meliá valencia,españa,habitación meliá,1,familia,excepcional,,,10.0,2023-09-18,fabuloso
meliá valencia,españa,habitación meliá,1,familia,excepcional,,,10.0,2023-08-24,fabuloso
meliá valencia,españa,habitación meliá,1,familia,muy bien,,,8.0,2023-08-02,fabuloso
meliá valencia,españa,habitación meliá con vistas - 1 cama extragrande,2,familia,fantástico hotel,,,10.0,2023-07-30,fabuloso
meliá valencia,españa,habitación meliá,1,familia,excepcional,,,10.0,2023-07-23,fabuloso
meliá valencia,españa,habitación meliá con 1 cama extragrande,1,grupo,fantástico,,,9.0,2023-06-30,fabuloso
meliá valencia,españa,habitación meliá,1,persona que viaja sola,fantástico,,,9.0,2023-05-07,fabuloso
meliá valencia,españa,habitación meliá,1,pareja,fantástico,,,9.0,2023-04-26,fabuloso
meliá valencia,españa,habitación meliá con 1 cama extragrande,1,persona que viaja sola,excepcional,,,10.0,2023-04-17,fabuloso
meliá valencia,españa,habitación meliá,2,familia,bien,,,7.0,2026-02-12,fabuloso
meliá valencia,españa,habitación doble premium,1,persona que viaja sola,decepcionante,,,4.0,2026-01-22,fabuloso
meliá valencia,españa,habitación meliá con vistas - 1 cama extragrande,2,familia,bien,,,7.0,2025-03-10,fabuloso
meliá valencia,españa,suite junior,3,pareja,bien,,,7.0,2023-12-11,fabuloso
meliá valencia,españa,habitación meliá con 1 cama extragrande,1,pareja,bien,,,7.0,2023-10-08,fabuloso
meliá valencia,españa,habitación meliá,1,familia,bien,,,7.0,2023-08-17,fabuloso
meliá valencia,españa,habitación meliá,1,pareja,bien,,,7.0,2023-07-25,fabuloso
meliá valencia,españa,suite junior,2,familia,excepcional,,,10.0,2026-04-13,fabuloso
meliá valencia,españa,habitación meliá,1,persona que viaja sola,fantástico,,,9.0,2026-03-14,fabuloso
meliá valencia,españa,suite junior,2,pareja,excel lent,,,10.0,2026-02-17,fabuloso
meliá valencia,españa,habitación meliá,1,persona que viaja sola,excepcional,,,10.0,2026-02-14,fabuloso
meliá valencia,españa,habitación meliá,2,familia,excepcional,,,10.0,2026-01-11,fabuloso
meliá valencia,españa,habitación meliá con 1 cama extragrande,2,pareja,excepcional,,,10.0,2026-01-02,fabuloso
meliá valencia,españa,habitación meliá con vistas - 1 cama extragrande,2,pareja,excepcional,,,10.0,2025-12-26,fabuloso
meliá valencia,españa,habitación doble premium,3,pareja,muy bien,,,8.0,2025-12-19,fabuloso
meliá valencia,españa,habitación supreme,1,pareja,excepcional,,,10.0,2025-12-18,fabuloso
meliá valencia,españa,habitación familiar,1,grupo,fantástico,,,9.0,2025-12-13,fabuloso
meliá valencia,españa,suite junior supreme the level,2,familia,excepcional,,,10.0,2025-12-08,fabuloso
meliá valencia,españa,habitación meliá con 1 cama extragrande,1,familia,fantástico,,,9.0,2025-10-30,fabuloso
meliá valencia,españa,suite junior supreme the level,2,pareja,excepcional,,,10.0,2025-10-02,fabuloso
meliá valencia,españa,habitación supreme,1,grupo,top,,,8.0,2025-08-28,fabuloso
meliá valencia,españa,suite junior,1,familia,fantástico,,,9.0,2025-08-19,fabuloso
meliá valencia,españa,habitación meliá,1,pareja,excepcional,,,10.0,2025-06-28,fabuloso
meliá valencia,españa,suite junior supreme the level,1,familia,excepcional,,,10.0,2025-06-08,fabuloso
meliá valencia,españa,habitación meliá comunicada con vistas,2,familia,fantástico,,,9.0,2025-04-17,fabuloso
meliá valencia,españa,habitación meliá con vistas - 2 camas individuales,1,persona que viaja sola,muy bien,,,8.0,2025-04-11,fabuloso
meliá valencia,españa,habitación meliá con 1 cama extragrande,2,persona que viaja sola,excepcional,,,10.0,2025-03-08,fabuloso
meliá valencia,españa,alojamiento the level supreme,1,pareja,excepcional,,,10.0,2025-02-10,fabuloso
meliá valencia,españa,habitación meliá con 1 cama extragrande,1,pareja,excepcional,,,10.0,2025-02-01,fabuloso
meliá valencia,españa,habitación meliá,1,familia,excepcional,,,10.0,2025-01-25,fabuloso
meliá valencia,españa,habitación meliá con 1 cama extragrande,1,familia,excepcional,,,10.0,2025-01-05,fabuloso
meliá valencia,españa,habitación meliá con 1 cama extragrande,1,familia,excepcional,,,10.0,2024-12-28,fabuloso
meliá valencia,españa,habitación meliá con 1 cama extragrande,2,persona que viaja sola,excepcional,,,10.0,2024-11-18,fabuloso
meliá valencia,españa,suite junior supreme the level,2,familia,muy bien,,,8.0,2024-10-29,fabuloso
meliá valencia,españa,habitación meliá,1,pareja,excepcional,,,10.0,2024-10-27,fabuloso
meliá valencia,españa,suite junior,1,pareja,muy bien,,,8.0,2024-10-18,fabuloso
meliá valencia,españa,habitación meliá con 1 cama extragrande,1,persona que viaja sola,fantástico,,,9.0,2024-09-27,fabuloso
meliá valencia,españa,habitación meliá con 1 cama extragrande,2,pareja,excepcional,,,10.0,2024-08-23,fabuloso
meliá valencia,españa,habitación meliá con 1 cama extragrande,1,pareja,excepcional,,,10.0,2024-07-22,fabuloso
meliá valencia,españa,habitación meliá con vistas - 1 cama extragrande,2,persona que viaja sola,fantástico,,,9.0,2024-07-15,fabuloso
meliá valencia,españa,habitación meliá con vistas - 1 cama extragrande,2,familia,excepcional,,,10.0,2024-07-11,fabuloso
meliá valencia,españa,habitación meliá,1,persona que viaja sola,excepcional,,,10.0,2024-07-02,fabuloso
meliá valencia,españa,habitación meliá,1,persona que viaja sola,excepcional,,,10.0,2024-05-11,fabuloso
meliá valencia,españa,habitación meliá,1,familia,excepcional,,,10.0,2024-04-08,fabuloso
meliá valencia,españa,habitación meliá,3,pareja,excepcional,,,10.0,2024-04-04,fabuloso
meliá valencia,españa,habitación meliá,1,familia,fantástico,,,9.0,2024-03-01,fabuloso
meliá valencia,españa,habitación meliá,1,persona que viaja sola,fantástico,,,9.0,2023-12-28,fabuloso
meliá valencia,españa,habitación meliá,2,familia,muy bien,,,8.0,2023-12-09,fabuloso
meliá valencia,españa,habitación meliá,2,pareja,fantástico,,,9.0,2023-11-06,fabuloso
meliá valencia,españa,habitación meliá con 1 cama extragrande,1,persona que viaja sola,excepcional,,,10.0,2023-10-30,fabuloso
meliá valencia,españa,habitación meliá,1,pareja,excepcional,,,10.0,2023-10-29,fabuloso
meliá valencia,españa,habitación meliá con 1 cama extragrande,1,persona que viaja sola,fantástico,,,9.0,2023-10-15,fabuloso
meliá valencia,españa,habitación meliá con 1 cama extragrande,1,pareja,excepcional,,,10.0,2023-09-21,fabuloso
meliá valencia,españa,habitación meliá con 1 cama extragrande,1,pareja,fantástico,,,9.0,2023-09-16,fabuloso
meliá valencia,españa,habitación meliá con 1 cama extragrande,2,pareja,muy bien,,,8.0,2023-09-03,fabuloso
meliá valencia,españa,habitación meliá con 1 cama extragrande,1,pareja,muy bien,,,8.0,2023-08-31,fabuloso
meliá valencia,españa,habitación doble premium,1,pareja,excepcional,,,10.0,2023-08-27,fabuloso
meliá valencia,españa,habitación meliá con 1 cama extragrande,1,pareja,excepcional,,,10.0,2023-08-08,fabuloso
meliá valencia,españa,habitación meliá con 1 cama extragrande,1,persona que viaja sola,excepcional,,,10.0,2023-08-03,fabuloso
meliá valencia,españa,habitación meliá,1,familia,fantástico,,,9.0,2023-08-02,fabuloso
meliá valencia,españa,habitación meliá con 1 cama extragrande,1,pareja,fantástico,,,9.0,2023-07-06,fabuloso
meliá valencia,españa,habitación meliá con 1 cama extragrande,1,pareja,fantástico,,,9.0,2023-07-02,fabuloso
meliá valencia,españa,habitación meliá con 1 cama extragrande,1,pareja,excepcional,,,10.0,2023-06-12,fabuloso
meliá valencia,españa,habitación meliá con 1 cama extragrande,2,pareja,excepcional,,,10.0,2023-05-02,fabuloso
meliá valencia,españa,habitación meliá,1,pareja,pésimo,,,1.0,2025-10-16,fabuloso
meliá valencia,españa,habitación meliá con 1 cama extragrande,1,pareja,bien,,,7.0,2025-03-06,fabuloso
meliá valencia,españa,habitación meliá con 1 cama extragrande,1,pareja,bien,,,7.0,2024-10-18,fabuloso
meliá valencia,españa,habitación meliá,1,grupo,agradable,,,6.0,2024-07-25,fabuloso
meliá valencia,españa,habitación doble premium,1,pareja,bien,,,7.0,2024-07-15,fabuloso
meliá valencia,españa,suite junior,2,familia,bien,,,7.0,2023-09-26,fabuloso
meliá valencia,españa,habitación meliá,1,pareja,fantástico,,,9.0,2023-10-13,fabuloso
