nombre_del_hotel,nacionalidad,detalles_hab,noches,personas,comentario_general,positivo,negativo,nota,fecha,comentario_media_hotel
venecia plaza centro,españa,,1,pareja,un finde perfecto,el desayuno super completo y la ubicacion inmejorable un cien puntos,lo unico que no me gusto es que solo me quede una noche por mi hubiera estado toda la semana. todo me gusto,10.0,2026-04-13,fantástico
venecia plaza centro,españa,habitación doble estándar con vistas a la plaza del ayuntamiento,1,pareja,muy bien,"todo en general, muy bien",,10.0,2026-04-09,fantástico
venecia plaza centro,argentina,habitación estándar,2,familia,excepcional,la habitación y el baño,,10.0,2026-04-08,fantástico
venecia plaza centro,españa,habitación estándar,2,familia,excepcional,"ubicación muy buena, habitación excelente",los de recepción muy serios,10.0,2026-04-06,fantástico
venecia plaza centro,españa,habitación cuádruple estándar,1,familia,increíble,está en una buena ubicación y hotel muy limpio y las cama muy cómodas. la gente que trabaja allí son muy agradables,,10.0,2026-04-04,fantástico
venecia plaza centro,españa,,2,grupo,excepcional,"cómodas las camas, limpio y cerca de todo",,10.0,2026-04-03,fantástico
venecia plaza centro,méxico,habitación triple económica con vistas al patio interior,1,familia,magnífico hotel.,magnífico. todo perfecto.,,10.0,2026-04-02,fantástico
venecia plaza centro,españa,habitación doble estándar con vistas a la plaza del ayuntamiento,2,familia,hotel muy céntrico y tranquilo,"la ubicación, la insonorización, la limpieza y la simpatía de las personas que nos atendieron en el hotel",creo que una botella de agua en la habitación sería un detalle muy de agradecer,9.0,2026-03-27,fantástico
venecia plaza centro,españa,,4,pareja,ubicación inmejorable,ubicación inmejorable,,9.0,2026-03-22,fantástico
venecia plaza centro,españa,,1,persona que viaja sola,"excelente, ubicación, el personal, etc.",la ubicación,"el precio, pero como eran fallas, no había otra",10.0,2026-03-20,fantástico
venecia plaza centro,españa,,2,pareja,muy bien,el trato de personal hacia el cliente excelente. la limpieza en todo el hotel superior y su situación sino la mejor de las mejores.,que no tuvieran servicio de restaurante para comidas y o cenas sólo tenían servicio de desayuno,8.0,2026-03-16,fantástico
venecia plaza centro,españa,,3,grupo,excelente ubicación e instalaciones,la ubicacion y la comodidad de la habitacion,el precio un poco alto,10.0,2026-03-10,fantástico
venecia plaza centro,españa,habitación estándar,1,familia,excepcional,la situación inmejorable,,10.0,2026-03-06,fantástico
venecia plaza centro,españa,,4,familia,estupendisimaaa,la ubicación inmejorable.,,10.0,2026-02-27,fantástico
venecia plaza centro,españa,habitación doble estándar con vistas a la plaza del ayuntamiento,2,pareja,buena ubicacion,ubicación en la misma plaza del ayuntamiento. el baño era un poco pequeño y el desayuno buffet costaba 15  pero había mucha variedad.,"el parking que te recomiendan sólo te descuentan 1  si rellenas un cuestionario en el móvil, o sea de costar 18  , se reduce a 17 . de haberlo sabido hubiéramos ido a otro parking más cercano. otro tema: éramos dos parejas pero al hacer el check-in nos dijeron que habíamos reservado dos habitaciones dobles pero sólo una persona en cada habitación, por lo que tuvimos que pagar la diferencia. lo señalo para evitar que le pase a alguien lo mismo, que compruebe en la reserva que en cada habitación doble constan dos personas.",8.0,2026-02-26,fantástico
venecia plaza centro,españa,,1,pareja,estancia excelente como siempre,"trato del personal, habitación y vistas inmejorables. siempre venimos aquí y siempre lo recomendamos.",,10.0,2026-02-26,fantástico
venecia plaza centro,españa,,1,pareja,fallas,la ubicación lo cómodo el trato del personal,,10.0,2026-02-23,fantástico
venecia plaza centro,venezuela,,3,persona que viaja sola,ideal para pasear y conocer ciudad,"ubicación excelente, pleno centro. habitación superó expectativa. cama king. personal atento y eficiente. no entiendo por qué es hotel de 2 estrellas, al menos debiese tener 3",,9.0,2026-02-22,fantástico
venecia plaza centro,españa,habitación doble estándar con vistas a la plaza del ayuntamiento,2,familia,excepcional,"el trato espectacular, además nos asignaron una mejor habitación y se agradeció muchísimo.",,10.0,2026-02-19,fantástico
venecia plaza centro,españa,,4,persona que viaja sola,fantástico,ubicación. limpieza. amplitud de la habitación.,elevado precio para la categoría del hotel. falta de amenities. aislamiento de ruidos del exterior mejorable.,9.0,2026-02-17,fantástico
venecia plaza centro,españa,habitación doble estándar con vistas a la plaza del ayuntamiento,1,persona que viaja sola,excepcional,"la ubicación, en pleno centro. la amabilidad de los y las recepcionistas. habitaciones limpias y bien decoradas. buen desayuno. servicio de reposición de agua. excelente.",,10.0,2026-02-17,fantástico
venecia plaza centro,argentina,habitación estándar,1,familia,excepcional,muy lindo hotel y está en una ubicación inmejorable.,nada. todo muy bien.,10.0,2026-02-16,fantástico
venecia plaza centro,españa,,1,grupo,excepcional,la situación y la. amplitud de. la. habitación,en general todo ha estado muy bien,10.0,2026-02-15,fantástico
venecia plaza centro,españa,,1,grupo,excepcional,"la ubicación es perfecta y muy céntrica, la habitación muy amplia.",,10.0,2026-02-09,fantástico
venecia plaza centro,españa,habitación estándar,3,pareja,excelente experiencia,la ubicación fantástica en plena plaza del ayuntamiento. la habitación impecable.,,10.0,2026-02-09,fantástico
venecia plaza centro,españa,habitación doble estándar con vistas a la plaza del ayuntamiento,1,familia,excepcional,la ubicación,todo perfecto!!,10.0,2026-02-09,fantástico
venecia plaza centro,argentina,habitación cuádruple económica sin vistas,3,familia,excepcional,ubicación,,10.0,2026-02-08,fantástico
venecia plaza centro,chile,habitación estándar,2,grupo,excelente elección,"excelente ubicación, servicio de primera calidad y desayuno formidable.",,10.0,2026-02-04,fantástico
venecia plaza centro,españa,habitación estándar,1,familia,excelente,todo es una maravilla,,10.0,2026-02-03,fantástico
venecia plaza centro,colombia,habitación doble estándar con vistas a la plaza del ayuntamiento,6,pareja,excelente,el personal de aseo y recepción son muy prestos a tu servicio,,10.0,2026-01-29,fantástico
venecia plaza centro,españa,habitación estándar,1,persona que viaja sola,muy bien,la ubicación y el precio todo muy cerca de todo y aparte de que se atiende rápido,,10.0,2026-01-22,fantástico
venecia plaza centro,españa,,1,familia,excepcional,lo limpio que está todo y la excelente atención.,,10.0,2026-01-20,fantástico
venecia plaza centro,costa rica,habitación estándar,3,persona que viaja sola,para volver,"todo, el servicio, el lugar, la ubicación excelente",,10.0,2026-01-20,fantástico
venecia plaza centro,españa,habitación estándar,1,persona que viaja sola,ubicación inmejorable,"ubicación inmejorable, maravilloso barrio",todo perfecto,10.0,2026-01-19,fantástico
venecia plaza centro,españa,,2,familia,hotel céntrico para visitar valencia,ubicación,,9.0,2026-01-18,fantástico
venecia plaza centro,españa,habitación doble estándar con vistas a la plaza del ayuntamiento,1,familia,buen hotel,"la limpieza y ubicacion . habitacion pequeña pero suficiente, un balcon con muy buenas vistas y unas sillas para sentarte a disfrutar si no hubiera echo frio","la bañera hubiera preferido un plato de ducha , puede ser un peligro con la edad.",10.0,2026-01-18,fantástico
venecia plaza centro,españa,habitación estándar,1,familia,excelente,"la limpieza y la ubicación excelente,todo perfecto",,9.0,2026-01-17,fantástico
venecia plaza centro,españa,habitación estándar,1,familia,excepcional,"la ubicación excelente. la habitación impecable, en perfecto estado de limpieza y mantenimiento. el personal de recepción, muy correctos. recomendaría este hotel al 100 ",,10.0,2026-01-14,fantástico
venecia plaza centro,españa,habitación estándar,1,persona que viaja sola,fantástico,la ubicación,,9.0,2026-01-14,fantástico
venecia plaza centro,españa,,1,familia,excepcional,precioso hotel. muy limpio y cómodo. la ubicación es inmejorable.,,10.0,2026-01-13,fantástico
venecia plaza centro,españa,,3,familia,un hotel muy céntrico,"la ubicación es excelente. nuestra habitación no tenía vistas, pero para dormir estupenda y encima con servios como microondas o neverita. el personal muy amable y resolutivo. esperamos volver!",,9.0,2026-01-12,fantástico
venecia plaza centro,españa,habitación doble estándar con vistas a la plaza del ayuntamiento,1,familia,ubicación perfecta,"ubicación perfecta, limpieza y equipamiento de la habitación.",,9.0,2026-01-10,fantástico
venecia plaza centro,españa,habitación cuádruple superior,1,familia,perfecto cien puntos,"es la segunda vez que íbamos, unas vistas increíbles de la plaza, muy cómodo y limpio. personal amable.",me gustó todo,9.0,2026-01-10,fantástico
venecia plaza centro,españa,habitación cuádruple estándar,1,familia,excepcional,cercanía a la plaza del ayuntamiento y del mercado central. nuestra habitación era espaciosa. también insonorizada y muy confortable. el personal muy amable y educado.,,10.0,2026-01-07,fantástico
venecia plaza centro,panamá,habitación doble estándar con vistas a la plaza del ayuntamiento,1,familia,excepcional,"la limpieza, la ubicación y las instalaciones.",todo bueno,10.0,2026-01-02,fantástico
venecia plaza centro,uruguay,habitación estándar,3,familia,fantástico,limpio y bien ubicado,,9.0,2025-12-29,fantástico
venecia plaza centro,venezuela,habitación cuádruple superior,2,grupo,excelente,ubicación,,10.0,2025-12-28,fantástico
venecia plaza centro,españa,habitación estándar,1,familia,fantástico,la habitación triple y la atención de pedro el chico de recepción: fue excepcional.,,9.0,2025-12-27,fantástico
venecia plaza centro,españa,habitación doble estándar con vistas a la plaza del ayuntamiento,2,familia,fantástico,las vistas y la ubicación.,,9.0,2025-12-26,fantástico
venecia plaza centro,españa,habitación cuádruple superior,1,grupo,inmejorable estadía,"estuve con mi familia la noche del 24 de diciembre y debo decir que todo fue excelente, agradezco la atención de flavia que estuvo muy pendiente de todos los detalles siempre con una muy buena actitud",,10.0,2025-12-25,fantástico
venecia plaza centro,españa,,2,pareja,lana y roberto islas canarias,"ubicación personal, calidad de precios",me gustó todo,10.0,2025-12-22,fantástico
venecia plaza centro,españa,habitación estándar,2,persona que viaja sola,fantástico,ubicación,,9.0,2025-12-18,fantástico
venecia plaza centro,costa rica,habitación doble estándar con vistas a la plaza del ayuntamiento,2,pareja,valencia genial,"la ubicación, el personal muy atento","el desayuno no tiene cocina, no preparan en caliente",10.0,2025-12-18,fantástico
venecia plaza centro,españa,habitación doble estándar con vistas a la plaza del ayuntamiento,1,persona que viaja sola,excepcional,la habitación,,10.0,2025-12-17,fantástico
venecia plaza centro,españa,habitación cuádruple superior,2,familia,"ubicación perfecta, relación calidad precio de 10","la amplitud y limpieza de la habitación, la ubicación inmejorable y la amabilidad del personal",,10.0,2025-12-14,fantástico
venecia plaza centro,españa,,1,pareja,excelente hotek,"excelente hotel con habitaciones muy limpias, amplias y cómodas. ubicación inmejorable, teníamos habitación con preciosas vistas a la plaza del ayuntamiento y, aun así, no se oía nada de ruido y el silencio y la calma reinaba. pequeño bar muy agradable para tomar algo. desayuno muy bueno en una sala muy mona y coqueta. volveremos!!!",todo perfecto! por poner un pero quizás el zumo de naranja que no era natural siendo la tierra de la naranja pero vamos que todo muy bien.,10.0,2025-12-13,fantástico
venecia plaza centro,españa,,1,familia,fantástico,"la amabilidad, habitación disponible a las 12h y limpieza","por la mañana, hay mucho ruido y golpes de la limpieza , que lo entiendo, pero quizás podría hacerse un poquito más suave",9.0,2025-12-12,fantástico
venecia plaza centro,españa,,3,pareja,excepcional,"habitación muy amplia, en el mismo centro de valencia pero silenciosa para dormir",,10.0,2025-12-12,fantástico
venecia plaza centro,españa,habitación doble estándar con vistas a la plaza del ayuntamiento,1,pareja,excelente,la ubicación,,9.0,2025-12-12,fantástico
venecia plaza centro,colombia,,1,pareja,muy bien,muy bien ubicado en pleno centro de valencia,,8.0,2025-12-11,fantástico
venecia plaza centro,estados unidos,habitación doble estándar con vistas a la plaza del ayuntamiento,2,pareja,excepcional,"excelente localizacion en la plaza del ayuntamiento. cerca de todo. muy buen desayuno. habitacion con vista a la plaza con balcon, ampia, limpia, con todas las facilidades. lo mejor el staff, por encima de excelente.",,10.0,2025-12-09,fantástico
venecia plaza centro,españa,,2,familia,fenomenal,todo muy bien.,"me gustó todo del hotel, limpieza, personal, habitación y situación. por poner un pero, no se puede llegar con el coche, parkin a 300 400 metros. pero lo sabes antes de llegar.",10.0,2025-12-09,fantástico
venecia plaza centro,españa,,2,familia,muy agradable,"el trato del personal, la ubicación y los servicios dentro de habitación  nevera, microondas ",,10.0,2025-12-08,fantástico
venecia plaza centro,españa,habitación estándar,2,pareja,fantástico,la ubicación perfecta.,no me ha gustado el comportamiento engañoso de booking con la reserva super mal explicado el tema de las habitaciones en relación con el n  de personas por habitación.,9.0,2025-12-06,fantástico
venecia plaza centro,españa,habitación doble estándar con vistas a la plaza del ayuntamiento,2,familia,excepcional,"perfecta ubicación, personal atentísimo y habitación muy limpia y silenciosa",,10.0,2025-12-05,fantástico
venecia plaza centro,puerto rico,habitación doble estándar con vistas a la plaza del ayuntamiento,2,familia,excepcional,la localización era perfecta en el centro de la ciudad y la atención al cliente,,10.0,2025-12-05,fantástico
venecia plaza centro,españa,habitación estándar,1,persona que viaja sola,ha estado muy bien,la ubicación fantástica,,10.0,2025-12-04,fantástico
venecia plaza centro,argentina,habitación triple económica con vistas al patio interior,3,grupo,excelente,"muy recomendable todo, no tengo ninguna queja, todo lo contrario. excelente tido",,10.0,2025-12-03,fantástico
venecia plaza centro,españa,,1,pareja,un buen hotel a un buen precio,una ubicación excelente. un precio muy bueno. unos servicios muy adecuados. un personal muy amable. un edificio histórico muy bonito,todo estaba o muy bien o muy correcto,9.0,2025-11-28,fantástico
venecia plaza centro,argentina,habitación estándar,3,familia,excepcional,"la ubicación, es muy buena la plaza que esta frente es hermosa. la habitación excelente muy bien decorada y silenciosa",lo único que puedo objetar que el baño quizas por momentos huele mal.,10.0,2025-11-26,fantástico
venecia plaza centro,argentina,habitación doble estándar con vistas a la plaza del ayuntamiento,1,familia,excepcional,"muy buen desayuno, excelente calidad de los productos",todo perfecto,10.0,2025-11-25,fantástico
venecia plaza centro,españa,,1,grupo,fantástico,"ubicación ,limpieza ,habitación grande.",,9.0,2025-11-24,fantástico
venecia plaza centro,colombia,habitación triple económica con vistas al patio interior,2,familia,excepcional,la ubicación,,10.0,2025-11-24,fantástico
venecia plaza centro,españa,habitación estándar,1,familia,excepcional,,el personal de limpieza hace mucho ruido desde muy temprano,10.0,2025-11-23,fantástico
venecia plaza centro,españa,habitación doble estándar con vistas a la plaza del ayuntamiento,2,pareja,estancia buena y la habitación correcta pero pequeña u el baño muy pequeño e incomodó,la ubicación,el baño era muy pequeño,8.0,2025-11-21,fantástico
venecia plaza centro,españa,,2,pareja,excepcional,la ubicación,,10.0,2025-11-20,fantástico
venecia plaza centro,chile,habitación individual económica,1,persona que viaja sola,buena ubicación,"la ubicación, lo mejor",mucho ruido del mismo personal de limpieza y la habitación era interna y pequeña,8.0,2025-11-20,fantástico
venecia plaza centro,españa,habitación estándar,2,pareja,genial,"hotel céntrico, limpio , cómodo y muy acogedor . tiene todo lo que puedes necesitar","si tengo q poner algo la habitación un poco pequeña , pero suficiente para la estancia . muy acogedora",10.0,2025-11-17,fantástico
venecia plaza centro,españa,habitación estándar,1,pareja,excepcional,la ubicación es excelente,,10.0,2025-11-12,fantástico
venecia plaza centro,españa,habitación estándar,6,persona que viaja sola,estancia perfecta en el centro de valencia,ubicación excelente en el centro de valencia. la habitación estaba muy impia y tenía mucha luz. la cama era muy cómoda y las cortinas tapaban perfectamente la luz. las ventanas quitaban todo el ruido de la plaza.,los ascensores eran muy lentos.,9.0,2025-11-12,fantástico
venecia plaza centro,puerto rico,,1,grupo,me encanta,el personal muy simpatico,,10.0,2025-11-11,fantástico
venecia plaza centro,españa,habitación estándar,2,grupo,"muy bien ubicado, limpio y personal muy amable",lo bien ubicado que está,todo perfecto pero si tengo que decir algo es que el secador de pelo era muy flojo,9.0,2025-11-09,fantástico
venecia plaza centro,argentina,habitación estándar,4,familia,excepcional,excelente ubicación y atención,,10.0,2025-11-09,fantástico
venecia plaza centro,españa,,1,pareja,excepcional,"la ubicación, comodidad de la habitación y todos los servicios que ofrecía la misma me sorprendieron.",el precio para una noche es elevado aunque la habitación estaba muy completa para ser interior  económica ,10.0,2025-11-04,fantástico
venecia plaza centro,españa,habitación estándar,1,familia,excepcional,"la ubicación, el edificio y el servicio de café y te en la habitación. a parte del personal super agradable y simpático",,10.0,2025-11-04,fantástico
venecia plaza centro,argentina,,2,familia,excepcional,"la ubicación, la comodidad y la limpieza",,10.0,2025-11-02,fantástico
venecia plaza centro,costa rica,habitación cuádruple estándar,1,familia,excelente todo,"el hotel es muy lindo, la habitación era preciosa y nueva y la ubicación a tres cuadras de la estación del tren y en plena plaza fue espectacular!",,10.0,2025-10-27,fantástico
venecia plaza centro,argentina,,2,pareja,si regreso a valecia es mi elejido,"la ubicacion, limpieza, habitacion super comoda, vista a la plaza",,10.0,2025-10-26,fantástico
venecia plaza centro,argentina,habitación estándar,1,pareja,excepcional,"el hotel muy lindo bien ubicado, con muy buena atención del personal",todo fue perfecto!,10.0,2025-10-23,fantástico
venecia plaza centro,portugal,,2,persona que viaja sola,estupenda!,tamaño de la habitación y el balcón está genial.,al hacer el check-in he tenido que rellenar mis datos a mano en un formulario en papel. yo suponia que ya tenian todo.,10.0,2025-10-21,fantástico
venecia plaza centro,chile,,3,familia,excelente estadía en valencia,"el alojamiento muy cómodo, amplio, contaba con terraza. la habitación tenía hervidor, cafetera, nevera mini bar, aire acondicionado, estaba muy completo para que estuviéramos cómodo. el personal muy atento",el wifi en la habitación a veces no funcionaba,10.0,2025-10-21,fantástico
venecia plaza centro,argentina,habitación doble estándar con vistas a la plaza del ayuntamiento,3,pareja,excelente,la ubicación y la amabilidad del personal,se puede mejorar el colchón,9.0,2025-10-19,fantástico
venecia plaza centro,puerto rico,habitación cuádruple económica sin vistas,2,grupo,fantástico,"buena ubicacion , buen desayuno",,9.0,2025-10-18,fantástico
venecia plaza centro,argentina,habitación doble estándar con vistas a la plaza del ayuntamiento,2,grupo,"muy buena estadía, personal muy atento y dispuesto","muy bien ubicado,habitaciones grandes y muy cómodas buenas camas el baño amplio muy limpio",,10.0,2025-10-18,fantástico
venecia plaza centro,argentina,,2,familia,excepcional,todo maravilloso!!,,10.0,2025-10-10,fantástico
venecia plaza centro,guatemala,habitación doble estándar con vistas a la plaza del ayuntamiento,1,familia,excelente!,"todo hermoso, cómodo y muy cerca de todo!! sin duda repetiremos!",,10.0,2025-10-07,fantástico
venecia plaza centro,colombia,,1,grupo,excepcional,"excelente ubicación, nos encantó la limpieza y la atención del personal, excelente desayuno.",,10.0,2025-10-06,fantástico
venecia plaza centro,ucrania,habitación individual económica,1,persona que viaja sola,excepcional,"centro de la cuidad, ubicación es perfecta. muy buenas comodidades. recomiendo!!!",,10.0,2025-10-03,fantástico
venecia plaza centro,españa,,1,pareja,excepcional,ubicación excelente,,10.0,2025-09-29,fantástico
venecia plaza centro,españa,habitación doble estándar con vistas a la plaza del ayuntamiento,1,pareja,encantada,la ubicación es perfecta y la atención del personal fue muy buena.,,10.0,2025-09-29,fantástico
venecia plaza centro,españa,habitación cuádruple superior,6,familia,valencia a tus pies,"ubicación , vistas maravillosas a la plaza del ayuntamiento, servicios al cliente como el detalle de tener agua filtrada disponible en todo momento y el snack de bienvenida.","pues no encontré ninguna pega reseñable, fue todo muy bien.",9.0,2025-09-28,fantástico
venecia plaza centro,argentina,habitación doble estándar con vistas a la plaza del ayuntamiento,1,familia,placer viajando. no dudes en elegir este hotel. maravilloso,tuvimos paseando por valencia y nos alojados en este espectacular hotel. todo fue excelente. lo recomiendo,su ubicación atencion empleados amabilisimos.,10.0,2025-09-27,fantástico
venecia plaza centro,españa,,1,grupo,recomendable 100 .,"me ha gustado, muchísimo en general, ubicación inmejorable, limpieza, el desayuno muy completo había de todo. el trato del personal de 10. volveré seguro .",,10.0,2025-09-25,fantástico
venecia plaza centro,españa,habitación cuádruple superior,3,grupo,confort para un grupo grande y personal excepcional,"fuimos un grupo de 11 amigos y nos distribuimos cómodamente en 3 habitaciones. la verdad es que todos estuvimos extremadamente a gusto en este hotel. un detalle que superó nuestras expectativas fue el servicio: una amiga olvidó una cadena de oro en la habitación, y el personal nos contactó de inmediato por whatsapp para avisarnos. como estábamos a punto de irnos, agradecimos enormemente su honradez y rapidez. a pesar de no ser un grupo sencillo, el equipo se mantuvo siempre atento y servicial. la localización es de 10. si tienen la suerte de conseguir una habitación exterior, las vistas desde los balcones son sencillamente preciosas.",,10.0,2025-09-25,fantástico
venecia plaza centro,españa,,1,familia,fantástico,"la habitación era la económica e interior pero era muy bonita y con detalles como microondas, cafetera o calentador de agua",,9.0,2025-09-25,fantástico
venecia plaza centro,argentina,,2,pareja,"muy lindo, ubicación inmejorable",espectacular la ubicación. la habitación super linda.,dábamos a un patio trasero sin luz no sabíamos ni cómo estaba el día hasta no salir del hotel,9.0,2025-09-19,fantástico
venecia plaza centro,chile,habitación cuádruple económica sin vistas,3,grupo,"muy muy bueno, volvería de todas maneras","excelente atención, muy bonito y limpio, ubicación privilegiada",le falta aislamiento acústico a las piezas,10.0,2025-09-19,fantástico
venecia plaza centro,costa rica,,1,familia, excelente!,"desayuno delicioso y muy completo. ubicación perfecta, inmejorable. parada de taxis al frente y se puede ir caminando a todas partes. habitación muy amplia, limpia y hasta con refrigerador y microondas. altamente recomendado!",,10.0,2025-09-19,fantástico
venecia plaza centro,costa rica,habitación doble estándar con vistas a la plaza del ayuntamiento,3,familia,excepcional,"excelente ubicación, desayuno increíble 5 estrellas!!, staff super amigable",,10.0,2025-09-13,fantástico
venecia plaza centro,españa,habitación cuádruple económica sin vistas,2,familia,estuvo estupenda la estadía en el hotel venecia plaza,"la ubicación, y la comodidad del hotel. estaba todo limpio, arreglado. la atención estupenda:","la habitación es un poco pequeña para 4 personas, pero sigue siendo cómoda.",9.0,2025-09-11,fantástico
venecia plaza centro,españa,,1,familia,muy bien,"la ubicación, la limpieza y la comodidad. excelente",,8.0,2025-09-10,fantástico
venecia plaza centro,españa,habitación estándar,1,familia,excelente,la ubicación,,10.0,2025-09-08,fantástico
venecia plaza centro,argentina,habitación cuádruple superior,2,grupo,excelente,lo más lindo de valencia increíble el personal el hotel la ubicación el cuarto con el balcón mirando a la calle es lo mejor de todo,,10.0,2025-09-05,fantástico
venecia plaza centro,venezuela,habitación cuádruple estándar,3,familia,hotel bien ubicado y con buen desayuno no está tan reciente la actualización,"me gustó la ubicación, es lo mejor, y el desayuno está bueno","es un hotel renovado, se ve desactualizado en muchas cosas pero está bien",9.0,2025-09-05,fantástico
venecia plaza centro,españa,habitación estándar,2,familia,excepcional,"la habitación estaba genial, limpia y con todo lujo de detalles, en un sitio privilegiado, sin duda volveré.",,10.0,2025-09-04,fantástico
venecia plaza centro,españa,habitación doble estándar con vistas a la plaza del ayuntamiento,2,pareja,buena ubicación para conocer valencia,la ubicación es lo mejor.,que no tenía gym y tuve que pagarlo fuera.,9.0,2025-09-04,fantástico
venecia plaza centro,méxico,habitación estándar,1,pareja,excepcional,"muy bien ubicado, muy limpio, el personal es muy amable y atento, buen desayuno con mucha variedad. increíble!",,10.0,2025-09-02,fantástico
venecia plaza centro,uruguay,habitación triple económica con vistas al patio interior,1,grupo,exepcional,el desayuno y el hotel en general están por encima del precio,todo muy bien,9.0,2025-09-02,fantástico
venecia plaza centro,españa,habitación cuádruple superior,1,grupo,100  recomendable. sin duda repetiré si vuelvo a valencia.,"hotel super céntrico, instalaciones cómodas, decorado con muy buen gusto. detalles como cafetera, calentador de agua y body milk, que por cierto olía maravillosamente, marcan la diferencia. personal atento.",siempre suelo aportar alguna  crítica constructiva  a este apartado pero en esta ocasión no la he encontrado. todo de 10!,10.0,2025-09-01,fantástico
venecia plaza centro,colombia,habitación cuádruple económica sin vistas,2,grupo,fantástica,"la ubicación, los cuartos cómodos limpios y modernos",la resección sus muebles no son lindos y hacia calor . es muy lindo el hotel para tener la resección que tienen,10.0,2025-08-30,fantástico
venecia plaza centro,españa,habitación estándar,5,pareja,excepcional,"el hotel está al lado del ayuntamiento de valencia, en todo el corazón de la ciudad, rodeado de bares ,tiendas y tan sólo a 100 metros de la estación norte de tren.el personal muy atento en todo momento y en particular la recepcionista mirella siempre atendiendo con gran amabilidad y su gran sonrisa nos ayudo e indicó a todos los lugares que queríamos ir.sin duda recomendaría totalmente este hotel para alojarse , en cualquier momento si volviera a valencia, volveríamos alojarnos aquí.",,10.0,2025-08-23,fantástico
venecia plaza centro,españa,,1,grupo,fantástico,la ubicación y la amabilidad del personal,las vistas de la habitación,9.0,2025-08-23,fantástico
venecia plaza centro,españa,habitación cuádruple económica sin vistas,2,familia,excepcional,"el hotel está muy bien, la limpieza un 10, el personal muy amable, el desayuno de 10 con muchas opciones sin gluten y muy bien marcado para las alergias",,10.0,2025-08-21,fantástico
venecia plaza centro,españa,habitación estándar,2,persona que viaja sola,hotel excelente en pleno centro de valencia,habitación y cama amplias y cómodas. cuarto de baño perfecto. desayuno muy bueno y completo. perfecta ubicación. personal amable y profesional,,10.0,2025-08-19,fantástico
venecia plaza centro,españa,habitación cuádruple estándar,2,familia,excepcional,ubicacion y desayuno,,10.0,2025-08-19,fantástico
venecia plaza centro,españa,habitación doble estándar con vistas a la plaza del ayuntamiento,1,pareja,muy bien,"la ubicación era súper buena, en el centro de la ciudad. la vista excelente",,8.0,2025-08-18,fantástico
venecia plaza centro,españa,,1,familia,fantástico,la ubicación,habitación interior,9.0,2025-08-17,fantástico
venecia plaza centro,españa,,2,grupo,excepcional,"la limpieza de las habitaciones y de las instalaciones en general. también, la ubicación es excelente.",,10.0,2025-08-16,fantástico
venecia plaza centro,puerto rico,,3,pareja,genial,excelente ubicación,,10.0,2025-08-14,fantástico
venecia plaza centro,francia,habitación estándar,1,familia,"ubicación excelente, habitación impecable y personal atento.","situación excelente, personal muy atento y servicial. habitación impecable en limpieza e instalaciones. nuestra habitación estaba en un lateral, con vistas al bloque de enfrente  ya sabíamos que no tenía vistas , pero totalmente correcto. recomiendo vivamente",,8.0,2025-08-12,fantástico
venecia plaza centro,argentina,habitación estándar,2,pareja,muy recomendable,"excelente ubicación, desayuno muy bueno por   10, personal muy atento, las habitaciones super cómodas, el baño un poco pequeño, super recomendable",,10.0,2025-08-10,fantástico
venecia plaza centro,españa,,1,pareja,muy bien,la ubicación y la comodidad de la cama y almohada,que no tuviera nevera,8.0,2025-08-10,fantástico
venecia plaza centro,argentina,habitación doble estándar con vistas a la plaza del ayuntamiento,2,pareja,todo excelente,,no funcionaba muy bien el wi fi,10.0,2025-08-07,fantástico
venecia plaza centro,españa,habitación doble estándar con vistas a la plaza del ayuntamiento,2,pareja,exelente,"me encantó la ubicación y la situación de la habitación, justo con vistas a la plaza del ayuntamiento. un 10 de 10 en cuanto a calidad precio y servicio. limpieza un 10 y atención igual. muy satisfecha.","es verdad que el tamaño de la habitación es un poco reducido, no tiene mucho espacio. pero es lo único que puedo añadir, todo lo demás fue increíble.",9.0,2025-08-06,fantástico
venecia plaza centro,colombia,,2,persona que viaja sola,buena ubicación y limpieza,ubicación y limpieza,poco amable la persona que me recibió en la recepción,8.0,2025-08-02,fantástico
venecia plaza centro,españa,habitación estándar,4,pareja,excepcional,la ubicación y limpieza perfectas,,10.0,2025-08-01,fantástico
venecia plaza centro,uruguay,,3,pareja,recomendable,bueno,me gustó todo,8.0,2025-08-01,fantástico
venecia plaza centro,italia,,1,familia,excepcional,ubicacion,,10.0,2025-07-31,fantástico
venecia plaza centro,colombia,habitación cuádruple superior,2,familia,excepcional,el cuarto muy bonito y espacioso,todo muy bien,10.0,2025-07-30,fantástico
venecia plaza centro,españa,habitación doble estándar con vistas a la plaza del ayuntamiento,3,familia,fantástico,"la ubicación, la comodidad de las instalaciones y la relación calidad precio.","que no tenga parking propio. además, el lugar cercano al que te mandan para que bajes el equipaje, si vienes cargado, antes de llevar el coche al parking concertado que tienen, número 51 de san vicente mártir, es erróneo, pues allí no hay carga y descarga. deben corregirlo en las indicaciones. la carga y descarga está 50 metros más adelante más o menos.",9.0,2025-07-30,fantástico
venecia plaza centro,españa,,1,familia,excepcional,"muy bien ubicado, en plena plaza del ayuntamiento. todo muy limpio, camas cómodas y el personal muy amable",,10.0,2025-07-29,fantástico
venecia plaza centro,españa,,1,grupo,ubicación excelente,ubicación excelente. habitación ámplia y bien equipada,las ventanas de la habitación daban a un patio interior oscuro y no había luz natural del exterior,10.0,2025-07-28,fantástico
venecia plaza centro,españa,habitación doble estándar con vistas a la plaza del ayuntamiento,2,pareja,muy bien,la ubicación es excelente. las instalaciones muy nuevas y limpias.,,8.0,2025-07-27,fantástico
venecia plaza centro,españa,habitación doble estándar con vistas a la plaza del ayuntamiento,1,pareja,excepcional,"me encanto la ubicación, el trato del personal fantástico.",igual la habitación un poco pequeña pero es muy comoda y funcional,10.0,2025-07-27,fantástico
venecia plaza centro,uruguay,habitación cuádruple superior,2,familia,el mejor lugar para conocer valencia,la mejor ubicación. amplitud de la habitación.,,10.0,2025-07-27,fantástico
venecia plaza centro,españa,habitación cuádruple económica sin vistas,1,familia,he visitado muchos hoteles pero este tiene algo especial desde que ingresas. la ubicación es excelente si queres conocer,"las instalaciones, la ubicación, el precio y la amabilidad de los trabajadores",,10.0,2025-07-27,fantástico
venecia plaza centro,suiza,,5,persona que viaja sola,me encantó,"una habitación muy cómoda las vistas no estaban mal, .todo estaba muy limpio.el baño también. con un pequeño frigorífico. microondas y máquina de café y té. todo sin moverme de la habitación. volveré",,10.0,2025-07-26,fantástico
venecia plaza centro,españa,habitación estándar,1,pareja,muy agradable,me gustó el silencio de la habitación a pesar de estar en el centro,el aire acondicionado a veces fallaba,9.0,2025-07-25,fantástico
venecia plaza centro,chile,habitación cuádruple superior,2,grupo,ubicación perfrcta,ubicación perfecto lindo y limpio buena atención,todo bien,10.0,2025-07-25,fantástico
venecia plaza centro,españa,habitación cuádruple superior,1,familia,fantástico,"la limpieza excelente, el personal muy profesional , muy cuidados los pequeños detalles como que puedas tomar un café en la habitación cuando llegas o todos los enseres del baño cuidados. el desayuno variado y con buena presentación. una estancia muy recomendable",,9.0,2025-07-20,fantástico
venecia plaza centro,españa,habitación estándar,1,pareja,excepcional,"estuvo muy acogedor, las instalaciones, ubicación y vista fueron muy bonitas, aparte que el personal de atención súper amable. espero la próxima visita a valencia poder hospedarme ahí.",,10.0,2025-07-17,fantástico
venecia plaza centro,españa,habitación doble estándar con vistas a la plaza del ayuntamiento,1,pareja,fantástico,hotel muy céntrico y con habitación cómoda . el personal muy agradable. muy recomendable.,,9.0,2025-07-17,fantástico
venecia plaza centro,colombia,habitación triple económica con vistas al patio interior,3,familia,excelente ubicación,la ubicación excelente,nos quisieron cobrar el hielo en el lobby,10.0,2025-07-16,fantástico
venecia plaza centro,españa,habitación doble estándar con vistas a la plaza del ayuntamiento,1,pareja,genial volvería seguro,ubicación,,9.0,2025-07-16,fantástico
venecia plaza centro,españa,habitación cuádruple estándar,2,familia,excepcional,las camas muy cómodas . la localización. el desayuno,todo estuvo bien,10.0,2025-07-15,fantástico
venecia plaza centro,españa,habitación cuádruple económica sin vistas,2,familia,fantástico,"el emplazamiento del hotel es ideal. también las instalaciones y la limpieza, así como la amabilidad del personal.",,9.0,2025-07-12,fantástico
venecia plaza centro,españa,habitación doble estándar con vistas a la plaza del ayuntamiento,2,familia,excelente emplazamiento,la ubicación y la tranquilidad,no hay nada que destacar,9.0,2025-07-12,fantástico
venecia plaza centro,españa,habitación estándar,1,persona que viaja sola,encantadora,"ubicación, atención e instalaciones",,10.0,2025-07-09,fantástico
venecia plaza centro,españa,habitación estándar,1,persona que viaja sola,un hotelito con mucho encanto en el centro de valencia.,"hoy en día, entre tanto alojamiento mediocre, da gusto encontrar un hotel en condiciones. en mi caso me alojé por una noche y estuve muy a gusto, pudiendo descansar tranquilo y cómodo. sin duda cumplió mis expectativas. - habitación limpia y luminosa. la decoración es bonita. - cama muy cómoda. - el aire acondicionado funciona bien y enfría la estancia. - baño en buen estado y sin olores. ducharse es un gustazo. - pequeña caja fuerte para guardar objetos de valor. - la nevera de la habitación enfría realmente y no está por estar. - el personal de recepción muy amable y educado.",nada reseñable.,10.0,2025-07-09,fantástico
venecia plaza centro,españa,,1,familia,maravillosa estancia en muy buena ubicación,"me encantó la ubicación, la atención y la limpieza.",todo perfecto,10.0,2025-07-07,fantástico
venecia plaza centro,españa,habitación estándar,1,pareja,magnifica hotel para conocer la ciudad a pie,"la ubicación es perfecta para recorrer a pie la ciudad y muy bien comunicada con todos los transportes. la habitación y el hotel en general es muy limpio. además, para estar en el centro, no se oía apenas el ruido.",la habitación que nos asignaron era poco espaciosa sin embargo tenía vista a la plaza del ayuntamiento.,9.0,2025-07-07,fantástico
venecia plaza centro,españa,,2,grupo,ubicacion perfecta - hotel muy recomendable,ubicacion perfecta,,8.0,2025-07-07,fantástico
venecia plaza centro,españa,,1,pareja,estancia agradable,"estancia de una noche con mi pareja en habitación interior,estaba todo muy limpio,la cama era comodísima al igual que las almohadas,personal amable y ubicación inmejorable en pleno centro. buena experiencia",,9.0,2025-07-06,fantástico
venecia plaza centro,colombia,,1,grupo,excepcional,"muy bien localizado, habitación cómoda y aseada.",,10.0,2025-07-02,fantástico
venecia plaza centro,españa,,2,pareja,excepcional,"el hotel es muy estiloso, en pleno centro. el personal muy cercano y profesional",el bufet muy rico pero algo excesivo de precio,10.0,2025-07-01,fantástico
venecia plaza centro,españa,,1,grupo,estancia excepcional,"ubicación excelente, limpieza excelente, atención excelente, un sorpresón en toda regla. un hotel de 2 estrellas ubicado en el mismo centro de valencia, pero con unos servicios de un 4 estrellas. el personal, joven, pero encantador y servicial. sin duda repetiré",nos gustó todo,10.0,2025-06-30,fantástico
venecia plaza centro,españa,habitación cuádruple económica sin vistas,6,familia,una localización perfecta y un trato excelente,"perfecto localización ideal para conocer valencia la habitación muy adecuada y aseada cada mañana el personal muy atento, resolutivo y amable una experiencia fantástica",,10.0,2025-06-29,fantástico
venecia plaza centro,españa,,1,familia,fantástico,está en pleno centro las habitaciones estupendas,el precio,9.0,2025-06-29,fantástico
venecia plaza centro,argentina,habitación estándar,2,pareja,excepcional,la ubicación y la habitación impecable,,10.0,2025-06-28,fantástico
venecia plaza centro,españa,habitación doble estándar con vistas a la plaza del ayuntamiento,1,persona que viaja sola,un hotel de ubicación excelente a un precio muy razonable,la ubicación es inmejorable,la taquilla con monedas,9.0,2025-06-27,fantástico
venecia plaza centro,españa,habitación estándar,1,persona que viaja sola,muy bien,,tenía que irme muy de prisa por tener una reunión en madrid y había mucha gente en el check out. visto que la habitación estaba ya pagada creo que tendría que haber una forma de no tener que esperar y estar esperando que un montón de turistas con problemas paguen y se vayan antes. habría que diferenciar las dos cosas.,8.0,2025-06-26,fantástico
venecia plaza centro,colombia,habitación estándar,3,familia,"muy buena ubicacion, el desayuno excelente, el personal muy atento,,el ascensor extremadamente lento","mi habitacion el tamano era super, pero las de mis familiares que eras estandar , el tamaño de la cama y baño super bien pero no hay espacio para colocar las maletas, y eso es fundamental.",el ascensor extremadamente lento,9.0,2025-06-23,fantástico
venecia plaza centro,argentina,habitación doble estándar con vistas a la plaza del ayuntamiento,3,familia,muy bien,buena ubicación céntrica y muy comoda. un precioso edificio frente a la plaza. excelente relacion precio-calidad,,8.0,2025-06-23,fantástico
venecia plaza centro,españa,habitación estándar,1,familia,excepcional,"la ubicación, las habitaciones y los servicios",quebo puedas acceder con el coche,10.0,2025-06-22,fantástico
venecia plaza centro,españa,habitación estándar,1,familia,fantástico,"la ubicación, las habitaciones, los servicios que ofrecen, el detalle de bebidas en la nevera.....",que no puedas acceder ni para dejar las maletas.,10.0,2025-06-22,fantástico
venecia plaza centro,españa,habitación estándar,1,pareja,.,,,8.0,2025-06-22,fantástico
venecia plaza centro,uruguay,habitación cuádruple estándar,2,grupo,"excelente hotel, lo recomiendo","no tengo nada para resaltar, todo fue perfecto",,10.0,2025-06-22,fantástico
venecia plaza centro,estados unidos,,2,familia,fantástico,la ubicación y el precio,el desayuno podría ser mejor,9.0,2025-06-22,fantástico
venecia plaza centro,argentina,,2,persona que viaja sola,fantástico,"la ubicación es excelente, muy estratégica y cerca de todo. además, te brindan un mapa y recomendaciones para moverte y encontrar buenos lugares para comer. la habitación era un poco pequeña y daba a una ventana interna, pero fue más que suficiente para una persona y para la duración de mi estadía. tiene todas las comodidades necesarias, realmente vale la pena.",,9.0,2025-06-22,fantástico
venecia plaza centro,españa,,1,familia,muy bien,la ubicación y el hotel el si.,la relación calidad precio. quizás porque había fiestas,8.0,2025-06-19,fantástico
venecia plaza centro,españa,habitación estándar,1,persona que viaja sola,fantástico,tienen consigna gratis y la amabilidaddel personal,,9.0,2025-06-18,fantástico
venecia plaza centro,españa,habitación cuádruple estándar,2,grupo,excelente,no he desayunado. la ubicación excelente,qué incluyera el desayuno en el precio,9.0,2025-06-16,fantástico
venecia plaza centro,españa,,1,familia,excepcional,el hotel general excelente . ubicación top,,10.0,2025-06-15,fantástico
venecia plaza centro,españa,habitación estándar,1,pareja,good value for money,"limpieza de la habitación, balcón con vistas.",tamaño habitación,9.0,2025-06-14,fantástico
venecia plaza centro,españa,,1,persona que viaja sola,fantástico,la ubicación,,9.0,2025-06-13,fantástico
venecia plaza centro,españa,,2,pareja,estupendo!,"en pleno centro de valencia en la plaza del ayuntamiento, limpieza perfecta y habitaciones recién reformadas. no se puede pedir más.",nada cara feliz con ojos sonrientes,10.0,2025-06-11,fantástico
venecia plaza centro,chile,habitación estándar,2,pareja,excelente ubicación!,su ubicación para conocer el centro histórico,en general me gustó todo,10.0,2025-06-10,fantástico
venecia plaza centro,españa,habitación estándar,1,familia,agradable,"los recepcionistas muy amables, y respetuosos ,con un trato muy humano ,importante para todo en la vida","la cama muy comoda, todo limpio con todo lo necesario",10.0,2025-06-10,fantástico
venecia plaza centro,españa,,1,familia,excepcional,es un hotel ideal para pasar un fin de semana en valencia. situado en pleno centro. el personal es atento y agradable.,,10.0,2025-06-09,fantástico
venecia plaza centro,españa,habitación estándar,1,pareja,"estancia genial, altamente recomendable","la ubicación es genial, en pleno centro, el desayuno fantástico",no se me ocurre nada que no me gustara. es verdad que solo pase una noche,10.0,2025-06-07,fantástico
venecia plaza centro,chile,habitación estándar,4,persona que viaja sola,el mejor y más completo calidad-precio.,la mejor ubicación de valencia y disponibilidad para lo que necesites.,todo me pareció perfecto.,10.0,2025-06-06,fantástico
venecia plaza centro,españa,habitación triple económica con vistas al patio interior,1,grupo,estancia perfecta,"habitación muy amplia para 3 personas. colchón y almohadas muy cómodas. con ventilador y aire acondicionado. detalles muy cuidados como que hubiese una cafetera con cápsulas, un microondas y una jarra para hervir agua. en el baño un kit de cepillado de dientes y para desmaquillarse!! y la ubicación inmejorable",,10.0,2025-06-01,fantástico
venecia plaza centro,colombia,habitación triple superior,3,familia,"excelente calidad , limpieza y comodidad",excelente hotel y ubicación!!!,el ascensor,10.0,2025-05-25,fantástico
venecia plaza centro,españa,habitación cuádruple económica sin vistas,1,familia,excepcional,"muy buena la atención del personal, muy servicial.",,10.0,2025-05-23,fantástico
venecia plaza centro,venezuela,,1,familia,para la próxima estadía,la limpieza todo súper limpio felicidades a el personal de limpieza,quería una habitación con balcón,9.0,2025-05-23,fantástico
venecia plaza centro,suecia,habitación cuádruple superior,1,grupo,la ciudad es bonita y acogedora.,"amabilidad, limpieza y central",,10.0,2025-05-23,fantástico
venecia plaza centro,españa,habitación estándar,1,familia,perfecto,"de este hotel me gusta todo,es la segunda vez que vengo.","cómo mi estancia es solo una noche, no tengo peros .",10.0,2025-05-23,fantástico
venecia plaza centro,españa,,1,grupo,fantástico,hotel super bien situado. todo muy cómodo,que la habitación daba a un patio,9.0,2025-05-22,fantástico
venecia plaza centro,españa,,1,grupo,fantástico,unicación excelente,,9.0,2025-05-21,fantástico
venecia plaza centro,argentina,habitación triple económica con vistas al patio interior,2,familia,muy buena y placentera.,"excelente atención por parte del personal, muy buena limpieza, excelente ubicación.","me gustó toda la estadía, no tengo quejas.",10.0,2025-05-16,fantástico
venecia plaza centro,españa,,1,familia,recomendable,"ubicación perfecta, limpieza, atención del personal. la habitación muy bien tanto las camas cómodas, espaciosa, y el baño perfecto.",por decir algo igual podría haber algo más de variedad en el desayuno. por lo demás todo muy bien.,10.0,2025-05-15,fantástico
venecia plaza centro,españa,habitación individual económica,1,persona que viaja sola,excepcional,"el hote se encuentra en una excelente ubicacion. la habitación era agradable, la cama muy cómoda y todo se encontraba limpio .",,10.0,2025-05-12,fantástico
venecia plaza centro,españa,habitación estándar,1,familia,excepcional,su ubicación,qué la neverita no enfríaba mucho,10.0,2025-05-11,fantástico
venecia plaza centro,argentina,habitación doble estándar con vistas a la plaza del ayuntamiento,1,familia,todo muy a gusto,"todo muy limpio, muy amables y la ubicación es inmejorable",,10.0,2025-04-29,fantástico
venecia plaza centro,españa,,3,pareja,"hotel sencillo, limpio y bien ubicado",ubicación,colchón blando 1 ascensor no funcionaba,8.0,2025-04-27,fantástico
venecia plaza centro,colombia,,3,familia,excepcional,"me gusto todo, excelente hotel, excelente ubicación, cerca de todo.",,10.0,2025-04-27,fantástico
venecia plaza centro,españa,,1,pareja,estancia perfecta,perfecto tanto por sus instalaciones como por su ubicación. perfectamente insonorizado,todo perfecto,10.0,2025-04-24,fantástico
venecia plaza centro,españa,,3,familia,fantástico,"la ubicación perfecta, la atención muy buena y la habitación muy bien.","en esos momentos había solo 1 ascensor en funcionamiento, pues era después de fiestas de fallas y algunos clientes hicieron un mal uso.",9.0,2025-04-24,fantástico
venecia plaza centro,españa,habitación cuádruple superior,2,familia,muy bien,la limpieza y ubicacion,,8.0,2025-04-16,fantástico
venecia plaza centro,españa,habitación estándar,2,persona que viaja sola,justo lo que buscaba,excelente ubicación y relación calidad precio,,9.0,2025-04-13,fantástico
venecia plaza centro,chile,habitación cuádruple superior,3,familia,agradable,ubicación excelente y estado de conservación como aseo muy bien.,ascensor en mal estado . muy desagradable.,9.0,2025-04-10,fantástico
venecia plaza centro,colombia,,5,grupo,fantástico,"muy cómodo, limpio, agradable, cerca de todo, muy buen acceso a transporte público","tenían problemas con el ascensor, lo que dificultaba bajar y subir tranquilamente",9.0,2025-04-05,fantástico
venecia plaza centro,españa,habitación doble estándar con vistas a la plaza del ayuntamiento,1,persona que viaja sola,agradable,no he desayunado . la ubicacion es excelente,la puerta de la habitacion no quedaba cerrada...pero el personal de recepcion lo soluciono rapidamente,10.0,2025-04-03,fantástico
venecia plaza centro,españa,,2,familia,para repetir.,"la ubicación inmejorable. nos alojamos en una habitación triple reformada y fue todo un acierto; tamaño grande de la habitación, camas cómodas, a penas se escuchaba al resto de alojados y los ruidos externos. el personal un encanto. a mejorar: de dos ascensores, uno estaba estropeado y en horas punta tocaba esperar bastante rato. estaba en obras un tercer ascensor. nos informaron de que tenían convenio con el parking oeste y una vez en el alojamiento, nos indican que ya no es así, que en la actualidad el convenio lo tienen con otro parking que está un poco más adelante. aunque es un mal menor, ya que el cambio no hubiera costado nada, deberían de actualizar dicha información. para repetir sin lugar a dudas.",,10.0,2025-03-30,fantástico
venecia plaza centro,uruguay,habitación doble estándar con vistas a la plaza del ayuntamiento,3,pareja,ideal para visitar valencia,"la ubicación es inmejorable, la vista de la habitación y la comodidad.",,10.0,2025-03-29,fantástico
venecia plaza centro,españa,habitación cuádruple estándar,1,familia,"genial. para volver, seguro!!!!","gran estancia. estuvimos alojados cuatro personas en habitacion familiar, que era muy amplia. limpieza, el silencio, pese a estar en el centro, instalaciones cuidadas, desayuno muy bueno, ubicacion, cerca de todo... pero sobre todo, la amabilidad del personal. no es habitual encontrar ese trato tan cordial hoy en dia. para volver sin dudarlo","por poner un defecto, que solo funcionaba un ascensor. otros dos estaban siendo reparados. si no fuera por ello les pondria un 10 en lugar del 9,5 que les doy.",9.0,2025-03-24,fantástico
venecia plaza centro,españa,,1,pareja,fabuloso,"la estancia fue fabulosa, todo muy bien, personal muy amablle, muy limpio, ubicación excelente. totalmente recomendable, volveremos",,10.0,2025-03-24,fantástico
venecia plaza centro,españa,habitación estándar,1,persona que viaja sola,estancia corta pero perfecta,"me habría gustado poder disfrutar de la mascletá desde el balcón de la habitación, ya que fueron mis primeras fallas alli, y este hotel está super bien ubicado para ello, pero por tiempos fue imposible, por lo demás me gustó poder dejar las maletas guardadas en las taquillas hasta última hora, y la sala con sofás y ordenadores me salvó también tras hacer el checkout ya que mi tren de vuelta salía tarde y pude quedarme allí con total tranquilidad haciendo tiempo, leyendo o incluso picando algo.","no hubo nada reseñable que me llamara la atención a malas, la verdad.",9.0,2025-03-21,fantástico
venecia plaza centro,españa,habitación cuádruple estándar,1,familia,excepcional,todo muy bien cómodo y amplio,,10.0,2025-03-09,fantástico
venecia plaza centro,españa,,2,persona que viaja sola,fantástico,"estaba todo super limpio, el personal muy amable y la ubicación perfecta.","lo que menos me gustó fué el interiorismo, un poco anticuado y el desayuno.",9.0,2025-02-28,fantástico
venecia plaza centro,argentina,habitación triple superior,2,familia,muy recomendable,excelente ubicación y muy buena atención. un desayuno muy completo y todo el personal muy amable y atento.,"estaba en reformas un sector y solo funcionaba un ascensor, con lo cual se demoraba un poco más en poder acceder al piso de la habitación, pero entiendo que es para mejor!",10.0,2025-02-25,fantástico
venecia plaza centro,españa,,1,pareja,excelente estancia,"como siempre que venimos a este hotel, el trato del personal, las instalaciones, habitación y cama fueron excelentes.",,10.0,2025-02-24,fantástico
venecia plaza centro,españa,habitación cuádruple económica sin vistas,1,familia,maravilloso hotel,"todo perfecto, hotel con ubicación inmejorable, habitaciones super limpias, daban gusto, camas comodísimas, silencioso, el personal super amable, tanto en recepción como en el desayuno, enhorabuena a todo el equipo.",,10.0,2025-02-24,fantástico
venecia plaza centro,españa,habitación estándar,2,pareja,fantástico,ubicación,,9.0,2025-02-23,fantástico
venecia plaza centro,españa,,1,pareja,fantástico,ubicación e instalaciones,,9.0,2025-02-23,fantástico
venecia plaza centro,españa,,1,familia,excepcional,"atencion increible, ubicación excelente, lo recomiendo",,10.0,2025-02-21,fantástico
venecia plaza centro,suiza,habitación estándar,1,persona que viaja sola,excepcional,"todo perfecto! habitaciones luminosa, súper limpia, confortable. personal muy amable. y la ubicación es ideal.",,10.0,2025-02-21,fantástico
venecia plaza centro,españa,,3,pareja,una estancia agradable,"la ubicación excelente, el personal muy amable y la habitación confortable",la próxima vez intentaré que la habitación sea exterior entre luz,8.0,2025-02-18,fantástico
venecia plaza centro,españa,,1,familia,excepcional,ya lo conocía.. todo muy bien en general,la habitación tenía demasiado calor por la noche,10.0,2025-02-18,fantástico
venecia plaza centro,españa,habitación doble estándar con vistas a la plaza del ayuntamiento,1,familia,la venecia de valencia,la ubicacion es perfecta y el personal excelente,cuando uno sale del hotel con la maleta,10.0,2025-02-15,fantástico
venecia plaza centro,argentina,,3,persona que viaja sola,ok,la atención,no se podía utilizar la escalera por refacciones,10.0,2025-02-14,fantástico
venecia plaza centro,españa,,1,familia,excepcional,la ubicación del hotel y la comodidad de la cama,me gustó todo,10.0,2025-02-14,fantástico
venecia plaza centro,chile,habitación doble estándar con vistas a la plaza del ayuntamiento,2,pareja,excelente hotel,la ubicación es perfecta. esta cerca del centro y cerca de la estación de tren. el personal muy amable. espectacular.,,10.0,2025-02-13,fantástico
venecia plaza centro,españa,habitación estándar,2,persona que viaja sola,en el centro de valencia a buen precio,inmejorable situación y buena calidad precio.,,9.0,2025-02-12,fantástico
venecia plaza centro,españa,habitación estándar,1,pareja,excepcional,"la ubicación y lo agradable que era el personal. estancia perfecta, repetiría.",,10.0,2025-02-12,fantástico
venecia plaza centro,españa,habitación estándar,1,persona que viaja sola,muy bien,,"la orientación de la habitación no daba a la calle , daba a un patio de luces !!!",8.0,2025-02-09,fantástico
venecia plaza centro,españa,,1,persona que viaja sola,excepcional,"ubicación, limpieza y el personal muy amable",,10.0,2025-02-07,fantástico
venecia plaza centro,españa,,1,pareja,objetivo conseguido .calidad precio .,"en general todo muy bien ,la estancia fue muy corta ,ya que fue solo una noche ,por motivos médicos, pero lo recomendaré y si hiciera algún otro viaje de turismo ,seguro lo repetiría.",no tengo ningun comentario al respecto .,8.0,2025-02-05,fantástico
venecia plaza centro,españa,,4,pareja,días inolvidables en un hotel fenomenal,"un desayuno completo y variado. la ubicación del hotel inmejorable, cerca de todo lo que queríamos visitar y con una parada de taxis a la puerta por si hicieran falta","fue todo estupendo, nada que reprochar",10.0,2025-02-03,fantástico
venecia plaza centro,españa,habitación triple económica con vistas al patio interior,2,grupo,perfecta,"la ubicación de la habitación era perfecta, era una habitación grande y espaciosa, la verdad es que nos encanto además el servicio en todas partes del edificio de parte de los trabajadores fue muy bueno y el desayuno espectacular y delicioso.","la verdad es que hablando con mis compañeros de viaje no tenemos ninguna queja referente al hotel, experiencia de 10 así que muchas gracias.",10.0,2025-01-31,fantástico
venecia plaza centro,españa,habitación estándar,1,pareja,perfecto,"me encanto el detalle que hicieron a mis padres. una nota de feliz cumpleaños, un detalle que les encanto",,10.0,2025-01-28,fantástico
venecia plaza centro,españa,habitación estándar,3,pareja,sorpendente,la localizacion y el aislamiento del exterior,"por poner algo , la calefaccion en exceso en algun momento, pero no ha sido un problema.",9.0,2025-01-27,fantástico
venecia plaza centro,españa,,1,familia,excepcional,"una agradable estancia! bonita habitación, limpieza , resumiendo, volveremos !! y buen trato cara sonriendo con ojos de corazón cara sonriente",,10.0,2025-01-27,fantástico
venecia plaza centro,españa,habitación triple económica con vistas al patio interior,1,familia,excelente,limpieza y ubicación.,,10.0,2025-01-27,fantástico
venecia plaza centro,españa,habitación triple superior,3,familia,excepcional,"el trato del personal, la ubicación, la limpieza y la sencillez de la habitación, todo fantástico.",,10.0,2025-01-26,fantástico
venecia plaza centro,españa,habitación estándar,1,persona que viaja sola,todo perfecto!,bien ubicado y la habitación bonita.,,10.0,2025-01-26,fantástico
venecia plaza centro,españa,habitación estándar,1,persona que viaja sola,descubrimiento total,"suelo viajar por trabajo una vez al año a valencia y no conocía este hotel. ubicación inmejorable, instalaciones muy renovadas y super buen precio.",,10.0,2025-01-25,fantástico
venecia plaza centro,españa,habitación estándar,3,pareja,el hotel perfecto en el centro de valencia,la habitación era amplia la cama era muy cómoda,,8.0,2025-01-23,fantástico
venecia plaza centro,españa,,1,grupo,fantástico,ubicación,,9.0,2025-01-21,fantástico
venecia plaza centro,españa,habitación estándar,1,familia,"todo muy bien, calidad precio excelente",excelente ubicación y buen desayuno,,9.0,2025-01-21,fantástico
venecia plaza centro,españa,,2,persona que viaja sola,excepcional,"super céntrico, mejor imposible. la habitación amplia y muy limpia.",,10.0,2025-01-20,fantástico
venecia plaza centro,españa,,2,familia,genial para ir con niños,la ubicación,,9.0,2025-01-19,fantástico
venecia plaza centro,españa,habitación doble estándar con vistas a la plaza del ayuntamiento,1,pareja,increíble,la ubicación,las habitaciones son muy pequeñas,10.0,2025-01-19,fantástico
venecia plaza centro,españa,habitación estándar,1,persona que viaja sola,muy recomendable,"el hotel está muy bien  localización excelente . el personal es muy amable. la habitación que tuve era muy cómoda y estaba completamente restaurada. confortable, muy limpia, bien aislada. el baño, impecable. me gustó muchísimo. un hotel para recomendar y al que volvería sin dudarlo.",,9.0,2025-01-19,fantástico
venecia plaza centro,españa,habitación individual económica,2,persona que viaja sola,todo perfecto,"personal muy amable, siempre poniendo facilidades. limpieza de la habitación impecable y con buen olor. decoración de las habitaciones y baño muy bonita, mobiliario también. colchón cómodo y cama grande; más balcón con vistas a plaza ayuntamiento. obsequio de cafés diarios en la habitación. ubicación perfecta y relación calidad-precio geniales. todo perfecto, volvería a repetir.",lo único que cambiaría es poder hacer un late check out.,10.0,2025-01-17,fantástico
venecia plaza centro,españa,habitación individual económica,3,persona que viaja sola,un fin de semana maravilloso,"el desayuno era variado y abundante y con diferentes opciones para desayunar. excelente. el hotel está localizado en el centro de la ciudad y muy próximo a museos, restaurantes , iglesias y medios de transporte",todo me gustó con la excepción que algunos de empleados en la recepción desconocían la localización de algunos museos,10.0,2025-01-13,fantástico
venecia plaza centro,italia,,4,pareja,unos reyes mágicos,"excelente ubicación, habitaciones bien equipadas, camas cómodas, personal excelente,",un ascensor de los dos disponibles estuvo 3 días sin servicio,10.0,2025-01-11,fantástico
venecia plaza centro,españa,habitación estándar,2,pareja,muy buena,"la ubicación, excelente.",,10.0,2025-01-10,fantástico
venecia plaza centro,españa,,1,grupo,fantástico,"la ubicación perfecta, la limpieza, el desayuno, el equipo humano que lo hace posible, de 10, gracias.",,9.0,2025-01-09,fantástico
venecia plaza centro,colombia,habitación cuádruple prémium,2,grupo,excelente,la vista desde la habitación,las camas estaban un poco blandas,9.0,2025-01-06,fantástico
venecia plaza centro,españa,habitación cuádruple superior,3,familia,fantástico,"lo que más nos gusto a mi familia y a mí fue la ubicación en plena plaza del ayuntamiento, que al ser peatonal da una sensación de calma y tranquilidad.",lo que menos me gustó fue que pagué por una habitación con vistas a la plaza y nos dieron una lateral con vistas a los edificios vecinales.,9.0,2025-01-06,fantástico
venecia plaza centro,españa,habitación cuádruple superior,1,familia,excepcional,la habitación era muy cómoda con una terraza con unas vistas a la plaza increíbles. en pleno centro.,todo fue perfecto cien puntos,10.0,2025-01-04,fantástico
venecia plaza centro,españa,,1,pareja,fantástico,,la habitación es un poco pequeña,9.0,2025-01-04,fantástico
venecia plaza centro,españa,habitación triple superior,1,pareja,fin de año en pareja,"el trato del personal, la asistencia de recepción ante cualquier problema y las vistas de la habitación en la que estábamos alojados",le faltaba tener comida y cena.,8.0,2025-01-01,fantástico
venecia plaza centro,españa,habitación estándar,1,pareja,perfecto,"100  recomendable, estuvimos muy cómodos y en el mismo centro de la ciudad. el hotel muy bonito",,10.0,2024-12-31,fantástico
venecia plaza centro,españa,habitación estándar,1,persona que viaja sola,una noche en valencia sin querer,estaba limpio y la chica de recepción fue muy amable. la ubicación es muy buena.,,8.0,2024-12-29,fantástico
venecia plaza centro,españa,habitación estándar,2,pareja,inmejorable,"la ubicación es inmejorable, las vistas a la plaza del ayuntamiento fantásticas, el hotel es super cómodo, super bonito, el personal maravilloso y esos productos de aseo de naranja y verbena...de locura! hacía mucho tiempo que no disfrutaba tanto en un hotel, de verdad inmejorable!",no es muy importante pero la velocidad de los ascensores es no apta para impacientes :- ,10.0,2024-12-29,fantástico
venecia plaza centro,españa,habitación estándar,1,persona que viaja sola,excepcional,"buen hotel, el chico en recepción fue muy amable",,10.0,2024-12-29,fantástico
venecia plaza centro,españa,habitación estándar,1,familia,navidad tranquila,la ubicación es de 10,,10.0,2024-12-25,fantástico
venecia plaza centro,españa,,1,pareja,excelente,"la ubicación,la amplitud de las habitaciones,muy buen desayuno",,10.0,2024-12-23,fantástico
venecia plaza centro,españa,habitación estándar,1,persona que viaja sola,muy bueno,"personal, limpieza, ubicación. habitación amplia y cómoda. el personal genial.",la almohada y la cama no es muy cómoda. el split del aire acondicionado no funciona correctamente y pase frío.,9.0,2024-12-23,fantástico
venecia plaza centro,francia,,2,grupo,fabuloso,limpio amplio con toda las necesidades,,10.0,2024-12-22,fantástico
venecia plaza centro,españa,habitación estándar,1,familia,volvería de nuevo sin duda,fuí con una persona en silla de ruedas y la atención fué exquisita.,,10.0,2024-12-20,fantástico
venecia plaza centro,españa,habitación estándar,1,pareja,estuve encantado,,me gustó todo,10.0,2024-12-20,fantástico
venecia plaza centro,argentina,habitación estándar,4,familia,excepcional,"el mejor lugar para alojarese, por su ubicacion",,10.0,2024-12-16,fantástico
venecia plaza centro,españa,,1,pareja,encantador!,"encanto, limpieza y ubicación la verdad que muy contentos, para volver!!","podrían ajustar más los precios para el desayuno, me parece algo excesivo contando ya con el precio algo elevado de la habitación, aunque teniendo en cuenta ubicación, instalaciones y limpieza podría tener una estrella más el hotel  merecedor  y así justificar más el precio. es simplemente una apreciación, para nada una valoración negativa, de ahí el 10 que le doy. y por eso.....volveremos!",10.0,2024-12-08,fantástico
venecia plaza centro,españa,habitación estándar,1,pareja,"bien, para repetir",céntrico y zona elegante.,la puerta del baño que no iba la guía y por lo tanto no se cerraba.,8.0,2024-12-02,fantástico
venecia plaza centro,colombia,habitación doble estándar con vistas a la plaza del ayuntamiento,2,pareja,excelente ubicación.,ubicación,demora en lavado y entrega de ropa,9.0,2024-12-01,fantástico
venecia plaza centro,españa,,2,familia,muy bien,la.ubicacion y la atencion del personal,,8.0,2024-11-23,fantástico
venecia plaza centro,chile,,1,pareja,excepcional,la ubicación muy céntrica al lado de todo!,"la cama era dura, muy poco cómoda, pero es cuestión de gustos",10.0,2024-11-20,fantástico
venecia plaza centro,españa,,2,pareja,excepcional,"excelente desayuno, muy variado",,10.0,2024-11-20,fantástico
venecia plaza centro,españa,,1,pareja,muy buena.,era realmente limpio y tenía todo lo necesario.,la habitación un poco pequeña.,10.0,2024-11-20,fantástico
venecia plaza centro,españa,habitación estándar,1,grupo,fantástico,la ubicación es ideal.,la habitación y el baño pequeños. pero muy limpio y todo nuevo.,9.0,2024-11-18,fantástico
venecia plaza centro,españa,habitación estándar,2,persona que viaja sola,perfecto,"la cama era comodísima, descansé muchísimo. la habitación muy limpia y el baño precioso. los recepcionistas eran todos muy amables.",tenía justo al lado un armario donde guardaban el material y el personal de limpieza hacía mucho ruido.,10.0,2024-11-15,fantástico
venecia plaza centro,españa,habitación estándar,3,familia,excelente,"todo excepcional, y para cristian en recepcion por su amabilidad, y la colaboración en ayudar excelente recepcionista",,10.0,2024-11-12,fantástico
venecia plaza centro,españa,habitación estándar,1,persona que viaja sola,excepcional,excelente hotel.,,10.0,2024-11-12,fantástico
venecia plaza centro,españa,habitación doble deluxe - 1 o 2 camas,1,pareja,excepcional,"excelente ubicación, muy limpio, personal muy amable",,10.0,2024-10-27,fantástico
venecia plaza centro,españa,,1,pareja,gran ubicación y edificio,ubicacion y edificio espectacular,,8.0,2024-10-27,fantástico
venecia plaza centro,puerto rico,habitación triple económica con vistas al patio interior,2,familia,lo recomendariamos a cualquier persona. excelente ubicación y facilidades impecables.,cuarto moderno y camas muy comodas. limpieza excelente y el personal muy amable.,,10.0,2024-10-26,fantástico
venecia plaza centro,argentina,habitación estándar,2,pareja,excepcional,"hermoso hotel, todo impecable. excelente atención y ubicación",,10.0,2024-10-26,fantástico
venecia plaza centro,argentina,habitación doble deluxe - 1 o 2 camas,3,pareja,excelente atención y comodidad. todo impecable,"la ubicación nos pareció excelente. la habitación muy amplia, moderna y muy comodano",todo nos pareció muy bueno,10.0,2024-10-21,fantástico
venecia plaza centro,suiza,habitación cuádruple económica sin vistas,2,familia,fantástico,"situación perfecta para visitar la ciudad, y también si llegas en tren. personal muy amable. buen desayuno.","ventanas pequeñas, el aire no entraba mucho",9.0,2024-10-17,fantástico
venecia plaza centro,españa,habitación doble deluxe - 1 o 2 camas,3,pareja,estupenda habitación con vistas a la plaza,"la ubicación es excelenfe, recomiendo la habitación doble deluxe con vistas a la plaza del ayuntamiento, es una pasada!!","nada, quizás el precio es un poco elevado",9.0,2024-10-15,fantástico
venecia plaza centro,uruguay,habitación estándar,3,pareja,excelente!!,"la ubicación es inigualable! las vistas de la habitación con el pequeño balcón para disfrutar de las vistas. todas las tiendas, locales de comida y sitios para visitar están súper cerca!",,10.0,2024-10-15,fantástico
venecia plaza centro,españa,habitación cuádruple económica sin vistas,2,grupo,perfecto,"la ubicación, el desayuno y la comodidad de las camas.","nada, estuvimos muy a gusto.",10.0,2024-10-14,fantástico
venecia plaza centro,españa,,1,pareja,muy bien,la ubicación es perfecta!,,8.0,2024-10-13,fantástico
venecia plaza centro,chile,habitación triple superior,3,familia,excepcional,"excelente ubicacion , nos encanto linda la pieza buena decoracion, y limpieza",,10.0,2024-10-08,fantástico
venecia plaza centro,uruguay,habitación doble deluxe - 1 o 2 camas,1,pareja,excelente lugar para alojarse en valencia,la ubicación y el desayuno,una habitación en un piso más elevado que el segundo hubiese sido mejor  por el ruido de la calle ,9.0,2024-10-04,fantástico
venecia plaza centro,españa,habitación doble deluxe - 1 o 2 camas,3,pareja,excepcional,"todo, en general. la ubicación, perfecta.",,10.0,2024-10-04,fantástico
venecia plaza centro,españa,,2,grupo,"ubicación excelente , hotel renovado.","muy buenas habitaciones, con vistas a la plaza del ayuntamiento. desayuno completo. ubicación excelente, muy cerca de la estación de tren y del centro de la ciudad. relación cualidad precio, muy bien. atentos en la recepción. vovería a repetir.","las vistas des de el lugar donde se sirve el desayuno, una calle sin ningún atractivo. los ascensores, a veces estaban muy concurridos, y tenías que esperar un poco para poder subir o bajar a tu planta.",10.0,2024-10-04,fantástico
venecia plaza centro,estados unidos,,1,pareja,una joya sobre la plaza del ayuntamiento,"la eficiencia y amabilidad del personal de recepción, cuidar nuestras maletas en cuarto con lockers personales mientras visitas la ciudad y llega la hora del check-in. habitación de buen tamaño y sala de baño amplia. todo super limpio.",,9.0,2024-10-03,fantástico
venecia plaza centro,españa,habitación estándar,1,pareja,genial,"las vistas a la ciudad  ubicación  ,la limpieza de la habitación y el personal","pedí si podía ser una cama grande, me dijeron que sin problema ,cuando llegue fueron 2 camas individuales   aún así fueron cómodas ..",10.0,2024-10-01,fantástico
venecia plaza centro,españa,habitación doble con balcón - plaza del ayuntamiento,1,pareja,comodidad en excelente ubicación,"habitaciones confortables. las camas muy cómodas. espacio muy aprovechado. además del aire acondicionado había ventilador de techo, lo cual nos resultó muy útil. el personal muy amable y la limpieza extraordinaria. desayuno en un comedor acogedor y correcto en cuanto a variedad. una muy buena opción en pleno centro.",la verdad es que superó mis expectativas y no se me ocurre nada,9.0,2024-09-29,fantástico
venecia plaza centro,perú,habitación doble con balcón - plaza del ayuntamiento,1,pareja,cómodo y con buena ubicación.,ubicacion y comodidad,"l os ascensores demoraban mucho y no se podía usar las escaleras porque hacían trabajos, bloqueandola. esto ponía en riesgo a los huéspedes en caso de una emergencia.",9.0,2024-09-28,fantástico
venecia plaza centro,suiza,habitación doble deluxe - 1 o 2 camas,2,familia,la habitación y la vista es perfecta.,"la ubicación es perfecta, al estar en el corazón de la ciudad tienes acceso a todo el centro, la limpieza y la amabilidad del personal también se debe destacar, las habitaciones son hermosas y la vista es increíble.","el desayuno es muy poco variado, no está mal pero podría ser mejor.",9.0,2024-09-23,fantástico
venecia plaza centro,españa,habitación cuádruple económica sin vistas,1,grupo,muy buen hotel,"la ubicación del hotel es muy buena. tiene habitaciones muy grandes , cómodas y limpias. recomendable.",lo único que me pareció un poco caro es el precio por noche pero también hay que tener en cuenta que estás en la plaza del ayuntamiento.,10.0,2024-09-21,fantástico
venecia plaza centro,españa,habitación estándar,2,pareja,fantástico,"buena ubicación, la habitación no es nueva pero limpio,personal amable .estábamos saliendo y nos alcanzaron y me dieron una pulsera que mi esposa perdió, muchas gracias.",,9.0,2024-09-15,fantástico
venecia plaza centro,españa,,1,grupo,un 10,la limpieza en las habitaciones cuarto de baño y sabanas blancas radiantes.,,10.0,2024-09-08,fantástico
venecia plaza centro,colombia,habitación cuádruple prémium,2,grupo,calidad y servicio,muy buena atención,,10.0,2024-09-07,fantástico
venecia plaza centro,chile,habitación estándar,4,persona que viaja sola,"mejor ubicación, limpieza, todo soñado","amado, increible, volveria mil veces!",me gustó todo! un 10,10.0,2024-09-04,fantástico
venecia plaza centro,españa,habitación estándar,1,familia,fantástico,el trato del personal. muy céntrico.,todo perfecto,9.0,2024-08-31,fantástico
venecia plaza centro,españa,habitación estándar,1,grupo,céntrico y agradable,"el personal genial, nos dejaron entrar antes de la hora y todo estaba muy limpio y confortable.",todo muy bien,9.0,2024-08-28,fantástico
venecia plaza centro,españa,habitación estándar,2,familia,excepcional,"estuvimos muy bien,la habitacion perfecta y muy limpia. el personal muy amables y cariñosas. lo recomiendo. muy céntrico el hotel.",,10.0,2024-08-26,fantástico
venecia plaza centro,españa,habitación triple superior,2,familia,genial,"la ubicación, amplitud de la habitación, la limpieza excelente, el trato con el personal muy bueno, y el baño muy bonito. el desayuno genial.","las cortinas no tapaban mucho la luz que entraba. para nuestro gusto, en la siesta se veía mucha luz. por lo demás todo fenomenal.",10.0,2024-08-23,fantástico
venecia plaza centro,argentina,habitación doble económica con vistas al patio interior,3,pareja,excepcional,"excelente ubicación, muy valorado el trato del personal y una habitación con todos los elementos para destacar.","la verdad, nada. superó todas mus expectativas",10.0,2024-08-22,fantástico
venecia plaza centro,españa,habitación estándar,3,pareja,excepcional,"todo, era un lugar perfecto",,10.0,2024-08-19,fantástico
venecia plaza centro,españa,habitación estándar,1,familia,excepcional,ubicación en el centro,,10.0,2024-08-19,fantástico
venecia plaza centro,argentina,habitación doble económica con vistas al patio interior,2,familia,volvería la próxima vez que venga a valencia.,"la ubicación es inmejorable para visitar el centro histórico.el desayuno excepcional ,gran variedad en fiambres,hasta salmón ahumado había . había café descafeinado y leche de soja y almendras. variedad de tortas. como había pagado la estadía con desayuno y el último día debía salir antes de la hora que se servía, me prepararon una vianda. además cuando llegamos en vez de darnos la habitación reservada con vista a patio interior ,me la cambiaron a una que estaba desocupada con balcón a la plaza del ayuntamiento sin costo.",todo estuvo perfecto.,10.0,2024-08-16,fantástico
venecia plaza centro,colombia,habitación cuádruple económica sin vistas,1,familia,excelentes instalaciones y ubicación,"excelente ubicación, el personal muy amable nos permitió realizar el checkin un poco más temprano. las instalaciones estaban increíbles.",,10.0,2024-08-12,fantástico
venecia plaza centro,españa,habitación doble económica con vistas al patio interior,1,familia,fantástico,la ubicación el personal lo limpio y cómodo que es,,9.0,2024-08-10,fantástico
venecia plaza centro,estados unidos,habitación doble económica con vistas al patio interior,2,familia,plascentera,"ubicación, habitación limpia y hermosa. personal amable.","el elevador, demasiado pequeño.",10.0,2024-08-05,fantástico
venecia plaza centro,españa,habitación doble económica con vistas al patio interior,2,pareja,un buen hotel en pleno centro,"lo mejor la ubicación, más céntrico imposible. habitación correcta y limpia. personal muy agradable. repetiría 100 .","sólo funciona 1 de los 2 ascensores y había que esperar mucho por él, deberían habilitar el  ascensor de servicio  que estaba a la vista pero necesitaba llave. nuestra tv no funcionaba y a pesar de comunicarlo en recepción nada más llegar no hicieron nada en 2 días para arreglarla. 12 euros por el desayuno me parece una barbaridad.",8.0,2024-08-05,fantástico
venecia plaza centro,méxico,habitación doble económica con vistas al patio interior,1,familia,súper estancia,ubicación perfecta y habitaciones muy cómodas.,0,10.0,2024-08-03,fantástico
venecia plaza centro,españa,habitación estándar,1,pareja,excepcional,ubicación,,10.0,2024-07-29,fantástico
venecia plaza centro,españa,habitación estándar,4,pareja,excelente,la habitación excelente. la ubicación del hotel ideal. el personal de recepción atento y cercano con nosotros.,un ascensor estaba averiado y se hacían algo largas las esperas para utilizar el único disponible.,9.0,2024-07-28,fantástico
venecia plaza centro,estados unidos,habitación cuádruple económica sin vistas,2,familia,excepcional,me gustó la amabilidad del personal todo con mucho respeto y profesionalismo todo me gustó mucho,,10.0,2024-07-20,fantástico
venecia plaza centro,argentina,habitación cuádruple económica sin vistas,1,familia,hermoso valencia,ubicacion y atencion,todo bien,10.0,2024-07-17,fantástico
venecia plaza centro,argentina,habitación cuádruple prémium,2,familia,fantástico,la ubicación muy buen y las vistas de la habitación tmb,"había un ascensor q no funcionaba y se tardaba mucho en subir a la habitación, había q esperar bastante",9.0,2024-07-16,fantástico
venecia plaza centro,españa,habitación doble económica con vistas al patio interior,1,familia,fantástico,la habitación cómoda y muy poco ruido se podía descansar bien,,9.0,2024-07-15,fantástico
venecia plaza centro,españa,habitación cuádruple superior,1,familia,excepcional,fantástico,,10.0,2024-07-08,fantástico
venecia plaza centro,españa,habitación doble con balcón - plaza del ayuntamiento,2,pareja,como siempre de 10,"era la tercera vez que iba y lo seguiré eligiendo siempre que vuelva a valencia. la habitación ideal, esta vez nos tocó balcón y lo disfrutamos mucho. todo impecable, la cama comodisima. la habitación muy bien equipada, con posibilidad de hacerte un te o un café sin coste adicional, ubicación y vistas inmejorables, personal muy atento y amable, posibilidad de préstamo de sombrilla dejando un depósito. la habitación está bien aislada del ruido de la calle, yo eso lo tengo bastante en cuenta y mas en una zona tan céntrica y con tanta actividad.","por poner una pega uno de los ascensores estaba averiado y había que esperar bastante, al final acabábamos usando las escaleras la mayoría de las veces, de todas formas son cosas que pasan.",10.0,2024-07-07,fantástico
venecia plaza centro,colombia,habitación triple económica con vistas al patio interior,1,familia,excepcional,"la ubicación, su fachada, la atención!",,10.0,2024-07-06,fantástico
venecia plaza centro,argentina,habitación estándar,1,pareja,excepcional,ubicación excelente y la habitación hermosa!,,10.0,2024-07-06,fantástico
venecia plaza centro,colombia,,1,familia,excelente hotel,ubicación y el desayuno excelentes,,9.0,2024-07-02,fantástico
venecia plaza centro,españa,habitación cuádruple prémium,1,grupo,vistas increíbles,la habitación excelente con una terraza con vistas espectaculares y todo muy limpio.,un poco caro,10.0,2024-06-30,fantástico
venecia plaza centro,españa,habitación doble económica con vistas al patio interior,1,familia,excepcional,"la cama y el baño,todo impecable",,10.0,2024-06-30,fantástico
venecia plaza centro,españa,habitación doble con balcón - plaza del ayuntamiento,1,pareja,excepcional,"la situación excelente. el desayuno había variedad, muy completo y de calidad.",,10.0,2024-06-30,fantástico
venecia plaza centro,españa,habitación estándar,1,pareja,buen sitio con habitaciones muy pequeña,la ubicación,habitación minúscula,8.0,2024-06-29,fantástico
venecia plaza centro,españa,,2,pareja,fantástico,"la situación. el trato de todo el personal, extremadamente amables.",el aislamiento acústico de la habitación no era muy bueno. se podía oir casi todo de conversaciones de alrededor.,9.0,2024-06-26,fantástico
venecia plaza centro,españa,,1,familia,muy buena opción en valencia.,habitación cómoda y suficiente para tres camas individuales. el baño bien de tamaño. todo muy limpio.,,10.0,2024-06-23,fantástico
venecia plaza centro,colombia,habitación cuádruple prémium,1,familia,espectacular,"la habitación 506 súper cómoda, muy limpia, grande y el desayuno súper delicioso.","que no tuviera parqueadero, tienen un convenio con un parqueadero que queda a 300 metros pero caminar con las maletas al rayo del sol poco cómodo.",10.0,2024-06-23,fantástico
venecia plaza centro,costa rica,,2,pareja,excepcional,"persona, limpieza, ubicación",todo bien,10.0,2024-06-20,fantástico
venecia plaza centro,españa,habitación estándar,1,pareja,para repetir!!,hotel muy céntrico con una cama xxl muy cómoda. desayuno más que aceptable.,la habitación un poco pequeña,9.0,2024-06-17,fantástico
venecia plaza centro,españa,habitación triple superior,2,grupo,fin de semana perfecto,ubicación perfecta y personal muy amable. fin de semana perfecto,,10.0,2024-06-17,fantástico
venecia plaza centro,españa,habitación cuádruple superior,1,grupo,excepcional,la ubicación es perfecta y la insonorización de las habitaciones te permiten descansar plácidamente. la habitación está preciosa decorada. mejor que en las fotos.,,10.0,2024-06-13,fantástico
venecia plaza centro,españa,habitación doble con balcón - plaza del ayuntamiento,1,familia,muy bien,"las vistas y la ubicación, el personal muy atento","la bañera, sería mejor ducha",8.0,2024-06-12,fantástico
venecia plaza centro,argentina,habitación estándar,3,familia,excepcional,"increíble ubicación, todo nuevo, todo funciona 10 puntos. no se puede pedir nada más. lo recomiendo.","el desayuno no lo probé porque salía 12 euros, hay muchas opciones por menos de la mitad.",10.0,2024-06-08,fantástico
venecia plaza centro,españa,,1,persona que viaja sola,muy bien,mucho. muy bien ubicado. limpio y agradable . el edificio exterior es precioso,encontré precios mucho más bajos una vez que compré en booking. y no tenia el desayuno incluido.,10.0,2024-06-03,fantástico
venecia plaza centro,,habitación cuádruple superior,1,grupo,estancia de 10!,"nos encantó todo! el lugar, la habitación, el trato con el personal!!!! muchas gracias por todo",,10.0,2024-06-03,fantástico
venecia plaza centro,españa,habitación estándar,4,familia,muy bien,,"el olor de la habitación, habia olor a alcantarilla, aunque no era de continuo.",8.0,2024-06-02,fantástico
venecia plaza centro,argentina,habitación estándar,2,pareja,volveré sin dudas,"ubicación espectacular. el hotel es realmente lindo, la habitación a la calle muy cómoda, linda con frigobar de cortesia. más de lo esperado muy prolijo. el personal de limpieza excelente",todo me gustó no hablo del desayuno xq no lo contratamos,10.0,2024-06-02,fantástico
venecia plaza centro,españa,habitación doble económica con vistas al patio interior,1,persona que viaja sola,muy bien,,"la ventana no daba a nada, no entraba luz y solo se veía un patio de luces súper pequeño",8.0,2024-05-31,fantástico
venecia plaza centro,españa,habitación cuádruple superior,1,grupo,estancia agradable y perfecta,"la ubicación del hotel es excelente, y en recepción son muy amables. la habitación limpia y correcta.",,9.0,2024-05-30,fantástico
venecia plaza centro,costa rica,habitación estándar,2,pareja,excelente alojamiento en valencia,excelente ubicación con paradas de bus al frente de la plaza y muchos restaurantes cerca. la atención de las personas en recepción y de limpieza un 100 de verdad que súper amables. recomendamos mucho este hotel para disfrutar de valencia.,n a en nuestra estancia todo estuvo excelente.,10.0,2024-05-30,fantástico
venecia plaza centro,españa,,1,pareja,tranquila y acogedora,las vistas y ubicación,"que fuera bañera, en vez de ducha",9.0,2024-05-26,fantástico
venecia plaza centro,colombia,habitación doble económica con vistas al patio interior,1,pareja,de carnaval en valencia,"ubicación, atención, aseo, instalaciones",,10.0,2024-05-24,fantástico
venecia plaza centro,guatemala,habitación estándar,2,familia,excepcional,"todo estuvo excelente, me encanta que te envien el proceso del check-in con anticipscion porque asi cuando llegamos solo nos identificamos y nos dieron llaves y listo!!! muy practicos! estuvimos muy contentos fue un hotel de 5 estrellas      ",,10.0,2024-05-22,fantástico
venecia plaza centro,españa,habitación estándar,1,grupo,hotel confortable y muy bien situado,el tamaño de la habitación y del baño éramos cuatro personas y hemos tenido sitio de sobra.,"el precio del desayuno, 12  es una exageración",10.0,2024-05-19,fantástico
venecia plaza centro,alemania,habitación doble con balcón - plaza del ayuntamiento,3,pareja,buena opción para descubrir valencia,"viajábamos en coche privado y aunque el hotel está en el centro, fue muy fácil encontrar aparcamiento cerca, a un precio justo, 22  día. el hotel es muy cómodo, cerca de todo, a escasos metros del transporte público. sorprende que solo sea un 2 estrellas, hemos estado en otros de 4 a los que ya les gustaría parecerse. personal muy amable y atento.",,9.0,2024-05-19,fantástico
venecia plaza centro,venezuela,habitación individual económica sin ventana,2,pareja,alojamiento en el corazón de valencia,su ubicación es inmejorable !!! los balcones de las habitaciones que dan hacia la plaza central te permiten contemplar todo el ambiente de valencia en pleno. habitaciones limpias.,,10.0,2024-05-16,fantástico
venecia plaza centro,méxico,habitación cuádruple económica sin vistas,2,familia,mi estancia fue excelente la ciudad es preciosa,la ubicación excelente,,10.0,2024-05-14,fantástico
venecia plaza centro,españa,habitación estándar,1,pareja,excepcional,"la habitación super acogedora, bonita, cómoda y muy completa. vistas super bien ya que aunque dábamos al lateral de la plaza también la veíamos cara feliz con ojos sonrientes nos gustó mucho cien puntos corazón rojo",,10.0,2024-05-13,fantástico
venecia plaza centro,argentina,habitación estándar,2,pareja,muy bien,excelente ubicación,todo perfecto,8.0,2024-05-11,fantástico
venecia plaza centro,uruguay,habitación estándar,2,grupo,"excelente lugar, en el medio de todo, super lindo y practico.","ubicación, el hotel es hermoso, el personal super amable.",,10.0,2024-05-08,fantástico
venecia plaza centro,letonia,habitación estándar,1,familia,excepcional,personal educado y amable. ubicacion conveniente. habitaciones limpias y confortables. me gusto mucho.  muchas gracias!,,10.0,2024-05-07,fantástico
venecia plaza centro,letonia,habitación estándar,2,familia, muchas gracias! ; ,personal educado y amable. ubicacion conveniente. habitaciones limpias y confortables. me gusto mucho.  muchas gracias!,,10.0,2024-05-07,fantástico
venecia plaza centro,españa,habitación cuádruple prémium,1,grupo,excepcional,"ubicación perfecta. habitaciones con camas muy confortables. amplio baño. cafetera,nevera,microondas.",,10.0,2024-05-05,fantástico
venecia plaza centro,españa,habitación cuádruple superior,2,familia,excepcional,la situación inmejorable y las habitaciones fenomenal. el personal muy atento.,,10.0,2024-05-05,fantástico
venecia plaza centro,españa,habitación doble económica con vistas al patio interior,1,familia,fantástico,"hotel renovado con habitaciones muy amplias, limpísimo y las mejores sábanas y colchón que he visto en un hotel. con tetera para café o infusión en la habitación y baño bonito y servicial. la ubicación excelente en la plaza del ayuntamiento y sin ruido. hay taquillas para maletas.",,9.0,2024-05-04,fantástico
venecia plaza centro,españa,,1,familia,excepcional,situación.. y desayuno,en general me gustó todo,10.0,2024-04-28,fantástico
venecia plaza centro,guatemala,habitación triple superior,2,familia,me encantó mucho,está muy céntrico cerca de la estación de tren y del lugares lindos para comer y caminar,nos quedamos dos noches y solo una noche dejaron café pero no afecta la experiencia,10.0,2024-04-24,fantástico
venecia plaza centro,españa,,1,familia,superó nuestras expectativas.,"ubicación perfecta en plena plaza del ayuntamiento. personal muy amable, habitación cómoda y limpia y desayuno variado. mucho mejor de lo exigible a un hotel de su categoría. no tiene parking propio pero te hacen descuento en uno que está apenas tres minutos del hotel.",,9.0,2024-04-18,fantástico
venecia plaza centro,españa,habitación cuádruple económica sin vistas,1,familia,muy bien,la ubicación,algo caro pero ya sabíamos a lo que ibamos,8.0,2024-04-17,fantástico
venecia plaza centro,argentina,habitación estándar,4,familia,excelente hotel,todo me gusto especialmente la ubicación y tiene todo lo necesario por ser 2 estrellas muy bueno,nada todo muy bueno,10.0,2024-04-14,fantástico
venecia plaza centro,españa,habitación doble económica con vistas al patio interior,1,pareja,fantástico,la ubicacion. que tenga hervidor y microondas en la habitación.,que no tenía vistas,9.0,2024-04-14,fantástico
venecia plaza centro,españa,habitación estándar,1,pareja,excepcional,ubicación perfecta!,,10.0,2024-04-11,fantástico
venecia plaza centro,españa,,1,pareja,excepcional,"era todo perfecto, el lugar super céntrico en plena plaza del ayuntamiento , la habitación super grande y con todo tipo de lujos , volvería a repetir sin dud",,10.0,2024-04-06,fantástico
venecia plaza centro,españa,habitación doble económica con vistas al patio interior,1,familia,precioso hotel,"el hotel tiene una ubicación fantástica: junto al ayuntamiento. puedes ir andando a todas partes. la habitación es preciosa, amplia, tranquila, decorada con un gusto excelente. tiene microondas, nevera, hervidor de agua... el hotel se encuentra en un edificio clásico, muy bonito. el baño tiene todo tipo de productos. el desayuno es muy bueno. el personal es atento. el hotel tiene un acuerdo con un parking cercano y así te cuesta algo más barato. nos ha encantado. nadie diría que tiene solo dos estrellas. se merece más. si volvemos a valencia nos alojaríamos en este hotel.","que tuvieras que pagar un día antes, mediante un enlace que te manda el hotel. eso nos pareció un engorro. sería mejor que pudieras pagar directamente en el hotel al llegar. nosotros sólo estuvimos una noche.",10.0,2024-04-05,fantástico
venecia plaza centro,españa,habitación estándar,3,pareja,perfecto para unos días en valencia,me gustó mucho que estuviera tan cerca de la plaza del ayuntamiento así que perfecto,la verdad que todo me gustó mucho,8.0,2024-04-02,fantástico
venecia plaza centro,españa,habitación triple superior,2,familia,centro de valencia,la ubicacion,la mesa de trabajo era muy pequela,8.0,2024-03-30,fantástico
venecia plaza centro,españa,,1,familia,genial,"la ubicación , decoración de la habitación y la cama era comodísima",a la hora de hacer el check out había una recepcionista bastante poco comunicativa .un gracias o preguntar cómo ha ido la estancia a un huésped que se va es lo minimo.,9.0,2024-03-29,fantástico
venecia plaza centro,argentina,habitación estándar,2,familia,volvería y lo recomendaría.,"absolutamente todo. atentos a detalles, la habitación es excelente, el personal, la limpieza, sobretodo con cosas para nuestro bebé de 9 meses. el desayuno un espectáculo. la ubicación no podría ser mejor.",,10.0,2024-03-29,fantástico
venecia plaza centro,españa,habitación estándar,2,pareja,muy bien,ubicación privilegiada. buen trato y servicio.,,8.0,2024-03-28,fantástico
venecia plaza centro,españa,habitación estándar,1,persona que viaja sola,excepcional,ubicacion increible precio calidad,llegemos tarde y no avia nadie pero genial,10.0,2024-03-15,fantástico
venecia plaza centro,españa,habitación doble con balcón - plaza del ayuntamiento,3,pareja,fallas 2024,"poder ver las mascletas desde la misma habitación, todo un lujo... señal de aprobación con la mano","la puerta del baño y que no haya persianas, entra luz y no descansas igual.",9.0,2024-03-15,fantástico
venecia plaza centro,españa,habitación cuádruple superior,1,familia,fantástico,"la ubicación es excelente, en pleno centro de valencia. la habitación muy cómoda y completa. el desayuno espectacular.",,9.0,2024-03-14,fantástico
venecia plaza centro,españa,habitación estándar,3,pareja,estancia ocio,"la ubicación y el personal que fue muy amable y servicial en todo momento, enhorabuena por ello!!!","la habitación pequeñísima, muy incómodo con tan poco espacio",10.0,2024-03-09,fantástico
venecia plaza centro,españa,habitación estándar,1,familia,fantástico,la ubicación es magnífica para disfrutar de la masclet6,"parking un poco lejos, pero tampoco es excesivo el trayecto",9.0,2024-03-04,fantástico
venecia plaza centro,españa,habitación doble con balcón - plaza del ayuntamiento,1,pareja,excepcional,ubicación,todo perfecto,10.0,2024-03-04,fantástico
venecia plaza centro,españa,,1,grupo,buena elección,"la atención y gestiones telefónicas han sido inmejorables. situación espectacular, habitación de lujo.",guardar las maletas es de pago.,10.0,2024-03-03,fantástico
venecia plaza centro,españa,habitación estándar,1,familia,estancia perfecta,"nuestra estancia fue de solo una noche pero suficiente para ver que la limpieza fue de 10 y el trato excelente asi como el desayuno, ubicación etc. la habitación super grande. nos encantó!",,10.0,2024-03-03,fantástico
venecia plaza centro,españa,habitación cuádruple económica sin vistas,1,familia,fantástico,"muy bien ambiente, ubicación excelente","íbamos los 4, dos niños y dos adultos,hubiera sido bueno una propuesta de desayuno asequible",9.0,2024-02-29,fantástico
venecia plaza centro,españa,habitación doble económica con vistas al patio interior,1,pareja,corto y razonablemente bien,su ubicacion,las vistas eran a patio interior con mucho ruifo,8.0,2024-02-29,fantástico
venecia plaza centro,españa,habitación doble con balcón - plaza del ayuntamiento,1,pareja,excepcional,"la habitación preciosa, buenas vistas, buen trato y muy buena ubicación. sin duda repetiremos!",,10.0,2024-02-28,fantástico
venecia plaza centro,españa,habitación estándar,1,familia,muy bien,la habitación y las vistas,el aire acondicionado en el baño hubiese sido un fran punto,9.0,2024-02-28,fantástico
venecia plaza centro,españa,habitación cuádruple prémium,1,grupo,recomendable al 100 ,amplitud y vistas habitación . el emplazamiento en muy bueno.,la tele debería no estar justo al salir del baño,10.0,2024-02-26,fantástico
venecia plaza centro,españa,habitación cuádruple económica sin vistas,1,familia,excepcional,la limpieza y la ubicación,,10.0,2024-02-25,fantástico
venecia plaza centro,españa,habitación estándar,1,familia,fantástico,"nos gustó mucho la ubicación, y no sexescuchaba nada en la habitación, pese a ser exterior",,9.0,2024-02-24,fantástico
venecia plaza centro,españa,habitación estándar,1,pareja,excepcional,la situación y el desayuno aparte del personal,,10.0,2024-02-22,fantástico
venecia plaza centro,argentina,habitación doble económica con vistas al patio interior,3,familia,ideal para estar en el centro de valencia,"la ubicación es fabulosa para recorrer el casco histórico. el cuarto tenía calentador de agua eléctrico, heladera y microondas, también tazas y cucharitas. no era gigante pero tenía espacio suficiente para ser confortable. en la planta baja del hotel hay lockers y una máquina dispensadora de agua, gaseosas y golosinas.","el cuarto era interno, si bien tenía dos ventanas no tenía vistas al exterior. la ventaja es que era muy silencioso, considerando que el frente del hotel da a una zona muy concurrida incluso de noche.",9.0,2024-02-19,fantástico
venecia plaza centro,españa,habitación cuádruple superior,1,grupo,super confortable,"la habitación de 4 con 4 camas individuales, cafetera, nevera, microondas, tele enorme. super confortable. el baño enorme, ducha cómoda, los geles con olor a naranja, toallas estupendas, no le falta un detalle",no encuentro nada,10.0,2024-02-11,fantástico
venecia plaza centro,ecuador,habitación doble con balcón - plaza del ayuntamiento,1,pareja,grata experiencia,ubicación en pleno centro tiene servicio de looker para equipaje,,9.0,2024-02-09,fantástico
venecia plaza centro,españa,habitación estándar,1,familia,excepcional,"la ubicación, en plena plaza del ayuntamiento. habitaciones muy bien insonorizadas de la calle, pese a estar en el centro no se escuchaba nada de ruido externo. todo muy limpio",,10.0,2024-02-08,fantástico
venecia plaza centro,españa,,1,familia,fantástico,la ubicación,,9.0,2024-02-08,fantástico
venecia plaza centro,alemania,,2,persona que viaja sola,elección acertada para quedarse en el centro de valencia,"primero de todo es una ubicación privilegiada. mi habitación me encantó, fue una habitación en el 8  que daba a un lateral. tenía una terraza grande con 4 sillas y con vistas a la plaza del ayuntamiento. la cama muy cómoda, el baño amplio y limpio y el precio insuperable. mi recomendación si te quieres quedar en el centro de valencia!",todo fue perfecto,10.0,2024-02-05,fantástico
venecia plaza centro,argentina,habitación cuádruple económica sin vistas,1,familia,valencia hermosa,muy linda recepción y cuarto muy limpio y todo blanco impecable. tiene todos los detalles de accesorios de baño y cafetera. muy bien ubicado para salir caminando a todos los lugares turísticos. le faltaría el desayuno en el hotel. la atención de la recepción súper cordial.,,10.0,2024-02-03,fantástico
venecia plaza centro,españa,habitación estándar,1,pareja,volvería a repetir.,"todo genial. ubicación excelente, en pleno centro. cerca de todo. un lujo.",,10.0,2024-01-29,fantástico
venecia plaza centro,argentina,habitación doble económica con vistas al patio interior,1,pareja,fantástico,la ubicación y el hotel.,,9.0,2024-01-28,fantástico
venecia plaza centro,españa,habitación cuádruple superior,1,familia,maravilloso!,la ubicación excelente. la habitación super completa con unas vistas increíbles.,es que me gustó todo.,10.0,2024-01-28,fantástico
venecia plaza centro,españa,habitación estándar,3,pareja,excepcional,todo perfecto.ubicacion inmejorable.,,10.0,2024-01-28,fantástico
venecia plaza centro,españa,habitación doble con balcón - plaza del ayuntamiento,1,persona que viaja sola,estupenda,ubicacion,,8.0,2024-01-24,fantástico
venecia plaza centro,españa,habitación triple superior,2,grupo,agradable y relajante,"muy limpio, completa la habitación y ubicación excelente",me gustó todo,10.0,2024-01-24,fantástico
venecia plaza centro,españa,habitación estándar,1,persona que viaja sola,genial,muy comoda la ubicacion,todo. perfecto,10.0,2024-01-21,fantástico
venecia plaza centro,puerto rico,habitación cuádruple económica sin vistas,2,familia,excelente,las instalaciones y su personal son excelentes,todo es muy bueno,10.0,2024-01-21,fantástico
venecia plaza centro,uruguay,habitación estándar,2,familia,fantástico,muy buena ubicación y upgrade de habitación,no estaba habilitado el desayuno,9.0,2024-01-19,fantástico
venecia plaza centro,españa,habitación estándar,1,pareja,muy recomendable,"la ubicación es inmejorable, las instalaciones muy completas y recién reformadas y con todo lo que puedas necesitar en plena plaza del ayuntamiento.","que no tienen garaje, por poner alguna pega.",9.0,2024-01-15,fantástico
venecia plaza centro,perú,habitación cuádruple superior,2,familia,excepcional,"muy bien ubicado y todos muy amables, excelente ...gracias",,10.0,2024-01-12,fantástico
venecia plaza centro,españa,habitación estándar,1,familia,muy bien,la limpieza y la ubicación,"las almohadas, muy duras y altas",8.0,2024-01-10,fantástico
venecia plaza centro,españa,habitación estándar,1,pareja,excelente,la ubicacion y la habitacion.,"nada, estaba todo perfecto.",10.0,2024-01-08,fantástico
venecia plaza centro,españa,habitación estándar,2,persona que viaja sola,excelente hotel en pleno centro de valencia.,"es la tercera vez que me quedo en ese hotel. la situación es excelente, plaza del ayuntamiento. y la relación calidad precio también buena.",,9.0,2024-01-07,fantástico
venecia plaza centro,españa,habitación estándar,4,pareja,fantástico,la ubicación el trato del personal del hotel,,9.0,2024-01-06,fantástico
venecia plaza centro,españa,habitación doble económica con vistas al patio interior,3,pareja,muy bien,la ubicación,,8.0,2024-01-05,fantástico
venecia plaza centro,españa,,1,pareja,excepcional,la ubicación y limpieza,,10.0,2024-01-01,fantástico
venecia plaza centro,españa,habitación cuádruple prémium,1,familia,hotel estupendo,"hotel céntrico, por lo que es ideal para visitar valencia. habitación muy amplia y camas muy cómodas. lo recomendaría sin dudarlo",,8.0,2024-01-01,fantástico
venecia plaza centro,bahréin,,2,familia,un hotel perfecto,muy limpio,todo muy correcto,10.0,2023-12-30,fantástico
venecia plaza centro,españa,habitación estándar,2,familia,fantástico,"excelente ubicación, con una vista hermosa de la plaza. la habitación tenía balcón con sillas ideales para disfrutar del aire de valencia. super recomendable y volvería siempre.",,9.0,2023-12-28,fantástico
venecia plaza centro,españa,habitación cuádruple económica sin vistas,1,familia,excepcional,la.ubicacion inmejorable y es precioso.,,10.0,2023-12-27,fantástico
venecia plaza centro,chile,habitación estándar,3,familia,excelente,"muy buena ubicación, cerca de todo. muy limpio y agradable",el aire acondicionado era un poco complejo de manejar,9.0,2023-12-27,fantástico
venecia plaza centro,españa,habitación doble con balcón - plaza del ayuntamiento,4,familia,repetiremos,"la ubicación es perfecta, en pleno centro. todo el personal en general fue muy profesional y amable, en recepción mireia y carlos nos atendieron muy bien. el personal de la limpieza del 2 piso también fue muy amable. la habitación era amplia y bien equipada",,10.0,2023-12-26,fantástico
venecia plaza centro,españa,habitación cuádruple económica sin vistas,2,familia,relación calidad precio ubicación excelente,"lo mejor la ubicación, la limpieza y la comodidad. habitación amplia y con todo lo necesario. en plena plaza del ayuntamiento y personal muy amable. muy útil las taquillas y el desayuno buffet sorprendentemente bueno con salmón, guacamole y variado.","lo peor es que el desayuno es en un comedor muy pequeño, estaba lleno de gente y algo ruidoso. pero el personal muy atento, reponiendo rápidamente todo.",9.0,2023-12-25,fantástico
venecia plaza centro,españa,habitación estándar,2,pareja,excelente para el centro .,"me encantó ya que según teníamos una habitación con balcón pero sin vistas y resultó todo lo contrario. nos cambiaron de habitación con balcón y vistas a la ciudad y sinceramente se agradece y más siendo en ese momento mi cumpleaños por que ha sido un buen regalo, a parte de darnos un gran detalle dentro de la habitación. de verdad se han portado de 10.",no me gustó el tema de los ruidos ya que se escuchan habitaciones . pero por algo pone habitaciones silenciosas en la que obviamente tienes que pagar . pero no me quejo. los demás huéspedes se portaron bastante bien con el tema de los ruidos . se escuchan las cañerías y en algún momento algún olor a ello . pero no a sido continuo . y temas de ruidos de la calle es 0 algo que es un punto a favor por ser el centro y bastante ambiente. de verdad de 10,9.0,2023-12-24,fantástico
venecia plaza centro,españa,habitación doble económica con vistas al patio interior,1,pareja,bien en general,limpieza ubicación,habitación poco cómoda para acceder a la cama por el lado de la ventana,8.0,2023-12-24,fantástico
venecia plaza centro,españa,habitación doble económica con vistas al patio interior,1,grupo,perfecto,"me he alojado en varias ocasiones y como siempre, todo perfecto. hacía tiempo que no podía alojarme ya que su precio se había incrementado mucho. encontré una muy buena oferta , pagué por una habitación económica con vistas a patio interior, y al hacer el check in nos habían cambiado a una habitación mejor ya que ,imagino,tenían disponibilidad. muy de agradecer el detalle. el tamaño d la habitación,aseo,ducha,la comodidad d las camas, el café de cortesía...todo genial.","me gustó todo. me gustaría poder encontrar el precio que pagué en más ocasiones ,para poder volver a alojarme aquí.",10.0,2023-12-23,fantástico
venecia plaza centro,españa,,1,familia,excepcional,"fantástica ubicación. moderno y cómodo, muy buena relación calidad-precio. personal muy amable. opción de dejar las maletas en consigna con muchas flexibilidad. altamente recomendable!",todo bien,10.0,2023-12-23,fantástico
venecia plaza centro,españa,habitación doble económica con vistas al patio interior,1,familia,muy bien,la ubicación es excelente...la cama muy buena ...la habitación no es muy grande pero vale la pena para ir caminando a todos lados .,quizás no es económico .,8.0,2023-12-21,fantástico
venecia plaza centro,españa,habitación triple superior,1,familia,agradable,la ubicación. es uno de los mejores hoteles en el centro,,10.0,2023-12-16,fantástico
venecia plaza centro,austria,habitación doble económica con vistas al patio interior,1,persona que viaja sola,genial!,"todo. estuvo muy limpio, está localizado en un lugar súper céntrico y tiene todas las comodidades necesarias para un viaje tranquilo.",,10.0,2023-12-16,fantástico
venecia plaza centro,españa,habitación triple económica con vistas al patio interior,1,familia,fantástico,la ubicación,tamaño de la habitación,9.0,2023-12-16,fantástico
venecia plaza centro,españa,,2,familia,excepcional,"la ubicación,,, la amplitud de las habitaciones,, la amabilidad del personal,, muy buen desayuno,,",nada que resaltar,10.0,2023-12-15,fantástico
venecia plaza centro,españa,habitación doble deluxe - 1 o 2 camas,1,pareja,comodidad,"si ubicación , la cama super grande y su consigna de equipaje.",,9.0,2023-12-15,fantástico
venecia plaza centro,españa,habitación estándar,2,familia,fantástico,la ubicación. la limpieza. desayuno muy variado y muy bueno. el personal de recepción muy amable. y el silencio.,,9.0,2023-12-14,fantástico
venecia plaza centro,españa,,1,pareja,fantástico,"la ubicación perfecta, cerca de comercios y restaurantes. la habitación muy espaciosa y con todos los detalles. el desayuno bastante aceptable.. sin duda repetiría.",,9.0,2023-12-14,fantástico
venecia plaza centro,méxico,,2,familia,increíble opción para hospedarte,ubicación,todo bien,9.0,2023-12-13,fantástico
venecia plaza centro,españa,habitación cuádruple superior,2,familia,excelente estancia,"habitación muy limpia, espaciosa y cómoda. con nevera y microondas que nos vino muy bien porque íbamos con un bebé. el bufet todo muy bueno. la ubicación excelente nos asomábamos por el balcón y veíamos la plaza del ayuntamiento preciosa de luces de navidad. todo cerca, tiendas, bares, restaurantes  genial. la próxima vez que vuelva a valencia volveré al mismo alojamiento.",,10.0,2023-12-11,fantástico
venecia plaza centro,españa,habitación estándar,2,grupo,"ubicación excelente, limpio",ubicación y limpieza,habitación pequeña.,8.0,2023-12-11,fantástico
venecia plaza centro,chile,habitación doble económica con vistas al patio interior,1,pareja,"buena ubicacio, precio y calidad",excelente ubicacion,todo bien,10.0,2023-12-10,fantástico
venecia plaza centro,españa,habitación estándar,2,pareja,excepcional,la ubicación en plena plaza del ayuntamiento. la habitación cómoda y limpia. había lockers para guardar el equipaje.,el baño era un poco pequeño.,10.0,2023-12-10,fantástico
venecia plaza centro,españa,habitación estándar,2,familia,hotel recomendable,"ubicación excelente, desayuno muy variado y rico",,8.0,2023-12-10,fantástico
venecia plaza centro,españa,habitación cuádruple superior,2,familia,excepcional,la ubicación en pleno centro de la ciudad. muy práctico para ir con niños. las camas muy cómodas.,que salia bastante agua del plato de ducha.,10.0,2023-12-09,fantástico
venecia plaza centro,españa,habitación estándar,1,pareja,fantástico .si volvemos nos alojaremos de nuevo en este hotel.,"la categoría del hotel de 2 estrellas no se corresponde con la realidad ,es superior,la habitación amplia,muy limpia,con vistas ,la cama muy grande buen colchón y buenas almohadas,silenciosa ,muy buena ubicación .el bufet desayuno muy completo.",nos gustó todo,9.0,2023-12-07,fantástico
venecia plaza centro,españa,habitación doble deluxe - 1 o 2 camas,4,pareja,de ensueño,todo fue espectacular,,10.0,2023-12-07,fantástico
venecia plaza centro,puerto rico,habitación estándar,2,pareja,fantástica.,excelente ubicación. en el corazón de valencia. se puede visitar todo el casco histórico a pie.,"la máquina de café expreso, muy moderna y bonitas pero no era la usual, no tenía instrucciones, simplemente no funcionó.",10.0,2023-12-03,fantástico
venecia plaza centro,españa,habitación estándar,1,persona que viaja sola,genial,"la ubicación, espectacular.","las bebidas vegetales en el desayuno están limitadas. tienen e una neverita, pero no hay microondas para calentar y poder hacer un café con leche. el resto todo genial.",9.0,2023-12-03,fantástico
venecia plaza centro,españa,habitación cuádruple prémium,1,familia,maravillosa,todo en general. excepcional. sin duda repetiremos,nada. encantada con todo,10.0,2023-11-30,fantástico
venecia plaza centro,países bajos,habitación estándar,3,grupo,excepcional,excelente ubicación y atención del personal. un bello y cómodo espacio para descansar después de un día de mucho andar.,,10.0,2023-11-30,fantástico
venecia plaza centro,españa,habitación estándar,3,pareja,fantástico,la ubicación era perfecta . esta renovado y la decoracion muy acertada,la habitación y el cuarto de baño eran pequeños,9.0,2023-11-27,fantástico
venecia plaza centro,españa,,1,pareja,fantástico,la ubicación es inmejorable.,,9.0,2023-11-23,fantástico
venecia plaza centro,argentina,habitación estándar,3,pareja,muy agradable.,ubicación.,,8.0,2023-11-22,fantástico
venecia plaza centro,españa,habitación doble económica con vistas al patio interior,1,familia,fantástico,son estupendos. llevo alojandome hace más de tres años de forma periódica. estoy encantada!!,,9.0,2023-11-21,fantástico
venecia plaza centro,españa,habitación individual económica sin ventana,2,persona que viaja sola,muy bien,ubicación inmejorable. relación precio calidad muy bien ajustada. mis habitaciones  usé dos  aparecen como recientemente renovadas,breakfast... pero eso sólo por mis preferencias de desayunos calientes  english breakfast ,8.0,2023-11-21,fantástico
venecia plaza centro,españa,habitación cuádruple económica sin vistas,1,grupo,hotel para estar en el centro de valencia con muy buena calidad precio,el emplazamiento y la habitación,hacía mucho calor.,8.0,2023-11-19,fantástico
venecia plaza centro,españa,habitación estándar,3,pareja,muy bien,la ubicación del hotel,,8.0,2023-11-19,fantástico
venecia plaza centro,españa,habitación estándar,1,pareja,fantástico,todo estuvo perfecto.,,9.0,2023-11-18,fantástico
venecia plaza centro,méxico,habitación estándar,2,familia,excepcional,"la ubicación es excelente, las instalaciones muy cómodas y bonitas.",en realidad todo me gustó.,10.0,2023-11-16,fantástico
venecia plaza centro,españa,habitación estándar,1,pareja,excepcional,estupenda ubicación en el centro de la ciudad. muy buen desayuno. la habitación estaba muy bien insonorizada con buenas ventanas.,,10.0,2023-11-13,fantástico
venecia plaza centro,argentina,,1,familia,excepcional,"muy lindo, lindas instalaciones, todo muy limpio y prolijo.",,10.0,2023-11-12,fantástico
venecia plaza centro,españa,habitación estándar,2,pareja,excepcional,"la ubicación, limpieza y amabilidad del personal",la amplitud de la habitación un poco escasa,10.0,2023-11-11,fantástico
venecia plaza centro,españa,habitación estándar,2,familia,fantástico,"la ubicación perfecta, el desayuno ok,, la habitación muy cómoda",,9.0,2023-11-10,fantástico
venecia plaza centro,españa,,1,pareja,excepcional,"la habitación una pasada, súper amplia, espaciosa y limpia. ubicación excelente. y el personal muy amable.",,10.0,2023-11-06,fantástico
venecia plaza centro,argentina,habitación estándar,3,pareja,volvería!,"lo mejor la ubicación, frente a la plaza principal, muy cerca de todo. buena cama, buenas sábanas y toallas y buen gusto la decoración","el baño privado, pero con puerta corrediza",10.0,2023-10-31,fantástico
venecia plaza centro,españa,habitación estándar,1,persona que viaja sola,excepcional,instalaciones modernas y cafetera en la habitación,,10.0,2023-10-28,fantástico
venecia plaza centro,españa,habitación estándar,1,persona que viaja sola,"céntrico, funcional, cómodo.","localización, enfoque funcional de la habitación. personalmente agradable.",,9.0,2023-10-26,fantástico
venecia plaza centro,españa,habitación doble con balcón - plaza del ayuntamiento,1,persona que viaja sola,muy contenta,habitación con balcón al ayuntamiento. la habitación es pequeña pero está muy bien. el cuarto de baño también. todo muy limpio.,todo fue bueno,9.0,2023-10-20,fantástico
venecia plaza centro,españa,habitación doble económica con vistas al patio interior,1,pareja,estancia excelente,la ubicacion es ideal,,10.0,2023-10-20,fantástico
venecia plaza centro,españa,habitación doble económica con vistas al patio interior,7,familia,buena elección,"la ubicación, muy limpio, bien tamaño de habitación, las instalaciones, las facilidades, el personal.",,10.0,2023-10-19,fantástico
venecia plaza centro,españa,,1,familia,fantástico,"el hotel está situado en el centro, lo cual es una gran ventaja, puedes llegar a todos los lugares de interés a pie, genial.",no había mantas. pero lo logramtos.,9.0,2023-10-18,fantástico
venecia plaza centro,españa,habitación estándar,1,familia,fantástico,la habitación muy cómoda muy limpia y bonita. la cama estupenda. teníamos balcón y todo. a sido corto pero una maravilla.,lo que no me gustó fue que la tele estaba programada baja. yo entiendo que es para no molestar a los demás clientes. pero claro una persona que tiene problema de audición pues no escucha la televisión. entonces quizá la próxima vez tengamos que elegir otro hotel.,9.0,2023-10-17,fantástico
venecia plaza centro,argentina,habitación estándar,2,familia,buenísimo,la ubicación excelente y muy buena relación precio prestación,,9.0,2023-10-16,fantástico
venecia plaza centro,españa,habitación triple superior,2,familia,excepcional,habitación - ubicación,la almohada no me gustó demasiado  x decir algo ,10.0,2023-10-15,fantástico
venecia plaza centro,españa,habitación doble deluxe - 1 o 2 camas,1,pareja,todo a mano en una valencia explendida,"su situación, el silencio a la hora de dormir, el trato del personal","los ascensores, pocos para tantas habitaciones",9.0,2023-10-08,fantástico
venecia plaza centro,españa,habitación cuádruple superior,1,grupo,una noche en valencia,"en pleno centro de valencia, el apartamento estaba impecable, llegamos a primera hora, pero puedes dejar las maletas en las consignas, así aprovechamos la visita al mercado  recomendado , y unas visitas a los negocios de su alrededor   hay de todo , tienes desde un restaurante, hasta para un picoteo, hay mucho ambiente en la plaza y cercanías, pero en la habitación no se escucha nada, descanso total, nos tocó un sexto piso, y hay unas vistas preciosas a la plaza. la estación de tren está a 5 minutos andando en línea recta, y es fácil ir caminando con las maletas. no me olvido de mencionar, la perfecta atención , de las personas encargadas en la recepción , una mujer rubia y unos hombres, así como las que se dedican a la limpieza, para tod s ellos, un 10. gracias por hacer la estancia tan agradable.",,10.0,2023-10-08,fantástico
venecia plaza centro,españa,habitación estándar,1,grupo,excepcional,"habitacion espaciosa y muy agradable., camas cómodas. muy buena ubicación","nada en concreto, es un sitio estupendo",10.0,2023-10-08,fantástico
venecia plaza centro,españa,habitación estándar,1,pareja,perfecta ubicación para un finde en valencia,"la ubicacion es fantástica, justo en la plaza del ayuntamiento",la habitación es un poco pequeña,8.0,2023-10-05,fantástico
venecia plaza centro,españa,habitación doble deluxe - 1 o 2 camas,1,familia,ha sido excelente.,la ubicación excelente. no desayunamos en el hotel.,el suelo muy resbaladizo de la bañera.,10.0,2023-10-04,fantástico
venecia plaza centro,colombia,habitación doble con balcón - plaza del ayuntamiento,2,familia,fantástico,"el hotel es fantástico, todo espectacular!! los empleados súper amables. es un hotel fabuloso!!!!! la vista es divina, queda en frente del ayuntamiento , súper central . súper cómodo , con todas las comodidades . cerca donde comer, cómo tomar el taxi , etc .. estoy feliz, no quisiera irme de acá .",todo me encanto.,10.0,2023-10-03,fantástico
venecia plaza centro,colombia,habitación doble con balcón - plaza del ayuntamiento,3,pareja,recomendadisimo....,"todo magnífico, ubicacio, precio, personal muy amable.",,10.0,2023-10-02,fantástico
venecia plaza centro,chile,habitación doble económica con vistas al patio interior,3,pareja,muy buena por la ubicación del hotel y la belleza de la ciudad de valencia,no hicimos uso del desayuno,debió haber contado la habitación con un frigobar,9.0,2023-10-02,fantástico
venecia plaza centro,españa,,1,familia,inmejorable,"el hotel es espectacular, super moderno, con todas las comodidades y facilidades posibles. en cuanto a la habitación, una pasada, cómoda, elegante, con una tetera cafetera para poder tomarte algo en la habitación. y las vistas increíbles. en cuanto al personal, tanto los chicos que me atendieron a mi llegada como el chico que me atendió por la noche, unos encantos! majísimos y muy profesionales. cuando vuelva por valencia no dudaré en volver a alojarme allí.",,10.0,2023-10-01,fantástico
venecia plaza centro,colombia,habitación cuádruple prémium,2,grupo,fantástico,muy bueno el sitio y la ubicación,,9.0,2023-09-27,fantástico
venecia plaza centro,españa,habitación estándar,1,pareja,fantástico,la habitación cuenta con cafetera de cápsula y sus cápsulas correspondientes.,,9.0,2023-09-26,fantástico
venecia plaza centro,españa,habitación doble económica con vistas al patio interior,2,pareja,fabuloso!!!,"el hotel estaba perfecto, la ubicación céntrica inmejorable con parking público cercano, la atención del personal de 10 y muy limpio.",,10.0,2023-09-24,fantástico
venecia plaza centro,españa,habitación estándar,1,pareja,linda estadía en habitación con vistas a plaza del ayuntamiento,"la atención fue perfecta, nos adelantaron la habitación y realmente preocupados por hacernos sentir cómodos","los baños tenían puertas correderas, al menos el que nos tocó a nosotros.",9.0,2023-09-23,fantástico
venecia plaza centro,españa,habitación estándar,1,persona que viaja sola,excepcional,"la ubicación. la atención del personal. la limpieza. el colchón, la almohada y la ducha  mis tres fundamentales en un hotel .",todo fue perfecto.,10.0,2023-09-23,fantástico
venecia plaza centro,argentina,,1,grupo,todo bien,la ubicación,"la recepcionista medio poco sociable cuando ingresamos, q era aprox 18 hs la de la salida una divina",9.0,2023-09-23,fantástico
venecia plaza centro,reino unido,,3,pareja,muy bueno con algunos detalles malos.,"la localización, muy buena pero en la reserva teníamos una cama doble y nos dieron un habitación con dos camas individuales...",no me gustó que siendo un matrimonio tengamos que dormir en camas separadas. eso me chocó muchísimo,9.0,2023-09-22,fantástico
venecia plaza centro,españa,habitación triple superior,1,familia,comodidad en el mismo centro de valencia,ubicación y comodidad de la habitación.,quizás es un poco caro pero estás cerca de casi todo caminando.,9.0,2023-09-19,fantástico
venecia plaza centro,españa,habitación estándar,3,pareja,un buen hotel en pleno centro de valencia,sobre todo la limpieza,,9.0,2023-09-18,fantástico
venecia plaza centro,chile,habitación estándar,1,pareja,muy agradable,la ubicación y el personal exelente !!,todo bien,10.0,2023-09-18,fantástico
venecia plaza centro,españa,habitación triple económica con vistas al patio interior,2,grupo,"estuve con mis hijos de turismo, la ciudad nos ha gustado mucho y el hotel ha sido perfecto.","todo, desde el personal hasta la ubicación, estuvimos tres personas en la habitación tamaña correcto, buen baño, limpieza excelente y la ubicación estupenda. tienen servicio de paraguas, toallas playa,...me pareció muy cómodo; además dejamos las maletas en consigna, tanto a la entrada como a la salida. todo muy bien.",nada que reseñar,10.0,2023-09-18,fantástico
venecia plaza centro,españa,habitación cuádruple superior,2,grupo,"hotel céntrico, muy cómodo y agradable","muy bien ubicado, cómodo y limpio",,9.0,2023-09-17,fantástico
venecia plaza centro,colombia,habitación doble económica con vistas al patio interior,3,pareja,excelente,"ubicación, lugar",,10.0,2023-09-15,fantástico
venecia plaza centro,uruguay,habitación cuádruple superior,1,familia,fantástico,la unicacion,,9.0,2023-09-12,fantástico
venecia plaza centro,argentina,habitación doble económica con vistas al patio interior,2,grupo,excelente ubicación,la ubicación es excelente,que los precios varían según el día y no estaba dicho cuando contratamos el servicio,10.0,2023-09-12,fantástico
venecia plaza centro,españa,,1,pareja,fantástico,ubicacion decoracion limpieza,podian poner una botellita de agua en la habitacion el precio es un poco elevado,9.0,2023-09-12,fantástico
venecia plaza centro,costa rica,habitación estándar,2,pareja,vaciones perfectas .,todo muy bueno la localización y las instalaciones perfectas .el personal muy amable .,,10.0,2023-09-12,fantástico
venecia plaza centro,españa,,1,grupo,excepcional,la ubicacion excelente,,10.0,2023-09-12,fantástico
venecia plaza centro,colombia,habitación doble económica con vistas al patio interior,1,familia,excepcional,que esta super bien ubicado la atención amables y que es fácil trasporte,,10.0,2023-09-09,fantástico
venecia plaza centro,españa,habitación cuádruple prémium,1,familia,es una pasada,el alojamiento tiene un 10 es un hotel muy sencillo pero muy céntrico y calidad precio muy bien,las habitaciones súper amplias al menos la mía estuvo genial una vista justo al centro de la plaza bueno repetiremos fijo,10.0,2023-09-07,fantástico
venecia plaza centro,españa,habitación estándar,2,pareja,inmejorable,"la ubicación es perfecta, muy centrico y bien comunicado con medios de transporte. decoracion y limpieza muy bien. personal agradable y muy buen desayuno.",en la habitacion hacia un poco de calor y habia que tener el aire acondicionado todo el tiempo. la presion del agua de la ducha disminuia rapidamente lo que impedia una ducha mas larga de 5 minutos.,10.0,2023-09-07,fantástico
venecia plaza centro,estados unidos,habitación estándar,1,pareja,excepcional,"confortable, limpio, muy buena ubicación, personal muy amable",,10.0,2023-09-03,fantástico
venecia plaza centro,españa,habitación doble con balcón - plaza del ayuntamiento,2,pareja,excepcional,"la ubicación preciosa en el centro, es de dos estrellas el hotel pero por ningún sitio lo parece, estaba todo muy limpio y había de todo en la habitación. muy contento con la estancia.","precio alto si no se coge con tiempo al estar muy céntrico, no ha sido mi caso",10.0,2023-08-30,fantástico
venecia plaza centro,españa,habitación triple superior,5,familia,maravillosa,"nos gustó todo, la ubicación, el servicio, los detalles, como tener crema, cafetera,...nos gustó mucho, gracias, lo recomendé a toda mi familia y amigos",la verdad que todo nos gustó,10.0,2023-08-30,fantástico
venecia plaza centro,españa,habitación estándar,1,grupo,fantástico,"la decoración, la amabilidad del personal, la cama era comodísima y todo super limpio.",,9.0,2023-08-28,fantástico
venecia plaza centro,españa,habitación doble económica con vistas al patio interior,2,familia,fantástico,ubicación,,9.0,2023-08-28,fantástico
venecia plaza centro,españa,habitación cuádruple superior,1,grupo,"precioso hotel, ubicación perfecta!","nos gusto todo. superó nuestras expectativas, muy limpio, todo nuevo, los colchones cómodos.",,10.0,2023-08-26,fantástico
venecia plaza centro,españa,habitación doble con balcón - plaza del ayuntamiento,1,pareja,excepcional,la comodidad del dormitorio.,,10.0,2023-08-25,fantástico
venecia plaza centro,españa,,1,grupo,muy bien,que estaba bien hubo así en el centro,que estaba limpio y ordenado y el personal muy amable,9.0,2023-08-24,fantástico
venecia plaza centro,españa,habitación cuádruple superior,1,familia,excepcional,"excelente, todo muy limpio y la habitación muy comoda.",,10.0,2023-08-22,fantástico
venecia plaza centro,españa,habitación triple superior,1,familia,ubicacion inmejorable,ubicacion inmejorable habitacion y baño muy amplio,,9.0,2023-08-21,fantástico
venecia plaza centro,españa,,1,familia,muy satisfecha,"la ubicación, la comodidad de las camas. y aunque éramos tres en la habitación, resulta espaciosa y cómoda","por poner un pero, la altura del lavabo que era muy bajita para mi marido que mide 1,85.",9.0,2023-08-21,fantástico
venecia plaza centro,españa,habitación cuádruple prémium,1,familia,excepcional,la amplitud de la habitación y la terraza. también la limpieza,nos gustó todo,10.0,2023-08-18,fantástico
venecia plaza centro,españa,habitación cuádruple prémium,3,grupo,ubicación perfecta.,las vistas a la plaza del ayuntamiento.,no tiene aparcamiento propio pero puedes contratar un parking cerca del hotel.,9.0,2023-08-18,fantástico
venecia plaza centro,españa,habitación estándar,1,pareja,centro de valencia,la localización y decoración,habitación pequeña pero correcta,8.0,2023-08-16,fantástico
venecia plaza centro,españa,habitación estándar,1,pareja,"todo perfecto, limpio y rápido","check-in muy rápido, amables, simpáticos, la ubicación inmejorable. todo perfecto, super limpio. relación calidad-precio perfecta. la verdad es que he estado en muchos hoteles de categoría superior, que en realidad eran bastante inferiores a este hotel. 100  recomendable.",,10.0,2023-08-11,fantástico
venecia plaza centro,españa,habitación cuádruple superior,2,familia,fantástico,"limpieza, céntrico, cercano a muchas tiendas, sitios para comer y ante todo la comodidad de visitar ciertos lugares de interés a pie y aún así estar bien comunicado para ir al oceanografic o al bioparc",la nevera enfriaba poco,9.0,2023-08-10,fantástico
venecia plaza centro,españa,habitación estándar,1,familia,perfecto,"muy central, tienes restaurantes, heladerias, todo al lado precioso te dan hasta un mapa con las distancias de los puntos para visitar",,10.0,2023-08-09,fantástico
venecia plaza centro,uruguay,habitación estándar,1,pareja,fantástico,"las habitaciones muy lindas y limpias, el baño muy bien y el edifico excelente ubicado","el desayuno no estaba bueno, no valía lo que pagamos.",9.0,2023-08-08,fantástico
venecia plaza centro,españa,,1,familia,nos quedamos con ganas de más ! volveremos y nos fuimos felices de la atención y el lugar precioso,"la comodidad, limpieza, amabilidad de las recepcionistas, el mobiliario de las habitaciones con jarra eléctrica y cafés o té , aire acondicionado el baño hermoso y balcón también",,10.0,2023-08-07,fantástico
venecia plaza centro,argentina,,2,familia,"comodidad, simplicidad y la mejor ubicación",ubicación y comodidad de las habitaciones,con el precio un desayuno estaría bien,9.0,2023-08-06,fantástico
venecia plaza centro,españa,habitación doble económica con vistas al patio interior,3,pareja,buena opción en el centro de valencia.,"la ubicación, la limpieza, la habitación estaba bastante bien.","la bañera era demasiado alta para su tamaño, un plato de ducha sería mejor opción.",10.0,2023-08-05,fantástico
venecia plaza centro,españa,habitación estándar,1,pareja,hotel perfecto para tu visita en valencia,"excelente ubicación. la habitación está muy limpia y equipada. era moderna y se amoldaba a las necesidades básicas. además, el personal muy agradable.",,10.0,2023-08-04,fantástico
venecia plaza centro,españa,habitación triple superior,2,grupo,fantástico,"la comodidad de la cama, la ubicación del hotel y la amabilidad del personal.",,9.0,2023-08-04,fantástico
venecia plaza centro,españa,habitación cuádruple económica sin vistas,1,familia,"lástima que no haya aparcamiento cerca, para ir en pareja y pasear por los alrededores es ideal.",la habitación muy confortable y cómoda.,las vistas desde la habitación y tener que andar desde el parking de oeste hasta el hotel con todo. por cierto el parking un infierno de calor que hace y ridículamente pequeño para moverse,10.0,2023-08-03,fantástico
venecia plaza centro,españa,habitación doble económica con vistas al patio interior,1,persona que viaja sola,excepcional,práctico,un poco estrecha la habitación,10.0,2023-08-02,fantástico
venecia plaza centro,españa,habitación cuádruple económica sin vistas,1,familia,excepcional,la ubicación es perfecta y el trato del personal,,10.0,2023-08-02,fantástico
venecia plaza centro,españa,habitación doble económica con vistas al patio interior,2,pareja,estancia genial,"la atención ha sido inmejorable, la buenísima ubicación y las vistas cara sonriendo con ojos de corazón un 10!!",llevamos el chromecast para ver nuestras series y no se pudo conectar a la tele.,10.0,2023-08-01,fantástico
venecia plaza centro,chile,habitación doble económica con vistas al patio interior,2,familia,excepcional,"la ubicación es excelente. al lado de la estación de trenes. la atención del personal, todos muy agradables. dejan un snack de cortesía, al igual que agua embotellada y otras cositas. la habitación cuenta con hervidor café y te. las camas son bastante cómodas. a pocos minutos de muchos lugares turísticos del casco histórico. muy buen servicio de limpieza.",todo me gusta en este hotel.,10.0,2023-07-30,fantástico
venecia plaza centro,españa,habitación doble económica con vistas al patio interior,8,pareja,estancia maravillosa,"la estancia fue genial de principio a fin,desde el momento en que pisamos el hotel nos enamoramos,los empleados todos majísimos,mejor ubicación imposible ya que está en plena plaza del ayuntamiento,el desayuno buffet está genial y las trabajadoras del propio buffet de 10, las trabajadoras de la limpieza muy amables en todo momento, las habitaciones limpias todos los días un olor expectacular, sin duda fue una estancia maravillosa.",fue todo genial así que no puedo decir que no me gustase nada.,10.0,2023-07-30,fantástico
venecia plaza centro,chile,habitación doble económica con vistas al patio interior,1,pareja,muy buena ubicación,buenas camas,no tenía vista,10.0,2023-07-28,fantástico
venecia plaza centro,argentina,habitación estándar,3,pareja,buena estadía,"buena ubicación céntrico, cerca de todo, dice hotel de 2 estrellas pero es de 3. la habitación cómoda, limpieza, productos de baño. recomendable",,8.0,2023-07-27,fantástico
venecia plaza centro,españa,habitación estándar,1,familia,recomendable 100 ,"excelente ubicación, la habitación muy grande con vistas a la plaza. cama y almohadas muy cómodas. personal muy simpáticos y atentos. perfectamente podría ser un hotel de 4 estrellas.",,10.0,2023-07-26,fantástico
venecia plaza centro,españa,habitación doble económica con vistas al patio interior,1,pareja,excepcional,la posición es perfecta,,10.0,2023-07-25,fantástico
venecia plaza centro,españa,,2,familia,fantástico,"ubicación, limpieza, amabilidad del personal. nos encantó la estancia.",todo bien.,9.0,2023-07-25,fantástico
venecia plaza centro,españa,habitación estándar,1,familia,hotel ideal en el centro de valencia,"todo, muy cómodo, céntrico, limpio  baño excelente , aire acondicionado perfecto, desayuno puedes elegir lo que te apetece, en general muy bien, camas cómodas. el es bonito, el edificio es una casa clásica de principios de siglo reformada.","quizás por decir algo, el cuarto de baño es un poco pequeño, pero tiene todo lo necesario que se utiliza para sentirte bien.",9.0,2023-07-23,fantástico
venecia plaza centro,argentina,,1,grupo,excelente lugar limpieza de primera y atención un 10,el lugar,,10.0,2023-07-22,fantástico
venecia plaza centro,españa,habitación cuádruple superior,1,familia,excepcional,"tamaño de habitación, vistas, ubicación, limpieza, baño amplio y accesible, equipamiento de habitación de 10. todo. lástima el personal del check out.",el personal del último día fue un poco antipático. todo lo contrario al chico del chek in que fue muy atento y simpático.,10.0,2023-07-22,fantástico
venecia plaza centro,españa,habitación doble económica con vistas al patio interior,1,pareja,muy recomendable,"todo genial y muy amables. perfecta opción para alojarse en pleno centro. en nuestro caso, agradecimos mucho: recepción 24h, lockers, zona para teletrabajar ",lo único que podríamos decir es que la puerta del baño era de corredera y le restaba privacidad.,10.0,2023-07-22,fantástico
venecia plaza centro,españa,habitación triple superior,1,familia,buena ubicación,"muy buena ubicación, limpio, amplio , teniendo en cuenta que era una habitación triple y la acogida en recepción muy amable.",,9.0,2023-07-21,fantástico
venecia plaza centro,españa,habitación estándar,2,pareja,"centrico, limpio y cómodo","la ubicación, el gel y la crema del cuerpo. la doble ventana",podía haber cafetera en la habitación. es cierto que había un hervidor,9.0,2023-07-20,fantástico
venecia plaza centro,españa,habitación doble económica con vistas al patio interior,1,familia,la ubicación es excelente y para destacar el trato del personal es muy cálido.,la ubicación y el personal.,,10.0,2023-07-17,fantástico
venecia plaza centro,españa,habitación estándar,1,grupo,muy cómodas,"nos gustó mucho el alojamiento, solo pasamos una noche. pero a la habitación no le faltaba de nada muy completa y con unas vistas increíbles",quizás que solo había un par de toallas para dos,10.0,2023-07-17,fantástico
venecia plaza centro,españa,habitación estándar,1,pareja,"ubicación excelente. todo nuevo a estrenar. cafetera en la habitación, secador profesional.","ubicación excelente. todo nuevo a estrenar. cafetera en la habitación, secador profesional y aire acondicionado. cama comodísima y tele grande",,10.0,2023-07-14,fantástico
venecia plaza centro,españa,habitación doble económica con vistas al patio interior,1,familia,buena atención,la atención del personal.,,10.0,2023-07-13,fantástico
venecia plaza centro,españa,,1,familia,perfecto. me ha gustado mucho,"en general todo me ha gustado. ubicación, servicio, confort, decoración, desayuno.","por decir algo, la ducha, al ser plana  accesible para minusválidos  hace que el agua salga hasta medio baño. debería desaguar mejor.",9.0,2023-07-12,fantástico
venecia plaza centro,argentina,habitación cuádruple económica sin vistas,1,familia,excepcional,prolijidad y ambientes.,,10.0,2023-07-12,fantástico
venecia plaza centro,colombia,habitación triple superior,1,familia,un hotel comodo con excelente ubicacion,ubicación excelente  cuarto muy comodo,me falto cobija para dormir  solo me pusieron sabana en la cama.,9.0,2023-07-09,fantástico
venecia plaza centro,españa,habitación doble económica con vistas al patio interior,2,pareja,sobresaliente,"ya había estado en este hotel hacía unos años y me daba confianza por el recuerdo que tenía sobretodo por la limpieza, esta vez incluso se ha superado, la habitación muy limpia, cómoda, vistas inmejorables a la plaza del ayuntamiento, facilidad para dejar la maleta en consigna, buen aire acondicionado  en general un 10.","la única pega que no tuviera nevera que siempre viene bien, aunque eso ya lo sabía de antemano.",10.0,2023-07-09,fantástico
venecia plaza centro,colombia,habitación doble económica con vistas al patio interior,1,familia,excepcional,ubicación,,10.0,2023-07-07,fantástico
venecia plaza centro,uruguay,habitación triple superior,1,familia,excelente todo ! volvería sin dudarlo !,"la ubicación , el trato del personal , la limpieza .",,9.0,2023-07-06,fantástico
venecia plaza centro,españa,habitación estándar,3,familia,excepcional,"la ubicación, lo agradable, la limpieza... todo",,10.0,2023-07-02,fantástico
venecia plaza centro,méxico,,3,persona que viaja sola,lindo hotel todo confort y en centro historico,e xcelente copiioso y todo fresco,,10.0,2023-07-01,fantástico
venecia plaza centro,españa,habitación cuádruple superior,1,familia,de 10,"todo, al nivel del mejor hotel",,10.0,2023-07-01,fantástico
venecia plaza centro,españa,habitación estándar,1,familia,"bueno,bonito,barato","limpio, bien precio y bonito",,8.0,2023-06-30,fantástico
venecia plaza centro,españa,habitación doble con balcón - plaza del ayuntamiento,1,grupo,el hotel ideal en valencia,"la ubicación, las vistas, la atención de los recepcionistas",que el baño no tuviera bidet,10.0,2023-06-28,fantástico
venecia plaza centro,españa,habitación cuádruple superior,1,familia,muy bien,"moderno, limpí simo. ubicación perfecta en plaza ayuntamiento. habitaciones cómodas y frescas en verano. personal encantador",,8.0,2023-06-28,fantástico
venecia plaza centro,españa,habitación doble económica con vistas al patio interior,1,grupo,excepcional,todo muy bn echo,,10.0,2023-06-28,fantástico
venecia plaza centro,españa,,2,familia,excepcional,"la habitación, la ubicación, la limpieza",,10.0,2023-06-20,fantástico
venecia plaza centro,españa,habitación estándar,1,grupo,hotel muy bueno!,"hotel muy limpio, céntrico y el personal muy amable. desayuno buffet muy rico. la habitación es estrecha, pero lo suficiente y con todo lo necesario, además de limpia y cómodas las camas.",,10.0,2023-06-19,fantástico
venecia plaza centro,españa,habitación estándar,2,familia,muy bien,ubicación,"el ruido de los  huespedes  cuando llegaban de fiesta a altas horas, nos tocaron la puerta y hablaban muy alto escuchandose todo en la habitacion",8.0,2023-06-19,fantástico
venecia plaza centro,españa,habitación estándar,1,familia,excepcional,la ubicación limpieza y modernidad,en general me ha gustado todo,10.0,2023-06-18,fantástico
venecia plaza centro,españa,habitación doble económica con vistas al patio interior,1,familia,excepcional,"ubicación, trato personal, ...genial todo",,10.0,2023-06-18,fantástico
venecia plaza centro,españa,habitación doble económica con vistas al patio interior,1,pareja,fantástico,muy buena ubicación.,hacen falta más almohadas.,9.0,2023-06-18,fantástico
venecia plaza centro,españa,habitación doble con balcón - plaza del ayuntamiento,1,grupo,fantástico,"buena ubicación, limpio, cerca de todo",,9.0,2023-06-17,fantástico
venecia plaza centro,españa,habitación doble con balcón - plaza del ayuntamiento,1,familia,excepcional,me gustó todo por igual,me gustó todo,10.0,2023-06-16,fantástico
venecia plaza centro,chile,,3,grupo,excelente,"muy atentos, bien limpio, me gusto, sin dudas volvería",,9.0,2023-06-16,fantástico
venecia plaza centro,uruguay,habitación doble con balcón - plaza del ayuntamiento,3,grupo,muy buena,"la limpieza , la ubicación el desayuno excelente . el personal sobre todo de la noche excelente , las dra de limpieza espectaculares .","algunas personas de recepción de la mañana podrían ser más amables , cuando uno necesita respuestas simples al no conocer la ciudad",10.0,2023-06-15,fantástico
venecia plaza centro,estados unidos,,2,familia,"céntrico, comodo y el personal muy amable",su ubicación y las instalaciones,creo que todo estuvo excelente,10.0,2023-06-14,fantástico
venecia plaza centro,argentina,habitación doble con balcón - plaza del ayuntamiento,1,pareja,excepcional,ubicacion. atencion y vistastodo perfecto,,10.0,2023-06-14,fantástico
venecia plaza centro,argentina,habitación doble económica con vistas al patio interior,2,familia,hotel muy bien ubicado,el hotel tiene una ubicación maravillosa en pleno centro histórico y está muy bien remodelado...el desayuno muy bueno y completo...todo muy bien pero....nunca reserven habitacion al patio interno porque no existe partio...es una ventanucha que da a un agujero lleno de tuberias donde no entra aire ni luz.,"mi habitacion daba a    patio interno    que no existía. no se sabía si era de noche o de día, simplemente era un agujero lleno de cañería...proteste al personal y me contesto que eso no lo podían mejorar y de muy mala manera",10.0,2023-06-14,fantástico
venecia plaza centro,argentina,habitación estándar,2,persona que viaja sola,excepcional,ubicación ideal en el centro de valencia y las instalaciones excelentes.,,10.0,2023-06-09,fantástico
venecia plaza centro,argentina,habitación triple económica con vistas al patio interior,1,familia,excepcional,"la buena atención por parte del personal, las instalaciones, la amplitud de la habitación, del baño y la ubicación del hotel.",todo perfecto!!!,10.0,2023-06-08,fantástico
venecia plaza centro,méxico,habitación estándar,2,pareja,excelente opción de hospedaje,ls ubicación y desayuno,todo bien,10.0,2023-06-07,fantástico
venecia plaza centro,chile,,2,pareja,"comodidad, tranquilidad y buen servicio","excelente ubicación, pieza con todas las comodidades necesarias. muy buen desayuno",la habitación un poco justa en el tamaño,9.0,2023-06-05,fantástico
venecia plaza centro,españa,habitación triple superior,1,grupo,para repetir en más ocasiones,"la ubicación, la comodidad de la habitación, las camas y almohadas. el personal súper atentos, amables y afables.",,8.0,2023-06-05,fantástico
venecia plaza centro,españa,habitación triple superior,1,familia,fantástico,"ubicación, wifi y limpieza","por poner un pero, el mobiliario excesivamente sencillo, la nevera vacía y con una temperatura muy baja.",9.0,2023-06-03,fantástico
venecia plaza centro,españa,habitación estándar,3,pareja,excepcional,"está situado en pleno centro y ofrecen una tarifa reducida en un parking cercano si llevas coche. la cama era super cómoda, y está decorado muy bonito y super nuevo todo. había una mini nevera en la habitación incluso.","no hay nada que no nos gustara, repetiríamos sin duda",10.0,2023-06-02,fantástico
venecia plaza centro,españa,habitación estándar,3,pareja,excelente ubicación y limpieza,la ubicación y la habitación,"quizá se puede mejorar el tema de los ascensores, pero entiendo que estén ocupados a horas punta.",10.0,2023-06-01,fantástico
venecia plaza centro,colombia,habitación estándar,1,familia,excepcional,"excelente ubicación, cerca de todos los lugares turísticos, muy limpio, personal muy amable, habitación cómoda.",-,10.0,2023-05-31,fantástico
venecia plaza centro,argentina,habitación estándar,3,pareja,muy bien,"lo mejor fue la ubicación para una estadía corta. nos dieron un cuarto con cocina, que estuvo muy bien","el personal de recepción, es un poco distante y siempre parecen que uno los está interrumpiendo.",8.0,2023-05-28,fantástico
venecia plaza centro,españa,habitación estándar,1,pareja,muy bien,"la ubicación es perfecta, el desayuno está muy bien y las habitaciones no son ruidosas. mucho mejor de lo esperado para ser un 2 estrellas. mejor que algunos de 4.","las camas, al ser individuales, se movían fácilmente sobre el suelo. se desplazaban.",9.0,2023-05-18,fantástico
venecia plaza centro,uruguay,habitación doble con balcón - plaza del ayuntamiento,3,pareja,excepcional,la vista y claridad del balcón la ubicación cercana a todo,la falta de desayuno incluido,10.0,2023-05-18,fantástico
venecia plaza centro,españa,habitación estándar,1,familia,excepcional,ubicación e instalaciones,,10.0,2023-05-16,fantástico
venecia plaza centro,españa,habitación cuádruple superior,2,familia,fin de semana maravilloso en familia,"todo, sobretodo el trato del personal, la ubicación y la limpieza",,10.0,2023-05-15,fantástico
venecia plaza centro,españa,habitación estándar,1,pareja,comodidad en pleno centro valenciano,lo mejor sin duda del alojamiento es la ubicación. también cabe destacar la limpieza de las habitaciones y los espacios. es un lugar renovado y cuenta con taquillas de consignas.,lo que menos me gustó pero tampoco le di mucha importancia era al espacio de la habitación y el baño que suelen ser reducidos. pero ya quisieran muchos alojamientos de 3 o 4 estrellas tener las instalaciones de este lugar.,9.0,2023-05-13,fantástico
venecia plaza centro,colombia,habitación cuádruple económica sin vistas,1,grupo,un descanso fantástico!,la ubicación y el personal fantástico,,10.0,2023-05-11,fantástico
venecia plaza centro,argentina,habitación estándar,1,familia,super recomendable,la carta de bienvenida con los chocolates que dejaron!,,10.0,2023-05-10,fantástico
venecia plaza centro,españa,habitación doble económica con vistas al patio interior,2,pareja,excepcional,"la ubicación, las instalaciones del hotel y el personal atento.",,10.0,2023-05-10,fantástico
venecia plaza centro,españa,habitación estándar,1,pareja,muy recomendable,"excelente hotel muy superior a su categoría. ubicación inmejorable, limpio, bien decorado y trato amable del personal del hotel. si viajas a valencia, lugar perfecto para alojarse. muy bien en relación calidad-precio.",,9.0,2023-05-02,fantástico
venecia plaza centro,españa,habitación estándar,1,pareja,fantástico,"ubicación, limpieza, atención del personal para dejar el equipaje.",,9.0,2023-04-26,fantástico
venecia plaza centro,españa,habitación doble con balcón - plaza del ayuntamiento,2,pareja,un lugar para repetir en pleno centro de valencia.,"un hotel con todo lo básico más que cubierto, con un diseño y decoración moderno y acogedor. lo que más destacaría es la limpieza, el desayuno muy completo, la consigna con máquinas expendedoras, lo cómoda y bien decorada que estaba la habitación, y el detalle de la naranja en los productos de baño. volvería sin dudarlo.",,10.0,2023-04-23,fantástico
venecia plaza centro,españa,habitación estándar,1,pareja,hotel para disfrutar de tu estancia en valencia,muy buena situación para conocer la ciudad,estuvo en general todo bien. quizás el ver a la gente esperando a desayunar en la escalera hace necesario programar los desayunos con las personas hospedadas. tendría que darse otra imagen.,10.0,2023-04-22,fantástico
venecia plaza centro,puerto rico,habitación doble con balcón - plaza del ayuntamiento,2,pareja,excepcional,"la ubicación del hotel nos encantó fue perfecta para pasear por el centro. nos disfrutamos estar en el balcón de la habitación la vista era hermosa. los empleados del hotel muy amables. las facilidades, limpieza y comodidad de la habitación y el hotel en general excelentes.",,10.0,2023-04-21,fantástico
venecia plaza centro,españa,habitación doble económica con vistas al patio interior,2,familia,"buena, agradabker",ubicación excelente,la ubicacion de la habitacon,8.0,2023-04-18,fantástico
venecia plaza centro,españa,habitación cuádruple económica sin vistas,2,familia,habitación muy cómoda para una familia de 4.,"me gustó la habitación, amplia y con una distribución muy buena.",las vistas. la vista era a un patio interior.,10.0,2023-04-18,fantástico
venecia plaza centro,españa,habitación triple superior,1,familia,excepcional,"la habitación estaba muy limpia, creo que es la primera vez que encuentro un hotel tan limpio. las camas fueron muy cómodas. la ubicación inmejorable, estas en pleno centro de valencia, justo al lado del ayuntamiento. desde allí puedes descubrir todo el casco histórico sin alejarte demasiado del hotel. 100  recomendable.",,10.0,2023-04-17,fantástico
venecia plaza centro,suiza,habitación cuádruple económica sin vistas,4,familia,acogedor y agradable.,"las instalaciones del hotel son cómodas, acogedoras y limpias. la ubicación del hotel es perfecta. el personal es muy amable y siempre dispuesto a ayudar al huésped.",,10.0,2023-04-15,fantástico
venecia plaza centro,españa,,2,persona que viaja sola,fantástico,hotel inmejorablemente situado en valencia.,"el hotel no tiene parking, pero es posible reservar parking público cubierto en las inmediaciones.",9.0,2026-04-14,fantástico
venecia plaza centro,españa,,1,persona que viaja sola,hotel en valencia,la ubicación,los espacios comunes,8.0,2026-03-22,fantástico
venecia plaza centro,españa,habitación cuádruple superior,1,familia,ubicación inmejorable,la ubicación es fabulosa y en fallas excepcional,las ventanas no cierran bien ninguna y en fallas es todavía peor porque entra todo el ruido. imprescindible que reparen o cambien los cierres de las ventanas para su uso correcto. y si pusieran doble cristal para insonorizar mejor pero al menos que cierren ,8.0,2026-03-17,fantástico
venecia plaza centro,españa,habitación doble estándar con vistas a la plaza del ayuntamiento,3,pareja,muy bien,ubicación excelente.,,8.0,2026-02-23,fantástico
venecia plaza centro,argentina,habitación estándar,5,familia,muy bien,"el hotel está muy bien, excelente ubicación y desayuno",entregue ropa para lavar y me cobraron otro precio que el que figuraba en la habitación,8.0,2026-02-12,fantástico
venecia plaza centro,españa,,1,persona que viaja sola,excepcional,olvide un objeto y me avisaron por correo y me lo guardaron con mucha amabilidad,,10.0,2026-01-21,fantástico
venecia plaza centro,españa,habitación doble estándar con vistas a la plaza del ayuntamiento,1,pareja,estancia maravillosa,la ubicación fué lo mejor. el desayuno nos gustó bastante.,tv configurada de tal forma que algunos canales que estaban en español los programas estaban en ingles.,9.0,2026-01-19,fantástico
venecia plaza centro,españa,,2,familia,muy centrico,"excelente ubicación en el casco antiguo, justo en la plaza del ayuntamiento. el baño y la habitación son grandes y limpios. tiene perfectas conexiones para visitar la ciudad con paradas de bus y de taxi a tan solo un minuto.",,8.0,2026-01-07,fantástico
venecia plaza centro,uruguay,habitación doble estándar con vistas a la plaza del ayuntamiento,2,familia,excepcional,la ubicacion.,la habitacion esta bien pero es un poco chica,10.0,2026-01-06,fantástico
venecia plaza centro,españa,habitación estándar,1,persona que viaja sola,muy bien,la atención y personal muy atentos y amables,,8.0,2026-01-02,fantástico
venecia plaza centro,españa,habitación doble estándar con vistas a la plaza del ayuntamiento,4,pareja,maravilla en el centro de la ciudad,"el mejor desayuno, la mejor ubicación, las mejores vistas desde la habitación, habitación no muy grande pero completa y comoda",el baño era muy bueno pero no tenía bidet,10.0,2025-12-30,fantástico
venecia plaza centro,españa,habitación cuádruple estándar,1,familia,muy bien,habitación cuádruple. grande. baño amplio y cómodo. todo muy bien.,,8.0,2025-12-28,fantástico
venecia plaza centro,españa,habitación estándar,3,familia,fantástico,excelente localización. muy confortables las habitaciones. muy silencioso.,,9.0,2025-12-24,fantástico
venecia plaza centro,argentina,habitación estándar,1,familia,fantástico,la ubicación y la limpieza,mejor atención,9.0,2025-12-17,fantástico
venecia plaza centro,españa,habitación cuádruple económica sin vistas,1,familia,muy bien,,,8.0,2025-12-14,fantástico
venecia plaza centro,españa,habitación doble estándar con vistas a la plaza del ayuntamiento,1,familia,corta visita a valencia,"la ubicación inmejorable. el recepcionista que nos atendió, fue muy amable, facilitándonos reserva en un restaurante para cenar.","por poner una falta, hubiera estado bien, poner en la habitación una botella de agua mineral o del grifo.",8.0,2025-12-07,fantástico
venecia plaza centro,españa,habitación estándar,2,persona que viaja sola,se paga por estar en el centro,"la ubicación, la amabilidad del personal",habitación pequeña y relación calidad precio negativa. es muy caro . entiendo es por la ubicación .,9.0,2025-11-18,fantástico
venecia plaza centro,españa,habitación estándar,2,pareja,ideal para visitar centro de valencia,"la ubicación al lado del ayuntamiento, ideal para ver todo el centro histórico y museos de valencia, edificio tipo victoriano perfectamente reformado y acogedor","la habitación muy justa de tamaño, pero muy limpia y practica, suficiente para un par de dias",10.0,2025-11-14,fantástico
venecia plaza centro,españa,,2,pareja,fin de semana con amigos en el mismo hotel en valencia,está en el centro de valencia. muy cómodo para caminar la ciudad. el personal súper amable y servicial. el desayuno abundante y había de todo.,"habitaciones muy pequeñas pero al menos la nuestra estaba reformada, el cuarto de baño nuevo. no puedo decir que sea un aspecto negativo, la verdad. para tener las estrellas que tiene está muy completo y muy bien",8.0,2025-11-08,fantástico
venecia plaza centro,españa,habitación estándar,1,pareja,muy bien,,"para mi el colchón no era bueno. muy blando. deberían tener dos tipos de almohada, ls q ya tienen  duras  y alguna más blanda para tener opciones.",8.0,2025-10-18,fantástico
venecia plaza centro,españa,,1,persona que viaja sola,"hotel centrico, personal muy amable","la ubicación muy céntrica  aunque si se viaja con equipaje pesado hay que tomar taxi , son calles peatonales y hay que caminar unos 10 minutos para llegar al metro. el personal muy amable y servicial",,8.0,2025-10-17,fantástico
venecia plaza centro,suiza,habitación doble estándar con vistas a la plaza del ayuntamiento,3,familia,tranquila estancia en pleno centro,está en la plaza del ayuntamiento ; más céntrico no se puede pedir; con una parada de autobús justo en frente directo a la playa de la malvarrosa; cerca de infinidad de restaurantes y del mercado central de valencia.los chicos de la recepción muy amables. y es de gran utilidad; la posibilidad de dejar las maleta en consigna en casillero privado y recoger las maletas cuando quieras. pesé estar en el centro el hotel esta muy bien insonorizado.,nada ; todo muy bien,9.0,2025-10-17,fantástico
venecia plaza centro,colombia,habitación doble estándar con vistas a la plaza del ayuntamiento,2,pareja,hotel en el centro de la ciudad con un personal excepcional,"la ubicación excelente, el personal muy amable nos ayudo orientándonos en que visitar y nos venden las entradas al museo de ciencia y tecnologia, asi como al turibus ayudandonos a optimizar el tiempo con el que contabamos",el baño pequeño,9.0,2025-10-15,fantástico
venecia plaza centro,españa,habitación doble estándar con vistas a la plaza del ayuntamiento,1,grupo,muy recomendable,"la ubicación es inmejorable, para visitar el centro de valencia, al tener doble puerta en el balcón, no se oye nada del ruido de la calle. las camas son amplias y muy cómodas. el personal de recepción muy amable y rápido haciendo los trámites",,10.0,2025-10-13,fantástico
venecia plaza centro,canadá,,3,pareja,"valencia i hotel venecia, mes i mes mellor.",nuestra gran satisfaccion fue que nos dieran una habitacion con vista a la plaza del ajuntament con una pequeña terraza.,el lavabo estaba lento para desaguar y el espacio para entrar a la ducha muy incomodo por lo estrecho.,10.0,2025-10-08,fantástico
venecia plaza centro,españa,habitación estándar,3,familia,fantástico,la ubicación y la limpieza,"el colchón estaba un poco vencido, necesitaría un cambio de posición",9.0,2025-10-02,fantástico
venecia plaza centro,españa,habitación doble estándar con vistas a la plaza del ayuntamiento,1,familia,buenas vistas y buen servicio,"las vistas a la plaza del ayuntamiento. mención especial también a el personal, que en todo momento fueron muy amables y atentos y cumplieron mi solicitud de dos camas. definitivamente será mi hotel de cabecera en valencia.","personalmente me gustan las camas algo más duras, pero esto ya es gusto personal. todo lo demás, muy bien.",10.0,2025-09-29,fantástico
venecia plaza centro,chile,habitación doble estándar con vistas a la plaza del ayuntamiento,1,persona que viaja sola,muy buena experiencia,muy bien ubicado. buenas instalaciones. muy cómodo y limpio. una vista hermosa con balcón,la habitación era pequeña,8.0,2025-09-26,fantástico
venecia plaza centro,méxico,habitación estándar,2,familia,fantástico,la ubicación,habitaciones muy pequeñas,9.0,2025-09-10,fantástico
venecia plaza centro,reino unido,,1,pareja,todo súper bien y muy bien ubicado,"la ubicación perfecta , en el corazón de la ciudad nos atendieron muy bien en la recepción y nos recomendaron varios restaurantes para cenar.","un poco pequeño el cuarto, casi golpeamos las cabezas en la tele al entrar",10.0,2025-09-07,fantástico
venecia plaza centro,españa,,1,pareja,fantástico,"ubicación excelente, limpio y bastante cómodo.",,9.0,2025-08-30,fantástico
venecia plaza centro,uruguay,habitación cuádruple económica sin vistas,1,familia,ubicación genial para salir a conocer la ciudad!,"excelente la ubicación del hotel para salir a pasear y moverse desde ahí a varios lugares. la habitación cómoda, amplia, limpia. y me encantó la posibilidad y facilidad de dejar las valijas después del check out para poder aguardar el vuelo de forma cómoda.","pensé que incluía el desayuno, pero no se si la comunicación previa no era clara o yo no leí bien. me quedé sin saber por qué el malentendido.",9.0,2025-08-22,fantástico
venecia plaza centro,argentina,,1,familia,excelente ubicacion,"la ubicacion es excelente. el personal de primera, super atento a todo.","la ventilacion de la habitacion, hiper cerrada, es lo unico que tengo para decir del hotel.",9.0,2025-08-18,fantástico
venecia plaza centro,españa,,3,pareja,muy buena opción para alojarse en el corazón de valencia,la ubicación del alojamiento es excelente. la habitación contaba con todo lo necesario para una estancia corta en la ciudad. el hotel cuenta con un convenio con un parking cercano que facilita el estacionamiento de tu coche.,,9.0,2025-08-15,fantástico
venecia plaza centro,chile,habitación doble estándar con vistas a la plaza del ayuntamiento,2,pareja,muy bien,muy pequeñas las habitaciones,la ubicación,8.0,2025-08-11,fantástico
venecia plaza centro,españa,,1,pareja,un finde de trabajo,la ubicación,,9.0,2025-08-10,fantástico
venecia plaza centro,españa,habitación cuádruple estándar,2,familia,excelente ubicación,ubicación,demasiado aprovechado con habitaciones. pasillos angostos. edificio bonito por fuera y no tanto ppr dentro.,8.0,2025-08-10,fantástico
venecia plaza centro,españa,,2,familia,hotel muyy vomodo,"la habitación que nos tocó aunque era interior hacia un patio,lo compensaba absolutamente por la comodidad en general. hotel muy céntrico y muy limpio.","un poco oscura la habitación, pero sin problema.",9.0,2025-08-03,fantástico
venecia plaza centro,argentina,,5,pareja,muy bien,"lo mejor es la ubicación, frente a la plaza del ayuntamiento. el personal servicial y la limpieza también.","la habitación un poco chica, en cuanto a la superficie.",8.0,2025-07-28,fantástico
venecia plaza centro,españa,habitación estándar,1,pareja,fantástico,hotel con encanto en el centro de valencia.,,9.0,2025-07-27,fantástico
venecia plaza centro,argentina,habitación estándar,2,grupo,altamente recomendable.,"a su inmejorable ubicación se agrega la calidez del personal de recepción, que nos orientaron en cuanto a las actividades a desarrollar en la ciudad. el desayuno era opcional, por lo tanto abonamos  13 cada dia.",,9.0,2025-07-23,fantástico
venecia plaza centro,chile,habitación individual económica,4,persona que viaja sola,buena,ubicación y desayuno,"la habitación tenía una ventana muy pequeña y cubierta, por lo que afectaba la ventilación de la habitación  olor a humedad durante todo el día  y hacía sentirse encerrada.",8.0,2025-07-14,fantástico
venecia plaza centro,méxico,habitación estándar,3,pareja,excelente ubicación pero cuartos muy pequeños,"ubicación la mejor, limpieza muy bien, buen desayuno",cuarto muy pequeño y faltan kleenex en el cuarto y mas toallas,8.0,2025-07-09,fantástico
venecia plaza centro,argentina,,1,pareja,fantástico,muy buen desayuno completo,,9.0,2025-07-09,fantástico
venecia plaza centro,españa,habitación cuádruple económica sin vistas,1,familia,hotel bien situado,ubicación perfecta,todo bien,9.0,2025-07-08,fantástico
venecia plaza centro,españa,habitación estándar,1,pareja,rehabilitación del edificio histórico en hotel excelente y su ubicación inmejorable,atención del personal en recepción excelente. ubicación excepcional. las instalaciones muy buenas.,aunque la doble cama no está mal se podría mejorar,10.0,2025-07-06,fantástico
venecia plaza centro,españa,habitación triple económica con vistas al patio interior,2,pareja,agradable y céntrico,"si, es muy céntrico",la habitación,10.0,2025-07-02,fantástico
venecia plaza centro,colombia,,3,familia,"muy buen hotel, buen desayuno, ubicacion excelente","ubicacion excelente, el desayuno excelente y variado, mi habitacion superior muy buena.",el ascensor extremadamente lento y que las habitaciones estandar no tiene ni siquiera donde poner el equipaje,9.0,2025-06-23,fantástico
venecia plaza centro,argentina,,3,pareja,gran ubicación,"ubicación , instalaciones , personal",me dieron una habitación para personas con movilidad reducida e interna .,9.0,2025-06-08,fantástico
venecia plaza centro,españa,,1,pareja,perfecta,excelente ubicación,,8.0,2025-05-29,fantástico
venecia plaza centro,argentina,habitación doble estándar con vistas a la plaza del ayuntamiento,3,persona que viaja sola,excelente punto para una estadia en valencia,ubicacion inmejorable,no funcionaba uno de los ascensores. las habitaciones no estan insonorizadas,9.0,2025-05-15,fantástico
venecia plaza centro,el salvador,,1,persona que viaja sola,muy bien,muy buenas instalaciones y ubicación excelente.,"pasillos super chiquitos, elevador super tardado",8.0,2025-05-05,fantástico
venecia plaza centro,españa,habitación doble estándar con vistas a la plaza del ayuntamiento,2,pareja,precioso balcón a la plaza del ayuntamiento,el balcón a la plaza del ayuntamiento una fantástica ducha,la minúscula habitación donde no se podía ni abrir dos maletas,9.0,2025-04-27,fantástico
venecia plaza centro,españa,,1,persona que viaja sola,efectivo,la ubicación,siempre hay un ascensor que no funciona,8.0,2025-04-13,fantástico
venecia plaza centro,españa,habitación estándar,1,persona que viaja sola,muy bien,muy bien ubicado,,8.0,2025-03-28,fantástico
venecia plaza centro,españa,,1,familia,cómodo y con cafetera y hervidor en la habitación.,esta en un lugar privilegiado del centro de valencia. cómodo y una estupenda accesibilidad.,,10.0,2025-03-18,fantástico
venecia plaza centro,españa,habitación estándar,1,persona que viaja sola,buena,"la ubicación. el trato del personal, poder hacer check in temprano para no ir con la maleta cargada.",,8.0,2025-03-13,fantástico
venecia plaza centro,españa,habitación cuádruple estándar,2,grupo,muy bien,el desayuno,la cama era muy dura,8.0,2025-02-23,fantástico
venecia plaza centro,españa,habitación doble estándar con vistas a la plaza del ayuntamiento,1,familia,muy bien,"la ubicación, la atención y limpieza",en esta ocasión la habitación un poco pequeña comparado con otras veces q hemos estado y falta de sensor de cierre en el ascensor ya que se cerraron las puertas estando todavía entrando y me golpearon por lo demás todo correcto como siempre q nos hemos alojado ahí destacar la limpieza y el trato del personal,8.0,2025-02-20,fantástico
venecia plaza centro,españa,,1,familia,fantástico,la ubicación. habitación cómoda y bien insonorizada,,9.0,2025-02-12,fantástico
venecia plaza centro,españa,habitación estándar,1,persona que viaja sola,muy bien,"la ubicación, la cama grande y las toallas gruesas y suaves .el personal joven y agradable. la relación calidad - precio","para colgar las camisas, la barra es un poco baja",8.0,2025-02-07,fantástico
venecia plaza centro,españa,habitación estándar,5,persona que viaja sola,fantástico,"destacar la limpieza tanto de la habitación como del resto del hotel, la amabilidad del personal siempre dispuesto a ayudar y la excelente ubicación. las habitaciones están muy bien aisladas, muy importante en pleno centro de valencia, y con unas camas comodísimas. sin duda creo que es un hotel que merece más estrellas de las que tiene. completamente recomendable y  volvería sin dudar!",la falta de la posibilidad de late check out.,9.0,2025-02-04,fantástico
venecia plaza centro,españa,,1,familia,excepcional,la ubicación es perfecta,habitación interior el hotel no tiene parking,10.0,2025-01-27,fantástico
venecia plaza centro,españa,habitación doble estándar con vistas a la plaza del ayuntamiento,3,pareja,absolutamente recomendable !!!!,"la ubicación es absolutamente inmejorable asi como las vistas y limpieza el ajuar es de muy buena calidad, tanto sábanas como toallas y es de agradecer. la comodidad de los colchones también es muy buena. la habitación es un poco justa de tamaño pero tiene lo necesario. el precio muy correcto. hemos estado muy a gusto.",no me convence lo de las dos sábanas para envolver el edredón. hubiera preferido funda nórdica. ya entiendo que se trata de una habitación standard pero aún así unos m2 más hubieran estado mejor.,9.0,2025-01-24,fantástico
venecia plaza centro,españa,habitación doble estándar con vistas a la plaza del ayuntamiento,1,familia,muy bien,la atención y las habitaciones pese a ser pequeñas,"nada, mejorable el tamaño de la habitación",8.0,2025-01-19,fantástico
venecia plaza centro,colombia,,1,pareja,ideal para una o dos noches,limpieza y ubicación,,8.0,2025-01-17,fantástico
venecia plaza centro,españa,habitación estándar,1,pareja,fantástico,ubicación,la habitación bastante pequeña,9.0,2025-01-16,fantástico
venecia plaza centro,panamá,,3,persona que viaja sola,muy bien,excelente ubicación y buen tamaño del cuarto para los standares europeos. buena atención denlos empleados..,"de dos elevadores, uno estaba dañado. el hotel es muy grande para tener un solo elevador en funcionamiento.",8.0,2025-01-11,fantástico
venecia plaza centro,españa,habitación estándar,1,persona que viaja sola,"buena estancia, sin ostentaciones",principalmente su ubicacion,precio algo elevado por la habitacion justa y baño reducido,8.0,2025-01-10,fantástico
venecia plaza centro,españa,habitación cuádruple prémium,2,grupo,muy bien,ubicacion,las obras...,8.0,2024-12-28,fantástico
venecia plaza centro,españa,habitación estándar,2,familia,"recomendable, buena relación calidad precio.",la ubicación y la limpieza.,que tenían un solo ascensor funcionando y tenías que perder mucho tiempo esperándolo. las sábanas poco suaves.,8.0,2024-12-20,fantástico
venecia plaza centro,españa,habitación estándar,2,familia,muy bien,ubicación y edificio,habitación no muy grande,8.0,2024-11-30,fantástico
venecia plaza centro,españa,,1,familia,mi valenci corazón azul en veneci corazón azul claro,"bonito hotel, limpio , tranquilo y céntrico cara feliz con ojos sonrientes",,10.0,2024-11-18,fantástico
venecia plaza centro,españa,habitación cuádruple superior,2,familia,muy bien,"fue un hotel muy limpio , agradable , y con personal atento .","el desayuno , un poco pobre",8.0,2024-11-14,fantástico
venecia plaza centro,españa,habitación estándar,1,familia,muy bien pulgar hacia arriba,ubicación,la habitación un poco pequeña,8.0,2024-11-05,fantástico
venecia plaza centro,españa,habitación estándar,2,pareja,lugar céntrico para disfrutar una pequeña estancia en valencia,"muy buena ubicación, personal muy cordial",mejorable la relación calidad precio  este podría ser inferior ,8.0,2024-11-05,fantástico
venecia plaza centro,españa,habitación estándar,1,persona que viaja sola,bien,la ubicación,,8.0,2024-10-20,fantástico
venecia plaza centro,españa,habitación estándar,3,pareja,muy bien,ubicación excelente,,8.0,2024-10-15,fantástico
venecia plaza centro,españa,habitación estándar,1,persona que viaja sola,confort y tranquilidad,el desayuno muy bien y el trato del personal muy amable,el horario del desayuno que empezaba algo justo para trabajar temprano,9.0,2024-10-15,fantástico
venecia plaza centro,españa,habitación triple superior,2,familia,fantástico,la ubicación y el desayuno,,9.0,2024-10-03,fantástico
venecia plaza centro,españa,,1,pareja,fin de semana en valencia en pareja,hotel situado en puro centro de la ciudad de valencia. la habitación era espaciosa y el baño recién renovado. cuenta con lockers para dejar las maletas si lo necesitas.,las habitaciones estaban mal insonorizadas y se escuchaban las conversaciones en el pasillo del hotel.,8.0,2024-09-23,fantástico
venecia plaza centro,españa,,1,familia,excepcional,"desayuno, muy céntrico",el baño muy pequeño,10.0,2024-09-07,fantástico
venecia plaza centro,españa,habitación triple superior,3,familia,fantástico,su ubicación y trato así como limpieza .volveré,la bañera resbaladiza,9.0,2024-09-06,fantástico
venecia plaza centro,argentina,habitación doble económica con vistas al patio interior,1,grupo,buen hotel en el centro de valencia,"excelente ubicación, la habitación cómoda de buen tamaño, cuentan con una heladera que es importante para tener agua fresca o algún alimento",,9.0,2024-09-04,fantástico
venecia plaza centro,españa,habitación doble con balcón - plaza del ayuntamiento,2,pareja,satisfactorio,ubicacion y atencion del personal,todo correcto,9.0,2024-08-26,fantástico
venecia plaza centro,españa,habitación estándar,2,pareja,siempre que voy a valencia me quedo en este hotel,ubicación excelente! muy bien insonorizado!,habitación un poco pequeña,8.0,2024-08-20,fantástico
venecia plaza centro,japón,habitación doble deluxe - 1 o 2 camas,3,pareja,muy bien,ubicacion y vistas son geniales,,8.0,2024-08-16,fantástico
venecia plaza centro,españa,habitación estándar,1,familia,valoracion,la ubicación,las vistas de la habitación,9.0,2024-08-14,fantástico
venecia plaza centro,el salvador,habitación doble deluxe - 1 o 2 camas,2,pareja,placentera,el desayuno aceptable; deberían de incluir huevos.,un elevador estaba fuera de servicio y ocasionaba demoras,8.0,2024-08-04,fantástico
venecia plaza centro,españa,habitación doble con balcón - plaza del ayuntamiento,1,pareja,muy bien,la ubicacion y las camas muy comoda,no fonccionaba el ascensor,8.0,2024-07-30,fantástico
venecia plaza centro,españa,habitación doble económica con vistas al patio interior,3,pareja,fantástico,"desayuno muy correcto. ubicación excelente y personal, encantador","en pleno julio, uno de los ascensores estaba estropeado y para subir y bajar de la habitación, costaba, la verdad",9.0,2024-07-22,fantástico
venecia plaza centro,argentina,habitación estándar,3,familia,inmejorable ubicación!,"la ubicación y conexión! prestan sombrillas y toallas para la playa, un gran diferencial.",,8.0,2024-07-12,fantástico
venecia plaza centro,españa,habitación triple superior,1,familia,gran sorpresa en el centro de valencia,"ubicación fantástica, muchos amenities en la habitación, la limpieza",,8.0,2024-07-01,fantástico
venecia plaza centro,españa,habitación doble económica con vistas al patio interior,2,familia,muy bien,la ubicación,lavabo muy pequeño,8.0,2024-06-29,fantástico
venecia plaza centro,españa,habitación doble deluxe - 1 o 2 camas,1,grupo,muy bien,"muy bonito en el pleno centro con vistas a la placa , personal muy amable , los restaurantes que nos aconsejaron fueron muy buenas",,8.0,2024-06-26,fantástico
venecia plaza centro,argentina,habitación estándar,1,pareja,ideal para visitar el centro histórico llegando en teen,excelente ubicación. cama amplia,baño pequeño pero muy limpio,9.0,2024-06-21,fantástico
venecia plaza centro,españa,habitación doble económica con vistas al patio interior,1,persona que viaja sola,enclave ideal en pleno centro,ubicación perfecta en pleno centro de valencia y a pesar de eso al ser una habitación interior no se oia ningún ruido x la noche. estaba totalmente reformada el baño muy bien. al entrar olía super bien mis felicitaciones al staff de limpieza. hotel muy recomendable.,que fuí pensando en ir a la playa y estuvo lloviendo. esto no es culpa del hotel claro jjjjj,10.0,2024-06-12,fantástico
venecia plaza centro,argentina,habitación estándar,2,pareja,muy buena,ubicacion y desayuno,nada en particular,10.0,2024-06-10,fantástico
venecia plaza centro,españa,habitación cuádruple prémium,1,grupo,muy bien,"muy céntrico, en la plaza del ayuntamiento. nuestra habitación estaba en la planta 7, con magníficas vistas y una pequeña terraza, muy bien.",todo correcto,8.0,2024-06-06,fantástico
venecia plaza centro,argentina,habitación estándar,2,familia,muy buena estadia,la ubicacion es la mejor de valencia y el hotel cuenta con todo lo necesario para estar comodo. nos toco uma habitacion recién remodelada y la cama era comoda.,,8.0,2024-06-06,fantástico
venecia plaza centro,españa,habitación cuádruple económica sin vistas,1,grupo,fantástico!,la ubicación y la comodidad de las camas,,9.0,2024-05-12,fantástico
venecia plaza centro,españa,habitación estándar,1,pareja,"céntrico, limpio, cama cómoda","la ubicación súper céntrica, el trato del personal, el desayuno con cosas para hacer tostadas  no solo el típico bacon o salchichas  y tener un parking asociado cercano.","que la habitación era pelin pequeña, pero para lo que vas a utilizarla era suficiente",9.0,2024-04-30,fantástico
venecia plaza centro,españa,habitación triple económica con vistas al patio interior,1,grupo,muy bien,"muy buena ubicación, excelente servicio.",,8.0,2024-04-18,fantástico
venecia plaza centro,españa,habitación cuádruple superior,1,familia,buena ubicación,ubicación excelente en todo el centro y facil acceso a servicios y transporte. habitación para 4 muy amplia.,,9.0,2024-04-08,fantástico
venecia plaza centro,españa,habitación estándar,1,pareja,valencia ...una delicia,ubicacion . instalaciones.personal en recepción. decoración.limpieza de la habitacion y comodidad dela cama . servicio de una pequeña cafetería,pués nada reseñable,9.0,2024-03-15,fantástico
venecia plaza centro,españa,habitación doble con balcón - plaza del ayuntamiento,1,pareja,ubicación excellent,todo asta esta bien,habitación un poco pequeño pero toda eats disponible.,9.0,2024-02-13,fantástico
venecia plaza centro,españa,habitación estándar,1,familia,muy bien,la ubicación excelente,la habitación pequeña y sencilla.,8.0,2024-02-06,fantástico
venecia plaza centro,españa,,1,persona que viaja sola,muy bien,"céntrico, limpio, atención del personal",,8.0,2024-02-01,fantástico
venecia plaza centro,españa,habitación doble económica con vistas al patio interior,3,familia,muy bien,ubicacion,tamaño habitacion,8.0,2024-01-18,fantástico
venecia plaza centro,españa,habitación estándar,2,pareja,muy bien,"la ubicación es perfecta, en la plaza del ayuntamiento.","las personas de limpieza quizá podrían ser un poquito mas silenciosas, desde las 8:00 se les escuchaba hablar de sus asuntos personales demasiado alto en el pasillo, lo que nos dificultó el descanso estando de vacaciones.",8.0,2024-01-16,fantástico
venecia plaza centro,españa,habitación estándar,2,pareja,hotel muy céntrico y con personal amabilisimo.,ubicación excelente.cerca de todo.,,9.0,2024-01-11,fantástico
venecia plaza centro,españa,habitación estándar,3,familia,fantástico,la ubicación y la amabilidad de los profesionales de l hotel.,"al ir en navidad me gustaría apreciar que la habitación no es muy grande  y al meter mucho equipaje se quedaba justa de espacio . en el baño no hay calefacción   el sistema que tienen está más preparado ,como es lógico, para el calor .",9.0,2023-12-29,fantástico
venecia plaza centro,grecia,habitación doble económica con vistas al patio interior,1,pareja,en pleno centro,muy céntrico y limpio,todo fue correcto,9.0,2023-12-28,fantástico
venecia plaza centro,españa,habitación estándar,2,persona que viaja sola,precio calidad conforme,la ubicación y las instalaciones,,8.0,2023-12-26,fantástico
venecia plaza centro,españa,habitación estándar,4,familia,agradable y cerca!,"la ubicación no puede ser mejor. el trato muy agradable: todos nos recomendaron sitios muy buenos para comer. limpieza, cama cómoda, calefacción  fuimos en diciembre , balcón  no apto para gente con vértigo, pero muy buena vista! . tuve que utilizar ordenador por trabajo y tenían disponible, lo cual fue excelente. utilizamos la consigna también a la hora de irnos para aprovechar un poco más de valencia","se hacía un poco pequeña la habitación, sobre todo el baño fue un poco incómodo",8.0,2023-12-19,fantástico
venecia plaza centro,españa,habitación doble con balcón - plaza del ayuntamiento,1,pareja,todo muy bien sólo lo de la ducha que falta mayor cuidado preventivos para evitar accidentes,la ubicación y la vista con ese balcón y su luminosidad y muy limpio todo .,"-el piso de la ducha del baño era muy resbaladizo y no había algún piso antideslizante dentro que protege y no había agarradores en la pared para ayudarnos y prevenir caídas, más cuando somos mayores. -al inicio nos pusieron 2 camas juntas y no una matrimonial como deseábamos pero felizmente lo resolvieron rápidamente y lo agradezco.",9.0,2023-12-18,fantástico
venecia plaza centro,españa,,3,pareja,muy bien,"la ubicación, la amabilidad del personal, el desayuno...",el colchón un poco duro,8.0,2023-12-17,fantástico
venecia plaza centro,españa,habitación cuádruple económica sin vistas,1,grupo,muy bien,"la ubicacion perfecta para recorrer el centro de valencia andando y si quieres alejarte mas , el bus y el metro estan cerquisimos",sólo estuve una noche y no se me ocurre nada que no me gustara,8.0,2023-12-11,fantástico
venecia plaza centro,españa,habitación doble con balcón - plaza del ayuntamiento,3,pareja,muy bien,"la situación, muy céntrico y el buen aislamiento de ruidos . también el desayuno, aunque creo que se pueden eliminar algunos productos como zumo no natural, mantener otros y ajustar precio","que no tenga garaje en el edificio es una lástima, y la poca facilidad que nos dieron para llegar en coche para dejar por lo menos el equipaje . tuvimos que ir andando con las maletas desde el parking y yo me tropecé y me di un buen golpe que creo se podía haber evitado llegando con el coche hasta la puerta. el personal no debe decir que se llega fácil andando desde el parking ,tiene que pensar en las personas mayores que tenemos que ir con el equipaje . o se puede llegar hasta la puerta con el coche para dejarlo o tienen que facilitar personal que vaya a por él.",8.0,2023-12-10,fantástico
venecia plaza centro,españa,habitación estándar,1,pareja,excepcional,ubicación,,10.0,2023-12-07,fantástico
venecia plaza centro,españa,habitación doble económica con vistas al patio interior,1,familia,muy bien,la ubicacion y el precio,la habitacion interior que me dieron hacian obras en el edificio contiguo y se oia todo durante el dia,8.0,2023-12-07,fantástico
venecia plaza centro,españa,habitación estándar,1,familia,ubicación excelente,localización excepcional. personal muy amable.,el aseo era pequeño,9.0,2023-12-06,fantástico
venecia plaza centro,brasil,habitación doble económica con vistas al patio interior,2,pareja,fantástico,,ruído de construcción desde las 7::30 de la mañana.,9.0,2023-11-29,fantástico
venecia plaza centro,españa,habitación cuádruple económica sin vistas,1,familia,"perfecto, habitación muy espaciosa y muy limpia, sobre todo el baño.","ubicación excelente, muy céntrico, limpieza , un 10.","quizas por poner alguna pega, un poco calurosa la habitación, ya que nos alojamos en la planta 8.",9.0,2023-11-22,fantástico
venecia plaza centro,españa,habitación estándar,1,pareja,fantástico,"la ubicacion, las cosas de la habitacion",cama un poco de ruido,9.0,2023-11-05,fantástico
venecia plaza centro,españa,habitación doble con balcón - plaza del ayuntamiento,1,pareja,un lugar tranquilo y bien ubicado para conocer la ciudad.,"ubicación, amabilidad del personal y limpieza de las habitaciones.","las habitaciones están bien, pero son un poco pequeñas.",8.0,2023-11-05,fantástico
venecia plaza centro,españa,habitación estándar,1,pareja,estupenda ubicación limpieza y servicios,ubicación. limpieza. amabilidad del personal,las camas un poco duras,9.0,2023-10-28,fantástico
venecia plaza centro,colombia,habitación individual económica sin ventana,1,persona que viaja sola,relajada,"la vista hacía la plaza, divina",la habitación muy pequeña,8.0,2023-10-22,fantástico
venecia plaza centro,argentina,habitación doble económica con vistas al patio interior,1,familia,muy bien,lugar lompieza,hab pequeña,8.0,2023-10-20,fantástico
venecia plaza centro,paraguay,habitación doble económica con vistas al patio interior,2,grupo,muy bien,la ubicación,"mucho ruido, había una obra al lado y desde muy temprano había mucho ruido",8.0,2023-10-18,fantástico
venecia plaza centro,españa,habitación doble económica con vistas al patio interior,1,familia,muy bien,"el personal y el desayuno,",el tamaño de la habitación muy pequeño,8.0,2023-10-15,fantástico
venecia plaza centro,españa,habitación doble económica con vistas al patio interior,7,pareja,fantástico,,el desayuno es mejorable.,9.0,2023-09-25,fantástico
venecia plaza centro,españa,habitación estándar,1,pareja,muy bien,ubicación,se ha encarecido mucho,8.0,2023-09-15,fantástico
venecia plaza centro,españa,habitación estándar,1,familia,hotel en el centro super bonito y cómodo.,la situación donde está y es muy cómodo.,las habitaciones son un pelin pequeñas.,8.0,2023-09-12,fantástico
venecia plaza centro,españa,habitación triple económica con vistas al patio interior,1,grupo,bueno,ubicación excelente y buena insonorización para la zona que es,había basura de los huéspedes anteriores en el baño,9.0,2023-08-29,fantástico
venecia plaza centro,argentina,habitación doble con balcón - plaza del ayuntamiento,1,pareja,muy bien,la ubicacion,el desayuno podria mejorar,8.0,2023-07-31,fantástico
venecia plaza centro,uruguay,habitación estándar,1,pareja,fantástico,excelente ubicación en pleno centro de valencia. muy buen trato del personal.,un poco chica la habitación,9.0,2023-07-29,fantástico
venecia plaza centro,chile,,1,familia,excelente hotel,"las habitaciones aunque no son tan grandes, son muy cómodas y limpias y el baño perfecto! como es un hotel en una estructura más antigua, sus pasillos son estrechos, pero se nota que está remodelado.",quizás el lugar del desayuno no es muy amplio. lo demás excelente!,9.0,2023-07-23,fantástico
venecia plaza centro,españa,habitación doble económica con vistas al patio interior,2,grupo,fantástico,excelente ubicación y relación precio-calidad. tienen recepción 24 h y lockers donde dejamos nuestro equipaje hasta el check-in y luego del check-out.,,9.0,2023-07-19,fantástico
venecia plaza centro,españa,habitación doble con balcón - plaza del ayuntamiento,1,pareja,agradable y practica,desayuno bien. ubicacions bien. parking un poc lejos y liado,,8.0,2023-07-16,fantástico
venecia plaza centro,argentina,habitación estándar,3,familia,fantástico,"estuvimos 3 noches en una habitación exterior lateral bastante cómoda aunque chica. nos pasamos a una de frente a la plaza  bastante más cara  y lo único bueno era la vista, era muy chiquita, baño miniatura con puerta corrediza  porque no hay lugar para abrirla si no , cama muy chica, no vale su precio. sí la exterior lateral, ésa tiene una buena relación precio calidad, pero no tiene vista. desayuno completo y variado. la ubicación es espectacular.",,9.0,2023-07-04,fantástico
venecia plaza centro,argentina,habitación doble económica con vistas al patio interior,1,familia,muy bien,la ubicación es excelente,"las habitaciones, decoración muy antigua",8.0,2023-07-03,fantástico
venecia plaza centro,españa,habitación estándar,1,familia,con oferta vale mucho la pena,"excelente ubicación, limpieza y bien trato de personal. tienen consignas para maleta grande. . buena iluminación de habitación y baño con bañera. toallas agradables. solicité habitación cama doble y me pudieron ayudar . el balcón no pide utilizarlo por exceso de calor.",la cama demasiado blanda.,8.0,2023-07-03,fantástico
venecia plaza centro,españa,,3,pareja,muy agradable.,la ubicación en todo el centro de valencia y las vistas a la plaza del ayuntamiento.,el precio era poquito caro y la habitación un poco pequeña.,9.0,2023-06-29,fantástico
venecia plaza centro,españa,habitación doble económica con vistas al patio interior,1,pareja,hotel céntrico y cómodo,que estaba todo nuevo y renovado.,que la habitación no tuviera vistas a la plaza del ayuntamiento. daba a un patio interior.,8.0,2023-06-28,fantástico
venecia plaza centro,españa,habitación doble económica con vistas al patio interior,3,familia,recomendable,todo muy muy limpio y tranquilo además de estar en pleno centro lo recomiendo aunque las habitaciones son muy justitas,las habitaciones son pequeñas todo lo demás muy bien sobre todo la limpieza y buen desayuno,8.0,2023-06-24,fantástico
venecia plaza centro,españa,habitación estándar,1,pareja,desconexión,muy completo y rico.,todo bien!,9.0,2023-06-18,fantástico
venecia plaza centro,argentina,habitación estándar,1,pareja,excepcional,me gustó mucho su ubicacion y la habitacion,baño muy pequeño. mal ubicado el inodoro,10.0,2023-06-14,fantástico
venecia plaza centro,etiopía,,1,pareja,fantástico,me encantó la ubicación y atención,"las habitaciones no tienen aislamiento completo de ruido, entre una y otra",9.0,2023-06-14,fantástico
venecia plaza centro,españa,habitación estándar,3,pareja,recomendable,la ubicación inmejorable,la habitación un poquito pequeña pero queda compensado por el resto de servicios y la ubicación.,8.0,2023-06-12,fantástico
venecia plaza centro,méxico,habitación triple superior,3,pareja,muy buena opción de hospedaje,la ubicación y el desayunó,todo bien,9.0,2023-06-10,fantástico
venecia plaza centro,españa,,2,pareja,lo recomendaría,"la ubicación es excelente, la habitación luminosa y muy cómoda",la falta de espacios comunes de ocio,8.0,2023-05-30,fantástico
venecia plaza centro,españa,habitación estándar,3,familia,genial,el hotel muy bien ubicado en plena plaza del ayuntamiento el personal excelente y muy limpió el desayuno buffet bueno y las habitaciones pequeñas pero muy limpias todo muy bien para repetir y recomendar gracias por hacernos la estancia tan agradable,la habitación pequeña,8.0,2023-05-29,fantástico
venecia plaza centro,españa,habitación estándar,1,pareja,muy bien,ubicación,habitación un poco pequeña. la puerta del baño no se podía mantener abierta. el a c de la habitación hacía mucho ruido.,8.0,2023-05-22,fantástico
venecia plaza centro,españa,habitación estándar,1,pareja,muy bien,"la localizacion es muy buena, el unico pero es que tiene un parking concertado a unas 3 manzanas de distancia. el desayono es excelente y el precio tambien.","solo la distancia desde el parking al hotel, lo demás muy bien",8.0,2023-05-17,fantástico
venecia plaza centro,españa,,1,pareja,muy bien,"el balcón - super grande, en la última planta. el tamaño de la habitación. el baño amplio y luminoso.",hay el fregadero y microondas pero no hay platos ni cubiertos. tb falta limpiar el balcón. el personal siempre está de mal humor.,8.0,2023-05-15,fantástico
venecia plaza centro,españa,habitación doble económica con vistas al patio interior,3,pareja,muy bien,,,8.0,2023-05-11,fantástico
venecia plaza centro,argentina,habitación estándar,2,pareja,excelente hotel y ubicación!,"excelente ubicacion, limpieza, buenas camas y accesorios en habitación y baño. todo lo necesario para estar cómodos.",,9.0,2023-05-10,fantástico
venecia plaza centro,españa,habitación triple superior,1,familia,muy buena opción en valencia,"su ubicación en el centro de valencia es excelente, y el parking con el que tienen convenio está cerca y su precio está en un segmento habitual para este tipo de servicio. la habitación para dos adultos y un niño era grande, cómoda y limpia. el trato del personal ha sido incuestionablemente bueno.",,8.0,2023-05-02,fantástico
venecia plaza centro,chile,habitación triple superior,2,grupo,"un lugar muy central para alojarse, no te perderás","la ubicacion es lo mas centrico posible, cerca de lo mas importante y de las principales calles a recorrer, esta remodelado el viejo edificio y el desayuno esta bien. el personal de recepcion es bastante amable y cooperador con tips para turistas",por ser edificio viejo los ascensores demoran un poquito,9.0,2023-05-01,fantástico
venecia plaza centro,costa rica,habitación doble económica con vistas al patio interior,2,familia,ubicación y servicio muy bueno,la ubicación del hotel es excelente con zona de comidas muy cerca. el desayuno es bueno y el personal siempre nos atendió de manera amable y atento.,,8.0,2023-05-01,fantástico
venecia plaza centro,españa,habitación estándar,2,pareja,muy bien,muy buen relación calidad-ubicación precio,,8.0,2023-04-24,fantástico
venecia plaza centro,colombia,habitación doble económica con vistas al patio interior,3,pareja,agradable,ubicación y desayuno y nos dieron una habitación más grande,las chicas de la recepción no muy amables,8.0,2023-04-16,fantástico
venecia plaza centro,españa,habitación estándar,2,familia,muy bien,"la ubicación, justo en el centro, es perfecta para una visita express. la habitación es pequeña pero suficientemente bien distribuida.",los cojines eran muy incómodos y el teléfono de la ducha estaba agrietado.,8.0,2026-03-29,fantástico
venecia plaza centro,españa,habitación cuádruple estándar,2,familia,muy bien,la ubicacion,las almohadas de la cama,8.0,2026-02-17,fantástico
venecia plaza centro,argentina,habitación doble estándar con vistas a la plaza del ayuntamiento,2,familia,fantástico,la ubicación,el baño es demasiado pequeño.,9.0,2026-02-16,fantástico
venecia plaza centro,españa,habitación estándar,6,familia,muy bien,"ubicación, limpieza","el colchón estaba vencido, deberían de cambiarlo o darle la vuelta",8.0,2025-10-03,fantástico
venecia plaza centro,españa,,1,familia,muy bien,,teníamos 3 máquina de aire en nuestro balcón osea k no podemos disfrutar nada de la vista d fuera.,8.0,2025-09-11,fantástico
venecia plaza centro,españa,,2,pareja,un hotel para tener en cuenta siempre,el equipamiento y suministros de la habitación eran muy buenos,"la distribución del baño se hace incómoda sobre todo si tiene bañera, esto mejoraría con un plato de ducha.",8.0,2025-05-08,fantástico
venecia plaza centro,argentina,habitación estándar,2,pareja,fantástico,excelente ubicación. las recepcionistas muy amables todas.,creo que nos tocó la habitación más chica del hotel. el baño un poco incómodo.,9.0,2024-06-17,fantástico
venecia plaza centro,argentina,habitación estándar,3,pareja,muy bien,la ubicación,la habitación,8.0,2024-04-14,fantástico
venecia plaza centro,españa,habitación estándar,3,pareja,escapada agradadable,"ubicacion, recepción, facturación, mantenimiento de habitación cama de matrimomio, bidet, papel higiénico de calidad y repuesto correctamente","bañera peligrosa, sin barras, sin tratamiento antideslizante, muy elevada respecto al suelo",8.0,2024-02-03,fantástico
venecia plaza centro,argentina,habitación doble económica con vistas al patio interior,2,grupo,buena ubicación para dirigirse a cualquier punto de la ciudad,"la ubicación es óptima, la fachada exterior y recepción no se conducen con el tipo habitación interna que nos tocó, en forma de t, baño triangular chico, con ventanas a medianeras de otros edificios, si nada luz natural.",la habitación,8.0,2023-06-23,fantástico
venecia plaza centro,españa,habitación estándar,3,familia,muy bien,la ubicación,muy reducido el espacio d la habitación.,8.0,2023-04-30,fantástico
venecia plaza centro,españa,habitación doble estándar con vistas a la plaza del ayuntamiento,1,familia,fantástico,"muy bueno,bastante variedad de comida con muy buena presentación",en el aseo solamente había una toalla de lavabo y una de ducha,9.0,2025-12-02,fantástico
venecia plaza centro,colombia,,2,grupo,fantástico,la ubicación y la habitación,el desayuno,9.0,2024-09-14,fantástico
venecia plaza centro,españa,habitación doble económica con vistas al patio interior,1,persona que viaja sola,bien,todo nuy bien lo cogi solo para dormir.,no tenia frigobar en la habitación,8.0,2024-02-26,fantástico
venecia plaza centro,españa,habitación estándar,3,pareja,fantástico,tremendamente amables y considerados. muy bienfenomemañ,,9.0,2023-12-22,fantástico
venecia plaza centro,españa,habitación doble deluxe - 1 o 2 camas,1,pareja,fantástico,céntrico y limpio,,9.0,2023-12-20,fantástico
venecia plaza centro,españa,habitación estándar,1,familia,fantástico,ubicación excepcional. habitación sencilla pero bastante renovada.,,9.0,2023-08-08,fantástico
venecia plaza centro,puerto rico,,4,persona que viaja sola,fuera de la bañera todo lo demás estuvo perfecto.,"todo estuvo excelente ,excepto el baño incómodo y peligroso por la bañera existente.no es apto para personas con condiciones de la rodilla.",la bañera peligrosa para ocurrir accidentes por lo incómodo de entrar y salir a ella por la altura para entrar a ella.,6.0,2025-12-13,fantástico
venecia plaza centro,españa,habitación estándar,2,persona que viaja sola,hotel céntrico y funcional,"la localización en la plaza del ayuntamiento, inmejorable","la puerta de mi habitación no funcionaba bien y no quedaba cerrada,tuvieron que venir varias a veces a cerrarla el personal del hotel.",7.0,2025-10-07,fantástico
venecia plaza centro,españa,,1,pareja,"el desayuno fue un fraude, las habitaciones muy pequeñas y el baño demasiado incomodo",ubicación,la habitacion estrecha almohadas y baño incomodo,1.0,2025-08-09,fantástico
venecia plaza centro,españa,,1,pareja,comoda,muy buena ubicación   . paredes muy finas se oye todo de las habitaciones de al lado ..,,7.0,2025-03-28,fantástico
venecia plaza centro,reino unido,habitación estándar,1,pareja,agradable estancia,lo centrico,que no tiene parking propio,7.0,2025-02-05,fantástico
venecia plaza centro,españa,habitación estándar,1,pareja,"cómoda, limpia, buen desayuno y una ubicación inmejorable",situación,habitación muy pequeña,7.0,2024-12-13,fantástico
venecia plaza centro,colombia,habitación cuádruple económica sin vistas,1,grupo,bien,la ubicación,la habitación merece una reforma,7.0,2024-09-18,fantástico
venecia plaza centro,españa,habitación estándar,2,pareja,centro puro de valencia,"una ubicación excelente, la limpieza impresionante","un solo ascensor para todos los huéspedes el otro estuvo averiado durante toda la estancia. el desayuno literalmente estaba sacado del mercadona y metido allí, valía 12  por persona algo caro para la calidad de la comida.",6.0,2024-07-13,fantástico
venecia plaza centro,colombia,habitación triple económica con vistas al patio interior,3,familia, hotel  que no cumple con las expectativas ni con los estándares básicos de comodidad y servicio,el personal que hace el aseo y limpieza,"lamentablemente, mi experiencia en este hotel en valencia fue muy decepcionante. aunque se presenta como un hotel, en realidad se parece más a un hostal de baja categoría. aquí están algunos de los problemas que encontré durante mi estancia: ruido constante- el aislamiento acústico es prácticamente inexistente. podía escuchar claramente las conversaciones y ruidos de las habitaciones contiguas, así como el tráfico del ascensor . fue imposible descansar bien. personal poco amable- el personal de recepción no fue nada acogedor ni servicial. parecía que cualquier solicitud o pregunta les molestaba. la atención al cliente deja mucho que desear. las áreas comunes, como el lobby y los ascensores , estaban descuidadas y necesitaban una renovación. no me sentí cómodo usando las instalaciones. en resumen, este  hotel  en valencia no cumple con las expectativas ni con los estándares básicos de comodidad y servicio . no recomendaría este lugar a nadie que busque una experiencia agradable y relajante. definitivamente no volveré.",4.0,2024-07-01,fantástico
venecia plaza centro,españa,habitación estándar,4,pareja,bien,la ubicación,las habitaciones muy pequeñas,7.0,2024-04-27,fantástico
venecia plaza centro,españa,habitación doble económica con vistas al patio interior,1,pareja,estancia correcta,desayuno correcto,que la habitación tuviese una ventana al exterior,7.0,2024-02-26,fantástico
venecia plaza centro,españa,habitación doble económica con vistas al patio interior,1,pareja,buena ubicación,la ubicación,la subida de precio de las habitaciones por un evento que habia,7.0,2023-12-07,fantástico
venecia plaza centro,españa,habitación cuádruple prémium,2,familia,bueno pero en plan pareja o hijos crecidos,"la ubicación es ideal, para visitar el centro.",no tiene parking en el hotel y se debe caminar unos 10 . esto con niños no es viable para cualquier desplazamiento. el tomar el ascensor o ascensores toma tiempo. son pequeños y siempre están ocupados. en el desayuno solo hay una trona y siempre hay una o más familias que tienen peques que no están cómodos. con niños no es una buena opción.,7.0,2023-08-26,fantástico
venecia plaza centro,españa,habitación doble económica con vistas al patio interior,1,persona que viaja sola,buena ubicación,ubicación,la habitación y el baño eran diminutos,7.0,2023-08-15,fantástico
venecia plaza centro,españa,habitación triple superior,1,familia,bien,ubicación,ruido aire acondicionado,7.0,2023-07-28,fantástico
venecia plaza centro,españa,habitación doble económica con vistas al patio interior,1,pareja,centrico,ubicacion,habitacion interior,6.0,2023-07-22,fantástico
venecia plaza centro,españa,,1,persona que viaja sola,decepción con la habitación asignada esta vez,la ubicación.,"me alojo en este hotel cada vez que viajo a valencia, aproximadamente cada dos meses, y siempre reservo la misma opción: habitación doble con vistas a la plaza del ayuntamiento, tal y como constaba expresamente en la reserva. en esta ocasión, sin embargo, la habitación asignada daba a un callejón situado en la parte trasera del hotel, donde hay varios restaurantes y se escucha música de forma incesante, lo que hizo la estancia mucho menos agradable. lo más decepcionante es que el hotel no me ofreció el tipo de habitación por el que había pagado, a pesar de tratarse de una reserva muy concreta que realizo habitualmente. además, suelo viajar sola y, aun así, asumo el coste de una habitación doble precisamente para asegurarme unas condiciones determinadas. lamento decir que no volveré a alojarme aquí si no pueden garantizar que se respeta exactamente lo que se reserva y se paga.",7.0,2026-03-28,fantástico
venecia plaza centro,españa,,1,familia,correcto,ubicación. recepción 24h la opción de taquillas grandes sin coste. amenities en los baños.,hicimos una reserva de 2 habitaciones  3 2 personas . la habitación de dos era diminuta. pagamos un suplemento por vistas a la plaza para la de 3  adjunto fotos y ya valoráis  la cafetera de la habitación no funcionaba. lo probamos con dos cápsulas y salía agua por todos lados.,7.0,2026-03-14,fantástico
venecia plaza centro,españa,habitación estándar,1,pareja,pre-fallas,situación,ligero mal olor de los desagües,7.0,2026-03-05,fantástico
venecia plaza centro,china,habitación estándar,1,persona que viaja sola,agradable,,habitación muy pequeña. el baño podría estar más limpio,6.0,2026-02-16,fantástico
venecia plaza centro,españa,habitación estándar,3,persona que viaja sola,bien,"la ubicación, la amabilidad del personal",el tener la habitación en un anexo de la última planta y un mando de tv muy complicado.,7.0,2026-01-21,fantástico
venecia plaza centro,españa,,2,pareja,agradable,la ubicación y el personal increíble,la verdad que en la habitación se echaba en falta luz natural,6.0,2026-01-17,fantástico
venecia plaza centro,españa,habitación estándar,6,familia,bien,la ubicación,que era pequeña la habitación y tubimos que mover muebles para poner la maleta,7.0,2025-12-04,fantástico
venecia plaza centro,españa,,1,familia,bien,la ubicación,la habitación interior,7.0,2025-12-03,fantástico
venecia plaza centro,uruguay,habitación doble estándar con vistas a la plaza del ayuntamiento,2,persona que viaja sola,no justifica su precio,la ubicación. cerca de todo y muy buena vista,las habitación muy peque a. mal dise ada. el ba o con una puerta corrediza que apenas cierra. muy mala relación calidad - precio,4.0,2025-11-14,fantástico
venecia plaza centro,españa,suite superior,1,pareja,aceptable,la ubicación.,reservas una suite y el personal te atiende con desgana y con unas indicaciones muy poco fiables. yo no lo recomiendo.,5.0,2025-10-18,fantástico
venecia plaza centro,perú,habitación cuádruple superior,3,familia,excelente ubicación y linda vista,"la ubicación, la vista y cómodo.",la ventana estaba malograda. solamente había una persona en recepción en la noche y no se daba abasto.,5.0,2025-10-12,fantástico
venecia plaza centro,españa,habitación doble estándar con vistas a la plaza del ayuntamiento,1,pareja,bien,"elegí este alojamiento por la ubicación y las vistas a la plaza del ayuntamiento, que realmente me gustaron. los amenities también son agradables y están bien cuidados.","la incertidumbre de no saber si sería una cama doble o dos individuales es frustrante, especialmente cuando en booking parece que tu elección queda confirmada. luego te llega un correo diciendo que está sujeto a disponibilidad. debería ser mucho más claro al momento de hacer la reserva. además, las fotos de la habitación no coinciden con la realidad. en las imágenes aparecía una habitación amplia, en una esquina y con vistas, pero la que nos dieron era muy pequeña, sin apenas espacio para moverse alrededor de la cama.",7.0,2025-07-21,fantástico
venecia plaza centro,españa,habitación estándar,1,pareja,agradable,la ubicación,el colchón no es acorde a un hotel de su cate5goria y precio. la atención podría haber sido más amable. y no nos pusieron en camas individuales como habíamos solicitado cuando sabíamos que había la posibilidad.,6.0,2025-07-04,fantástico
venecia plaza centro,españa,habitación estándar,1,pareja,decepcionada,ubicación,nos quedamos una noche más y les pedimos un favor y pasaron de nosotros nos cambiaron de habitación y nos dieron una más pequeña y más cara fue un poco decepcionante,5.0,2025-04-04,fantástico
venecia plaza centro,españa,habitación estándar,2,pareja,buena ubicación y aceptable si no eres exigente con el desayuno,ubicación,"baño muy pequeño, desayuno de supermercado",6.0,2025-02-11,fantástico
venecia plaza centro,españa,habitación estándar,1,pareja,decepcionante,,no nos gustó que nos dieran una habitación sin vistas cuando nos habían cobrado una habitación estándar con vistas. lo dijimos desde el primer momento pero decidieron darnos una que costaba menos de lo que habíamos reservado y pagado. una pena porque lo demás estuvo bien.,4.0,2025-01-23,fantástico
venecia plaza centro,estados unidos,habitación estándar,1,pareja,agradable,ubicación,ruido como de ratas en la noche en el techo de la habitación... imposible dormir asi,6.0,2024-11-20,fantástico
venecia plaza centro,españa,habitación doble económica con vistas al patio interior,1,familia,bien,,,7.0,2024-10-19,fantástico
venecia plaza centro,españa,habitación doble con balcón - plaza del ayuntamiento,1,pareja,inmejorable ubicación,la ubicación,qué estuviese roto un ascensor con la afluencia de gente que había el.fin.de.semana,7.0,2024-07-22,fantástico
venecia plaza centro,españa,habitación estándar,1,familia,bien,lo que más me gusto fue la ubicación del hotel. la habitación era pequeña pero lo tenía todo bien.,no me gusto que el aire acondicionado fuera ruidoso.,7.0,2024-06-26,fantástico
venecia plaza centro,españa,,1,pareja,bien,la ubicación,la decoración de la zona de entrada,7.0,2024-06-19,fantástico
venecia plaza centro,españa,habitación doble económica con vistas al patio interior,1,familia,decepcionante,"ubicación espectacular y mucha amabilidad del personal. ademas la idea de las taquillas para consigna, muy práctica.","pero la habitación sólo tenía una ventana a un patinillo de instalaciones de 1 m2 y había olor a humedad. me indicaron que en booking me tenían que haber avisado de que era totalmente interior y salvo error, no fue así. viajo constantemente y nunca habia estado en una habitación con ese precio sin luz natural ni ventilación.",4.0,2024-05-13,fantástico
venecia plaza centro,españa,habitación doble económica con vistas al patio interior,1,persona que viaja sola,bien,me gustó mucho la ubicación en la plaza.,la habitación era muy muy pequeñita.,7.0,2024-04-02,fantástico
venecia plaza centro,colombia,habitación estándar,1,pareja,bien ubicado,"buena ubicación, muy central",habitaciones pequeñas y no me gusta con bañera,7.0,2024-03-08,fantástico
venecia plaza centro,colombia,habitación cuádruple económica sin vistas,2,familia,cómoda.,todo bien,aun no sirven desayuno por reparaciones.,7.0,2024-01-20,fantástico
venecia plaza centro,españa,habitación estándar,1,pareja,agradable,ubicacion,no tenian servicio de desayunos,6.0,2024-01-15,fantástico
venecia plaza centro,españa,habitación estándar,2,persona que viaja sola,fantástica ubicación,"fantástica ubicación en pleno centro de valencia, cerca del metro y tren por si quieres moverte. la habitación genial con vistas a la plaza del ayto pero el.baño un poco pequeño.",el baño es algo pequeño.,7.0,2023-12-18,fantástico
venecia plaza centro,españa,habitación estándar,1,persona que viaja sola,normal,todo menos que habia mucho olor de cañerías en el baño,mucho olor a cañería en el baño a la noche y a la mañana,5.0,2023-12-11,fantástico
venecia plaza centro,españa,habitación estándar,3,pareja,bien,las almohadas eran buenas,el baño se veía un poco viejito,7.0,2023-12-02,fantástico
venecia plaza centro,españa,habitación doble económica con vistas al patio interior,1,persona que viaja sola,hotel sencillo y céntrico,la ubicación del hotel es excelente. en pleno centro de valencia y en calle peatonal. cerca de la zona turística,el desayuno es muy poco variado,7.0,2023-11-22,fantástico
venecia plaza centro,españa,,1,familia,bien,la ubicación perfecta,un poco caro,7.0,2023-11-12,fantástico
venecia plaza centro,españa,habitación doble económica con vistas al patio interior,1,pareja,agradable,la ubicación,"las habitaciones interiores , dan a un patio tan pequeño que prácticamente dan a una pared. no hay luz natural ni entra aire, sin ventilación. muy claustrofóbico, nada recomendable. muy bien situado, pero pagamos 140 euros por alojarnos en una habitación sin luz natural, sin ventilación y pequeña. las habitaciones exteriores serán otra cosa. mala experiencia, en los alrededores hay muchas y mejores opciones.",6.0,2023-10-31,fantástico
venecia plaza centro,españa,habitación doble económica con vistas al patio interior,1,pareja,agradable,la ubicación,la habitación era muy oscura,6.0,2023-10-11,fantástico
venecia plaza centro,españa,habitación doble económica con vistas al patio interior,3,pareja,decepcionante atención de las recepcionistas,la localización,"avisamos a recepción ya que nos despertaron unos ruidos, como martillazos, a las 7 de la mañana que duraron 2 horas. sorprendentemente las compañeras dudaron de la credibilidad del ruido incluso nos culparon por no haber avisado antes. no nos dieron ninguna solución como un cambio de habitación, ni siquiera una disculpa llegando a decirnos que podíamos dejar el hotel. fue decepcionante esa atención después de haber pagado un precio tan elevado en un hotel antiguo.",4.0,2023-07-19,fantástico
venecia plaza centro,argentina,habitación cuádruple económica sin vistas,2,familia,bien,estuvo bien.,,7.0,2023-07-15,fantástico
venecia plaza centro,colombia,habitación estándar,2,pareja,agradable,"la ubicacion es excelente, la limpieza de la habitación, el baño está recién remodelado","en el primer dia,el desayuno, los huevos cocidos estaban podridos  literalmente podridos , le habíamos a la camarera quien se disculpó y dijo que lo anotaroa, pero aún así nos hicieron el cobro en la recepcion, alegaron que no era culpa del hotel, pues ellos se los compran a un tercero, simplemente desastroso, eso en eeuu, cabe para demanda ante sanidad",6.0,2023-07-01,fantástico
venecia plaza centro,argentina,habitación estándar,2,pareja,bien,"ubicacion, limpieza , ropa de cama excelente!!!",habitación muy pequeña,7.0,2023-06-23,fantástico
venecia plaza centro,honduras,,3,familia,es muy caro para lo que ofrece,la ubicación del hotel,"la habitacion que me asignaron tenía una cama en pésimo estado, veniamos de realizar el camino de santiago y pasamos por valencia a reponernos, pero fue todonloncontratio, salímos con dolor de espalda y cuello. deberían de tener consideración con los huéspedes y proveer de camas cómodas. no pensaría nunca en volver a repetir en este hotel",3.0,2026-04-05,fantástico
venecia plaza centro,españa,,1,pareja,decepcionante,"la ubicación, muy céntrica","la habitación, interior con las ventanas a un patio interior y una pared a 2 metros de la ventana, sin nada de luz.",4.0,2026-02-13,fantástico
venecia plaza centro,españa,,1,familia,breve por suerte pues no estaba a gusto en la habitación.,ubicacion,"la habitación daba a un cielo abierto, y no fue la que yo reservé a traves de booking. además cuando me pasaron el hotel la reserva era otra habitación que admitieron que se equivocaron y no pude hacer el cambio porque segun me dijeron el hotel estaba al completo.",5.0,2025-10-28,fantástico
venecia plaza centro,méxico,,1,familia,es un hotel céntrico con todo necesario incluso para ir a la playa...llegas a dormir y ya esta.,"la habitación la contrate por booking, no se entiede que es una habitación interior y que el paisaje serán la tuberías de las conexiones eléctricas. tampoco que estas rodeada de otras habitaciones tan pequeñas y la tercera que las personas que te atienden serán tan directas y estrictas que si quieres algo...pues ya es la hora de salir, en que se terminó el desayuno o el check out y que si quieres algo ahí están los lockers para dejar tus maletas y ya esta. el mapa de la ciudad lo descubrí por casualidad, porqués aunque estaba en la llave...pues ahí esta... qué más quiere? lo mejor el desayuno inclusivo para veganos ...pero rapidito por favor .... no hay amabilidad en el servicio. y si te equivocas en el tipo de habitación, pues ni con costo adicional, eso contrato usted. lo mejor la ubicación y un taxista extrajero de uber que nos ha explicado más sobre la ciudad.",la falta de atención al cliente y que no te escuchen. las habitaciones son para pasar una noche y ya esta...no para descansar. hicieron tantas habitaciones que es imposible ventilar.,6.0,2025-07-19,fantástico
venecia plaza centro,españa,,2,familia,bien,ubicación y limpieza,habitación interior sin vistas y casi sin luz natural y baño muy pequeño,7.0,2025-06-02,fantástico
venecia plaza centro,españa,habitación estándar,1,familia,aceptable,ubicación y personal,"olor a tubería en el baño, hay extractor pero aún asi huele",5.0,2025-03-13,fantástico
venecia plaza centro,españa,habitación estándar,1,pareja,estancia en fallas 2025,la ubicación.,mala relación precio calidad .hotel reformado pero muy justito. olía mal en el pasillo. habitación pequeñísima y bastante incómoda. creo que no merece las estrellas que le dan.,7.0,2025-03-08,fantástico
venecia plaza centro,españa,habitación estándar,2,pareja,pésimo,,olor a cloaca en el baño y habitación. personal desagradable y sin educación.,1.0,2025-01-28,fantástico
venecia plaza centro,españa,,1,pareja,el precio de la habitacion solo corresponde a la ubicación.,la situación es espectacular y el edificio por fuera muy bonito,"estaban en obras en el hotel y se notó algo de ruido. la habitación muy muy justa de tamaño y con dos ventanas que daban a dos patinillos interiores. al hacer el check-in no se nos informó de como era la habitación. solo estuvimos una noche, por eso no pedimos el cambio. el desayuno normal. el personal del hotel de 10.",6.0,2024-12-27,fantástico
venecia plaza centro,españa,,1,pareja,no repetiremos.,la ubicación del hotel.,"un solo ascensor para todo el hotel, compartido con mujeres de la limpieza, mantenimiento, albañiles y clientes. la habitación de lo más pequeña que hemos estado nunca, el parking lejos del hotel, tienes que ir cargado hasta llegar a él ya que no puedes acceder al hotel con tu vehículo.",5.0,2024-11-21,fantástico
venecia plaza centro,españa,,1,familia,aceptable,el personal y la ubicación muy bien,"habitación 315 interior, muy calurosa. no sé podía abrir la ventana porque olía mal, a desagüe,",5.0,2024-11-11,fantástico
venecia plaza centro,argentina,habitación doble económica con vistas al patio interior,4,pareja,hotel centrico buen desayuno.,ubicacion,"la habitacion no tenia ventilacion, me extraña qie se permita en un hotel una habitacion tan precaria",5.0,2024-10-03,fantástico
venecia plaza centro,españa,habitación triple superior,1,grupo,alojamiento muy céntrico pero caro.,el hotel está muy céntrico,"de 2 ascensores , 1 no funcionaba pero vamos, que leyendo reseñas, lleva sin funcionar ya meses.",5.0,2024-08-15,fantástico
venecia plaza centro,españa,habitación estándar,2,pareja,agradable,la ubicación del hotel es muy buena y el personal muy amable. es un lugar seguro con muchos restaurantes cerca del hotel,no se puede parar delante del hotel para dejar las maletas. hay que cargar con las maletas desde el parking más cercano. los balconcillos están ocupados por el aire acondicionado y no se pueden usar. la bañera era muy pequeña y la habitación muy justa de tamaño. si vas con una maleta grande no la puedes tumbar en el suelo porque no hay espacio.,6.0,2024-08-13,fantástico
venecia plaza centro,españa,habitación doble económica con vistas al patio interior,2,familia,bien,ubicación.,el cuarto muy pequeño; hubo demasiado ruido pues estaban trabajando el cielo falso y uno de los dos ascensores no funcionaba. se tardaba mucho.,7.0,2024-08-07,fantástico
venecia plaza centro,españa,habitación doble económica con vistas al patio interior,1,pareja,pasable .,la ubicación inmejorable,"super pequeños pasillos , y al ser interior ,nada de luz y sensación de muy cerrado",5.0,2024-07-29,fantástico
venecia plaza centro,suiza,habitación estándar,1,familia,muy mal,la ubicación y el personal,la habitación muy pequeña. sobre todo el baño. además de incómodo no cuenta con seguridad a la hora de hacer el baño. de hecho sufrí una fuerte caída. no tenía de dónde agarrarme cuando resbalé y por ende tampoco ningún antiresbalante en el piso. muy mala experiencia para el precio pagado.,2.0,2024-02-29,fantástico
venecia plaza centro,españa,habitación doble económica con vistas al patio interior,1,pareja,mal,"la ubicación perfecta el baño muy limpio, la ducha estupenda",mintieron sobre las vistas...a un patio interior que no existe la habitación y el baño muy pequeños ruido de las tuberías muy temprano   en cuanto los otros huespedes comienzan a ducharse ya no se puede dormir,3.0,2024-02-17,fantástico
venecia plaza centro,alemania,habitación doble económica con vistas al patio interior,1,persona que viaja sola,muy mal,la ubicación,"el patio al final era un agujero para la tubería. no entraba nada de luz de día, y toda la noche había sonidos fuertes y muy extraños. no he dormido ni un segundo. tendrían que cumplir con lo que anuncian.",1.0,2023-12-25,fantástico
venecia plaza centro,españa,habitación estándar,1,pareja,regulín no. repito,ubicacion,tamaño habitación y fucha,5.0,2023-12-23,fantástico
venecia plaza centro,españa,habitación estándar,1,grupo,aceptable,,"era habitación con balcón, pero el aparato de aire acondicionado lo ocupaba entero",5.0,2023-11-20,fantástico
venecia plaza centro,españa,habitación doble económica con vistas al patio interior,1,persona que viaja sola,normalita,el desayuno y la ubicación,la dimensión de la habitación y el no tener nevera,5.0,2023-11-07,fantástico
venecia plaza centro,españa,habitación estándar,2,pareja,en galeras,la ubicación,"calidad precio muy mala, mala habitación",3.0,2023-10-01,fantástico
venecia plaza centro,españa,habitación doble económica con vistas al patio interior,1,pareja,aceptable,la ubicación,la habitación no tenía ventana,5.0,2023-08-01,fantástico
venecia plaza centro,méxico,habitación estándar,1,familia,la decoración excelente,los cuadros del loby,la habitación era muy pequeña,6.0,2023-07-03,fantástico
venecia plaza centro,francia,habitación estándar,1,familia,agradable,excelente ubicación. muy cerca de todo.,"habitaciones muy pequeñas. mucho ruido por la mañana. el ruido no provenía de la calle sino del interior, golpes de martillo muy fuertes toda la mañana. horrible!!",6.0,2023-05-02,fantástico
venecia plaza centro,españa,habitación doble económica con vistas al patio interior,1,familia,bien,la ubicacion del hotel y el personalque nos atendio.,que la habitacion no tuviese ni una sola ventana al exterior y que tuviese una cama supletoria cuando no la habiamos pedido,7.0,2023-04-17,fantástico
venecia plaza centro,españa,habitación doble estándar con vistas a la plaza del ayuntamiento,1,familia,aceptable,ubicación,"pequeño o minúsculo baño,caluroso",5.0,2025-10-05,fantástico
venecia plaza centro,colombia,,1,familia,solo por la ubicación,la ubicación es lo único que lo salva,habitaciones en regular estado  hotel viejo ,1.0,2025-09-19,fantástico
venecia plaza centro,bélgica,,2,persona que viaja sola,no regreso,,"las habitaciones tienen mal olor. los cubiertos del desayuno estan sucios y las llaves de las habitaciones pueden abrir varias puertas,no se siente seguridad.",1.0,2025-06-19,fantástico
venecia plaza centro,españa,habitación estándar,1,familia,mal,la ubicación,"en general calidad precio fatal ,la habitación muy pequeña y el colchón muy muy incómodo no dormimos nada",3.0,2025-04-26,fantástico
venecia plaza centro,españa,,1,grupo,decepcionante y engañado,la ubicacion,"la habitación era un zulo sin luz natural y a pesar detener dos ventanas, no entraba luz ya que tenía una pared de hormigón a 30 cm y esto a pesar de pagar 130  por esta habitación y la única solución que ofrecía el personal era pagar 40  más por otra habitación y estos precios en un hotel de    estrellas",1.0,2025-03-27,fantástico
venecia plaza centro,españa,habitación doble estándar con vistas a la plaza del ayuntamiento,1,pareja,"la ubicación muy buena , pero el",la ubicación muy buena en todo el centro,"no tienen parking, y has de dejar el coche super lejos del hotel para acceder a él, las habitaciones super pequeñas e incómodas de las pequeñas que son, el lavabo super pequeño, no te puedes mover, sales entras o te sientas el water no tienes otra opción. en el desayuno malísimo, habían pan podrido verde para comer, en fin no vuelvo más!",1.0,2025-02-23,fantástico
venecia plaza centro,españa,habitación doble con balcón - plaza del ayuntamiento,1,pareja,no fue lo que me esperaba,la ubicación excelente,"habitación muy pequeña, hacia mucho y el colchon muy duro.",5.0,2024-05-16,fantástico
venecia plaza centro,españa,habitación estándar,2,pareja,agradable,,"el hotel está bien y su ubicación es excelente ; pero nos sentimos sorprendidos por la desconsideración del hotel. nos dieron una habitación contigua a una que alquilan por horas para ver la mascletá , donde se organizan fiestas . lo mínimo que uno espera cuando va a un hotel de este precio es que le pongan en antecedentes . no volveremos .",6.0,2024-03-04,fantástico
venecia plaza centro,españa,habitación estándar,2,pareja,no pude descansar. mucho ruido,lo mejor del hotel la ubicación y la limpieza,"no pude descansar en todo el fin de semana. si tienes la mala suerte de que te toca en la primera planta en una de las habitaciones al lado de donde sirven el desayuno, olvídate de dormir una vez que empieza la gente a desayunar. habitaciones muy ruidosas que deberían eliminar, no es justo que no se pueda dormir a partir de cierta hora porque te ubiquen ahí. si hay gente a la que no le importa elegir ese tipo de habitaciones por la razón que sea que den opción a elegirlas, eso sí, el precio debería ser algo inferior porque las prestaciones no son las mismas que en el resto.",4.0,2023-11-20,fantástico
venecia plaza centro,españa,habitación doble económica con vistas al patio interior,2,familia,pésimo,"con la habitación que nos asignaron, la 115 imposible que nos gustara nada. para olvidar.","la habitación es un zulo total. podría ser más agradable dormir en un garaje. ya no es que no veas el sol, es que no tiene nada de luz. no distingues la noche del día. pero eso sí, el precio de hotel 4 estrellas, y no todo vale. estas habitaciones no se deberían permitir. y se me olvidaba, camas pequeñísimas e incómodas.",1.0,2023-09-26,fantástico
venecia plaza centro,españa,habitación doble económica con vistas al patio interior,2,familia,a disgusto,"en general los servicios me han parecido buenos, la limpieza muy buena y el desayuno también. no tengo queja del personal de recepción. la cama, las almohadas buenas.",pero nos dieron una habitación sin ventilación. con una ventana pequeña a un patio interior de 1x1. no entraba la luz natural de ninguna de las maneras. a medio reformar con el aire acondicionado dirigido a una de las camas individuales  desagradable . la peor habitación de la planta. he mirado en la web y he visto fotos que no coinciden con la habitación que nos dieron. no hubiera cogido habitación en este hotel sabiendo esto.,6.0,2023-08-31,fantástico
venecia plaza centro,uruguay,habitación estándar,3,familia,aceptable,la ubicación y el personal amable,"la habitación que nos dieron muy chica, mala disposición no se podía pasar a un lado de la cama. la habitación terrible.",5.0,2023-08-26,fantástico
venecia plaza centro,españa,habitación estándar,4,pareja,aceptable,"la ubicacion bien, el desayuno no lo hice","el tamaño de la habitacion y del baño es riidiculo. casi no nos podiamos mover por la habitacion, y no digamos en el baño",5.0,2023-05-26,fantástico
venecia plaza centro,españa,habitación doble económica con vistas al patio interior,1,persona que viaja sola,bien,la ubicación,comodidades muy limitadas,7.0,2024-03-09,fantástico
venecia plaza centro,españa,habitación doble económica con vistas al patio interior,2,pareja,satisfactoria,la ubicación y la vista hacia el centro de la ciudad y lo limpio y ordenado de la habitación,,10.0,2023-12-14,fantástico
venecia plaza centro,españa,habitación estándar,1,pareja,muy bien,ubicación,habitación un poco pequeña.,8.0,2023-12-09,fantástico
venecia plaza centro,españa,habitación estándar,1,persona que viaja sola,fantástico,la ubicación es perfecta.,que se oye algún que otro ruido de la gente.,9.0,2023-10-22,fantástico
venecia plaza centro,españa,habitación estándar,2,grupo,recomendación valencia,"ubicación muy buena, justo en el centro. la limpieza excelente y el personal muy amable. para su precio es una opción muy buena para visitar valencia.",---,10.0,2023-08-12,fantástico
venecia plaza centro,kosovo,habitación triple superior,2,familia,excepcional,,,10.0,2024-10-20,fantástico
venecia plaza centro,reino unido,habitación estándar,1,pareja,only stayed for one night but definitely would return if ever in valencia again cara feliz con ojos sonrientes,so close to everything cara sonriendo con ojos de corazón,,10.0,2024-09-11,fantástico
venecia plaza centro,italia,habitación triple económica con vistas al patio interior,2,familia,,,,8.0,2024-06-15,fantástico
venecia plaza centro,reino unido,habitación individual económica,2,persona que viaja sola,excepcional,      ,,10.0,2026-04-12,fantástico
venecia plaza centro,méxico,habitación doble estándar con vistas a la plaza del ayuntamiento,4,pareja,excepcional,la ubicacion es perfecta y la habitación estaba con buena vista.,la verdad todo súper bien,10.0,2026-04-07,fantástico
venecia plaza centro,españa,,1,familia,excepcional,"            ,                                       .",,10.0,2026-03-31,fantástico
venecia plaza centro,bulgaria,,3,grupo,excepcional,"                   ,                .                    .                      .                                                                      .",,10.0,2026-03-21,fantástico
venecia plaza centro,méxico,habitación triple económica con vistas al patio interior,2,grupo,céntrico y muy accesible.,super ubicado. relación calidad precio excelente.,,10.0,2026-03-13,fantástico
venecia plaza centro,méxico,,2,persona que viaja sola,excepcional,"su ubicación, su atención de calidad, el apoyo con recomendaciones de visitas y alimentos.",,10.0,2026-02-24,fantástico
venecia plaza centro,bulgaria,habitación estándar,3,familia,excepcional,"                  ,                     ,                            .                                     ,                       .",,10.0,2026-02-03,fantástico
venecia plaza centro,bulgaria,habitación estándar,4,familia,excepcional,"      !                 ,          ,           ,                              ,                                                         ,       ,                ,       ! 10 10.                                    ! corazón rojo",,10.0,2026-02-01,fantástico
venecia plaza centro,bulgaria,,4,familia,excepcional,"                          ,                                           ,                  ,           ,           .",,10.0,2026-01-31,fantástico
venecia plaza centro,portugal,,3,pareja,fantástico,localiza  o,,9.0,2026-01-28,fantástico
venecia plaza centro,ucrania,habitación estándar,2,persona que viaja sola,"                               !             .                                   -           .              ,          ","                               !             .                                   -           .              ,                            .",,10.0,2026-01-18,fantástico
venecia plaza centro,ucrania,,1,persona que viaja sola,excepcional,"                   ,                ,                            ",,10.0,2026-01-17,fantástico
venecia plaza centro,ucrania,,1,pareja,excepcional,"                   .                ,                            .                                    .             .            ,       ,           ,      .                                 ,                          .",,10.0,2026-01-11,fantástico
venecia plaza centro,méxico,,1,pareja,una gran ubicación y muy limpio,que tiene una gran ubicación,,9.0,2026-01-06,fantástico
venecia plaza centro,ucrania,habitación cuádruple superior,1,familia,excepcional,"                           .                     .        803      ,             .",,10.0,2025-12-06,fantástico
venecia plaza centro,brasil,,1,persona que viaja sola,fantástico,la ubicación es perfecta. también la estructura del hotel es muy buena!,,9.0,2025-12-04,fantástico
venecia plaza centro,ucrania,,1,grupo,excepcional,                                                 .                                     .,               ,10.0,2025-12-02,fantástico
venecia plaza centro,bulgaria,habitación estándar,1,familia,excepcional,               ..                             . .                        .                                        .                          .                 .              .,,10.0,2025-11-27,fantástico
venecia plaza centro,rusia,habitación estándar,1,pareja,excepcional,"                     !                              ,                  ,                  .",              .,10.0,2025-11-27,fantástico
venecia plaza centro,japón,habitación cuádruple superior,3,familia,  ,                                                           ,                                           ,8.0,2025-11-23,fantástico
venecia plaza centro,méxico,habitación estándar,1,persona que viaja sola,perfecta,amabilidad del personal y calidad precio,,10.0,2025-11-18,fantástico
venecia plaza centro,grecia,habitación doble estándar con vistas a la plaza del ayuntamiento,1,pareja,                                         !,                      .                                                               .                                         !,                                                                                               .,9.0,2025-11-16,fantástico
venecia plaza centro,méxico,,2,pareja,excelente hotel,la mejor ubicación y todo en general excelente desde la llegada. silencioso y el cuarto muy agradable y cómodo,ninguna queja,10.0,2025-11-04,fantástico
venecia plaza centro,bulgaria,habitación cuádruple estándar,4,familia,excepcional,"              ,        ,        ",                               ,10.0,2025-11-03,fantástico
venecia plaza centro,brasil,,2,pareja,fantástico,"localiza  o , quarto, conforto",,9.0,2025-10-11,fantástico
venecia plaza centro,bielorrusia,,3,pareja,                           .,"                          ,               ,                   ,         8      ,                   .                        .",                                   .,9.0,2025-10-02,fantástico
venecia plaza centro,méxico,,1,pareja,gran opción,gran ubicación e instalaciones,,10.0,2025-10-02,fantástico
venecia plaza centro,grecia,,7,pareja,fantástico,"          ,                               !               !                                                                            .                                      !                                                                                                                                                                        ",,9.0,2025-08-30,fantástico
venecia plaza centro,israel,habitación cuádruple superior,3,familia,fantástico,         .                              .                                            .           ,    ,9.0,2025-08-25,fantástico
venecia plaza centro,austria,habitación estándar,4,pareja,                cara sonriendo con estrellas,"              !                      ,                             ,                     ,           ,                                cara feliz con ojos sonrientes",,10.0,2025-08-01,fantástico
venecia plaza centro,bulgaria,,1,pareja,                  ,                                .,    ,10.0,2025-07-31,fantástico
venecia plaza centro,bulgaria,,4,familia,                     ,"                ,          ,                  .                         .                                     .                                                cara feliz con ojos sonrientes             -                       .","                                              ,                                  ,                                   cara radiante con ojos sonrientes",10.0,2025-07-28,fantástico
venecia plaza centro,hungría,habitación cuádruple superior,2,familia,excepcional,minden señal de aprobación con la mano corazón rojo,,10.0,2025-07-13,fantástico
venecia plaza centro,taiwán,habitación cuádruple económica sin vistas,2,familia,                                    ,                                 ,  ,10.0,2025-07-09,fantástico
venecia plaza centro,méxico,,1,pareja,"muy buen hotel, atención, habitación e instalaciones","habitación limpia, cómoda. ubicación céntrica. personal amable, lockers para dejar maletas.",no me gusta el olor a limpiador químico en la habitación pero es algo personal.,10.0,2025-07-07,fantástico
venecia plaza centro,ucrania,habitación estándar,2,familia,                                      .          -                       !,"               ,               .                     !",               !,10.0,2025-07-05,fantástico
venecia plaza centro,méxico,,2,grupo,fantástico,muy bien ubicado,no hubo botella de agua,9.0,2025-06-24,fantástico
venecia plaza centro,polonia,habitación estándar,1,pareja,excepcional,"          ,              ,                     .                       .                     .                                ,              ,                        .",,10.0,2025-06-23,fantástico
venecia plaza centro,kazajistán,habitación estándar,3,pareja,excepcional,"                         .                           !                                                  ,                     ,                       ,                                  ","            ,                                                                       !",10.0,2025-06-21,fantástico
venecia plaza centro,méxico,,1,pareja,el mejor hospedaje en valencia,"el desayuno es buenisimo, la ubicacion excelente! habitaciones amplias, limpias, con vistas a la ciudad. el personar muy amable, definitivamente la mejor opcion de hospedaje",,9.0,2025-06-15,fantástico
venecia plaza centro,méxico,habitación estándar,1,familia,calidad- precio inmejorable!,"el hotel es bellisimo, super ubicado, estas en el corazon de la hermosa valencia, a pasos del mercado, la plaza de toros y la estacion del tren. el desayuno buffet el mejor que he visto en españa, las habitaciones comodas, bien decoradas, limpias. el persona mas que amable... definitivo tengo un lugar favorito para hospedarme en valencia",,9.0,2025-06-15,fantástico
venecia plaza centro,brasil,habitación estándar,1,pareja,"ótima localiza  o, limpeza e atendimento muito bom do pessoal da recep  o",localiza  o,,9.0,2025-06-12,fantástico
venecia plaza centro,china,,3,pareja,               ,                  1            ,,9.0,2025-06-01,fantástico
venecia plaza centro,ucrania,,2,grupo,fantástico,                      .                     .                       .,"                                ,                           ,         ",9.0,2025-05-30,fantástico
venecia plaza centro,rusia,,1,familia,                                     ,"               !                            ,              20    , 17     .                          ,        ,        ,                           .                                        ,                        ,                         .        !",,10.0,2025-05-23,fantástico
venecia plaza centro,taiwán,habitación estándar,2,familia,fantástico,                              ,,9.0,2025-05-22,fantástico
venecia plaza centro,grecia,habitación doble estándar con vistas a la plaza del ayuntamiento,2,pareja,fantástico,         ,                                     ,9.0,2025-05-10,fantástico
venecia plaza centro,bulgaria,habitación triple económica con vistas al patio interior,3,familia,muy bien,                      .                                     .                                .,,8.0,2025-05-08,fantástico
venecia plaza centro,israel,,1,familia,excepcional,                   ,,10.0,2025-05-08,fantástico
venecia plaza centro,bulgaria,,1,pareja,excepcional,                        !,,10.0,2025-04-23,fantástico
venecia plaza centro,kazajistán,,2,pareja,          .,           .,"                         ,                        .",9.0,2025-04-05,fantástico
venecia plaza centro,bulgaria,habitación cuádruple estándar,2,familia,excepcional,: ,"         ,                      .",10.0,2025-03-27,fantástico
venecia plaza centro,rusia,,1,pareja,                   -                                         ,"                                                                  .           ,                        ,                                                .                                                           ,    ,     ,                     !                                                                                        .",                                 : ,10.0,2025-03-08,fantástico
venecia plaza centro,rusia,habitación estándar,3,persona que viaja sola,"             pulgar hacia arriba .       ,                      !","                      ,                                         .                     ,                     .                        .                               ,                      .",,10.0,2025-03-01,fantástico
venecia plaza centro,países bajos,habitación estándar,3,pareja,"fantastisch hotel, op een prachtlocatie!", , ,10.0,2025-02-17,fantástico
venecia plaza centro,china,habitación estándar,1,familia,       ,         ,,10.0,2025-02-16,fantástico
venecia plaza centro,grecia,,6,persona que viaja sola,fantástico,           ,,9.0,2025-02-09,fantástico
venecia plaza centro,corea del sur,habitación estándar,2,persona que viaja sola,excepcional,    !,,10.0,2025-02-05,fantástico
venecia plaza centro,polonia,habitación estándar,1,pareja,excepcional,"            ,       ,                      .                          .                        ,                       ,            .                      ,                      !                     ,                                     .                        .                             !",,10.0,2025-02-02,fantástico
venecia plaza centro,francia,habitación estándar,1,pareja,"                          ,                       !","                                                                    ,                                                    .                                                               .                         .",,10.0,2025-02-01,fantástico
venecia plaza centro,españa,habitación doble estándar con vistas a la plaza del ayuntamiento,1,pareja,excepcional,"                    ,                               ,                  .                      ,      .           ,                    ,                                 ",,10.0,2025-02-01,fantástico
venecia plaza centro,japón,habitación estándar,3,grupo,               ,                            ,                      ,10.0,2025-01-04,fantástico
venecia plaza centro,grecia,habitación doble estándar con vistas a la plaza del ayuntamiento,1,pareja,excepcional,                .                  .              .                 .,,10.0,2024-12-31,fantástico
venecia plaza centro,rusia,habitación estándar,1,persona que viaja sola,excepcional,"          ,                             .               ,         ,           .   ,                ,                        ,          ",,10.0,2024-12-26,fantástico
venecia plaza centro,estonia,habitación estándar,3,pareja,"                      ,               ,                       ,         5          ","               ,               ",,10.0,2024-12-16,fantástico
venecia plaza centro,países bajos,,3,pareja,"              ,                      ,                         .","                         !                       .                          .                              -      ,           ,            ,     .            .",,10.0,2024-12-02,fantástico
venecia plaza centro,israel,habitación doble deluxe - 1 o 2 camas,4,pareja,          ,                                          .         .           ,                                                            ,10.0,2024-11-29,fantástico
venecia plaza centro,méxico,,1,familia,hermosos hotel con una ubicación excepcional,ubicación perfecta y lugar muy bello,,10.0,2024-11-23,fantástico
venecia plaza centro,ucrania,habitación estándar,1,familia,excepcional,"                             !           ,                    ,               .                                          .                      ,       ,                       .                              ,                               :            ,                 ,    ,      ,      ,       ,         ,       ,                ,                              ,         ,       ,                     ,            .                                                               .                           ,                                                     .                        ,       ,     .                                     ,                                 .      ,                          .",,10.0,2024-11-03,fantástico
venecia plaza centro,israel,habitación triple superior,1,grupo,         ,"     ,          ,                 ",        ,9.0,2024-10-24,fantástico
venecia plaza centro,kazajistán,habitación doble con balcón - plaza del ayuntamiento,2,pareja,fantástico,"                  ,                                 ,                   ,               .","                                                    ,                             2                               : ",9.0,2024-10-16,fantástico
venecia plaza centro,grecia,habitación estándar,3,grupo,                   .,                            !              !                                    !                                  .,                                        .                                                    .,8.0,2024-09-21,fantástico
venecia plaza centro,portugal,habitación doble con balcón - plaza del ayuntamiento,3,pareja,fantástico,localiza  o,,9.0,2024-09-08,fantástico
venecia plaza centro,corea del sur,habitación cuádruple prémium,1,familia,      ,  .   .    .    .            .,       2    1         .                                                .,9.0,2024-08-25,fantástico
venecia plaza centro,japón,habitación triple superior,1,familia,                  ,             3                           ,          1                                                        ,9.0,2024-08-19,fantástico
venecia plaza centro,suiza,habitación triple superior,7,grupo,excepcional,-,-,10.0,2024-08-16,fantástico
venecia plaza centro,rusia,habitación doble económica con vistas al patio interior,1,persona que viaja sola,       !,                    ,,10.0,2024-06-29,fantástico
venecia plaza centro,bulgaria,habitación doble con balcón - plaza del ayuntamiento,4,familia,                  ,                                 .,        -                           ,10.0,2024-06-28,fantástico
venecia plaza centro,hungría,habitación estándar,1,pareja,fantástico,"                       ,                     .                              .                        ,          ",,9.0,2024-06-26,fantástico
venecia plaza centro,países bajos,habitación estándar,3,grupo,top weekend met onze familie gehad!!!,locatie een 10 vriendelijk personeel señal de aprobación con la mano,,9.0,2024-06-20,fantástico
venecia plaza centro,bulgaria,habitación cuádruple económica sin vistas,4,familia,excepcional,"                        ,      ,       ,                  ,               ,                                         ",,10.0,2024-06-19,fantástico
venecia plaza centro,grecia,habitación estándar,2,pareja,            ,                                    ,             ,8.0,2024-06-04,fantástico
venecia plaza centro,arabia saudí,habitación estándar,1,pareja,                                                            ,      ,    ,9.0,2024-05-26,fantástico
venecia plaza centro,méxico,habitación triple superior,2,familia,excelente,"atención, comodidad, ubicación",,10.0,2024-05-16,fantástico
venecia plaza centro,corea del sur,habitación doble con balcón - plaza del ayuntamiento,1,pareja,excepcional,"        ,              !",,10.0,2024-05-12,fantástico
venecia plaza centro,japón,,1,persona que viaja sola,                       ,                                                                                                                          ,                                                             ,10.0,2024-05-10,fantástico
venecia plaza centro,bulgaria,habitación triple superior,4,familia,fantástico,                      .                        .                           .,"                                                    .       23               ,                           .           ,             -                 ,        .",9.0,2024-05-06,fantástico
venecia plaza centro,brasil,habitación estándar,3,pareja,perfeita,localiza  o,,10.0,2024-05-04,fantástico
venecia plaza centro,china,habitación doble económica con vistas al patio interior,2,familia,     ,                                               24        ,,10.0,2024-05-03,fantástico
venecia plaza centro,ucrania,habitación doble económica con vistas al patio interior,2,pareja,"                     ,                                           ,                      ","                          ,                        ",                ,10.0,2024-04-19,fantástico
venecia plaza centro,méxico,habitación doble económica con vistas al patio interior,1,pareja,está súper céntrico,"habitación, trato personal",no funcionó el clima,9.0,2024-03-17,fantástico
venecia plaza centro,lituania,,1,familia,excepcional,"                                     ,                  .                                                     ,                      .","                     .                                          ,                   .",10.0,2024-03-14,fantástico
venecia plaza centro,españa,habitación estándar,1,persona que viaja sola,excepcional,"                                      .                    .              ,                                                            .        .",,10.0,2024-02-28,fantástico
venecia plaza centro,bulgaria,habitación estándar,4,familia,excepcional,                        .                            .               .,,10.0,2024-02-26,fantástico
venecia plaza centro,irlanda,habitación triple superior,4,familia,excepcional,"              ,                         !",               ,10.0,2024-02-23,fantástico
venecia plaza centro,méxico,habitación doble económica con vistas al patio interior,1,pareja,excelente ubicación,"ubicación, limpieza, cuentan con lockers para equipaje, desayuno buffet",,10.0,2024-02-14,fantástico
venecia plaza centro,brasil,habitación estándar,3,pareja,maravilhoso,tudo incrível!,,10.0,2024-02-08,fantástico
venecia plaza centro,italia,habitación estándar,4,pareja,un soggiorno meraviglioso,tutto corazón rojo,,10.0,2024-02-05,fantástico
venecia plaza centro,corea del sur,habitación estándar,1,familia,excepcional,                                   .                 .             .          .         ,,10.0,2024-02-04,fantástico
venecia plaza centro,corea del sur,habitación doble con balcón - plaza del ayuntamiento,2,persona que viaja sola,                           ,                                  .                                  ,   .2        5                .,10.0,2024-02-02,fantástico
venecia plaza centro,reino unido,habitación doble económica con vistas al patio interior,2,persona que viaja sola,                 ,                               ,                    ,10.0,2024-01-30,fantástico
venecia plaza centro,kazajistán,habitación triple superior,3,familia,excepcional,"                          ,                                          .                                   ",,10.0,2024-01-29,fantástico
venecia plaza centro,ucrania,habitación doble con balcón - plaza del ayuntamiento,1,pareja,                           ,"                          ,                     ,             ,               ",,10.0,2024-01-17,fantástico
venecia plaza centro,ucrania,habitación doble económica con vistas al patio interior,1,persona que viaja sola,               ,                ,"                                                                      .                                    .                      ,       .                                               ,        !                 .",8.0,2024-01-08,fantástico
venecia plaza centro,ucrania,,1,persona que viaja sola,excepcional,"                      !                    ,               ,                       .                 ,                    .                        ",,10.0,2024-01-05,fantástico
venecia plaza centro,uzbekistán,habitación doble económica con vistas al patio interior,2,familia,"             ,      ,      ,                     ",                    ,"                  ,                 ,                                     ",10.0,2023-12-28,fantástico
venecia plaza centro,corea del sur,habitación doble económica con vistas al patio interior,1,grupo,excepcional,"  ,   ,    ,        ,                   ",,10.0,2023-11-06,fantástico
venecia plaza centro,méxico,,1,grupo,hermoso hotel en el centro de valencia,"el hotel es un edificio en plena plaza de ayuntamiento, lo están remodelando y les está quedando muy bien, la habitación y el baño super enorme con vistas a la plaza, las camas super cómodas y el aire acondicionado al 100. el personal super amable y tienen lockers por si sales más tarde y computadoras con internet e impresiones gratis el desayuno buffet muy bueno.",por la remodelación había algo de ruido.,10.0,2023-10-27,fantástico
venecia plaza centro,suiza,habitación triple superior,2,familia,excepcional,,-,10.0,2023-10-27,fantástico
venecia plaza centro,rusia,habitación estándar,1,familia,excepcional,"                                  ,             ,                           .",              .,10.0,2023-10-02,fantástico
venecia plaza centro,méxico,habitación cuádruple prémium,1,familia,hospédate en el corazón de valencia,la excelente ubicación y la vista panorámica desde la terraza de la habitación,,10.0,2023-10-01,fantástico
venecia plaza centro,letonia,habitación estándar,1,pareja,excepcional,"                             .      ,       ,                .","                    ,                         ,                                                 .",10.0,2023-09-07,fantástico
venecia plaza centro,ucrania,habitación estándar,4,familia,                   ,"                 ,                   ,                      .","                          ,                                                              ,                                                                       ",10.0,2023-08-03,fantástico
venecia plaza centro,italia,,2,familia,,,,10.0,2023-06-16,fantástico
venecia plaza centro,brasil,habitación doble con balcón - plaza del ayuntamiento,2,familia,excelente,"localiza  o, conforto, limpeza.",,10.0,2023-06-14,fantástico
venecia plaza centro,francia,habitación estándar,3,pareja,,,,10.0,2023-06-12,fantástico
venecia plaza centro,españa,,1,familia,fantástico,habitació impoluta. bon esmorzar. confort. ubicació.,,9.0,2023-06-06,fantástico
venecia plaza centro,bulgaria,habitación estándar,2,familia,                                .,"                                         ,                                        .                                .                   .","                 ,                                     .                   .                                                     -     .",9.0,2023-05-16,fantástico
venecia plaza centro,brasil,habitación doble económica con vistas al patio interior,2,pareja,excepcional,localiza  o,,10.0,2023-04-26,fantástico
venecia plaza centro,grecia,,3,grupo,fantástico,                                                                          ,                                                                    ,9.0,2026-03-28,fantástico
venecia plaza centro,bulgaria,,3,pareja,fantástico,                                                       ,                        ,9.0,2026-02-21,fantástico
venecia plaza centro,brasil,habitación doble estándar con vistas a la plaza del ayuntamiento,2,pareja,fantástico,localiza  o fantástica.,,9.0,2025-10-05,fantástico
venecia plaza centro,rusia,,2,familia,fantástico,"                                     .                      ,                                                   .                  ,                                           .                                               .                     ,       ,            .",,9.0,2025-09-06,fantástico
venecia plaza centro,arabia saudí,,1,familia,fantástico,                                ......                                    ......                                         .....                                          ....                        17          30 .....            .....                               ...                                                  ......,                                                   ,9.0,2025-07-12,fantástico
venecia plaza centro,ucrania,suite superior,3,familia,fantástico,"                                                    .             ,                              .                   .                             .                             .                                                .                      .","                        ,                                                       .                                       ,                                ,                                    .",9.0,2025-03-29,fantástico
venecia plaza centro,kazajistán,habitación estándar,1,persona que viaja sola,muy bien,"             .                ,            ",              ,8.0,2025-02-05,fantástico
venecia plaza centro,méxico,habitación estándar,2,familia,comodidad,ubicación,,9.0,2025-01-23,fantástico
venecia plaza centro,méxico,habitación estándar,2,persona que viaja sola,fantástico,"en general el alojamiento bastante bien, buena ubicación, la limpieza bien, el personal muy amable, los servicios, no consume alimentos en el alojamiento.","el baño, despedía un olor muy extraño, como a drenaje, y al ser una habitación tan pequeña el olor era muy molesto.",9.0,2025-01-17,fantástico
venecia plaza centro,moldavia,habitación doble estándar con vistas a la plaza del ayuntamiento,1,pareja,"             ,             !","                             ,                    .                        .                                          .             !","                               ,             ,                                            ",9.0,2025-01-07,fantástico
venecia plaza centro,bulgaria,,3,familia,fantástico,"              .                                                                     .                                                                      .                   ,                          .                             .                      .",    ,9.0,2024-12-11,fantástico
venecia plaza centro,israel,,1,grupo,          ,"             ,                ","                                  5           ,                        ",9.0,2024-10-24,fantástico
venecia plaza centro,españa,habitación triple superior,1,pareja,                                                                     ,               !!!!,          ,8.0,2024-10-14,fantástico
venecia plaza centro,españa,habitación doble estándar con vistas a la plaza del ayuntamiento,1,pareja,muy bien,"                 ,                  .           :                                      .   ,                   .",,8.0,2024-09-13,fantástico
venecia plaza centro,méxico,habitación doble económica con vistas al patio interior,2,pareja,fantástico,ubicación,reducida la habitación,9.0,2024-09-12,fantástico
venecia plaza centro,corea del sur,habitación triple superior,1,familia,fantástico,                           .                                                       !,,9.0,2024-08-07,fantástico
venecia plaza centro,rusia,habitación estándar,1,pareja,fantástico,"                           ,                    3                 .                 .                 ,       1-2                      ",,9.0,2024-07-09,fantástico
venecia plaza centro,israel,habitación cuádruple superior,2,familia,                    ,"            ,                 ,               ",                   ,9.0,2024-06-11,fantástico
venecia plaza centro,china,,2,familia,fantástico,                                                              ,,9.0,2024-04-08,fantástico
venecia plaza centro,japón,habitación estándar,3,persona que viaja sola,                   ,                                               15                                                             709                                   5                                                                                                                                                                        3                    ,                                                                                                ,8.0,2024-03-07,fantástico
venecia plaza centro,alemania,habitación doble económica con vistas al patio interior,1,pareja,super pulgar hacia arriba,im ganzen war alles perfekt señal de aprobación con la mano,,10.0,2023-12-20,fantástico
venecia plaza centro,rusia,habitación doble económica con vistas al patio interior,1,familia,excepcional,                       .                                                        .                        .                                   .,              ,10.0,2023-07-27,fantástico
venecia plaza centro,arabia saudí,habitación estándar,1,persona que viaja sola,          ,                                                  ,    ,8.0,2023-06-29,fantástico
venecia plaza centro,grecia,habitación doble económica con vistas al patio interior,2,pareja,fantástico,                                                                .,,9.0,2023-06-04,fantástico
venecia plaza centro,alemania,habitación doble con balcón - plaza del ayuntamiento,2,persona que viaja sola,excepcional,      ,  ,10.0,2023-05-21,fantástico
venecia plaza centro,españa,,1,pareja,        ,               2                                   ,                                                                   ,9.0,2025-03-21,fantástico
venecia plaza centro,kazajistán,habitación estándar,1,persona que viaja sola,muy bien,            .                ,                   ,8.0,2025-02-04,fantástico
venecia plaza centro,españa,habitación estándar,1,familia,recomendado.,"la ubicación, central para todo y es un buen punto de partida para conocer el centro de valencia","lo blando del colchón, no soy de las personas a las que le gusta dormir en un colchón blando, pero las instalaciones son excelentes.",10.0,2024-04-19,fantástico
venecia plaza centro,ucrania,habitación estándar,1,grupo,"                    ,                        ,             ,                         ","                       ,                               .             ,             ,                ,                 .                          ,                  .               ,                  ,                ,                        ","                      ,                                                 ,                 ,                              ,                      3                               ,                                      ,                  .                    ,                                 .                     ,                   ,                  ,              .                           ,         ,                                             ,                     ,                                                         ",8.0,2024-03-07,fantástico
venecia plaza centro,méxico,,1,pareja,decepcionante,la ubicación,me dieron dos camas individuales cuando se solicitó una cama para dos personas y aún teniendo disponibilidad no me quisieron cambiar de cuarto y la respuesta del camarero fue muy grosera,4.0,2024-12-11,fantástico
venecia plaza centro,japón,,1,pareja,        ,  ,                                         2                                                                                                              2                                                              ,1.0,2024-10-03,fantástico
venecia plaza centro,japón,habitación cuádruple superior,2,familia,bien,                    ,,7.0,2024-03-23,fantástico
venecia plaza centro,españa,habitación estándar,1,familia,agradable,         ,507                             704    4       507     ,6.0,2023-09-09,fantástico
venecia plaza centro,españa,habitación estándar,1,pareja,muy buena ubicación,claro y limpio,"alojamiento pequeño, la puerta del baño no cierra.",6.0,2025-09-03,fantástico
venecia plaza centro,méxico,habitación estándar,1,pareja,excelente ubicación,la ubicación,habitación mini,7.0,2024-06-10,fantástico
venecia plaza centro,méxico,habitación doble económica con vistas al patio interior,2,pareja,buena ubicación pero cama muy mala,la ubicación espectacular,"la cama era muy incomoda y en la habitación parecía que siempre era de noche. podían ser 12 del día, 1 de la tarde o lo que sea, y la ventana siempre estaba obscura. no entraba nada de iluminación natural",6.0,2023-10-17,fantástico
venecia plaza centro,israel,habitación estándar,1,pareja,           ,,                                                                                                                     ,7.0,2023-10-04,fantástico
venecia plaza centro,méxico,habitación triple superior,2,pareja,aceptable,,me dieron en el piso 8 con ninguna vista !! solo veía azoteas!! desde que llegue quise cambiar a otra habitación y según estaba lleno el hotel lo cual no era cierto!,5.0,2023-05-31,fantástico
venecia plaza centro,españa,habitación doble con balcón - plaza del ayuntamiento,1,familia,  ,                       ,                      ,5.0,2023-05-03,fantástico
venecia plaza centro,ucrania,,2,pareja,bien,"                                        ,                                         ,                                         ,                               ","                                             .                                  4                   .                           ,                                      .                             ,                                                                               ",7.0,2025-07-03,fantástico
venecia plaza centro,rusia,habitación triple superior,1,familia,bien,                                    .                            .,                                       .                                .,7.0,2023-07-24,fantástico
venecia plaza centro,españa,,2,pareja,"muy agradable, todos muy amables. la habitación muy grande, acogedora.",,,10.0,2026-04-12,fantástico
venecia plaza centro,españa,habitación estándar,1,pareja,muy bien,,,8.0,2026-04-10,fantástico
venecia plaza centro,argentina,,3,grupo,fantástico,,,9.0,2026-04-07,fantástico
venecia plaza centro,españa,habitación doble estándar con vistas a la plaza del ayuntamiento,1,familia,excepcional,,,10.0,2026-03-21,fantástico
venecia plaza centro,españa,habitación cuádruple estándar,1,familia,muy bien,,,8.0,2026-03-19,fantástico
venecia plaza centro,españa,,1,pareja,fantástico,,,9.0,2026-03-18,fantástico
venecia plaza centro,españa,habitación estándar,3,familia,muy bien,,,8.0,2026-03-16,fantástico
venecia plaza centro,españa,,1,persona que viaja sola,excepcional,,,10.0,2026-03-13,fantástico
venecia plaza centro,españa,habitación estándar,1,familia,excepcional,,,10.0,2026-03-12,fantástico
venecia plaza centro,españa,habitación doble estándar con vistas a la plaza del ayuntamiento,1,familia,excepcional,,,10.0,2026-03-09,fantástico
venecia plaza centro,españa,habitación individual económica,1,persona que viaja sola,excepcional,,,10.0,2026-03-03,fantástico
venecia plaza centro,españa,habitación cuádruple económica sin vistas,3,grupo,excepcional,,,10.0,2026-02-23,fantástico
venecia plaza centro,españa,habitación doble estándar con vistas a la plaza del ayuntamiento,2,pareja,excepcional,,,10.0,2026-02-22,fantástico
venecia plaza centro,españa,habitación triple económica con vistas al patio interior,1,familia,fantástico,,,9.0,2026-02-22,fantástico
venecia plaza centro,españa,habitación doble estándar con vistas a la plaza del ayuntamiento,1,persona que viaja sola,excepcional,,,10.0,2026-02-22,fantástico
venecia plaza centro,españa,habitación estándar,1,pareja,fantástico,,,9.0,2026-02-08,fantástico
venecia plaza centro,españa,habitación triple económica con vistas al patio interior,2,familia,fantástico,,,9.0,2026-02-05,fantástico
venecia plaza centro,españa,habitación cuádruple superior,2,familia,fantástico,,,9.0,2026-02-02,fantástico
venecia plaza centro,españa,habitación doble estándar con vistas a la plaza del ayuntamiento,1,familia,excepcional,,,10.0,2026-02-02,fantástico
venecia plaza centro,españa,habitación estándar,1,persona que viaja sola,fantástico,,,9.0,2026-01-30,fantástico
venecia plaza centro,españa,habitación doble estándar con vistas a la plaza del ayuntamiento,1,familia,excepcional,,,10.0,2026-01-27,fantástico
venecia plaza centro,españa,habitación estándar,1,persona que viaja sola,fantástico,,,9.0,2026-01-27,fantástico
venecia plaza centro,panamá,habitación cuádruple estándar,2,familia,excepcional,,,10.0,2026-01-26,fantástico
venecia plaza centro,españa,,1,persona que viaja sola,fantástico,,,9.0,2026-01-25,fantástico
venecia plaza centro,españa,habitación triple económica con vistas al patio interior,1,grupo,excepcional,,,10.0,2026-01-24,fantástico
venecia plaza centro,españa,habitación triple económica con vistas al patio interior,1,familia,excepcional,,,10.0,2026-01-20,fantástico
venecia plaza centro,alemania,habitación triple económica con vistas al patio interior,1,familia,muy bien,,,8.0,2026-01-19,fantástico
venecia plaza centro,españa,habitación triple económica con vistas al patio interior,2,familia,excepcional,,,10.0,2026-01-19,fantástico
venecia plaza centro,españa,suite superior,1,pareja,excepcional,,,10.0,2026-01-17,fantástico
venecia plaza centro,chile,habitación estándar,1,pareja,fantástico,,,9.0,2026-01-15,fantástico
venecia plaza centro,españa,,1,grupo,excepcional,,,10.0,2026-01-13,fantástico
venecia plaza centro,españa,habitación cuádruple económica sin vistas,1,familia,excepcional,,,10.0,2026-01-05,fantástico
venecia plaza centro,españa,habitación cuádruple estándar,1,familia,excepcional,,,10.0,2026-01-05,fantástico
venecia plaza centro,españa,habitación estándar,1,pareja,muy agradecido. han sido parte de un magnífico final de año y entrada al nuevo.,,,10.0,2026-01-02,fantástico
venecia plaza centro,españa,habitación doble estándar con vistas a la plaza del ayuntamiento,2,pareja,excepcional,,,10.0,2025-12-30,fantástico
venecia plaza centro,españa,,1,pareja,fantástico,,,9.0,2025-12-30,fantástico
venecia plaza centro,españa,habitación estándar,3,pareja,excepcional,,,10.0,2025-12-29,fantástico
venecia plaza centro,españa,,1,persona que viaja sola,fantástico,,,9.0,2025-12-29,fantástico
venecia plaza centro,españa,,2,pareja,fantástico,,,9.0,2025-12-29,fantástico
venecia plaza centro,españa,habitación estándar,3,familia,excepcional,,,10.0,2025-12-28,fantástico
venecia plaza centro,españa,habitación estándar,1,familia,excepcional,,,10.0,2025-12-24,fantástico
venecia plaza centro,méxico,habitación cuádruple estándar,1,familia,fantástico,,,9.0,2025-12-24,fantástico
venecia plaza centro,españa,,1,pareja,fantástico,,,9.0,2025-12-21,fantástico
venecia plaza centro,españa,habitación estándar,1,familia,fantástico,,,9.0,2025-12-19,fantástico
venecia plaza centro,españa,habitación estándar,1,familia,excepcional,,,10.0,2025-12-17,fantástico
venecia plaza centro,estados unidos,habitación estándar,1,pareja,excepcional,,,10.0,2025-12-16,fantástico
venecia plaza centro,españa,,2,grupo,fantástico,,,9.0,2025-12-16,fantástico
venecia plaza centro,reino unido,,1,pareja,excepcional,,,10.0,2025-12-15,fantástico
venecia plaza centro,españa,,1,grupo,excepcional,,,10.0,2025-12-14,fantástico
venecia plaza centro,españa,habitación cuádruple estándar,1,familia,excepcional,,,10.0,2025-12-13,fantástico
venecia plaza centro,españa,habitación estándar,1,familia,muy bien,,,8.0,2025-12-11,fantástico
venecia plaza centro,españa,habitación doble estándar con vistas a la plaza del ayuntamiento,2,persona que viaja sola,excepcional,,,10.0,2025-12-06,fantástico
venecia plaza centro,suiza,habitación estándar,4,persona que viaja sola,fantástico,,,9.0,2025-11-25,fantástico
venecia plaza centro,españa,habitación doble estándar con vistas a la plaza del ayuntamiento,3,pareja,excepcional,,,10.0,2025-11-21,fantástico
venecia plaza centro,españa,,1,pareja,excepcional,,,10.0,2025-11-19,fantástico
venecia plaza centro,chile,,1,familia,fantástico,,,9.0,2025-11-14,fantástico
venecia plaza centro,españa,habitación doble estándar con vistas a la plaza del ayuntamiento,2,pareja,muy bien,,,8.0,2025-11-12,fantástico
venecia plaza centro,españa,habitación estándar,1,familia,fantástico,,,9.0,2025-11-10,fantástico
venecia plaza centro,colombia,habitación doble estándar con vistas a la plaza del ayuntamiento,2,pareja,fantástico,,,9.0,2025-11-07,fantástico
venecia plaza centro,españa,habitación cuádruple económica sin vistas,1,familia,fantástico,,,9.0,2025-11-03,fantástico
venecia plaza centro,españa,,1,pareja,fantástico,,,9.0,2025-11-01,fantástico
venecia plaza centro,españa,habitación estándar,1,persona que viaja sola,excepcional,,,10.0,2025-10-31,fantástico
venecia plaza centro,chile,,3,familia,excepcional,,,10.0,2025-10-30,fantástico
venecia plaza centro,españa,,1,pareja,excepcional,,,10.0,2025-10-30,fantástico
venecia plaza centro,españa,,1,grupo,excepcional,,,10.0,2025-10-26,fantástico
venecia plaza centro,españa,habitación cuádruple económica sin vistas,2,familia,excepcional,,,10.0,2025-10-24,fantástico
venecia plaza centro,españa,,2,grupo,excepcional,,,10.0,2025-10-23,fantástico
venecia plaza centro,españa,habitación doble estándar con vistas a la plaza del ayuntamiento,1,pareja,muy bien,,,8.0,2025-10-15,fantástico
venecia plaza centro,puerto rico,,2,grupo,excepcional,,,10.0,2025-10-13,fantástico
venecia plaza centro,españa,,1,persona que viaja sola,excepcional,,,10.0,2025-10-12,fantástico
venecia plaza centro,argentina,,3,grupo,excepcional,,,10.0,2025-10-11,fantástico
venecia plaza centro,argentina,habitación cuádruple estándar,1,familia,excepcional,,,10.0,2025-10-10,fantástico
venecia plaza centro,chile,habitación estándar,2,persona que viaja sola,excepcional,,,10.0,2025-10-04,fantástico
venecia plaza centro,perú,,2,persona que viaja sola,fantástico,,,9.0,2025-09-29,fantástico
venecia plaza centro,estados unidos,,2,familia,excepcional,,,10.0,2025-09-27,fantástico
venecia plaza centro,uruguay,habitación estándar,2,pareja,excepcional,,,10.0,2025-09-27,fantástico
venecia plaza centro,argentina,habitación estándar,2,persona que viaja sola,excepcional,,,10.0,2025-09-20,fantástico
venecia plaza centro,españa,habitación estándar,1,familia,excepcional,,,10.0,2025-09-16,fantástico
venecia plaza centro,reino unido,,2,pareja,muy bien,,,8.0,2025-09-10,fantástico
venecia plaza centro,españa,habitación estándar,3,familia,excepcional,,,10.0,2025-09-01,fantástico
venecia plaza centro,españa,,2,pareja,excepcional,,,10.0,2025-09-01,fantástico
venecia plaza centro,españa,habitación estándar,2,persona que viaja sola,fantástico,,,9.0,2025-08-30,fantástico
venecia plaza centro,españa,habitación doble estándar con vistas a la plaza del ayuntamiento,3,persona que viaja sola,genial,,,10.0,2025-08-26,fantástico
venecia plaza centro,argentina,habitación estándar,3,grupo,excepcional,,,10.0,2025-08-25,fantástico
venecia plaza centro,españa,habitación doble estándar con vistas a la plaza del ayuntamiento,1,pareja,excepcional,,,10.0,2025-08-25,fantástico
venecia plaza centro,españa,habitación estándar,1,familia,excepcional,,,10.0,2025-08-18,fantástico
venecia plaza centro,españa,,1,familia,excepcional,,,10.0,2025-08-16,fantástico
venecia plaza centro,españa,habitación estándar,1,pareja,excepcional,,,10.0,2025-08-12,fantástico
venecia plaza centro,argentina,habitación doble estándar con vistas a la plaza del ayuntamiento,2,familia,excepcional,,,10.0,2025-08-12,fantástico
venecia plaza centro,españa,,1,pareja,muy bien,,,8.0,2025-08-12,fantástico
venecia plaza centro,españa,habitación estándar,1,grupo,excepcional,,,10.0,2025-08-12,fantástico
venecia plaza centro,españa,,1,persona que viaja sola,muy bien,,,8.0,2025-08-12,fantástico
venecia plaza centro,españa,,1,persona que viaja sola,muy bien,,,8.0,2025-08-12,fantástico
venecia plaza centro,españa,habitación doble estándar con vistas a la plaza del ayuntamiento,1,familia,excepcional,,,10.0,2025-08-11,fantástico
venecia plaza centro,españa,habitación doble estándar con vistas a la plaza del ayuntamiento,1,pareja,excepcional,,,10.0,2025-08-11,fantástico
venecia plaza centro,españa,habitación triple superior,1,familia,fantástico,,,9.0,2025-08-11,fantástico
venecia plaza centro,españa,,2,pareja,muy bien,,,8.0,2025-08-11,fantástico
venecia plaza centro,españa,habitación doble estándar con vistas a la plaza del ayuntamiento,3,pareja,fantástico,,,9.0,2025-08-10,fantástico
venecia plaza centro,españa,habitación individual económica,1,persona que viaja sola,muy bien,,,8.0,2025-08-03,fantástico
venecia plaza centro,colombia,,2,pareja,fantástico,,,9.0,2025-07-31,fantástico
venecia plaza centro,españa,habitación cuádruple estándar,1,familia,fantástico,,,9.0,2025-07-30,fantástico
venecia plaza centro,suiza,,1,persona que viaja sola,fantástico,,,9.0,2025-07-27,fantástico
venecia plaza centro,españa,,1,persona que viaja sola,excepcional,,,10.0,2025-07-23,fantástico
venecia plaza centro,españa,habitación estándar,1,grupo,fantástico,,,9.0,2025-07-23,fantástico
venecia plaza centro,españa,habitación estándar,1,familia,excepcional,,,10.0,2025-07-23,fantástico
venecia plaza centro,españa,habitación estándar,2,familia,excepcional,,,10.0,2025-07-22,fantástico
venecia plaza centro,españa,habitación estándar,1,persona que viaja sola,fantástico,,,9.0,2025-07-21,fantástico
venecia plaza centro,españa,habitación triple económica con vistas al patio interior,1,grupo,excepcional,,,10.0,2025-07-21,fantástico
venecia plaza centro,españa,,1,pareja,excepcional,,,10.0,2025-07-20,fantástico
venecia plaza centro,españa,,2,persona que viaja sola,excepcional,,,10.0,2025-07-20,fantástico
venecia plaza centro,españa,habitación estándar,2,pareja,fantástico,,,9.0,2025-07-19,fantástico
venecia plaza centro,españa,habitación doble estándar con vistas a la plaza del ayuntamiento,1,familia,excepcional,,,10.0,2025-07-17,fantástico
venecia plaza centro,argentina,habitación estándar,3,familia,excepcional,,,10.0,2025-07-14,fantástico
venecia plaza centro,españa,,1,persona que viaja sola,excepcional,,,10.0,2025-07-12,fantástico
venecia plaza centro,españa,,1,grupo,fantástico,,,9.0,2025-07-10,fantástico
venecia plaza centro,españa,,1,grupo,fantástico,,,9.0,2025-07-08,fantástico
venecia plaza centro,españa,,2,pareja,fantástico,,,9.0,2025-07-07,fantástico
venecia plaza centro,españa,,3,familia,fantástico,,,9.0,2025-07-03,fantástico
venecia plaza centro,españa,habitación doble estándar con vistas a la plaza del ayuntamiento,1,pareja,excepcional,,,10.0,2025-07-01,fantástico
venecia plaza centro,españa,habitación cuádruple superior,1,grupo,excepcional,,,10.0,2025-06-30,fantástico
venecia plaza centro,españa,,2,familia,fantástico,,,9.0,2025-06-29,fantástico
venecia plaza centro,españa,,1,pareja,fantástico,,,9.0,2025-06-28,fantástico
venecia plaza centro,españa,habitación cuádruple estándar,3,familia,excepcional,,,10.0,2025-06-25,fantástico
venecia plaza centro,españa,habitación triple económica con vistas al patio interior,1,familia,excepcional,,,10.0,2025-06-22,fantástico
venecia plaza centro,españa,,1,familia,excepcional,,,10.0,2025-06-13,fantástico
venecia plaza centro,colombia,,2,familia,excepcional,,,10.0,2025-06-10,fantástico
venecia plaza centro,españa,habitación estándar,1,persona que viaja sola,fantástico,,,9.0,2025-06-06,fantástico
venecia plaza centro,españa,,1,familia,fantástico,,,9.0,2025-06-05,fantástico
venecia plaza centro,españa,,1,pareja,fantástico,,,9.0,2025-06-02,fantástico
venecia plaza centro,españa,habitación doble estándar con vistas a la plaza del ayuntamiento,4,familia,excepcional,,,10.0,2025-05-24,fantástico
venecia plaza centro,andorra,habitación estándar,1,pareja,muy bien,,,8.0,2025-05-23,fantástico
venecia plaza centro,españa,habitación individual económica,1,persona que viaja sola,muy bien,,,8.0,2025-05-18,fantástico
venecia plaza centro,españa,habitación triple económica con vistas al patio interior,1,familia,excepcional,,,10.0,2025-05-18,fantástico
venecia plaza centro,españa,,1,persona que viaja sola,fantástico,,,9.0,2025-05-17,fantástico
venecia plaza centro,españa,,1,pareja,excepcional,,,10.0,2025-05-14,fantástico
venecia plaza centro,españa,habitación doble estándar con vistas a la plaza del ayuntamiento,2,familia,excepcional,,,10.0,2025-05-08,fantástico
venecia plaza centro,españa,,1,pareja,excepcional,,,10.0,2025-05-05,fantástico
venecia plaza centro,españa,habitación individual económica,1,grupo,excepcional,,,10.0,2025-05-04,fantástico
venecia plaza centro,españa,,1,pareja,fantástico,,,9.0,2025-05-03,fantástico
venecia plaza centro,españa,habitación doble estándar con vistas a la plaza del ayuntamiento,1,pareja,fantástico,,,9.0,2025-04-30,fantástico
venecia plaza centro,españa,habitación estándar,2,pareja,muy bien,,,8.0,2025-04-25,fantástico
venecia plaza centro,españa,,2,pareja,muy bien,,,8.0,2025-04-23,fantástico
venecia plaza centro,españa,,1,grupo,excepcional,,,10.0,2025-04-23,fantástico
venecia plaza centro,españa,habitación estándar,1,familia,excepcional,,,10.0,2025-04-20,fantástico
venecia plaza centro,uruguay,habitación estándar,2,pareja,excepcional,,,10.0,2025-04-19,fantástico
venecia plaza centro,españa,,2,familia,fantástico,,,9.0,2025-04-19,fantástico
venecia plaza centro,españa,,1,familia,fantástico,,,9.0,2025-04-14,fantástico
venecia plaza centro,españa,habitación individual económica,1,persona que viaja sola,excepcional,,,10.0,2025-04-13,fantástico
venecia plaza centro,españa,habitación doble estándar con vistas a la plaza del ayuntamiento,1,familia,excepcional,,,10.0,2025-04-13,fantástico
venecia plaza centro,españa,,1,pareja,fantástico,,,9.0,2025-04-08,fantástico
venecia plaza centro,españa,,1,grupo,fantástico,,,9.0,2025-04-03,fantástico
venecia plaza centro,españa,habitación estándar,1,persona que viaja sola,excepcional,,,10.0,2025-04-03,fantástico
venecia plaza centro,estados unidos,habitación estándar,2,persona que viaja sola,excepcional,,,10.0,2025-03-28,fantástico
venecia plaza centro,españa,habitación estándar,1,persona que viaja sola,excepcional,,,10.0,2025-03-25,fantástico
venecia plaza centro,francia,,1,persona que viaja sola,muy bien,,,8.0,2025-03-22,fantástico
venecia plaza centro,españa,habitación estándar,1,persona que viaja sola,fantástico,,,9.0,2025-03-18,fantástico
venecia plaza centro,españa,,1,familia,excepcional,,,10.0,2025-03-17,fantástico
venecia plaza centro,españa,habitación cuádruple económica sin vistas,2,familia,excepcional,,,10.0,2025-03-17,fantástico
venecia plaza centro,españa,,1,persona que viaja sola,fantástico,,,9.0,2025-03-16,fantástico
venecia plaza centro,españa,,2,pareja,fantástico,,,9.0,2025-03-13,fantástico
venecia plaza centro,españa,,1,familia,excepcional,,,10.0,2025-03-09,fantástico
venecia plaza centro,ecuador,habitación triple económica con vistas al patio interior,2,familia,excepcional,,,10.0,2025-03-09,fantástico
venecia plaza centro,españa,,1,pareja,fantástico,,,9.0,2025-03-04,fantástico
venecia plaza centro,portugal,habitación estándar,1,familia,fantástico,,,9.0,2025-03-04,fantástico
venecia plaza centro,españa,,1,pareja,excepcional,,,10.0,2025-03-04,fantástico
venecia plaza centro,españa,habitación estándar,1,familia,fantástico,,,9.0,2025-03-02,fantástico
venecia plaza centro,españa,habitación estándar,1,familia,excepcional,,,10.0,2025-02-28,fantástico
venecia plaza centro,españa,habitación estándar,2,familia,excepcional,,,10.0,2025-02-26,fantástico
venecia plaza centro,españa,habitación individual económica,1,persona que viaja sola,fantástico,,,9.0,2025-02-26,fantástico
venecia plaza centro,españa,habitación triple económica con vistas al patio interior,1,grupo,fantástico,,,9.0,2025-02-25,fantástico
venecia plaza centro,españa,,1,pareja,excepcional,,,10.0,2025-02-24,fantástico
venecia plaza centro,españa,habitación cuádruple estándar,1,grupo,fantástico,,,9.0,2025-02-24,fantástico
venecia plaza centro,españa,habitación cuádruple estándar,1,grupo,fantástico,,,9.0,2025-02-23,fantástico
venecia plaza centro,israel,,3,pareja,excepcional,,,10.0,2025-02-20,fantástico
venecia plaza centro,españa,habitación estándar,1,pareja,fantástico,,,9.0,2025-02-18,fantástico
venecia plaza centro,españa,habitación triple económica con vistas al patio interior,1,pareja,fantástico,,,9.0,2025-02-16,fantástico
venecia plaza centro,españa,habitación doble estándar con vistas a la plaza del ayuntamiento,1,pareja,excepcional,,,10.0,2025-02-16,fantástico
venecia plaza centro,españa,habitación estándar,1,persona que viaja sola,fantástico,,,9.0,2025-02-16,fantástico
venecia plaza centro,españa,,1,pareja,excepcional,,,10.0,2025-02-16,fantástico
venecia plaza centro,españa,habitación doble estándar con vistas a la plaza del ayuntamiento,1,pareja,fantástico,,,9.0,2025-02-16,fantástico
venecia plaza centro,españa,habitación doble deluxe - 1 o 2 camas,2,persona que viaja sola,excepcional,,,10.0,2025-02-13,fantástico
venecia plaza centro,españa,habitación estándar,2,familia,excepcional,,,10.0,2025-02-06,fantástico
venecia plaza centro,españa,habitación estándar,1,pareja,excepcional,,,10.0,2025-02-05,fantástico
venecia plaza centro,españa,,1,pareja,muy bien,,,8.0,2025-01-28,fantástico
venecia plaza centro,uruguay,,2,familia,excepcional,,,10.0,2025-01-26,fantástico
venecia plaza centro,españa,habitación estándar,1,familia,excepcional,,,10.0,2025-01-25,fantástico
venecia plaza centro,españa,habitación cuádruple económica sin vistas,2,familia,muy bien,,,8.0,2025-01-23,fantástico
venecia plaza centro,españa,habitación estándar,2,familia,fantástico,,,9.0,2025-01-22,fantástico
venecia plaza centro,españa,,1,familia,excepcional,,,10.0,2025-01-22,fantástico
venecia plaza centro,españa,habitación estándar,1,familia,fantástico,,,9.0,2025-01-20,fantástico
venecia plaza centro,españa,habitación individual económica,1,persona que viaja sola,excepcional,,,10.0,2025-01-20,fantástico
venecia plaza centro,españa,habitación estándar,2,persona que viaja sola,excepcional,,,10.0,2025-01-19,fantástico
venecia plaza centro,españa,habitación estándar,1,persona que viaja sola,excepcional,,,10.0,2025-01-16,fantástico
venecia plaza centro,españa,habitación estándar,1,persona que viaja sola,fantástico,,,9.0,2025-01-15,fantástico
venecia plaza centro,españa,habitación estándar,1,persona que viaja sola,excepcional,,,10.0,2025-01-15,fantástico
venecia plaza centro,españa,habitación estándar,1,familia,excepcional,,,10.0,2025-01-14,fantástico
venecia plaza centro,españa,habitación doble deluxe - 1 o 2 camas,1,pareja,excepcional,,,10.0,2025-01-13,fantástico
venecia plaza centro,españa,habitación cuádruple estándar,1,familia,fantástico,,,9.0,2025-01-13,fantástico
venecia plaza centro,españa,,1,grupo,excepcional,,,10.0,2025-01-12,fantástico
venecia plaza centro,puerto rico,habitación doble deluxe - 1 o 2 camas,5,pareja,excepcional,,,10.0,2025-01-12,fantástico
venecia plaza centro,españa,,1,grupo,fantástico,,,9.0,2025-01-04,fantástico
venecia plaza centro,españa,habitación estándar,1,familia,fantástico,,,9.0,2025-01-02,fantástico
venecia plaza centro,españa,habitación doble económica con vistas al patio interior,5,familia,fantástico,,,9.0,2025-01-01,fantástico
venecia plaza centro,españa,,1,familia,fantástico,,,9.0,2025-01-01,fantástico
venecia plaza centro,españa,habitación estándar,1,familia,excepcional,,,10.0,2024-12-26,fantástico
venecia plaza centro,españa,,1,grupo,excepcional,,,10.0,2024-12-23,fantástico
venecia plaza centro,españa,,1,pareja,excepcional,,,10.0,2024-12-16,fantástico
venecia plaza centro,españa,habitación estándar,2,persona que viaja sola,fantástico,,,9.0,2024-12-14,fantástico
venecia plaza centro,españa,habitación estándar,3,pareja,excepcional,,,10.0,2024-12-13,fantástico
venecia plaza centro,españa,habitación estándar,1,persona que viaja sola,excepcional,,,10.0,2024-12-12,fantástico
venecia plaza centro,españa,habitación estándar,1,pareja,excepcional,,,10.0,2024-12-10,fantástico
venecia plaza centro,españa,habitación triple económica con vistas al patio interior,1,familia,muy bien,,,8.0,2024-12-09,fantástico
venecia plaza centro,españa,,1,familia,excepcional,,,10.0,2024-12-07,fantástico
venecia plaza centro,españa,habitación estándar,1,persona que viaja sola,excepcional,,,10.0,2024-12-07,fantástico
venecia plaza centro,españa,habitación estándar,2,pareja,excepcional,,,10.0,2024-12-07,fantástico
venecia plaza centro,españa,habitación cuádruple económica sin vistas,2,familia,excepcional,,,10.0,2024-12-06,fantástico
venecia plaza centro,españa,,1,persona que viaja sola,fantástico,,,9.0,2024-12-02,fantástico
venecia plaza centro,españa,habitación estándar,2,familia,excepcional,,,10.0,2024-12-01,fantástico
venecia plaza centro,españa,habitación estándar,1,pareja,muy bien,,,8.0,2024-11-29,fantástico
venecia plaza centro,españa,habitación doble estándar con vistas a la plaza del ayuntamiento,1,grupo,fantástico,,,9.0,2024-11-29,fantástico
venecia plaza centro,francia,habitación cuádruple prémium,2,grupo,excepcional,,,10.0,2024-11-26,fantástico
venecia plaza centro,españa,,2,familia,excepcional,,,10.0,2024-11-24,fantástico
venecia plaza centro,españa,,1,persona que viaja sola,fantástico,,,9.0,2024-11-22,fantástico
venecia plaza centro,españa,habitación estándar,1,persona que viaja sola,excepcional,,,10.0,2024-11-21,fantástico
venecia plaza centro,españa,,1,persona que viaja sola,excepcional,,,10.0,2024-11-20,fantástico
venecia plaza centro,españa,habitación doble estándar con vistas a la plaza del ayuntamiento,1,pareja,excepcional,,,10.0,2024-11-16,fantástico
venecia plaza centro,españa,habitación estándar,1,pareja,fantástico,,,9.0,2024-11-15,fantástico
venecia plaza centro,españa,habitación estándar,2,grupo,fantástico,,,9.0,2024-11-12,fantástico
venecia plaza centro,españa,habitación estándar,1,grupo,fantástico,,,9.0,2024-11-12,fantástico
venecia plaza centro,españa,,2,pareja,excepcional,,,10.0,2024-11-10,fantástico
venecia plaza centro,españa,,1,familia,excepcional,,,10.0,2024-11-09,fantástico
venecia plaza centro,españa,,1,familia,excepcional,,,10.0,2024-11-01,fantástico
venecia plaza centro,españa,habitación estándar,1,familia,muy bien,,,8.0,2024-11-01,fantástico
venecia plaza centro,españa,habitación estándar,4,pareja,fantástico,,,9.0,2024-11-01,fantástico
venecia plaza centro,españa,habitación estándar,2,grupo,fantástico,,,9.0,2024-10-29,fantástico
venecia plaza centro,argentina,habitación cuádruple económica sin vistas,2,familia,excepcional,,,10.0,2024-10-13,fantástico
venecia plaza centro,españa,habitación estándar,3,familia,excepcional,,,10.0,2024-10-12,fantástico
venecia plaza centro,españa,habitación estándar,4,familia,fantástico,,,9.0,2024-10-12,fantástico
venecia plaza centro,españa,,1,persona que viaja sola,excepcional,,,10.0,2024-10-12,fantástico
venecia plaza centro,argentina,habitación doble con balcón - plaza del ayuntamiento,3,persona que viaja sola,fantástico,,,9.0,2024-10-09,fantástico
venecia plaza centro,españa,,1,pareja,fantástico,,,9.0,2024-10-08,fantástico
venecia plaza centro,argentina,habitación estándar,3,pareja,excepcional,,,10.0,2024-10-08,fantástico
venecia plaza centro,españa,habitación estándar,1,grupo,fantástico,,,9.0,2024-10-04,fantástico
venecia plaza centro,españa,,1,pareja,excepcional,,,10.0,2024-09-29,fantástico
venecia plaza centro,argentina,habitación doble económica con vistas al patio interior,1,grupo,excepcional,,,10.0,2024-09-24,fantástico
venecia plaza centro,uruguay,habitación estándar,2,pareja,excepcional,,,10.0,2024-09-23,fantástico
venecia plaza centro,españa,habitación doble con balcón - plaza del ayuntamiento,3,persona que viaja sola,fantástico,,,9.0,2024-09-23,fantástico
venecia plaza centro,uruguay,habitación triple superior,3,familia,fantástico,,,9.0,2024-09-13,fantástico
venecia plaza centro,españa,habitación estándar,1,familia,excepcional,,,10.0,2024-09-11,fantástico
venecia plaza centro,guatemala,habitación estándar,1,persona que viaja sola,fantástico,,,9.0,2024-09-05,fantástico
venecia plaza centro,lituania,,1,pareja,excepcional,,,10.0,2024-09-02,fantástico
venecia plaza centro,argentina,habitación doble económica con vistas al patio interior,2,persona que viaja sola,excepcional,,,10.0,2024-09-01,fantástico
venecia plaza centro,españa,habitación estándar,1,familia,excepcional,,,10.0,2024-08-29,fantástico
venecia plaza centro,panamá,habitación triple superior,2,familia,excepcional,,,10.0,2024-08-29,fantástico
venecia plaza centro,españa,habitación cuádruple económica sin vistas,1,grupo,fantástico,,,9.0,2024-08-26,fantástico
venecia plaza centro,españa,habitación cuádruple prémium,1,grupo,muy bien,,,8.0,2024-08-25,fantástico
venecia plaza centro,españa,habitación estándar,5,pareja,fantástico,,,9.0,2024-08-21,fantástico
venecia plaza centro,españa,habitación doble con balcón - plaza del ayuntamiento,1,pareja,perfecto,,,9.0,2024-08-18,fantástico
venecia plaza centro,españa,habitación estándar,1,pareja,excepcional,,,10.0,2024-08-16,fantástico
venecia plaza centro,españa,habitación cuádruple prémium,1,grupo,excepcional,,,10.0,2024-08-14,fantástico
venecia plaza centro,españa,habitación triple superior,1,familia,excepcional,,,10.0,2024-08-12,fantástico
venecia plaza centro,españa,habitación doble económica con vistas al patio interior,1,pareja,fantástico,,,9.0,2024-08-12,fantástico
venecia plaza centro,españa,habitación doble económica con vistas al patio interior,1,familia,excepcional,,,10.0,2024-08-11,fantástico
venecia plaza centro,españa,habitación estándar,1,familia,fantástico,,,9.0,2024-08-11,fantástico
venecia plaza centro,españa,habitación cuádruple superior,1,familia,excepcional,,,10.0,2024-08-09,fantástico
venecia plaza centro,república dominicana,habitación cuádruple superior,1,familia,fantástico,,,9.0,2024-08-07,fantástico
venecia plaza centro,españa,habitación estándar,1,persona que viaja sola,fantástico,,,9.0,2024-08-06,fantástico
venecia plaza centro,españa,habitación doble económica con vistas al patio interior,1,familia,excepcional,,,10.0,2024-08-02,fantástico
venecia plaza centro,españa,habitación estándar,1,familia,excepcional,,,10.0,2024-07-29,fantástico
venecia plaza centro,argentina,habitación doble con balcón - plaza del ayuntamiento,2,pareja,muy bien,,,8.0,2024-07-26,fantástico
venecia plaza centro,españa,habitación estándar,1,persona que viaja sola,fantástico,,,9.0,2024-07-23,fantástico
venecia plaza centro,españa,habitación doble económica con vistas al patio interior,1,familia,excepcional,,,10.0,2024-07-18,fantástico
venecia plaza centro,españa,habitación doble económica con vistas al patio interior,1,familia,excepcional,,,10.0,2024-07-15,fantástico
venecia plaza centro,españa,habitación cuádruple superior,1,familia,fantástico,,,9.0,2024-07-15,fantástico
venecia plaza centro,españa,habitación estándar,2,pareja,excepcional,,,10.0,2024-07-14,fantástico
venecia plaza centro,españa,habitación doble económica con vistas al patio interior,2,grupo,excepcional,,,10.0,2024-07-11,fantástico
venecia plaza centro,españa,habitación estándar,2,persona que viaja sola,fantástico,,,9.0,2024-07-10,fantástico
venecia plaza centro,españa,habitación doble económica con vistas al patio interior,1,familia,excepcional,,,10.0,2024-07-08,fantástico
venecia plaza centro,españa,habitación estándar,2,familia,excepcional,,,10.0,2024-07-08,fantástico
venecia plaza centro,españa,,1,grupo,fantástico,,,9.0,2024-06-29,fantástico
venecia plaza centro,argentina,habitación cuádruple económica sin vistas,2,familia,excepcional,,,10.0,2024-06-22,fantástico
venecia plaza centro,españa,habitación doble económica con vistas al patio interior,1,persona que viaja sola,excepcional,,,10.0,2024-06-18,fantástico
venecia plaza centro,españa,,1,grupo,excepcional,,,10.0,2024-06-16,fantástico
venecia plaza centro,españa,habitación cuádruple prémium,1,familia,excepcional,,,10.0,2024-06-16,fantástico
venecia plaza centro,españa,,3,pareja,muy bien,,,8.0,2024-06-12,fantástico
venecia plaza centro,chile,,1,familia,fantástico,,,9.0,2024-06-10,fantástico
venecia plaza centro,españa,habitación cuádruple económica sin vistas,1,familia,excepcional,,,10.0,2024-06-03,fantástico
venecia plaza centro,españa,habitación individual económica sin ventana,3,persona que viaja sola,fantástico,,,9.0,2024-06-02,fantástico
venecia plaza centro,estados unidos,habitación doble con balcón - plaza del ayuntamiento,3,persona que viaja sola,excelente,,,10.0,2024-05-30,fantástico
venecia plaza centro,argentina,habitación estándar,3,pareja,excelente!,,,10.0,2024-05-26,fantástico
venecia plaza centro,españa,habitación doble económica con vistas al patio interior,1,persona que viaja sola,excepcional,,,10.0,2024-05-20,fantástico
venecia plaza centro,españa,habitación estándar,1,familia,excepcional,,,10.0,2024-05-19,fantástico
venecia plaza centro,españa,habitación cuádruple superior,1,familia,muy bien,,,8.0,2024-05-19,fantástico
venecia plaza centro,españa,habitación cuádruple económica sin vistas,1,familia,muy bien,,,8.0,2024-05-19,fantástico
venecia plaza centro,argentina,habitación estándar,1,pareja,excepcional,,,10.0,2024-05-18,fantástico
venecia plaza centro,francia,habitación estándar,3,familia,fantástico,,,9.0,2024-05-10,fantástico
venecia plaza centro,españa,habitación doble económica con vistas al patio interior,1,familia,excepcional,,,10.0,2024-05-07,fantástico
venecia plaza centro,españa,,2,pareja,fantástico,,,9.0,2024-05-04,fantástico
venecia plaza centro,panamá,habitación estándar,1,pareja,excepcional,,,10.0,2024-04-23,fantástico
venecia plaza centro,españa,habitación estándar,3,pareja,fantástico,,,9.0,2024-04-21,fantástico
venecia plaza centro,españa,habitación cuádruple superior,1,familia,excepcional,,,10.0,2024-04-14,fantástico
venecia plaza centro,españa,,1,familia,muy bien,,,8.0,2024-04-12,fantástico
venecia plaza centro,españa,habitación doble deluxe - 1 o 2 camas,2,pareja,excepcional,,,10.0,2024-04-07,fantástico
venecia plaza centro,españa,habitación doble económica con vistas al patio interior,1,pareja,excepcional,,,10.0,2024-04-05,fantástico
venecia plaza centro,españa,habitación estándar,1,pareja,excepcional,,,10.0,2024-04-05,fantástico
venecia plaza centro,españa,habitación cuádruple prémium,1,familia,excepcional,,,10.0,2024-03-29,fantástico
venecia plaza centro,españa,habitación doble económica con vistas al patio interior,1,pareja,fantástico,,,9.0,2024-03-28,fantástico
venecia plaza centro,españa,habitación estándar,4,persona que viaja sola,fantástico,,,9.0,2024-03-27,fantástico
venecia plaza centro,españa,habitación estándar,2,grupo,muy bien,,,8.0,2024-03-27,fantástico
venecia plaza centro,españa,habitación doble económica con vistas al patio interior,2,familia,excepcional,,,10.0,2024-03-17,fantástico
venecia plaza centro,españa,habitación cuádruple prémium,1,familia,fantástico,,,9.0,2024-03-17,fantástico
venecia plaza centro,españa,habitación triple superior,1,familia,excelente,,,10.0,2024-03-15,fantástico
venecia plaza centro,españa,habitación doble económica con vistas al patio interior,1,pareja,excepcional,,,10.0,2024-03-14,fantástico
venecia plaza centro,españa,habitación estándar,1,pareja,excepcional,,,10.0,2024-03-13,fantástico
venecia plaza centro,españa,habitación doble con balcón - plaza del ayuntamiento,1,pareja,fantástico,,,9.0,2024-03-10,fantástico
venecia plaza centro,españa,habitación estándar,2,familia,fantástico,,,9.0,2024-03-07,fantástico
venecia plaza centro,españa,habitación estándar,1,grupo,excepcional,,,10.0,2024-03-04,fantástico
venecia plaza centro,españa,habitación doble económica con vistas al patio interior,1,pareja,excepcional,,,10.0,2024-03-03,fantástico
venecia plaza centro,méxico,habitación doble económica con vistas al patio interior,1,familia,excepcional,,,10.0,2024-02-24,fantástico
venecia plaza centro,españa,habitación cuádruple prémium,1,familia,excepcional,,,10.0,2024-02-15,fantástico
venecia plaza centro,españa,habitación cuádruple superior,2,familia,escapada perfecta,,,10.0,2024-02-14,fantástico
venecia plaza centro,españa,habitación cuádruple prémium,1,grupo,excepcional,,,10.0,2024-02-11,fantástico
venecia plaza centro,españa,habitación doble económica con vistas al patio interior,1,persona que viaja sola,muy bien,,,8.0,2024-02-08,fantástico
venecia plaza centro,españa,habitación cuádruple superior,1,familia,excepcional,,,10.0,2024-02-07,fantástico
venecia plaza centro,españa,habitación estándar,3,pareja,fantástico,,,9.0,2024-02-05,fantástico
venecia plaza centro,españa,habitación estándar,1,pareja,muy bien,,,8.0,2024-02-04,fantástico
venecia plaza centro,españa,habitación estándar,1,grupo,excepcional,,,10.0,2024-02-04,fantástico
venecia plaza centro,españa,habitación doble económica con vistas al patio interior,3,persona que viaja sola,excepcional,,,10.0,2024-02-02,fantástico
venecia plaza centro,nicaragua,habitación doble deluxe - 1 o 2 camas,2,persona que viaja sola,excepcional,,,10.0,2024-02-01,fantástico
venecia plaza centro,españa,habitación cuádruple prémium,1,grupo,excepcional,,,10.0,2024-02-01,fantástico
venecia plaza centro,españa,habitación estándar,1,pareja,fantástico,,,9.0,2024-01-28,fantástico
venecia plaza centro,españa,habitación estándar,1,familia,fantástico,,,9.0,2024-01-26,fantástico
venecia plaza centro,españa,habitación estándar,1,persona que viaja sola,muy bien,,,8.0,2024-01-24,fantástico
venecia plaza centro,españa,habitación doble con balcón - plaza del ayuntamiento,1,familia,fantástico,,,9.0,2024-01-24,fantástico
venecia plaza centro,españa,habitación cuádruple superior,3,familia,fantástico,,,9.0,2024-01-23,fantástico
venecia plaza centro,españa,habitación estándar,2,pareja,excepcional,,,10.0,2024-01-22,fantástico
venecia plaza centro,españa,,1,familia,excepcional,,,10.0,2024-01-19,fantástico
venecia plaza centro,españa,,2,pareja,fantástico,,,9.0,2024-01-18,fantástico
venecia plaza centro,españa,habitación doble con balcón - plaza del ayuntamiento,2,pareja,hotel perfecto,,,8.0,2024-01-17,fantástico
venecia plaza centro,españa,habitación estándar,1,persona que viaja sola,muy bien,,,8.0,2024-01-17,fantástico
venecia plaza centro,españa,habitación doble económica con vistas al patio interior,3,pareja,fantástico,,,9.0,2024-01-16,fantástico
venecia plaza centro,españa,habitación triple superior,1,familia,excepcional,,,10.0,2024-01-15,fantástico
venecia plaza centro,españa,,2,grupo,excepcional,,,10.0,2024-01-14,fantástico
venecia plaza centro,españa,habitación cuádruple superior,1,familia,excepcional,,,10.0,2024-01-12,fantástico
venecia plaza centro,españa,habitación cuádruple económica sin vistas,1,familia,fantástico,,,9.0,2024-01-10,fantástico
venecia plaza centro,españa,habitación estándar,1,pareja,muy bien,,,8.0,2024-01-10,fantástico
venecia plaza centro,españa,habitación estándar,3,pareja,fantástico,,,9.0,2024-01-09,fantástico
venecia plaza centro,españa,habitación doble económica con vistas al patio interior,1,familia,excepcional,,,10.0,2024-01-08,fantástico
venecia plaza centro,españa,habitación doble económica con vistas al patio interior,1,familia,excepcional,,,10.0,2024-01-08,fantástico
venecia plaza centro,españa,habitación estándar,3,familia,excepcional,,,10.0,2024-01-05,fantástico
venecia plaza centro,españa,habitación estándar,1,pareja,fantástico,,,9.0,2024-01-03,fantástico
venecia plaza centro,italia,habitación individual económica sin ventana,2,persona que viaja sola,muy bien,,,8.0,2024-01-02,fantástico
venecia plaza centro,españa,habitación estándar,1,familia,excepcional,,,10.0,2024-01-02,fantástico
venecia plaza centro,méxico,habitación doble económica con vistas al patio interior,4,pareja,fantástico,,,9.0,2024-01-01,fantástico
venecia plaza centro,españa,habitación doble económica con vistas al patio interior,1,familia,fantástico,,,9.0,2023-12-29,fantástico
venecia plaza centro,españa,habitación doble económica con vistas al patio interior,1,pareja,excepcional,,,10.0,2023-12-29,fantástico
venecia plaza centro,españa,habitación doble económica con vistas al patio interior,1,grupo,fantástico,,,9.0,2023-12-26,fantástico
venecia plaza centro,españa,,4,familia,fantástico,,,9.0,2023-12-25,fantástico
venecia plaza centro,españa,habitación cuádruple prémium,1,familia,excepcional,,,10.0,2023-12-23,fantástico
venecia plaza centro,españa,habitación cuádruple económica sin vistas,1,grupo,"todo genial, repetiria!",,,9.0,2023-12-23,fantástico
venecia plaza centro,españa,habitación estándar,2,familia,fantástico,,,9.0,2023-12-23,fantástico
venecia plaza centro,francia,habitación doble con balcón - plaza del ayuntamiento,1,persona que viaja sola,excepcional,,,10.0,2023-12-22,fantástico
venecia plaza centro,españa,habitación doble económica con vistas al patio interior,1,pareja,fantástico,,,9.0,2023-12-22,fantástico
venecia plaza centro,españa,habitación estándar,1,familia,excepcional,,,10.0,2023-12-22,fantástico
venecia plaza centro,españa,habitación doble económica con vistas al patio interior,1,pareja,fantástico,,,9.0,2023-12-20,fantástico
venecia plaza centro,españa,habitación doble económica con vistas al patio interior,1,pareja,excepcional,,,10.0,2023-12-20,fantástico
venecia plaza centro,argentina,habitación estándar,3,pareja,fantástico,,,9.0,2023-12-19,fantástico
venecia plaza centro,españa,habitación doble económica con vistas al patio interior,1,pareja,excepcional,,,10.0,2023-12-19,fantástico
venecia plaza centro,españa,habitación cuádruple económica sin vistas,1,familia,excepcional,,,10.0,2023-12-17,fantástico
venecia plaza centro,españa,,1,pareja,fantástico,,,9.0,2023-12-16,fantástico
venecia plaza centro,españa,habitación doble económica con vistas al patio interior,1,pareja,excepcional,,,10.0,2023-12-11,fantástico
venecia plaza centro,italia,habitación triple superior,3,grupo,excepcional,,,10.0,2023-12-11,fantástico
venecia plaza centro,españa,habitación cuádruple superior,1,familia,excepcional,,,10.0,2023-12-11,fantástico
venecia plaza centro,españa,habitación estándar,3,familia,fantástico,,,9.0,2023-12-10,fantástico
venecia plaza centro,españa,habitación estándar,2,pareja,excepcional,,,10.0,2023-12-10,fantástico
venecia plaza centro,españa,habitación triple superior,2,grupo,excepcional,,,10.0,2023-12-10,fantástico
venecia plaza centro,españa,habitación doble con balcón - plaza del ayuntamiento,1,pareja,excepcional,,,10.0,2023-12-08,fantástico
venecia plaza centro,españa,habitación doble económica con vistas al patio interior,1,familia,fantástico,,,9.0,2023-12-07,fantástico
venecia plaza centro,españa,habitación doble económica con vistas al patio interior,1,familia,excepcional,,,10.0,2023-12-06,fantástico
venecia plaza centro,españa,habitación estándar,1,familia,excepcional,,,10.0,2023-12-05,fantástico
venecia plaza centro,españa,habitación estándar,2,pareja,fantástico,,,9.0,2023-12-04,fantástico
venecia plaza centro,españa,habitación cuádruple económica sin vistas,1,familia,excepcional,,,10.0,2023-12-03,fantástico
venecia plaza centro,españa,habitación cuádruple prémium,1,grupo,excepcional,,,10.0,2023-12-03,fantástico
venecia plaza centro,españa,habitación doble económica con vistas al patio interior,1,pareja,excepcional,,,10.0,2023-12-03,fantástico
venecia plaza centro,españa,habitación cuádruple económica sin vistas,2,familia,fantástico,,,9.0,2023-11-27,fantástico
venecia plaza centro,italia,habitación cuádruple superior,3,grupo,excepcional,,,10.0,2023-11-26,fantástico
venecia plaza centro,españa,habitación estándar,2,familia,excepcional,,,10.0,2023-11-24,fantástico
venecia plaza centro,españa,habitación estándar,1,familia,excepcional,,,10.0,2023-11-22,fantástico
venecia plaza centro,,habitación doble económica con vistas al patio interior,4,familia,excepcional,,,10.0,2023-11-18,fantástico
venecia plaza centro,españa,habitación doble con balcón - plaza del ayuntamiento,1,pareja,fantástico,,,9.0,2023-11-13,fantástico
venecia plaza centro,españa,habitación estándar,2,familia,fantástico,,,9.0,2023-11-13,fantástico
venecia plaza centro,españa,habitación cuádruple económica sin vistas,1,familia,fantástico,,,9.0,2023-11-10,fantástico
venecia plaza centro,españa,habitación estándar,1,pareja,fantástico,,,9.0,2023-11-08,fantástico
venecia plaza centro,argentina,habitación estándar,1,pareja,excepcional,,,10.0,2023-11-07,fantástico
venecia plaza centro,españa,habitación estándar,1,grupo,fantástico,,,9.0,2023-11-06,fantástico
venecia plaza centro,españa,habitación estándar,1,pareja,genial,,,9.0,2023-11-02,fantástico
venecia plaza centro,españa,habitación doble con balcón - plaza del ayuntamiento,1,pareja,muy bien,,,8.0,2023-11-01,fantástico
venecia plaza centro,españa,habitación cuádruple prémium,1,familia,excepcional,,,10.0,2023-10-31,fantástico
venecia plaza centro,españa,habitación doble deluxe - 1 o 2 camas,1,pareja,excepcional,,,10.0,2023-10-30,fantástico
venecia plaza centro,chile,habitación estándar,1,pareja,excepcional,,,10.0,2023-10-24,fantástico
venecia plaza centro,españa,habitación estándar,1,pareja,excepcional,,,10.0,2023-10-22,fantástico
venecia plaza centro,españa,habitación estándar,1,persona que viaja sola,hotel precioso en una ciudad maravillosa,,,10.0,2023-10-20,fantástico
venecia plaza centro,españa,habitación estándar,1,familia,excepcional,,,10.0,2023-10-17,fantástico
venecia plaza centro,españa,habitación estándar,2,familia,excepcional,,,10.0,2023-10-14,fantástico
venecia plaza centro,españa,habitación triple superior,4,grupo,fantástico,,,9.0,2023-10-07,fantástico
venecia plaza centro,españa,habitación estándar,1,pareja,excepcional,,,10.0,2023-10-04,fantástico
venecia plaza centro,españa,habitación triple superior,1,grupo,fantástico,,,9.0,2023-10-02,fantástico
venecia plaza centro,españa,habitación estándar,1,pareja,excepcional,,,10.0,2023-10-02,fantástico
venecia plaza centro,españa,,1,grupo,excepcional,,,10.0,2023-09-26,fantástico
venecia plaza centro,españa,habitación doble con balcón - plaza del ayuntamiento,1,grupo,excepcional,,,10.0,2023-09-25,fantástico
venecia plaza centro,españa,habitación estándar,1,pareja,excepcional,,,10.0,2023-09-25,fantástico
venecia plaza centro,españa,habitación doble económica con vistas al patio interior,1,pareja,fantástico,,,9.0,2023-09-25,fantástico
venecia plaza centro,españa,habitación estándar,1,pareja,excepcional,,,10.0,2023-09-25,fantástico
venecia plaza centro,españa,habitación triple económica con vistas al patio interior,1,familia,muy bien,,,8.0,2023-09-25,fantástico
venecia plaza centro,españa,habitación estándar,1,pareja,fantástico,,,9.0,2023-09-23,fantástico
venecia plaza centro,españa,habitación doble económica con vistas al patio interior,1,persona que viaja sola,muy buena relación calidad precio y la habitación excelente,,,9.0,2023-09-20,fantástico
venecia plaza centro,españa,habitación doble con balcón - plaza del ayuntamiento,1,pareja,excepcional,,,10.0,2023-09-18,fantástico
venecia plaza centro,españa,,1,pareja,excepcional,,,10.0,2023-09-14,fantástico
venecia plaza centro,colombia,habitación cuádruple económica sin vistas,1,familia,excepcional,,,10.0,2023-09-12,fantástico
venecia plaza centro,españa,habitación cuádruple prémium,2,grupo,excepcional,,,10.0,2023-09-11,fantástico
venecia plaza centro,reino unido,,1,pareja,fantástico,,,9.0,2023-09-09,fantástico
venecia plaza centro,españa,habitación cuádruple superior,2,familia,excepcional,,,10.0,2023-09-09,fantástico
venecia plaza centro,españa,habitación cuádruple económica sin vistas,1,familia,excepcional,,,10.0,2023-09-06,fantástico
venecia plaza centro,españa,habitación estándar,1,familia,excepcional,,,10.0,2023-09-06,fantástico
venecia plaza centro,españa,habitación doble con balcón - plaza del ayuntamiento,1,persona que viaja sola,excepcional,,,10.0,2023-09-05,fantástico
venecia plaza centro,españa,habitación estándar,1,persona que viaja sola,excepcional,,,10.0,2023-09-03,fantástico
venecia plaza centro,españa,habitación cuádruple superior,4,familia,excepcional,,,10.0,2023-09-02,fantástico
venecia plaza centro,españa,habitación triple superior,1,familia,fantástico,,,9.0,2023-09-01,fantástico
venecia plaza centro,españa,habitación cuádruple económica sin vistas,1,grupo,excepcional,,,10.0,2023-09-01,fantástico
venecia plaza centro,españa,habitación estándar,3,pareja,excepcional,,,10.0,2023-08-31,fantástico
venecia plaza centro,españa,habitación doble económica con vistas al patio interior,1,pareja,excepcional,,,10.0,2023-08-31,fantástico
venecia plaza centro,españa,habitación estándar,1,persona que viaja sola,excepcional,,,10.0,2023-08-29,fantástico
venecia plaza centro,españa,habitación estándar,4,pareja,excepcional,,,10.0,2023-08-28,fantástico
venecia plaza centro,españa,habitación doble con balcón - plaza del ayuntamiento,1,pareja,fantástico,,,9.0,2023-08-25,fantástico
venecia plaza centro,argentina,,1,pareja,diez puntos,,,10.0,2023-08-23,fantástico
venecia plaza centro,españa,,5,familia,fantástico,,,9.0,2023-08-18,fantástico
venecia plaza centro,argentina,habitación triple superior,1,pareja,excepcional,,,10.0,2023-08-16,fantástico
venecia plaza centro,españa,habitación doble con balcón - plaza del ayuntamiento,1,pareja,muy bien,,,8.0,2023-08-16,fantástico
venecia plaza centro,españa,habitación doble económica con vistas al patio interior,2,familia,fantástico,,,9.0,2023-08-16,fantástico
venecia plaza centro,españa,habitación doble con balcón - plaza del ayuntamiento,2,grupo,fantástico,,,9.0,2023-08-16,fantástico
venecia plaza centro,españa,habitación doble económica con vistas al patio interior,1,pareja,fantástico,,,9.0,2023-08-13,fantástico
venecia plaza centro,argentina,habitación estándar,5,familia,excepcional,,,10.0,2023-08-11,fantástico
venecia plaza centro,españa,habitación doble económica con vistas al patio interior,2,familia,excepcional,,,10.0,2023-08-11,fantástico
venecia plaza centro,españa,habitación doble económica con vistas al patio interior,2,familia,fantástico,,,9.0,2023-08-09,fantástico
venecia plaza centro,españa,habitación estándar,1,persona que viaja sola,muy bien,,,8.0,2023-08-06,fantástico
venecia plaza centro,españa,,2,familia,excepcional,,,10.0,2023-08-04,fantástico
venecia plaza centro,españa,habitación doble económica con vistas al patio interior,1,familia,excepcional,,,10.0,2023-08-01,fantástico
venecia plaza centro,españa,habitación estándar,2,familia,excepcional,,,10.0,2023-07-31,fantástico
venecia plaza centro,españa,habitación individual económica sin ventana,1,persona que viaja sola,muy bi en,,,8.0,2023-07-30,fantástico
venecia plaza centro,españa,habitación doble económica con vistas al patio interior,1,pareja,excepcional,,,10.0,2023-07-30,fantástico
venecia plaza centro,españa,habitación estándar,2,pareja,excepcional,,,10.0,2023-07-29,fantástico
venecia plaza centro,españa,habitación estándar,2,pareja,fantástico,,,9.0,2023-07-26,fantástico
venecia plaza centro,españa,habitación doble económica con vistas al patio interior,1,pareja,fantástico,,,9.0,2023-07-26,fantástico
venecia plaza centro,argentina,habitación doble económica con vistas al patio interior,3,familia,excepcional,,,10.0,2023-07-24,fantástico
venecia plaza centro,españa,,1,pareja,excepcional,,,10.0,2023-07-21,fantástico
venecia plaza centro,españa,,2,familia,excepcional,,,10.0,2023-07-19,fantástico
venecia plaza centro,españa,habitación cuádruple superior,2,familia,excepcional,,,10.0,2023-07-18,fantástico
venecia plaza centro,españa,habitación estándar,2,pareja,fantástico,,,9.0,2023-07-14,fantástico
venecia plaza centro,españa,habitación estándar,1,familia,fantástico,,,9.0,2023-07-11,fantástico
venecia plaza centro,españa,,1,grupo,excepcional,,,10.0,2023-07-09,fantástico
venecia plaza centro,argentina,habitación doble con balcón - plaza del ayuntamiento,1,grupo,fantástico,,,9.0,2023-07-09,fantástico
venecia plaza centro,españa,habitación doble económica con vistas al patio interior,2,pareja,fantástico,,,9.0,2023-07-08,fantástico
venecia plaza centro,españa,habitación triple superior,2,grupo,excepcional,,,10.0,2023-07-03,fantástico
venecia plaza centro,españa,habitación cuádruple prémium,3,grupo,excepcional,,,10.0,2023-07-01,fantástico
venecia plaza centro,suiza,,1,familia,muy bien,,,8.0,2023-06-25,fantástico
venecia plaza centro,colombia,habitación triple superior,2,familia,excepcional,,,10.0,2023-06-24,fantástico
venecia plaza centro,españa,habitación estándar,1,pareja,excepcional,,,10.0,2023-06-22,fantástico
venecia plaza centro,argentina,habitación estándar,4,pareja,excepcional,,,10.0,2023-06-19,fantástico
venecia plaza centro,españa,habitación estándar,1,familia,excepcional,,,10.0,2023-06-17,fantástico
venecia plaza centro,españa,,1,familia,excepcional,,,10.0,2023-06-17,fantástico
venecia plaza centro,españa,habitación estándar,1,familia,excepcional,,,10.0,2023-06-17,fantástico
venecia plaza centro,españa,habitación estándar,1,familia,excepcional,,,10.0,2023-06-13,fantástico
venecia plaza centro,españa,,1,grupo,excepcional,,,10.0,2023-06-12,fantástico
venecia plaza centro,españa,habitación estándar,1,pareja,fantástico,,,9.0,2023-06-07,fantástico
venecia plaza centro,paraguay,habitación estándar,2,familia,fantástico,,,9.0,2023-06-05,fantástico
venecia plaza centro,españa,habitación doble económica con vistas al patio interior,1,pareja,excepcional,,,10.0,2023-06-05,fantástico
venecia plaza centro,costa rica,habitación doble económica con vistas al patio interior,2,pareja,fantástico,,,9.0,2023-06-05,fantástico
venecia plaza centro,españa,habitación doble económica con vistas al patio interior,2,pareja,excepcional,,,10.0,2023-06-05,fantástico
venecia plaza centro,españa,habitación cuádruple superior,1,grupo,excepcional,,,10.0,2023-06-03,fantástico
venecia plaza centro,españa,habitación cuádruple superior,2,familia,perfecto,,,10.0,2023-05-27,fantástico
venecia plaza centro,argentina,,1,pareja,excepcional,,,10.0,2023-05-22,fantástico
venecia plaza centro,españa,habitación cuádruple prémium,2,familia,fantástico,,,9.0,2023-05-16,fantástico
venecia plaza centro,españa,habitación estándar,1,pareja,fantástico,,,9.0,2023-05-15,fantástico
venecia plaza centro,españa,habitación doble económica con vistas al patio interior,1,familia,fantástico,,,9.0,2023-05-13,fantástico
venecia plaza centro,argentina,habitación triple económica con vistas al patio interior,1,pareja,excepcional,,,10.0,2023-05-13,fantástico
venecia plaza centro,españa,habitación individual económica sin ventana,1,persona que viaja sola,excepcional,,,10.0,2023-05-11,fantástico
venecia plaza centro,españa,,1,grupo,excepcional,,,10.0,2023-05-09,fantástico
venecia plaza centro,españa,habitación doble económica con vistas al patio interior,1,grupo,excepcional,,,10.0,2023-05-08,fantástico
venecia plaza centro,argentina,habitación estándar,1,grupo,fantástico,,,9.0,2023-05-07,fantástico
venecia plaza centro,españa,habitación doble económica con vistas al patio interior,1,pareja,fantástico,,,9.0,2023-05-04,fantástico
venecia plaza centro,españa,habitación estándar,1,familia,perfecta ubicación y habitaciones de 10. volveremos,,,10.0,2023-05-04,fantástico
venecia plaza centro,portugal,habitación doble con balcón - plaza del ayuntamiento,1,grupo,excepcional,,,10.0,2023-05-02,fantástico
venecia plaza centro,españa,habitación estándar,1,pareja,excepcional,,,10.0,2023-05-01,fantástico
venecia plaza centro,españa,habitación doble económica con vistas al patio interior,1,grupo,excepcional,,,10.0,2023-04-25,fantástico
venecia plaza centro,españa,habitación cuádruple económica sin vistas,1,familia,fantástico,,,9.0,2023-04-24,fantástico
venecia plaza centro,españa,habitación estándar,2,familia,excepcional,,,10.0,2023-04-23,fantástico
venecia plaza centro,españa,habitación triple superior,1,familia,fantástico,,,9.0,2023-04-16,fantástico
venecia plaza centro,españa,habitación triple superior,1,grupo,excepcional,,,10.0,2023-04-16,fantástico
venecia plaza centro,argentina,,1,pareja,muy bien,,,8.0,2026-04-12,fantástico
venecia plaza centro,españa,habitación triple económica con vistas al patio interior,1,familia,muy bien,,,8.0,2026-04-07,fantástico
venecia plaza centro,españa,habitación cuádruple estándar,3,familia,excepcional,,,10.0,2026-03-25,fantástico
venecia plaza centro,españa,habitación doble estándar con vistas a la plaza del ayuntamiento,1,pareja,muy buena ubicación,,,8.0,2026-03-17,fantástico
venecia plaza centro,españa,,2,familia,muy bien,,,8.0,2026-03-03,fantástico
venecia plaza centro,españa,habitación doble estándar con vistas a la plaza del ayuntamiento,4,familia,fantástico,,,9.0,2026-02-13,fantástico
venecia plaza centro,españa,habitación triple económica con vistas al patio interior,1,grupo,muy bien,,,9.0,2026-02-07,fantástico
venecia plaza centro,españa,habitación estándar,1,pareja,muy bien,,,8.0,2026-02-03,fantástico
venecia plaza centro,guatemala,,1,pareja,muy bien,,,8.0,2026-01-27,fantástico
venecia plaza centro,estados unidos,habitación doble estándar con vistas a la plaza del ayuntamiento,8,pareja,fantástico,,,9.0,2026-01-15,fantástico
venecia plaza centro,españa,habitación doble estándar con vistas a la plaza del ayuntamiento,1,familia,fantástico,,,9.0,2025-12-24,fantástico
venecia plaza centro,españa,habitación doble estándar con vistas a la plaza del ayuntamiento,1,pareja,muy bien,,,8.0,2025-12-23,fantástico
venecia plaza centro,colombia,,1,pareja,muy bien,,,8.0,2025-12-10,fantástico
venecia plaza centro,españa,habitación cuádruple económica sin vistas,1,familia,muy bien,,,8.0,2025-12-10,fantástico
venecia plaza centro,españa,,1,pareja,muy bien,,,8.0,2025-12-09,fantástico
venecia plaza centro,argentina,habitación estándar,3,pareja,muy bien,,,8.0,2025-12-08,fantástico
venecia plaza centro,españa,habitación doble estándar con vistas a la plaza del ayuntamiento,1,familia,fantástico,,,9.0,2025-11-21,fantástico
venecia plaza centro,españa,,1,pareja,muy bien,,,8.0,2025-11-18,fantástico
venecia plaza centro,españa,habitación estándar,2,pareja,muy bien,,,8.0,2025-11-13,fantástico
venecia plaza centro,argentina,,1,grupo,muy bien,,,8.0,2025-11-05,fantástico
venecia plaza centro,españa,habitación doble estándar con vistas a la plaza del ayuntamiento,1,pareja,muy bien,,,8.0,2025-11-05,fantástico
venecia plaza centro,españa,,1,pareja,fantástico,,,9.0,2025-10-28,fantástico
venecia plaza centro,españa,habitación doble estándar con vistas a la plaza del ayuntamiento,1,pareja,fantástico,,,9.0,2025-10-19,fantástico
venecia plaza centro,españa,habitación estándar,1,persona que viaja sola,fantástico,,,9.0,2025-10-03,fantástico
venecia plaza centro,españa,habitación estándar,1,familia,fantástico,,,9.0,2025-09-22,fantástico
venecia plaza centro,españa,,4,grupo,excepcional,,,10.0,2025-09-07,fantástico
venecia plaza centro,españa,,2,pareja,fantástico,,,9.0,2025-08-14,fantástico
venecia plaza centro,españa,,2,pareja,fantástico,,,9.0,2025-08-12,fantástico
venecia plaza centro,argentina,habitación doble estándar con vistas a la plaza del ayuntamiento,3,pareja,excepcional,,,10.0,2025-08-08,fantástico
venecia plaza centro,españa,habitación estándar,1,persona que viaja sola,muy bien,,,8.0,2025-08-07,fantástico
venecia plaza centro,españa,,1,persona que viaja sola,fantástico,,,9.0,2025-08-04,fantástico
venecia plaza centro,españa,habitación cuádruple económica sin vistas,3,familia,fantástico,,,9.0,2025-07-17,fantástico
venecia plaza centro,españa,habitación estándar,2,familia,muy bien,,,8.0,2025-07-06,fantástico
venecia plaza centro,panamá,,1,familia,muy bien,,,8.0,2025-07-06,fantástico
venecia plaza centro,españa,habitación estándar,1,persona que viaja sola,expectativas cumplidas,,,8.0,2025-07-06,fantástico
venecia plaza centro,españa,,1,pareja,muy bien,,,8.0,2025-07-06,fantástico
venecia plaza centro,españa,,1,familia,fantástico,,,9.0,2025-07-04,fantástico
venecia plaza centro,españa,habitación triple económica con vistas al patio interior,1,familia,excepcional,,,10.0,2025-06-30,fantástico
venecia plaza centro,españa,,1,pareja,muy bien,,,8.0,2025-06-27,fantástico
venecia plaza centro,chile,,4,pareja,fantástico,,,9.0,2025-06-24,fantástico
venecia plaza centro,españa,,1,persona que viaja sola,fantástico,,,9.0,2025-06-22,fantástico
venecia plaza centro,españa,habitación estándar,1,persona que viaja sola,muy bien,,,8.0,2025-06-11,fantástico
venecia plaza centro,argentina,habitación doble estándar con vistas a la plaza del ayuntamiento,3,pareja,muy bien,,,8.0,2025-05-20,fantástico
venecia plaza centro,perú,,1,familia,muy bien,,,8.0,2025-05-07,fantástico
venecia plaza centro,españa,habitación estándar,3,pareja,muy bien,,,8.0,2025-05-01,fantástico
venecia plaza centro,españa,habitación cuádruple superior,4,familia,muy bien,,,8.0,2025-04-27,fantástico
venecia plaza centro,españa,,1,familia,muy bien,,,8.0,2025-04-02,fantástico
venecia plaza centro,españa,,1,familia,fantástico,,,9.0,2025-03-16,fantástico
venecia plaza centro,españa,habitación estándar,1,pareja,muy bien,,,8.0,2025-03-02,fantástico
venecia plaza centro,españa,,2,familia,fantástico,,,9.0,2025-02-27,fantástico
venecia plaza centro,españa,,1,pareja,fantástico,,,9.0,2025-02-19,fantástico
venecia plaza centro,españa,habitación estándar,2,persona que viaja sola,fantástico,,,9.0,2025-02-15,fantástico
venecia plaza centro,españa,,1,grupo,muy bien,,,8.0,2025-02-11,fantástico
venecia plaza centro,españa,habitación cuádruple superior,1,familia,excepcional,,,10.0,2025-01-23,fantástico
venecia plaza centro,españa,habitación estándar,2,persona que viaja sola,muy bien,,,8.0,2025-01-15,fantástico
venecia plaza centro,españa,habitación cuádruple económica sin vistas,1,familia,excepcional,,,10.0,2025-01-10,fantástico
venecia plaza centro,españa,,1,familia,muy bien,,,8.0,2025-01-02,fantástico
venecia plaza centro,españa,habitación estándar,1,grupo,muy bien,,,8.0,2024-12-30,fantástico
venecia plaza centro,españa,habitación estándar,1,pareja,fantástico,,,9.0,2024-12-15,fantástico
venecia plaza centro,españa,habitación doble estándar con vistas a la plaza del ayuntamiento,1,pareja,muy bien,,,8.0,2024-12-01,fantástico
venecia plaza centro,españa,habitación estándar,1,familia,excepcional,,,10.0,2024-11-24,fantástico
venecia plaza centro,argentina,,2,pareja,muy bien,,,8.0,2024-11-15,fantástico
venecia plaza centro,españa,habitación estándar,2,familia,muy bien,,,8.0,2024-11-10,fantástico
venecia plaza centro,españa,,1,persona que viaja sola,muy bien,,,8.0,2024-11-07,fantástico
venecia plaza centro,españa,habitación estándar,2,familia,muy bien,,,8.0,2024-10-30,fantástico
venecia plaza centro,españa,habitación estándar,2,familia,muy bien,,,8.0,2024-09-11,fantástico
venecia plaza centro,españa,habitación cuádruple económica sin vistas,1,grupo,muy bien,,,8.0,2024-08-26,fantástico
venecia plaza centro,españa,habitación cuádruple económica sin vistas,1,familia,fantástico,,,9.0,2024-08-18,fantástico
venecia plaza centro,españa,habitación cuádruple económica sin vistas,1,familia,muy bien,,,8.0,2024-08-17,fantástico
venecia plaza centro,españa,habitación cuádruple prémium,1,familia,muy bien,,,8.0,2024-08-13,fantástico
venecia plaza centro,chile,habitación doble económica con vistas al patio interior,3,grupo,muy bien,,,8.0,2024-08-08,fantástico
venecia plaza centro,españa,,1,familia,muy bien,,,8.0,2024-08-07,fantástico
venecia plaza centro,españa,habitación doble económica con vistas al patio interior,1,familia,muy bien,,,8.0,2024-07-30,fantástico
venecia plaza centro,argentina,habitación estándar,1,pareja,fantástico,,,9.0,2024-06-26,fantástico
venecia plaza centro,españa,,1,grupo,fantástico,,,9.0,2024-06-17,fantástico
venecia plaza centro,españa,habitación doble económica con vistas al patio interior,1,pareja,fantástico,,,9.0,2024-06-10,fantástico
venecia plaza centro,españa,habitación estándar,1,familia,fantástico,,,9.0,2024-06-03,fantástico
venecia plaza centro,españa,habitación doble con balcón - plaza del ayuntamiento,1,pareja,muy bien,,,8.0,2024-06-02,fantástico
venecia plaza centro,uruguay,habitación estándar,3,familia,fantástico,,,9.0,2024-05-31,fantástico
venecia plaza centro,españa,habitación estándar,1,grupo,excepcional,,,10.0,2024-05-18,fantástico
venecia plaza centro,colombia,habitación triple superior,1,grupo,muy bien,,,8.0,2024-05-15,fantástico
venecia plaza centro,españa,habitación doble con balcón - plaza del ayuntamiento,1,pareja,fantástico,,,9.0,2024-05-02,fantástico
venecia plaza centro,españa,habitación doble económica con vistas al patio interior,1,familia,fantástico,,,9.0,2024-04-30,fantástico
venecia plaza centro,españa,habitación estándar,1,grupo,fantástico,,,9.0,2024-04-22,fantástico
venecia plaza centro,españa,,1,persona que viaja sola,fantástico,,,9.0,2024-04-19,fantástico
venecia plaza centro,españa,habitación cuádruple económica sin vistas,1,grupo,fantástico,,,9.0,2024-04-14,fantástico
venecia plaza centro,uruguay,habitación estándar,1,familia,muy bien,,,8.0,2024-03-22,fantástico
venecia plaza centro,españa,habitación doble económica con vistas al patio interior,1,pareja,fantástico,,,9.0,2024-03-17,fantástico
venecia plaza centro,españa,habitación doble económica con vistas al patio interior,1,familia,muy bien,,,8.0,2024-03-10,fantástico
venecia plaza centro,españa,habitación estándar,3,pareja,ubicación perfecta para visitar el centro de histórico.,,,9.0,2024-03-08,fantástico
venecia plaza centro,españa,habitación doble económica con vistas al patio interior,1,persona que viaja sola,fantástico,,,9.0,2024-03-07,fantástico
venecia plaza centro,españa,,1,pareja,muy bien,,,8.0,2024-03-01,fantástico
venecia plaza centro,españa,habitación doble económica con vistas al patio interior,1,pareja,agradable,,,8.0,2024-02-28,fantástico
venecia plaza centro,españa,habitación estándar,2,grupo,excepcional,,,10.0,2024-02-25,fantástico
venecia plaza centro,españa,habitación estándar,4,pareja,céntrico y comodo,,,8.0,2024-02-15,fantástico
venecia plaza centro,españa,habitación estándar,1,pareja,muy bien,,,8.0,2024-02-13,fantástico
venecia plaza centro,españa,habitación doble económica con vistas al patio interior,3,pareja,muy bien,,,8.0,2024-02-08,fantástico
venecia plaza centro,españa,habitación estándar,3,familia,fantástico,,,9.0,2024-01-30,fantástico
venecia plaza centro,españa,habitación estándar,1,pareja,fantástico,,,9.0,2024-01-24,fantástico
venecia plaza centro,suecia,habitación doble económica con vistas al patio interior,5,familia,muy bien,,,8.0,2024-01-24,fantástico
venecia plaza centro,españa,habitación cuádruple económica sin vistas,1,familia,muy bien,,,8.0,2024-01-20,fantástico
venecia plaza centro,españa,habitación estándar,1,persona que viaja sola,muy bien,,,8.0,2024-01-19,fantástico
venecia plaza centro,españa,habitación cuádruple económica sin vistas,1,familia,muy bien,,,8.0,2024-01-16,fantástico
venecia plaza centro,españa,habitación estándar,1,familia,muy bien,,,8.0,2024-01-11,fantástico
venecia plaza centro,españa,habitación cuádruple prémium,1,pareja,fantástico,,,9.0,2024-01-10,fantástico
venecia plaza centro,españa,habitación estándar,1,pareja,fantástico,,,9.0,2024-01-05,fantástico
venecia plaza centro,españa,habitación estándar,1,pareja,fantástico,,,9.0,2024-01-04,fantástico
venecia plaza centro,españa,habitación triple superior,2,familia,muy bien,,,8.0,2024-01-02,fantástico
venecia plaza centro,españa,habitación cuádruple superior,1,familia,muy bien,,,8.0,2024-01-02,fantástico
venecia plaza centro,españa,habitación estándar,1,familia,excepcional,,,10.0,2023-12-30,fantástico
venecia plaza centro,españa,,1,familia,muy bien,,,8.0,2023-12-28,fantástico
venecia plaza centro,españa,habitación triple superior,5,grupo,muy bien,,,8.0,2023-12-22,fantástico
venecia plaza centro,españa,habitación doble con balcón - plaza del ayuntamiento,2,pareja,muy bien,,,8.0,2023-12-18,fantástico
venecia plaza centro,españa,habitación triple económica con vistas al patio interior,1,familia,muy bien,,,8.0,2023-12-17,fantástico
venecia plaza centro,colombia,habitación estándar,2,familia,excepcional,,,10.0,2023-12-14,fantástico
venecia plaza centro,españa,habitación doble económica con vistas al patio interior,3,pareja,excepcional,,,10.0,2023-12-10,fantástico
venecia plaza centro,españa,,1,grupo,fantástico,,,9.0,2023-12-09,fantástico
venecia plaza centro,francia,habitación estándar,1,pareja,excepcional,,,10.0,2023-12-03,fantástico
venecia plaza centro,españa,habitación estándar,4,familia,muy bien,,,8.0,2023-11-28,fantástico
venecia plaza centro,españa,habitación cuádruple prémium,2,grupo,fantástico,,,9.0,2023-11-24,fantástico
venecia plaza centro,españa,habitación estándar,3,familia,fantástico,,,9.0,2023-11-23,fantástico
venecia plaza centro,españa,habitación doble económica con vistas al patio interior,1,familia,muy bien,,,8.0,2023-11-21,fantástico
venecia plaza centro,españa,habitación estándar,2,pareja,fantástico,,,9.0,2023-11-20,fantástico
venecia plaza centro,argentina,habitación doble deluxe - 1 o 2 camas,3,pareja,excepcional,,,10.0,2023-11-16,fantástico
venecia plaza centro,panamá,habitación estándar,2,pareja,muy bien,,,8.0,2023-11-14,fantástico
venecia plaza centro,españa,habitación triple superior,2,grupo,fantástico,,,9.0,2023-11-12,fantástico
venecia plaza centro,españa,habitación doble económica con vistas al patio interior,1,familia,muy bien,,,8.0,2023-11-04,fantástico
venecia plaza centro,españa,habitación estándar,1,familia,muy bien,,,8.0,2023-10-22,fantástico
venecia plaza centro,españa,habitación doble con balcón - plaza del ayuntamiento,2,pareja,muy bien,,,8.0,2023-10-16,fantástico
venecia plaza centro,españa,habitación doble con balcón - plaza del ayuntamiento,1,pareja,muy bien,,,8.0,2023-10-02,fantástico
venecia plaza centro,españa,habitación estándar,1,pareja,fantástico,,,9.0,2023-10-01,fantástico
venecia plaza centro,españa,habitación estándar,2,familia,fantástico,,,9.0,2023-09-29,fantástico
venecia plaza centro,españa,habitación cuádruple económica sin vistas,1,pareja,muy bien,,,8.0,2023-09-21,fantástico
venecia plaza centro,españa,habitación estándar,4,familia,excepcional,,,10.0,2023-09-20,fantástico
venecia plaza centro,españa,habitación doble económica con vistas al patio interior,3,familia,muy bien,,,8.0,2023-09-07,fantástico
venecia plaza centro,españa,habitación doble económica con vistas al patio interior,1,pareja,muy bien,,,8.0,2023-09-05,fantástico
venecia plaza centro,españa,habitación estándar,2,pareja,muy bien,,,8.0,2023-09-03,fantástico
venecia plaza centro,españa,habitación estándar,1,pareja,muy bien,,,8.0,2023-09-03,fantástico
venecia plaza centro,españa,habitación estándar,4,familia,muy bien,,,8.0,2023-08-28,fantástico
venecia plaza centro,españa,habitación triple superior,2,familia,fantástico,,,9.0,2023-08-15,fantástico
venecia plaza centro,españa,habitación estándar,1,pareja,fantástico,,,9.0,2023-08-11,fantástico
venecia plaza centro,españa,habitación doble económica con vistas al patio interior,1,pareja,muy bien,,,8.0,2023-07-31,fantástico
venecia plaza centro,españa,habitación doble económica con vistas al patio interior,1,pareja,muy bien,,,8.0,2023-07-27,fantástico
venecia plaza centro,españa,habitación estándar,1,familia,fantástico,,,9.0,2023-07-22,fantástico
venecia plaza centro,españa,habitación estándar,1,pareja,fantástico,,,9.0,2023-07-17,fantástico
venecia plaza centro,españa,habitación doble económica con vistas al patio interior,1,familia,muy bien,,,8.0,2023-07-17,fantástico
venecia plaza centro,españa,habitación doble con balcón - plaza del ayuntamiento,1,pareja,excepcional,,,10.0,2023-07-04,fantástico
venecia plaza centro,españa,habitación doble con balcón - plaza del ayuntamiento,1,pareja,muy bien,,,8.0,2023-07-03,fantástico
venecia plaza centro,españa,habitación cuádruple económica sin vistas,1,familia,muy bien,,,8.0,2023-06-28,fantástico
venecia plaza centro,españa,habitación individual económica sin ventana,1,persona que viaja sola,muy bien,,,8.0,2023-06-27,fantástico
venecia plaza centro,españa,habitación estándar,1,pareja,muy bien,,,8.0,2023-06-27,fantástico
venecia plaza centro,españa,habitación triple económica con vistas al patio interior,1,grupo,buena relación calidad precio,,,9.0,2023-06-19,fantástico
venecia plaza centro,españa,habitación estándar,1,pareja,muy bien,,,8.0,2023-06-11,fantástico
venecia plaza centro,argentina,habitación triple superior,5,pareja,fantástico,,,9.0,2023-06-07,fantástico
venecia plaza centro,españa,habitación estándar,1,pareja,fantástico,,,9.0,2023-06-05,fantástico
venecia plaza centro,argentina,habitación doble económica con vistas al patio interior,1,pareja,muy bien,,,8.0,2023-05-23,fantástico
venecia plaza centro,españa,habitación doble económica con vistas al patio interior,2,familia,excepcional,,,10.0,2023-05-23,fantástico
venecia plaza centro,españa,habitación estándar,1,familia,fantástico,,,9.0,2023-05-21,fantástico
venecia plaza centro,españa,habitación estándar,2,familia,muy bien,,,8.0,2023-05-04,fantástico
venecia plaza centro,españa,habitación doble económica con vistas al patio interior,1,pareja,fantástico,,,9.0,2023-05-01,fantástico
venecia plaza centro,españa,habitación estándar,1,familia,fantástico,,,9.0,2023-04-24,fantástico
venecia plaza centro,españa,habitación cuádruple superior,1,familia,fantástico,,,9.0,2023-04-23,fantástico
venecia plaza centro,españa,habitación doble con balcón - plaza del ayuntamiento,1,pareja,muy bien,,,8.0,2023-04-22,fantástico
venecia plaza centro,españa,habitación estándar,1,familia,fantástico,,,9.0,2023-04-17,fantástico
venecia plaza centro,argentina,,1,pareja,muy bien,,,8.0,2026-04-07,fantástico
venecia plaza centro,argentina,habitación estándar,4,grupo,un buen hotel bien ubicado,,,8.0,2026-02-16,fantástico
venecia plaza centro,españa,,1,pareja,fantástico,,,9.0,2026-01-21,fantástico
venecia plaza centro,españa,habitación estándar,1,familia,muy bien,,,8.0,2025-02-18,fantástico
venecia plaza centro,españa,habitación estándar,1,familia,muy bien,,,8.0,2024-11-28,fantástico
venecia plaza centro,españa,habitación estándar,1,pareja,excepcional,,,10.0,2025-12-30,fantástico
venecia plaza centro,españa,habitación doble estándar con vistas a la plaza del ayuntamiento,3,pareja,excepcional,,,10.0,2025-10-27,fantástico
venecia plaza centro,españa,habitación individual económica,1,persona que viaja sola,muy bien,,,8.0,2025-08-27,fantástico
venecia plaza centro,españa,habitación estándar,4,pareja,fantástico,,,9.0,2025-05-26,fantástico
venecia plaza centro,españa,,2,grupo,muy bien,,,8.0,2025-04-19,fantástico
venecia plaza centro,españa,,1,pareja,fantástico,,,9.0,2025-02-12,fantástico
venecia plaza centro,argentina,,4,pareja,fantástico,,,9.0,2024-09-19,fantástico
venecia plaza centro,colombia,habitación doble económica con vistas al patio interior,1,pareja,estuvo bien la ubicación y el lugar.,,,10.0,2024-07-17,fantástico
venecia plaza centro,uruguay,habitación estándar,2,pareja,fantástico,,,9.0,2024-06-17,fantástico
venecia plaza centro,españa,habitación doble económica con vistas al patio interior,2,pareja,muy bien,,,8.0,2024-01-31,fantástico
venecia plaza centro,italia,habitación estándar,3,familia,muy bien,,,8.0,2024-01-26,fantástico
venecia plaza centro,españa,habitación estándar,3,pareja,muy bien,,,8.0,2023-12-19,fantástico
venecia plaza centro,españa,habitación estándar,1,persona que viaja sola,muy bien,,,8.0,2023-12-18,fantástico
venecia plaza centro,españa,,1,familia,fantástico,,,9.0,2023-11-16,fantástico
venecia plaza centro,españa,habitación estándar,1,familia,muy bien,,,8.0,2023-09-23,fantástico
venecia plaza centro,españa,habitación estándar,1,pareja,fantástico,,,9.0,2023-08-31,fantástico
venecia plaza centro,españa,habitación doble económica con vistas al patio interior,1,pareja,muy bien,,,8.0,2023-08-09,fantástico
venecia plaza centro,españa,,2,pareja,bien,,,7.0,2026-01-22,fantástico
venecia plaza centro,españa,,1,persona que viaja sola,bien,,,7.0,2025-12-02,fantástico
venecia plaza centro,españa,habitación estándar,2,grupo,bien,,,7.0,2024-08-21,fantástico
venecia plaza centro,españa,habitación doble económica con vistas al patio interior,1,pareja,bien,,,7.0,2024-02-06,fantástico
venecia plaza centro,españa,habitación estándar,1,pareja,bien,,,7.0,2023-12-20,fantástico
venecia plaza centro,españa,habitación cuádruple prémium,1,familia,bien,,,7.0,2023-09-25,fantástico
venecia plaza centro,españa,habitación doble económica con vistas al patio interior,1,pareja,bien,,,7.0,2023-04-28,fantástico
venecia plaza centro,noruega,habitación estándar,2,persona que viaja sola,agradable,,,6.0,2026-04-08,fantástico
venecia plaza centro,noruega,,2,familia,bien,,,7.0,2026-03-23,fantástico
venecia plaza centro,españa,,1,familia,bien,,,7.0,2026-02-25,fantástico
venecia plaza centro,españa,habitación estándar,1,pareja,bien,,,7.0,2026-02-15,fantástico
venecia plaza centro,españa,,1,pareja,agradable,,,6.0,2026-02-09,fantástico
venecia plaza centro,españa,,1,pareja,bien,,,7.0,2025-11-22,fantástico
venecia plaza centro,españa,habitación cuádruple superior,1,familia,bien,,,7.0,2025-09-08,fantástico
venecia plaza centro,españa,,1,familia,bien,,,7.0,2025-07-09,fantástico
venecia plaza centro,colombia,habitación cuádruple estándar,1,grupo,bien,,,7.0,2025-07-07,fantástico
venecia plaza centro,españa,habitación triple económica con vistas al patio interior,1,familia,aceptable,,,5.0,2025-07-02,fantástico
venecia plaza centro,españa,habitación doble estándar con vistas a la plaza del ayuntamiento,1,pareja,bien,,,7.0,2025-05-18,fantástico
venecia plaza centro,españa,habitación estándar,1,persona que viaja sola,bien,,,7.0,2025-05-14,fantástico
venecia plaza centro,españa,,1,familia,bien,,,7.0,2025-04-29,fantástico
venecia plaza centro,bélgica,habitación estándar,1,persona que viaja sola,bien,,,7.0,2025-03-25,fantástico
venecia plaza centro,españa,habitación doble estándar con vistas a la plaza del ayuntamiento,1,persona que viaja sola,bien,,,7.0,2025-03-22,fantástico
venecia plaza centro,españa,,1,persona que viaja sola,bien,,,7.0,2025-03-08,fantástico
venecia plaza centro,españa,habitación estándar,1,familia,bien,,,7.0,2025-03-01,fantástico
venecia plaza centro,argentina,,1,familia,bien,,,7.0,2025-02-28,fantástico
venecia plaza centro,españa,,1,pareja,aceptable,,,5.0,2025-02-20,fantástico
venecia plaza centro,españa,habitación estándar,2,persona que viaja sola,bien,,,7.0,2024-11-18,fantástico
venecia plaza centro,españa,,1,pareja,bien,,,7.0,2024-10-30,fantástico
venecia plaza centro,españa,habitación triple superior,1,grupo,aceptable,,,5.0,2024-10-20,fantástico
venecia plaza centro,españa,habitación estándar,2,pareja,bien,,,7.0,2024-04-15,fantástico
venecia plaza centro,españa,habitación doble económica con vistas al patio interior,1,pareja,bien,,,7.0,2024-04-04,fantástico
venecia plaza centro,españa,habitación estándar,4,persona que viaja sola,bien,,,7.0,2024-03-26,fantástico
venecia plaza centro,españa,habitación doble con balcón - plaza del ayuntamiento,1,pareja,agradable,,,7.0,2024-03-12,fantástico
venecia plaza centro,españa,habitación estándar,2,pareja,bien,,,7.0,2024-02-25,fantástico
venecia plaza centro,españa,habitación doble económica con vistas al patio interior,1,persona que viaja sola,aceptable,,,5.0,2024-02-15,fantástico
venecia plaza centro,españa,habitación cuádruple económica sin vistas,1,familia,bien,,,7.0,2024-01-04,fantástico
venecia plaza centro,perú,habitación estándar,1,pareja,aceptable,,,5.0,2023-12-20,fantástico
venecia plaza centro,españa,habitación doble económica con vistas al patio interior,2,familia,bien,,,7.0,2023-11-22,fantástico
venecia plaza centro,perú,habitación cuádruple económica sin vistas,2,familia,bien,,,7.0,2023-11-13,fantástico
venecia plaza centro,españa,habitación doble económica con vistas al patio interior,1,pareja,bien,,,7.0,2023-11-10,fantástico
venecia plaza centro,españa,,1,persona que viaja sola,bien,,,7.0,2023-10-26,fantástico
venecia plaza centro,españa,,2,familia,bien,,,7.0,2023-08-29,fantástico
venecia plaza centro,españa,habitación doble económica con vistas al patio interior,3,familia,bien,,,7.0,2023-08-15,fantástico
venecia plaza centro,españa,habitación cuádruple superior,1,familia,bien,,,7.0,2023-08-12,fantástico
venecia plaza centro,españa,habitación doble económica con vistas al patio interior,1,persona que viaja sola,bien,,,7.0,2023-07-26,fantástico
venecia plaza centro,españa,habitación doble económica con vistas al patio interior,2,pareja,decepcionante,,,4.0,2023-07-17,fantástico
venecia plaza centro,españa,habitación cuádruple económica sin vistas,1,persona que viaja sola,bien,,,7.1,2023-05-10,fantástico
venecia plaza centro,españa,habitación estándar,2,persona que viaja sola,decepcionante,,,4.0,2025-10-03,fantástico
venecia plaza centro,españa,,1,persona que viaja sola,bien,,,7.0,2025-04-08,fantástico
venecia plaza centro,españa,habitación estándar,1,pareja,decepcionante,,,4.0,2025-01-23,fantástico
venecia plaza centro,españa,habitación estándar,1,persona que viaja sola,bien,,,7.0,2025-01-14,fantástico
venecia plaza centro,españa,,1,pareja,aceptable,,,5.0,2025-01-12,fantástico
venecia plaza centro,españa,habitación doble económica con vistas al patio interior,1,persona que viaja sola,agradable,,,6.0,2024-08-13,fantástico
venecia plaza centro,argentina,habitación estándar,3,familia,agradable,,,6.0,2024-06-11,fantástico
venecia plaza centro,españa,habitación doble económica con vistas al patio interior,1,persona que viaja sola,aceptable,,,5.0,2024-05-01,fantástico
venecia plaza centro,españa,habitación estándar,1,pareja,aceptable,,,5.0,2024-03-08,fantástico
venecia plaza centro,españa,,1,persona que viaja sola,bien,,,7.0,2024-03-08,fantástico
venecia plaza centro,españa,habitación doble económica con vistas al patio interior,1,pareja,bien,,,7.0,2024-01-21,fantástico
venecia plaza centro,españa,habitación estándar,2,familia,aceptable,,,5.0,2023-06-28,fantástico
venecia plaza centro,españa,habitación estándar,1,pareja,pésimo,,,1.0,2025-10-19,fantástico
venecia plaza centro,argentina,habitación doble deluxe - 1 o 2 camas,3,pareja,agradable,,,6.0,2024-10-30,fantástico
venecia plaza centro,españa,habitación estándar,1,familia,bien,,,7.0,2025-07-23,fantástico
venecia plaza centro,españa,habitación doble con balcón - plaza del ayuntamiento,1,persona que viaja sola,bien,,,7.0,2024-01-06,fantástico
venecia plaza centro,españa,,2,pareja,bien,,,7.0,2023-07-11,fantástico
venecia plaza centro,españa,,2,grupo,excepcional,,,10.0,2025-12-15,fantástico
venecia plaza centro,españa,habitación estándar,2,pareja,fantástico,,,9.0,2023-12-08,fantástico
venecia plaza centro,colombia,,3,pareja,excepcional,,,10.0,2023-12-01,fantástico
venecia plaza centro,guatemala,habitación doble económica con vistas al patio interior,1,persona que viaja sola,excepcional,,,10.0,2023-07-07,fantástico
venecia plaza centro,españa,habitación doble económica con vistas al patio interior,2,pareja,fantástico,,,9.0,2023-06-12,fantástico
venecia plaza centro,españa,habitación estándar,2,persona que viaja sola,muy bien,,,8.0,2023-04-22,fantástico
venecia plaza centro,españa,habitación doble con balcón - plaza del ayuntamiento,2,persona que viaja sola,bien,,,7.0,2024-10-13,fantástico
venecia plaza centro,reino unido,,3,grupo,muy bien,,,8.0,2026-04-14,fantástico
venecia plaza centro,alemania,habitación estándar,1,persona que viaja sola,excepcional,,,10.0,2026-04-13,fantástico
venecia plaza centro,austria,habitación doble estándar con vistas a la plaza del ayuntamiento,3,persona que viaja sola,excepcional,,,10.0,2026-04-13,fantástico
venecia plaza centro,reino unido,,3,persona que viaja sola,muy bien,,,8.0,2026-04-09,fantástico
venecia plaza centro,canadá,habitación estándar,3,pareja,excepcional,,,10.0,2026-04-07,fantástico
venecia plaza centro,malta,,1,familia,fantástico,,,9.0,2026-04-05,fantástico
venecia plaza centro,reino unido,habitación doble estándar con vistas a la plaza del ayuntamiento,2,familia,excepcional,,,10.0,2026-04-03,fantástico
venecia plaza centro,estados unidos,,1,persona que viaja sola,fantástico,,,9.0,2026-04-03,fantástico
venecia plaza centro,estados unidos,,2,pareja,excepcional,,,10.0,2026-04-02,fantástico
venecia plaza centro,ucrania,habitación estándar,1,persona que viaja sola,excepcional,,,10.0,2026-03-31,fantástico
venecia plaza centro,irlanda,,2,grupo,excepcional,,,10.0,2026-03-31,fantástico
venecia plaza centro,irlanda,habitación doble estándar con vistas a la plaza del ayuntamiento,4,familia,muy bien,,,8.0,2026-03-30,fantástico
venecia plaza centro,nueva zelanda,habitación doble estándar con vistas a la plaza del ayuntamiento,2,familia,excepcional,,,10.0,2026-03-30,fantástico
venecia plaza centro,españa,,3,pareja,excepcional,,,10.0,2026-03-30,fantástico
venecia plaza centro,irlanda,,3,persona que viaja sola,excepcional,,,10.0,2026-03-29,fantástico
venecia plaza centro,estados unidos,habitación estándar,1,familia,excepcional,,,10.0,2026-03-29,fantástico
venecia plaza centro,irlanda,,4,grupo,fantástico,,,9.0,2026-03-29,fantástico
venecia plaza centro,estados unidos,habitación triple económica con vistas al patio interior,2,familia,excepcional,,,10.0,2026-03-28,fantástico
venecia plaza centro,irlanda,,4,grupo,excepcional,,,10.0,2026-03-28,fantástico
venecia plaza centro,turquía,habitación estándar,1,pareja,fantástico,,,9.0,2026-03-28,fantástico
venecia plaza centro,reino unido,,1,pareja,fantástico,,,9.0,2026-03-27,fantástico
venecia plaza centro,estados unidos,,3,pareja,excepcional,,,10.0,2026-03-26,fantástico
venecia plaza centro,polonia,habitación doble estándar con vistas a la plaza del ayuntamiento,3,pareja,fantástico,,,9.0,2026-03-25,fantástico
venecia plaza centro,reino unido,,3,grupo,superb accommodation! excellent location and great value!,,,9.0,2026-03-24,fantástico
venecia plaza centro,irlanda,habitación triple económica con vistas al patio interior,4,familia,excepcional,,,10.0,2026-03-21,fantástico
venecia plaza centro,estados unidos,,2,familia,excepcional,,,10.0,2026-03-13,fantástico
venecia plaza centro,reino unido,habitación estándar,2,pareja,excepcional,,,10.0,2026-03-06,fantástico
venecia plaza centro,bulgaria,,4,familia,excepcional,,,10.0,2026-03-05,fantástico
venecia plaza centro,irlanda,habitación estándar,4,familia,fantástico,,,9.0,2026-03-05,fantástico
venecia plaza centro,vietnam,habitación estándar,2,persona que viaja sola,fantástico,,,9.0,2026-03-04,fantástico
venecia plaza centro,irlanda,,4,pareja,excepcional,,,10.0,2026-03-04,fantástico
venecia plaza centro,suiza,,2,persona que viaja sola,fantástico,,,9.0,2026-03-02,fantástico
venecia plaza centro,reino unido,habitación estándar,5,pareja,muy bien,,,8.0,2026-02-27,fantástico
venecia plaza centro,georgia,habitación estándar,1,persona que viaja sola,excepcional,,,10.0,2026-02-25,fantástico
venecia plaza centro,reino unido,,2,grupo,excepcional,,,10.0,2026-02-24,fantástico
venecia plaza centro,reino unido,,4,pareja,fantástico,,,9.0,2026-02-22,fantástico
venecia plaza centro,españa,,2,pareja,fantástico,,,9.0,2026-02-19,fantástico
venecia plaza centro,estados unidos,,2,familia,fantástico,,,9.0,2026-02-18,fantástico
venecia plaza centro,reino unido,,1,familia,excepcional,,,10.0,2026-02-18,fantástico
venecia plaza centro,reino unido,habitación estándar,1,pareja,fantástico,,,9.0,2026-02-18,fantástico
venecia plaza centro,macedonia del norte,,3,grupo,excepcional,,,10.0,2026-02-18,fantástico
venecia plaza centro,irlanda,,3,persona que viaja sola,excepcional,,,10.0,2026-02-17,fantástico
venecia plaza centro,estados unidos,,3,persona que viaja sola,excepcional,,,10.0,2026-02-17,fantástico
venecia plaza centro,reino unido,,5,persona que viaja sola,fantástico,,,9.0,2026-02-17,fantástico
venecia plaza centro,reino unido,,4,pareja,excepcional,,,10.0,2026-02-13,fantástico
venecia plaza centro,bélgica,,5,pareja,muy bien,,,8.0,2026-02-11,fantástico
venecia plaza centro,reino unido,,1,pareja,muy bien,,,8.0,2026-02-07,fantástico
venecia plaza centro,bulgaria,habitación cuádruple estándar,2,familia,excepcional,,,10.0,2026-02-06,fantástico
venecia plaza centro,reino unido,,1,grupo,fantástico,,,9.0,2026-02-04,fantástico
venecia plaza centro,reino unido,,2,pareja,fantástico,,,9.0,2026-01-31,fantástico
venecia plaza centro,españa,habitación doble estándar con vistas a la plaza del ayuntamiento,1,familia,fantástico,,,9.0,2026-01-31,fantástico
venecia plaza centro,reino unido,,2,pareja,fantástico,,,9.0,2026-01-30,fantástico
venecia plaza centro,estados unidos,habitación estándar,3,pareja,excepcional,,,10.0,2026-01-27,fantástico
venecia plaza centro,bulgaria,habitación triple económica con vistas al patio interior,1,grupo,fantástico,,,9.0,2026-01-27,fantástico
venecia plaza centro,estados unidos,,1,grupo,fantástico,,,9.0,2026-01-26,fantástico
venecia plaza centro,estados unidos,,2,pareja,fantástico,,,9.0,2026-01-23,fantástico
venecia plaza centro,egipto,habitación estándar,3,persona que viaja sola,muy bien,,,8.0,2026-01-20,fantástico
venecia plaza centro,españa,suite superior,1,pareja,excepcional,,,10.0,2026-01-19,fantástico
venecia plaza centro,suiza,habitación estándar,1,familia,excepcional,,,10.0,2026-01-18,fantástico
venecia plaza centro,irlanda,habitación estándar,4,persona que viaja sola,fantástico,,,9.0,2026-01-18,fantástico
venecia plaza centro,estados unidos,,2,pareja,great upscale hotel right in the heart of valencia.,,,10.0,2026-01-18,fantástico
venecia plaza centro,macedonia del norte,,2,pareja,excepcional,,,10.0,2026-01-16,fantástico
venecia plaza centro,reino unido,,1,familia,fantástico,,,9.0,2026-01-15,fantástico
venecia plaza centro,turquía,habitación estándar,3,pareja,excepcional,,,10.0,2026-01-14,fantástico
venecia plaza centro,georgia,,5,grupo,excepcional,,,10.0,2026-01-13,fantástico
venecia plaza centro,puerto rico,,2,pareja,excepcional,,,10.0,2026-01-11,fantástico
venecia plaza centro,reino unido,,3,pareja,fantástico,,,9.0,2026-01-10,fantástico
venecia plaza centro,reino unido,,2,pareja,fantástico,,,9.0,2026-01-06,fantástico
venecia plaza centro,irlanda,,4,pareja,muy bien,,,8.0,2026-01-04,fantástico
venecia plaza centro,méxico,,1,grupo,excepcional,,,10.0,2026-01-04,fantástico
venecia plaza centro,serbia,habitación estándar,4,persona que viaja sola,excepcional,,,10.0,2026-01-02,fantástico
venecia plaza centro,estados unidos,habitación estándar,3,persona que viaja sola,excepcional,,,10.0,2025-12-31,fantástico
venecia plaza centro,estados unidos,,3,pareja,excepcional,,,10.0,2025-12-26,fantástico
venecia plaza centro,estados unidos,habitación cuádruple económica sin vistas,1,familia,excepcional,,,10.0,2025-12-25,fantástico
venecia plaza centro,francia,,2,pareja,excepcional,,,10.0,2025-12-23,fantástico
venecia plaza centro,estados unidos,habitación cuádruple superior,2,familia,excepcional,,,10.0,2025-12-21,fantástico
venecia plaza centro,montenegro,,4,pareja,fantástico,,,9.0,2025-12-20,fantástico
venecia plaza centro,reino unido,,5,pareja,excepcional,,,10.0,2025-12-16,fantástico
venecia plaza centro,irlanda,habitación estándar,3,pareja,excepcional,,,10.0,2025-12-16,fantástico
venecia plaza centro,portugal,,3,persona que viaja sola,everything was just perfect!,,,9.0,2025-12-15,fantástico
venecia plaza centro,españa,,1,familia,excepcional,,,10.0,2025-12-14,fantástico
venecia plaza centro,francia,,3,pareja,muy bien,,,8.0,2025-12-14,fantástico
venecia plaza centro,reino unido,,1,familia,fantástico,,,9.0,2025-12-13,fantástico
venecia plaza centro,estados unidos,habitación estándar,1,persona que viaja sola,excepcional,,,10.0,2025-12-12,fantástico
venecia plaza centro,reino unido,habitación doble estándar con vistas a la plaza del ayuntamiento,1,pareja,excepcional,,,10.0,2025-12-11,fantástico
venecia plaza centro,letonia,,1,pareja,fantástico,,,9.0,2025-12-11,fantástico
venecia plaza centro,reino unido,habitación estándar,3,pareja,excepcional,,,10.0,2025-12-10,fantástico
venecia plaza centro,malasia,habitación estándar,1,pareja,excepcional,,,10.0,2025-12-09,fantástico
venecia plaza centro,rumanía,habitación estándar,3,pareja,fantástico,,,9.0,2025-12-06,fantástico
venecia plaza centro,estados unidos,,3,pareja,excepcional,,,10.0,2025-12-05,fantástico
venecia plaza centro,bulgaria,,3,familia,excepcional,,,10.0,2025-12-05,fantástico
venecia plaza centro,estados unidos,habitación estándar,2,familia,excepcional,,,10.0,2025-12-04,fantástico
venecia plaza centro,bulgaria,,3,pareja,excepcional,,,10.0,2025-12-03,fantástico
venecia plaza centro,reino unido,,3,pareja,excepcional,,,10.0,2025-11-30,fantástico
venecia plaza centro,españa,,1,pareja,muy bien,,,8.0,2025-11-29,fantástico
venecia plaza centro,irlanda,habitación doble estándar con vistas a la plaza del ayuntamiento,3,grupo,excepcional,,,10.0,2025-11-25,fantástico
venecia plaza centro,reino unido,,3,familia,fantástico,,,9.0,2025-11-23,fantástico
venecia plaza centro,reino unido,habitación doble estándar con vistas a la plaza del ayuntamiento,4,familia,excepcional,,,10.0,2025-11-22,fantástico
venecia plaza centro,rumanía,,1,pareja,muy bien,,,8.0,2025-11-18,fantástico
venecia plaza centro,brasil,habitación triple económica con vistas al patio interior,1,grupo,excepcional,,,10.0,2025-11-18,fantástico
venecia plaza centro,reino unido,,3,grupo,muy bien,,,8.0,2025-11-17,fantástico
venecia plaza centro,reino unido,habitación cuádruple superior,3,grupo,excepcional,,,10.0,2025-11-17,fantástico
venecia plaza centro,estados unidos,,5,pareja,excepcional,,,10.0,2025-11-17,fantástico
venecia plaza centro,reino unido,habitación estándar,4,familia,excepcional,,,10.0,2025-11-17,fantástico
venecia plaza centro,reino unido,,3,persona que viaja sola,excepcional,,,10.0,2025-11-15,fantástico
venecia plaza centro,rumanía,,1,pareja,muy bien,,,8.0,2025-11-14,fantástico
venecia plaza centro,reino unido,habitación estándar,3,grupo,excepcional,,,10.0,2025-11-13,fantástico
venecia plaza centro,polonia,,2,familia,excepcional,,,10.0,2025-11-12,fantástico
venecia plaza centro,qatar,,1,persona que viaja sola,muy bien,,,8.0,2025-11-08,fantástico
venecia plaza centro,serbia,habitación estándar,4,familia,excepcional,,,10.0,2025-11-06,fantástico
venecia plaza centro,reino unido,habitación estándar,3,familia,fantástico,,,9.0,2025-11-05,fantástico
venecia plaza centro,suiza,habitación doble estándar con vistas a la plaza del ayuntamiento,2,pareja,excepcional,,,10.0,2025-11-05,fantástico
venecia plaza centro,reino unido,,3,familia,excepcional,,,10.0,2025-11-04,fantástico
venecia plaza centro,españa,habitación estándar,1,persona que viaja sola,fantástico,,,9.0,2025-10-31,fantástico
venecia plaza centro,eslovaquia,habitación estándar,7,pareja,excepcional,,,10.0,2025-10-30,fantástico
venecia plaza centro,israel,,3,persona que viaja sola,fantástico,,,9.0,2025-10-30,fantástico
venecia plaza centro,reino unido,habitación doble estándar con vistas a la plaza del ayuntamiento,4,pareja,fantástico,,,9.0,2025-10-29,fantástico
venecia plaza centro,españa,,1,pareja,fantástico,,,9.0,2025-10-29,fantástico
venecia plaza centro,rumanía,,1,persona que viaja sola,excepcional,,,10.0,2025-10-25,fantástico
venecia plaza centro,reino unido,habitación doble estándar con vistas a la plaza del ayuntamiento,1,pareja,excepcional,,,10.0,2025-10-25,fantástico
venecia plaza centro,serbia,habitación triple económica con vistas al patio interior,3,grupo,excepcional,,,10.0,2025-10-23,fantástico
venecia plaza centro,vietnam,,1,grupo,excepcional,,,10.0,2025-10-22,fantástico
venecia plaza centro,argentina,,2,persona que viaja sola,excepcional,,,10.0,2025-10-21,fantástico
venecia plaza centro,puerto rico,habitación doble estándar con vistas a la plaza del ayuntamiento,2,familia,excepcional,,,10.0,2025-10-17,fantástico
venecia plaza centro,españa,habitación doble estándar con vistas a la plaza del ayuntamiento,2,persona que viaja sola,excepcional,,,10.0,2025-10-17,fantástico
venecia plaza centro,georgia,,4,persona que viaja sola,excepcional,,,10.0,2025-10-16,fantástico
venecia plaza centro,australia,,2,grupo,fantástico,,,9.0,2025-10-15,fantástico
venecia plaza centro,kuwait,habitación cuádruple superior,2,grupo,excepcional,,,10.0,2025-10-12,fantástico
venecia plaza centro,estados unidos,,2,pareja,excepcional,,,10.0,2025-10-12,fantástico
venecia plaza centro,estados unidos,habitación doble estándar con vistas a la plaza del ayuntamiento,3,pareja,excepcional,,,10.0,2025-10-05,fantástico
venecia plaza centro,españa,,1,pareja,fantástico,,,9.0,2025-10-04,fantástico
venecia plaza centro,reino unido,habitación doble estándar con vistas a la plaza del ayuntamiento,2,pareja,fantástico,,,9.0,2025-10-04,fantástico
venecia plaza centro,reino unido,habitación estándar,4,persona que viaja sola,fantástico,,,9.0,2025-09-30,fantástico
venecia plaza centro,australia,habitación estándar,2,persona que viaja sola,excepcional,,,10.0,2025-09-30,fantástico
venecia plaza centro,reino unido,habitación doble estándar con vistas a la plaza del ayuntamiento,2,pareja,fantástico,,,9.0,2025-09-29,fantástico
venecia plaza centro,estados unidos,,1,pareja,excepcional,,,10.0,2025-09-29,fantástico
venecia plaza centro,reino unido,,3,pareja,fantástico,,,9.0,2025-09-29,fantástico
venecia plaza centro,reino unido,,3,grupo,excepcional,,,10.0,2025-09-29,fantástico
venecia plaza centro,bélgica,habitación estándar,1,persona que viaja sola,excepcional,,,10.0,2025-09-29,fantástico
venecia plaza centro,reino unido,habitación doble estándar con vistas a la plaza del ayuntamiento,3,pareja,fantástico,,,9.0,2025-09-28,fantástico
venecia plaza centro,reino unido,habitación triple superior,1,familia,excepcional,,,10.0,2025-09-28,fantástico
venecia plaza centro,estados unidos,habitación doble estándar con vistas a la plaza del ayuntamiento,1,pareja,excepcional,,,10.0,2025-09-24,fantástico
venecia plaza centro,irlanda,,2,grupo,room spotlessly clean and lovely facilities. staff very friendly and couldn t fault it for value. location is first clas,,,10.0,2025-09-23,fantástico
venecia plaza centro,estados unidos,,2,pareja,excepcional,,,10.0,2025-09-22,fantástico
venecia plaza centro,reino unido,,3,pareja,excepcional,,,10.0,2025-09-22,fantástico
venecia plaza centro,reino unido,,2,familia,fantástico,,,9.0,2025-09-19,fantástico
venecia plaza centro,reino unido,habitación estándar,3,pareja,fantástico,,,9.0,2025-09-18,fantástico
venecia plaza centro,argentina,habitación triple económica con vistas al patio interior,2,familia,excepcional,,,10.0,2025-09-14,fantástico
venecia plaza centro,montenegro,habitación triple económica con vistas al patio interior,4,familia,excepcional,,,10.0,2025-09-12,fantástico
venecia plaza centro,reino unido,,5,pareja,excepcional,,,10.0,2025-09-10,fantástico
venecia plaza centro,estados unidos,habitación doble estándar con vistas a la plaza del ayuntamiento,2,grupo,fantástico,,,9.0,2025-09-08,fantástico
venecia plaza centro,australia,,1,familia,excepcional,,,10.0,2025-09-07,fantástico
venecia plaza centro,nueva zelanda,habitación triple económica con vistas al patio interior,4,familia,excepcional,,,10.0,2025-09-05,fantástico
venecia plaza centro,noruega,habitación doble estándar con vistas a la plaza del ayuntamiento,6,pareja,excepcional,,,10.0,2025-09-04,fantástico
venecia plaza centro,estados unidos,,2,grupo,fantástico,,,9.0,2025-08-27,fantástico
venecia plaza centro,italia,,5,persona que viaja sola,excepcional,,,10.0,2025-08-27,fantástico
venecia plaza centro,estados unidos,habitación cuádruple económica sin vistas,2,familia,excepcional,,,10.0,2025-08-25,fantástico
venecia plaza centro,irlanda,habitación estándar,3,pareja,fantástico,,,9.0,2025-08-24,fantástico
venecia plaza centro,malta,habitación cuádruple económica sin vistas,3,familia,fantástico,,,9.0,2025-08-22,fantástico
venecia plaza centro,reino unido,habitación estándar,1,pareja,excepcional,,,10.0,2025-08-22,fantástico
venecia plaza centro,irlanda,habitación doble estándar con vistas a la plaza del ayuntamiento,2,pareja,excepcional,,,10.0,2025-08-20,fantástico
venecia plaza centro,australia,,3,pareja,fantástico,,,9.0,2025-08-20,fantástico
venecia plaza centro,irlanda,habitación cuádruple superior,4,familia,excepcional,,,10.0,2025-08-19,fantástico
venecia plaza centro,reino unido,habitación estándar,4,persona que viaja sola,muy bien,,,8.0,2025-08-16,fantástico
venecia plaza centro,albania,,1,familia,excepcional,,,10.0,2025-08-15,fantástico
venecia plaza centro,reino unido,habitación estándar,3,pareja,excepcional,,,10.0,2025-08-11,fantástico
venecia plaza centro,australia,habitación estándar,4,familia,fantástico,,,9.0,2025-08-10,fantástico
venecia plaza centro,españa,habitación doble estándar con vistas a la plaza del ayuntamiento,1,persona que viaja sola,excepcional,,,10.0,2025-08-10,fantástico
venecia plaza centro,irlanda,habitación cuádruple superior,3,familia,muy bien,,,8.0,2025-08-09,fantástico
venecia plaza centro,alemania,habitación doble estándar con vistas a la plaza del ayuntamiento,1,familia,excepcional,,,10.0,2025-08-06,fantástico
venecia plaza centro,canadá,,2,familia,excepcional,,,10.0,2025-08-06,fantástico
venecia plaza centro,albania,habitación doble estándar con vistas a la plaza del ayuntamiento,2,familia,excepcional,,,10.0,2025-08-05,fantástico
venecia plaza centro,reino unido,habitación estándar,3,grupo,excepcional,,,10.0,2025-08-05,fantástico
venecia plaza centro,reino unido,habitación doble estándar con vistas a la plaza del ayuntamiento,2,grupo,fantástico,,,9.0,2025-08-05,fantástico
venecia plaza centro,ecuador,habitación estándar,1,familia,excepcional,,,10.0,2025-08-03,fantástico
venecia plaza centro,reino unido,habitación cuádruple estándar,2,familia,excepcional,,,10.0,2025-08-02,fantástico
venecia plaza centro,reino unido,habitación doble estándar con vistas a la plaza del ayuntamiento,2,pareja,fantástico,,,9.0,2025-08-02,fantástico
venecia plaza centro,ucrania,habitación cuádruple económica sin vistas,1,familia,fantástico,,,9.0,2025-08-01,fantástico
venecia plaza centro,estados unidos,habitación cuádruple económica sin vistas,3,familia,excepcional,,,10.0,2025-07-30,fantástico
venecia plaza centro,lituania,habitación cuádruple estándar,1,familia,excepcional,,,10.0,2025-07-29,fantástico
venecia plaza centro,irlanda,,1,pareja,fantástico,,,9.0,2025-07-26,fantástico
venecia plaza centro,rumanía,habitación estándar,2,pareja,excepcional,,,10.0,2025-07-24,fantástico
venecia plaza centro,bulgaria,habitación estándar,2,persona que viaja sola,fantástico,,,9.0,2025-07-23,fantástico
venecia plaza centro,bulgaria,habitación doble estándar con vistas a la plaza del ayuntamiento,3,pareja,muy bien,,,8.0,2025-07-21,fantástico
venecia plaza centro,estados unidos,habitación doble estándar con vistas a la plaza del ayuntamiento,2,pareja,excepcional,,,10.0,2025-07-19,fantástico
venecia plaza centro,reino unido,,1,pareja,excepcional,,,10.0,2025-07-19,fantástico
venecia plaza centro,emiratos árabes unidos,habitación cuádruple superior,4,familia,excepcional,,,10.0,2025-07-16,fantástico
venecia plaza centro,irlanda,,2,familia,excepcional,,,10.0,2025-07-14,fantástico
venecia plaza centro,reino unido,habitación triple superior,3,familia,excepcional,,,10.0,2025-07-14,fantástico
venecia plaza centro,irlanda,,4,pareja,fantástico,,,9.0,2025-07-12,fantástico
venecia plaza centro,canadá,habitación cuádruple superior,1,familia,excellent stay. loved our room,,,10.0,2025-07-10,fantástico
venecia plaza centro,argentina,habitación cuádruple estándar,2,familia,excepcional,,,10.0,2025-07-09,fantástico
venecia plaza centro,reino unido,,4,pareja,excepcional,,,10.0,2025-07-08,fantástico
venecia plaza centro,canadá,,2,grupo,excepcional,,,10.0,2025-07-03,fantástico
venecia plaza centro,bulgaria,habitación estándar,1,pareja,perfect location to explore valencia.,,,9.0,2025-07-03,fantástico
venecia plaza centro,brasil,habitación estándar,2,grupo,excepcional,,,10.0,2025-06-29,fantástico
venecia plaza centro,estados unidos,,1,persona que viaja sola,excepcional,,,10.0,2025-06-28,fantástico
venecia plaza centro,reino unido,,4,pareja,excepcional,,,10.0,2025-06-28,fantástico
venecia plaza centro,irlanda,habitación estándar,1,pareja,excepcional,,,10.0,2025-06-20,fantástico
venecia plaza centro,arabia saudí,habitación estándar,2,grupo,excepcional,,,10.0,2025-06-17,fantástico
venecia plaza centro,reino unido,habitación estándar,1,familia,"fantastic central location, perfect for exploring a lovely city.",,,9.0,2025-06-16,fantástico
venecia plaza centro,reino unido,,4,persona que viaja sola,excepcional,,,10.0,2025-06-16,fantástico
venecia plaza centro,reino unido,,1,pareja,excepcional,,,10.0,2025-06-16,fantástico
venecia plaza centro,reino unido,,1,grupo,fantástico,,,9.0,2025-06-11,fantástico
venecia plaza centro,australia,,1,persona que viaja sola,excepcional,,,10.0,2025-06-09,fantástico
venecia plaza centro,reino unido,,6,persona que viaja sola,fantástico,,,9.0,2025-06-08,fantástico
venecia plaza centro,nueva zelanda,habitación cuádruple estándar,1,grupo,fantástico,,,9.0,2025-06-07,fantástico
venecia plaza centro,australia,,2,pareja,fantástico,,,9.0,2025-06-06,fantástico
venecia plaza centro,estados unidos,,3,pareja,muy bien,,,8.0,2025-06-06,fantástico
venecia plaza centro,estados unidos,habitación doble estándar con vistas a la plaza del ayuntamiento,3,pareja,fantástico,,,9.0,2025-05-30,fantástico
venecia plaza centro,sudáfrica,habitación estándar,1,familia,excepcional,,,10.0,2025-05-29,fantástico
venecia plaza centro,reino unido,,2,pareja,excepcional,,,10.0,2025-05-29,fantástico
venecia plaza centro,reino unido,habitación triple superior,3,familia,excepcional,,,10.0,2025-05-28,fantástico
venecia plaza centro,italia,habitación doble estándar con vistas a la plaza del ayuntamiento,1,grupo,excepcional,,,10.0,2025-05-25,fantástico
venecia plaza centro,australia,habitación estándar,2,pareja,fantástico,,,9.0,2025-05-21,fantástico
venecia plaza centro,reino unido,habitación estándar,1,persona que viaja sola,fantástico,,,9.0,2025-05-19,fantástico
venecia plaza centro,reino unido,,3,pareja,fantástico,,,9.0,2025-05-19,fantástico
venecia plaza centro,nueva zelanda,habitación doble estándar con vistas a la plaza del ayuntamiento,2,pareja,excepcional,,,10.0,2025-05-16,fantástico
venecia plaza centro,países bajos,habitación estándar,1,persona que viaja sola,fantástico,,,9.0,2025-05-13,fantástico
venecia plaza centro,australia,habitación estándar,2,pareja,muy bien,,,8.0,2025-05-13,fantástico
venecia plaza centro,kosovo,habitación cuádruple superior,3,familia,fantástico,,,9.0,2025-05-13,fantástico
venecia plaza centro,estados unidos,,2,pareja,excepcional,,,10.0,2025-05-11,fantástico
venecia plaza centro,bulgaria,habitación estándar,1,pareja,fantástico,,,9.0,2025-05-11,fantástico
venecia plaza centro,irlanda,habitación estándar,2,persona que viaja sola,muy bien,,,8.0,2025-05-09,fantástico
venecia plaza centro,reino unido,habitación estándar,1,pareja,excepcional,,,10.0,2025-05-07,fantástico
venecia plaza centro,emiratos árabes unidos,,2,grupo,fantástico,,,9.0,2025-05-07,fantástico
venecia plaza centro,bulgaria,habitación estándar,3,pareja,great room and perfect location and view.,,,10.0,2025-05-05,fantástico
venecia plaza centro,españa,,1,pareja,excepcional,,,10.0,2025-05-04,fantástico
venecia plaza centro,estados unidos,habitación estándar,1,persona que viaja sola,excepcional,,,10.0,2025-05-03,fantástico
venecia plaza centro,reino unido,,1,familia,muy bien,,,8.0,2025-05-02,fantástico
venecia plaza centro,reino unido,habitación doble estándar con vistas a la plaza del ayuntamiento,3,pareja,muy bien,,,8.0,2025-05-02,fantástico
venecia plaza centro,estados unidos,habitación estándar,2,familia,fantástico,,,9.0,2025-04-29,fantástico
venecia plaza centro,estados unidos,,3,persona que viaja sola,fantástico,,,9.0,2025-04-28,fantástico
venecia plaza centro,hong kong,,2,familia,excepcional,,,10.0,2025-04-26,fantástico
venecia plaza centro,reino unido,,3,pareja,muy bien,,,8.0,2025-04-24,fantástico
venecia plaza centro,reino unido,,3,pareja,fantástico,,,9.0,2025-04-22,fantástico
venecia plaza centro,sudáfrica,habitación doble estándar con vistas a la plaza del ayuntamiento,3,grupo,fantástico,,,9.0,2025-04-18,fantástico
venecia plaza centro,noruega,habitación doble estándar con vistas a la plaza del ayuntamiento,3,grupo,excepcional,,,10.0,2025-04-18,fantástico
venecia plaza centro,irlanda,,3,pareja,muy bien,,,8.0,2025-04-16,fantástico
venecia plaza centro,reino unido,habitación doble estándar con vistas a la plaza del ayuntamiento,5,familia,muy bien,,,8.0,2025-04-16,fantástico
venecia plaza centro,suiza,habitación doble estándar con vistas a la plaza del ayuntamiento,3,pareja,fantástico,,,9.0,2025-04-14,fantástico
venecia plaza centro,reino unido,habitación doble estándar con vistas a la plaza del ayuntamiento,2,pareja,muy bien,,,8.0,2025-04-14,fantástico
venecia plaza centro,kosovo,habitación doble estándar con vistas a la plaza del ayuntamiento,3,familia,excepcional,,,10.0,2025-04-13,fantástico
venecia plaza centro,irlanda,habitación estándar,4,familia,muy bien,,,8.0,2025-04-13,fantástico
venecia plaza centro,reino unido,,3,pareja,excepcional,,,10.0,2025-04-13,fantástico
venecia plaza centro,reino unido,habitación doble estándar con vistas a la plaza del ayuntamiento,1,pareja,fantástico,,,9.0,2025-04-13,fantástico
venecia plaza centro,bélgica,,1,pareja,fantástico,,,9.0,2025-04-11,fantástico
venecia plaza centro,españa,habitación estándar,1,persona que viaja sola,excepcional,,,10.0,2025-04-10,fantástico
venecia plaza centro,reino unido,,2,pareja,fantástico,,,9.0,2025-04-09,fantástico
venecia plaza centro,reino unido,habitación triple económica con vistas al patio interior,2,grupo,great location with lovely staff. very helpful and cheerful,,,8.0,2025-04-09,fantástico
venecia plaza centro,reino unido,,3,pareja,excepcional,,,10.0,2025-04-08,fantástico
venecia plaza centro,reino unido,,2,persona que viaja sola,muy bien,,,8.0,2025-04-08,fantástico
venecia plaza centro,estados unidos,habitación doble estándar con vistas a la plaza del ayuntamiento,1,pareja,fantástico,,,9.0,2025-04-06,fantástico
venecia plaza centro,estados unidos,habitación triple económica con vistas al patio interior,1,grupo,excepcional,,,10.0,2025-04-04,fantástico
venecia plaza centro,irak,habitación triple económica con vistas al patio interior,1,familia,excepcional,,,10.0,2025-04-04,fantástico
venecia plaza centro,reino unido,,1,pareja,excepcional,,,10.0,2025-04-01,fantástico
venecia plaza centro,reino unido,,3,pareja,muy bien,,,8.0,2025-04-01,fantástico
venecia plaza centro,españa,,3,grupo,fantástico,,,9.0,2025-03-30,fantástico
venecia plaza centro,chipre,habitación estándar,2,persona que viaja sola,excepcional,,,10.0,2025-03-27,fantástico
venecia plaza centro,italia,habitación estándar,2,familia,fantástico,,,9.0,2025-03-22,fantástico
venecia plaza centro,macedonia del norte,,5,persona que viaja sola,"perfect location, facilities and staff.",,,10.0,2025-03-22,fantástico
venecia plaza centro,bulgaria,,2,persona que viaja sola,"it was great. amazing quality, really nice stuff, perfect location and view.",,,10.0,2025-03-22,fantástico
venecia plaza centro,reino unido,habitación estándar,1,persona que viaja sola,excepcional,,,10.0,2025-03-22,fantástico
venecia plaza centro,islandia,,1,pareja,fantástico,,,9.0,2025-03-21,fantástico
venecia plaza centro,reino unido,habitación doble estándar con vistas a la plaza del ayuntamiento,2,grupo,muy bien,,,8.0,2025-03-21,fantástico
venecia plaza centro,países bajos,habitación estándar,3,pareja,fantástico,,,9.0,2025-03-17,fantástico
venecia plaza centro,serbia,habitación estándar,4,pareja,excepcional,,,10.0,2025-03-16,fantástico
venecia plaza centro,irlanda,,2,pareja,excepcional,,,10.0,2025-03-14,fantástico
venecia plaza centro,estados unidos,,1,pareja,fantástico,,,9.0,2025-03-13,fantástico
venecia plaza centro,malta,habitación cuádruple estándar,2,familia,excepcional,,,10.0,2025-03-09,fantástico
venecia plaza centro,reino unido,habitación doble con balcón - plaza del ayuntamiento,5,pareja,fantástico,,,9.0,2025-03-01,fantástico
venecia plaza centro,reino unido,,3,persona que viaja sola,excepcional,,,10.0,2025-03-01,fantástico
venecia plaza centro,francia,,3,pareja,excepcional,,,10.0,2025-02-28,fantástico
venecia plaza centro,armenia,habitación triple superior,3,familia,excepcional,,,10.0,2025-02-28,fantástico
venecia plaza centro,albania,habitación cuádruple estándar,3,grupo,excepcional,,,10.0,2025-02-26,fantástico
venecia plaza centro,reino unido,,4,persona que viaja sola,fantástico,,,9.0,2025-02-26,fantástico
venecia plaza centro,eslovenia,habitación doble estándar con vistas a la plaza del ayuntamiento,3,pareja,fantástico,,,9.0,2025-02-25,fantástico
venecia plaza centro,grecia,,2,pareja,fantástico,,,9.0,2025-02-24,fantástico
venecia plaza centro,irlanda,,2,pareja,excepcional,,,10.0,2025-02-23,fantástico
venecia plaza centro,canadá,habitación individual económica,3,persona que viaja sola,excepcional,,,10.0,2025-02-19,fantástico
venecia plaza centro,reino unido,,5,pareja,excepcional,,,10.0,2025-02-17,fantástico
venecia plaza centro,rusia,habitación estándar,2,persona que viaja sola,fantástico,,,9.0,2025-02-16,fantástico
venecia plaza centro,países bajos,habitación doble estándar con vistas a la plaza del ayuntamiento,3,grupo,muy bien,,,8.0,2025-02-12,fantástico
venecia plaza centro,argentina,habitación individual económica,1,persona que viaja sola,excepcional,,,10.0,2025-02-08,fantástico
venecia plaza centro,rusia,habitación individual económica,1,persona que viaja sola,excepcional,,,10.0,2025-02-08,fantástico
venecia plaza centro,eslovenia,habitación cuádruple estándar,3,familia,excepcional,,,10.0,2025-02-07,fantástico
venecia plaza centro,países bajos,,2,pareja,excepcional,,,10.0,2025-02-06,fantástico
venecia plaza centro,irlanda,habitación estándar,2,familia,muy bien,,,8.0,2025-02-03,fantástico
venecia plaza centro,marruecos,,1,persona que viaja sola,muy bien,,,8.0,2025-02-03,fantástico
venecia plaza centro,españa,,1,pareja,excepcional,,,10.0,2025-02-03,fantástico
venecia plaza centro,reino unido,habitación estándar,1,pareja,fantástico,,,9.0,2025-01-31,fantástico
venecia plaza centro,armenia,habitación estándar,2,familia,excepcional,,,10.0,2025-01-31,fantástico
venecia plaza centro,reino unido,habitación estándar,2,pareja,muy bien,,,8.0,2025-01-30,fantástico
venecia plaza centro,reino unido,habitación individual económica,2,persona que viaja sola,excepcional,,,10.0,2025-01-27,fantástico
venecia plaza centro,estados unidos,,2,grupo,excepcional,,,10.0,2025-01-27,fantástico
venecia plaza centro,serbia,habitación estándar,3,familia,"friendly staff, amazing location, comfy room.",,,10.0,2025-01-27,fantástico
venecia plaza centro,españa,,1,pareja,excepcional,,,10.0,2025-01-16,fantástico
venecia plaza centro,estados unidos,,2,pareja,excepcional,,,10.0,2025-01-14,fantástico
venecia plaza centro,canadá,habitación estándar,2,familia,muy bien,,,8.0,2025-01-13,fantástico
venecia plaza centro,irlanda,habitación estándar,2,persona que viaja sola,fantástico,,,9.0,2025-01-13,fantástico
venecia plaza centro,reino unido,habitación doble deluxe - 1 o 2 camas,4,grupo,fantástico,,,9.0,2025-01-08,fantástico
venecia plaza centro,bélgica,habitación estándar,3,familia,fantástico,,,9.0,2025-01-07,fantástico
venecia plaza centro,australia,habitación cuádruple superior,1,familia,excepcional,,,10.0,2025-01-06,fantástico
venecia plaza centro,república dominicana,,1,pareja,excepcional,,,10.0,2025-01-05,fantástico
venecia plaza centro,suiza,habitación individual económica,1,persona que viaja sola,fantástico,,,9.0,2025-01-04,fantástico
venecia plaza centro,reino unido,,4,pareja,excepcional,,,10.0,2025-01-04,fantástico
venecia plaza centro,irlanda,habitación estándar,6,familia,excepcional,,,10.0,2024-12-31,fantástico
venecia plaza centro,rumanía,,7,pareja,excepcional,,,10.0,2024-12-30,fantástico
venecia plaza centro,reino unido,,1,pareja,excepcional,,,10.0,2024-12-30,fantástico
venecia plaza centro,estados unidos,habitación doble deluxe - 1 o 2 camas,16,pareja,fantástico,,,9.0,2024-12-28,fantástico
venecia plaza centro,reino unido,habitación estándar,1,familia,excepcional,,,10.0,2024-12-24,fantástico
venecia plaza centro,estados unidos,habitación doble estándar con vistas a la plaza del ayuntamiento,3,familia,muy bien,,,8.0,2024-12-22,fantástico
venecia plaza centro,estados unidos,habitación estándar,1,pareja,excepcional,,,10.0,2024-12-19,fantástico
venecia plaza centro,reino unido,,2,persona que viaja sola,excepcional,,,10.0,2024-12-18,fantástico
venecia plaza centro,líbano,habitación estándar,1,familia,excepcional,,,10.0,2024-12-15,fantástico
venecia plaza centro,armenia,,2,persona que viaja sola,excepcional,,,10.0,2024-12-15,fantástico
venecia plaza centro,reino unido,habitación doble con balcón - plaza del ayuntamiento,5,pareja,fantástico,,,9.0,2024-12-14,fantástico
venecia plaza centro,suiza,habitación estándar,5,persona que viaja sola,excepcional,,,10.0,2024-12-14,fantástico
venecia plaza centro,líbano,habitación estándar,5,familia,fantástico,,,9.0,2024-12-14,fantástico
venecia plaza centro,australia,habitación estándar,1,pareja,fantástico,,,9.0,2024-12-09,fantástico
venecia plaza centro,españa,habitación estándar,2,persona que viaja sola,excepcional,,,10.0,2024-12-08,fantástico
venecia plaza centro,república checa,habitación estándar,2,pareja,excepcional,,,10.0,2024-11-30,fantástico
venecia plaza centro,alemania,,1,persona que viaja sola,fantástico,,,9.0,2024-11-28,fantástico
venecia plaza centro,hungría,,3,persona que viaja sola,fantástico,,,9.0,2024-11-28,fantástico
venecia plaza centro,armenia,habitación cuádruple superior,2,familia,muy bien,,,8.0,2024-11-27,fantástico
venecia plaza centro,irlanda,,1,persona que viaja sola,fantástico,,,9.0,2024-11-23,fantástico
venecia plaza centro,egipto,,1,persona que viaja sola,muy bien,,,8.0,2024-11-23,fantástico
venecia plaza centro,italia,habitación estándar,3,pareja,fantástico,,,9.0,2024-11-19,fantástico
venecia plaza centro,reino unido,habitación doble deluxe - 1 o 2 camas,1,grupo,muy bien,,,8.0,2024-11-19,fantástico
venecia plaza centro,serbia,habitación cuádruple prémium,4,familia,excepcional,,,10.0,2024-11-14,fantástico
venecia plaza centro,francia,habitación estándar,1,persona que viaja sola,fantástico,,,9.0,2024-11-13,fantástico
venecia plaza centro,irlanda,habitación estándar,1,pareja,excepcional,,,10.0,2024-11-10,fantástico
venecia plaza centro,españa,habitación estándar,1,persona que viaja sola,excepcional,,,10.0,2024-11-08,fantástico
venecia plaza centro,reino unido,habitación triple superior,1,grupo,excepcional,,,10.0,2024-11-08,fantástico
venecia plaza centro,países bajos,habitación estándar,1,persona que viaja sola,excepcional,,,10.0,2024-11-06,fantástico
venecia plaza centro,suiza,habitación doble deluxe - 1 o 2 camas,1,persona que viaja sola,excepcional,,,10.0,2024-11-05,fantástico
venecia plaza centro,reino unido,,2,pareja,fantástico,,,9.0,2024-10-30,fantástico
venecia plaza centro,irlanda,habitación estándar,3,pareja,excepcional,,,10.0,2024-10-24,fantástico
venecia plaza centro,eslovenia,habitación estándar,2,pareja,excepcional,,,10.0,2024-10-24,fantástico
venecia plaza centro,malta,habitación triple superior,3,pareja,muy bien,,,8.0,2024-10-23,fantástico
venecia plaza centro,estados unidos,habitación estándar,3,familia,fantástico,,,9.0,2024-10-22,fantástico
venecia plaza centro,irlanda,habitación cuádruple superior,3,grupo,fantástico,,,9.0,2024-10-22,fantástico
venecia plaza centro,emiratos árabes unidos,,1,persona que viaja sola,muy bien,,,8.0,2024-10-21,fantástico
venecia plaza centro,reino unido,habitación doble deluxe - 1 o 2 camas,4,pareja,excepcional,,,10.0,2024-10-20,fantástico
venecia plaza centro,estados unidos,habitación doble con balcón - plaza del ayuntamiento,1,pareja,fantástico,,,9.0,2024-10-18,fantástico
venecia plaza centro,bulgaria,habitación triple superior,6,familia,excepcional,,,10.0,2024-10-16,fantástico
venecia plaza centro,reino unido,,1,persona que viaja sola,fantástico,,,9.0,2024-10-15,fantástico
venecia plaza centro,suiza,habitación estándar,1,pareja,fantástico,,,9.0,2024-10-14,fantástico
venecia plaza centro,reino unido,habitación estándar,3,pareja,muy bien,,,8.0,2024-10-12,fantástico
venecia plaza centro,reino unido,,2,persona que viaja sola,fantástico,,,9.0,2024-10-11,fantástico
venecia plaza centro,españa,habitación cuádruple superior,2,familia,excepcional,,,10.0,2024-10-11,fantástico
venecia plaza centro,kuwait,habitación doble deluxe - 1 o 2 camas,3,persona que viaja sola,excepcional,,,10.0,2024-10-09,fantástico
venecia plaza centro,estados unidos,habitación doble deluxe - 1 o 2 camas,5,pareja,excepcional,,,10.0,2024-10-09,fantástico
venecia plaza centro,españa,,1,pareja,fantástico,,,9.0,2024-10-02,fantástico
venecia plaza centro,nueva zelanda,habitación estándar,3,persona que viaja sola,fantástico,,,9.0,2024-10-02,fantástico
venecia plaza centro,reino unido,habitación estándar,2,familia,excepcional,,,10.0,2024-09-30,fantástico
venecia plaza centro,india,,5,persona que viaja sola,excepcional,,,10.0,2024-09-28,fantástico
venecia plaza centro,australia,habitación estándar,4,pareja,excepcional,,,10.0,2024-09-27,fantástico
venecia plaza centro,australia,habitación doble con balcón - plaza del ayuntamiento,2,pareja,muy bien,,,8.0,2024-09-27,fantástico
venecia plaza centro,reino unido,habitación estándar,2,grupo,fantástico,,,9.0,2024-09-26,fantástico
venecia plaza centro,irlanda,,2,pareja,fantástico,,,9.0,2024-09-25,fantástico
venecia plaza centro,países bajos,habitación doble estándar con vistas a la plaza del ayuntamiento,1,persona que viaja sola,muy bien,,,8.0,2024-09-24,fantástico
venecia plaza centro,australia,habitación cuádruple superior,1,grupo,muy bien,,,8.0,2024-09-22,fantástico
venecia plaza centro,brasil,habitación cuádruple superior,2,familia,excepcional,,,10.0,2024-09-21,fantástico
venecia plaza centro,estados unidos,habitación cuádruple superior,1,familia,excepcional,,,10.0,2024-09-19,fantástico
venecia plaza centro,rusia,,2,grupo,excepcional,,,10.0,2024-09-19,fantástico
venecia plaza centro,españa,,3,pareja,great location and spotlessly clean,,,10.0,2024-09-18,fantástico
venecia plaza centro,reino unido,,5,grupo,excepcional,,,10.0,2024-09-18,fantástico
venecia plaza centro,reino unido,habitación estándar,3,grupo,excepcional,,,10.0,2024-09-18,fantástico
venecia plaza centro,malta,habitación doble económica con vistas al patio interior,3,pareja,excepcional,,,10.0,2024-09-16,fantástico
venecia plaza centro,eslovenia,habitación cuádruple superior,3,grupo,excepcional,,,10.0,2024-09-15,fantástico
venecia plaza centro,canadá,,3,pareja,fantástico,,,9.0,2024-09-15,fantástico
venecia plaza centro,reino unido,habitación doble con balcón - plaza del ayuntamiento,3,pareja,excepcional,,,10.0,2024-09-14,fantástico
venecia plaza centro,canadá,habitación estándar,1,pareja,fantástico,,,9.0,2024-09-14,fantástico
venecia plaza centro,estados unidos,habitación doble económica con vistas al patio interior,1,familia,fantástico,,,9.0,2024-09-14,fantástico
venecia plaza centro,bélgica,habitación estándar,2,persona que viaja sola,perfect location.,,,10.0,2024-09-13,fantástico
venecia plaza centro,reino unido,habitación cuádruple prémium,1,familia,excepcional,,,10.0,2024-09-09,fantástico
venecia plaza centro,reino unido,,3,persona que viaja sola,muy bien,,,8.0,2024-09-08,fantástico
venecia plaza centro,irlanda,habitación doble con balcón - plaza del ayuntamiento,3,pareja,fantástico,,,9.0,2024-09-07,fantástico
venecia plaza centro,canadá,,1,grupo,excepcional,,,10.0,2024-09-06,fantástico
venecia plaza centro,alemania,habitación estándar,2,persona que viaja sola,excepcional,,,10.0,2024-09-06,fantástico
venecia plaza centro,irlanda,habitación estándar,2,pareja,fantástico,,,9.0,2024-09-05,fantástico
venecia plaza centro,estados unidos,habitación doble económica con vistas al patio interior,1,persona que viaja sola,excepcional,,,10.0,2024-09-02,fantástico
venecia plaza centro,austria,habitación cuádruple prémium,3,familia,fantástico,,,9.0,2024-09-02,fantástico
venecia plaza centro,australia,habitación doble deluxe - 1 o 2 camas,2,grupo,excepcional,,,10.0,2024-09-02,fantástico
venecia plaza centro,australia,habitación doble deluxe - 1 o 2 camas,2,grupo,fantástico,,,9.0,2024-09-02,fantástico
venecia plaza centro,estados unidos,habitación estándar,2,pareja,fantástico,,,9.0,2024-08-30,fantástico
venecia plaza centro,reino unido,habitación estándar,1,familia,fantástico,,,9.0,2024-08-30,fantástico
venecia plaza centro,australia,habitación doble con balcón - plaza del ayuntamiento,3,pareja,excepcional,,,10.0,2024-08-22,fantástico
venecia plaza centro,egipto,habitación cuádruple prémium,2,familia,muy bien,,,8.0,2024-08-22,fantástico
venecia plaza centro,australia,habitación doble con balcón - plaza del ayuntamiento,2,pareja,such a beautiful and central spot,,,8.0,2024-08-21,fantástico
venecia plaza centro,reino unido,,3,persona que viaja sola,fantástico,,,9.0,2024-08-21,fantástico
venecia plaza centro,irlanda,habitación estándar,4,pareja,muy bien,,,8.0,2024-08-19,fantástico
venecia plaza centro,reino unido,habitación estándar,3,familia,excepcional,,,10.0,2024-08-18,fantástico
venecia plaza centro,reino unido,habitación cuádruple prémium,1,familia,fantástico,,,9.0,2024-08-18,fantástico
venecia plaza centro,marruecos,habitación cuádruple superior,2,familia,muy bien,,,8.0,2024-08-13,fantástico
venecia plaza centro,reino unido,habitación doble económica con vistas al patio interior,1,familia,excepcional,,,10.0,2024-08-13,fantástico
venecia plaza centro,españa,,1,pareja,fantástico,,,9.0,2024-08-13,fantástico
venecia plaza centro,estados unidos,,3,familia,excepcional,,,10.0,2024-08-12,fantástico
venecia plaza centro,estonia,habitación cuádruple prémium,1,familia,excepcional,,,10.0,2024-08-09,fantástico
venecia plaza centro,estados unidos,habitación estándar,2,persona que viaja sola,muy bien,,,8.0,2024-08-08,fantástico
venecia plaza centro,hong kong,,5,pareja,fantástico,,,9.0,2024-08-07,fantástico
venecia plaza centro,reino unido,habitación cuádruple superior,1,familia,excepcional,,,10.0,2024-08-05,fantástico
venecia plaza centro,reino unido,habitación estándar,3,pareja,excepcional,,,10.0,2024-08-05,fantástico
venecia plaza centro,australia,habitación triple superior,3,grupo,fantástico,,,9.0,2024-08-02,fantástico
venecia plaza centro,canadá,habitación cuádruple prémium,3,familia,excepcional,,,10.0,2024-08-02,fantástico
venecia plaza centro,españa,,1,persona que viaja sola,"perfect location, very convenient for train station shops bars restaurants etc",,,9.0,2024-07-30,fantástico
venecia plaza centro,rumanía,habitación estándar,1,pareja,muy bien,,,8.0,2024-07-26,fantástico
venecia plaza centro,reino unido,habitación triple económica con vistas al patio interior,1,familia,excepcional,,,10.0,2024-07-25,fantástico
venecia plaza centro,reino unido,habitación triple superior,3,familia,muy bien,,,8.0,2024-07-23,fantástico
venecia plaza centro,italia,habitación doble económica con vistas al patio interior,1,pareja,excepcional,,,10.0,2024-07-22,fantástico
venecia plaza centro,canadá,habitación estándar,1,pareja,excepcional,,,10.0,2024-07-20,fantástico
venecia plaza centro,polonia,habitación doble con balcón - plaza del ayuntamiento,5,pareja,excepcional,,,10.0,2024-07-17,fantástico
venecia plaza centro,países bajos,,4,persona que viaja sola,excepcional,,,10.0,2024-07-12,fantástico
venecia plaza centro,líbano,,2,familia,excepcional,,,10.0,2024-07-11,fantástico
venecia plaza centro,reino unido,habitación estándar,3,pareja,fantástico,,,9.0,2024-07-10,fantástico
venecia plaza centro,australia,habitación cuádruple prémium,2,familia,muy bien,,,8.0,2024-07-09,fantástico
venecia plaza centro,estados unidos,habitación doble con balcón - plaza del ayuntamiento,3,grupo,fantástico,,,9.0,2024-07-09,fantástico
venecia plaza centro,canadá,habitación triple superior,2,familia,muy bien,,,8.0,2024-07-08,fantástico
venecia plaza centro,reino unido,habitación doble económica con vistas al patio interior,1,persona que viaja sola,excepcional,,,10.0,2024-07-08,fantástico
venecia plaza centro,españa,habitación estándar,1,pareja,excepcional,,,10.0,2024-07-08,fantástico
venecia plaza centro,estados unidos,habitación estándar,2,pareja,excepcional,,,10.0,2024-07-04,fantástico
venecia plaza centro,arabia saudí,habitación cuádruple superior,5,familia,muy bien,,,8.0,2024-07-02,fantástico
venecia plaza centro,islandia,,1,familia,fantástico,,,9.0,2024-07-01,fantástico
venecia plaza centro,irlanda,habitación cuádruple económica sin vistas,1,familia,fantástico,,,9.0,2024-06-27,fantástico
venecia plaza centro,estados unidos,habitación cuádruple superior,1,familia,excepcional,,,10.0,2024-06-26,fantástico
venecia plaza centro,irlanda,habitación doble económica con vistas al patio interior,1,pareja,fantástico,,,9.0,2024-06-21,fantástico
venecia plaza centro,suiza,habitación doble económica con vistas al patio interior,5,persona que viaja sola,muy bien,,,8.0,2024-06-14,fantástico
venecia plaza centro,australia,habitación estándar,3,pareja,excepcional,,,10.0,2024-06-14,fantástico
venecia plaza centro,canadá,habitación estándar,1,familia,excepcional,,,10.0,2024-06-12,fantástico
venecia plaza centro,filipinas,habitación cuádruple superior,2,familia,excepcional,,,10.0,2024-06-12,fantástico
venecia plaza centro,reino unido,habitación triple superior,1,familia,excepcional,,,10.0,2024-06-10,fantástico
venecia plaza centro,reino unido,,1,grupo,excepcional,,,10.0,2024-06-09,fantástico
venecia plaza centro,estados unidos,,2,pareja,excepcional,,,10.0,2024-06-07,fantástico
venecia plaza centro,irlanda,habitación cuádruple económica sin vistas,1,familia,fantástico,,,9.0,2024-06-07,fantástico
venecia plaza centro,estados unidos,habitación triple superior,3,familia,excepcional,,,10.0,2024-06-07,fantástico
venecia plaza centro,australia,habitación doble deluxe - 1 o 2 camas,2,pareja,excepcional,,,10.0,2024-06-06,fantástico
venecia plaza centro,reino unido,,1,pareja,muy bien,,,8.0,2024-06-05,fantástico
venecia plaza centro,nueva zelanda,,1,pareja,excepcional,,,10.0,2024-06-01,fantástico
venecia plaza centro,reino unido,habitación estándar,3,persona que viaja sola,muy bien,,,8.0,2024-05-31,fantástico
venecia plaza centro,argentina,habitación doble económica con vistas al patio interior,1,persona que viaja sola,fantástico,,,9.0,2024-05-30,fantástico
venecia plaza centro,reino unido,habitación doble económica con vistas al patio interior,1,familia,fantástico,,,9.0,2024-05-29,fantástico
venecia plaza centro,serbia,habitación doble económica con vistas al patio interior,1,familia,fantástico,,,9.0,2024-05-29,fantástico
venecia plaza centro,reino unido,,3,grupo,fantástico,,,9.0,2024-05-28,fantástico
venecia plaza centro,países bajos,,1,pareja,fantástico,,,9.0,2024-05-27,fantástico
venecia plaza centro,bulgaria,habitación estándar,1,pareja,excepcional,,,10.0,2024-05-27,fantástico
venecia plaza centro,serbia,habitación triple superior,5,familia,excepcional,,,10.0,2024-05-26,fantástico
venecia plaza centro,serbia,habitación estándar,3,pareja,excepcional,,,10.0,2024-05-23,fantástico
venecia plaza centro,serbia,,2,familia,excepcional,,,10.0,2024-05-22,fantástico
venecia plaza centro,países bajos,habitación doble con balcón - plaza del ayuntamiento,2,pareja,"it was a very nice hotel, friendly staff, top location! we will definitely stay here again!",,,10.0,2024-05-22,fantástico
venecia plaza centro,suiza,habitación estándar,1,pareja,fantástico,,,9.0,2024-05-17,fantástico
venecia plaza centro,australia,habitación estándar,1,pareja,excepcional,,,10.0,2024-05-17,fantástico
venecia plaza centro,reino unido,habitación triple superior,1,familia,excepcional,,,10.0,2024-05-14,fantástico
venecia plaza centro,canadá,habitación cuádruple superior,1,grupo,excepcional,,,10.0,2024-05-13,fantástico
venecia plaza centro,puerto rico,habitación cuádruple económica sin vistas,2,familia,muy bien,,,8.0,2024-05-12,fantástico
venecia plaza centro,alemania,,4,pareja,excepcional,,,10.0,2024-05-09,fantástico
venecia plaza centro,reino unido,,3,grupo,excepcional,,,10.0,2024-05-08,fantástico
venecia plaza centro,australia,habitación estándar,4,familia,fantástico,,,9.0,2024-05-07,fantástico
venecia plaza centro,reino unido,habitación estándar,3,pareja,fantástico,,,9.0,2024-05-04,fantástico
venecia plaza centro,eslovenia,habitación cuádruple superior,3,familia,fantástico,,,9.0,2024-05-02,fantástico
venecia plaza centro,reino unido,habitación estándar,3,pareja,fantástico,,,9.0,2024-04-28,fantástico
venecia plaza centro,nueva zelanda,habitación estándar,2,grupo,excepcional,,,10.0,2024-04-23,fantástico
venecia plaza centro,españa,,1,familia,fantástico,,,9.0,2024-04-21,fantástico
venecia plaza centro,ucrania,habitación doble económica con vistas al patio interior,1,persona que viaja sola,fantástico,,,9.0,2024-04-21,fantástico
venecia plaza centro,reino unido,,2,familia,fantástico,,,9.0,2024-04-18,fantástico
venecia plaza centro,españa,habitación doble económica con vistas al patio interior,1,pareja,fantástico,,,9.0,2024-04-18,fantástico
venecia plaza centro,australia,habitación estándar,2,familia,excepcional,,,10.0,2024-04-16,fantástico
venecia plaza centro,reino unido,,3,pareja,fantástico,,,9.0,2024-04-14,fantástico
venecia plaza centro,reino unido,,7,familia,excepcional,,,10.0,2024-04-12,fantástico
venecia plaza centro,irlanda,habitación doble económica con vistas al patio interior,1,familia,fantástico,,,9.0,2024-04-12,fantástico
venecia plaza centro,estados unidos,habitación triple económica con vistas al patio interior,1,familia,excepcional,,,10.0,2024-04-10,fantástico
venecia plaza centro,suecia,habitación cuádruple superior,7,familia,fantástico,,,9.0,2024-04-10,fantástico
venecia plaza centro,irlanda,habitación cuádruple prémium,2,familia,excepcional,,,10.0,2024-04-09,fantástico
venecia plaza centro,irlanda,habitación estándar,2,familia,muy bien,,,8.0,2024-04-09,fantástico
venecia plaza centro,irlanda,habitación triple superior,3,grupo,excepcional,,,10.0,2024-04-08,fantástico
venecia plaza centro,canadá,,4,grupo,fantástico,,,9.0,2024-04-06,fantástico
venecia plaza centro,reino unido,habitación cuádruple prémium,3,grupo,fantástico,,,9.0,2024-04-05,fantástico
venecia plaza centro,bulgaria,habitación estándar,1,familia,fantástico,,,9.0,2024-04-03,fantástico
venecia plaza centro,españa,habitación doble económica con vistas al patio interior,1,pareja,fantástico,,,9.0,2024-04-01,fantástico
venecia plaza centro,españa,habitación doble con balcón - plaza del ayuntamiento,1,grupo,muy bien,,,8.0,2024-03-29,fantástico
venecia plaza centro,irlanda,habitación estándar,3,pareja,excepcional,,,10.0,2024-03-26,fantástico
venecia plaza centro,turquía,habitación doble económica con vistas al patio interior,1,familia,excepcional,,,10.0,2024-03-25,fantástico
venecia plaza centro,estados unidos,habitación estándar,1,familia,excepcional,,,10.0,2024-03-25,fantástico
venecia plaza centro,reino unido,habitación estándar,5,pareja,excepcional,,,10.0,2024-03-25,fantástico
venecia plaza centro,españa,habitación doble económica con vistas al patio interior,1,familia,excepcional,,,10.0,2024-03-23,fantástico
venecia plaza centro,estados unidos,habitación doble económica con vistas al patio interior,2,pareja,nice small hotel right on the main square,,,9.0,2024-03-15,fantástico
venecia plaza centro,estados unidos,habitación triple superior,1,familia,excepcional,,,10.0,2024-03-13,fantástico
venecia plaza centro,españa,habitación doble con balcón - plaza del ayuntamiento,1,pareja,excepcional,,,10.0,2024-03-13,fantástico
venecia plaza centro,reino unido,habitación estándar,4,pareja,fantástico,,,9.0,2024-03-12,fantástico
venecia plaza centro,irlanda,habitación estándar,3,familia,fantástico,,,9.0,2024-03-10,fantástico
venecia plaza centro,estados unidos,habitación cuádruple prémium,3,grupo,excepcional,,,10.0,2024-03-05,fantástico
venecia plaza centro,reino unido,,3,pareja,excepcional,,,10.0,2024-03-03,fantástico
venecia plaza centro,kosovo,habitación cuádruple prémium,5,familia,excepcional,,,10.0,2024-03-01,fantástico
venecia plaza centro,españa,habitación estándar,1,persona que viaja sola,muy bien,,,8.0,2024-03-01,fantástico
venecia plaza centro,eslovenia,habitación cuádruple superior,2,familia,excepcional,,,10.0,2024-02-25,fantástico
venecia plaza centro,irlanda,habitación estándar,4,pareja,excepcional,,,10.0,2024-02-23,fantástico
venecia plaza centro,irlanda,habitación doble deluxe - 1 o 2 camas,4,pareja,fantástico,,,9.0,2024-02-23,fantástico
venecia plaza centro,estados unidos,habitación estándar,2,persona que viaja sola,fantástico,,,9.0,2024-02-20,fantástico
venecia plaza centro,suiza,habitación doble económica con vistas al patio interior,1,grupo,muy bien,,,8.0,2024-02-18,fantástico
venecia plaza centro,croacia,habitación estándar,2,pareja,fantástico,,,9.0,2024-02-17,fantástico
venecia plaza centro,rumanía,habitación cuádruple superior,2,familia,fantástico,,,9.0,2024-02-14,fantástico
venecia plaza centro,españa,habitación doble con balcón - plaza del ayuntamiento,1,pareja,excepcional,,,10.0,2024-02-14,fantástico
venecia plaza centro,rumanía,habitación individual económica sin ventana,1,persona que viaja sola,fantástico,,,9.0,2024-02-13,fantástico
venecia plaza centro,república checa,habitación doble económica con vistas al patio interior,1,persona que viaja sola,excepcional,,,10.0,2024-02-12,fantástico
venecia plaza centro,nueva zelanda,habitación estándar,1,persona que viaja sola,excepcional,,,10.0,2024-02-11,fantástico
venecia plaza centro,bulgaria,habitación cuádruple superior,2,familia,fantástico,,,9.0,2024-02-10,fantástico
venecia plaza centro,reino unido,habitación estándar,1,pareja,fantástico,,,9.0,2024-02-09,fantástico
venecia plaza centro,españa,habitación estándar,2,familia,excepcional,,,10.0,2024-02-07,fantástico
venecia plaza centro,españa,habitación cuádruple superior,1,familia,excepcional,,,10.0,2024-02-02,fantástico
venecia plaza centro,estonia,habitación doble con balcón - plaza del ayuntamiento,3,persona que viaja sola,fantástico,,,9.0,2024-01-30,fantástico
venecia plaza centro,estados unidos,habitación doble con balcón - plaza del ayuntamiento,2,pareja,excepcional,,,10.0,2024-01-30,fantástico
venecia plaza centro,reino unido,habitación estándar,3,familia,excepcional,,,10.0,2024-01-29,fantástico
venecia plaza centro,reino unido,habitación doble deluxe - 1 o 2 camas,3,pareja,excepcional,,,10.0,2024-01-25,fantástico
venecia plaza centro,nueva zelanda,habitación estándar,1,persona que viaja sola,excepcional,,,10.0,2024-01-20,fantástico
venecia plaza centro,españa,habitación estándar,1,familia,excepcional,,,10.0,2024-01-19,fantástico
venecia plaza centro,australia,,2,persona que viaja sola,fantástico,,,9.0,2024-01-18,fantástico
venecia plaza centro,brasil,habitación triple superior,1,familia,fantástico,,,9.0,2024-01-17,fantástico
venecia plaza centro,singapur,habitación estándar,2,grupo,muy bien,,,8.0,2024-01-17,fantástico
venecia plaza centro,reino unido,habitación estándar,1,pareja,excepcional,,,10.0,2024-01-16,fantástico
venecia plaza centro,españa,,1,familia,muy bien,,,8.0,2024-01-13,fantástico
venecia plaza centro,países bajos,,2,grupo,excepcional,,,10.0,2024-01-10,fantástico
venecia plaza centro,españa,habitación estándar,1,familia,muy bien,,,8.0,2024-01-09,fantástico
venecia plaza centro,irlanda,habitación doble deluxe - 1 o 2 camas,4,pareja,excepcional,,,10.0,2024-01-07,fantástico
venecia plaza centro,reino unido,habitación triple superior,1,familia,excepcional,,,10.0,2024-01-02,fantástico
venecia plaza centro,estados unidos,habitación estándar,1,pareja,fantástico,,,9.0,2023-12-28,fantástico
venecia plaza centro,estados unidos,,1,familia,excepcional,,,10.0,2023-12-28,fantástico
venecia plaza centro,países bajos,habitación estándar,2,grupo,fantástico,,,9.0,2023-12-28,fantástico
venecia plaza centro,taiwán,habitación estándar,3,pareja,great location and value,,,10.0,2023-12-23,fantástico
venecia plaza centro,irlanda,,4,pareja,fantástico,,,9.0,2023-12-22,fantástico
venecia plaza centro,irlanda,,2,familia,muy bien,,,8.0,2023-12-20,fantástico
venecia plaza centro,españa,habitación doble económica con vistas al patio interior,1,pareja,fantástico,,,9.0,2023-12-14,fantástico
venecia plaza centro,reino unido,habitación estándar,1,grupo,fantástico,,,9.0,2023-12-14,fantástico
venecia plaza centro,reino unido,habitación doble económica con vistas al patio interior,1,persona que viaja sola,fantástico,,,9.0,2023-12-13,fantástico
venecia plaza centro,reino unido,habitación estándar,1,pareja,excepcional,,,10.0,2023-12-13,fantástico
venecia plaza centro,australia,habitación estándar,2,grupo,fantástico,,,9.0,2023-12-10,fantástico
venecia plaza centro,colombia,habitación triple superior,3,familia,excepcional,,,10.0,2023-12-05,fantástico
venecia plaza centro,españa,habitación estándar,1,pareja,excepcional,,,10.0,2023-12-04,fantástico
venecia plaza centro,república checa,habitación doble con balcón - plaza del ayuntamiento,2,pareja,excepcional,,,10.0,2023-12-03,fantástico
venecia plaza centro,estados unidos,habitación estándar,2,pareja,excepcional,,,10.0,2023-12-01,fantástico
venecia plaza centro,españa,,2,grupo,muy bien,,,8.0,2023-11-30,fantástico
venecia plaza centro,ucrania,habitación cuádruple superior,2,familia,excepcional,,,10.0,2023-11-27,fantástico
venecia plaza centro,nueva zelanda,habitación estándar,2,pareja,excepcional,,,10.0,2023-11-25,fantástico
venecia plaza centro,suiza,habitación doble deluxe - 1 o 2 camas,1,persona que viaja sola,fantástico,,,9.0,2023-11-25,fantástico
venecia plaza centro,irlanda,,3,pareja,excepcional,,,10.0,2023-11-20,fantástico
venecia plaza centro,españa,habitación estándar,1,pareja,fantástico,,,9.0,2023-11-20,fantástico
venecia plaza centro,puerto rico,,1,familia,excepcional,,,10.0,2023-11-17,fantástico
venecia plaza centro,ucrania,habitación estándar,1,grupo,excepcional,,,10.0,2023-11-17,fantástico
venecia plaza centro,reino unido,habitación doble con balcón - plaza del ayuntamiento,4,pareja,excepcional,,,10.0,2023-11-14,fantástico
venecia plaza centro,reino unido,habitación doble con balcón - plaza del ayuntamiento,4,pareja,excepcional,,,10.0,2023-11-13,fantástico
venecia plaza centro,reino unido,habitación estándar,1,persona que viaja sola,fantástico,,,9.0,2023-11-10,fantástico
venecia plaza centro,italia,,1,familia,perfect stay!,,,9.0,2023-11-06,fantástico
venecia plaza centro,reino unido,,2,pareja,fantástico,,,9.0,2023-11-05,fantástico
venecia plaza centro,estados unidos,,3,pareja,muy bien,,,8.0,2023-10-30,fantástico
venecia plaza centro,españa,habitación estándar,1,persona que viaja sola,muy bien,,,8.0,2023-10-29,fantástico
venecia plaza centro,irlanda,habitación doble económica con vistas al patio interior,3,familia,excepcional,,,10.0,2023-10-29,fantástico
venecia plaza centro,australia,habitación doble deluxe - 1 o 2 camas,2,pareja,fantástico,,,9.0,2023-10-28,fantástico
venecia plaza centro,australia,,2,pareja,fantástico,,,9.0,2023-10-28,fantástico
venecia plaza centro,turquía,habitación estándar,2,pareja,fantástico,,,9.0,2023-10-24,fantástico
venecia plaza centro,reino unido,habitación doble con balcón - plaza del ayuntamiento,1,grupo,fantástico,,,9.0,2023-10-24,fantástico
venecia plaza centro,reino unido,habitación doble con balcón - plaza del ayuntamiento,5,pareja,fantástico,,,9.0,2023-10-23,fantástico
venecia plaza centro,reino unido,,3,grupo,excepcional,,,10.0,2023-10-23,fantástico
venecia plaza centro,irlanda,habitación doble con balcón - plaza del ayuntamiento,4,pareja,muy bien,,,8.0,2023-10-22,fantástico
venecia plaza centro,reino unido,habitación estándar,1,pareja,excepcional,,,10.0,2023-10-20,fantástico
venecia plaza centro,india,habitación doble con balcón - plaza del ayuntamiento,2,pareja,fantástico,,,9.0,2023-10-19,fantástico
venecia plaza centro,estados unidos,habitación doble económica con vistas al patio interior,1,familia,muy bien,,,8.0,2023-10-19,fantástico
venecia plaza centro,nueva zelanda,habitación estándar,2,familia,excepcional,,,10.0,2023-10-18,fantástico
venecia plaza centro,estados unidos,habitación cuádruple superior,2,familia,excepcional,,,10.0,2023-10-16,fantástico
venecia plaza centro,canadá,habitación doble con balcón - plaza del ayuntamiento,5,pareja,fantástico,,,9.0,2023-10-16,fantástico
venecia plaza centro,australia,,2,pareja,excepcional,,,10.0,2023-10-14,fantástico
venecia plaza centro,estados unidos,habitación estándar,2,familia,excepcional,,,10.0,2023-10-13,fantástico
venecia plaza centro,reino unido,habitación triple superior,1,familia,excepcional,,,10.0,2023-10-13,fantástico
venecia plaza centro,españa,habitación doble con balcón - plaza del ayuntamiento,2,pareja,excepcional,,,10.0,2023-10-12,fantástico
venecia plaza centro,reino unido,,3,grupo,fantástico,,,9.0,2023-10-09,fantástico
venecia plaza centro,irlanda,,3,familia,excepcional,,,10.0,2023-10-08,fantástico
venecia plaza centro,puerto rico,,2,pareja,"very clean, comfortable and roomy.",,,10.0,2023-10-04,fantástico
venecia plaza centro,brasil,habitación doble económica con vistas al patio interior,4,persona que viaja sola,excepcional,,,10.0,2023-10-04,fantástico
venecia plaza centro,estados unidos,habitación doble económica con vistas al patio interior,2,pareja,excepcional,,,10.0,2023-10-03,fantástico
venecia plaza centro,reino unido,habitación doble económica con vistas al patio interior,3,persona que viaja sola,muy bien,,,8.0,2023-09-30,fantástico
venecia plaza centro,estados unidos,habitación doble con balcón - plaza del ayuntamiento,2,familia,fantástico,,,9.0,2023-09-28,fantástico
venecia plaza centro,reino unido,habitación estándar,2,pareja,muy bien,,,8.0,2023-09-22,fantástico
venecia plaza centro,australia,,2,pareja,excepcional,,,10.0,2023-09-21,fantástico
venecia plaza centro,irlanda,habitación estándar,4,familia,excepcional,,,10.0,2023-09-21,fantástico
venecia plaza centro,sudáfrica,habitación doble con balcón - plaza del ayuntamiento,2,pareja,fantástico,,,9.0,2023-09-20,fantástico
venecia plaza centro,australia,habitación estándar,1,familia,fantástico,,,9.0,2023-09-16,fantástico
venecia plaza centro,españa,habitación doble económica con vistas al patio interior,1,grupo,excepcional,,,10.0,2023-09-15,fantástico
venecia plaza centro,países bajos,habitación cuádruple superior,2,pareja,excepcional,,,10.0,2023-09-15,fantástico
venecia plaza centro,reino unido,,1,grupo,excepcional,,,10.0,2023-09-15,fantástico
venecia plaza centro,rumanía,,3,pareja,fantástico,,,9.0,2023-09-14,fantástico
venecia plaza centro,australia,habitación estándar,4,pareja,muy bien,,,8.0,2023-09-12,fantástico
venecia plaza centro,reino unido,habitación estándar,5,familia,excepcional,,,10.0,2023-09-12,fantástico
venecia plaza centro,australia,habitación estándar,3,pareja,excepcional,,,10.0,2023-09-10,fantástico
venecia plaza centro,reino unido,habitación triple superior,1,grupo,excepcional,,,10.0,2023-09-10,fantástico
venecia plaza centro,bulgaria,habitación cuádruple superior,4,familia,fantástico,,,9.0,2023-09-08,fantástico
venecia plaza centro,eslovaquia,habitación cuádruple prémium,3,grupo,fantástico,,,9.0,2023-09-04,fantástico
venecia plaza centro,reino unido,habitación doble con balcón - plaza del ayuntamiento,4,pareja,muy bien,,,8.0,2023-09-01,fantástico
venecia plaza centro,irlanda,habitación doble con balcón - plaza del ayuntamiento,3,pareja,excepcional,,,10.0,2023-08-31,fantástico
venecia plaza centro,canadá,habitación estándar,1,pareja,excepcional,,,10.0,2023-08-30,fantástico
venecia plaza centro,rumanía,habitación estándar,1,persona que viaja sola,muy bien,,,8.0,2023-08-30,fantástico
venecia plaza centro,canadá,,2,pareja,excepcional,,,10.0,2023-08-29,fantástico
venecia plaza centro,estados unidos,habitación cuádruple superior,1,grupo,excepcional,,,10.0,2023-08-25,fantástico
venecia plaza centro,irlanda,,7,pareja,fantástico,,,9.0,2023-08-21,fantástico
venecia plaza centro,españa,habitación doble con balcón - plaza del ayuntamiento,1,pareja,fantástico,,,9.0,2023-08-18,fantástico
venecia plaza centro,reino unido,habitación doble con balcón - plaza del ayuntamiento,1,familia,excepcional,,,10.0,2023-08-17,fantástico
venecia plaza centro,españa,habitación cuádruple prémium,1,familia,fantástico,,,9.0,2023-08-15,fantástico
venecia plaza centro,marruecos,habitación doble económica con vistas al patio interior,1,familia,excepcional,,,10.0,2023-08-15,fantástico
venecia plaza centro,reino unido,habitación triple superior,4,familia,excepcional,,,10.0,2023-08-14,fantástico
venecia plaza centro,canadá,habitación cuádruple superior,2,familia,excepcional,,,10.0,2023-08-14,fantástico
venecia plaza centro,lituania,habitación doble con balcón - plaza del ayuntamiento,3,pareja,muy bien,,,8.0,2023-08-13,fantástico
venecia plaza centro,españa,habitación estándar,1,pareja,excepcional,,,10.0,2023-08-13,fantástico
venecia plaza centro,reino unido,habitación doble con balcón - plaza del ayuntamiento,4,pareja,excepcional,,,10.0,2023-08-12,fantástico
venecia plaza centro,australia,habitación estándar,2,grupo,muy bien,,,8.0,2023-08-11,fantástico
venecia plaza centro,países bajos,habitación cuádruple prémium,1,grupo,muy bien,,,8.0,2023-08-09,fantástico
venecia plaza centro,croacia,habitación estándar,2,pareja,excepcional,,,10.0,2023-08-09,fantástico
venecia plaza centro,estados unidos,,3,grupo,excepcional,,,10.0,2023-08-07,fantástico
venecia plaza centro,españa,habitación estándar,1,familia,excepcional,,,10.0,2023-08-07,fantástico
venecia plaza centro,malta,,4,pareja,excepcional,,,10.0,2023-08-06,fantástico
venecia plaza centro,estados unidos,habitación doble con balcón - plaza del ayuntamiento,3,familia,muy bien,,,8.0,2023-08-04,fantástico
venecia plaza centro,alemania,habitación estándar,3,familia,excepcional,,,10.0,2023-08-04,fantástico
venecia plaza centro,irlanda,habitación doble económica con vistas al patio interior,2,pareja,muy bien,,,8.0,2023-07-29,fantástico
venecia plaza centro,reino unido,habitación doble con balcón - plaza del ayuntamiento,3,pareja,muy bien,,,8.0,2023-07-29,fantástico
venecia plaza centro,reino unido,habitación cuádruple económica sin vistas,1,familia,excepcional,,,10.0,2023-07-28,fantástico
venecia plaza centro,irlanda,habitación doble económica con vistas al patio interior,1,familia,excepcional,,,10.0,2023-07-28,fantástico
venecia plaza centro,estados unidos,habitación estándar,1,persona que viaja sola,excepcional,,,10.0,2023-07-27,fantástico
venecia plaza centro,irlanda,habitación doble con balcón - plaza del ayuntamiento,1,familia,excepcional,,,10.0,2023-07-26,fantástico
venecia plaza centro,malta,habitación cuádruple económica sin vistas,9,familia,fantástico,,,9.0,2023-07-25,fantástico
venecia plaza centro,australia,habitación doble con balcón - plaza del ayuntamiento,3,pareja,muy bien,,,8.0,2023-07-25,fantástico
venecia plaza centro,china,habitación doble económica con vistas al patio interior,1,persona que viaja sola,excepcional,,,10.0,2023-07-24,fantástico
venecia plaza centro,estados unidos,habitación cuádruple prémium,1,familia,excepcional,,,10.0,2023-07-24,fantástico
venecia plaza centro,irlanda,habitación estándar,5,familia,excepcional,,,10.0,2023-07-23,fantástico
venecia plaza centro,estados unidos,,1,familia,excepcional,,,10.0,2023-07-22,fantástico
venecia plaza centro,reino unido,,4,pareja,excepcional,,,10.0,2023-07-21,fantástico
venecia plaza centro,reino unido,habitación estándar,2,grupo,muy bien,,,8.0,2023-07-16,fantástico
venecia plaza centro,reino unido,,3,pareja,excepcional,,,10.0,2023-07-11,fantástico
venecia plaza centro,australia,habitación doble económica con vistas al patio interior,1,pareja,excepcional,,,10.0,2023-07-10,fantástico
venecia plaza centro,malta,habitación estándar,4,pareja,excepcional,,,10.0,2023-07-07,fantástico
venecia plaza centro,reino unido,,5,pareja,excepcional,,,10.0,2023-07-06,fantástico
venecia plaza centro,estados unidos,,2,pareja,fantástico,,,9.0,2023-07-06,fantástico
venecia plaza centro,estados unidos,habitación doble con balcón - plaza del ayuntamiento,2,familia,excepcional,,,10.0,2023-07-04,fantástico
venecia plaza centro,alemania,habitación doble económica con vistas al patio interior,1,pareja,muy bien,,,8.0,2023-07-04,fantástico
venecia plaza centro,estados unidos,habitación estándar,2,pareja,fantástico,,,9.0,2023-06-28,fantástico
venecia plaza centro,australia,,2,pareja,fantástico,,,9.0,2023-06-28,fantástico
venecia plaza centro,estados unidos,habitación cuádruple económica sin vistas,2,familia,excepcional,,,10.0,2023-06-27,fantástico
venecia plaza centro,estados unidos,habitación doble con balcón - plaza del ayuntamiento,3,familia,"excellent location, easy to walk through old town.",,,9.0,2023-06-26,fantástico
venecia plaza centro,georgia,habitación estándar,2,pareja,fantástico,,,9.0,2023-06-25,fantástico
venecia plaza centro,reino unido,,2,pareja,fantástico,,,9.0,2023-06-24,fantástico
venecia plaza centro,estados unidos,habitación cuádruple superior,1,familia,fantástico,,,9.0,2023-06-23,fantástico
venecia plaza centro,españa,habitación estándar,1,persona que viaja sola,fantástico,,,9.0,2023-06-21,fantástico
venecia plaza centro,reino unido,habitación doble con balcón - plaza del ayuntamiento,1,pareja,excepcional,,,10.0,2023-06-20,fantástico
venecia plaza centro,australia,habitación estándar,3,persona que viaja sola,excepcional,,,10.0,2023-06-20,fantástico
venecia plaza centro,kenia,habitación triple superior,1,familia,fantástico,,,9.0,2023-06-20,fantástico
venecia plaza centro,argentina,habitación estándar,1,familia,excepcional,,,10.0,2023-06-20,fantástico
venecia plaza centro,reino unido,habitación estándar,2,pareja,excepcional,,,10.0,2023-06-18,fantástico
venecia plaza centro,irlanda,,1,pareja,muy bien,,,8.0,2023-06-15,fantástico
venecia plaza centro,australia,,2,pareja,fantástico,,,9.0,2023-06-14,fantástico
venecia plaza centro,estados unidos,,2,pareja,excepcional,,,10.0,2023-06-13,fantástico
venecia plaza centro,estados unidos,habitación cuádruple superior,1,grupo,excepcional,,,10.0,2023-06-12,fantástico
venecia plaza centro,reino unido,,5,pareja,muy bien,,,8.0,2023-06-11,fantástico
venecia plaza centro,irlanda,habitación estándar,2,pareja,excepcional,,,10.0,2023-06-09,fantástico
venecia plaza centro,reino unido,,1,persona que viaja sola,muy bien,,,8.0,2023-06-07,fantástico
venecia plaza centro,irlanda,habitación doble con balcón - plaza del ayuntamiento,3,persona que viaja sola,fantástico,,,9.0,2023-06-07,fantástico
venecia plaza centro,españa,habitación doble económica con vistas al patio interior,1,pareja,excepcional,,,10.0,2023-06-06,fantástico
venecia plaza centro,malta,habitación doble con balcón - plaza del ayuntamiento,2,pareja,fantástico,,,9.0,2023-06-06,fantástico
venecia plaza centro,estados unidos,habitación estándar,4,familia,excepcional,,,10.0,2023-06-03,fantástico
venecia plaza centro,australia,habitación triple superior,1,grupo,fantástico,,,9.0,2023-05-31,fantástico
venecia plaza centro,australia,habitación doble con balcón - plaza del ayuntamiento,1,grupo,fantástico,,,9.0,2023-05-31,fantástico
venecia plaza centro,estados unidos,habitación estándar,1,pareja,excepcional,,,10.0,2023-05-30,fantástico
venecia plaza centro,reino unido,habitación estándar,1,pareja,fantástico,,,9.0,2023-05-29,fantástico
venecia plaza centro,malta,habitación doble económica con vistas al patio interior,2,pareja,excepcional,,,10.0,2023-05-29,fantástico
venecia plaza centro,reino unido,,4,pareja,excepcional,,,10.0,2023-05-29,fantástico
venecia plaza centro,países bajos,habitación estándar,4,grupo,muy bien,,,8.0,2023-05-22,fantástico
venecia plaza centro,reino unido,habitación doble con balcón - plaza del ayuntamiento,2,pareja,fantástico,,,9.0,2023-05-19,fantástico
venecia plaza centro,austria,habitación estándar,3,grupo,muy bien,,,8.0,2023-05-13,fantástico
venecia plaza centro,austria,habitación estándar,2,grupo,muy bien,,,8.0,2023-05-13,fantástico
venecia plaza centro,reino unido,,4,pareja,muy bien,,,8.0,2023-05-13,fantástico
venecia plaza centro,australia,habitación doble con balcón - plaza del ayuntamiento,1,familia,excepcional,,,10.0,2023-05-10,fantástico
venecia plaza centro,estados unidos,habitación doble con balcón - plaza del ayuntamiento,1,pareja,fantástico,,,9.0,2023-05-09,fantástico
venecia plaza centro,estados unidos,habitación estándar,1,pareja,muy bien,,,8.0,2023-05-08,fantástico
venecia plaza centro,bélgica,habitación estándar,1,pareja,excepcional,,,10.0,2023-05-07,fantástico
venecia plaza centro,estados unidos,,3,pareja,fantástico,,,9.0,2023-05-07,fantástico
venecia plaza centro,italia,habitación cuádruple prémium,4,familia,excepcional,,,10.0,2023-05-05,fantástico
venecia plaza centro,estados unidos,,1,grupo,excepcional,,,10.0,2023-05-02,fantástico
venecia plaza centro,estados unidos,habitación triple económica con vistas al patio interior,1,grupo,excepcional,,,10.0,2023-05-02,fantástico
venecia plaza centro,grecia,habitación doble con balcón - plaza del ayuntamiento,4,grupo,excepcional,,,10.0,2023-05-01,fantástico
venecia plaza centro,españa,habitación doble económica con vistas al patio interior,2,familia,excepcional,,,10.0,2023-05-01,fantástico
venecia plaza centro,estados unidos,,1,pareja,excepcional,,,10.0,2023-04-30,fantástico
venecia plaza centro,estados unidos,habitación doble con balcón - plaza del ayuntamiento,2,pareja,muy bien,,,8.0,2023-04-29,fantástico
venecia plaza centro,turquía,,1,familia,muy bien,,,8.0,2023-04-20,fantástico
venecia plaza centro,argentina,habitación estándar,2,pareja,fantástico,,,9.0,2023-04-17,fantástico
venecia plaza centro,irlanda,,3,pareja,excepcional,,,10.0,2023-04-16,fantástico
venecia plaza centro,reino unido,habitación individual económica sin ventana,1,persona que viaja sola,fantástico,,,9.0,2023-04-15,fantástico
venecia plaza centro,reino unido,,3,familia,fantástico,,,9.0,2026-04-01,fantástico
venecia plaza centro,irlanda,habitación doble estándar con vistas a la plaza del ayuntamiento,2,pareja,muy bien,,,8.0,2026-03-31,fantástico
venecia plaza centro,argentina,habitación individual económica,1,persona que viaja sola,muy bien,,,8.0,2026-03-02,fantástico
venecia plaza centro,suecia,,1,pareja,fantástico,,,9.0,2026-03-01,fantástico
venecia plaza centro,reino unido,habitación individual económica,1,persona que viaja sola,muy bien,,,8.0,2026-02-25,fantástico
venecia plaza centro,estados unidos,,1,pareja,fantástico,,,9.0,2026-02-21,fantástico
venecia plaza centro,irlanda,habitación estándar,3,persona que viaja sola,fantástico,,,9.0,2026-02-20,fantástico
venecia plaza centro,reino unido,,2,grupo,muy bien,,,8.0,2026-02-17,fantástico
venecia plaza centro,españa,,2,persona que viaja sola,muy bien,,,8.0,2026-02-08,fantástico
venecia plaza centro,serbia,habitación individual económica,1,persona que viaja sola,muy bien,,,8.0,2026-01-29,fantástico
venecia plaza centro,indonesia,habitación cuádruple superior,3,familia,fantástico,,,9.0,2025-12-21,fantástico
venecia plaza centro,italia,habitación estándar,2,pareja,muy bien,,,8.0,2025-12-21,fantástico
venecia plaza centro,reino unido,,2,pareja,fantástico,,,9.0,2025-12-18,fantástico
venecia plaza centro,españa,,3,pareja,muy bien,,,8.0,2025-12-07,fantástico
venecia plaza centro,estados unidos,habitación estándar,1,pareja,muy bien,,,8.0,2025-11-23,fantástico
venecia plaza centro,rumanía,habitación doble estándar con vistas a la plaza del ayuntamiento,1,pareja,fantástico,,,9.0,2025-11-10,fantástico
venecia plaza centro,reino unido,habitación triple económica con vistas al patio interior,3,familia,muy bien,,,8.0,2025-11-03,fantástico
venecia plaza centro,españa,habitación doble estándar con vistas a la plaza del ayuntamiento,1,familia,fantástico,,,9.0,2025-10-30,fantástico
venecia plaza centro,bulgaria,,3,pareja,fantástico,,,9.0,2025-10-12,fantástico
venecia plaza centro,reino unido,habitación estándar,3,familia,muy bien,,,8.0,2025-10-11,fantástico
venecia plaza centro,reino unido,habitación doble estándar con vistas a la plaza del ayuntamiento,1,pareja,muy bien,,,8.0,2025-09-25,fantástico
venecia plaza centro,estados unidos,habitación cuádruple superior,1,grupo,great location and comfortable rooms with great view.,,,9.0,2025-09-19,fantástico
venecia plaza centro,estados unidos,habitación doble estándar con vistas a la plaza del ayuntamiento,2,pareja,fantástico,,,9.0,2025-09-12,fantástico
venecia plaza centro,australia,habitación doble estándar con vistas a la plaza del ayuntamiento,2,pareja,muy bien,,,8.0,2025-09-11,fantástico
venecia plaza centro,reino unido,habitación individual económica,2,persona que viaja sola,muy bien,,,8.0,2025-08-18,fantástico
venecia plaza centro,reino unido,,3,familia,muy bien,,,8.0,2025-08-17,fantástico
venecia plaza centro,reino unido,habitación cuádruple superior,1,familia,fantástico,,,9.0,2025-08-16,fantástico
venecia plaza centro,francia,,5,grupo,muy bien,,,8.0,2025-08-14,fantástico
venecia plaza centro,austria,,1,pareja,fantástico,,,9.0,2025-08-12,fantástico
venecia plaza centro,suecia,habitación doble estándar con vistas a la plaza del ayuntamiento,2,pareja,fantástico,,,9.0,2025-08-11,fantástico
venecia plaza centro,turquía,,2,familia,muy bien,,,8.0,2025-07-23,fantástico
venecia plaza centro,estados unidos,,3,pareja,fantástico,,,9.0,2025-06-27,fantástico
venecia plaza centro,españa,,1,pareja,muy bien,,,8.0,2025-06-25,fantástico
venecia plaza centro,irlanda,,3,persona que viaja sola,muy bien,,,8.0,2025-06-03,fantástico
venecia plaza centro,chipre,habitación estándar,5,persona que viaja sola,muy bien,,,8.0,2025-05-29,fantástico
venecia plaza centro,estados unidos,habitación estándar,2,pareja,muy bien,,,8.0,2025-05-26,fantástico
venecia plaza centro,estados unidos,,1,pareja,muy bien,,,8.0,2025-05-20,fantástico
venecia plaza centro,isla mauricio,habitación cuádruple económica sin vistas,5,familia,muy bien,,,8.0,2025-05-14,fantástico
venecia plaza centro,kosovo,,1,pareja,fantástico,,,9.0,2025-05-12,fantástico
venecia plaza centro,rumanía,habitación estándar,3,familia,fantástico,,,9.0,2025-05-12,fantástico
venecia plaza centro,malta,habitación doble estándar con vistas a la plaza del ayuntamiento,4,familia,fantástico,,,9.0,2025-05-04,fantástico
venecia plaza centro,francia,habitación estándar,2,pareja,excepcional,,,10.0,2025-04-10,fantástico
venecia plaza centro,reino unido,,2,persona que viaja sola,fantástico,,,9.0,2025-03-04,fantástico
venecia plaza centro,españa,habitación estándar,1,grupo,muy bien,,,8.0,2025-03-02,fantástico
venecia plaza centro,españa,habitación doble estándar con vistas a la plaza del ayuntamiento,1,persona que viaja sola,fantástico,,,9.0,2025-01-29,fantástico
venecia plaza centro,irlanda,,2,pareja,fantástico,,,9.0,2025-01-27,fantástico
venecia plaza centro,países bajos,habitación triple superior,2,familia,fantástico,,,9.0,2025-01-27,fantástico
venecia plaza centro,albania,habitación doble estándar con vistas a la plaza del ayuntamiento,3,pareja,muy bien,,,8.0,2025-01-22,fantástico
venecia plaza centro,italia,habitación estándar,1,pareja,fantástico,,,9.0,2025-01-20,fantástico
venecia plaza centro,alemania,habitación estándar,1,persona que viaja sola,muy bien,,,8.0,2025-01-18,fantástico
venecia plaza centro,estados unidos,habitación estándar,5,persona que viaja sola,muy bien,,,8.0,2025-01-17,fantástico
venecia plaza centro,brasil,habitación estándar,4,grupo,muy bien,,,8.0,2025-01-14,fantástico
venecia plaza centro,irlanda,habitación doble con balcón - plaza del ayuntamiento,4,pareja,muy bien,,,8.0,2024-12-27,fantástico
venecia plaza centro,armenia,habitación estándar,4,pareja,muy bien,,,8.0,2024-11-30,fantástico
venecia plaza centro,canadá,,3,pareja,fantástico,,,9.0,2024-11-19,fantástico
venecia plaza centro,irlanda,habitación estándar,4,pareja,muy bien,,,8.0,2024-11-15,fantástico
venecia plaza centro,estados unidos,,2,pareja,fantástico,,,9.0,2024-11-13,fantástico
venecia plaza centro,reino unido,habitación doble con balcón - plaza del ayuntamiento,3,pareja,fantástico,,,9.0,2024-11-04,fantástico
venecia plaza centro,españa,habitación estándar,1,persona que viaja sola,muy bien,,,8.0,2024-10-03,fantástico
venecia plaza centro,australia,habitación estándar,1,pareja,fantástico,,,9.0,2024-10-01,fantástico
venecia plaza centro,españa,habitación estándar,1,pareja,muy bien,,,8.0,2024-09-12,fantástico
venecia plaza centro,israel,habitación doble deluxe - 1 o 2 camas,1,pareja,muy bien,,,8.0,2024-09-07,fantástico
venecia plaza centro,españa,,1,pareja,muy bien,,,8.0,2024-08-11,fantástico
venecia plaza centro,chipre,,1,familia,muy bien,,,8.0,2024-08-07,fantástico
venecia plaza centro,canadá,habitación estándar,2,familia,fantástico,,,9.0,2024-07-18,fantástico
venecia plaza centro,alemania,habitación estándar,6,persona que viaja sola,muy bien,,,8.0,2024-07-16,fantástico
venecia plaza centro,estados unidos,,1,grupo,muy bien,,,8.0,2024-07-12,fantástico
venecia plaza centro,reino unido,habitación doble deluxe - 1 o 2 camas,4,pareja,fantástico,,,9.0,2024-07-11,fantástico
venecia plaza centro,reino unido,habitación cuádruple económica sin vistas,1,familia,fantástico,,,9.0,2024-07-09,fantástico
venecia plaza centro,australia,habitación estándar,1,pareja,muy bien,,,8.0,2024-07-01,fantástico
venecia plaza centro,españa,habitación estándar,1,pareja,muy bien,,,8.0,2024-07-01,fantástico
venecia plaza centro,israel,,2,pareja,fantástico,,,9.0,2024-06-24,fantástico
venecia plaza centro,estados unidos,habitación doble económica con vistas al patio interior,1,familia,muy bien,,,8.0,2024-06-21,fantástico
venecia plaza centro,suecia,habitación estándar,3,persona que viaja sola,fantástico,,,9.0,2024-06-07,fantástico
venecia plaza centro,estados unidos,habitación triple superior,3,familia,excepcional,,,10.0,2024-05-19,fantástico
venecia plaza centro,croacia,,1,grupo,muy bien,,,8.0,2024-05-17,fantástico
venecia plaza centro,reino unido,habitación cuádruple económica sin vistas,4,familia,muy bien,,,8.0,2024-05-16,fantástico
venecia plaza centro,estados unidos,,1,pareja,fantástico,,,9.0,2024-04-22,fantástico
venecia plaza centro,reino unido,habitación estándar,1,pareja,fantástico,,,9.0,2024-04-09,fantástico
venecia plaza centro,canadá,habitación doble económica con vistas al patio interior,2,pareja,muy bien,,,8.0,2024-04-04,fantástico
venecia plaza centro,estados unidos,habitación estándar,3,familia,fantástico,,,9.0,2024-04-01,fantástico
venecia plaza centro,canadá,habitación doble deluxe - 1 o 2 camas,1,pareja,muy bien,,,8.0,2024-03-29,fantástico
venecia plaza centro,españa,habitación estándar,2,pareja,excepcional,,,10.0,2024-03-05,fantástico
venecia plaza centro,reino unido,habitación estándar,1,persona que viaja sola,fantástico,,,9.0,2024-03-01,fantástico
venecia plaza centro,estados unidos,habitación doble con balcón - plaza del ayuntamiento,3,pareja,fantástico,,,9.0,2024-02-26,fantástico
venecia plaza centro,irlanda,habitación triple superior,4,familia,muy bien,,,8.0,2024-02-25,fantástico
venecia plaza centro,polonia,habitación estándar,4,persona que viaja sola,excepcional,,,10.0,2024-02-23,fantástico
venecia plaza centro,serbia,,4,pareja,muy bien,,,8.0,2024-02-19,fantástico
venecia plaza centro,italia,,1,persona que viaja sola,muy bien,,,8.0,2024-02-04,fantástico
venecia plaza centro,irlanda,habitación triple económica con vistas al patio interior,2,grupo,fantástico,,,9.0,2024-01-29,fantástico
venecia plaza centro,puerto rico,habitación doble con balcón - plaza del ayuntamiento,3,persona que viaja sola,fantástico,,,9.0,2024-01-25,fantástico
venecia plaza centro,india,,2,pareja,muy bien,,,8.0,2024-01-24,fantástico
venecia plaza centro,reino unido,habitación estándar,2,familia,fantástico,,,9.0,2024-01-22,fantástico
venecia plaza centro,reino unido,habitación estándar,2,pareja,muy bien,,,8.0,2024-01-11,fantástico
venecia plaza centro,turquía,habitación doble económica con vistas al patio interior,1,persona que viaja sola,muy bien,,,8.0,2024-01-08,fantástico
venecia plaza centro,suecia,habitación doble económica con vistas al patio interior,2,pareja,muy bien,,,8.0,2024-01-02,fantástico
venecia plaza centro,irlanda,habitación doble con balcón - plaza del ayuntamiento,2,pareja,muy bien,,,8.0,2023-12-27,fantástico
venecia plaza centro,hong kong,habitación doble con balcón - plaza del ayuntamiento,2,persona que viaja sola,good location pulgar hacia arriba,,,8.0,2023-12-25,fantástico
venecia plaza centro,australia,habitación triple económica con vistas al patio interior,1,familia,muy bien,,,8.0,2023-12-09,fantástico
venecia plaza centro,reino unido,habitación estándar,1,familia,muy bien,,,8.0,2023-12-04,fantástico
venecia plaza centro,reino unido,habitación doble económica con vistas al patio interior,1,familia,muy bien,,,8.0,2023-12-04,fantástico
venecia plaza centro,malasia,habitación doble económica con vistas al patio interior,3,pareja,muy bien,,,8.0,2023-11-30,fantástico
venecia plaza centro,bélgica,,4,grupo,fantástico,,,9.0,2023-11-20,fantástico
venecia plaza centro,reino unido,habitación cuádruple superior,2,familia,muy bien,,,8.0,2023-11-20,fantástico
venecia plaza centro,suiza,habitación doble deluxe - 1 o 2 camas,5,pareja,muy bien,,,8.0,2023-10-31,fantástico
venecia plaza centro,reino unido,habitación doble con balcón - plaza del ayuntamiento,3,pareja,fantástico,,,9.0,2023-10-15,fantástico
venecia plaza centro,nueva zelanda,habitación estándar,1,familia,muy bien,,,8.0,2023-10-11,fantástico
venecia plaza centro,canadá,habitación estándar,2,pareja,muy bien,,,8.0,2023-10-04,fantástico
venecia plaza centro,españa,habitación doble económica con vistas al patio interior,1,persona que viaja sola,muy bien,,,8.0,2023-10-02,fantástico
venecia plaza centro,españa,,1,grupo,fantástico,,,9.0,2023-09-27,fantástico
venecia plaza centro,canadá,habitación doble económica con vistas al patio interior,2,familia,fantástico,,,9.0,2023-09-27,fantástico
venecia plaza centro,españa,habitación individual económica sin ventana,2,persona que viaja sola,muy bien,,,8.0,2023-09-21,fantástico
venecia plaza centro,irlanda,habitación doble con balcón - plaza del ayuntamiento,3,pareja,muy bien,,,8.0,2023-08-28,fantástico
venecia plaza centro,ucrania,habitación estándar,2,persona que viaja sola,fantástico,,,9.0,2023-08-24,fantástico
venecia plaza centro,reino unido,habitación estándar,3,grupo,muy bien,,,8.0,2023-08-18,fantástico
venecia plaza centro,reino unido,habitación estándar,1,pareja,muy bien,,,8.0,2023-08-13,fantástico
venecia plaza centro,estados unidos,habitación estándar,1,familia,muy bien,,,8.0,2023-08-09,fantástico
venecia plaza centro,bélgica,habitación estándar,3,familia,muy bien,,,8.0,2023-08-07,fantástico
venecia plaza centro,reino unido,habitación triple superior,2,grupo,fantástico,,,9.0,2023-08-04,fantástico
venecia plaza centro,alemania,habitación estándar,1,persona que viaja sola,muy bien,,,8.0,2023-07-18,fantástico
venecia plaza centro,estados unidos,habitación estándar,5,persona que viaja sola,muy bien,,,8.0,2023-07-12,fantástico
venecia plaza centro,reino unido,,6,persona que viaja sola,excepcional,,,10.0,2023-07-10,fantástico
venecia plaza centro,irlanda,habitación doble con balcón - plaza del ayuntamiento,3,pareja,fantástico,,,9.0,2023-07-08,fantástico
venecia plaza centro,eslovaquia,,5,pareja,fantástico,,,9.0,2023-07-07,fantástico
venecia plaza centro,uruguay,habitación doble económica con vistas al patio interior,3,pareja,muy bien,,,8.0,2023-06-26,fantástico
venecia plaza centro,méxico,habitación doble económica con vistas al patio interior,1,pareja,muy bien,,,8.0,2023-06-22,fantástico
venecia plaza centro,españa,habitación doble con balcón - plaza del ayuntamiento,3,pareja,muy bien,,,8.0,2023-06-12,fantástico
venecia plaza centro,australia,habitación estándar,2,pareja,fantástico,,,9.0,2023-06-10,fantástico
venecia plaza centro,estados unidos,habitación estándar,1,pareja,muy bien,,,8.0,2023-06-09,fantástico
venecia plaza centro,reino unido,habitación estándar,1,persona que viaja sola,muy bien,,,8.0,2023-05-30,fantástico
venecia plaza centro,estados unidos,habitación doble económica con vistas al patio interior,1,familia,excepcional,,,10.0,2023-05-18,fantástico
venecia plaza centro,reino unido,habitación doble con balcón - plaza del ayuntamiento,2,pareja,muy bien,,,8.0,2023-05-10,fantástico
venecia plaza centro,irlanda,habitación estándar,2,familia,excepcional,,,10.0,2025-02-14,fantástico
venecia plaza centro,italia,habitación estándar,3,persona que viaja sola,muy bien,,,8.0,2023-12-16,fantástico
venecia plaza centro,reino unido,,1,pareja,muy bien,,,8.0,2026-03-17,fantástico
venecia plaza centro,estados unidos,habitación cuádruple superior,1,familia,excepcional,,,10.0,2026-01-22,fantástico
venecia plaza centro,alemania,habitación cuádruple estándar,1,familia,fantástico,,,9.0,2026-01-02,fantástico
venecia plaza centro,países bajos,habitación doble estándar con vistas a la plaza del ayuntamiento,2,pareja,fantástico,,,9.0,2025-12-03,fantástico
venecia plaza centro,estados unidos,habitación estándar,1,pareja,excepcional,,,10.0,2025-10-03,fantástico
venecia plaza centro,estados unidos,,1,grupo,excepcional,,,10.0,2025-09-05,fantástico
venecia plaza centro,bulgaria,habitación doble estándar con vistas a la plaza del ayuntamiento,7,pareja,fantástico,,,9.0,2025-08-26,fantástico
venecia plaza centro,suiza,,1,persona que viaja sola,muy bien,,,8.0,2025-08-01,fantástico
venecia plaza centro,irlanda,habitación estándar,5,persona que viaja sola,excepcional,,,10.0,2025-01-27,fantástico
venecia plaza centro,japón,habitación estándar,1,pareja,muy bien,,,8.0,2024-09-15,fantástico
venecia plaza centro,estados unidos,,3,pareja,excepcional,,,10.0,2024-05-09,fantástico
venecia plaza centro,españa,habitación estándar,1,pareja,fantástico,,,9.0,2024-04-28,fantástico
venecia plaza centro,macedonia del norte,habitación doble con balcón - plaza del ayuntamiento,1,pareja,excepcional,,,10.0,2024-03-24,fantástico
venecia plaza centro,serbia,habitación doble con balcón - plaza del ayuntamiento,3,pareja,excepcional,,,10.0,2023-12-22,fantástico
venecia plaza centro,chipre,habitación estándar,1,familia,excepcional,,,10.0,2023-10-01,fantástico
venecia plaza centro,estados unidos,habitación triple superior,1,familia,fantástico,,,9.0,2023-08-05,fantástico
venecia plaza centro,italia,habitación doble económica con vistas al patio interior,1,persona que viaja sola,excepcional,,,10.0,2023-06-05,fantástico
venecia plaza centro,austria,habitación cuádruple superior,3,grupo,excepcional,,,10.0,2023-05-26,fantástico
venecia plaza centro,brasil,habitación doble estándar con vistas a la plaza del ayuntamiento,2,pareja,bien,,,7.0,2026-01-02,fantástico
venecia plaza centro,singapur,,2,familia,bien,,,7.0,2025-12-06,fantástico
venecia plaza centro,reino unido,,6,persona que viaja sola,bien,,,7.0,2025-09-24,fantástico
venecia plaza centro,reino unido,,1,grupo,bien,,,7.0,2025-02-12,fantástico
venecia plaza centro,reino unido,,1,persona que viaja sola,bien,,,7.0,2025-02-08,fantástico
venecia plaza centro,estados unidos,habitación doble estándar con vistas a la plaza del ayuntamiento,2,pareja,bien,,,7.0,2024-10-28,fantástico
venecia plaza centro,serbia,habitación doble económica con vistas al patio interior,1,familia,bien,,,7.0,2024-10-14,fantástico
venecia plaza centro,estados unidos,habitación estándar,1,pareja,bien,,,7.0,2024-09-24,fantástico
venecia plaza centro,irlanda,habitación cuádruple prémium,4,grupo,bien,,,7.0,2024-05-03,fantástico
venecia plaza centro,argentina,habitación doble económica con vistas al patio interior,1,persona que viaja sola,bien,,,7.0,2024-04-25,fantástico
venecia plaza centro,canadá,habitación doble con balcón - plaza del ayuntamiento,4,grupo,bien,,,7.0,2024-04-06,fantástico
venecia plaza centro,reino unido,habitación estándar,3,grupo,bien,,,7.0,2024-03-05,fantástico
venecia plaza centro,suiza,habitación doble económica con vistas al patio interior,1,pareja,bien,,,7.0,2024-01-03,fantástico
venecia plaza centro,españa,habitación estándar,2,persona que viaja sola,bien,,,7.0,2023-11-23,fantástico
venecia plaza centro,estados unidos,habitación doble deluxe - 1 o 2 camas,1,persona que viaja sola,pésimo,,,1.0,2023-11-02,fantástico
venecia plaza centro,alemania,habitación doble económica con vistas al patio interior,1,grupo,bien,,,7.0,2023-07-11,fantástico
venecia plaza centro,españa,habitación doble económica con vistas al patio interior,1,persona que viaja sola,bien,,,7.0,2023-06-23,fantástico
venecia plaza centro,israel,habitación doble estándar con vistas a la plaza del ayuntamiento,3,familia,bien,,,7.0,2025-12-25,fantástico
venecia plaza centro,turquía,habitación estándar,1,persona que viaja sola,bien,,,7.0,2025-11-13,fantástico
venecia plaza centro,reino unido,habitación doble estándar con vistas a la plaza del ayuntamiento,4,pareja,bien,,,7.0,2025-06-23,fantástico
venecia plaza centro,españa,,1,familia,bien,,,7.0,2025-06-08,fantástico
venecia plaza centro,bélgica,habitación estándar,6,pareja,bien,,,7.0,2025-03-20,fantástico
venecia plaza centro,india,,3,pareja,agradable,,,6.0,2025-01-14,fantástico
venecia plaza centro,ucrania,habitación estándar,3,familia,aceptable,,,5.0,2025-01-06,fantástico
venecia plaza centro,países bajos,habitación estándar,1,persona que viaja sola,agradable,,,6.0,2024-12-01,fantástico
venecia plaza centro,reino unido,habitación doble con balcón - plaza del ayuntamiento,3,pareja,agradable,,,6.0,2024-11-01,fantástico
venecia plaza centro,irlanda,habitación estándar,4,familia,agradable,,,6.0,2024-10-16,fantástico
venecia plaza centro,países bajos,habitación estándar,1,pareja,bien,,,7.0,2024-09-09,fantástico
venecia plaza centro,chipre,habitación cuádruple económica sin vistas,1,familia,bien,,,7.0,2024-08-14,fantástico
venecia plaza centro,irlanda,habitación doble deluxe - 1 o 2 camas,2,familia,bien,,,7.0,2024-07-31,fantástico
venecia plaza centro,españa,habitación doble económica con vistas al patio interior,1,pareja,bien,,,7.0,2024-07-30,fantástico
venecia plaza centro,reino unido,,1,grupo,bien,,,7.0,2024-04-15,fantástico
venecia plaza centro,etiopía,habitación doble económica con vistas al patio interior,1,familia,bien,,,7.0,2024-03-29,fantástico
venecia plaza centro,alemania,habitación triple superior,2,familia,agradable,,,6.0,2023-12-30,fantástico
venecia plaza centro,reino unido,,1,familia,bien,,,7.0,2023-12-07,fantástico
venecia plaza centro,estados unidos,habitación doble deluxe - 1 o 2 camas,3,pareja,great location,,,6.0,2023-11-19,fantástico
venecia plaza centro,irlanda,habitación estándar,4,persona que viaja sola,agradable,,,6.0,2023-11-07,fantástico
venecia plaza centro,españa,habitación estándar,1,persona que viaja sola,bien,,,7.0,2023-10-24,fantástico
venecia plaza centro,australia,habitación estándar,2,pareja,bien,,,7.0,2023-10-16,fantástico
venecia plaza centro,reino unido,habitación estándar,1,pareja,bien,,,7.0,2023-09-21,fantástico
venecia plaza centro,reino unido,,3,pareja,bien,,,7.0,2023-09-10,fantástico
venecia plaza centro,australia,habitación estándar,2,pareja,bien,,,7.0,2023-09-04,fantástico
venecia plaza centro,suecia,habitación triple económica con vistas al patio interior,1,familia,agradable,,,6.0,2023-07-03,fantástico
venecia plaza centro,países bajos,habitación estándar,4,grupo,bien,,,7.0,2023-06-16,fantástico
venecia plaza centro,irlanda,,2,pareja,bien,,,7.0,2023-05-31,fantástico
venecia plaza centro,reino unido,habitación estándar,2,persona que viaja sola,bien,,,7.0,2025-12-16,fantástico
venecia plaza centro,grecia,habitación doble económica con vistas al patio interior,1,pareja,agradable,,,6.0,2024-05-05,fantástico
venecia plaza centro,estados unidos,habitación estándar,1,pareja,bien,,,7.0,2023-06-24,fantástico
venecia plaza centro,australia,habitación estándar,1,persona que viaja sola,muy mal,,,2.0,2025-03-13,fantástico
venecia plaza centro,israel,habitación estándar,1,persona que viaja sola,mal,,,3.0,2024-11-23,fantástico
venecia plaza centro,españa,habitación individual económica,1,persona que viaja sola,bien,,,7.0,2026-03-27,fantástico
venecia plaza centro,reino unido,habitación doble con balcón - plaza del ayuntamiento,2,pareja,muy bien,,,8.0,2024-09-13,fantástico
venecia plaza centro,alemania,habitación doble económica con vistas al patio interior,2,familia,muy bien,,,8.0,2023-12-09,fantástico
venecia plaza centro,reino unido,habitación estándar,1,grupo,excepcional,,,10.0,2023-11-29,fantástico
venecia plaza centro,ucrania,habitación estándar,4,familia,fantástico,,,9.0,2023-11-12,fantástico
venecia plaza centro,estados unidos,habitación doble con balcón - plaza del ayuntamiento,1,pareja,muy bien,,,8.0,2023-09-12,fantástico
venecia plaza centro,españa,habitación cuádruple superior,1,familia,excepcional,,,10.0,2023-07-30,fantástico
venecia plaza centro,puerto rico,habitación doble económica con vistas al patio interior,3,pareja,excepcional,,,10.0,2023-04-15,fantástico
venecia plaza centro,países bajos,habitación triple económica con vistas al patio interior,2,pareja,muy bien,,,8.0,2026-04-15,fantástico
venecia plaza centro,reino unido,habitación estándar,5,pareja,bien,,,7.0,2023-08-21,fantástico
venecia plaza centro,países bajos,habitación estándar,4,pareja,excepcional,,,10.0,2026-04-14,fantástico
venecia plaza centro,países bajos,,4,grupo,fantástico,,,9.0,2026-04-13,fantástico
venecia plaza centro,países bajos,habitación doble estándar con vistas a la plaza del ayuntamiento,5,pareja,fantástico,,,9.0,2026-04-12,fantástico
venecia plaza centro,italia,habitación cuádruple superior,4,persona que viaja sola,fantástico,,,9.0,2026-04-12,fantástico
venecia plaza centro,hungría,habitación cuádruple estándar,4,familia,excepcional,,,10.0,2026-04-11,fantástico
venecia plaza centro,finlandia,habitación cuádruple superior,3,grupo,excepcional,,,10.0,2026-04-11,fantástico
venecia plaza centro,italia,habitación doble estándar con vistas a la plaza del ayuntamiento,4,persona que viaja sola,excepcional,,,10.0,2026-04-11,fantástico
venecia plaza centro,méxico,habitación estándar,2,pareja,excepcional,,,10.0,2026-04-10,fantástico
venecia plaza centro,países bajos,habitación estándar,3,persona que viaja sola,fantástico,,,9.0,2026-04-10,fantástico
venecia plaza centro,suecia,habitación cuádruple superior,1,grupo,excepcional,,,10.0,2026-04-10,fantástico
venecia plaza centro,brasil,habitación estándar,1,familia,excepcional,,,10.0,2026-04-09,fantástico
venecia plaza centro,italia,,2,familia,fantástico,,,9.0,2026-04-07,fantástico
venecia plaza centro,italia,habitación cuádruple superior,3,familia,excepcional,,,10.0,2026-04-07,fantástico
venecia plaza centro,italia,habitación doble estándar con vistas a la plaza del ayuntamiento,2,pareja,muy bien,,,8.0,2026-04-07,fantástico
venecia plaza centro,polonia,,3,familia,excepcional,,,10.0,2026-04-06,fantástico
venecia plaza centro,polonia,,1,pareja,excepcional,,,10.0,2026-04-06,fantástico
venecia plaza centro,brasil,,1,grupo,fantástico,,,9.0,2026-04-05,fantástico
venecia plaza centro,países bajos,,2,familia,excepcional,,,10.0,2026-04-05,fantástico
venecia plaza centro,italia,,2,familia,fantástico,,,9.0,2026-04-02,fantástico
venecia plaza centro,italia,,3,familia,fantástico,,,9.0,2026-04-02,fantástico
venecia plaza centro,italia,,1,grupo,excepcional,,,10.0,2026-04-02,fantástico
venecia plaza centro,italia,habitación doble estándar con vistas a la plaza del ayuntamiento,1,familia,fantástico,,,9.0,2026-04-01,fantástico
venecia plaza centro,italia,habitación cuádruple estándar,3,familia,excepcional,,,10.0,2026-04-01,fantástico
venecia plaza centro,turquía,suite superior,2,pareja,fantástico,,,9.0,2026-04-01,fantástico
venecia plaza centro,turquía,,5,pareja,muy bien,,,8.0,2026-04-01,fantástico
venecia plaza centro,italia,habitación doble estándar con vistas a la plaza del ayuntamiento,3,pareja,excepcional,,,10.0,2026-03-31,fantástico
venecia plaza centro,suecia,habitación cuádruple estándar,1,familia,excepcional,,,10.0,2026-03-31,fantástico
venecia plaza centro,suecia,,1,familia,muy bien,,,8.0,2026-03-31,fantástico
venecia plaza centro,italia,,1,pareja,fantástico,,,9.0,2026-03-30,fantástico
venecia plaza centro,italia,,5,pareja,excepcional,,,10.0,2026-03-30,fantástico
venecia plaza centro,italia,habitación estándar,4,familia,fantástico,,,9.0,2026-03-28,fantástico
venecia plaza centro,italia,,2,grupo,fantástico,,,9.0,2026-03-28,fantástico
venecia plaza centro,rumanía,,3,grupo,excepcional,,,10.0,2026-03-28,fantástico
venecia plaza centro,italia,habitación doble estándar con vistas a la plaza del ayuntamiento,2,grupo,fantástico,,,9.0,2026-03-27,fantástico
venecia plaza centro,italia,habitación estándar,2,grupo,fantástico,,,9.0,2026-03-26,fantástico
venecia plaza centro,corea del sur,habitación estándar,2,persona que viaja sola,excepcional,,,10.0,2026-03-26,fantástico
venecia plaza centro,alemania,habitación doble estándar con vistas a la plaza del ayuntamiento,1,pareja,muy bien,,,8.0,2026-03-25,fantástico
venecia plaza centro,italia,,2,familia,muy bien,,,8.0,2026-03-24,fantástico
venecia plaza centro,uzbekistán,,1,persona que viaja sola,excepcional,,,10.0,2026-03-24,fantástico
venecia plaza centro,hungría,,3,grupo,excepcional,,,10.0,2026-03-23,fantástico
venecia plaza centro,italia,habitación cuádruple económica sin vistas,2,grupo,excepcional,,,10.0,2026-03-23,fantástico
venecia plaza centro,francia,,1,pareja,excepcional,,,10.0,2026-03-23,fantástico
venecia plaza centro,países bajos,,3,familia,excepcional,,,10.0,2026-03-23,fantástico
venecia plaza centro,italia,habitación cuádruple económica sin vistas,3,familia,muy bien,,,8.0,2026-03-22,fantástico
venecia plaza centro,alemania,,2,grupo,muy bien,,,8.0,2026-03-22,fantástico
venecia plaza centro,suecia,habitación estándar,7,pareja,fantástico,,,9.0,2026-03-22,fantástico
venecia plaza centro,italia,,2,grupo,excepcional,,,10.0,2026-03-21,fantástico
venecia plaza centro,italia,habitación triple económica con vistas al patio interior,2,familia,excepcional,,,10.0,2026-03-19,fantástico
venecia plaza centro,españa,,1,pareja,excepcional,,,10.0,2026-03-19,fantástico
venecia plaza centro,italia,habitación cuádruple económica sin vistas,3,familia,excepcional,,,10.0,2026-03-18,fantástico
venecia plaza centro,bélgica,habitación estándar,4,persona que viaja sola,fantástico,,,9.0,2026-03-17,fantástico
venecia plaza centro,italia,habitación cuádruple estándar,2,familia,muy bien,,,8.0,2026-03-17,fantástico
venecia plaza centro,italia,habitación doble estándar con vistas a la plaza del ayuntamiento,2,grupo,fantástico,,,9.0,2026-03-16,fantástico
venecia plaza centro,austria,habitación estándar,4,grupo,fantástico,,,9.0,2026-03-16,fantástico
venecia plaza centro,italia,habitación cuádruple estándar,3,familia,excepcional,,,10.0,2026-03-15,fantástico
venecia plaza centro,italia,habitación doble estándar con vistas a la plaza del ayuntamiento,3,familia,fantástico,,,9.0,2026-03-15,fantástico
venecia plaza centro,rumanía,,4,pareja,excepcional,,,10.0,2026-03-15,fantástico
venecia plaza centro,ecuador,habitación cuádruple superior,3,familia,excepcional,,,10.0,2026-03-11,fantástico
venecia plaza centro,italia,,4,pareja,excepcional,,,10.0,2026-03-10,fantástico
venecia plaza centro,italia,habitación cuádruple estándar,1,grupo,excepcional,,,10.0,2026-03-10,fantástico
venecia plaza centro,alemania,habitación doble estándar con vistas a la plaza del ayuntamiento,5,pareja,muy bien,,,8.0,2026-03-09,fantástico
venecia plaza centro,países bajos,,1,pareja,excepcional,,,10.0,2026-03-09,fantástico
venecia plaza centro,alemania,habitación estándar,5,familia,fantástico,,,9.0,2026-03-08,fantástico
venecia plaza centro,italia,habitación doble estándar con vistas a la plaza del ayuntamiento,3,pareja,muy bien,,,8.0,2026-03-08,fantástico
venecia plaza centro,italia,,3,grupo,fantástico,,,9.0,2026-03-08,fantástico
venecia plaza centro,francia,habitación estándar,6,pareja,excepcional,,,10.0,2026-03-07,fantástico
venecia plaza centro,italia,habitación cuádruple estándar,5,familia,excepcional,,,10.0,2026-03-07,fantástico
venecia plaza centro,italia,,3,grupo,excepcional,,,10.0,2026-03-05,fantástico
venecia plaza centro,francia,habitación triple económica con vistas al patio interior,2,persona que viaja sola,fantástico,,,9.0,2026-03-05,fantástico
venecia plaza centro,españa,,4,pareja,fantástico,,,9.0,2026-03-05,fantástico
venecia plaza centro,bulgaria,habitación cuádruple estándar,5,familia,excepcional,,,10.0,2026-03-03,fantástico
venecia plaza centro,francia,,3,familia,excepcional,,,10.0,2026-03-02,fantástico
venecia plaza centro,serbia,,2,pareja,excepcional,,,10.0,2026-03-02,fantástico
venecia plaza centro,italia,habitación estándar,3,pareja,excepcional,,,10.0,2026-02-28,fantástico
venecia plaza centro,italia,,3,grupo,muy bien,,,8.0,2026-02-27,fantástico
venecia plaza centro,italia,habitación cuádruple económica sin vistas,2,grupo,excepcional,,,10.0,2026-02-27,fantástico
venecia plaza centro,italia,habitación doble estándar con vistas a la plaza del ayuntamiento,2,grupo,excepcional,,,10.0,2026-02-27,fantástico
venecia plaza centro,italia,,3,familia,excepcional,,,10.0,2026-02-26,fantástico
venecia plaza centro,italia,habitación cuádruple económica sin vistas,1,familia,fantástico,,,9.0,2026-02-25,fantástico
venecia plaza centro,italia,,3,pareja,fantástico,,,9.0,2026-02-23,fantástico
venecia plaza centro,italia,,2,pareja,excepcional,,,10.0,2026-02-23,fantástico
venecia plaza centro,italia,habitación estándar,2,pareja,tutto perfetto d  alla accoglienza alla pulizia e dalla gentilezza del personale lo consiglio .,,,10.0,2026-02-22,fantástico
venecia plaza centro,venezuela,,1,familia,fantástico,,,9.0,2026-02-22,fantástico
venecia plaza centro,italia,habitación doble estándar con vistas a la plaza del ayuntamiento,2,familia,excepcional,,,10.0,2026-02-22,fantástico
venecia plaza centro,italia,,4,pareja,excepcional,,,10.0,2026-02-21,fantástico
venecia plaza centro,suiza,habitación doble estándar con vistas a la plaza del ayuntamiento,4,familia,excepcional,,,10.0,2026-02-21,fantástico
venecia plaza centro,italia,,3,pareja,excepcional,,,10.0,2026-02-20,fantástico
venecia plaza centro,italia,habitación estándar,2,grupo,excepcional,,,10.0,2026-02-20,fantástico
venecia plaza centro,italia,habitación doble estándar con vistas a la plaza del ayuntamiento,2,pareja,fantástico,,,9.0,2026-02-19,fantástico
venecia plaza centro,italia,habitación doble estándar con vistas a la plaza del ayuntamiento,4,familia,excepcional,,,10.0,2026-02-19,fantástico
venecia plaza centro,austria,,3,familia,fantástico,,,9.0,2026-02-18,fantástico
venecia plaza centro,italia,,2,pareja,excepcional,,,10.0,2026-02-18,fantástico
venecia plaza centro,italia,habitación estándar,2,familia,excepcional,,,10.0,2026-02-18,fantástico
venecia plaza centro,italia,habitación doble estándar con vistas a la plaza del ayuntamiento,1,familia,fantástico,,,9.0,2026-02-18,fantástico
venecia plaza centro,italia,habitación estándar,4,familia,excepcional,,,10.0,2026-02-18,fantástico
venecia plaza centro,italia,,2,pareja,muy bien,,,8.0,2026-02-17,fantástico
venecia plaza centro,italia,habitación doble estándar con vistas a la plaza del ayuntamiento,3,persona que viaja sola,le mie aspettative sono state superate. sono rimasta molto soddisfatta,,,8.0,2026-02-17,fantástico
venecia plaza centro,italia,habitación estándar,4,pareja,excepcional,,,10.0,2026-02-16,fantástico
venecia plaza centro,canadá,,5,familia,fantástico,,,9.0,2026-02-15,fantástico
venecia plaza centro,italia,habitación triple económica con vistas al patio interior,4,familia,excepcional,,,10.0,2026-02-14,fantástico
venecia plaza centro,italia,,2,pareja,excepcional,,,10.0,2026-02-13,fantástico
venecia plaza centro,turquía,habitación estándar,5,persona que viaja sola,excepcional,,,10.0,2026-02-13,fantástico
venecia plaza centro,italia,habitación doble estándar con vistas a la plaza del ayuntamiento,4,pareja,muy bien,,,8.0,2026-02-13,fantástico
venecia plaza centro,italia,,2,familia,excepcional,,,10.0,2026-02-13,fantástico
venecia plaza centro,italia,habitación estándar,3,persona que viaja sola,fantástico,,,9.0,2026-02-12,fantástico
venecia plaza centro,portugal,habitación doble estándar con vistas a la plaza del ayuntamiento,2,pareja,excepcional,,,10.0,2026-02-12,fantástico
venecia plaza centro,italia,habitación triple económica con vistas al patio interior,2,familia,fantástico,,,9.0,2026-02-12,fantástico
venecia plaza centro,italia,habitación triple económica con vistas al patio interior,5,familia,excepcional,,,10.0,2026-02-11,fantástico
venecia plaza centro,italia,habitación estándar,4,familia,excepcional,,,10.0,2026-02-11,fantástico
venecia plaza centro,italia,habitación estándar,2,familia,excepcional,,,10.0,2026-02-11,fantástico
venecia plaza centro,italia,,3,persona que viaja sola,fantástico,,,9.0,2026-02-09,fantástico
venecia plaza centro,ucrania,habitación doble estándar con vistas a la plaza del ayuntamiento,1,grupo,muy bien,,,8.0,2026-02-09,fantástico
venecia plaza centro,países bajos,habitación estándar,2,persona que viaja sola,fantástico,,,9.0,2026-02-09,fantástico
venecia plaza centro,italia,habitación cuádruple superior,3,familia,fantástico,,,9.0,2026-02-09,fantástico
venecia plaza centro,italia,,3,familia,fantástico,,,9.0,2026-02-08,fantástico
venecia plaza centro,italia,habitación triple económica con vistas al patio interior,1,grupo,excepcional,,,10.0,2026-02-07,fantástico
venecia plaza centro,italia,habitación cuádruple económica sin vistas,2,familia,fantástico,,,9.0,2026-02-07,fantástico
venecia plaza centro,canadá,habitación estándar,1,pareja,excepcional,,,10.0,2026-02-07,fantástico
venecia plaza centro,polonia,habitación estándar,2,familia,excepcional,,,10.0,2026-02-05,fantástico
venecia plaza centro,italia,habitación estándar,4,familia,excepcional,,,10.0,2026-02-04,fantástico
venecia plaza centro,italia,habitación doble estándar con vistas a la plaza del ayuntamiento,2,familia,excepcional,,,10.0,2026-02-03,fantástico
venecia plaza centro,rumanía,habitación doble estándar con vistas a la plaza del ayuntamiento,2,grupo,excepcional,,,10.0,2026-02-03,fantástico
venecia plaza centro,italia,habitación doble estándar con vistas a la plaza del ayuntamiento,2,pareja,excepcional,,,10.0,2026-02-02,fantástico
venecia plaza centro,españa,habitación doble estándar con vistas a la plaza del ayuntamiento,2,pareja,prachtig hotel midden in het centrum van valencia,,,9.0,2026-02-02,fantástico
venecia plaza centro,italia,,2,pareja,excepcional,,,10.0,2026-02-02,fantástico
venecia plaza centro,italia,habitación estándar,1,persona que viaja sola,fantástico,,,9.0,2026-02-01,fantástico
venecia plaza centro,italia,habitación triple económica con vistas al patio interior,3,familia,excepcional,,,10.0,2026-01-31,fantástico
venecia plaza centro,italia,,2,familia,fantástico,,,9.0,2026-01-29,fantástico
venecia plaza centro,polonia,habitación estándar,1,familia,excepcional,,,10.0,2026-01-29,fantástico
venecia plaza centro,italia,habitación doble estándar con vistas a la plaza del ayuntamiento,4,pareja,excepcional,,,10.0,2026-01-29,fantástico
venecia plaza centro,irlanda,,1,familia,muy bien,,,8.0,2026-01-28,fantástico
venecia plaza centro,suiza,,3,grupo,muy bien,,,8.0,2026-01-27,fantástico
venecia plaza centro,francia,habitación triple económica con vistas al patio interior,1,familia,muy bien,,,8.0,2026-01-25,fantástico
venecia plaza centro,suiza,habitación doble estándar con vistas a la plaza del ayuntamiento,3,pareja,fantástico,,,9.0,2026-01-25,fantástico
venecia plaza centro,italia,habitación cuádruple económica sin vistas,1,familia,excepcional,,,10.0,2026-01-25,fantástico
venecia plaza centro,países bajos,habitación estándar,2,pareja,muy bien,,,8.0,2026-01-25,fantástico
venecia plaza centro,italia,,2,grupo,muy bien,,,8.0,2026-01-25,fantástico
venecia plaza centro,países bajos,,1,persona que viaja sola,fantástico,,,9.0,2026-01-24,fantástico
venecia plaza centro,italia,,2,familia,excepcional,,,10.0,2026-01-24,fantástico
venecia plaza centro,portugal,habitación cuádruple económica sin vistas,2,familia,fantástico,,,9.0,2026-01-23,fantástico
venecia plaza centro,brasil,habitación triple económica con vistas al patio interior,2,familia,excepcional,,,10.0,2026-01-21,fantástico
venecia plaza centro,italia,,4,pareja,muy bien,,,8.0,2026-01-21,fantástico
venecia plaza centro,italia,habitación cuádruple estándar,5,familia,excepcional,,,10.0,2026-01-21,fantástico
venecia plaza centro,italia,habitación cuádruple superior,2,familia,excepcional,,,10.0,2026-01-19,fantástico
venecia plaza centro,italia,habitación estándar,3,pareja,fantástico,,,9.0,2026-01-19,fantástico
venecia plaza centro,países bajos,,2,pareja,excepcional,,,10.0,2026-01-19,fantástico
venecia plaza centro,turquía,,3,pareja,excepcional,,,10.0,2026-01-19,fantástico
venecia plaza centro,italia,,2,grupo,excepcional,,,10.0,2026-01-17,fantástico
venecia plaza centro,ucrania,habitación estándar,1,persona que viaja sola,excepcional,,,10.0,2026-01-17,fantástico
venecia plaza centro,italia,habitación estándar,3,pareja,excepcional,,,10.0,2026-01-17,fantástico
venecia plaza centro,italia,habitación estándar,1,persona que viaja sola,fantástico,,,9.0,2026-01-16,fantástico
venecia plaza centro,italia,,3,pareja,fantástico,,,9.0,2026-01-16,fantástico
venecia plaza centro,francia,habitación triple económica con vistas al patio interior,1,familia,excepcional,,,10.0,2026-01-14,fantástico
venecia plaza centro,japón,,1,grupo,excepcional,,,10.0,2026-01-13,fantástico
venecia plaza centro,francia,habitación estándar,1,familia,excepcional,,,10.0,2026-01-12,fantástico
venecia plaza centro,italia,habitación estándar,2,pareja,excepcional,,,10.0,2026-01-12,fantástico
venecia plaza centro,italia,,2,familia,fantástico,,,9.0,2026-01-12,fantástico
venecia plaza centro,italia,,2,grupo,fantástico,,,9.0,2026-01-11,fantástico
venecia plaza centro,italia,,3,familia,excepcional,,,10.0,2026-01-10,fantástico
venecia plaza centro,croacia,habitación estándar,3,pareja,excepcional,,,10.0,2026-01-10,fantástico
venecia plaza centro,italia,habitación cuádruple estándar,3,familia,excepcional,,,10.0,2026-01-09,fantástico
venecia plaza centro,alemania,habitación estándar,1,pareja,muy bien,,,8.0,2026-01-06,fantástico
venecia plaza centro,alemania,habitación doble estándar con vistas a la plaza del ayuntamiento,2,grupo,fantástico,,,9.0,2026-01-05,fantástico
venecia plaza centro,países bajos,habitación estándar,5,pareja,excepcional,,,10.0,2026-01-05,fantástico
venecia plaza centro,italia,habitación doble estándar con vistas a la plaza del ayuntamiento,3,pareja,excepcional,,,10.0,2026-01-05,fantástico
venecia plaza centro,italia,habitación doble estándar con vistas a la plaza del ayuntamiento,3,pareja,excepcional,,,10.0,2026-01-04,fantástico
venecia plaza centro,francia,habitación cuádruple económica sin vistas,3,grupo,muy bien,,,8.0,2026-01-04,fantástico
venecia plaza centro,bulgaria,habitación doble estándar con vistas a la plaza del ayuntamiento,4,familia,excepcional,,,10.0,2026-01-03,fantástico
venecia plaza centro,finlandia,,1,familia,excepcional,,,10.0,2026-01-02,fantástico
venecia plaza centro,alemania,habitación estándar,3,pareja,muy bien,,,8.0,2025-12-31,fantástico
venecia plaza centro,hungría,habitación estándar,4,pareja,muy bien,,,8.0,2025-12-29,fantástico
venecia plaza centro,suiza,habitación doble estándar con vistas a la plaza del ayuntamiento,1,persona que viaja sola,excepcional,,,10.0,2025-12-28,fantástico
venecia plaza centro,bulgaria,,3,grupo,excepcional,,,10.0,2025-12-28,fantástico
venecia plaza centro,hungría,habitación doble estándar con vistas a la plaza del ayuntamiento,3,pareja,excepcional,,,10.0,2025-12-28,fantástico
venecia plaza centro,italia,habitación estándar,4,persona que viaja sola,excepcional,,,10.0,2025-12-28,fantástico
venecia plaza centro,españa,habitación estándar,2,familia,fantástico,,,9.0,2025-12-27,fantástico
venecia plaza centro,italia,habitación estándar,1,persona que viaja sola,fantástico,,,9.0,2025-12-25,fantástico
venecia plaza centro,españa,habitación cuádruple estándar,1,familia,excepcional,,,10.0,2025-12-25,fantástico
venecia plaza centro,turquía,habitación estándar,3,pareja,fantástico,,,9.0,2025-12-24,fantástico
venecia plaza centro,suiza,habitación estándar,1,persona que viaja sola,fantástico,,,9.0,2025-12-24,fantástico
venecia plaza centro,turquía,,1,grupo,excepcional,,,10.0,2025-12-24,fantástico
venecia plaza centro,italia,,2,familia,excepcional,,,10.0,2025-12-23,fantástico
venecia plaza centro,italia,,2,grupo,excepcional,,,10.0,2025-12-20,fantástico
venecia plaza centro,italia,habitación estándar,2,pareja,fantástico,,,9.0,2025-12-19,fantástico
venecia plaza centro,países bajos,habitación cuádruple superior,4,grupo,fantástico,,,9.0,2025-12-19,fantástico
venecia plaza centro,italia,habitación cuádruple superior,3,familia,excepcional,,,10.0,2025-12-18,fantástico
venecia plaza centro,italia,habitación estándar,3,pareja,excepcional,,,10.0,2025-12-17,fantástico
venecia plaza centro,italia,habitación estándar,1,familia,excepcional,,,10.0,2025-12-16,fantástico
venecia plaza centro,italia,,2,pareja,excepcional,,,10.0,2025-12-16,fantástico
venecia plaza centro,italia,,2,pareja,pulizia e posizione ottime.,,,10.0,2025-12-15,fantástico
venecia plaza centro,italia,,3,pareja,excepcional,,,10.0,2025-12-15,fantástico
venecia plaza centro,italia,habitación doble estándar con vistas a la plaza del ayuntamiento,2,familia,fantástico,,,9.0,2025-12-13,fantástico
venecia plaza centro,brasil,habitación cuádruple económica sin vistas,2,familia,fantástico,,,9.0,2025-12-13,fantástico
venecia plaza centro,armenia,habitación doble estándar con vistas a la plaza del ayuntamiento,1,pareja,excepcional,,,10.0,2025-12-12,fantástico
venecia plaza centro,dinamarca,habitación estándar,3,pareja,fantástico,,,9.0,2025-12-11,fantástico
venecia plaza centro,hungría,habitación cuádruple estándar,2,familia,excepcional,,,10.0,2025-12-10,fantástico
venecia plaza centro,italia,habitación cuádruple estándar,1,familia,excepcional,,,10.0,2025-12-09,fantástico
venecia plaza centro,polonia,,2,persona que viaja sola,excepcional,,,10.0,2025-12-09,fantástico
venecia plaza centro,francia,habitación cuádruple económica sin vistas,1,familia,muy bien,,,8.0,2025-12-08,fantástico
venecia plaza centro,italia,,2,persona que viaja sola,excepcional,,,10.0,2025-12-08,fantástico
venecia plaza centro,turquía,,2,pareja,excepcional,,,10.0,2025-12-08,fantástico
venecia plaza centro,eslovenia,,2,pareja,excepcional,,,10.0,2025-12-07,fantástico
venecia plaza centro,turquía,,3,familia,excepcional,,,10.0,2025-12-06,fantástico
venecia plaza centro,italia,habitación doble estándar con vistas a la plaza del ayuntamiento,1,pareja,fantástico,,,9.0,2025-12-06,fantástico
venecia plaza centro,austria,habitación doble estándar con vistas a la plaza del ayuntamiento,4,pareja,excepcional,,,10.0,2025-12-05,fantástico
venecia plaza centro,suiza,habitación estándar,4,pareja,excepcional,,,10.0,2025-12-05,fantástico
venecia plaza centro,italia,habitación cuádruple estándar,3,familia,excepcional,,,10.0,2025-12-04,fantástico
venecia plaza centro,italia,,2,grupo,fantástico,,,9.0,2025-12-04,fantástico
venecia plaza centro,austria,habitación triple económica con vistas al patio interior,4,grupo,fantástico,,,9.0,2025-12-04,fantástico
venecia plaza centro,países bajos,,3,persona que viaja sola,muy bien,,,8.0,2025-12-04,fantástico
venecia plaza centro,rumanía,habitación doble estándar con vistas a la plaza del ayuntamiento,3,familia,fantástico,,,9.0,2025-12-04,fantástico
venecia plaza centro,italia,habitación cuádruple superior,3,familia,excepcional,,,10.0,2025-12-03,fantástico
venecia plaza centro,italia,,2,persona que viaja sola,excepcional,,,10.0,2025-12-03,fantástico
venecia plaza centro,italia,,2,persona que viaja sola,excepcional,,,10.0,2025-12-03,fantástico
venecia plaza centro,grecia,,1,pareja,excepcional,,,10.0,2025-12-02,fantástico
venecia plaza centro,italia,habitación estándar,2,persona que viaja sola,fantástico,,,9.0,2025-12-02,fantástico
venecia plaza centro,italia,habitación estándar,1,pareja,fantástico,,,9.0,2025-12-02,fantástico
venecia plaza centro,austria,habitación estándar,2,familia,excepcional,,,10.0,2025-11-30,fantástico
venecia plaza centro,italia,habitación estándar,1,grupo,veramente tutto eccellente,,,9.0,2025-11-27,fantástico
venecia plaza centro,italia,,2,pareja,fantástico,,,9.0,2025-11-25,fantástico
venecia plaza centro,italia,,2,grupo,"hotel in pieno centro storico, in posizione strategica. molto confortevole la camera con terrazzo.",,,9.0,2025-11-24,fantástico
venecia plaza centro,italia,,2,pareja,excepcional,,,10.0,2025-11-24,fantástico
venecia plaza centro,alemania,habitación estándar,4,grupo,fantástico,,,9.0,2025-11-23,fantástico
venecia plaza centro,italia,habitación individual económica,1,persona que viaja sola,muy bien,,,8.0,2025-11-21,fantástico
venecia plaza centro,alemania,,5,pareja,fantástico,,,9.0,2025-11-21,fantástico
venecia plaza centro,francia,,1,familia,excepcional,,,10.0,2025-11-19,fantástico
venecia plaza centro,países bajos,habitación estándar,3,persona que viaja sola,excepcional,,,10.0,2025-11-18,fantástico
venecia plaza centro,italia,,2,familia,fantástico,,,9.0,2025-11-16,fantástico
venecia plaza centro,italia,,2,pareja,excepcional,,,10.0,2025-11-15,fantástico
venecia plaza centro,italia,habitación doble estándar con vistas a la plaza del ayuntamiento,3,pareja,excepcional,,,10.0,2025-11-15,fantástico
venecia plaza centro,suiza,habitación doble estándar con vistas a la plaza del ayuntamiento,4,familia,muy bien,,,8.0,2025-11-14,fantástico
venecia plaza centro,españa,habitación doble estándar con vistas a la plaza del ayuntamiento,1,persona que viaja sola,excepcional,,,10.0,2025-11-14,fantástico
venecia plaza centro,brasil,,2,familia,excepcional,,,10.0,2025-11-14,fantástico
venecia plaza centro,alemania,habitación cuádruple estándar,3,familia,excepcional,,,10.0,2025-11-14,fantástico
venecia plaza centro,croacia,,4,persona que viaja sola,excepcional,,,10.0,2025-11-14,fantástico
venecia plaza centro,italia,habitación triple económica con vistas al patio interior,3,familia,excepcional,,,10.0,2025-11-14,fantástico
venecia plaza centro,italia,,5,grupo,excepcional,,,10.0,2025-11-12,fantástico
venecia plaza centro,italia,,2,grupo,excepcional,,,10.0,2025-11-11,fantástico
venecia plaza centro,italia,habitación estándar,4,pareja,excepcional,,,10.0,2025-11-11,fantástico
venecia plaza centro,italia,habitación estándar,4,familia,excepcional,,,10.0,2025-11-11,fantástico
venecia plaza centro,suiza,,2,persona que viaja sola,fantástico,,,9.0,2025-11-11,fantástico
venecia plaza centro,suiza,habitación estándar,4,grupo,muy bien,,,8.0,2025-11-10,fantástico
venecia plaza centro,suiza,habitación doble estándar con vistas a la plaza del ayuntamiento,4,grupo,excepcional,,,10.0,2025-11-09,fantástico
venecia plaza centro,países bajos,habitación doble estándar con vistas a la plaza del ayuntamiento,3,pareja,fantástico,,,9.0,2025-11-09,fantástico
venecia plaza centro,suiza,habitación cuádruple superior,3,familia,excepcional,,,10.0,2025-11-08,fantástico
venecia plaza centro,alemania,,3,persona que viaja sola,muy bien,,,8.0,2025-11-08,fantástico
venecia plaza centro,canadá,habitación doble estándar con vistas a la plaza del ayuntamiento,2,grupo,excepcional,,,10.0,2025-11-07,fantástico
venecia plaza centro,suiza,habitación estándar,4,familia,excepcional,,,10.0,2025-11-07,fantástico
venecia plaza centro,países bajos,,3,persona que viaja sola,super,,,10.0,2025-11-05,fantástico
venecia plaza centro,italia,,2,grupo,excepcional,,,10.0,2025-11-03,fantástico
venecia plaza centro,países bajos,,4,pareja,muy bien,,,8.0,2025-11-02,fantástico
venecia plaza centro,suecia,habitación cuádruple superior,4,familia,excepcional,,,10.0,2025-11-01,fantástico
venecia plaza centro,eslovenia,habitación estándar,4,persona que viaja sola,excepcional,,,10.0,2025-10-31,fantástico
venecia plaza centro,austria,,3,familia,fantástico,,,9.0,2025-10-31,fantástico
venecia plaza centro,brasil,,3,persona que viaja sola,fantástico,,,9.0,2025-10-30,fantástico
venecia plaza centro,italia,habitación cuádruple estándar,3,familia,fantástico,,,9.0,2025-10-30,fantástico
venecia plaza centro,bélgica,habitación cuádruple superior,1,grupo,excepcional,,,10.0,2025-10-30,fantástico
venecia plaza centro,italia,,2,pareja,muy bien,,,8.0,2025-10-29,fantástico
venecia plaza centro,italia,,3,familia,fantástico,,,9.0,2025-10-28,fantástico
venecia plaza centro,turquía,habitación doble estándar con vistas a la plaza del ayuntamiento,2,pareja,excepcional,,,10.0,2025-10-27,fantástico
venecia plaza centro,francia,,3,pareja,excepcional,,,10.0,2025-10-26,fantástico
venecia plaza centro,italia,habitación estándar,4,familia,fantástico,,,9.0,2025-10-25,fantástico
venecia plaza centro,alemania,habitación cuádruple estándar,5,familia,excepcional,,,10.0,2025-10-25,fantástico
venecia plaza centro,albania,habitación cuádruple superior,2,familia,excepcional,,,10.0,2025-10-25,fantástico
venecia plaza centro,italia,habitación estándar,2,familia,fantástico,,,9.0,2025-10-25,fantástico
venecia plaza centro,italia,,4,pareja,excepcional,,,10.0,2025-10-24,fantástico
venecia plaza centro,austria,,2,grupo,fantástico,,,9.0,2025-10-24,fantástico
venecia plaza centro,francia,,2,familia,l emplacement est exceptionnel ainsi que la vue et le personnel très à l écoute tout en restant discret . le petit déjeu,,,10.0,2025-10-24,fantástico
venecia plaza centro,alemania,habitación doble estándar con vistas a la plaza del ayuntamiento,4,pareja,excepcional,,,10.0,2025-10-23,fantástico
venecia plaza centro,italia,habitación cuádruple estándar,3,familia,fantástico,,,9.0,2025-10-22,fantástico
venecia plaza centro,brasil,,2,grupo,excepcional,,,10.0,2025-10-20,fantástico
venecia plaza centro,italia,,2,pareja,excepcional,,,10.0,2025-10-20,fantástico
venecia plaza centro,países bajos,,2,pareja,muy bien,,,8.0,2025-10-20,fantástico
venecia plaza centro,alemania,habitación estándar,2,pareja,fantástico,,,9.0,2025-10-19,fantástico
venecia plaza centro,alemania,,4,pareja,excepcional,,,10.0,2025-10-19,fantástico
venecia plaza centro,alemania,habitación cuádruple estándar,3,familia,excepcional,,,10.0,2025-10-17,fantástico
venecia plaza centro,alemania,,1,pareja,fantástico,,,9.0,2025-10-17,fantástico
venecia plaza centro,brasil,,3,pareja,fantástico,,,9.0,2025-10-16,fantástico
venecia plaza centro,países bajos,,3,grupo,muy bien,,,8.0,2025-10-13,fantástico
venecia plaza centro,españa,habitación doble estándar con vistas a la plaza del ayuntamiento,1,familia,excepcional,,,10.0,2025-10-13,fantástico
venecia plaza centro,italia,habitación doble estándar con vistas a la plaza del ayuntamiento,3,pareja,excepcional,,,10.0,2025-10-11,fantástico
venecia plaza centro,alemania,habitación doble estándar con vistas a la plaza del ayuntamiento,4,pareja,muy bien,,,8.0,2025-10-10,fantástico
venecia plaza centro,suiza,,4,grupo,excepcional,,,10.0,2025-10-10,fantástico
venecia plaza centro,brasil,,1,persona que viaja sola,excepcional,,,10.0,2025-10-10,fantástico
venecia plaza centro,italia,habitación estándar,1,persona que viaja sola,excepcional,,,10.0,2025-10-10,fantástico
venecia plaza centro,países bajos,habitación cuádruple superior,2,familia,excepcional,,,10.0,2025-10-09,fantástico
venecia plaza centro,países bajos,,5,grupo,fantástico,,,9.0,2025-10-09,fantástico
venecia plaza centro,españa,habitación estándar,1,persona que viaja sola,fantástico,,,9.0,2025-10-08,fantástico
venecia plaza centro,italia,,3,familia,excepcional,,,10.0,2025-10-08,fantástico
venecia plaza centro,turquía,,4,persona que viaja sola,muy bien,,,8.0,2025-10-08,fantástico
venecia plaza centro,italia,,1,grupo,excepcional,,,10.0,2025-10-05,fantástico
venecia plaza centro,países bajos,habitación cuádruple estándar,2,grupo,muy bien,,,8.0,2025-10-05,fantástico
venecia plaza centro,italia,habitación cuádruple superior,3,grupo,excepcional,,,10.0,2025-10-04,fantástico
venecia plaza centro,italia,habitación cuádruple económica sin vistas,3,grupo,muy bien,,,8.0,2025-10-03,fantástico
venecia plaza centro,italia,,3,pareja,excepcional,,,10.0,2025-10-01,fantástico
venecia plaza centro,italia,,3,persona que viaja sola,excepcional,,,10.0,2025-10-01,fantástico
venecia plaza centro,rusia,habitación estándar,1,pareja,excepcional,,,10.0,2025-10-01,fantástico
venecia plaza centro,austria,,3,pareja,excepcional,,,10.0,2025-09-30,fantástico
venecia plaza centro,brasil,habitación estándar,2,pareja,excepcional,,,10.0,2025-09-30,fantástico
venecia plaza centro,italia,habitación estándar,3,pareja,fantástico,,,9.0,2025-09-29,fantástico
venecia plaza centro,austria,habitación cuádruple superior,3,familia,excepcional,,,10.0,2025-09-28,fantástico
venecia plaza centro,suiza,habitación estándar,1,pareja,excepcional,,,10.0,2025-09-28,fantástico
venecia plaza centro,austria,habitación cuádruple superior,3,grupo,excepcional,,,10.0,2025-09-28,fantástico
venecia plaza centro,países bajos,,3,pareja,fantástico,,,9.0,2025-09-27,fantástico
venecia plaza centro,italia,habitación doble estándar con vistas a la plaza del ayuntamiento,4,pareja,excepcional,,,10.0,2025-09-27,fantástico
venecia plaza centro,alemania,,3,grupo,excepcional,,,10.0,2025-09-26,fantástico
venecia plaza centro,suiza,,3,pareja,excepcional,,,10.0,2025-09-26,fantástico
venecia plaza centro,italia,,3,familia,fantástico,,,9.0,2025-09-26,fantástico
venecia plaza centro,suiza,,2,pareja,excepcional,,,10.0,2025-09-25,fantástico
venecia plaza centro,canadá,,2,persona que viaja sola,fantástico,,,9.0,2025-09-24,fantástico
venecia plaza centro,italia,habitación doble estándar con vistas a la plaza del ayuntamiento,3,grupo,fantástico,,,9.0,2025-09-23,fantástico
venecia plaza centro,suiza,habitación estándar,3,pareja,excepcional,,,10.0,2025-09-23,fantástico
venecia plaza centro,alemania,,3,pareja,fantástico,,,9.0,2025-09-22,fantástico
venecia plaza centro,austria,habitación doble estándar con vistas a la plaza del ayuntamiento,3,grupo,fantástico,,,9.0,2025-09-21,fantástico
venecia plaza centro,turquía,habitación cuádruple superior,2,grupo,muy bien,,,8.0,2025-09-21,fantástico
venecia plaza centro,francia,habitación estándar,7,pareja,excepcional,,,10.0,2025-09-20,fantástico
venecia plaza centro,italia,,2,pareja,excepcional,,,10.0,2025-09-19,fantástico
venecia plaza centro,países bajos,habitación cuádruple estándar,3,grupo,excepcional,,,10.0,2025-09-19,fantástico
venecia plaza centro,polonia,,4,grupo,excepcional,,,10.0,2025-09-19,fantástico
venecia plaza centro,armenia,habitación cuádruple superior,3,familia,excepcional,,,10.0,2025-09-18,fantástico
venecia plaza centro,italia,,4,familia,muy bien,,,8.0,2025-09-17,fantástico
venecia plaza centro,alemania,habitación cuádruple estándar,3,familia,excepcional,,,10.0,2025-09-17,fantástico
venecia plaza centro,lituania,habitación estándar,2,familia,excepcional,,,10.0,2025-09-16,fantástico
venecia plaza centro,italia,habitación estándar,2,pareja,excepcional,,,10.0,2025-09-15,fantástico
venecia plaza centro,países bajos,,9,persona que viaja sola,fantástico,,,9.0,2025-09-12,fantástico
venecia plaza centro,alemania,habitación doble estándar con vistas a la plaza del ayuntamiento,1,pareja,excepcional,,,10.0,2025-09-12,fantástico
venecia plaza centro,italia,habitación estándar,4,familia,fantástico,,,9.0,2025-09-11,fantástico
venecia plaza centro,ucrania,habitación doble estándar con vistas a la plaza del ayuntamiento,2,pareja,excepcional,,,10.0,2025-09-10,fantástico
venecia plaza centro,italia,habitación doble estándar con vistas a la plaza del ayuntamiento,4,pareja,excepcional,,,10.0,2025-09-09,fantástico
venecia plaza centro,italia,habitación cuádruple superior,4,familia,fantástico,,,9.0,2025-09-08,fantástico
venecia plaza centro,ucrania,habitación doble estándar con vistas a la plaza del ayuntamiento,1,pareja,excepcional,,,10.0,2025-09-08,fantástico
venecia plaza centro,polonia,habitación doble estándar con vistas a la plaza del ayuntamiento,2,pareja,excepcional,,,10.0,2025-09-08,fantástico
venecia plaza centro,italia,habitación cuádruple superior,2,familia,fantástico,,,9.0,2025-09-07,fantástico
venecia plaza centro,italia,habitación estándar,5,pareja,fantástico,,,9.0,2025-09-07,fantástico
venecia plaza centro,países bajos,habitación doble estándar con vistas a la plaza del ayuntamiento,3,grupo,fantástico,,,9.0,2025-09-05,fantástico
venecia plaza centro,italia,,3,familia,excepcional,,,10.0,2025-09-05,fantástico
venecia plaza centro,italia,habitación doble estándar con vistas a la plaza del ayuntamiento,3,pareja,muy bien,,,8.0,2025-09-05,fantástico
venecia plaza centro,italia,,6,familia,fantástico,,,9.0,2025-09-05,fantástico
venecia plaza centro,bélgica,habitación cuádruple estándar,1,familia,fantástico,,,9.0,2025-09-05,fantástico
venecia plaza centro,francia,,1,familia,excepcional,,,10.0,2025-09-04,fantástico
venecia plaza centro,italia,,2,familia,fantástico,,,9.0,2025-09-02,fantástico
venecia plaza centro,italia,,1,grupo,"ottima posizione, molto pulita e staff accogliente. consigliatissima",,,10.0,2025-09-02,fantástico
venecia plaza centro,italia,habitación doble estándar con vistas a la plaza del ayuntamiento,4,familia,fantástico,,,9.0,2025-09-01,fantástico
venecia plaza centro,italia,,3,familia,fantástico,,,9.0,2025-09-01,fantástico
venecia plaza centro,rumanía,habitación estándar,4,persona que viaja sola,excepcional,,,10.0,2025-09-01,fantástico
venecia plaza centro,italia,,4,familia,muy bien,,,8.0,2025-08-31,fantástico
venecia plaza centro,italia,habitación cuádruple estándar,4,familia,fantástico,,,9.0,2025-08-31,fantástico
venecia plaza centro,dinamarca,habitación estándar,1,familia,fantástico,,,9.0,2025-08-31,fantástico
venecia plaza centro,italia,habitación estándar,5,pareja,excepcional,,,10.0,2025-08-30,fantástico
venecia plaza centro,italia,habitación estándar,6,pareja,excepcional,,,10.0,2025-08-30,fantástico
venecia plaza centro,italia,habitación triple económica con vistas al patio interior,2,grupo,excepcional,,,10.0,2025-08-29,fantástico
venecia plaza centro,italia,habitación triple económica con vistas al patio interior,3,familia,excepcional,,,10.0,2025-08-29,fantástico
venecia plaza centro,italia,,2,grupo,fantástico,,,9.0,2025-08-28,fantástico
venecia plaza centro,italia,habitación triple económica con vistas al patio interior,3,grupo,excepcional,,,10.0,2025-08-27,fantástico
venecia plaza centro,países bajos,habitación doble estándar con vistas a la plaza del ayuntamiento,7,familia,fantástico,,,9.0,2025-08-25,fantástico
venecia plaza centro,bélgica,,4,familia,fantástico,,,9.0,2025-08-25,fantástico
venecia plaza centro,bulgaria,habitación cuádruple superior,1,familia,fantástico,,,9.0,2025-08-24,fantástico
venecia plaza centro,polonia,,3,pareja,fantástico,,,9.0,2025-08-24,fantástico
venecia plaza centro,italia,habitación triple superior,7,grupo,fantástico,,,9.0,2025-08-23,fantástico
venecia plaza centro,bulgaria,habitación estándar,4,familia,excepcional,,,10.0,2025-08-23,fantástico
venecia plaza centro,italia,habitación doble estándar con vistas a la plaza del ayuntamiento,6,pareja,fantástico,,,9.0,2025-08-23,fantástico
venecia plaza centro,dinamarca,habitación doble estándar con vistas a la plaza del ayuntamiento,7,pareja,fantástico,,,9.0,2025-08-23,fantástico
venecia plaza centro,italia,habitación doble estándar con vistas a la plaza del ayuntamiento,4,familia,excepcional,,,10.0,2025-08-21,fantástico
venecia plaza centro,italia,habitación doble estándar con vistas a la plaza del ayuntamiento,3,familia,fantástico,,,9.0,2025-08-21,fantástico
venecia plaza centro,francia,habitación doble estándar con vistas a la plaza del ayuntamiento,2,pareja,fantástico,,,9.0,2025-08-20,fantástico
venecia plaza centro,italia,habitación cuádruple económica sin vistas,4,familia,excepcional,,,10.0,2025-08-19,fantástico
venecia plaza centro,países bajos,habitación doble estándar con vistas a la plaza del ayuntamiento,4,grupo,excepcional,,,10.0,2025-08-19,fantástico
venecia plaza centro,brasil,habitación cuádruple estándar,3,familia,excepcional,,,10.0,2025-08-18,fantástico
venecia plaza centro,italia,habitación estándar,9,pareja,excepcional,,,10.0,2025-08-18,fantástico
venecia plaza centro,italia,habitación estándar,6,pareja,fantástico,,,9.0,2025-08-18,fantástico
venecia plaza centro,países bajos,habitación triple económica con vistas al patio interior,2,familia,fantástico,,,9.0,2025-08-18,fantástico
venecia plaza centro,francia,,1,pareja,fantástico,,,9.0,2025-08-17,fantástico
venecia plaza centro,españa,habitación cuádruple superior,1,familia,digne d un 4 étoiles,,,10.0,2025-08-16,fantástico
venecia plaza centro,turquía,,1,pareja,excepcional,,,10.0,2025-08-16,fantástico
venecia plaza centro,hungría,habitación estándar,3,pareja,fantástico,,,9.0,2025-08-16,fantástico
venecia plaza centro,georgia,,2,familia,excepcional,,,10.0,2025-08-14,fantástico
venecia plaza centro,italia,,5,grupo,fantástico,,,9.0,2025-08-14,fantástico
venecia plaza centro,alemania,,2,familia,excepcional,,,10.0,2025-08-13,fantástico
venecia plaza centro,brasil,,2,familia,excepcional,,,10.0,2025-08-12,fantástico
venecia plaza centro,turquía,,1,pareja,excepcional,,,10.0,2025-08-12,fantástico
venecia plaza centro,italia,,1,grupo,muy bien,,,8.0,2025-08-12,fantástico
venecia plaza centro,italia,habitación estándar,5,grupo,fantástico,,,9.0,2025-08-12,fantástico
venecia plaza centro,italia,habitación estándar,2,pareja,muy bien,,,8.0,2025-08-12,fantástico
venecia plaza centro,países bajos,,4,familia,muy bien,,,8.0,2025-08-11,fantástico
venecia plaza centro,italia,habitación estándar,7,pareja,fantástico,,,9.0,2025-08-11,fantástico
venecia plaza centro,austria,habitación cuádruple superior,1,familia,fantástico,,,9.0,2025-08-10,fantástico
venecia plaza centro,italia,,4,persona que viaja sola,fantástico,,,9.0,2025-08-09,fantástico
venecia plaza centro,italia,,1,familia,excepcional,,,10.0,2025-08-07,fantástico
venecia plaza centro,italia,habitación cuádruple superior,1,persona que viaja sola,fantástico,,,9.0,2025-08-06,fantástico
venecia plaza centro,uzbekistán,,2,persona que viaja sola,excepcional,,,10.0,2025-08-05,fantástico
venecia plaza centro,italia,habitación estándar,5,pareja,fantástico,,,9.0,2025-08-04,fantástico
venecia plaza centro,grecia,,1,familia,fantástico,,,9.0,2025-08-04,fantástico
venecia plaza centro,italia,,4,pareja,fantástico,,,9.0,2025-08-03,fantástico
venecia plaza centro,bélgica,habitación estándar,2,familia,excepcional,,,10.0,2025-08-02,fantástico
venecia plaza centro,brasil,,2,familia,excepcional,,,10.0,2025-08-02,fantástico
venecia plaza centro,italia,habitación estándar,3,persona que viaja sola,excepcional,,,10.0,2025-08-01,fantástico
venecia plaza centro,italia,habitación estándar,3,pareja,fantástico,,,9.0,2025-07-31,fantástico
venecia plaza centro,rusia,habitación doble estándar con vistas a la plaza del ayuntamiento,2,pareja,excepcional,,,10.0,2025-07-31,fantástico
venecia plaza centro,países bajos,habitación cuádruple económica sin vistas,1,familia,excepcional,,,10.0,2025-07-31,fantástico
venecia plaza centro,francia,,2,pareja,excepcional,,,10.0,2025-07-31,fantástico
venecia plaza centro,italia,habitación estándar,4,pareja,muy bien,,,8.0,2025-07-30,fantástico
venecia plaza centro,italia,,1,familia,excepcional,,,10.0,2025-07-29,fantástico
venecia plaza centro,polonia,,3,grupo,excepcional,,,10.0,2025-07-29,fantástico
venecia plaza centro,ucrania,habitación estándar,1,grupo,excepcional,,,10.0,2025-07-28,fantástico
venecia plaza centro,italia,habitación estándar,1,familia,fantástico,,,9.0,2025-07-28,fantástico
venecia plaza centro,brasil,habitación cuádruple estándar,2,familia,excepcional,,,10.0,2025-07-27,fantástico
venecia plaza centro,polonia,habitación cuádruple estándar,6,familia,excepcional,,,10.0,2025-07-26,fantástico
venecia plaza centro,países bajos,habitación estándar,3,familia,fantástico,,,9.0,2025-07-26,fantástico
venecia plaza centro,países bajos,habitación cuádruple superior,1,familia,excepcional,,,10.0,2025-07-25,fantástico
venecia plaza centro,austria,,7,persona que viaja sola,excepcional,,,10.0,2025-07-25,fantástico
venecia plaza centro,italia,habitación estándar,2,familia,fantástico,,,9.0,2025-07-25,fantástico
venecia plaza centro,brasil,,2,familia,excepcional,,,10.0,2025-07-24,fantástico
venecia plaza centro,suiza,habitación triple superior,3,grupo,excepcional,,,10.0,2025-07-23,fantástico
venecia plaza centro,francia,habitación estándar,1,familia,fantástico,,,9.0,2025-07-23,fantástico
venecia plaza centro,israel,habitación doble estándar con vistas a la plaza del ayuntamiento,1,pareja,fantástico,,,9.0,2025-07-23,fantástico
venecia plaza centro,china,habitación estándar,1,pareja,fantástico,,,9.0,2025-07-22,fantástico
venecia plaza centro,italia,habitación cuádruple económica sin vistas,1,familia,fantástico,,,9.0,2025-07-22,fantástico
venecia plaza centro,italia,habitación doble estándar con vistas a la plaza del ayuntamiento,4,pareja,fantástico,,,9.0,2025-07-21,fantástico
venecia plaza centro,españa,,1,pareja,excel.lent,,,10.0,2025-07-20,fantástico
venecia plaza centro,italia,habitación doble estándar con vistas a la plaza del ayuntamiento,5,pareja,excepcional,,,10.0,2025-07-20,fantástico
venecia plaza centro,italia,habitación triple superior,3,grupo,excepcional,,,10.0,2025-07-20,fantástico
venecia plaza centro,suiza,,2,pareja,muy bien,,,8.0,2025-07-20,fantástico
venecia plaza centro,países bajos,,3,familia,fantástico,,,9.0,2025-07-20,fantástico
venecia plaza centro,francia,habitación cuádruple estándar,1,familia,fantástico,,,9.0,2025-07-19,fantástico
venecia plaza centro,italia,habitación estándar,3,grupo,fantástico,,,9.0,2025-07-19,fantástico
venecia plaza centro,suiza,habitación estándar,1,persona que viaja sola,excepcional,,,10.0,2025-07-19,fantástico
venecia plaza centro,suecia,,1,familia,excepcional,,,10.0,2025-07-17,fantástico
venecia plaza centro,italia,,3,familia,fantástico,,,9.0,2025-07-17,fantástico
venecia plaza centro,turquía,habitación estándar,2,familia,excepcional,,,10.0,2025-07-16,fantástico
venecia plaza centro,brasil,,1,grupo,excepcional,,,10.0,2025-07-16,fantástico
venecia plaza centro,países bajos,habitación estándar,4,grupo,excepcional,,,10.0,2025-07-14,fantástico
venecia plaza centro,suecia,habitación cuádruple superior,2,familia,fantástico,,,9.0,2025-07-14,fantástico
venecia plaza centro,rumanía,,1,familia,excepcional,,,10.0,2025-07-14,fantástico
venecia plaza centro,suiza,habitación estándar,1,persona que viaja sola,fantástico,,,9.0,2025-07-14,fantástico
venecia plaza centro,bélgica,habitación cuádruple económica sin vistas,2,familia,fantástico,,,9.0,2025-07-13,fantástico
venecia plaza centro,italia,habitación triple económica con vistas al patio interior,3,grupo,excepcional,,,10.0,2025-07-13,fantástico
venecia plaza centro,países bajos,habitación doble estándar con vistas a la plaza del ayuntamiento,5,pareja,fantástico,,,9.0,2025-07-13,fantástico
venecia plaza centro,austria,,5,familia,excepcional,,,10.0,2025-07-12,fantástico
venecia plaza centro,turquía,,2,familia,excepcional,,,10.0,2025-07-11,fantástico
venecia plaza centro,italia,habitación cuádruple económica sin vistas,1,familia,excepcional,,,10.0,2025-07-10,fantástico
venecia plaza centro,italia,,1,grupo,fantástico,,,9.0,2025-07-10,fantástico
venecia plaza centro,italia,habitación doble estándar con vistas a la plaza del ayuntamiento,4,pareja,excepcional,,,10.0,2025-07-10,fantástico
venecia plaza centro,alemania,habitación cuádruple económica sin vistas,3,grupo,sehr zufrieden. sauber und doch viel platz für ein zimmer mit 4 personen. gerne wieder,,,9.0,2025-07-10,fantástico
venecia plaza centro,luxemburgo,habitación cuádruple estándar,1,grupo,excepcional,,,10.0,2025-07-08,fantástico
venecia plaza centro,luxemburgo,habitación triple económica con vistas al patio interior,1,grupo,excepcional,,,10.0,2025-07-08,fantástico
venecia plaza centro,polonia,,2,pareja,excepcional,,,10.0,2025-07-08,fantástico
venecia plaza centro,italia,habitación cuádruple económica sin vistas,3,familia,excepcional,,,10.0,2025-07-07,fantástico
venecia plaza centro,bélgica,habitación estándar,4,grupo,dit hotel is zeker een aanrader !,,,10.0,2025-07-07,fantástico
venecia plaza centro,países bajos,habitación doble estándar con vistas a la plaza del ayuntamiento,4,pareja,fantástico,,,9.0,2025-07-07,fantástico
venecia plaza centro,italia,,4,familia,fantástico,,,9.0,2025-07-06,fantástico
venecia plaza centro,suiza,habitación cuádruple económica sin vistas,3,grupo,fantástico,,,9.0,2025-07-06,fantástico
venecia plaza centro,países bajos,habitación estándar,3,grupo,fantástico,,,9.0,2025-07-03,fantástico
venecia plaza centro,italia,,2,familia,muy bien,,,8.0,2025-07-02,fantástico
venecia plaza centro,bélgica,,1,persona que viaja sola,excepcional,,,10.0,2025-07-02,fantástico
venecia plaza centro,países bajos,,3,pareja,excepcional,,,10.0,2025-07-02,fantástico
venecia plaza centro,suecia,habitación estándar,1,grupo,muy bien,,,8.0,2025-07-01,fantástico
venecia plaza centro,países bajos,habitación estándar,3,familia,fantástico,,,9.0,2025-06-30,fantástico
venecia plaza centro,italia,,2,pareja,fantástico,,,9.0,2025-06-29,fantástico
venecia plaza centro,alemania,habitación estándar,3,persona que viaja sola,excepcional,,,10.0,2025-06-29,fantástico
venecia plaza centro,italia,habitación doble estándar con vistas a la plaza del ayuntamiento,2,grupo,excepcional,,,10.0,2025-06-28,fantástico
venecia plaza centro,suiza,,1,grupo,excepcional,,,10.0,2025-06-26,fantástico
venecia plaza centro,francia,habitación estándar,1,familia,excepcional,,,10.0,2025-06-25,fantástico
venecia plaza centro,italia,,1,grupo,excepcional,,,10.0,2025-06-24,fantástico
venecia plaza centro,francia,habitación estándar,3,persona que viaja sola,fantástico,,,9.0,2025-06-24,fantástico
venecia plaza centro,australia,,3,pareja,excepcional,,,10.0,2025-06-24,fantástico
venecia plaza centro,brasil,habitación estándar,1,pareja,excepcional,,,10.0,2025-06-23,fantástico
venecia plaza centro,italia,habitación estándar,2,pareja,excepcional,,,10.0,2025-06-23,fantástico
venecia plaza centro,italia,habitación doble estándar con vistas a la plaza del ayuntamiento,1,familia,muy bien,,,8.0,2025-06-23,fantástico
venecia plaza centro,bélgica,habitación cuádruple estándar,2,familia,excepcional,,,10.0,2025-06-22,fantástico
venecia plaza centro,italia,habitación estándar,2,pareja,fantástico,,,9.0,2025-06-22,fantástico
venecia plaza centro,italia,habitación triple económica con vistas al patio interior,2,persona que viaja sola,fantástico,,,9.0,2025-06-22,fantástico
venecia plaza centro,italia,habitación estándar,4,grupo,excepcional,,,10.0,2025-06-21,fantástico
venecia plaza centro,italia,habitación triple económica con vistas al patio interior,5,pareja,excepcional,,,10.0,2025-06-21,fantástico
venecia plaza centro,brasil,habitación estándar,2,pareja,excepcional,,,10.0,2025-06-21,fantástico
venecia plaza centro,brasil,habitación estándar,3,pareja,excepcional,,,10.0,2025-06-21,fantástico
venecia plaza centro,italia,habitación cuádruple económica sin vistas,4,familia,fantástico,,,9.0,2025-06-21,fantástico
venecia plaza centro,italia,,2,familia,fantástico,,,9.0,2025-06-20,fantástico
venecia plaza centro,italia,habitación cuádruple superior,4,familia,excepcional,,,10.0,2025-06-20,fantástico
venecia plaza centro,alemania,,4,familia,fantástico,,,9.0,2025-06-19,fantástico
venecia plaza centro,luxemburgo,,1,pareja,excepcional,,,10.0,2025-06-18,fantástico
venecia plaza centro,azerbaiyán,,1,pareja,excepcional,,,10.0,2025-06-16,fantástico
venecia plaza centro,italia,,4,familia,muy bien,,,8.0,2025-06-16,fantástico
venecia plaza centro,italia,habitación cuádruple superior,2,familia,excepcional,,,10.0,2025-06-15,fantástico
venecia plaza centro,suiza,habitación estándar,3,persona que viaja sola,excepcional,,,10.0,2025-06-15,fantástico
venecia plaza centro,italia,habitación cuádruple económica sin vistas,3,familia,muy bien,,,8.0,2025-06-14,fantástico
venecia plaza centro,italia,,2,pareja,excepcional,,,10.0,2025-06-14,fantástico
venecia plaza centro,españa,habitación doble estándar con vistas a la plaza del ayuntamiento,1,pareja,excepcional,,,10.0,2025-06-14,fantástico
venecia plaza centro,países bajos,habitación estándar,3,pareja,fantástico,,,9.0,2025-06-14,fantástico
venecia plaza centro,italia,habitación cuádruple estándar,3,familia,excepcional,,,10.0,2025-06-14,fantástico
venecia plaza centro,turquía,habitación estándar,2,pareja,excepcional,,,10.0,2025-06-13,fantástico
venecia plaza centro,italia,habitación doble estándar con vistas a la plaza del ayuntamiento,2,familia,excepcional,,,10.0,2025-06-13,fantástico
venecia plaza centro,hungría,,3,pareja,excepcional,,,10.0,2025-06-11,fantástico
venecia plaza centro,turquía,,3,familia,fantástico,,,9.0,2025-06-10,fantástico
venecia plaza centro,marruecos,,3,familia,muy bien,,,8.0,2025-06-10,fantástico
venecia plaza centro,eslovaquia,habitación cuádruple superior,3,familia,excepcional,,,10.0,2025-06-08,fantástico
venecia plaza centro,portugal,,2,pareja,excepcional,,,10.0,2025-06-08,fantástico
venecia plaza centro,dinamarca,habitación doble estándar con vistas a la plaza del ayuntamiento,4,pareja,fantástico,,,9.0,2025-06-06,fantástico
venecia plaza centro,rumanía,,4,familia,excepcional,,,10.0,2025-06-06,fantástico
venecia plaza centro,italia,,2,pareja,fantástico,,,9.0,2025-06-05,fantástico
venecia plaza centro,italia,habitación cuádruple estándar,3,familia,excepcional,,,10.0,2025-06-05,fantástico
venecia plaza centro,italia,habitación triple económica con vistas al patio interior,1,familia,excepcional,,,10.0,2025-06-05,fantástico
venecia plaza centro,españa,,1,persona que viaja sola,fabuloso,,,10.0,2025-06-04,fantástico
venecia plaza centro,italia,habitación cuádruple estándar,4,familia,fantástico,,,9.0,2025-06-04,fantástico
venecia plaza centro,alemania,habitación estándar,2,grupo,muy bien,,,8.0,2025-06-03,fantástico
venecia plaza centro,italia,,2,pareja,excepcional,,,10.0,2025-06-03,fantástico
venecia plaza centro,italia,,3,familia,excepcional,,,10.0,2025-06-02,fantástico
venecia plaza centro,italia,habitación estándar,3,pareja,muy bien,,,8.0,2025-05-31,fantástico
venecia plaza centro,italia,habitación cuádruple estándar,4,familia,excepcional,,,10.0,2025-05-27,fantástico
venecia plaza centro,bélgica,habitación estándar,3,familia,super verblijf in een heel goed hotel,,,9.0,2025-05-27,fantástico
venecia plaza centro,polonia,,3,familia,fantástico,,,9.0,2025-05-26,fantástico
venecia plaza centro,italia,,4,familia,fantástico,,,9.0,2025-05-26,fantástico
venecia plaza centro,italia,habitación cuádruple estándar,2,familia,muy bien,,,8.0,2025-05-25,fantástico
venecia plaza centro,italia,habitación estándar,3,familia,muy bien,,,8.0,2025-05-25,fantástico
venecia plaza centro,españa,,2,grupo,excepcional,,,10.0,2025-05-24,fantástico
venecia plaza centro,italia,habitación cuádruple económica sin vistas,2,familia,fantástico,,,9.0,2025-05-24,fantástico
venecia plaza centro,eslovenia,habitación cuádruple superior,3,familia,excepcional,,,10.0,2025-05-24,fantástico
venecia plaza centro,países bajos,habitación doble estándar con vistas a la plaza del ayuntamiento,3,grupo,muy bien,,,8.0,2025-05-23,fantástico
venecia plaza centro,alemania,,4,grupo,excepcional,,,10.0,2025-05-23,fantástico
venecia plaza centro,países bajos,habitación doble estándar con vistas a la plaza del ayuntamiento,3,familia,excepcional,,,10.0,2025-05-21,fantástico
venecia plaza centro,austria,,1,pareja,fantástico,,,9.0,2025-05-21,fantástico
venecia plaza centro,austria,,5,pareja,fantástico,,,9.0,2025-05-21,fantástico
venecia plaza centro,italia,habitación doble estándar con vistas a la plaza del ayuntamiento,5,familia,fantástico,,,9.0,2025-05-20,fantástico
venecia plaza centro,ucrania,habitación doble estándar con vistas a la plaza del ayuntamiento,4,pareja,excepcional,,,10.0,2025-05-19,fantástico
venecia plaza centro,hungría,,2,pareja,excepcional,,,10.0,2025-05-19,fantástico
venecia plaza centro,brasil,habitación triple superior,1,familia,excepcional,,,10.0,2025-05-18,fantástico
venecia plaza centro,italia,,3,familia,excepcional,,,10.0,2025-05-17,fantástico
venecia plaza centro,alemania,habitación doble estándar con vistas a la plaza del ayuntamiento,3,pareja,fantástico,,,9.0,2025-05-15,fantástico
venecia plaza centro,países bajos,habitación cuádruple superior,2,grupo,excepcional,,,10.0,2025-05-13,fantástico
venecia plaza centro,suiza,,1,pareja,fantástico,,,9.0,2025-05-13,fantástico
venecia plaza centro,francia,habitación estándar,1,pareja,excepcional,,,10.0,2025-05-12,fantástico
venecia plaza centro,países bajos,,1,familia,excepcional,,,10.0,2025-05-12,fantástico
venecia plaza centro,suiza,,1,pareja,fantástico,,,9.0,2025-05-11,fantástico
venecia plaza centro,italia,habitación doble estándar con vistas a la plaza del ayuntamiento,4,pareja,excepcional,,,10.0,2025-05-10,fantástico
venecia plaza centro,luxemburgo,habitación cuádruple estándar,1,grupo,excepcional,,,10.0,2025-05-10,fantástico
venecia plaza centro,grecia,,1,familia,excepcional,,,10.0,2025-05-10,fantástico
venecia plaza centro,italia,habitación doble estándar con vistas a la plaza del ayuntamiento,1,pareja,fantástico,,,9.0,2025-05-10,fantástico
venecia plaza centro,alemania,habitación doble estándar con vistas a la plaza del ayuntamiento,1,pareja,muy bien,,,8.0,2025-05-10,fantástico
venecia plaza centro,italia,habitación cuádruple estándar,3,familia,excepcional,,,10.0,2025-05-09,fantástico
venecia plaza centro,países bajos,,4,pareja,muy bien,,,8.0,2025-05-09,fantástico
venecia plaza centro,países bajos,,3,familia,fantástico,,,9.0,2025-05-09,fantástico
venecia plaza centro,alemania,,4,familia,excepcional,,,10.0,2025-05-09,fantástico
venecia plaza centro,italia,habitación estándar,3,persona que viaja sola,excepcional,,,10.0,2025-05-08,fantástico
venecia plaza centro,italia,,2,familia,excepcional,,,10.0,2025-05-07,fantástico
venecia plaza centro,países bajos,habitación cuádruple estándar,3,familia,muy bien,,,8.0,2025-05-07,fantástico
venecia plaza centro,italia,,3,familia,excepcional,,,10.0,2025-05-07,fantástico
venecia plaza centro,italia,habitación estándar,2,grupo,fantástico,,,9.0,2025-05-07,fantástico
venecia plaza centro,italia,habitación estándar,3,grupo,fantástico,,,9.0,2025-05-07,fantástico
venecia plaza centro,italia,,2,pareja,excepcional,,,10.0,2025-05-07,fantástico
venecia plaza centro,corea del sur,habitación estándar,1,grupo,excepcional,,,10.0,2025-05-06,fantástico
venecia plaza centro,austria,,3,grupo,excepcional,,,10.0,2025-05-06,fantástico
venecia plaza centro,italia,habitación cuádruple superior,4,familia,excepcional,,,10.0,2025-05-05,fantástico
venecia plaza centro,italia,habitación doble estándar con vistas a la plaza del ayuntamiento,3,familia,excepcional,,,10.0,2025-05-03,fantástico
venecia plaza centro,francia,habitación cuádruple superior,3,familia,super emplacement et bon très rapport qualité-prix,,,9.0,2025-05-02,fantástico
venecia plaza centro,países bajos,,4,familia,fantástico,,,9.0,2025-05-02,fantástico
venecia plaza centro,italia,habitación cuádruple superior,3,familia,fantástico,,,9.0,2025-05-02,fantástico
venecia plaza centro,polonia,habitación estándar,1,pareja,muy bien,,,8.0,2025-05-02,fantástico
venecia plaza centro,alemania,habitación estándar,5,pareja,muy bien,,,8.0,2025-05-02,fantástico
venecia plaza centro,francia,habitación doble estándar con vistas a la plaza del ayuntamiento,1,familia,fantástico,,,9.0,2025-05-02,fantástico
venecia plaza centro,italia,habitación cuádruple superior,3,familia,excepcional,,,10.0,2025-05-01,fantástico
venecia plaza centro,alemania,,5,grupo,fantástico,,,9.0,2025-05-01,fantástico
venecia plaza centro,noruega,,2,pareja,fantástico,,,9.0,2025-04-30,fantástico
venecia plaza centro,italia,,2,familia,excepcional,,,10.0,2025-04-30,fantástico
venecia plaza centro,noruega,habitación triple económica con vistas al patio interior,4,familia,excepcional,,,10.0,2025-04-29,fantástico
venecia plaza centro,francia,,1,pareja,fantástico,,,9.0,2025-04-29,fantástico
venecia plaza centro,bélgica,habitación doble estándar con vistas a la plaza del ayuntamiento,4,pareja,kon niet beter,,,9.0,2025-04-29,fantástico
venecia plaza centro,bulgaria,,3,familia,excepcional,,,10.0,2025-04-28,fantástico
venecia plaza centro,suiza,,4,familia,fantástico,,,9.0,2025-04-27,fantástico
venecia plaza centro,suiza,,4,familia,fantástico,,,9.0,2025-04-27,fantástico
venecia plaza centro,italia,habitación cuádruple superior,3,familia,excepcional,,,10.0,2025-04-27,fantástico
venecia plaza centro,países bajos,habitación cuádruple superior,5,familia,fantástico,,,9.0,2025-04-26,fantástico
venecia plaza centro,países bajos,habitación cuádruple estándar,1,familia,fantástico,,,9.0,2025-04-26,fantástico
venecia plaza centro,italia,habitación estándar,3,familia,fantástico,,,9.0,2025-04-26,fantástico
venecia plaza centro,alemania,habitación estándar,1,persona que viaja sola,muy bien,,,8.0,2025-04-24,fantástico
venecia plaza centro,países bajos,habitación doble estándar con vistas a la plaza del ayuntamiento,4,pareja,muy bien,,,8.0,2025-04-23,fantástico
venecia plaza centro,austria,,6,pareja,muy bien,,,8.0,2025-04-23,fantástico
venecia plaza centro,eslovenia,habitación doble estándar con vistas a la plaza del ayuntamiento,2,persona que viaja sola,fantástico,,,9.0,2025-04-21,fantástico
venecia plaza centro,suecia,habitación triple superior,4,familia,excepcional,,,10.0,2025-04-21,fantástico
venecia plaza centro,italia,habitación doble estándar con vistas a la plaza del ayuntamiento,3,familia,excepcional,,,10.0,2025-04-21,fantástico
venecia plaza centro,bélgica,,3,pareja,fantástico,,,9.0,2025-04-20,fantástico
venecia plaza centro,suiza,habitación doble estándar con vistas a la plaza del ayuntamiento,5,pareja,fantástico,,,9.0,2025-04-20,fantástico
venecia plaza centro,italia,habitación estándar,3,pareja,fantástico,,,9.0,2025-04-19,fantástico
venecia plaza centro,países bajos,,3,pareja,muy bien,,,8.0,2025-04-18,fantástico
venecia plaza centro,israel,habitación doble estándar con vistas a la plaza del ayuntamiento,1,pareja,fantástico,,,9.0,2025-04-16,fantástico
venecia plaza centro,portugal,habitación doble estándar con vistas a la plaza del ayuntamiento,3,familia,muy bien,,,8.0,2025-04-16,fantástico
venecia plaza centro,turquía,habitación estándar,2,persona que viaja sola,fantástico,,,9.0,2025-04-15,fantástico
venecia plaza centro,países bajos,habitación cuádruple superior,3,familia,muy bien,,,8.0,2025-04-15,fantástico
venecia plaza centro,italia,habitación doble estándar con vistas a la plaza del ayuntamiento,3,pareja,"bellissimo hotel, noi abbiamo scelto la vista sulla piazza che è meravigliosa",,,10.0,2025-04-13,fantástico
venecia plaza centro,polonia,,2,grupo,excepcional,,,10.0,2025-04-13,fantástico
venecia plaza centro,italia,habitación estándar,3,pareja,excepcional,,,10.0,2025-04-12,fantástico
venecia plaza centro,suiza,habitación doble estándar con vistas a la plaza del ayuntamiento,5,familia,muy bien,,,8.0,2025-04-11,fantástico
venecia plaza centro,hungría,habitación estándar,2,pareja,fantástico,,,9.0,2025-04-11,fantástico
venecia plaza centro,francia,,1,pareja,excepcional,,,10.0,2025-04-11,fantástico
venecia plaza centro,suiza,habitación doble estándar con vistas a la plaza del ayuntamiento,4,pareja,excepcional,,,10.0,2025-04-08,fantástico
venecia plaza centro,países bajos,habitación doble estándar con vistas a la plaza del ayuntamiento,2,pareja,fantástico,,,9.0,2025-04-08,fantástico
venecia plaza centro,italia,habitación cuádruple estándar,3,familia,muy bien,,,8.0,2025-04-08,fantástico
venecia plaza centro,países bajos,habitación cuádruple estándar,2,familia,fantástico,,,9.0,2025-04-08,fantástico
venecia plaza centro,países bajos,habitación estándar,3,pareja,"fantastische locatie. zeer mooie, schone en goed ingerichte kamer. geweldig verblijf voor herhaling vatbaar.",,,9.0,2025-04-06,fantástico
venecia plaza centro,italia,habitación estándar,2,familia,excepcional,,,10.0,2025-04-06,fantástico
venecia plaza centro,italia,habitación estándar,2,familia,muy bien,,,8.0,2025-04-05,fantástico
venecia plaza centro,países bajos,,2,familia,muy bien,,,8.0,2025-04-04,fantástico
venecia plaza centro,alemania,habitación doble estándar con vistas a la plaza del ayuntamiento,2,pareja,fantástico,,,9.0,2025-04-03,fantástico
venecia plaza centro,finlandia,,3,grupo,fantástico,,,9.0,2025-04-03,fantástico
venecia plaza centro,italia,habitación estándar,3,pareja,excepcional,,,10.0,2025-04-02,fantástico
venecia plaza centro,españa,habitación estándar,1,persona que viaja sola,excepcional,,,10.0,2025-04-01,fantástico
venecia plaza centro,italia,,2,familia,excepcional,,,10.0,2025-03-31,fantástico
venecia plaza centro,brasil,habitación estándar,3,pareja,excepcional,,,10.0,2025-03-31,fantástico
venecia plaza centro,españa,habitación doble estándar con vistas a la plaza del ayuntamiento,1,pareja,fantástico,,,9.0,2025-03-31,fantástico
venecia plaza centro,bosnia y herzegovina,habitación doble estándar con vistas a la plaza del ayuntamiento,3,pareja,excepcional,,,10.0,2025-03-30,fantástico
venecia plaza centro,bélgica,habitación estándar,4,familia,muy bien,,,8.0,2025-03-30,fantástico
venecia plaza centro,italia,habitación cuádruple estándar,3,familia,fantastica,,,10.0,2025-03-30,fantástico
venecia plaza centro,países bajos,habitación doble estándar con vistas a la plaza del ayuntamiento,3,grupo,fantástico,,,9.0,2025-03-30,fantástico
venecia plaza centro,bélgica,habitación estándar,4,familia,muy bien,,,8.0,2025-03-29,fantástico
venecia plaza centro,noruega,,3,grupo,muy bien,,,8.0,2025-03-29,fantástico
venecia plaza centro,letonia,habitación estándar,1,persona que viaja sola,excepcional,,,10.0,2025-03-27,fantástico
venecia plaza centro,suiza,,3,pareja,fantástico,,,9.0,2025-03-24,fantástico
venecia plaza centro,alemania,,3,pareja,fantástico,,,9.0,2025-03-21,fantástico
venecia plaza centro,italia,,5,familia,excepcional,,,10.0,2025-03-20,fantástico
venecia plaza centro,italia,habitación cuádruple estándar,3,familia,fantástico,,,9.0,2025-03-15,fantástico
venecia plaza centro,países bajos,habitación cuádruple superior,4,grupo,excepcional,,,10.0,2025-03-12,fantástico
venecia plaza centro,italia,habitación cuádruple estándar,3,familia,excepcional,,,10.0,2025-03-12,fantástico
venecia plaza centro,italia,,3,familia,excepcional,,,10.0,2025-03-12,fantástico
venecia plaza centro,alemania,habitación estándar,2,pareja,excepcional,,,10.0,2025-03-09,fantástico
venecia plaza centro,italia,,2,familia,excepcional,,,10.0,2025-03-08,fantástico
venecia plaza centro,italia,habitación estándar,2,familia,fantástico,,,9.0,2025-03-07,fantástico
venecia plaza centro,alemania,habitación estándar,3,persona que viaja sola,excepcional,,,10.0,2025-03-06,fantástico
venecia plaza centro,bulgaria,,2,pareja,excepcional,,,10.0,2025-03-06,fantástico
venecia plaza centro,suiza,habitación triple superior,3,familia,excepcional,,,10.0,2025-03-04,fantástico
venecia plaza centro,francia,habitación estándar,1,persona que viaja sola,excepcional,,,10.0,2025-03-03,fantástico
venecia plaza centro,italia,habitación cuádruple económica sin vistas,5,familia,excepcional,,,10.0,2025-03-03,fantástico
venecia plaza centro,alemania,habitación estándar,3,pareja,excepcional,,,10.0,2025-03-01,fantástico
venecia plaza centro,italia,habitación estándar,3,pareja,excepcional,,,10.0,2025-03-01,fantástico
venecia plaza centro,ucrania,,3,pareja,fantástico,,,9.0,2025-03-01,fantástico
venecia plaza centro,turquía,habitación cuádruple superior,3,persona que viaja sola,fantástico,,,9.0,2025-03-01,fantástico
venecia plaza centro,italia,habitación estándar,2,pareja,fantástico,,,9.0,2025-02-28,fantástico
venecia plaza centro,ucrania,habitación estándar,1,pareja,fantástico,,,9.0,2025-02-27,fantástico
venecia plaza centro,méxico,habitación cuádruple superior,1,familia,excepcional,,,10.0,2025-02-25,fantástico
venecia plaza centro,italia,habitación triple económica con vistas al patio interior,2,familia,excepcional,,,10.0,2025-02-24,fantástico
venecia plaza centro,países bajos,,1,grupo,goede bedden en ligging,,,8.0,2025-02-24,fantástico
venecia plaza centro,italia,habitación doble estándar con vistas a la plaza del ayuntamiento,2,grupo,excepcional,,,10.0,2025-02-24,fantástico
venecia plaza centro,alemania,habitación doble estándar con vistas a la plaza del ayuntamiento,1,persona que viaja sola,fantástico,,,9.0,2025-02-22,fantástico
venecia plaza centro,francia,,5,familia,fantástico,,,9.0,2025-02-21,fantástico
venecia plaza centro,italia,,2,grupo,muy bien,,,8.0,2025-02-20,fantástico
venecia plaza centro,francia,,1,pareja,muy bien,,,8.0,2025-02-20,fantástico
venecia plaza centro,alemania,habitación estándar,1,persona que viaja sola,excepcional,,,10.0,2025-02-19,fantástico
venecia plaza centro,italia,habitación cuádruple estándar,2,familia,excepcional,,,10.0,2025-02-18,fantástico
venecia plaza centro,italia,habitación estándar,3,pareja,excepcional,,,10.0,2025-02-18,fantástico
venecia plaza centro,países bajos,,2,pareja,fantástico,,,9.0,2025-02-17,fantástico
venecia plaza centro,corea del sur,habitación cuádruple superior,1,familia,excepcional,,,10.0,2025-02-17,fantástico
venecia plaza centro,italia,,1,pareja,fantástico,,,9.0,2025-02-16,fantástico
venecia plaza centro,italia,habitación cuádruple prémium,1,grupo,excepcional,,,10.0,2025-02-16,fantástico
venecia plaza centro,bulgaria,,3,pareja,excepcional,,,10.0,2025-02-16,fantástico
venecia plaza centro,países bajos,habitación cuádruple superior,3,familia,excepcional,,,10.0,2025-02-16,fantástico
venecia plaza centro,méxico,habitación triple económica con vistas al patio interior,1,grupo,excepcional,,,10.0,2025-02-16,fantástico
venecia plaza centro,italia,habitación cuádruple estándar,5,familia,excepcional,,,10.0,2025-02-15,fantástico
venecia plaza centro,suiza,habitación doble estándar con vistas a la plaza del ayuntamiento,1,grupo,excepcional,,,10.0,2025-02-15,fantástico
venecia plaza centro,países bajos,,1,pareja,muy bien,,,8.0,2025-02-15,fantástico
venecia plaza centro,italia,habitación doble estándar con vistas a la plaza del ayuntamiento,4,pareja,excepcional,,,10.0,2025-02-15,fantástico
venecia plaza centro,italia,habitación cuádruple estándar,2,familia,excepcional,,,10.0,2025-02-13,fantástico
venecia plaza centro,italia,habitación doble estándar con vistas a la plaza del ayuntamiento,2,familia,fantástico,,,9.0,2025-02-13,fantástico
venecia plaza centro,francia,habitación doble estándar con vistas a la plaza del ayuntamiento,5,pareja,muy bien,,,8.0,2025-02-13,fantástico
venecia plaza centro,italia,,2,familia,fantástico,,,9.0,2025-02-11,fantástico
venecia plaza centro,brasil,habitación triple superior,2,familia,excelente,,,9.0,2025-02-11,fantástico
venecia plaza centro,italia,habitación estándar,1,familia,excepcional,,,10.0,2025-02-11,fantástico
venecia plaza centro,italia,habitación triple económica con vistas al patio interior,1,grupo,fantástico,,,9.0,2025-02-10,fantástico
venecia plaza centro,italia,habitación estándar,5,persona que viaja sola,fantástico,,,9.0,2025-02-08,fantástico
venecia plaza centro,china,habitación doble estándar con vistas a la plaza del ayuntamiento,2,persona que viaja sola,fantástico,,,9.0,2025-02-07,fantástico
venecia plaza centro,italia,habitación cuádruple estándar,3,familia,fantástico,,,9.0,2025-02-06,fantástico
venecia plaza centro,italia,habitación estándar,3,pareja,excepcional,,,10.0,2025-02-06,fantástico
venecia plaza centro,austria,,2,pareja,excepcional,,,10.0,2025-02-05,fantástico
venecia plaza centro,italia,habitación cuádruple estándar,3,familia,excepcional,,,10.0,2025-02-04,fantástico
venecia plaza centro,países bajos,habitación doble estándar con vistas a la plaza del ayuntamiento,4,grupo,fantástico,,,9.0,2025-02-04,fantástico
venecia plaza centro,taiwán,habitación estándar,2,familia,fantástico,,,9.0,2025-02-03,fantástico
venecia plaza centro,italia,habitación estándar,3,pareja,fantástico,,,9.0,2025-02-03,fantástico
venecia plaza centro,italia,habitación doble estándar con vistas a la plaza del ayuntamiento,4,grupo,excepcional,,,10.0,2025-02-02,fantástico
venecia plaza centro,países bajos,habitación doble estándar con vistas a la plaza del ayuntamiento,2,familia,excepcional,,,10.0,2025-01-30,fantástico
venecia plaza centro,francia,habitación cuádruple prémium,2,familia,excepcional,,,10.0,2025-01-30,fantástico
venecia plaza centro,portugal,habitación estándar,2,pareja,muy bien,,,8.0,2025-01-30,fantástico
venecia plaza centro,italia,,3,familia,excepcional,,,10.0,2025-01-29,fantástico
venecia plaza centro,brasil,,2,pareja,excepcional,,,10.0,2025-01-29,fantástico
venecia plaza centro,italia,habitación doble estándar con vistas a la plaza del ayuntamiento,5,pareja,muy bien,,,8.0,2025-01-28,fantástico
venecia plaza centro,italia,habitación estándar,1,pareja,excepcional,,,10.0,2025-01-28,fantástico
venecia plaza centro,francia,habitación doble estándar con vistas a la plaza del ayuntamiento,5,pareja,fantástico,,,9.0,2025-01-28,fantástico
venecia plaza centro,italia,habitación cuádruple estándar,2,familia,fantástico,,,9.0,2025-01-27,fantástico
venecia plaza centro,polonia,habitación estándar,3,pareja,excepcional,,,10.0,2025-01-27,fantástico
venecia plaza centro,países bajos,habitación estándar,4,pareja,fantástico,,,9.0,2025-01-27,fantástico
venecia plaza centro,italia,habitación individual económica,1,persona que viaja sola,fantástico,,,9.0,2025-01-27,fantástico
venecia plaza centro,marruecos,habitación doble estándar con vistas a la plaza del ayuntamiento,3,pareja,excepcional,,,10.0,2025-01-26,fantástico
venecia plaza centro,italia,habitación doble estándar con vistas a la plaza del ayuntamiento,3,pareja,excepcional,,,10.0,2025-01-24,fantástico
venecia plaza centro,noruega,habitación individual económica,3,persona que viaja sola,muy bien,,,8.0,2025-01-24,fantástico
venecia plaza centro,países bajos,habitación triple superior,3,grupo,fantástico,,,9.0,2025-01-24,fantástico
venecia plaza centro,marruecos,habitación individual económica,3,persona que viaja sola,excepcional,,,10.0,2025-01-23,fantástico
venecia plaza centro,suecia,habitación estándar,1,persona que viaja sola,excepcional,,,10.0,2025-01-23,fantástico
venecia plaza centro,ucrania,habitación doble deluxe - 1 o 2 camas,5,pareja,excepcional,,,10.0,2025-01-23,fantástico
venecia plaza centro,italia,habitación estándar,3,familia,excepcional,,,10.0,2025-01-22,fantástico
venecia plaza centro,españa,,1,pareja,excepcional,,,10.0,2025-01-20,fantástico
venecia plaza centro,alemania,,4,pareja,muy bien,,,8.0,2025-01-12,fantástico
venecia plaza centro,italia,habitación estándar,4,pareja,excepcional,,,10.0,2025-01-11,fantástico
venecia plaza centro,países bajos,,2,pareja,excepcional,,,10.0,2025-01-09,fantástico
venecia plaza centro,países bajos,habitación cuádruple prémium,3,familia,excepcional,,,10.0,2025-01-08,fantástico
venecia plaza centro,italia,habitación triple superior,4,familia,fantástico,,,9.0,2025-01-06,fantástico
venecia plaza centro,países bajos,,4,pareja,fantástico,,,9.0,2025-01-05,fantástico
venecia plaza centro,italia,habitación estándar,5,familia,fantástico,,,9.0,2025-01-04,fantástico
venecia plaza centro,italia,habitación estándar,1,grupo,excepcional,,,10.0,2025-01-04,fantástico
venecia plaza centro,italia,habitación estándar,2,pareja,excepcional,,,10.0,2025-01-03,fantástico
venecia plaza centro,suiza,habitación doble estándar con vistas a la plaza del ayuntamiento,2,pareja,muy bien,,,8.0,2025-01-03,fantástico
venecia plaza centro,italia,habitación estándar,1,pareja,excepcional,,,10.0,2025-01-02,fantástico
venecia plaza centro,alemania,habitación estándar,2,pareja,fantástico,,,9.0,2025-01-02,fantástico
venecia plaza centro,brasil,habitación cuádruple económica sin vistas,3,familia,fantástico,,,9.0,2025-01-01,fantástico
venecia plaza centro,españa,habitación cuádruple superior,1,familia,excepcional,,,10.0,2024-12-31,fantástico
venecia plaza centro,suiza,habitación estándar,3,persona que viaja sola,muy bien,,,8.0,2024-12-30,fantástico
venecia plaza centro,italia,habitación cuádruple superior,6,familia,fantástico,,,9.0,2024-12-29,fantástico
venecia plaza centro,alemania,,2,pareja,fantástico,,,9.0,2024-12-29,fantástico
venecia plaza centro,taiwán,,3,familia,fantástico,,,9.0,2024-12-29,fantástico
venecia plaza centro,alemania,habitación estándar,1,persona que viaja sola,fantástico,,,9.0,2024-12-29,fantástico
venecia plaza centro,alemania,suite superior,1,grupo,excepcional,,,10.0,2024-12-27,fantástico
venecia plaza centro,alemania,habitación estándar,1,familia,fantástico,,,9.0,2024-12-25,fantástico
venecia plaza centro,rumanía,habitación cuádruple superior,3,grupo,excepcional,,,10.0,2024-12-25,fantástico
venecia plaza centro,países bajos,habitación estándar,4,pareja,fantástico,,,9.0,2024-12-23,fantástico
venecia plaza centro,portugal,habitación cuádruple estándar,2,familia,excepcional,,,10.0,2024-12-22,fantástico
venecia plaza centro,francia,habitación estándar,3,familia,fantástico,,,9.0,2024-12-18,fantástico
venecia plaza centro,italia,habitación estándar,1,persona que viaja sola,excepcional,,,10.0,2024-12-16,fantástico
venecia plaza centro,italia,habitación triple superior,5,familia,excepcional,,,10.0,2024-12-15,fantástico
venecia plaza centro,países bajos,,1,pareja,fantástico,,,9.0,2024-12-15,fantástico
venecia plaza centro,alemania,habitación estándar,3,familia,fantástico,,,9.0,2024-12-15,fantástico
venecia plaza centro,alemania,habitación estándar,1,persona que viaja sola,excepcional,,,10.0,2024-12-14,fantástico
venecia plaza centro,alemania,habitación estándar,3,persona que viaja sola,excepcional,,,10.0,2024-12-14,fantástico
venecia plaza centro,italia,,2,familia,excepcional,,,10.0,2024-12-12,fantástico
venecia plaza centro,países bajos,habitación estándar,3,pareja,excepcional,,,10.0,2024-12-10,fantástico
venecia plaza centro,italia,habitación triple económica con vistas al patio interior,3,familia,excepcional,,,10.0,2024-12-10,fantástico
venecia plaza centro,turquía,,2,persona que viaja sola,muy bien,,,8.0,2024-12-10,fantástico
venecia plaza centro,austria,habitación estándar,2,persona que viaja sola,fantástico,,,9.0,2024-12-08,fantástico
venecia plaza centro,italia,,1,familia,fantástico,,,9.0,2024-12-07,fantástico
venecia plaza centro,suecia,,1,persona que viaja sola,riktigt bra rum med balkong kommer att bo här igen..,,,9.0,2024-12-06,fantástico
venecia plaza centro,brasil,habitación estándar,1,pareja,"tudo limpo, organizado, com espa o para deixar a mala num locker seguro.",,,10.0,2024-12-03,fantástico
venecia plaza centro,bulgaria,,4,pareja,excepcional,,,10.0,2024-11-28,fantástico
venecia plaza centro,malasia,,3,persona que viaja sola,muy bien,,,8.0,2024-11-27,fantástico
venecia plaza centro,hungría,habitación doble deluxe - 1 o 2 camas,3,familia,fantástico,,,9.0,2024-11-26,fantástico
venecia plaza centro,italia,habitación doble estándar con vistas a la plaza del ayuntamiento,1,pareja,excepcional,,,10.0,2024-11-24,fantástico
venecia plaza centro,italia,habitación estándar,4,familia,excepcional,,,10.0,2024-11-22,fantástico
venecia plaza centro,italia,habitación estándar,3,pareja,excepcional,,,10.0,2024-11-22,fantástico
venecia plaza centro,egipto,,2,pareja,excepcional,,,10.0,2024-11-20,fantástico
venecia plaza centro,españa,habitación estándar,1,familia,fantástico,,,9.0,2024-11-20,fantástico
venecia plaza centro,países bajos,,1,pareja,muy bien,,,8.0,2024-11-20,fantástico
venecia plaza centro,montenegro,habitación triple económica con vistas al patio interior,1,familia,excepcional,,,10.0,2024-11-19,fantástico
venecia plaza centro,suiza,habitación cuádruple superior,1,familia,fantástico,,,9.0,2024-11-19,fantástico
venecia plaza centro,españa,habitación estándar,1,persona que viaja sola,                                               ,,,9.0,2024-11-18,fantástico
venecia plaza centro,francia,,1,pareja,excepcional,,,10.0,2024-11-18,fantástico
venecia plaza centro,bélgica,habitación estándar,5,pareja,fantástico,,,9.0,2024-11-15,fantástico
venecia plaza centro,croacia,habitación estándar,1,grupo,excepcional,,,10.0,2024-11-15,fantástico
venecia plaza centro,italia,,2,pareja,excepcional,,,10.0,2024-11-15,fantástico
venecia plaza centro,españa,habitación estándar,1,persona que viaja sola,muy bien,,,8.0,2024-11-14,fantástico
venecia plaza centro,alemania,habitación doble con balcón - plaza del ayuntamiento,1,pareja,fantástico,,,9.0,2024-11-10,fantástico
venecia plaza centro,españa,,1,familia,fantástico,,,9.0,2024-11-08,fantástico
venecia plaza centro,brasil,habitación estándar,2,pareja,excepcional,,,10.0,2024-11-06,fantástico
venecia plaza centro,eslovaquia,habitación doble deluxe - 1 o 2 camas,4,grupo,excepcional,,,10.0,2024-11-06,fantástico
venecia plaza centro,austria,habitación estándar,3,grupo,muy bien,,,8.0,2024-11-04,fantástico
venecia plaza centro,italia,habitación doble con balcón - plaza del ayuntamiento,3,grupo,fantástico,,,9.0,2024-11-03,fantástico
venecia plaza centro,brasil,habitación estándar,1,pareja,fantástico,,,9.0,2024-11-02,fantástico
venecia plaza centro,italia,,3,pareja,fantástico,,,9.0,2024-11-02,fantástico
venecia plaza centro,kazajistán,,1,pareja,muy bien,,,8.0,2024-10-31,fantástico
venecia plaza centro,bélgica,habitación triple superior,4,grupo,fantástico,,,9.0,2024-10-31,fantástico
venecia plaza centro,francia,habitación cuádruple económica sin vistas,1,familia,fantástico,,,9.0,2024-10-29,fantástico
venecia plaza centro,hungría,habitación triple superior,5,grupo,excepcional,,,10.0,2024-10-29,fantástico
venecia plaza centro,francia,habitación doble con balcón - plaza del ayuntamiento,4,grupo,fantástico,,,9.0,2024-10-28,fantástico
venecia plaza centro,italia,,3,pareja,fantástico,,,9.0,2024-10-28,fantástico
venecia plaza centro,italia,habitación estándar,4,familia,excepcional,,,10.0,2024-10-26,fantástico
venecia plaza centro,países bajos,habitación estándar,3,grupo,excepcional,,,10.0,2024-10-26,fantástico
venecia plaza centro,suiza,habitación estándar,2,familia,excepcional,,,10.0,2024-10-25,fantástico
venecia plaza centro,italia,,2,pareja,excepcional,,,10.0,2024-10-25,fantástico
venecia plaza centro,alemania,habitación estándar,1,pareja,excepcional,,,10.0,2024-10-25,fantástico
venecia plaza centro,alemania,,3,pareja,fantástico,,,9.0,2024-10-25,fantástico
venecia plaza centro,italia,,4,pareja,fantástico,,,9.0,2024-10-25,fantástico
venecia plaza centro,italia,habitación doble deluxe - 1 o 2 camas,4,pareja,excepcional,,,10.0,2024-10-24,fantástico
venecia plaza centro,países bajos,,2,pareja,muy bien,,,8.0,2024-10-24,fantástico
venecia plaza centro,italia,habitación estándar,3,pareja,fantástico,,,9.0,2024-10-24,fantástico
venecia plaza centro,alemania,habitación estándar,1,persona que viaja sola,excepcional,,,10.0,2024-10-22,fantástico
venecia plaza centro,canadá,habitación estándar,3,pareja,fantástico,,,9.0,2024-10-21,fantástico
venecia plaza centro,suiza,habitación estándar,3,persona que viaja sola,fantástico,,,9.0,2024-10-21,fantástico
venecia plaza centro,suecia,,2,grupo,det l g väldigt bra till för att se alla sevärdheter i gamlastan,,,9.0,2024-10-18,fantástico
venecia plaza centro,bélgica,,1,pareja,excepcional,,,10.0,2024-10-17,fantástico
venecia plaza centro,bélgica,habitación doble estándar con vistas a la plaza del ayuntamiento,3,pareja,excepcional,,,10.0,2024-10-17,fantástico
venecia plaza centro,países bajos,habitación estándar,2,grupo,fantástico,,,9.0,2024-10-16,fantástico
venecia plaza centro,polonia,habitación cuádruple prémium,3,familia,fantástico,,,9.0,2024-10-15,fantástico
venecia plaza centro,bélgica,,4,grupo,fantástico,,,9.0,2024-10-14,fantástico
venecia plaza centro,italia,habitación cuádruple superior,1,grupo,excepcional,,,10.0,2024-10-14,fantástico
venecia plaza centro,bulgaria,habitación estándar,2,pareja,excepcional,,,10.0,2024-10-14,fantástico
venecia plaza centro,italia,habitación cuádruple económica sin vistas,3,familia,excepcional,,,10.0,2024-10-14,fantástico
venecia plaza centro,suecia,habitación estándar,1,grupo,excepcional,,,10.0,2024-10-10,fantástico
venecia plaza centro,italia,habitación cuádruple económica sin vistas,2,familia,excepcional,,,10.0,2024-10-10,fantástico
venecia plaza centro,ucrania,habitación cuádruple superior,1,familia,excepcional,,,10.0,2024-10-10,fantástico
venecia plaza centro,méxico,,1,pareja,excepcional,,,10.0,2024-10-10,fantástico
venecia plaza centro,españa,,1,pareja,excepcional,,,10.0,2024-10-10,fantástico
venecia plaza centro,suecia,habitación estándar,1,pareja,muy bien,,,8.0,2024-10-10,fantástico
venecia plaza centro,italia,habitación estándar,2,pareja,excepcional,,,10.0,2024-10-09,fantástico
venecia plaza centro,bélgica,habitación estándar,1,familia,fantástico,,,9.0,2024-10-08,fantástico
venecia plaza centro,república checa,,1,pareja,excepcional,,,10.0,2024-10-07,fantástico
venecia plaza centro,bélgica,habitación estándar,1,persona que viaja sola,fantástico,,,9.0,2024-10-04,fantástico
venecia plaza centro,turquía,,1,persona que viaja sola,fantástico,,,9.0,2024-10-03,fantástico
venecia plaza centro,noruega,habitación doble económica con vistas al patio interior,1,grupo,muy bien,,,8.0,2024-10-01,fantástico
venecia plaza centro,suiza,habitación estándar,3,pareja,muy bien,,,8.0,2024-09-30,fantástico
venecia plaza centro,países bajos,habitación doble con balcón - plaza del ayuntamiento,2,pareja,muy bien,,,8.0,2024-09-30,fantástico
venecia plaza centro,países bajos,habitación doble deluxe - 1 o 2 camas,3,pareja,fantástico,,,9.0,2024-09-28,fantástico
venecia plaza centro,italia,habitación doble económica con vistas al patio interior,3,pareja,fantástico,,,9.0,2024-09-27,fantástico
venecia plaza centro,italia,habitación doble económica con vistas al patio interior,1,pareja,fantástico,,,9.0,2024-09-25,fantástico
venecia plaza centro,italia,,3,familia,fantástico,,,9.0,2024-09-24,fantástico
venecia plaza centro,bélgica,,3,grupo,excepcional,,,10.0,2024-09-23,fantástico
venecia plaza centro,países bajos,habitación estándar,4,grupo,fantástico,,,9.0,2024-09-23,fantástico
venecia plaza centro,finlandia,habitación cuádruple superior,3,pareja,fantástico,,,9.0,2024-09-23,fantástico
venecia plaza centro,italia,habitación estándar,2,pareja,fantástico,,,9.0,2024-09-23,fantástico
venecia plaza centro,italia,habitación estándar,4,grupo,excepcional,,,10.0,2024-09-22,fantástico
venecia plaza centro,estados unidos,,1,familia,fantástico,,,9.0,2024-09-22,fantástico
venecia plaza centro,países bajos,,4,pareja,fantástico,,,9.0,2024-09-21,fantástico
venecia plaza centro,hungría,habitación cuádruple prémium,2,familia,excepcional,,,10.0,2024-09-21,fantástico
venecia plaza centro,italia,habitación cuádruple económica sin vistas,4,grupo,excepcional,,,10.0,2024-09-21,fantástico
venecia plaza centro,italia,,3,familia,excepcional,,,10.0,2024-09-19,fantástico
venecia plaza centro,países bajos,habitación estándar,1,pareja,fantástico,,,9.0,2024-09-19,fantástico
venecia plaza centro,italia,habitación doble económica con vistas al patio interior,2,pareja,fantástico,,,9.0,2024-09-19,fantástico
venecia plaza centro,italia,habitación triple superior,8,familia,muy bien,,,8.0,2024-09-18,fantástico
venecia plaza centro,francia,habitación estándar,3,persona que viaja sola,fantástico,,,9.0,2024-09-18,fantástico
venecia plaza centro,reino unido,habitación doble con balcón - plaza del ayuntamiento,1,pareja,excepcional,,,10.0,2024-09-17,fantástico
venecia plaza centro,países bajos,habitación doble deluxe - 1 o 2 camas,3,pareja,excepcional,,,10.0,2024-09-16,fantástico
venecia plaza centro,bélgica,habitación cuádruple prémium,2,grupo,fantástico,,,9.0,2024-09-14,fantástico
venecia plaza centro,rumanía,habitación cuádruple superior,1,grupo,fantástico,,,9.0,2024-09-12,fantástico
venecia plaza centro,dinamarca,habitación estándar,1,pareja,excepcional,,,10.0,2024-09-12,fantástico
venecia plaza centro,polonia,habitación estándar,1,persona que viaja sola,excepcional,,,10.0,2024-09-09,fantástico
venecia plaza centro,hungría,habitación estándar,5,grupo,fantástico,,,9.0,2024-09-07,fantástico
venecia plaza centro,brasil,habitación doble con balcón - plaza del ayuntamiento,3,pareja,excepcional,,,10.0,2024-09-07,fantástico
venecia plaza centro,bélgica,habitación estándar,1,grupo,fantástico,,,9.0,2024-09-05,fantástico
venecia plaza centro,grecia,habitación estándar,1,grupo,fantástico,,,9.0,2024-09-05,fantástico
venecia plaza centro,italia,habitación triple superior,2,grupo,excepcional,,,10.0,2024-09-05,fantástico
venecia plaza centro,suiza,habitación estándar,3,pareja,excepcional,,,10.0,2024-09-04,fantástico
venecia plaza centro,italia,,3,grupo,excepcional,,,10.0,2024-09-04,fantástico
venecia plaza centro,italia,habitación cuádruple prémium,4,familia,consigliato!,,,9.0,2024-09-03,fantástico
venecia plaza centro,francia,,1,pareja,excepcional,,,10.0,2024-09-03,fantástico
venecia plaza centro,españa,habitación cuádruple superior,1,familia,fantástico,,,9.0,2024-09-02,fantástico
venecia plaza centro,polonia,habitación triple superior,2,familia,fantástico,,,9.0,2024-09-01,fantástico
venecia plaza centro,argelia,habitación doble con balcón - plaza del ayuntamiento,4,pareja,excepcional,,,10.0,2024-09-01,fantástico
venecia plaza centro,italia,habitación cuádruple prémium,3,familia,excepcional,,,10.0,2024-09-01,fantástico
venecia plaza centro,españa,habitación doble con balcón - plaza del ayuntamiento,1,familia,excepcional,,,10.0,2024-09-01,fantástico
venecia plaza centro,italia,habitación doble con balcón - plaza del ayuntamiento,2,familia,muy bien,,,8.0,2024-08-31,fantástico
venecia plaza centro,alemania,habitación doble con balcón - plaza del ayuntamiento,4,persona que viaja sola,fantástico,,,9.0,2024-08-31,fantástico
venecia plaza centro,alemania,habitación doble con balcón - plaza del ayuntamiento,3,familia,excepcional,,,10.0,2024-08-25,fantástico
venecia plaza centro,españa,habitación cuádruple prémium,1,familia,excepcional,,,10.0,2024-08-25,fantástico
venecia plaza centro,italia,habitación estándar,4,familia,excepcional,,,10.0,2024-08-25,fantástico
venecia plaza centro,italia,habitación estándar,5,pareja,fantástico,,,9.0,2024-08-24,fantástico
venecia plaza centro,países bajos,habitación doble deluxe - 1 o 2 camas,3,grupo,fantástico,,,9.0,2024-08-24,fantástico
venecia plaza centro,alemania,habitación doble deluxe - 1 o 2 camas,4,familia,excepcional,,,10.0,2024-08-22,fantástico
venecia plaza centro,italia,habitación doble económica con vistas al patio interior,1,familia,excepcional,,,10.0,2024-08-22,fantástico
venecia plaza centro,españa,habitación doble deluxe - 1 o 2 camas,1,pareja,fantástico,,,9.0,2024-08-21,fantástico
venecia plaza centro,brasil,habitación estándar,1,pareja,fantástico,,,9.0,2024-08-21,fantástico
venecia plaza centro,francia,habitación doble con balcón - plaza del ayuntamiento,1,pareja,fantástico,,,9.0,2024-08-21,fantástico
venecia plaza centro,bélgica,,1,familia,fantástico,,,9.0,2024-08-20,fantástico
venecia plaza centro,alemania,habitación triple superior,1,familia,muy bien,,,8.0,2024-08-20,fantástico
venecia plaza centro,luxemburgo,habitación doble deluxe - 1 o 2 camas,2,persona que viaja sola,fantástico,,,9.0,2024-08-20,fantástico
venecia plaza centro,italia,habitación cuádruple superior,3,familia,muy bien,,,8.0,2024-08-19,fantástico
venecia plaza centro,grecia,,3,familia,fantástico,,,9.0,2024-08-19,fantástico
venecia plaza centro,grecia,habitación doble deluxe - 1 o 2 camas,3,persona que viaja sola,fantástico,,,9.0,2024-08-18,fantástico
venecia plaza centro,portugal,habitación doble deluxe - 1 o 2 camas,1,grupo,muy bien,,,8.0,2024-08-18,fantástico
venecia plaza centro,italia,habitación cuádruple superior,4,familia,excepcional,,,10.0,2024-08-18,fantástico
venecia plaza centro,españa,habitación cuádruple económica sin vistas,1,familia,excepcional,,,10.0,2024-08-17,fantástico
venecia plaza centro,italia,habitación estándar,1,pareja,excepcional,,,10.0,2024-08-17,fantástico
venecia plaza centro,portugal,,2,persona que viaja sola,excepcional,,,10.0,2024-08-17,fantástico
venecia plaza centro,argelia,habitación cuádruple superior,1,familia,fantástico,,,9.0,2024-08-16,fantástico
venecia plaza centro,polonia,habitación doble económica con vistas al patio interior,4,pareja,excepcional,,,10.0,2024-08-15,fantástico
venecia plaza centro,países bajos,habitación cuádruple prémium,6,grupo,muy bien,,,8.0,2024-08-15,fantástico
venecia plaza centro,italia,habitación doble con balcón - plaza del ayuntamiento,2,pareja,excepcional,,,10.0,2024-08-14,fantástico
venecia plaza centro,méxico,habitación cuádruple prémium,2,familia,excepcional,,,10.0,2024-08-12,fantástico
venecia plaza centro,alemania,habitación doble económica con vistas al patio interior,5,grupo,fantástico,,,9.0,2024-08-11,fantástico
venecia plaza centro,francia,habitación doble económica con vistas al patio interior,1,familia,excepcional,,,10.0,2024-08-11,fantástico
venecia plaza centro,francia,habitación cuádruple superior,1,familia,excepcional,,,10.0,2024-08-09,fantástico
venecia plaza centro,alemania,habitación doble económica con vistas al patio interior,1,grupo,excepcional,,,10.0,2024-08-08,fantástico
venecia plaza centro,alemania,habitación estándar,1,persona que viaja sola,fantástico,,,9.0,2024-08-08,fantástico
venecia plaza centro,suiza,habitación doble con balcón - plaza del ayuntamiento,1,pareja,fantástico,,,9.0,2024-08-07,fantástico
venecia plaza centro,suiza,habitación cuádruple prémium,1,familia,fantástico,,,9.0,2024-08-04,fantástico
venecia plaza centro,austria,habitación cuádruple superior,1,familia,fantástico,,,9.0,2024-08-04,fantástico
venecia plaza centro,países bajos,habitación estándar,4,pareja,excepcional,,,10.0,2024-08-03,fantástico
venecia plaza centro,alemania,habitación cuádruple superior,1,familia,fantástico,,,9.0,2024-07-31,fantástico
venecia plaza centro,países bajos,habitación cuádruple económica sin vistas,1,familia,fantástico,,,9.0,2024-07-31,fantástico
venecia plaza centro,suiza,habitación doble deluxe - 1 o 2 camas,6,pareja,muy bien,,,8.0,2024-07-30,fantástico
venecia plaza centro,brasil,habitación estándar,2,persona que viaja sola,excepcional,,,10.0,2024-07-30,fantástico
venecia plaza centro,brasil,habitación cuádruple superior,3,familia,fantástico,,,9.0,2024-07-29,fantástico
venecia plaza centro,países bajos,habitación cuádruple superior,1,familia,excepcional,,,10.0,2024-07-28,fantástico
venecia plaza centro,nueva zelanda,habitación estándar,3,pareja,fantástico,,,9.0,2024-07-27,fantástico
venecia plaza centro,francia,habitación doble económica con vistas al patio interior,3,pareja,excepcional,,,10.0,2024-07-27,fantástico
venecia plaza centro,noruega,,3,pareja,fantástico,,,9.0,2024-07-27,fantástico
venecia plaza centro,italia,habitación estándar,1,pareja,excepcional,,,10.0,2024-07-26,fantástico
venecia plaza centro,bélgica,habitación estándar,1,familia,fantástico,,,9.0,2024-07-25,fantástico
venecia plaza centro,italia,habitación cuádruple prémium,3,grupo,excepcional,,,10.0,2024-07-24,fantástico
venecia plaza centro,italia,habitación triple superior,4,familia,fantástico,,,9.0,2024-07-24,fantástico
venecia plaza centro,italia,habitación doble económica con vistas al patio interior,3,pareja,excepcional,,,10.0,2024-07-22,fantástico
venecia plaza centro,turquía,habitación cuádruple económica sin vistas,1,familia,müthi ,,,9.0,2024-07-21,fantástico
venecia plaza centro,bélgica,habitación cuádruple superior,1,familia,fantástico,,,9.0,2024-07-21,fantástico
venecia plaza centro,brasil,habitación cuádruple superior,3,grupo,excepcional,,,10.0,2024-07-20,fantástico
venecia plaza centro,noruega,habitación cuádruple prémium,2,familia,excepcional,,,10.0,2024-07-20,fantástico
venecia plaza centro,alemania,habitación estándar,1,pareja,fantástico,,,9.0,2024-07-19,fantástico
venecia plaza centro,finlandia,habitación estándar,8,familia,muy bien,,,8.0,2024-07-19,fantástico
venecia plaza centro,brasil,habitación estándar,1,pareja,excepcional,,,10.0,2024-07-19,fantástico
venecia plaza centro,turquía,habitación estándar,1,pareja,excepcional,,,10.0,2024-07-18,fantástico
venecia plaza centro,suiza,habitación estándar,4,pareja,muy bien,,,8.0,2024-07-18,fantástico
venecia plaza centro,francia,,1,grupo,excepcional,,,10.0,2024-07-15,fantástico
venecia plaza centro,brasil,habitación estándar,1,pareja,excepcional,,,10.0,2024-07-14,fantástico
venecia plaza centro,alemania,habitación doble con balcón - plaza del ayuntamiento,2,pareja,excepcional,,,10.0,2024-07-14,fantástico
venecia plaza centro,francia,habitación cuádruple económica sin vistas,1,familia,parfait,,,10.0,2024-07-13,fantástico
venecia plaza centro,italia,habitación doble económica con vistas al patio interior,2,familia,fantástico,,,9.0,2024-07-13,fantástico
venecia plaza centro,países bajos,habitación estándar,4,grupo,fantástico,,,9.0,2024-07-12,fantástico
venecia plaza centro,ucrania,habitación doble económica con vistas al patio interior,1,persona que viaja sola,excepcional,,,10.0,2024-07-12,fantástico
venecia plaza centro,polonia,habitación estándar,1,familia,muy bien,,,8.0,2024-07-12,fantástico
venecia plaza centro,italia,habitación estándar,5,familia,excepcional,,,10.0,2024-07-11,fantástico
venecia plaza centro,países bajos,habitación cuádruple superior,2,familia,muy bien,,,8.0,2024-07-10,fantástico
venecia plaza centro,italia,habitación cuádruple económica sin vistas,3,familia,excepcional,,,10.0,2024-07-09,fantástico
venecia plaza centro,brasil,,2,pareja,excepcional,,,10.0,2024-07-09,fantástico
venecia plaza centro,finlandia,habitación estándar,7,persona que viaja sola,muy bien,,,8.0,2024-07-09,fantástico
venecia plaza centro,francia,,1,pareja,fantástico,,,9.0,2024-07-07,fantástico
venecia plaza centro,italia,habitación doble deluxe - 1 o 2 camas,7,familia,excepcional,,,10.0,2024-07-06,fantástico
venecia plaza centro,italia,habitación doble con balcón - plaza del ayuntamiento,1,pareja,excepcional,,,10.0,2024-07-05,fantástico
venecia plaza centro,eslovenia,habitación cuádruple económica sin vistas,2,persona que viaja sola,fantástico,,,9.0,2024-07-04,fantástico
venecia plaza centro,turquía,habitación doble deluxe - 1 o 2 camas,1,pareja,excepcional,,,10.0,2024-07-04,fantástico
venecia plaza centro,eslovenia,habitación cuádruple superior,4,familia,excepcional,,,10.0,2024-07-04,fantástico
venecia plaza centro,alemania,habitación cuádruple superior,3,familia,excepcional,,,10.0,2024-07-03,fantástico
venecia plaza centro,italia,habitación estándar,2,familia,excepcional,,,10.0,2024-07-02,fantástico
venecia plaza centro,españa,habitación doble económica con vistas al patio interior,1,pareja,muy bien,,,8.0,2024-06-30,fantástico
venecia plaza centro,francia,habitación estándar,3,pareja,fantástico,,,9.0,2024-06-30,fantástico
venecia plaza centro,italia,habitación estándar,1,familia,muy bien,,,8.0,2024-06-29,fantástico
venecia plaza centro,italia,habitación cuádruple superior,1,familia,muy bien,,,8.0,2024-06-28,fantástico
venecia plaza centro,alemania,habitación doble con balcón - plaza del ayuntamiento,2,pareja,muy bien,,,8.0,2024-06-28,fantástico
venecia plaza centro,hungría,habitación triple superior,2,familia,fantástico,,,9.0,2024-06-26,fantástico
venecia plaza centro,italia,habitación estándar,2,familia,excepcional,,,10.0,2024-06-26,fantástico
venecia plaza centro,italia,habitación cuádruple superior,3,familia,excepcional,,,10.0,2024-06-25,fantástico
venecia plaza centro,austria,habitación doble deluxe - 1 o 2 camas,2,persona que viaja sola,excepcional,,,10.0,2024-06-22,fantástico
venecia plaza centro,italia,habitación triple superior,5,familia,excepcional,,,10.0,2024-06-21,fantástico
venecia plaza centro,españa,habitación doble económica con vistas al patio interior,1,pareja,excepcional,,,10.0,2024-06-20,fantástico
venecia plaza centro,italia,habitación estándar,2,grupo,fantástico,,,9.0,2024-06-20,fantástico
venecia plaza centro,suiza,habitación doble con balcón - plaza del ayuntamiento,2,pareja,fantástico,,,9.0,2024-06-20,fantástico
venecia plaza centro,italia,habitación estándar,2,pareja,excepcional,,,10.0,2024-06-19,fantástico
venecia plaza centro,italia,,3,pareja,fantástico,,,9.0,2024-06-18,fantástico
venecia plaza centro,países bajos,habitación estándar,1,grupo,excepcional,,,10.0,2024-06-17,fantástico
venecia plaza centro,países bajos,habitación doble con balcón - plaza del ayuntamiento,2,pareja,excepcional,,,10.0,2024-06-15,fantástico
venecia plaza centro,países bajos,habitación estándar,4,familia,muy bien,,,8.0,2024-06-15,fantástico
venecia plaza centro,canadá,habitación cuádruple prémium,2,familia,fantástico,,,9.0,2024-06-14,fantástico
venecia plaza centro,bélgica,habitación doble deluxe - 1 o 2 camas,3,pareja,excepcional,,,10.0,2024-06-13,fantástico
venecia plaza centro,alemania,habitación triple superior,2,grupo,excepcional,,,10.0,2024-06-12,fantástico
venecia plaza centro,italia,habitación cuádruple prémium,3,familia,excepcional,,,10.0,2024-06-11,fantástico
venecia plaza centro,brasil,habitación estándar,1,pareja,fantástico,,,9.0,2024-06-11,fantástico
venecia plaza centro,países bajos,habitación estándar,4,grupo,fantástico,,,9.0,2024-06-10,fantástico
venecia plaza centro,suiza,habitación doble con balcón - plaza del ayuntamiento,10,pareja,excepcional,,,10.0,2024-06-09,fantástico
venecia plaza centro,italia,habitación doble con balcón - plaza del ayuntamiento,4,pareja,muy bien,,,8.0,2024-06-08,fantástico
venecia plaza centro,alemania,habitación triple económica con vistas al patio interior,3,pareja,excepcional,,,10.0,2024-06-06,fantástico
venecia plaza centro,países bajos,habitación cuádruple prémium,4,familia,fantástico,,,9.0,2024-06-05,fantástico
venecia plaza centro,alemania,habitación cuádruple prémium,2,familia,excepcional,,,10.0,2024-06-05,fantástico
venecia plaza centro,italia,habitación doble económica con vistas al patio interior,3,pareja,"posizione centralissima, ottimo staff, colazione molto ricca. consigliatissimo!",,,10.0,2024-06-04,fantástico
venecia plaza centro,alemania,habitación doble deluxe - 1 o 2 camas,7,pareja,fantástico,,,9.0,2024-06-03,fantástico
venecia plaza centro,países bajos,habitación doble económica con vistas al patio interior,1,persona que viaja sola,fantástico,,,9.0,2024-06-03,fantástico
venecia plaza centro,italia,habitación triple económica con vistas al patio interior,2,grupo,muy bien,,,8.0,2024-06-02,fantástico
venecia plaza centro,alemania,habitación estándar,2,pareja,excepcional,,,10.0,2024-06-01,fantástico
venecia plaza centro,suiza,,2,persona que viaja sola,excepcional,,,10.0,2024-06-01,fantástico
venecia plaza centro,italia,habitación estándar,4,familia,muy bien,,,8.0,2024-06-01,fantástico
venecia plaza centro,países bajos,habitación estándar,1,grupo,excepcional,,,10.0,2024-06-01,fantástico
venecia plaza centro,italia,habitación estándar,3,grupo,muy bien,,,8.0,2024-06-01,fantástico
venecia plaza centro,alemania,habitación doble con balcón - plaza del ayuntamiento,3,pareja,excepcional,,,10.0,2024-05-30,fantástico
venecia plaza centro,países bajos,habitación doble con balcón - plaza del ayuntamiento,5,grupo,muy bien,,,8.0,2024-05-29,fantástico
venecia plaza centro,suiza,habitación estándar,2,grupo,muy bien,,,8.0,2024-05-29,fantástico
venecia plaza centro,países bajos,habitación cuádruple superior,2,familia,fantástico,,,9.0,2024-05-29,fantástico
venecia plaza centro,grecia,habitación estándar,2,persona que viaja sola,excepcional,,,10.0,2024-05-29,fantástico
venecia plaza centro,italia,habitación cuádruple económica sin vistas,1,familia,excepcional,,,10.0,2024-05-28,fantástico
venecia plaza centro,italia,habitación doble con balcón - plaza del ayuntamiento,1,pareja,excepcional,,,10.0,2024-05-27,fantástico
venecia plaza centro,noruega,habitación doble deluxe - 1 o 2 camas,7,pareja,excepcional,,,10.0,2024-05-27,fantástico
venecia plaza centro,eslovaquia,habitación doble deluxe - 1 o 2 camas,1,familia,excepcional,,,10.0,2024-05-27,fantástico
venecia plaza centro,bélgica,habitación doble económica con vistas al patio interior,1,pareja,excepcional,,,10.0,2024-05-26,fantástico
venecia plaza centro,china,,1,persona que viaja sola,excepcional,,,10.0,2024-05-25,fantástico
venecia plaza centro,china,habitación estándar,1,persona que viaja sola,excepcional,,,10.0,2024-05-25,fantástico
venecia plaza centro,lituania,habitación estándar,3,familia,excepcional,,,10.0,2024-05-21,fantástico
venecia plaza centro,países bajos,habitación doble con balcón - plaza del ayuntamiento,3,familia,fantástico,,,9.0,2024-05-21,fantástico
venecia plaza centro,italia,habitación triple económica con vistas al patio interior,1,grupo,excepcional,,,10.0,2024-05-19,fantástico
venecia plaza centro,españa,habitación cuádruple prémium,1,familia,muy bien,,,8.0,2024-05-19,fantástico
venecia plaza centro,alemania,habitación estándar,5,persona que viaja sola,"super, wie immer",,,10.0,2024-05-19,fantástico
venecia plaza centro,san marino,habitación doble con balcón - plaza del ayuntamiento,2,grupo,excepcional,,,10.0,2024-05-19,fantástico
venecia plaza centro,alemania,habitación doble deluxe - 1 o 2 camas,4,grupo,excepcional,,,10.0,2024-05-19,fantástico
venecia plaza centro,brasil,habitación doble deluxe - 1 o 2 camas,2,pareja,excepcional,,,10.0,2024-05-17,fantástico
venecia plaza centro,países bajos,habitación estándar,3,familia,fantástico,,,9.0,2024-05-16,fantástico
venecia plaza centro,polonia,habitación doble con balcón - plaza del ayuntamiento,3,pareja,excepcional,,,10.0,2024-05-15,fantástico
venecia plaza centro,brasil,,4,pareja,excepcional,,,10.0,2024-05-15,fantástico
venecia plaza centro,ucrania,habitación cuádruple prémium,2,familia,excepcional,,,10.0,2024-05-13,fantástico
venecia plaza centro,finlandia,,1,grupo,excepcional,,,10.0,2024-05-13,fantástico
venecia plaza centro,países bajos,,1,persona que viaja sola,fantástico,,,9.0,2024-05-13,fantástico
venecia plaza centro,suiza,habitación estándar,5,persona que viaja sola,fantástico,,,9.0,2024-05-12,fantástico
venecia plaza centro,italia,habitación estándar,2,pareja,excepcional,,,10.0,2024-05-12,fantástico
venecia plaza centro,francia,habitación doble con balcón - plaza del ayuntamiento,1,pareja,fantástico,,,9.0,2024-05-12,fantástico
venecia plaza centro,francia,habitación estándar,3,pareja,muy bien,,,8.0,2024-05-10,fantástico
venecia plaza centro,italia,habitación triple económica con vistas al patio interior,3,familia,excepcional,,,10.0,2024-05-10,fantástico
venecia plaza centro,países bajos,habitación cuádruple prémium,3,grupo,excepcional,,,10.0,2024-05-10,fantástico
venecia plaza centro,bulgaria,habitación triple superior,4,familia,excepcional,,,10.0,2024-05-10,fantástico
venecia plaza centro,suiza,habitación doble con balcón - plaza del ayuntamiento,2,persona que viaja sola,fantástico,,,9.0,2024-05-09,fantástico
venecia plaza centro,italia,habitación cuádruple económica sin vistas,2,grupo,tutto perfetto! ottima posizione,,,10.0,2024-05-09,fantástico
venecia plaza centro,italia,habitación triple superior,1,grupo,excepcional,,,10.0,2024-05-08,fantástico
venecia plaza centro,canadá,habitación doble deluxe - 1 o 2 camas,4,pareja,excepcional,,,10.0,2024-05-07,fantástico
venecia plaza centro,italia,habitación cuádruple prémium,3,grupo,excepcional,,,10.0,2024-05-05,fantástico
venecia plaza centro,italia,habitación estándar,3,persona que viaja sola,excepcional,,,10.0,2024-05-04,fantástico
venecia plaza centro,italia,habitación estándar,2,pareja,muy bien,,,8.0,2024-05-01,fantástico
venecia plaza centro,alemania,habitación doble deluxe - 1 o 2 camas,6,pareja,excepcional,,,10.0,2024-04-29,fantástico
venecia plaza centro,italia,habitación cuádruple prémium,3,familia,fantástico,,,9.0,2024-04-29,fantástico
venecia plaza centro,italia,habitación doble económica con vistas al patio interior,3,pareja,muy bien,,,8.0,2024-04-29,fantástico
venecia plaza centro,méxico,habitación estándar,1,pareja,excepcional,,,10.0,2024-04-27,fantástico
venecia plaza centro,polonia,habitación cuádruple prémium,1,familia,muy bien,,,8.0,2024-04-26,fantástico
venecia plaza centro,países bajos,habitación cuádruple económica sin vistas,1,familia,fantástico,,,9.0,2024-04-26,fantástico
venecia plaza centro,países bajos,habitación estándar,3,familia,fantástico,,,9.0,2024-04-25,fantástico
venecia plaza centro,suiza,habitación doble deluxe - 1 o 2 camas,3,grupo,excepcional,,,10.0,2024-04-25,fantástico
venecia plaza centro,italia,habitación estándar,3,grupo,excepcional,,,10.0,2024-04-25,fantástico
venecia plaza centro,países bajos,habitación estándar,1,pareja,excepcional,,,10.0,2024-04-25,fantástico
venecia plaza centro,alemania,habitación doble con balcón - plaza del ayuntamiento,2,grupo,excepcional,,,10.0,2024-04-24,fantástico
venecia plaza centro,países bajos,habitación doble deluxe - 1 o 2 camas,3,grupo,muy bien,,,8.0,2024-04-23,fantástico
venecia plaza centro,suiza,,1,grupo,fantástico,,,9.0,2024-04-22,fantástico
venecia plaza centro,bélgica,habitación triple superior,2,familia,fantástico,,,9.0,2024-04-21,fantástico
venecia plaza centro,italia,habitación doble con balcón - plaza del ayuntamiento,4,pareja,excepcional,,,10.0,2024-04-21,fantástico
venecia plaza centro,méxico,habitación doble económica con vistas al patio interior,2,pareja,excepcional,,,10.0,2024-04-21,fantástico
venecia plaza centro,alemania,habitación estándar,2,persona que viaja sola,excepcional,,,10.0,2024-04-20,fantástico
venecia plaza centro,turquía,habitación cuádruple superior,1,grupo,fantástico,,,9.0,2024-04-18,fantástico
venecia plaza centro,serbia,habitación doble con balcón - plaza del ayuntamiento,1,grupo,fantástico,,,9.0,2024-04-17,fantástico
venecia plaza centro,italia,habitación cuádruple prémium,3,familia,muy bien,,,8.0,2024-04-16,fantástico
venecia plaza centro,brasil,habitación estándar,1,familia,excepcional,,,10.0,2024-04-15,fantástico
venecia plaza centro,eslovaquia,,4,pareja,excepcional,,,10.0,2024-04-15,fantástico
venecia plaza centro,italia,habitación estándar,2,pareja,fantástico,,,9.0,2024-04-14,fantástico
venecia plaza centro,italia,habitación doble deluxe - 1 o 2 camas,4,grupo,excepcional,,,10.0,2024-04-14,fantástico
venecia plaza centro,italia,habitación cuádruple económica sin vistas,2,grupo,excepcional,,,10.0,2024-04-10,fantástico
venecia plaza centro,méxico,,2,familia,excepcional,,,10.0,2024-04-10,fantástico
venecia plaza centro,italia,,2,familia,fantástico,,,9.0,2024-04-05,fantástico
venecia plaza centro,alemania,,1,persona que viaja sola,excepcional,,,10.0,2024-04-05,fantástico
venecia plaza centro,italia,habitación triple económica con vistas al patio interior,1,grupo,muy bien,,,8.0,2024-04-04,fantástico
venecia plaza centro,alemania,habitación cuádruple prémium,3,grupo,excepcional,,,10.0,2024-04-02,fantástico
venecia plaza centro,españa,habitación cuádruple económica sin vistas,1,familia,fantástico,,,9.0,2024-04-01,fantástico
venecia plaza centro,alemania,habitación doble con balcón - plaza del ayuntamiento,2,persona que viaja sola,muy bien,,,8.0,2024-04-01,fantástico
venecia plaza centro,,,4,pareja,fantástico,,,9.0,2024-03-31,fantástico
venecia plaza centro,países bajos,habitación doble con balcón - plaza del ayuntamiento,2,pareja,muy bien,,,8.0,2024-03-30,fantástico
venecia plaza centro,países bajos,habitación estándar,2,pareja,top locatie schoon en gezellig,,,9.0,2024-03-29,fantástico
venecia plaza centro,dinamarca,habitación cuádruple prémium,2,familia,muy bien,,,8.0,2024-03-27,fantástico
venecia plaza centro,españa,habitación doble económica con vistas al patio interior,1,pareja,fantástico,,,9.0,2024-03-26,fantástico
venecia plaza centro,italia,,2,pareja,excepcional,,,10.0,2024-03-25,fantástico
venecia plaza centro,brasil,habitación estándar,2,familia,fantástico,,,9.0,2024-03-25,fantástico
venecia plaza centro,italia,habitación estándar,2,grupo,excepcional,,,10.0,2024-03-24,fantástico
venecia plaza centro,italia,habitación triple superior,2,grupo,excepcional,,,10.0,2024-03-24,fantástico
venecia plaza centro,italia,habitación estándar,2,pareja,fantástico,,,9.0,2024-03-23,fantástico
venecia plaza centro,españa,habitación triple superior,3,familia,excepcional,,,10.0,2024-03-22,fantástico
venecia plaza centro,rumanía,habitación estándar,1,familia,excepcional,,,10.0,2024-03-21,fantástico
venecia plaza centro,eslovenia,habitación triple superior,3,grupo,excepcional,,,10.0,2024-03-20,fantástico
venecia plaza centro,bulgaria,habitación estándar,3,familia,excepcional,,,10.0,2024-03-19,fantástico
venecia plaza centro,suiza,habitación estándar,1,familia,excepcional,,,10.0,2024-03-16,fantástico
venecia plaza centro,italia,habitación estándar,1,familia,excepcional,,,10.0,2024-03-16,fantástico
venecia plaza centro,bélgica,habitación estándar,1,pareja,fantástico,,,9.0,2024-03-15,fantástico
venecia plaza centro,italia,habitación estándar,5,pareja,excepcional,,,10.0,2024-03-15,fantástico
venecia plaza centro,reino unido,habitación estándar,1,familia,excepcional,,,10.0,2024-03-14,fantástico
venecia plaza centro,suiza,,1,pareja,excepcional,,,10.0,2024-03-14,fantástico
venecia plaza centro,países bajos,habitación estándar,3,grupo,excepcional,,,10.0,2024-03-13,fantástico
venecia plaza centro,italia,habitación cuádruple económica sin vistas,2,familia,muy bien,,,8.0,2024-03-12,fantástico
venecia plaza centro,francia,habitación estándar,1,persona que viaja sola,fantástico,,,9.0,2024-03-12,fantástico
venecia plaza centro,italia,habitación cuádruple superior,2,grupo,fantástico,,,9.0,2024-03-12,fantástico
venecia plaza centro,italia,,4,grupo,fantástico,,,9.0,2024-03-12,fantástico
venecia plaza centro,alemania,,2,grupo,fantástico,,,9.0,2024-03-11,fantástico
venecia plaza centro,italia,habitación estándar,3,familia,excepcional,,,10.0,2024-03-11,fantástico
venecia plaza centro,rumanía,habitación cuádruple prémium,3,familia,excepcional,,,10.0,2024-03-10,fantástico
venecia plaza centro,bélgica,habitación estándar,1,pareja,muy bien,,,8.0,2024-03-10,fantástico
venecia plaza centro,polonia,habitación estándar,3,pareja,excepcional,,,10.0,2024-03-10,fantástico
venecia plaza centro,españa,habitación doble con balcón - plaza del ayuntamiento,1,pareja,muy bien,,,8.0,2024-03-09,fantástico
venecia plaza centro,suecia,habitación estándar,2,persona que viaja sola,excepcional,,,10.0,2024-03-09,fantástico
venecia plaza centro,italia,habitación estándar,2,persona que viaja sola,fantástico,,,9.0,2024-03-08,fantástico
venecia plaza centro,ucrania,habitación estándar,1,persona que viaja sola,excepcional,,,10.0,2024-03-07,fantástico
venecia plaza centro,italia,habitación estándar,3,pareja,excepcional,,,10.0,2024-03-06,fantástico
venecia plaza centro,ucrania,habitación estándar,1,pareja,excepcional,,,10.0,2024-03-04,fantástico
venecia plaza centro,rumanía,habitación doble económica con vistas al patio interior,4,familia,muy bien,,,8.0,2024-03-04,fantástico
venecia plaza centro,españa,habitación cuádruple económica sin vistas,2,familia,fantástico,,,9.0,2024-03-03,fantástico
venecia plaza centro,grecia,habitación triple superior,4,familia,excepcional,,,10.0,2024-03-01,fantástico
venecia plaza centro,países bajos,,3,grupo,muy bien,,,8.0,2024-02-29,fantástico
venecia plaza centro,austria,,5,grupo,excepcional,,,10.0,2024-02-29,fantástico
venecia plaza centro,alemania,habitación estándar,1,persona que viaja sola,fantástico,,,9.0,2024-02-27,fantástico
venecia plaza centro,italia,habitación estándar,2,pareja,fantástico,,,9.0,2024-02-27,fantástico
venecia plaza centro,ucrania,habitación estándar,1,persona que viaja sola,"                     .     -             100    100.                   .                ,             ,                 ",,,10.0,2024-02-27,fantástico
venecia plaza centro,españa,habitación estándar,3,pareja,fantástico,,,9.0,2024-02-26,fantástico
venecia plaza centro,suiza,habitación doble deluxe - 1 o 2 camas,4,pareja,excepcional,,,10.0,2024-02-25,fantástico
venecia plaza centro,italia,habitación doble con balcón - plaza del ayuntamiento,1,pareja,excepcional,,,10.0,2024-02-25,fantástico
venecia plaza centro,italia,habitación estándar,4,pareja,excepcional,,,10.0,2024-02-25,fantástico
venecia plaza centro,eslovenia,habitación doble con balcón - plaza del ayuntamiento,5,grupo,fantástico,,,9.0,2024-02-24,fantástico
venecia plaza centro,italia,habitación estándar,2,pareja,excepcional,,,10.0,2024-02-22,fantástico
venecia plaza centro,países bajos,habitación doble con balcón - plaza del ayuntamiento,1,pareja,excepcional,,,10.0,2024-02-22,fantástico
venecia plaza centro,turquía,habitación estándar,2,pareja,excepcional,,,10.0,2024-02-21,fantástico
venecia plaza centro,italia,habitación cuádruple prémium,3,familia,excepcional,,,10.0,2024-02-20,fantástico
venecia plaza centro,italia,habitación doble con balcón - plaza del ayuntamiento,3,pareja,fantástico,,,9.0,2024-02-19,fantástico
venecia plaza centro,turquía,habitación estándar,1,persona que viaja sola,muy bien,,,8.0,2024-02-19,fantástico
venecia plaza centro,estonia,habitación estándar,3,familia,excepcional,,,10.0,2024-02-19,fantástico
venecia plaza centro,italia,habitación doble económica con vistas al patio interior,1,persona que viaja sola,excepcional,,,10.0,2024-02-18,fantástico
venecia plaza centro,italia,habitación estándar,5,grupo,excepcional,,,10.0,2024-02-18,fantástico
venecia plaza centro,españa,habitación doble con balcón - plaza del ayuntamiento,1,pareja,excepcional,,,10.0,2024-02-17,fantástico
venecia plaza centro,turquía,habitación estándar,3,pareja,muy bien,,,8.0,2024-02-15,fantástico
venecia plaza centro,brasil,habitación estándar,1,pareja,excepcional,,,10.0,2024-02-15,fantástico
venecia plaza centro,grecia,habitación doble económica con vistas al patio interior,1,pareja,muy bien,,,8.0,2024-02-15,fantástico
venecia plaza centro,italia,habitación cuádruple económica sin vistas,3,familia,excepcional,,,10.0,2024-02-14,fantástico
venecia plaza centro,italia,habitación estándar,2,grupo,excepcional,,,10.0,2024-02-13,fantástico
venecia plaza centro,suiza,habitación estándar,2,pareja,fantástico,,,9.0,2024-02-12,fantástico
venecia plaza centro,italia,,2,grupo,fantástico,,,9.0,2024-02-12,fantástico
venecia plaza centro,reino unido,,1,grupo,excepcional,,,10.0,2024-02-12,fantástico
venecia plaza centro,italia,habitación estándar,1,persona que viaja sola,excepcional,,,10.0,2024-02-12,fantástico
venecia plaza centro,suiza,habitación estándar,3,familia,muy bien,,,8.0,2024-02-11,fantástico
venecia plaza centro,rumanía,habitación estándar,3,familia,excepcional,,,10.0,2024-02-11,fantástico
venecia plaza centro,italia,habitación doble con balcón - plaza del ayuntamiento,4,familia,excepcional,,,10.0,2024-02-11,fantástico
venecia plaza centro,italia,habitación estándar,3,pareja,excepcional,,,10.0,2024-02-10,fantástico
venecia plaza centro,polonia,habitación estándar,1,pareja,excepcional,,,10.0,2024-02-10,fantástico
venecia plaza centro,lituania,habitación doble económica con vistas al patio interior,1,persona que viaja sola,excepcional,,,10.0,2024-02-09,fantástico
venecia plaza centro,españa,habitación estándar,1,familia,excepcional,,,10.0,2024-02-09,fantástico
venecia plaza centro,países bajos,habitación doble económica con vistas al patio interior,1,persona que viaja sola,fantástico,,,9.0,2024-02-08,fantástico
venecia plaza centro,austria,habitación estándar,1,grupo,excepcional,,,10.0,2024-02-08,fantástico
venecia plaza centro,españa,habitación estándar,1,pareja,excepcional,,,10.0,2024-02-08,fantástico
venecia plaza centro,italia,,2,pareja,excepcional,,,10.0,2024-02-07,fantástico
venecia plaza centro,italia,habitación cuádruple prémium,3,grupo,excepcional,,,10.0,2024-02-07,fantástico
venecia plaza centro,rumanía,habitación estándar,2,familia,excepcional,,,10.0,2024-02-06,fantástico
venecia plaza centro,bélgica,habitación estándar,1,familia,excepcional,,,10.0,2024-02-03,fantástico
venecia plaza centro,italia,habitación estándar,3,familia,fantástico,,,9.0,2024-02-01,fantástico
venecia plaza centro,italia,habitación triple superior,2,familia,muy bien,,,8.0,2024-01-29,fantástico
venecia plaza centro,italia,habitación estándar,4,pareja,fantástico,,,9.0,2024-01-29,fantástico
venecia plaza centro,israel,habitación cuádruple superior,1,grupo,fantástico,,,9.0,2024-01-29,fantástico
venecia plaza centro,polonia,habitación doble deluxe - 1 o 2 camas,2,pareja,muy bien,,,8.0,2024-01-26,fantástico
venecia plaza centro,ucrania,habitación doble deluxe - 1 o 2 camas,4,pareja,excepcional,,,10.0,2024-01-25,fantástico
venecia plaza centro,italia,habitación estándar,1,persona que viaja sola,fantástico,,,9.0,2024-01-23,fantástico
venecia plaza centro,italia,,1,pareja,excepcional,,,10.0,2024-01-22,fantástico
venecia plaza centro,polonia,habitación triple superior,5,familia,excepcional,,,10.0,2024-01-22,fantástico
venecia plaza centro,italia,habitación cuádruple económica sin vistas,1,grupo,fantástico,,,9.0,2024-01-22,fantástico
venecia plaza centro,españa,habitación doble económica con vistas al patio interior,1,pareja,excepcional,,,10.0,2024-01-22,fantástico
venecia plaza centro,italia,habitación cuádruple prémium,3,familia,muy bien,,,8.0,2024-01-21,fantástico
venecia plaza centro,alemania,habitación doble con balcón - plaza del ayuntamiento,3,persona que viaja sola,fantástico,,,9.0,2024-01-21,fantástico
venecia plaza centro,italia,,2,pareja,excepcional,,,10.0,2024-01-21,fantástico
venecia plaza centro,grecia,habitación doble deluxe - 1 o 2 camas,2,pareja,excepcional,,,10.0,2024-01-20,fantástico
venecia plaza centro,francia,habitación estándar,1,persona que viaja sola,excepcional,,,10.0,2024-01-20,fantástico
venecia plaza centro,polonia,habitación doble económica con vistas al patio interior,1,pareja,fantástico,,,9.0,2024-01-20,fantástico
venecia plaza centro,italia,habitación doble económica con vistas al patio interior,4,grupo,muy bien,,,8.0,2024-01-20,fantástico
venecia plaza centro,brasil,habitación triple superior,3,familia,excepcional,,,10.0,2024-01-18,fantástico
venecia plaza centro,italia,habitación cuádruple superior,3,familia,muy bien,,,8.0,2024-01-18,fantástico
venecia plaza centro,alemania,,5,pareja,muy bien,,,8.0,2024-01-18,fantástico
venecia plaza centro,italia,habitación doble con balcón - plaza del ayuntamiento,3,grupo,excepcional,,,10.0,2024-01-18,fantástico
venecia plaza centro,italia,habitación estándar,3,grupo,excepcional,,,10.0,2024-01-18,fantástico
venecia plaza centro,italia,habitación estándar,1,pareja,excepcional,,,10.0,2024-01-15,fantástico
venecia plaza centro,austria,habitación estándar,4,pareja,fantástico,,,9.0,2024-01-13,fantástico
venecia plaza centro,italia,habitación triple superior,3,familia,muy bien,,,8.0,2024-01-12,fantástico
venecia plaza centro,italia,habitación doble económica con vistas al patio interior,2,familia,excepcional,,,10.0,2024-01-12,fantástico
venecia plaza centro,francia,habitación doble con balcón - plaza del ayuntamiento,3,pareja,fantástico,,,9.0,2024-01-11,fantástico
venecia plaza centro,italia,,2,grupo,fantástico,,,9.0,2024-01-11,fantástico
venecia plaza centro,polonia,habitación estándar,2,pareja,excepcional,,,10.0,2024-01-09,fantástico
venecia plaza centro,italia,habitación doble con balcón - plaza del ayuntamiento,1,persona que viaja sola,muy bien,,,8.0,2024-01-08,fantástico
venecia plaza centro,italia,habitación estándar,3,pareja,excepcional,,,10.0,2024-01-08,fantástico
venecia plaza centro,italia,habitación triple superior,2,familia,fantástico,,,9.0,2024-01-08,fantástico
venecia plaza centro,polonia,,3,familia,fantástico,,,9.0,2024-01-08,fantástico
venecia plaza centro,italia,,2,familia,excepcional,,,10.0,2024-01-07,fantástico
venecia plaza centro,países bajos,habitación estándar,1,pareja,fantástico,,,9.0,2024-01-07,fantástico
venecia plaza centro,italia,habitación doble con balcón - plaza del ayuntamiento,2,pareja,excepcional,,,10.0,2024-01-07,fantástico
venecia plaza centro,españa,habitación doble con balcón - plaza del ayuntamiento,1,familia,fantástico,,,9.0,2024-01-07,fantástico
venecia plaza centro,japón,habitación triple superior,2,familia,fantástico,,,9.0,2024-01-07,fantástico
venecia plaza centro,italia,,2,grupo,fantástico,,,9.0,2024-01-06,fantástico
venecia plaza centro,eslovaquia,habitación estándar,3,grupo,excepcional,,,10.0,2024-01-05,fantástico
venecia plaza centro,italia,habitación doble deluxe - 1 o 2 camas,3,pareja,fantástico,,,9.0,2024-01-04,fantástico
venecia plaza centro,italia,habitación triple superior,4,familia,muy bien,,,8.0,2024-01-04,fantástico
venecia plaza centro,italia,habitación doble con balcón - plaza del ayuntamiento,3,pareja,excepcional,,,10.0,2024-01-03,fantástico
venecia plaza centro,suiza,habitación doble deluxe - 1 o 2 camas,2,pareja,excepcional,,,10.0,2024-01-01,fantástico
venecia plaza centro,italia,habitación doble deluxe - 1 o 2 camas,3,pareja,fantástico,,,9.0,2024-01-01,fantástico
venecia plaza centro,francia,habitación cuádruple superior,1,familia,fantástico,,,9.0,2023-12-31,fantástico
venecia plaza centro,italia,habitación doble económica con vistas al patio interior,3,familia,excepcional,,,10.0,2023-12-29,fantástico
venecia plaza centro,españa,habitación individual económica sin ventana,1,persona que viaja sola,excepcional,,,10.0,2023-12-28,fantástico
venecia plaza centro,españa,habitación doble con balcón - plaza del ayuntamiento,3,pareja,excepcional,,,10.0,2023-12-27,fantástico
venecia plaza centro,españa,habitación triple superior,1,familia,fantástico,,,9.0,2023-12-26,fantástico
venecia plaza centro,italia,habitación doble económica con vistas al patio interior,4,familia,muy bien,,,8.0,2023-12-26,fantástico
venecia plaza centro,italia,habitación cuádruple prémium,2,pareja,fantástico,,,9.0,2023-12-26,fantástico
venecia plaza centro,españa,habitación cuádruple económica sin vistas,1,familia,fantástico,,,9.0,2023-12-23,fantástico
venecia plaza centro,españa,habitación estándar,2,familia,fantástico,,,9.0,2023-12-23,fantástico
venecia plaza centro,italia,habitación doble con balcón - plaza del ayuntamiento,3,pareja,excepcional,,,10.0,2023-12-22,fantástico
venecia plaza centro,países bajos,,2,grupo,fantástico,,,9.0,2023-12-21,fantástico
venecia plaza centro,países bajos,habitación doble con balcón - plaza del ayuntamiento,3,pareja,fantástico,,,9.0,2023-12-21,fantástico
venecia plaza centro,croacia,habitación estándar,3,pareja,excepcional,,,10.0,2023-12-21,fantástico
venecia plaza centro,francia,habitación doble con balcón - plaza del ayuntamiento,1,pareja,excepcional,,,10.0,2023-12-21,fantástico
venecia plaza centro,italia,habitación cuádruple económica sin vistas,3,familia,fantástico,,,9.0,2023-12-20,fantástico
venecia plaza centro,serbia,habitación estándar,2,familia,fantástico,,,9.0,2023-12-20,fantástico
venecia plaza centro,reino unido,habitación cuádruple prémium,3,familia,fantástico,,,9.0,2023-12-18,fantástico
venecia plaza centro,italia,habitación triple superior,1,grupo,muy bien,,,8.0,2023-12-18,fantástico
venecia plaza centro,italia,,2,pareja,excepcional,,,10.0,2023-12-18,fantástico
venecia plaza centro,italia,habitación estándar,2,pareja,excepcional,,,10.0,2023-12-17,fantástico
venecia plaza centro,suiza,habitación triple superior,1,familia,excepcional,,,10.0,2023-12-16,fantástico
venecia plaza centro,ucrania,habitación triple económica con vistas al patio interior,1,familia,fantástico,,,9.0,2023-12-16,fantástico
venecia plaza centro,ucrania,habitación estándar,2,familia,excepcional,,,10.0,2023-12-15,fantástico
venecia plaza centro,méxico,habitación estándar,2,familia,excepcional,,,10.0,2023-12-14,fantástico
venecia plaza centro,bélgica,habitación estándar,2,familia,excepcional,,,10.0,2023-12-14,fantástico
venecia plaza centro,bélgica,habitación doble económica con vistas al patio interior,3,familia,fantástico,,,9.0,2023-12-14,fantástico
venecia plaza centro,italia,habitación doble con balcón - plaza del ayuntamiento,2,pareja,excepcional,,,10.0,2023-12-12,fantástico
venecia plaza centro,españa,habitación doble económica con vistas al patio interior,2,familia,fantástico,,,9.0,2023-12-12,fantástico
venecia plaza centro,italia,,4,pareja,excepcional,,,10.0,2023-12-12,fantástico
venecia plaza centro,italia,habitación doble con balcón - plaza del ayuntamiento,5,pareja,excepcional,,,10.0,2023-12-11,fantástico
venecia plaza centro,italia,habitación triple superior,3,familia,fantástico,,,9.0,2023-12-10,fantástico
venecia plaza centro,italia,habitación doble económica con vistas al patio interior,3,grupo,fantástico,,,9.0,2023-12-10,fantástico
venecia plaza centro,italia,habitación estándar,2,familia,excepcional,,,10.0,2023-12-10,fantástico
venecia plaza centro,italia,habitación triple económica con vistas al patio interior,2,pareja,fantástico,,,9.0,2023-12-09,fantástico
venecia plaza centro,grecia,habitación doble económica con vistas al patio interior,2,pareja,excepcional,,,10.0,2023-12-05,fantástico
venecia plaza centro,malasia,,1,grupo,muy bien,,,8.0,2023-12-05,fantástico
venecia plaza centro,alemania,habitación doble con balcón - plaza del ayuntamiento,1,familia,fantástico,,,9.0,2023-12-04,fantástico
venecia plaza centro,canadá,habitación estándar,2,persona que viaja sola,excepcional,,,10.0,2023-12-04,fantástico
venecia plaza centro,italia,habitación triple superior,3,familia,excepcional,,,10.0,2023-12-03,fantástico
venecia plaza centro,bélgica,habitación cuádruple económica sin vistas,2,grupo,excepcional,,,10.0,2023-12-01,fantástico
venecia plaza centro,italia,habitación doble económica con vistas al patio interior,4,pareja,fantástico,,,9.0,2023-11-30,fantástico
venecia plaza centro,alemania,habitación doble económica con vistas al patio interior,1,pareja,fantástico,,,9.0,2023-11-30,fantástico
venecia plaza centro,austria,habitación triple superior,3,familia,fantástico,,,9.0,2023-11-29,fantástico
venecia plaza centro,alemania,habitación cuádruple prémium,7,pareja,excepcional,,,10.0,2023-11-24,fantástico
venecia plaza centro,bélgica,habitación estándar,4,pareja,excepcional,,,10.0,2023-11-24,fantástico
venecia plaza centro,croacia,habitación doble con balcón - plaza del ayuntamiento,4,grupo,excepcional,,,10.0,2023-11-24,fantástico
venecia plaza centro,polonia,habitación estándar,4,familia,muy bien,,,8.0,2023-11-23,fantástico
venecia plaza centro,italia,habitación estándar,3,pareja,muy bien,,,8.0,2023-11-22,fantástico
venecia plaza centro,italia,habitación estándar,1,pareja,excepcional,,,10.0,2023-11-22,fantástico
venecia plaza centro,italia,,3,pareja,fantástico,,,9.0,2023-11-21,fantástico
venecia plaza centro,alemania,habitación doble económica con vistas al patio interior,1,persona que viaja sola,muy bien,,,8.0,2023-11-17,fantástico
venecia plaza centro,italia,habitación estándar,3,familia,fantástico,,,9.0,2023-11-16,fantástico
venecia plaza centro,irlanda,habitación doble con balcón - plaza del ayuntamiento,1,persona que viaja sola,fantástico,,,9.0,2023-11-15,fantástico
venecia plaza centro,italia,habitación estándar,1,pareja,fantástico,,,9.0,2023-11-14,fantástico
venecia plaza centro,suiza,habitación doble con balcón - plaza del ayuntamiento,3,pareja,excepcional,,,10.0,2023-11-13,fantástico
venecia plaza centro,países bajos,habitación doble con balcón - plaza del ayuntamiento,3,pareja,muy bien,,,8.0,2023-11-13,fantástico
venecia plaza centro,italia,,1,pareja,fantástico,,,9.0,2023-11-13,fantástico
venecia plaza centro,japón,habitación estándar,1,grupo,excepcional,,,10.0,2023-11-13,fantástico
venecia plaza centro,italia,habitación estándar,7,pareja,excepcional,,,10.0,2023-11-11,fantástico
venecia plaza centro,portugal,habitación estándar,3,familia,fantástico,,,9.0,2023-11-10,fantástico
venecia plaza centro,italia,habitación doble con balcón - plaza del ayuntamiento,2,pareja,excepcional,,,10.0,2023-11-10,fantástico
venecia plaza centro,países bajos,habitación estándar,1,familia,muy bien,,,8.0,2023-11-09,fantástico
venecia plaza centro,españa,habitación doble económica con vistas al patio interior,1,grupo,fantástico,,,9.0,2023-11-09,fantástico
venecia plaza centro,argelia,habitación doble económica con vistas al patio interior,1,pareja,excepcional,,,10.0,2023-11-07,fantástico
venecia plaza centro,italia,habitación estándar,3,familia,excepcional,,,10.0,2023-11-06,fantástico
venecia plaza centro,croacia,habitación estándar,1,pareja,fantástico,,,9.0,2023-11-06,fantástico
venecia plaza centro,italia,habitación estándar,3,pareja,fantástico,,,9.0,2023-11-06,fantástico
venecia plaza centro,suiza,habitación cuádruple prémium,2,familia,muy bien,,,8.0,2023-11-06,fantástico
venecia plaza centro,italia,habitación doble deluxe - 1 o 2 camas,3,pareja,fantástico,,,9.0,2023-11-05,fantástico
venecia plaza centro,alemania,habitación doble económica con vistas al patio interior,3,pareja,muy bien,,,8.0,2023-11-05,fantástico
venecia plaza centro,suiza,habitación doble con balcón - plaza del ayuntamiento,2,pareja,muy bien,,,8.0,2023-11-05,fantástico
venecia plaza centro,italia,habitación estándar,3,pareja,excepcional,,,10.0,2023-11-05,fantástico
venecia plaza centro,italia,,2,grupo,muy bien,,,8.0,2023-11-04,fantástico
venecia plaza centro,italia,,3,familia,excepcional,,,10.0,2023-11-04,fantástico
venecia plaza centro,francia,habitación triple superior,1,familia,fantástico,,,9.0,2023-11-03,fantástico
venecia plaza centro,chipre,habitación doble con balcón - plaza del ayuntamiento,4,pareja,excepcional,,,10.0,2023-11-03,fantástico
venecia plaza centro,italia,habitación cuádruple prémium,3,familia,excepcional,,,10.0,2023-11-03,fantástico
venecia plaza centro,italia,habitación triple superior,3,familia,excepcional,,,10.0,2023-11-03,fantástico
venecia plaza centro,francia,habitación triple económica con vistas al patio interior,1,grupo,muy bien,,,8.0,2023-11-02,fantástico
venecia plaza centro,georgia,habitación cuádruple prémium,1,familia,excepcional,,,10.0,2023-11-01,fantástico
venecia plaza centro,finlandia,habitación doble económica con vistas al patio interior,2,familia,fantástico,,,9.0,2023-11-01,fantástico
venecia plaza centro,alemania,habitación doble económica con vistas al patio interior,3,pareja,"super lage, nettes personal - schönes zimmer",,,10.0,2023-10-31,fantástico
venecia plaza centro,italia,,2,grupo,excepcional,,,10.0,2023-10-27,fantástico
venecia plaza centro,países bajos,habitación doble con balcón - plaza del ayuntamiento,2,pareja,fantástico,,,9.0,2023-10-26,fantástico
venecia plaza centro,italia,habitación triple superior,1,familia,excepcional,,,10.0,2023-10-25,fantástico
venecia plaza centro,austria,habitación cuádruple prémium,2,familia,fantástico,,,9.0,2023-10-25,fantástico
venecia plaza centro,alemania,habitación doble deluxe - 1 o 2 camas,4,familia,muy bien,,,8.0,2023-10-25,fantástico
venecia plaza centro,italia,habitación triple superior,3,grupo,excepcional,,,10.0,2023-10-22,fantástico
venecia plaza centro,italia,habitación triple superior,3,familia,excepcional,,,10.0,2023-10-22,fantástico
venecia plaza centro,países bajos,habitación triple superior,4,grupo,muy bien,,,8.0,2023-10-21,fantástico
venecia plaza centro,bélgica,habitación estándar,1,pareja,muy bien,,,8.0,2023-10-21,fantástico
venecia plaza centro,países bajos,habitación estándar,1,pareja,fantástico,,,9.0,2023-10-21,fantástico
venecia plaza centro,italia,habitación cuádruple superior,2,grupo,muy bien,,,8.0,2023-10-19,fantástico
venecia plaza centro,italia,,1,pareja,fantástico,,,9.0,2023-10-19,fantástico
venecia plaza centro,italia,habitación estándar,2,grupo,fantástico,,,9.0,2023-10-19,fantástico
venecia plaza centro,dinamarca,habitación estándar,3,familia,fantástico,,,9.0,2023-10-18,fantástico
venecia plaza centro,alemania,habitación doble con balcón - plaza del ayuntamiento,1,pareja,fantástico,,,9.0,2023-10-18,fantástico
venecia plaza centro,rusia,habitación triple superior,1,familia,fantástico,,,9.0,2023-10-18,fantástico
venecia plaza centro,países bajos,habitación estándar,3,pareja,fantástico,,,9.0,2023-10-17,fantástico
venecia plaza centro,alemania,habitación cuádruple prémium,4,grupo,excepcional,,,10.0,2023-10-17,fantástico
venecia plaza centro,suiza,habitación estándar,1,pareja,fantástico,,,9.0,2023-10-17,fantástico
venecia plaza centro,españa,habitación doble económica con vistas al patio interior,1,grupo,excepcional,,,10.0,2023-10-14,fantástico
venecia plaza centro,italia,,3,pareja,fantástico,,,9.0,2023-10-13,fantástico
venecia plaza centro,alemania,habitación estándar,2,familia,fantástico,,,9.0,2023-10-12,fantástico
venecia plaza centro,italia,habitación estándar,3,familia,excepcional,,,10.0,2023-10-12,fantástico
venecia plaza centro,canadá,,3,persona que viaja sola,fantástico,,,9.0,2023-10-10,fantástico
venecia plaza centro,eslovenia,habitación estándar,5,familia,excepcional,,,10.0,2023-10-10,fantástico
venecia plaza centro,italia,habitación cuádruple prémium,1,familia,excepcional,,,10.0,2023-10-10,fantástico
venecia plaza centro,bélgica,habitación estándar,2,pareja,muy bien,,,8.0,2023-10-08,fantástico
venecia plaza centro,bélgica,,3,pareja,fantástico,,,9.0,2023-10-08,fantástico
venecia plaza centro,alemania,habitación estándar,3,pareja,muy bien,,,8.0,2023-10-07,fantástico
venecia plaza centro,italia,habitación cuádruple prémium,5,grupo,"perfetto, centrale e con una vista mozzafiato",,,10.0,2023-10-05,fantástico
venecia plaza centro,italia,,2,grupo,excepcional,,,10.0,2023-10-04,fantástico
venecia plaza centro,países bajos,,3,pareja,fantástico,,,9.0,2023-10-04,fantástico
venecia plaza centro,italia,habitación cuádruple prémium,2,grupo,excepcional,,,10.0,2023-10-03,fantástico
venecia plaza centro,italia,habitación estándar,2,pareja,excepcional,,,10.0,2023-10-03,fantástico
venecia plaza centro,países bajos,,3,pareja,excepcional,,,10.0,2023-10-02,fantástico
venecia plaza centro,países bajos,habitación estándar,3,pareja,super centraal en schoon,,,10.0,2023-10-01,fantástico
venecia plaza centro,italia,habitación triple superior,3,familia,excepcional,,,10.0,2023-10-01,fantástico
venecia plaza centro,luxemburgo,habitación individual económica sin ventana,1,persona que viaja sola,muy bien,,,8.0,2023-09-30,fantástico
venecia plaza centro,países bajos,habitación estándar,4,pareja,"geweldig hotel, perfecte locatie, ontzettend schoon, vriendelijk personeel, goed ontbijt.",,,10.0,2023-09-29,fantástico
venecia plaza centro,países bajos,habitación doble con balcón - plaza del ayuntamiento,1,pareja,muy bien,,,8.0,2023-09-28,fantástico
venecia plaza centro,brasil,habitación triple superior,2,familia,excepcional,,,10.0,2023-09-28,fantástico
venecia plaza centro,españa,habitación estándar,1,pareja,fantástico,,,9.0,2023-09-26,fantástico
venecia plaza centro,bélgica,habitación estándar,5,pareja,fantastisch,,,10.0,2023-09-25,fantástico
venecia plaza centro,italia,habitación cuádruple prémium,3,grupo,fantástico,,,9.0,2023-09-25,fantástico
venecia plaza centro,alemania,habitación triple económica con vistas al patio interior,2,familia,excepcional,,,10.0,2023-09-25,fantástico
venecia plaza centro,italia,habitación doble con balcón - plaza del ayuntamiento,7,pareja,fantástico,,,9.0,2023-09-24,fantástico
venecia plaza centro,alemania,habitación doble con balcón - plaza del ayuntamiento,2,grupo,excepcional,,,10.0,2023-09-24,fantástico
venecia plaza centro,italia,habitación cuádruple económica sin vistas,1,familia,fantástico,,,9.0,2023-09-22,fantástico
venecia plaza centro,eslovenia,habitación estándar,3,pareja,excepcional,,,10.0,2023-09-22,fantástico
venecia plaza centro,dinamarca,habitación triple superior,3,grupo,fantástico,,,9.0,2023-09-22,fantástico
venecia plaza centro,italia,habitación estándar,2,pareja,excepcional,,,10.0,2023-09-19,fantástico
venecia plaza centro,alemania,habitación estándar,1,pareja,muy bien,,,8.0,2023-09-18,fantástico
venecia plaza centro,italia,habitación estándar,3,familia,fantástico,,,9.0,2023-09-17,fantástico
venecia plaza centro,francia,habitación estándar,3,pareja,fantástico,,,9.0,2023-09-15,fantástico
venecia plaza centro,italia,habitación cuádruple superior,2,familia,excepcional,,,10.0,2023-09-14,fantástico
venecia plaza centro,brasil,habitación cuádruple prémium,1,grupo,excepcional,,,10.0,2023-09-14,fantástico
venecia plaza centro,francia,habitación estándar,2,pareja,muy bien,,,8.0,2023-09-13,fantástico
venecia plaza centro,países bajos,habitación doble con balcón - plaza del ayuntamiento,2,familia,fantástico,,,9.0,2023-09-13,fantástico
venecia plaza centro,armenia,habitación doble con balcón - plaza del ayuntamiento,2,pareja,excepcional,,,10.0,2023-09-13,fantástico
venecia plaza centro,francia,habitación cuádruple económica sin vistas,1,familia,excepcional,,,10.0,2023-09-12,fantástico
venecia plaza centro,francia,habitación estándar,4,familia,excepcional,,,10.0,2023-09-11,fantástico
venecia plaza centro,italia,habitación estándar,7,familia,muy bien,,,8.0,2023-09-10,fantástico
venecia plaza centro,italia,habitación cuádruple superior,3,familia,excepcional,,,10.0,2023-09-08,fantástico
venecia plaza centro,bélgica,habitación cuádruple prémium,3,grupo,fantástico,,,9.0,2023-09-07,fantástico
venecia plaza centro,italia,habitación estándar,3,pareja,fantástico,,,9.0,2023-09-06,fantástico
venecia plaza centro,países bajos,habitación estándar,5,familia,muy bien,,,8.0,2023-09-06,fantástico
venecia plaza centro,italia,habitación estándar,6,grupo,excepcional,,,10.0,2023-09-06,fantástico
venecia plaza centro,eslovaquia,habitación triple económica con vistas al patio interior,2,familia,excepcional,,,10.0,2023-09-05,fantástico
venecia plaza centro,serbia,habitación doble con balcón - plaza del ayuntamiento,1,pareja,excepcional,,,10.0,2023-09-04,fantástico
venecia plaza centro,italia,habitación doble económica con vistas al patio interior,3,familia,excepcional,,,10.0,2023-09-04,fantástico
venecia plaza centro,italia,habitación doble con balcón - plaza del ayuntamiento,4,pareja,fantástico,,,9.0,2023-09-04,fantástico
venecia plaza centro,francia,habitación doble con balcón - plaza del ayuntamiento,1,persona que viaja sola,fantástico,,,9.0,2023-09-04,fantástico
venecia plaza centro,eslovenia,habitación triple superior,4,familia,excepcional,,,10.0,2023-09-02,fantástico
venecia plaza centro,españa,habitación estándar,1,pareja,excepcional,,,10.0,2023-09-02,fantástico
venecia plaza centro,italia,habitación doble con balcón - plaza del ayuntamiento,1,pareja,excepcional,,,10.0,2023-09-01,fantástico
venecia plaza centro,francia,habitación triple superior,1,familia,excepcional,,,10.0,2023-09-01,fantástico
venecia plaza centro,italia,habitación doble con balcón - plaza del ayuntamiento,5,pareja,fantástico,,,9.0,2023-09-01,fantástico
venecia plaza centro,italia,habitación cuádruple económica sin vistas,2,familia,fantástico,,,9.0,2023-08-31,fantástico
venecia plaza centro,italia,habitación triple económica con vistas al patio interior,2,familia,excepcional,,,10.0,2023-08-31,fantástico
venecia plaza centro,bielorrusia,habitación cuádruple superior,2,familia,fantástico,,,9.0,2023-08-31,fantástico
venecia plaza centro,hungría,habitación doble económica con vistas al patio interior,1,grupo,fantástico,,,9.0,2023-08-30,fantástico
venecia plaza centro,argelia,habitación cuádruple superior,2,familia,fantástico,,,9.0,2023-08-30,fantástico
venecia plaza centro,países bajos,,2,familia,muy bien,,,8.0,2023-08-30,fantástico
venecia plaza centro,bulgaria,habitación doble con balcón - plaza del ayuntamiento,6,pareja,excepcional,,,10.0,2023-08-30,fantástico
venecia plaza centro,italia,,3,pareja,excepcional,,,10.0,2023-08-30,fantástico
venecia plaza centro,italia,habitación triple superior,5,grupo,excepcional,,,10.0,2023-08-29,fantástico
venecia plaza centro,italia,habitación triple superior,2,grupo,muy bien,,,8.0,2023-08-28,fantástico
venecia plaza centro,italia,habitación cuádruple prémium,3,familia,excepcional,,,10.0,2023-08-28,fantástico
venecia plaza centro,alemania,habitación doble con balcón - plaza del ayuntamiento,1,pareja,muy bien,,,8.0,2023-08-28,fantástico
venecia plaza centro,bélgica,,1,familia,fantástico,,,9.0,2023-08-28,fantástico
venecia plaza centro,italia,habitación doble con balcón - plaza del ayuntamiento,7,pareja,muy bien,,,8.0,2023-08-27,fantástico
venecia plaza centro,países bajos,habitación doble con balcón - plaza del ayuntamiento,5,grupo,excepcional,,,10.0,2023-08-27,fantástico
venecia plaza centro,canadá,habitación doble económica con vistas al patio interior,2,pareja,excepcional,,,10.0,2023-08-27,fantástico
venecia plaza centro,portugal,habitación estándar,1,pareja,excepcional,,,10.0,2023-08-27,fantástico
venecia plaza centro,italia,habitación estándar,6,pareja,muy bien,,,8.0,2023-08-25,fantástico
venecia plaza centro,italia,habitación doble con balcón - plaza del ayuntamiento,1,grupo,fantástico,,,9.0,2023-08-24,fantástico
venecia plaza centro,italia,habitación estándar,4,pareja,fantástico,,,9.0,2023-08-24,fantástico
venecia plaza centro,españa,,1,familia,fantástico,,,9.0,2023-08-24,fantástico
venecia plaza centro,italia,habitación individual económica sin ventana,1,persona que viaja sola,excepcional,,,10.0,2023-08-23,fantástico
venecia plaza centro,italia,habitación estándar,6,pareja,fantástico,,,9.0,2023-08-23,fantástico
venecia plaza centro,italia,habitación cuádruple económica sin vistas,1,grupo,"buona posizione, super centrale. camera pulita e staff gentile. consigliato!",,,10.0,2023-08-23,fantástico
venecia plaza centro,francia,habitación estándar,1,familia,fantástico,,,9.0,2023-08-23,fantástico
venecia plaza centro,italia,habitación estándar,5,pareja,fantástico,,,9.0,2023-08-22,fantástico
venecia plaza centro,francia,habitación doble económica con vistas al patio interior,1,pareja,fantástico,,,9.0,2023-08-22,fantástico
venecia plaza centro,italia,habitación estándar,2,pareja,excepcional,,,10.0,2023-08-22,fantástico
venecia plaza centro,italia,habitación triple superior,3,familia,excepcional,,,10.0,2023-08-22,fantástico
venecia plaza centro,italia,habitación estándar,1,familia,excepcional,,,10.0,2023-08-22,fantástico
venecia plaza centro,italia,habitación estándar,6,pareja,excepcional,,,10.0,2023-08-21,fantástico
venecia plaza centro,italia,habitación doble económica con vistas al patio interior,4,pareja,fantástico,,,9.0,2023-08-21,fantástico
venecia plaza centro,países bajos,habitación doble económica con vistas al patio interior,4,pareja,excepcional,,,10.0,2023-08-21,fantástico
venecia plaza centro,italia,habitación triple superior,3,familia,excepcional,,,10.0,2023-08-21,fantástico
venecia plaza centro,francia,habitación triple superior,1,familia,excepcional,,,10.0,2023-08-20,fantástico
venecia plaza centro,italia,,7,grupo,excepcional,,,10.0,2023-08-19,fantástico
venecia plaza centro,italia,habitación estándar,4,pareja,excepcional,,,10.0,2023-08-19,fantástico
venecia plaza centro,italia,habitación cuádruple prémium,4,grupo,muy bien,,,8.0,2023-08-19,fantástico
venecia plaza centro,italia,habitación cuádruple superior,4,grupo,fantástico,,,9.0,2023-08-19,fantástico
venecia plaza centro,francia,habitación doble con balcón - plaza del ayuntamiento,1,pareja,muy bien,,,8.0,2023-08-18,fantástico
venecia plaza centro,italia,habitación estándar,3,pareja,fantástico,,,9.0,2023-08-18,fantástico
venecia plaza centro,italia,habitación estándar,3,familia,excepcional,,,10.0,2023-08-18,fantástico
venecia plaza centro,austria,habitación estándar,1,pareja,excepcional,,,10.0,2023-08-17,fantástico
venecia plaza centro,italia,habitación estándar,4,pareja,excepcional,,,10.0,2023-08-17,fantástico
venecia plaza centro,alemania,habitación estándar,7,pareja,fantástico,,,9.0,2023-08-17,fantástico
venecia plaza centro,italia,,6,pareja,fantástico,,,9.0,2023-08-17,fantástico
venecia plaza centro,países bajos,habitación doble económica con vistas al patio interior,1,pareja,fantástico,,,9.0,2023-08-16,fantástico
venecia plaza centro,bélgica,habitación doble con balcón - plaza del ayuntamiento,1,pareja,fantástico,,,9.0,2023-08-16,fantástico
venecia plaza centro,italia,,1,grupo,excepcional,,,10.0,2023-08-16,fantástico
venecia plaza centro,italia,habitación estándar,8,familia,excepcional,,,10.0,2023-08-16,fantástico
venecia plaza centro,italia,habitación cuádruple económica sin vistas,4,grupo,excepcional,,,10.0,2023-08-15,fantástico
venecia plaza centro,italia,habitación triple superior,2,grupo,muy bien,,,8.0,2023-08-14,fantástico
venecia plaza centro,italia,habitación cuádruple prémium,3,grupo,fantástico,,,9.0,2023-08-14,fantástico
venecia plaza centro,francia,habitación cuádruple prémium,2,familia,excepcional,,,10.0,2023-08-14,fantástico
venecia plaza centro,países bajos,habitación estándar,4,grupo,muy bien,,,8.0,2023-08-14,fantástico
venecia plaza centro,francia,habitación cuádruple superior,1,familia,excepcional,,,10.0,2023-08-14,fantástico
venecia plaza centro,españa,habitación triple superior,1,familia,fantástico,,,9.0,2023-08-14,fantástico
venecia plaza centro,portugal,habitación estándar,2,pareja,fantástico,,,9.0,2023-08-13,fantástico
venecia plaza centro,tailandia,habitación cuádruple superior,1,familia,muy bien,,,8.0,2023-08-13,fantástico
venecia plaza centro,italia,habitación estándar,5,pareja,excepcional,,,10.0,2023-08-13,fantástico
venecia plaza centro,italia,,10,pareja,fantástico,,,9.0,2023-08-12,fantástico
venecia plaza centro,italia,habitación triple superior,3,familia,fantástico,,,9.0,2023-08-12,fantástico
venecia plaza centro,países bajos,habitación doble con balcón - plaza del ayuntamiento,3,pareja,fantástico,,,9.0,2023-08-12,fantástico
venecia plaza centro,italia,habitación doble con balcón - plaza del ayuntamiento,4,pareja,excepcional,,,10.0,2023-08-12,fantástico
venecia plaza centro,bielorrusia,,2,pareja,excepcional,,,10.0,2023-08-11,fantástico
venecia plaza centro,bélgica,habitación cuádruple económica sin vistas,1,familia,fantástico,,,9.0,2023-08-10,fantástico
venecia plaza centro,italia,habitación estándar,2,familia,excepcional,,,10.0,2023-08-10,fantástico
venecia plaza centro,portugal,habitación estándar,2,pareja,excepcional,,,10.0,2023-08-10,fantástico
venecia plaza centro,italia,habitación cuádruple económica sin vistas,1,grupo,excepcional,,,10.0,2023-08-09,fantástico
venecia plaza centro,portugal,habitación estándar,2,grupo,fantástico,,,9.0,2023-08-08,fantástico
venecia plaza centro,italia,habitación triple superior,1,familia,muy bien,,,8.0,2023-08-08,fantástico
venecia plaza centro,italia,habitación estándar,3,grupo,fantástico,,,9.0,2023-08-08,fantástico
venecia plaza centro,eslovenia,habitación cuádruple superior,1,familia,excepcional,,,10.0,2023-08-08,fantástico
venecia plaza centro,italia,,1,familia,excepcional,,,10.0,2023-08-05,fantástico
venecia plaza centro,bielorrusia,habitación cuádruple prémium,2,familia,fantástico,,,9.0,2023-08-05,fantástico
venecia plaza centro,italia,habitación estándar,4,pareja,excepcional,,,10.0,2023-08-05,fantástico
venecia plaza centro,países bajos,habitación doble con balcón - plaza del ayuntamiento,2,pareja,muy bien,,,8.0,2023-08-05,fantástico
venecia plaza centro,dinamarca,,2,pareja,muy bien,,,8.0,2023-08-05,fantástico
venecia plaza centro,francia,habitación cuádruple superior,1,familia,nickel,,,9.0,2023-08-05,fantástico
venecia plaza centro,países bajos,habitación estándar,4,pareja,muy bien,,,8.0,2023-08-04,fantástico
venecia plaza centro,países bajos,habitación estándar,4,pareja,fantástico,,,9.0,2023-08-02,fantástico
venecia plaza centro,italia,,4,pareja,muy bien,,,8.0,2023-08-02,fantástico
venecia plaza centro,alemania,habitación cuádruple prémium,1,familia,fantástico,,,9.0,2023-08-01,fantástico
venecia plaza centro,bélgica,habitación estándar,4,pareja,fantástico,,,9.0,2023-08-01,fantástico
venecia plaza centro,italia,,3,familia,excepcional,,,10.0,2023-07-31,fantástico
venecia plaza centro,bélgica,habitación cuádruple prémium,1,familia,excepcional,,,10.0,2023-07-30,fantástico
venecia plaza centro,turquía,habitación estándar,2,grupo,muy bien,,,8.0,2023-07-30,fantástico
venecia plaza centro,brasil,habitación estándar,3,familia,excepcional,,,10.0,2023-07-29,fantástico
venecia plaza centro,países bajos,habitación triple superior,3,grupo,fantástico,,,9.0,2023-07-29,fantástico
venecia plaza centro,italia,habitación estándar,4,familia,excepcional,,,10.0,2023-07-29,fantástico
venecia plaza centro,italia,habitación estándar,2,familia,excepcional,,,10.0,2023-07-28,fantástico
venecia plaza centro,italia,habitación doble económica con vistas al patio interior,1,pareja,muy bien,,,8.0,2023-07-28,fantástico
venecia plaza centro,alemania,habitación estándar,2,persona que viaja sola,fantástico,,,9.0,2023-07-28,fantástico
venecia plaza centro,italia,habitación estándar,7,familia,excepcional,,,10.0,2023-07-27,fantástico
venecia plaza centro,eslovaquia,habitación estándar,6,pareja,vynikajúce,,,9.0,2023-07-27,fantástico
venecia plaza centro,italia,habitación doble con balcón - plaza del ayuntamiento,3,pareja,fantástico,,,9.0,2023-07-26,fantástico
venecia plaza centro,alemania,,4,grupo,excepcional,,,10.0,2023-07-25,fantástico
venecia plaza centro,francia,habitación doble con balcón - plaza del ayuntamiento,5,pareja,excepcional,,,10.0,2023-07-24,fantástico
venecia plaza centro,grecia,habitación cuádruple económica sin vistas,1,familia,fantástico,,,9.0,2023-07-23,fantástico
venecia plaza centro,alemania,,2,familia,fantástico,,,9.0,2023-07-22,fantástico
venecia plaza centro,portugal,habitación doble con balcón - plaza del ayuntamiento,4,familia,fantástico,,,9.0,2023-07-21,fantástico
venecia plaza centro,bélgica,habitación doble económica con vistas al patio interior,2,familia,fantástico,,,9.0,2023-07-19,fantástico
venecia plaza centro,países bajos,habitación estándar,1,pareja,muy bien,,,8.0,2023-07-18,fantástico
venecia plaza centro,italia,habitación cuádruple económica sin vistas,3,familia,excepcional,,,10.0,2023-07-17,fantástico
venecia plaza centro,brasil,habitación triple superior,4,familia,excepcional,,,10.0,2023-07-17,fantástico
venecia plaza centro,noruega,habitación doble con balcón - plaza del ayuntamiento,1,pareja,fantástico,,,9.0,2023-07-16,fantástico
venecia plaza centro,bélgica,,4,grupo,excepcional,,,10.0,2023-07-16,fantástico
venecia plaza centro,italia,habitación estándar,5,familia,excepcional,,,10.0,2023-07-14,fantástico
venecia plaza centro,suecia,,3,pareja,muy bien,,,8.0,2023-07-12,fantástico
venecia plaza centro,italia,habitación estándar,4,grupo,excepcional,,,10.0,2023-07-11,fantástico
venecia plaza centro,austria,,3,grupo,fantástico,,,9.0,2023-07-11,fantástico
venecia plaza centro,austria,,5,pareja,excepcional,,,10.0,2023-07-10,fantástico
venecia plaza centro,letonia,habitación triple superior,1,familia,excepcional,,,10.0,2023-07-10,fantástico
venecia plaza centro,italia,habitación estándar,3,familia,muy bien,,,8.0,2023-07-10,fantástico
venecia plaza centro,países bajos,,2,persona que viaja sola,fantástico,,,9.0,2023-07-08,fantástico
venecia plaza centro,italia,habitación estándar,2,grupo,excepcional,,,10.0,2023-07-07,fantástico
venecia plaza centro,italia,habitación estándar,5,grupo,muy bien,,,8.0,2023-07-04,fantástico
venecia plaza centro,alemania,habitación estándar,2,familia,fantástico,,,9.0,2023-07-04,fantástico
venecia plaza centro,italia,habitación estándar,4,pareja,excepcional,,,10.0,2023-07-04,fantástico
venecia plaza centro,italia,habitación estándar,3,familia,excepcional,,,10.0,2023-07-03,fantástico
venecia plaza centro,países bajos,habitación estándar,3,familia,excepcional,,,10.0,2023-07-03,fantástico
venecia plaza centro,alemania,habitación doble con balcón - plaza del ayuntamiento,1,pareja,excepcional,,,10.0,2023-07-02,fantástico
venecia plaza centro,italia,habitación triple superior,4,familia,excepcional,,,10.0,2023-07-02,fantástico
venecia plaza centro,italia,habitación doble con balcón - plaza del ayuntamiento,2,pareja,excepcional,,,10.0,2023-07-02,fantástico
venecia plaza centro,italia,habitación estándar,3,pareja,fantástico,,,9.0,2023-07-01,fantástico
venecia plaza centro,países bajos,,4,familia,muy bien,,,8.0,2023-06-30,fantástico
venecia plaza centro,alemania,habitación estándar,2,familia,muy bien,,,8.0,2023-06-29,fantástico
venecia plaza centro,países bajos,habitación cuádruple superior,3,grupo,fantástico,,,9.0,2023-06-27,fantástico
venecia plaza centro,italia,habitación cuádruple económica sin vistas,4,familia,excepcional,,,10.0,2023-06-26,fantástico
venecia plaza centro,italia,habitación estándar,3,pareja,excepcional,,,10.0,2023-06-26,fantástico
venecia plaza centro,suiza,habitación doble económica con vistas al patio interior,1,persona que viaja sola,excepcional,,,10.0,2023-06-26,fantástico
venecia plaza centro,suiza,habitación cuádruple prémium,2,grupo,excepcional,,,10.0,2023-06-26,fantástico
venecia plaza centro,italia,,1,persona que viaja sola,muy bien,,,8.0,2023-06-23,fantástico
venecia plaza centro,suecia,habitación cuádruple superior,1,familia,fantástico,,,9.0,2023-06-22,fantástico
venecia plaza centro,italia,habitación cuádruple prémium,3,grupo,excepcional,,,10.0,2023-06-21,fantástico
venecia plaza centro,alemania,,4,familia,fantástico,,,9.0,2023-06-20,fantástico
venecia plaza centro,italia,habitación cuádruple superior,5,familia,excepcional,,,10.0,2023-06-19,fantástico
venecia plaza centro,francia,habitación estándar,1,pareja,excepcional,,,10.0,2023-06-17,fantástico
venecia plaza centro,países bajos,habitación doble económica con vistas al patio interior,4,familia,muy bien,,,8.0,2023-06-17,fantástico
venecia plaza centro,países bajos,habitación doble económica con vistas al patio interior,3,familia,muy bien,,,8.0,2023-06-16,fantástico
venecia plaza centro,francia,habitación estándar,1,pareja,muy bien,,,8.0,2023-06-16,fantástico
venecia plaza centro,países bajos,habitación doble con balcón - plaza del ayuntamiento,2,pareja,fantástico,,,9.0,2023-06-14,fantástico
venecia plaza centro,italia,habitación triple superior,3,familia,fantástico,,,9.0,2023-06-14,fantástico
venecia plaza centro,países bajos,habitación doble con balcón - plaza del ayuntamiento,3,grupo,fantástico,,,9.0,2023-06-12,fantástico
venecia plaza centro,países bajos,habitación doble con balcón - plaza del ayuntamiento,4,pareja,muy bien,,,8.0,2023-06-12,fantástico
venecia plaza centro,alemania,habitación cuádruple superior,3,grupo,excepcional,,,10.0,2023-06-11,fantástico
venecia plaza centro,italia,habitación estándar,5,pareja,muy bien,,,8.0,2023-06-10,fantástico
venecia plaza centro,croacia,habitación estándar,3,pareja,fantástico,,,9.0,2023-06-10,fantástico
venecia plaza centro,bélgica,habitación estándar,2,familia,muy bien,,,8.0,2023-06-10,fantástico
venecia plaza centro,rumanía,habitación estándar,1,familia,excepcional,,,10.0,2023-06-10,fantástico
venecia plaza centro,hungría,habitación estándar,4,grupo,excepcional,,,10.0,2023-06-09,fantástico
venecia plaza centro,italia,habitación estándar,3,familia,fantástico,,,9.0,2023-06-09,fantástico
venecia plaza centro,bélgica,habitación estándar,3,persona que viaja sola,fantástico,,,9.0,2023-06-08,fantástico
venecia plaza centro,noruega,habitación estándar,2,grupo,excepcional,,,10.0,2023-06-06,fantástico
venecia plaza centro,alemania,habitación cuádruple económica sin vistas,2,familia,fantástico,,,9.0,2023-06-06,fantástico
venecia plaza centro,austria,habitación estándar,2,familia,muy bien,,,8.0,2023-06-05,fantástico
venecia plaza centro,italia,,3,familia,fantástico,,,9.0,2023-06-05,fantástico
venecia plaza centro,italia,habitación estándar,3,pareja,excepcional,,,10.0,2023-06-05,fantástico
venecia plaza centro,austria,,3,grupo,excepcional,,,10.0,2023-06-04,fantástico
venecia plaza centro,italia,habitación doble con balcón - plaza del ayuntamiento,3,pareja,excepcional,,,10.0,2023-06-04,fantástico
venecia plaza centro,países bajos,habitación doble económica con vistas al patio interior,4,pareja,excepcional,,,10.0,2023-06-04,fantástico
venecia plaza centro,grecia,habitación doble económica con vistas al patio interior,3,pareja,excepcional,,,10.0,2023-06-02,fantástico
venecia plaza centro,dinamarca,habitación estándar,1,pareja,fantástico,,,9.0,2023-06-02,fantástico
venecia plaza centro,bélgica,habitación estándar,1,pareja,fantástico,,,9.0,2023-06-02,fantástico
venecia plaza centro,españa,habitación cuádruple prémium,1,grupo,excepcional,,,10.0,2023-05-31,fantástico
venecia plaza centro,países bajos,habitación doble económica con vistas al patio interior,5,grupo,muy bien,,,8.0,2023-05-30,fantástico
venecia plaza centro,países bajos,habitación triple superior,6,pareja,fantástico,,,9.0,2023-05-30,fantástico
venecia plaza centro,alemania,,4,grupo,muy bien,,,8.0,2023-05-29,fantástico
venecia plaza centro,italia,habitación cuádruple superior,2,familia,excepcional,,,10.0,2023-05-28,fantástico
venecia plaza centro,italia,habitación cuádruple superior,1,pareja,excepcional,,,10.0,2023-05-26,fantástico
venecia plaza centro,italia,habitación cuádruple económica sin vistas,2,familia,excepcional,,,10.0,2023-05-26,fantástico
venecia plaza centro,países bajos,habitación doble con balcón - plaza del ayuntamiento,2,pareja,excepcional,,,10.0,2023-05-25,fantástico
venecia plaza centro,italia,habitación doble con balcón - plaza del ayuntamiento,2,pareja,fantástico,,,9.0,2023-05-25,fantástico
venecia plaza centro,italia,habitación cuádruple superior,5,familia,fantástico,,,9.0,2023-05-24,fantástico
venecia plaza centro,alemania,,6,pareja,"súper lage, mitten in der stadt und sehr sauber!",,,8.0,2023-05-24,fantástico
venecia plaza centro,brasil,habitación doble económica con vistas al patio interior,3,pareja,excepcional,,,10.0,2023-05-23,fantástico
venecia plaza centro,países bajos,habitación estándar,3,pareja,muy bien,,,8.0,2023-05-23,fantástico
venecia plaza centro,rusia,,3,pareja,wonderful,,,10.0,2023-05-21,fantástico
venecia plaza centro,italia,,3,pareja,excepcional,,,10.0,2023-05-21,fantástico
venecia plaza centro,italia,habitación cuádruple económica sin vistas,4,familia,fantástico,,,9.0,2023-05-21,fantástico
venecia plaza centro,austria,habitación estándar,3,familia,fantástico,,,9.0,2023-05-21,fantástico
venecia plaza centro,países bajos,habitación estándar,2,pareja,muy bien,,,8.0,2023-05-20,fantástico
venecia plaza centro,italia,,3,grupo,excepcional,,,10.0,2023-05-20,fantástico
venecia plaza centro,francia,habitación doble con balcón - plaza del ayuntamiento,1,persona que viaja sola,muy bien,,,8.0,2023-05-20,fantástico
venecia plaza centro,croacia,habitación estándar,2,pareja,"polo aj hotela je vrhunski,sobe male ali  iste i udobne. osoblje je jako ljubazno!",,,10.0,2023-05-19,fantástico
venecia plaza centro,italia,habitación cuádruple superior,2,grupo,excepcional,,,10.0,2023-05-19,fantástico
venecia plaza centro,italia,habitación estándar,1,familia,fantástico,,,9.0,2023-05-17,fantástico
venecia plaza centro,austria,habitación estándar,3,pareja,excepcional,,,10.0,2023-05-15,fantástico
venecia plaza centro,italia,habitación estándar,2,grupo,muy bien,,,8.0,2023-05-13,fantástico
venecia plaza centro,italia,habitación estándar,2,familia,muy bien,,,8.0,2023-05-13,fantástico
venecia plaza centro,polonia,habitación cuádruple prémium,2,familia,excepcional,,,10.0,2023-05-13,fantástico
venecia plaza centro,países bajos,habitación doble con balcón - plaza del ayuntamiento,4,pareja,fantástico,,,9.0,2023-05-13,fantástico
venecia plaza centro,países bajos,habitación doble económica con vistas al patio interior,5,grupo,fantástico,,,9.0,2023-05-12,fantástico
venecia plaza centro,países bajos,habitación doble con balcón - plaza del ayuntamiento,1,pareja,excepcional,,,10.0,2023-05-12,fantástico
venecia plaza centro,alemania,habitación doble con balcón - plaza del ayuntamiento,3,grupo,muy bien,,,8.0,2023-05-11,fantástico
venecia plaza centro,italia,habitación triple superior,3,grupo,fantástico,,,9.0,2023-05-11,fantástico
venecia plaza centro,bélgica,habitación triple superior,3,grupo,muy bien,,,8.0,2023-05-11,fantástico
venecia plaza centro,alemania,habitación doble con balcón - plaza del ayuntamiento,7,pareja,muy bien,,,8.0,2023-05-10,fantástico
venecia plaza centro,alemania,habitación estándar,2,persona que viaja sola,muy bien,,,8.0,2023-05-10,fantástico
venecia plaza centro,alemania,habitación estándar,1,pareja,excepcional,,,10.0,2023-05-09,fantástico
venecia plaza centro,alemania,habitación estándar,3,grupo,muy bien,,,8.0,2023-05-08,fantástico
venecia plaza centro,italia,habitación cuádruple prémium,3,familia,excepcional,,,10.0,2023-05-08,fantástico
venecia plaza centro,italia,habitación estándar,3,persona que viaja sola,excepcional,,,10.0,2023-05-08,fantástico
venecia plaza centro,italia,habitación estándar,3,pareja,excepcional,,,10.0,2023-05-07,fantástico
venecia plaza centro,italia,habitación estándar,2,pareja,fantástico,,,9.0,2023-05-06,fantástico
venecia plaza centro,países bajos,habitación estándar,2,grupo,excepcional,,,10.0,2023-05-06,fantástico
venecia plaza centro,españa,habitación cuádruple económica sin vistas,2,familia,fantástico,,,9.0,2023-05-04,fantástico
venecia plaza centro,países bajos,,3,grupo,excepcional,,,10.0,2023-05-03,fantástico
venecia plaza centro,dinamarca,,3,pareja,excepcional,,,10.0,2023-05-02,fantástico
venecia plaza centro,italia,habitación doble con balcón - plaza del ayuntamiento,3,grupo,fantástico,,,9.0,2023-05-02,fantástico
venecia plaza centro,italia,habitación estándar,2,pareja,fantástico,,,9.0,2023-05-01,fantástico
venecia plaza centro,españa,habitación triple superior,3,familia,fantástico,,,9.0,2023-05-01,fantástico
venecia plaza centro,italia,,1,grupo,fantástico,,,9.0,2023-05-01,fantástico
venecia plaza centro,alemania,habitación doble económica con vistas al patio interior,1,pareja,excepcional,,,10.0,2023-04-30,fantástico
venecia plaza centro,francia,habitación cuádruple económica sin vistas,1,grupo,excepcional,,,10.0,2023-04-28,fantástico
venecia plaza centro,italia,habitación cuádruple económica sin vistas,1,familia,muy bien,,,8.0,2023-04-28,fantástico
venecia plaza centro,portugal,habitación cuádruple superior,2,grupo,muy bien,,,8.0,2023-04-27,fantástico
venecia plaza centro,italia,,3,grupo,fantástico,,,9.0,2023-04-26,fantástico
venecia plaza centro,italia,habitación triple superior,3,grupo,fantástico,,,9.0,2023-04-26,fantástico
venecia plaza centro,italia,habitación cuádruple superior,4,familia,excepcional,,,10.0,2023-04-26,fantástico
venecia plaza centro,italia,habitación cuádruple superior,3,familia,excepcional,,,10.0,2023-04-24,fantástico
venecia plaza centro,alemania,habitación doble con balcón - plaza del ayuntamiento,3,grupo,excepcional,,,10.0,2023-04-24,fantástico
venecia plaza centro,españa,habitación doble con balcón - plaza del ayuntamiento,1,familia,fantástico,,,9.0,2023-04-22,fantástico
venecia plaza centro,armenia,habitación doble con balcón - plaza del ayuntamiento,3,pareja,excepcional,,,10.0,2023-04-22,fantástico
venecia plaza centro,francia,habitación triple superior,2,familia,fantástico,,,9.0,2023-04-20,fantástico
venecia plaza centro,italia,habitación estándar,4,pareja,excepcional,,,10.0,2023-04-20,fantástico
venecia plaza centro,suiza,habitación triple superior,4,familia,fantástico,,,9.0,2023-04-19,fantástico
venecia plaza centro,alemania,habitación estándar,1,grupo,muy bien,,,8.0,2023-04-19,fantástico
venecia plaza centro,italia,habitación triple superior,3,familia,muy bien,,,8.0,2023-04-19,fantástico
venecia plaza centro,francia,habitación doble con balcón - plaza del ayuntamiento,3,grupo,je recommande l hôtel,,,10.0,2023-04-18,fantástico
venecia plaza centro,italia,habitación estándar,1,pareja,muy bien,,,8.0,2023-04-17,fantástico
venecia plaza centro,francia,habitación cuádruple prémium,2,grupo,excepcional,,,10.0,2023-04-17,fantástico
venecia plaza centro,francia,habitación doble con balcón - plaza del ayuntamiento,2,grupo,fantástico,,,9.0,2023-04-16,fantástico
venecia plaza centro,italia,habitación estándar,3,pareja,excepcional,,,10.0,2023-04-15,fantástico
venecia plaza centro,bélgica,,4,familia,muy bien,,,8.0,2026-04-13,fantástico
venecia plaza centro,italia,habitación estándar,2,familia,fantástico,,,9.0,2026-04-09,fantástico
venecia plaza centro,italia,,2,grupo,fantástico,,,9.0,2026-04-08,fantástico
venecia plaza centro,italia,,2,pareja,fantástico,,,9.0,2026-04-02,fantástico
venecia plaza centro,países bajos,habitación cuádruple estándar,3,grupo,muy bien,,,8.0,2026-04-01,fantástico
venecia plaza centro,suecia,habitación doble estándar con vistas a la plaza del ayuntamiento,3,pareja,muy bien,,,8.0,2026-03-30,fantástico
venecia plaza centro,italia,,2,grupo,fantástico,,,9.0,2026-03-30,fantástico
venecia plaza centro,francia,habitación cuádruple económica sin vistas,1,familia,muy bien,,,8.0,2026-03-29,fantástico
venecia plaza centro,azerbaiyán,habitación doble estándar con vistas a la plaza del ayuntamiento,1,pareja,fantástico,,,9.0,2026-03-29,fantástico
venecia plaza centro,italia,habitación doble estándar con vistas a la plaza del ayuntamiento,3,grupo,excepcional,,,10.0,2026-03-27,fantástico
venecia plaza centro,italia,habitación estándar,2,familia,muy bien,,,8.0,2026-03-26,fantástico
venecia plaza centro,españa,,1,familia,muy bien,,,8.0,2026-03-17,fantástico
venecia plaza centro,suecia,habitación estándar,14,familia,muy bien,,,8.0,2026-03-14,fantástico
venecia plaza centro,ucrania,habitación estándar,1,persona que viaja sola,fantástico,,,9.0,2026-03-13,fantástico
venecia plaza centro,turquía,habitación cuádruple económica sin vistas,1,familia,excepcional,,,10.0,2026-03-09,fantástico
venecia plaza centro,suiza,habitación triple económica con vistas al patio interior,4,grupo,überdurchschnittlich zufrieden,,,8.0,2026-03-09,fantástico
venecia plaza centro,países bajos,habitación estándar,4,pareja,muy bien,,,8.0,2026-03-08,fantástico
venecia plaza centro,bulgaria,habitación cuádruple superior,3,familia,muy bien,,,8.0,2026-03-08,fantástico
venecia plaza centro,italia,habitación estándar,2,familia,fantástico,,,9.0,2026-03-08,fantástico
venecia plaza centro,brasil,habitación estándar,1,familia,fantástico,,,9.0,2026-03-05,fantástico
venecia plaza centro,españa,habitación estándar,1,grupo,muy bien,,,8.0,2026-02-19,fantástico
venecia plaza centro,italia,habitación triple económica con vistas al patio interior,3,familia,fantástico,,,9.0,2026-02-19,fantástico
venecia plaza centro,ucrania,habitación doble estándar con vistas a la plaza del ayuntamiento,1,familia,fantástico,,,9.0,2026-02-17,fantástico
venecia plaza centro,alemania,habitación doble estándar con vistas a la plaza del ayuntamiento,4,familia,fantástico,,,9.0,2026-02-16,fantástico
venecia plaza centro,rumanía,,1,pareja,fantástico,,,9.0,2026-02-14,fantástico
venecia plaza centro,italia,,3,familia,fantástico,,,9.0,2026-02-12,fantástico
venecia plaza centro,países bajos,habitación estándar,2,pareja,muy bien,,,8.0,2026-02-10,fantástico
venecia plaza centro,polonia,habitación doble estándar con vistas a la plaza del ayuntamiento,5,familia,fantástico,,,9.0,2026-02-09,fantástico
venecia plaza centro,suecia,habitación doble estándar con vistas a la plaza del ayuntamiento,1,pareja,muy bien,,,8.0,2026-02-07,fantástico
venecia plaza centro,italia,,6,persona que viaja sola,muy bien,,,8.0,2026-02-04,fantástico
venecia plaza centro,italia,habitación doble estándar con vistas a la plaza del ayuntamiento,1,grupo,fantástico,,,9.0,2026-02-03,fantástico
venecia plaza centro,bélgica,habitación estándar,2,pareja,fantástico,,,9.0,2026-02-01,fantástico
venecia plaza centro,rumanía,habitación estándar,3,pareja,fantástico,,,9.0,2026-01-26,fantástico
venecia plaza centro,españa,habitación doble estándar con vistas a la plaza del ayuntamiento,1,pareja,fantástico,,,9.0,2026-01-25,fantástico
venecia plaza centro,argelia,habitación estándar,1,persona que viaja sola,muy bien,,,8.0,2026-01-17,fantástico
venecia plaza centro,francia,,3,familia,muy bien,,,8.0,2026-01-17,fantástico
venecia plaza centro,países bajos,,4,grupo,muy bien,,,8.0,2026-01-12,fantástico
venecia plaza centro,rumanía,habitación doble estándar con vistas a la plaza del ayuntamiento,4,familia,muy bien,,,8.0,2026-01-10,fantástico
venecia plaza centro,noruega,habitación estándar,3,pareja,fantástico,,,9.0,2026-01-06,fantástico
venecia plaza centro,españa,habitación estándar,2,familia,muy bien,,,8.0,2026-01-01,fantástico
venecia plaza centro,brasil,habitación doble estándar con vistas a la plaza del ayuntamiento,2,pareja,excepcional,,,10.0,2025-12-26,fantástico
venecia plaza centro,países bajos,habitación estándar,1,grupo,muy bien,,,8.0,2025-12-25,fantástico
venecia plaza centro,suiza,habitación estándar,5,persona que viaja sola,muy bien,,,8.0,2025-12-23,fantástico
venecia plaza centro,países bajos,habitación doble estándar con vistas a la plaza del ayuntamiento,3,pareja,fantástico,,,9.0,2025-12-21,fantástico
venecia plaza centro,españa,,1,grupo,muy bien,,,8.0,2025-12-06,fantástico
venecia plaza centro,alemania,,3,persona que viaja sola,fantástico,,,9.0,2025-12-05,fantástico
venecia plaza centro,italia,habitación estándar,2,familia,fantástico,,,9.0,2025-11-30,fantástico
venecia plaza centro,italia,,4,pareja,muy bien,,,8.0,2025-11-29,fantástico
venecia plaza centro,argelia,habitación triple económica con vistas al patio interior,1,familia,muy bien,,,8.0,2025-11-25,fantástico
venecia plaza centro,italia,,3,pareja,muy bien,,,8.0,2025-11-25,fantástico
venecia plaza centro,italia,habitación doble estándar con vistas a la plaza del ayuntamiento,3,pareja,fantástico,,,9.0,2025-11-19,fantástico
venecia plaza centro,italia,habitación cuádruple estándar,3,familia,fantástico,,,9.0,2025-11-19,fantástico
venecia plaza centro,países bajos,,3,grupo,muy bien,,,8.0,2025-11-13,fantástico
venecia plaza centro,italia,habitación cuádruple estándar,2,familia,muy bien,,,8.0,2025-11-10,fantástico
venecia plaza centro,países bajos,,2,grupo,muy bien,,,8.0,2025-11-09,fantástico
venecia plaza centro,suiza,habitación cuádruple superior,6,pareja,muy bien,,,8.0,2025-11-06,fantástico
venecia plaza centro,italia,habitación cuádruple superior,3,familia,fantástico,,,9.0,2025-11-04,fantástico
venecia plaza centro,países bajos,habitación doble estándar con vistas a la plaza del ayuntamiento,1,pareja,muy bien,,,8.0,2025-11-03,fantástico
venecia plaza centro,italia,habitación doble estándar con vistas a la plaza del ayuntamiento,4,familia,fantástico,,,9.0,2025-11-01,fantástico
venecia plaza centro,alemania,habitación cuádruple superior,4,grupo,fantástico,,,9.0,2025-10-29,fantástico
venecia plaza centro,alemania,habitación doble estándar con vistas a la plaza del ayuntamiento,4,familia,fantástico,,,9.0,2025-10-24,fantástico
venecia plaza centro,españa,,1,pareja,fantástico,,,9.0,2025-10-23,fantástico
venecia plaza centro,turquía,habitación estándar,3,persona que viaja sola,muy bien,,,8.0,2025-10-22,fantástico
venecia plaza centro,suiza,habitación doble estándar con vistas a la plaza del ayuntamiento,3,grupo,fantástico,,,9.0,2025-10-21,fantástico
venecia plaza centro,suiza,habitación cuádruple estándar,5,familia,muy bien,,,8.0,2025-10-08,fantástico
venecia plaza centro,suiza,habitación estándar,1,persona que viaja sola,muy bien,,,8.0,2025-10-07,fantástico
venecia plaza centro,países bajos,habitación estándar,3,grupo,excepcional,,,10.0,2025-10-05,fantástico
venecia plaza centro,suecia,,5,familia,excepcional,,,10.0,2025-10-05,fantástico
venecia plaza centro,hungría,habitación estándar,3,familia,muy bien,,,8.0,2025-10-02,fantástico
venecia plaza centro,países bajos,habitación estándar,3,familia,fantástico,,,9.0,2025-09-25,fantástico
venecia plaza centro,italia,,2,familia,fantástico,,,9.0,2025-09-18,fantástico
venecia plaza centro,turquía,,1,grupo,muy bien,,,8.0,2025-09-17,fantástico
venecia plaza centro,italia,habitación doble estándar con vistas a la plaza del ayuntamiento,3,pareja,excepcional,,,10.0,2025-09-16,fantástico
venecia plaza centro,alemania,,2,grupo,fantástico,,,9.0,2025-09-15,fantástico
venecia plaza centro,alemania,habitación estándar,4,persona que viaja sola,muy bien,,,8.0,2025-09-13,fantástico
venecia plaza centro,italia,,3,familia,muy bien,,,8.0,2025-09-11,fantástico
venecia plaza centro,suiza,,2,grupo,muy bien,,,8.0,2025-09-07,fantástico
venecia plaza centro,españa,habitación individual económica,1,persona que viaja sola,excepcional,,,10.0,2025-09-06,fantástico
venecia plaza centro,italia,habitación doble estándar con vistas a la plaza del ayuntamiento,5,pareja,muy bien,,,8.0,2025-09-06,fantástico
venecia plaza centro,países bajos,habitación estándar,3,grupo,excepcional,,,10.0,2025-09-02,fantástico
venecia plaza centro,ucrania,habitación doble estándar con vistas a la plaza del ayuntamiento,1,persona que viaja sola,muy bien,,,8.0,2025-08-29,fantástico
venecia plaza centro,italia,,5,familia,fantástico,,,9.0,2025-08-28,fantástico
venecia plaza centro,españa,habitación estándar,1,pareja,muy bien,,,8.0,2025-08-23,fantástico
venecia plaza centro,bélgica,habitación triple económica con vistas al patio interior,3,familia,muy bien,,,8.0,2025-08-21,fantástico
venecia plaza centro,italia,,6,grupo,fantástico,,,9.0,2025-08-17,fantástico
venecia plaza centro,francia,habitación cuádruple económica sin vistas,1,familia,fantástico,,,9.0,2025-08-17,fantástico
venecia plaza centro,italia,habitación cuádruple estándar,3,familia,muy bien,,,8.0,2025-08-16,fantástico
venecia plaza centro,portugal,,1,familia,fantástico,,,9.0,2025-08-09,fantástico
venecia plaza centro,alemania,habitación cuádruple estándar,2,familia,muy bien,,,8.0,2025-08-01,fantástico
venecia plaza centro,francia,habitación doble estándar con vistas a la plaza del ayuntamiento,1,pareja,fantástico,,,9.0,2025-08-01,fantástico
venecia plaza centro,francia,habitación estándar,2,familia,fantástico,,,9.0,2025-07-27,fantástico
venecia plaza centro,alemania,habitación estándar,7,persona que viaja sola,muy bien,,,8.0,2025-07-27,fantástico
venecia plaza centro,italia,habitación estándar,2,pareja,fantástico,,,9.0,2025-07-25,fantástico
venecia plaza centro,países bajos,,2,familia,fantástico,,,9.0,2025-07-19,fantástico
venecia plaza centro,noruega,,2,familia,muy bien,,,8.0,2025-07-19,fantástico
venecia plaza centro,países bajos,,1,familia,muy bien,,,8.0,2025-07-18,fantástico
venecia plaza centro,brasil,,2,pareja,muy bien,,,8.0,2025-07-13,fantástico
venecia plaza centro,italia,habitación doble estándar con vistas a la plaza del ayuntamiento,3,grupo,excepcional,,,10.0,2025-07-07,fantástico
venecia plaza centro,hungría,,1,familia,excepcional,,,10.0,2025-07-07,fantástico
venecia plaza centro,francia,habitación cuádruple estándar,1,familia,muy bien,,,8.0,2025-07-06,fantástico
venecia plaza centro,eslovaquia,habitación estándar,2,familia,excepcional,,,10.0,2025-07-05,fantástico
venecia plaza centro,austria,habitación estándar,3,grupo,muy bien,,,8.0,2025-06-29,fantástico
venecia plaza centro,italia,habitación estándar,2,familia,muy bien,,,8.0,2025-06-28,fantástico
venecia plaza centro,italia,habitación estándar,3,familia,fantástico,,,9.0,2025-06-27,fantástico
venecia plaza centro,eslovaquia,habitación estándar,1,grupo,fantástico,,,9.0,2025-06-26,fantástico
venecia plaza centro,italia,habitación doble estándar con vistas a la plaza del ayuntamiento,2,pareja,interessante e completo,,,8.0,2025-06-18,fantástico
venecia plaza centro,italia,habitación estándar,4,pareja,muy bien,,,8.0,2025-06-18,fantástico
venecia plaza centro,alemania,,7,pareja,muy bien,,,8.0,2025-06-18,fantástico
venecia plaza centro,países bajos,habitación doble estándar con vistas a la plaza del ayuntamiento,1,pareja,muy bien,,,8.0,2025-06-10,fantástico
venecia plaza centro,suiza,habitación doble estándar con vistas a la plaza del ayuntamiento,8,pareja,fantástico,,,9.0,2025-06-09,fantástico
venecia plaza centro,portugal,,1,familia,fantástico,,,9.0,2025-06-09,fantástico
venecia plaza centro,italia,habitación cuádruple estándar,4,familia,fantástico,,,9.0,2025-06-09,fantástico
venecia plaza centro,alemania,,5,grupo,muy bien,,,8.0,2025-06-07,fantástico
venecia plaza centro,francia,,1,pareja,muy bien,,,8.0,2025-06-07,fantástico
venecia plaza centro,francia,,1,persona que viaja sola,muy bien,,,8.0,2025-06-05,fantástico
venecia plaza centro,alemania,,4,grupo,excepcional,,,10.0,2025-06-04,fantástico
venecia plaza centro,alemania,habitación estándar,4,pareja,fantástico,,,9.0,2025-06-04,fantástico
venecia plaza centro,alemania,,3,grupo,muy bien,,,8.0,2025-06-03,fantástico
venecia plaza centro,portugal,habitación estándar,4,pareja,fantástico,,,9.0,2025-05-31,fantástico
venecia plaza centro,países bajos,,3,pareja,fantástico,,,9.0,2025-05-30,fantástico
venecia plaza centro,república checa,,3,pareja,excepcional,,,10.0,2025-05-30,fantástico
venecia plaza centro,italia,habitación estándar,3,pareja,excepcional,,,10.0,2025-05-29,fantástico
venecia plaza centro,italia,,2,familia,muy bien,,,8.0,2025-05-27,fantástico
venecia plaza centro,países bajos,habitación cuádruple estándar,4,grupo,muy bien,,,8.0,2025-05-27,fantástico
venecia plaza centro,portugal,habitación estándar,4,familia,muy bien,,,8.0,2025-05-26,fantástico
venecia plaza centro,portugal,habitación estándar,3,familia,muy bien,,,8.0,2025-05-26,fantástico
venecia plaza centro,países bajos,habitación cuádruple económica sin vistas,3,grupo,muy bien,,,8.0,2025-05-24,fantástico
venecia plaza centro,alemania,habitación doble estándar con vistas a la plaza del ayuntamiento,2,pareja,muy bien,,,8.0,2025-05-22,fantástico
venecia plaza centro,bélgica,,5,pareja,fantástico,,,9.0,2025-05-17,fantástico
venecia plaza centro,italia,habitación estándar,1,pareja,muy bien,,,8.0,2025-05-14,fantástico
venecia plaza centro,países bajos,habitación doble estándar con vistas a la plaza del ayuntamiento,4,pareja,muy bien,,,8.0,2025-05-13,fantástico
venecia plaza centro,alemania,,4,pareja,fantástico,,,9.0,2025-05-12,fantástico
venecia plaza centro,italia,habitación estándar,3,pareja,excepcional,,,10.0,2025-05-12,fantástico
venecia plaza centro,italia,habitación estándar,2,pareja,muy bien,,,8.0,2025-05-11,fantástico
venecia plaza centro,italia,habitación doble estándar con vistas a la plaza del ayuntamiento,3,familia,muy bien,,,8.0,2025-05-09,fantástico
venecia plaza centro,países bajos,habitación estándar,5,pareja,muy bien,,,8.0,2025-05-08,fantástico
venecia plaza centro,bélgica,habitación estándar,2,familia,muy bien,,,8.0,2025-05-07,fantástico
venecia plaza centro,italia,,4,familia,fantástico,,,9.0,2025-05-07,fantástico
venecia plaza centro,países bajos,habitación estándar,1,persona que viaja sola,muy bien,,,8.0,2025-05-06,fantástico
venecia plaza centro,españa,,1,pareja,muy bien,,,8.0,2025-05-02,fantástico
venecia plaza centro,austria,habitación estándar,5,familia,muy bien,,,8.0,2025-05-01,fantástico
venecia plaza centro,suiza,habitación doble estándar con vistas a la plaza del ayuntamiento,3,pareja,excepcional,,,10.0,2025-04-29,fantástico
venecia plaza centro,países bajos,habitación doble estándar con vistas a la plaza del ayuntamiento,4,pareja,muy bien,,,8.0,2025-04-23,fantástico
venecia plaza centro,países bajos,habitación cuádruple superior,3,familia,muy bien,,,8.0,2025-04-23,fantástico
venecia plaza centro,italia,habitación estándar,1,familia,muy bien,,,8.0,2025-04-23,fantástico
venecia plaza centro,noruega,,1,grupo,muy bien,,,8.0,2025-04-22,fantástico
venecia plaza centro,italia,,3,pareja,fantástico,,,9.0,2025-04-22,fantástico
venecia plaza centro,italia,,2,grupo,muy bien,,,8.0,2025-04-21,fantástico
venecia plaza centro,estonia,,2,familia,fantástico,,,9.0,2025-04-21,fantástico
venecia plaza centro,italia,habitación cuádruple económica sin vistas,3,familia,muy bien,,,8.0,2025-04-16,fantástico
venecia plaza centro,españa,habitación triple económica con vistas al patio interior,1,grupo,muy bien,,,8.0,2025-04-13,fantástico
venecia plaza centro,italia,habitación triple económica con vistas al patio interior,4,familia,muy bien,,,8.0,2025-04-11,fantástico
venecia plaza centro,países bajos,,1,pareja,mooi hotel op geweldige locatie middenin het centrum.,,,9.0,2025-04-09,fantástico
venecia plaza centro,suiza,habitación cuádruple estándar,5,grupo,excepcional,,,10.0,2025-04-07,fantástico
venecia plaza centro,italia,habitación estándar,4,pareja,muy bien,,,8.0,2025-04-05,fantástico
venecia plaza centro,italia,,1,grupo,fantástico,,,9.0,2025-04-03,fantástico
venecia plaza centro,bélgica,,3,grupo,muy bien,,,8.0,2025-04-02,fantástico
venecia plaza centro,españa,,1,pareja,muy bien,,,8.0,2025-04-01,fantástico
venecia plaza centro,polonia,habitación estándar,5,familia,muy bien,,,8.0,2025-03-29,fantástico
venecia plaza centro,san marino,,2,familia,muy bien,,,8.0,2025-03-29,fantástico
venecia plaza centro,italia,habitación cuádruple superior,4,pareja,muy bien,,,8.0,2025-03-27,fantástico
venecia plaza centro,italia,,2,pareja,fantástico,,,9.0,2025-03-26,fantástico
venecia plaza centro,países bajos,habitación cuádruple estándar,3,grupo,muy bien,,,8.0,2025-03-25,fantástico
venecia plaza centro,italia,,3,familia,muy bien,,,8.0,2025-03-24,fantástico
venecia plaza centro,italia,habitación cuádruple superior,3,grupo,excepcional,,,10.0,2025-03-23,fantástico
venecia plaza centro,italia,habitación estándar,3,pareja,muy bien,,,8.0,2025-03-17,fantástico
venecia plaza centro,italia,habitación estándar,3,pareja,muy bien,,,8.0,2025-03-12,fantástico
venecia plaza centro,finlandia,habitación doble estándar con vistas a la plaza del ayuntamiento,3,pareja,fantástico,,,9.0,2025-03-11,fantástico
venecia plaza centro,países bajos,,1,pareja,muy bien,,,8.0,2025-03-10,fantástico
venecia plaza centro,brasil,habitación estándar,2,pareja,muy bien,,,8.0,2025-03-02,fantástico
venecia plaza centro,israel,habitación estándar,3,persona que viaja sola,muy bien,,,8.0,2025-02-27,fantástico
venecia plaza centro,italia,habitación estándar,1,familia,muy bien,,,8.0,2025-02-25,fantástico
venecia plaza centro,italia,habitación estándar,1,pareja,fantástico,,,9.0,2025-02-23,fantástico
venecia plaza centro,italia,,2,familia,muy bien,,,8.0,2025-02-20,fantástico
venecia plaza centro,italia,habitación doble estándar con vistas a la plaza del ayuntamiento,4,familia,fantástico,,,9.0,2025-02-12,fantástico
venecia plaza centro,bélgica,habitación estándar,3,pareja,muy bien,,,8.0,2025-02-10,fantástico
venecia plaza centro,italia,habitación cuádruple superior,2,familia,muy bien,,,8.0,2025-02-10,fantástico
venecia plaza centro,emiratos árabes unidos,habitación estándar,1,grupo,muy bien,,,8.0,2025-02-07,fantástico
venecia plaza centro,bélgica,habitación doble estándar con vistas a la plaza del ayuntamiento,4,familia,muy bien,,,8.0,2025-02-07,fantástico
venecia plaza centro,países bajos,habitación estándar,1,persona que viaja sola,excepcional,,,10.0,2025-02-07,fantástico
venecia plaza centro,francia,habitación estándar,2,persona que viaja sola,fantástico,,,9.0,2025-02-07,fantástico
venecia plaza centro,italia,habitación cuádruple superior,3,familia,muy bien,,,8.0,2025-02-03,fantástico
venecia plaza centro,españa,habitación estándar,1,pareja,muy bien,,,8.0,2025-02-01,fantástico
venecia plaza centro,italia,habitación estándar,3,persona que viaja sola,muy bien,,,8.0,2025-01-31,fantástico
venecia plaza centro,italia,habitación cuádruple superior,2,grupo,muy bien,,,8.0,2025-01-26,fantástico
venecia plaza centro,italia,habitación estándar,1,familia,muy bien,,,8.0,2025-01-26,fantástico
venecia plaza centro,bosnia y herzegovina,habitación estándar,3,familia,excepcional,,,10.0,2025-01-24,fantástico
venecia plaza centro,turquía,habitación estándar,1,pareja,fantástico,,,9.0,2025-01-09,fantástico
venecia plaza centro,francia,habitación estándar,4,pareja,muy bien,,,8.0,2025-01-01,fantástico
venecia plaza centro,italia,,1,pareja,muy bien,,,8.0,2025-01-01,fantástico
venecia plaza centro,italia,habitación estándar,2,familia,muy bien,,,8.0,2024-12-28,fantástico
venecia plaza centro,italia,habitación cuádruple económica sin vistas,4,familia,fantástico,,,9.0,2024-12-27,fantástico
venecia plaza centro,italia,habitación estándar,2,familia,muy bien,,,8.0,2024-12-24,fantástico
venecia plaza centro,bélgica,habitación estándar,1,persona que viaja sola,muy bien,,,8.0,2024-12-18,fantástico
venecia plaza centro,italia,habitación cuádruple superior,2,grupo,fantástico,,,9.0,2024-12-08,fantástico
venecia plaza centro,países bajos,habitación doble estándar con vistas a la plaza del ayuntamiento,1,grupo,muy bien,,,8.0,2024-12-08,fantástico
venecia plaza centro,taiwán,habitación estándar,3,persona que viaja sola,fantástico,,,9.0,2024-11-30,fantástico
venecia plaza centro,bélgica,habitación triple superior,5,grupo,muy bien,,,8.0,2024-11-29,fantástico
venecia plaza centro,italia,habitación doble deluxe - 1 o 2 camas,3,grupo,fantástico,,,9.0,2024-11-28,fantástico
venecia plaza centro,suiza,,2,grupo,fantástico,,,9.0,2024-11-26,fantástico
venecia plaza centro,argelia,habitación estándar,1,persona que viaja sola,fantástico,,,9.0,2024-11-24,fantástico
venecia plaza centro,italia,habitación estándar,3,familia,fantástico,,,9.0,2024-11-18,fantástico
venecia plaza centro,finlandia,habitación cuádruple superior,3,familia,fantástico,,,9.0,2024-11-18,fantástico
venecia plaza centro,bélgica,habitación estándar,3,pareja,muy bien,,,8.0,2024-11-16,fantástico
venecia plaza centro,italia,habitación triple superior,2,familia,muy bien,,,8.0,2024-11-06,fantástico
venecia plaza centro,dinamarca,habitación estándar,3,pareja,fantástico,,,9.0,2024-11-06,fantástico
venecia plaza centro,italia,habitación cuádruple económica sin vistas,3,grupo,muy bien,,,8.0,2024-11-06,fantástico
venecia plaza centro,bélgica,,2,pareja,muy bien,,,8.0,2024-11-05,fantástico
venecia plaza centro,suiza,habitación doble deluxe - 1 o 2 camas,2,pareja,fantástico,,,9.0,2024-10-31,fantástico
venecia plaza centro,países bajos,habitación doble con balcón - plaza del ayuntamiento,6,pareja,muy bien,,,8.0,2024-10-29,fantástico
venecia plaza centro,países bajos,habitación triple superior,3,familia,muy bien,,,8.0,2024-10-23,fantástico
venecia plaza centro,suiza,habitación estándar,4,pareja,muy bien,,,8.0,2024-10-21,fantástico
venecia plaza centro,italia,,3,familia,muy bien,,,8.0,2024-10-18,fantástico
venecia plaza centro,italia,habitación doble con balcón - plaza del ayuntamiento,4,pareja,fantástico,,,9.0,2024-10-17,fantástico
venecia plaza centro,italia,habitación doble con balcón - plaza del ayuntamiento,5,familia,fantástico,,,9.0,2024-10-16,fantástico
venecia plaza centro,austria,habitación doble con balcón - plaza del ayuntamiento,3,pareja,muy bien,,,8.0,2024-10-13,fantástico
venecia plaza centro,bélgica,habitación estándar,4,pareja,excepcional,,,10.0,2024-10-11,fantástico
venecia plaza centro,austria,habitación doble con balcón - plaza del ayuntamiento,3,familia,fantástico,,,9.0,2024-10-11,fantástico
venecia plaza centro,portugal,habitación estándar,1,pareja,muy bien,,,8.0,2024-10-07,fantástico
venecia plaza centro,países bajos,habitación triple superior,3,familia,muy bien,,,8.0,2024-10-06,fantástico
venecia plaza centro,ucrania,habitación cuádruple prémium,2,familia,fantástico,,,9.0,2024-10-02,fantástico
venecia plaza centro,italia,habitación estándar,3,pareja,muy bien,,,8.0,2024-10-01,fantástico
venecia plaza centro,rusia,,1,familia,fantástico,,,9.0,2024-09-30,fantástico
venecia plaza centro,italia,,3,pareja,excepcional,,,10.0,2024-09-28,fantástico
venecia plaza centro,alemania,habitación estándar,1,familia,fantástico,,,9.0,2024-09-28,fantástico
venecia plaza centro,italia,habitación estándar,3,pareja,muy bien,,,8.0,2024-09-27,fantástico
venecia plaza centro,austria,habitación estándar,1,pareja,muy bien,,,8.0,2024-09-27,fantástico
venecia plaza centro,españa,habitación doble económica con vistas al patio interior,1,pareja,muy bien,,,8.0,2024-09-26,fantástico
venecia plaza centro,alemania,habitación doble económica con vistas al patio interior,4,grupo,muy bien,,,8.0,2024-09-23,fantástico
venecia plaza centro,italia,habitación estándar,2,familia,fantástico,,,9.0,2024-09-19,fantástico
venecia plaza centro,brasil,,5,persona que viaja sola,fantástico,,,9.0,2024-09-15,fantástico
venecia plaza centro,bélgica,habitación estándar,1,pareja,muy bien,,,8.0,2024-09-13,fantástico
venecia plaza centro,italia,habitación estándar,3,pareja,muy bien,,,8.0,2024-09-09,fantástico
venecia plaza centro,italia,habitación cuádruple económica sin vistas,1,familia,fantástico,,,9.0,2024-09-06,fantástico
venecia plaza centro,italia,habitación estándar,3,pareja,muy bien,,,8.0,2024-09-05,fantástico
venecia plaza centro,bélgica,habitación estándar,1,pareja,muy bien,,,8.0,2024-09-04,fantástico
venecia plaza centro,países bajos,habitación individual económica sin ventana,1,persona que viaja sola,muy bien,,,8.0,2024-08-29,fantástico
venecia plaza centro,países bajos,habitación estándar,5,pareja,fantástico,,,9.0,2024-08-28,fantástico
venecia plaza centro,brasil,habitación estándar,1,familia,muy bien,,,8.0,2024-08-26,fantástico
venecia plaza centro,italia,habitación cuádruple superior,3,familia,muy bien,,,8.0,2024-08-23,fantástico
venecia plaza centro,hungría,habitación doble económica con vistas al patio interior,1,familia,fantástico,,,9.0,2024-08-22,fantástico
venecia plaza centro,austria,habitación triple superior,3,grupo,fantástico,,,9.0,2024-08-20,fantástico
venecia plaza centro,países bajos,habitación triple económica con vistas al patio interior,1,familia,muy bien,,,8.0,2024-08-20,fantástico
venecia plaza centro,portugal,habitación doble económica con vistas al patio interior,3,pareja,muy bien,,,8.0,2024-08-18,fantástico
venecia plaza centro,italia,habitación estándar,4,familia,fantástico,,,9.0,2024-08-17,fantástico
venecia plaza centro,italia,habitación cuádruple económica sin vistas,1,familia,muy bien,,,8.0,2024-08-16,fantástico
venecia plaza centro,italia,habitación doble con balcón - plaza del ayuntamiento,4,pareja,fantástico,,,9.0,2024-08-14,fantástico
venecia plaza centro,francia,habitación estándar,1,pareja,fantástico,,,9.0,2024-08-11,fantástico
venecia plaza centro,guayana francesa,habitación cuádruple superior,1,familia,fantástico,,,9.0,2024-08-10,fantástico
venecia plaza centro,bélgica,habitación cuádruple económica sin vistas,1,familia,muy bien,,,8.0,2024-08-03,fantástico
venecia plaza centro,hungría,habitación cuádruple superior,1,familia,muy bien,,,8.0,2024-08-02,fantástico
venecia plaza centro,países bajos,habitación doble económica con vistas al patio interior,4,grupo,muy bien,,,8.0,2024-08-02,fantástico
venecia plaza centro,bélgica,habitación estándar,2,grupo,muy bien,,,8.0,2024-08-02,fantástico
venecia plaza centro,turquía,,1,grupo,muy bien,,,8.0,2024-07-30,fantástico
venecia plaza centro,portugal,,1,familia,muy bien,,,8.0,2024-07-29,fantástico
venecia plaza centro,croacia,habitación estándar,1,grupo,muy bien,,,8.0,2024-07-27,fantástico
venecia plaza centro,suiza,habitación cuádruple prémium,2,familia,fantástico,,,9.0,2024-07-21,fantástico
venecia plaza centro,países bajos,,3,familia,fantástico,,,9.0,2024-07-19,fantástico
venecia plaza centro,países bajos,habitación estándar,1,persona que viaja sola,muy bien,,,8.0,2024-07-17,fantástico
venecia plaza centro,italia,habitación cuádruple económica sin vistas,3,familia,muy bien,,,8.0,2024-07-16,fantástico
venecia plaza centro,italia,,2,grupo,fantástico,,,9.0,2024-07-14,fantástico
venecia plaza centro,austria,,3,familia,fantástico,,,9.0,2024-07-14,fantástico
venecia plaza centro,portugal,habitación cuádruple económica sin vistas,2,familia,fantástico,,,9.0,2024-07-08,fantástico
venecia plaza centro,corea del sur,habitación doble económica con vistas al patio interior,1,persona que viaja sola,muy bien,,,8.0,2024-06-30,fantástico
venecia plaza centro,países bajos,habitación estándar,4,grupo,muy bien,,,8.0,2024-06-29,fantástico
venecia plaza centro,italia,habitación estándar,2,familia,muy bien,,,8.0,2024-06-26,fantástico
venecia plaza centro,italia,habitación doble económica con vistas al patio interior,3,pareja,muy bien,,,8.0,2024-06-26,fantástico
venecia plaza centro,italia,habitación triple superior,4,familia,excepcional,,,10.0,2024-06-19,fantástico
venecia plaza centro,países bajos,habitación estándar,3,pareja,muy bien,,,8.0,2024-06-16,fantástico
venecia plaza centro,alemania,,4,grupo,muy bien,,,8.0,2024-06-15,fantástico
venecia plaza centro,austria,habitación doble con balcón - plaza del ayuntamiento,3,pareja,muy bien,,,8.0,2024-06-11,fantástico
venecia plaza centro,eslovenia,habitación doble económica con vistas al patio interior,2,grupo,fantástico,,,9.0,2024-06-11,fantástico
venecia plaza centro,austria,habitación estándar,4,pareja,muy bien,,,8.0,2024-05-31,fantástico
venecia plaza centro,italia,habitación cuádruple superior,4,familia,fantástico,,,9.0,2024-05-30,fantástico
venecia plaza centro,italia,habitación doble económica con vistas al patio interior,1,pareja,muy bien,,,8.0,2024-05-30,fantástico
venecia plaza centro,bélgica,habitación estándar,3,pareja,muy bien,,,8.0,2024-05-24,fantástico
venecia plaza centro,francia,habitación estándar,3,grupo,muy bien,,,8.0,2024-05-22,fantástico
venecia plaza centro,alemania,habitación cuádruple prémium,1,familia,muy bien,,,8.0,2024-05-21,fantástico
venecia plaza centro,países bajos,habitación cuádruple superior,3,familia,fantástico,,,9.0,2024-05-21,fantástico
venecia plaza centro,alemania,habitación estándar,3,familia,excepcional,,,10.0,2024-05-20,fantástico
venecia plaza centro,austria,habitación doble deluxe - 1 o 2 camas,4,pareja,fantástico,,,9.0,2024-05-19,fantástico
venecia plaza centro,italia,habitación estándar,1,grupo,muy bien,,,8.0,2024-05-17,fantástico
venecia plaza centro,eslovaquia,habitación triple superior,4,familia,fantástico,,,9.0,2024-05-16,fantástico
venecia plaza centro,alemania,habitación estándar,1,grupo,fantástico,,,9.0,2024-05-15,fantástico
venecia plaza centro,países bajos,habitación doble con balcón - plaza del ayuntamiento,3,familia,muy bien,,,8.0,2024-05-14,fantástico
venecia plaza centro,italia,habitación doble económica con vistas al patio interior,3,grupo,muy bien,,,8.0,2024-05-12,fantástico
venecia plaza centro,canadá,habitación estándar,4,persona que viaja sola,fantástico,,,9.0,2024-05-11,fantástico
venecia plaza centro,países bajos,habitación triple económica con vistas al patio interior,3,familia,muy bien,,,8.0,2024-05-10,fantástico
venecia plaza centro,austria,habitación doble económica con vistas al patio interior,1,familia,muy bien,,,8.0,2024-05-05,fantástico
venecia plaza centro,italia,habitación estándar,1,pareja,excepcional,,,10.0,2024-05-02,fantástico
venecia plaza centro,bélgica,habitación triple superior,3,familia,muy bien,,,8.0,2024-04-29,fantástico
venecia plaza centro,países bajos,habitación doble con balcón - plaza del ayuntamiento,4,pareja,fantástico,,,9.0,2024-04-27,fantástico
venecia plaza centro,países bajos,habitación cuádruple económica sin vistas,1,familia,muy bien,,,8.0,2024-04-26,fantástico
venecia plaza centro,italia,habitación estándar,3,familia,excepcional,,,10.0,2024-04-25,fantástico
venecia plaza centro,países bajos,habitación estándar,5,familia,muy bien,,,8.0,2024-04-24,fantástico
venecia plaza centro,países bajos,habitación estándar,2,pareja,muy bien,,,8.0,2024-04-22,fantástico
venecia plaza centro,alemania,habitación doble con balcón - plaza del ayuntamiento,3,familia,fantástico,,,9.0,2024-04-20,fantástico
venecia plaza centro,finlandia,habitación estándar,4,familia,fantástico,,,9.0,2024-04-19,fantástico
venecia plaza centro,países bajos,habitación doble económica con vistas al patio interior,2,familia,muy bien,,,8.0,2024-04-19,fantástico
venecia plaza centro,suecia,habitación doble económica con vistas al patio interior,1,pareja,fantástico,,,9.0,2024-04-15,fantástico
venecia plaza centro,suiza,habitación triple superior,5,familia,muy bien,,,8.0,2024-04-14,fantástico
venecia plaza centro,italia,habitación estándar,4,pareja,fantástico,,,9.0,2024-04-13,fantástico
venecia plaza centro,polonia,habitación estándar,1,pareja,excepcional,,,10.0,2024-04-13,fantástico
venecia plaza centro,alemania,habitación estándar,3,persona que viaja sola,muy bien,,,8.0,2024-04-13,fantástico
venecia plaza centro,bélgica,habitación estándar,4,pareja,muy bien,,,8.0,2024-04-11,fantástico
venecia plaza centro,italia,habitación estándar,2,familia,fantástico,,,9.0,2024-04-11,fantástico
venecia plaza centro,países bajos,habitación cuádruple superior,1,familia,muy bien,,,8.0,2024-04-09,fantástico
venecia plaza centro,ucrania,habitación estándar,1,pareja,fantástico,,,9.0,2024-04-02,fantástico
venecia plaza centro,italia,habitación triple superior,2,familia,fantástico,,,9.0,2024-03-31,fantástico
venecia plaza centro,alemania,habitación triple superior,3,familia,muy bien,,,8.0,2024-03-30,fantástico
venecia plaza centro,francia,habitación estándar,1,familia,muy bien,,,8.0,2024-03-28,fantástico
venecia plaza centro,italia,habitación estándar,2,pareja,fantástico,,,9.0,2024-03-25,fantástico
venecia plaza centro,alemania,habitación estándar,1,familia,muy bien,,,8.0,2024-03-24,fantástico
venecia plaza centro,italia,habitación doble deluxe - 1 o 2 camas,5,pareja,fantástico,,,9.0,2024-03-22,fantástico
venecia plaza centro,francia,habitación estándar,3,familia,fantástico,,,9.0,2024-03-19,fantástico
venecia plaza centro,españa,habitación estándar,2,pareja,fantástico,,,9.0,2024-03-18,fantástico
venecia plaza centro,países bajos,habitación estándar,2,pareja,muy bien,,,8.0,2024-03-12,fantástico
venecia plaza centro,italia,habitación cuádruple superior,2,familia,muy bien,,,8.0,2024-03-08,fantástico
venecia plaza centro,ucrania,habitación doble económica con vistas al patio interior,1,familia,muy bien,,,8.0,2024-03-04,fantástico
venecia plaza centro,austria,,4,familia,fantástico,,,9.0,2024-02-26,fantástico
venecia plaza centro,alemania,,4,grupo,muy bien,,,8.0,2024-02-24,fantástico
venecia plaza centro,países bajos,habitación estándar,1,pareja,geweldig,,,8.0,2024-02-22,fantástico
venecia plaza centro,alemania,habitación estándar,3,grupo,muy bien,,,8.0,2024-02-19,fantástico
venecia plaza centro,bélgica,habitación estándar,2,familia,muy bien,,,8.0,2024-02-19,fantástico
venecia plaza centro,bélgica,habitación triple superior,2,familia,muy bien,,,8.0,2024-02-13,fantástico
venecia plaza centro,italia,habitación estándar,1,familia,excepcional,,,10.0,2024-02-11,fantástico
venecia plaza centro,alemania,,1,grupo,fantástico,,,9.0,2024-02-10,fantástico
venecia plaza centro,austria,habitación doble con balcón - plaza del ayuntamiento,7,pareja,fantástico,,,9.0,2024-02-08,fantástico
venecia plaza centro,corea del sur,habitación cuádruple superior,2,familia,fantástico,,,9.0,2024-02-07,fantástico
venecia plaza centro,italia,habitación estándar,3,pareja,excepcional,,,10.0,2024-02-06,fantástico
venecia plaza centro,países bajos,habitación estándar,3,pareja,muy bien,,,8.0,2024-02-05,fantástico
venecia plaza centro,alemania,habitación doble económica con vistas al patio interior,1,persona que viaja sola,muy bien,,,8.0,2024-02-02,fantástico
venecia plaza centro,italia,habitación estándar,3,pareja,excepcional,,,10.0,2024-01-30,fantástico
venecia plaza centro,alemania,habitación doble con balcón - plaza del ayuntamiento,3,pareja,muy bien,,,8.0,2024-01-28,fantástico
venecia plaza centro,italia,habitación doble deluxe - 1 o 2 camas,1,pareja,fantástico,,,9.0,2024-01-25,fantástico
venecia plaza centro,italia,habitación estándar,4,persona que viaja sola,muy bien,,,8.0,2024-01-23,fantástico
venecia plaza centro,españa,habitación doble con balcón - plaza del ayuntamiento,1,persona que viaja sola,fantástico,,,9.0,2024-01-22,fantástico
venecia plaza centro,italia,habitación doble económica con vistas al patio interior,2,familia,muy bien,,,8.0,2024-01-19,fantástico
venecia plaza centro,alemania,habitación doble económica con vistas al patio interior,1,persona que viaja sola,muy bien,,,8.0,2024-01-17,fantástico
venecia plaza centro,francia,habitación estándar,1,pareja,muy bien,,,8.0,2024-01-16,fantástico
venecia plaza centro,italia,habitación cuádruple superior,4,familia,muy bien,,,8.0,2024-01-11,fantástico
venecia plaza centro,españa,habitación estándar,1,familia,muy bien,,,8.0,2024-01-09,fantástico
venecia plaza centro,italia,habitación estándar,3,familia,fantástico,,,9.0,2024-01-08,fantástico
venecia plaza centro,irlanda,habitación doble económica con vistas al patio interior,4,familia,excepcional,,,10.0,2024-01-06,fantástico
venecia plaza centro,bélgica,,4,familia,fantástico,,,9.0,2024-01-05,fantástico
venecia plaza centro,hungría,habitación estándar,2,persona que viaja sola,fantástico,,,9.0,2024-01-04,fantástico
venecia plaza centro,rusia,habitación triple superior,2,familia,excepcional,,,10.0,2024-01-03,fantástico
venecia plaza centro,países bajos,habitación doble con balcón - plaza del ayuntamiento,5,pareja,fantástico,,,9.0,2024-01-03,fantástico
venecia plaza centro,italia,habitación doble económica con vistas al patio interior,2,familia,muy bien,,,8.0,2024-01-03,fantástico
venecia plaza centro,brasil,habitación estándar,2,pareja,muy bien,,,8.0,2023-12-31,fantástico
venecia plaza centro,alemania,habitación estándar,2,familia,fantástico,,,9.0,2023-12-25,fantástico
venecia plaza centro,italia,,3,persona que viaja sola,muy bien,,,8.0,2023-12-25,fantástico
venecia plaza centro,austria,habitación estándar,3,familia,fantástico,,,9.0,2023-12-24,fantástico
venecia plaza centro,polonia,habitación estándar,2,familia,excepcional,,,10.0,2023-12-23,fantástico
venecia plaza centro,españa,habitación doble económica con vistas al patio interior,1,pareja,fantástico,,,9.0,2023-12-20,fantástico
venecia plaza centro,italia,habitación estándar,2,pareja,muy bien,,,8.0,2023-12-13,fantástico
venecia plaza centro,brasil,habitación estándar,1,persona que viaja sola,muy bien,,,8.0,2023-12-10,fantástico
venecia plaza centro,italia,habitación estándar,5,persona que viaja sola,fantástico,,,9.0,2023-11-25,fantástico
venecia plaza centro,italia,habitación cuádruple prémium,2,pareja,fantástico,,,9.0,2023-11-25,fantástico
venecia plaza centro,países bajos,habitación estándar,1,familia,muy bien,,,8.0,2023-11-25,fantástico
venecia plaza centro,italia,habitación estándar,2,grupo,muy bien,,,8.0,2023-11-24,fantástico
venecia plaza centro,italia,habitación estándar,2,pareja,muy bien,,,8.0,2023-11-24,fantástico
venecia plaza centro,países bajos,habitación doble con balcón - plaza del ayuntamiento,4,grupo,fantástico,,,9.0,2023-11-24,fantástico
venecia plaza centro,francia,habitación individual económica sin ventana,1,persona que viaja sola,fantástico,,,9.0,2023-11-22,fantástico
venecia plaza centro,república checa,habitación estándar,1,pareja,fantástico,,,9.0,2023-11-21,fantástico
venecia plaza centro,bélgica,habitación triple económica con vistas al patio interior,1,grupo,muy bien,,,8.0,2023-11-21,fantástico
venecia plaza centro,italia,habitación doble deluxe - 1 o 2 camas,2,pareja,muy bien,,,8.0,2023-11-21,fantástico
venecia plaza centro,países bajos,habitación doble con balcón - plaza del ayuntamiento,3,pareja,muy bien,,,8.0,2023-11-17,fantástico
venecia plaza centro,países bajos,habitación doble con balcón - plaza del ayuntamiento,3,pareja,muy bien,,,8.0,2023-11-17,fantástico
venecia plaza centro,bélgica,habitación estándar,4,pareja,fantástico,,,9.0,2023-11-17,fantástico
venecia plaza centro,italia,habitación doble económica con vistas al patio interior,2,pareja,fantástico,,,9.0,2023-11-16,fantástico
venecia plaza centro,austria,habitación individual económica sin ventana,2,persona que viaja sola,fantástico,,,9.0,2023-11-14,fantástico
venecia plaza centro,italia,,2,pareja,fantástico,,,9.0,2023-11-14,fantástico
venecia plaza centro,alemania,habitación doble con balcón - plaza del ayuntamiento,1,pareja,nettes personal. top lage. tolles hotel!!!,,,8.0,2023-11-13,fantástico
venecia plaza centro,italia,habitación estándar,6,familia,muy bien,,,8.0,2023-11-08,fantástico
venecia plaza centro,italia,habitación triple superior,2,familia,fantástico,,,9.0,2023-11-02,fantástico
venecia plaza centro,italia,habitación estándar,3,familia,fantástico,,,9.0,2023-11-02,fantástico
venecia plaza centro,suiza,habitación triple superior,4,persona que viaja sola,fantástico,,,9.0,2023-10-31,fantástico
venecia plaza centro,alemania,,5,pareja,excepcional,,,10.0,2023-10-24,fantástico
venecia plaza centro,italia,habitación cuádruple superior,1,familia,muy bien,,,8.0,2023-10-22,fantástico
venecia plaza centro,suiza,habitación doble económica con vistas al patio interior,2,familia,excepcional,,,10.0,2023-10-21,fantástico
venecia plaza centro,italia,habitación cuádruple económica sin vistas,3,familia,muy bien,,,8.0,2023-10-21,fantástico
venecia plaza centro,españa,habitación doble con balcón - plaza del ayuntamiento,2,pareja,fantástico,,,9.0,2023-10-21,fantástico
venecia plaza centro,alemania,habitación estándar,1,familia,muy bien,,,8.0,2023-10-21,fantástico
venecia plaza centro,países bajos,habitación individual económica sin ventana,1,persona que viaja sola,muy bien,,,8.0,2023-10-20,fantástico
venecia plaza centro,países bajos,habitación doble con balcón - plaza del ayuntamiento,3,familia,fantástico,,,9.0,2023-10-19,fantástico
venecia plaza centro,países bajos,habitación estándar,5,pareja,muy bien,,,8.0,2023-10-14,fantástico
venecia plaza centro,italia,habitación estándar,3,pareja,fantástico,,,9.0,2023-10-11,fantástico
venecia plaza centro,suiza,habitación triple superior,2,grupo,fantástico,,,9.0,2023-10-11,fantástico
venecia plaza centro,suiza,habitación cuádruple prémium,1,persona que viaja sola,muy bien,,,8.0,2023-10-11,fantástico
venecia plaza centro,españa,habitación estándar,1,pareja,fantástico,,,9.0,2023-10-10,fantástico
venecia plaza centro,países bajos,habitación triple superior,2,grupo,fantástico,,,9.0,2023-10-10,fantástico
venecia plaza centro,italia,habitación estándar,2,pareja,muy bien,,,8.0,2023-10-03,fantástico
venecia plaza centro,italia,habitación doble económica con vistas al patio interior,5,familia,muy bien,,,8.0,2023-10-02,fantástico
venecia plaza centro,países bajos,habitación estándar,1,pareja,fantástico,,,9.0,2023-10-01,fantástico
venecia plaza centro,italia,habitación doble económica con vistas al patio interior,2,grupo,fantástico,,,9.0,2023-10-01,fantástico
venecia plaza centro,italia,habitación doble económica con vistas al patio interior,7,familia,excepcional,,,10.0,2023-09-30,fantástico
venecia plaza centro,suiza,,5,pareja,fantástico,,,9.0,2023-09-28,fantástico
venecia plaza centro,italia,habitación estándar,3,grupo,muy bien,,,8.0,2023-09-24,fantástico
venecia plaza centro,italia,habitación estándar,7,pareja,muy bien,,,8.0,2023-09-23,fantástico
venecia plaza centro,alemania,habitación triple económica con vistas al patio interior,2,familia,muy bien,,,8.0,2023-09-22,fantástico
venecia plaza centro,países bajos,habitación estándar,3,pareja,muy bien,,,8.0,2023-09-15,fantástico
venecia plaza centro,canadá,habitación cuádruple económica sin vistas,1,familia,muy bien,,,8.0,2023-09-14,fantástico
venecia plaza centro,países bajos,habitación doble con balcón - plaza del ayuntamiento,3,pareja,fantástico,,,9.0,2023-09-14,fantástico
venecia plaza centro,alemania,habitación estándar,1,familia,muy bien,,,8.0,2023-09-08,fantástico
venecia plaza centro,italia,habitación estándar,4,pareja,muy bien,,,8.0,2023-09-08,fantástico
venecia plaza centro,países bajos,habitación estándar,3,grupo,muy bien,,,8.0,2023-09-07,fantástico
venecia plaza centro,italia,habitación cuádruple económica sin vistas,4,familia,muy bien,,,8.0,2023-09-06,fantástico
venecia plaza centro,japón,,1,persona que viaja sola,muy bien,,,8.0,2023-09-05,fantástico
venecia plaza centro,países bajos,habitación triple superior,3,grupo,fantástico,,,9.0,2023-09-04,fantástico
venecia plaza centro,brasil,habitación estándar,2,familia,excepcional,,,10.0,2023-09-02,fantástico
venecia plaza centro,italia,habitación triple superior,3,grupo,fantástico,,,9.0,2023-08-29,fantástico
venecia plaza centro,países bajos,habitación doble económica con vistas al patio interior,1,grupo,muy bien,,,8.0,2023-08-29,fantástico
venecia plaza centro,alemania,habitación doble con balcón - plaza del ayuntamiento,3,pareja,excepcional,,,10.0,2023-08-29,fantástico
venecia plaza centro,países bajos,habitación cuádruple económica sin vistas,4,grupo,fantástico,,,9.0,2023-08-28,fantástico
venecia plaza centro,italia,habitación estándar,4,pareja,muy bien,,,8.0,2023-08-27,fantástico
venecia plaza centro,italia,habitación estándar,2,pareja,fantástico,,,9.0,2023-08-27,fantástico
venecia plaza centro,italia,habitación cuádruple económica sin vistas,1,familia,muy bien,,,8.0,2023-08-26,fantástico
venecia plaza centro,italia,habitación cuádruple prémium,1,grupo,fantástico,,,9.0,2023-08-24,fantástico
venecia plaza centro,italia,,9,pareja,muy bien,,,8.0,2023-08-23,fantástico
venecia plaza centro,italia,habitación estándar,4,grupo,muy bien,,,8.0,2023-08-22,fantástico
venecia plaza centro,portugal,habitación estándar,3,familia,muy bien,,,8.0,2023-08-21,fantástico
venecia plaza centro,italia,habitación doble con balcón - plaza del ayuntamiento,4,pareja,fantástico,,,9.0,2023-08-21,fantástico
venecia plaza centro,italia,habitación triple económica con vistas al patio interior,1,familia,fantástico,,,9.0,2023-08-21,fantástico
venecia plaza centro,bulgaria,habitación estándar,1,grupo,fantástico,,,9.0,2023-08-20,fantástico
venecia plaza centro,eslovenia,habitación doble con balcón - plaza del ayuntamiento,4,pareja,fantástico,,,9.0,2023-08-17,fantástico
venecia plaza centro,eslovenia,habitación estándar,3,pareja,fantástico,,,9.0,2023-08-17,fantástico
venecia plaza centro,francia,habitación cuádruple económica sin vistas,1,familia,muy bien,,,8.0,2023-08-13,fantástico
venecia plaza centro,portugal,habitación estándar,5,familia,muy bien,,,8.0,2023-08-12,fantástico
venecia plaza centro,francia,habitación doble económica con vistas al patio interior,1,familia,fantástico,,,9.0,2023-08-11,fantástico
venecia plaza centro,francia,habitación cuádruple económica sin vistas,3,familia,muy bien,,,8.0,2023-08-09,fantástico
venecia plaza centro,rumanía,habitación estándar,1,pareja,muy bien,,,8.0,2023-08-08,fantástico
venecia plaza centro,países bajos,,3,pareja,fantástico,,,9.0,2023-08-06,fantástico
venecia plaza centro,bélgica,,3,grupo,fantástico,,,9.0,2023-08-02,fantástico
venecia plaza centro,países bajos,habitación cuádruple económica sin vistas,1,familia,muy bien,,,8.0,2023-07-28,fantástico
venecia plaza centro,italia,habitación estándar,2,pareja,fantástico,,,9.0,2023-07-26,fantástico
venecia plaza centro,países bajos,habitación doble económica con vistas al patio interior,3,pareja,fantástico,,,9.0,2023-07-26,fantástico
venecia plaza centro,países bajos,habitación estándar,2,grupo,muy bien,,,8.0,2023-07-25,fantástico
venecia plaza centro,italia,habitación estándar,2,grupo,excepcional,,,10.0,2023-07-22,fantástico
venecia plaza centro,bélgica,habitación estándar,4,pareja,muy bien,,,8.0,2023-07-21,fantástico
venecia plaza centro,italia,,3,familia,muy bien,,,8.0,2023-07-20,fantástico
venecia plaza centro,países bajos,,2,pareja,muy bien,,,8.0,2023-07-19,fantástico
venecia plaza centro,países bajos,habitación doble con balcón - plaza del ayuntamiento,1,pareja,muy bien,,,8.0,2023-07-19,fantástico
venecia plaza centro,italia,habitación doble económica con vistas al patio interior,3,pareja,muy bien,,,8.0,2023-07-16,fantástico
venecia plaza centro,suiza,,6,familia,fantástico,,,9.0,2023-07-15,fantástico
venecia plaza centro,italia,habitación estándar,3,grupo,buono,,,8.0,2023-07-14,fantástico
venecia plaza centro,italia,,3,grupo,fantástico,,,9.0,2023-07-12,fantástico
venecia plaza centro,bélgica,habitación triple superior,1,familia,muy bien,,,8.0,2023-07-10,fantástico
venecia plaza centro,países bajos,habitación doble económica con vistas al patio interior,4,familia,fantástico,,,9.0,2023-07-09,fantástico
venecia plaza centro,alemania,habitación doble con balcón - plaza del ayuntamiento,1,pareja,muy bien,,,8.0,2023-07-06,fantástico
venecia plaza centro,francia,habitación doble económica con vistas al patio interior,1,pareja,fantástico,,,9.0,2023-07-05,fantástico
venecia plaza centro,china,,2,familia,fantástico,,,9.0,2023-07-03,fantástico
venecia plaza centro,alemania,habitación estándar,1,persona que viaja sola,fantástico,,,9.0,2023-07-02,fantástico
venecia plaza centro,italia,habitación estándar,3,familia,fantástico,,,9.0,2023-07-02,fantástico
venecia plaza centro,bélgica,habitación doble con balcón - plaza del ayuntamiento,3,pareja,fantástico,,,9.0,2023-07-02,fantástico
venecia plaza centro,alemania,habitación doble económica con vistas al patio interior,2,familia,muy bien,,,8.0,2023-06-30,fantástico
venecia plaza centro,países bajos,habitación doble económica con vistas al patio interior,3,grupo,muy bien,,,8.0,2023-06-29,fantástico
venecia plaza centro,italia,habitación triple superior,3,familia,fantástico,,,9.0,2023-06-25,fantástico
venecia plaza centro,francia,habitación doble económica con vistas al patio interior,1,pareja,fantástico,,,9.0,2023-06-22,fantástico
venecia plaza centro,austria,habitación estándar,6,pareja,fantástico,,,9.0,2023-06-22,fantástico
venecia plaza centro,italia,habitación triple superior,3,familia,fantástico,,,9.0,2023-06-19,fantástico
venecia plaza centro,alemania,habitación doble económica con vistas al patio interior,1,familia,fantástico,,,9.0,2023-06-11,fantástico
venecia plaza centro,países bajos,habitación doble con balcón - plaza del ayuntamiento,4,familia,fantástico,,,9.0,2023-06-09,fantástico
venecia plaza centro,españa,habitación doble económica con vistas al patio interior,1,persona que viaja sola,fantástico,,,9.0,2023-06-06,fantástico
venecia plaza centro,italia,habitación estándar,1,grupo,muy bien,,,8.0,2023-06-02,fantástico
venecia plaza centro,francia,habitación triple superior,1,familia,fantástico,,,9.0,2023-06-01,fantástico
venecia plaza centro,países bajos,habitación doble con balcón - plaza del ayuntamiento,3,familia,muy bien,,,8.0,2023-05-30,fantástico
venecia plaza centro,países bajos,,4,familia,muy bien,,,8.0,2023-05-26,fantástico
venecia plaza centro,alemania,habitación doble con balcón - plaza del ayuntamiento,4,persona que viaja sola,fantástico,,,9.0,2023-05-26,fantástico
venecia plaza centro,colombia,habitación doble económica con vistas al patio interior,1,grupo,excepcional,,,10.0,2023-05-25,fantástico
venecia plaza centro,suiza,habitación cuádruple superior,3,familia,muy bien,,,8.0,2023-05-23,fantástico
venecia plaza centro,países bajos,habitación estándar,4,familia,fantástico,,,9.0,2023-05-20,fantástico
venecia plaza centro,noruega,habitación triple superior,4,grupo,fantástico,,,9.0,2023-05-19,fantástico
venecia plaza centro,países bajos,habitación doble económica con vistas al patio interior,2,persona que viaja sola,muy bien,,,8.0,2023-05-17,fantástico
venecia plaza centro,italia,habitación cuádruple superior,2,grupo,muy bien,,,8.0,2023-05-17,fantástico
venecia plaza centro,alemania,habitación estándar,3,familia,fantástico,,,9.0,2023-05-15,fantástico
venecia plaza centro,italia,habitación doble con balcón - plaza del ayuntamiento,3,pareja,muy bien,,,8.0,2023-05-15,fantástico
venecia plaza centro,países bajos,habitación estándar,3,familia,muy bien,,,8.0,2023-05-11,fantástico
venecia plaza centro,países bajos,habitación doble económica con vistas al patio interior,4,pareja,muy bien,,,8.0,2023-05-09,fantástico
venecia plaza centro,italia,habitación estándar,3,grupo,fantástico,,,9.0,2023-05-07,fantástico
venecia plaza centro,brasil,habitación doble económica con vistas al patio interior,2,pareja,muy bien,,,8.0,2023-05-04,fantástico
venecia plaza centro,italia,habitación triple superior,1,familia,muy bien,,,8.0,2023-05-02,fantástico
venecia plaza centro,italia,habitación estándar,3,grupo,muy bien,,,8.0,2023-05-01,fantástico
venecia plaza centro,países bajos,habitación doble con balcón - plaza del ayuntamiento,1,pareja,muy bien,,,8.0,2023-05-01,fantástico
venecia plaza centro,países bajos,habitación doble económica con vistas al patio interior,3,familia,fantástico,,,9.0,2023-04-29,fantástico
venecia plaza centro,japón,habitación doble económica con vistas al patio interior,1,pareja,muy bien,,,8.0,2023-04-27,fantástico
venecia plaza centro,países bajos,habitación doble con balcón - plaza del ayuntamiento,3,pareja,muy bien,,,8.0,2023-04-23,fantástico
venecia plaza centro,países bajos,,3,pareja,muy bien,,,8.0,2023-04-22,fantástico
venecia plaza centro,países bajos,habitación doble con balcón - plaza del ayuntamiento,3,pareja,muy bien,,,8.0,2023-04-20,fantástico
venecia plaza centro,países bajos,habitación doble con balcón - plaza del ayuntamiento,1,familia,fantástico,,,9.0,2023-04-19,fantástico
venecia plaza centro,francia,habitación doble con balcón - plaza del ayuntamiento,2,pareja,muy bien,,,8.0,2023-04-19,fantástico
venecia plaza centro,países bajos,,3,familia,muy bien,,,8.0,2023-04-18,fantástico
venecia plaza centro,italia,,2,grupo,muy bien,,,8.0,2023-04-17,fantástico
venecia plaza centro,suiza,habitación estándar,1,pareja,fantástico,,,9.0,2026-03-05,fantástico
venecia plaza centro,italia,,3,pareja,muy bien,,,8.0,2026-01-26,fantástico
venecia plaza centro,bélgica,habitación doble estándar con vistas a la plaza del ayuntamiento,6,pareja,muy bien,,,8.0,2025-09-13,fantástico
venecia plaza centro,italia,habitación estándar,2,pareja,muy bien,,,8.0,2025-04-11,fantástico
venecia plaza centro,alemania,habitación doble estándar con vistas a la plaza del ayuntamiento,2,grupo,excepcional,,,10.0,2025-04-07,fantástico
venecia plaza centro,armenia,habitación estándar,4,grupo,muy bien,,,8.0,2024-11-24,fantástico
venecia plaza centro,suiza,habitación estándar,1,familia,muy bien,,,8.0,2024-10-25,fantástico
venecia plaza centro,italia,habitación doble económica con vistas al patio interior,1,pareja,muy bien,,,8.0,2024-08-08,fantástico
venecia plaza centro,grecia,habitación estándar,3,grupo,muy bien,,,8.0,2024-01-09,fantástico
venecia plaza centro,brasil,habitación doble económica con vistas al patio interior,3,familia,fantástico,,,9.0,2023-06-06,fantástico
venecia plaza centro,bélgica,habitación estándar,4,familia,fantástico,,,9.0,2026-03-27,fantástico
venecia plaza centro,italia,habitación doble estándar con vistas a la plaza del ayuntamiento,1,pareja,fantástico,,,9.0,2026-03-02,fantástico
venecia plaza centro,italia,habitación cuádruple superior,2,familia,muy bien,,,8.0,2026-02-06,fantástico
venecia plaza centro,italia,,4,grupo,fantástico,,,9.0,2025-09-29,fantástico
venecia plaza centro,italia,habitación estándar,2,familia,excepcional,,,10.0,2025-09-12,fantástico
venecia plaza centro,japón,habitación cuádruple superior,3,familia,excepcional,,,10.0,2025-09-02,fantástico
venecia plaza centro,italia,habitación cuádruple superior,4,grupo,excepcional,,,10.0,2025-08-10,fantástico
venecia plaza centro,italia,,2,familia,fantástico,,,9.0,2025-06-15,fantástico
venecia plaza centro,italia,,1,persona que viaja sola,fantástico,,,9.0,2025-05-05,fantástico
venecia plaza centro,italia,,3,pareja,excepcional,,,10.0,2025-04-27,fantástico
venecia plaza centro,italia,,3,familia,"hotel stupendo nella piazza del municipio, a due passi dalle altre piazza importanti della città",,,9.0,2025-04-25,fantástico
venecia plaza centro,italia,habitación cuádruple superior,1,grupo,fantástico,,,9.0,2025-04-22,fantástico
venecia plaza centro,países bajos,habitación doble deluxe - 1 o 2 camas,4,persona que viaja sola,muy bien,,,8.0,2025-03-28,fantástico
venecia plaza centro,italia,,2,familia,excepcional,,,10.0,2025-03-24,fantástico
venecia plaza centro,bulgaria,habitación estándar,2,pareja,excepcional,,,10.0,2025-03-04,fantástico
venecia plaza centro,italia,habitación estándar,2,grupo,muy bien,,,8.0,2025-02-24,fantástico
venecia plaza centro,turquía,,2,pareja,muy bien,,,8.0,2025-01-13,fantástico
venecia plaza centro,italia,habitación triple económica con vistas al patio interior,3,familia,fantástico,,,9.0,2025-01-07,fantástico
venecia plaza centro,suiza,,1,persona que viaja sola,fantástico,,,9.0,2024-12-17,fantástico
venecia plaza centro,bulgaria,habitación estándar,1,grupo,fantástico,,,9.0,2024-11-09,fantástico
venecia plaza centro,italia,habitación estándar,1,pareja,excepcional,,,10.0,2024-06-30,fantástico
venecia plaza centro,italia,,3,pareja,muy bien,,,8.0,2023-12-29,fantástico
venecia plaza centro,países bajos,habitación estándar,2,familia,excepcional,,,10.0,2023-12-20,fantástico
venecia plaza centro,bulgaria,habitación estándar,1,pareja,fantástico,,,9.0,2023-11-10,fantástico
venecia plaza centro,italia,habitación estándar,2,familia,fantástico,,,9.0,2023-08-17,fantástico
venecia plaza centro,méxico,habitación doble con balcón - plaza del ayuntamiento,2,pareja,fantástico,,,9.0,2023-05-28,fantástico
venecia plaza centro,alemania,habitación doble estándar con vistas a la plaza del ayuntamiento,2,pareja,bien,,,7.0,2026-04-12,fantástico
venecia plaza centro,israel,habitación doble estándar con vistas a la plaza del ayuntamiento,3,persona que viaja sola,bien,,,7.0,2026-02-27,fantástico
venecia plaza centro,italia,,2,pareja,bien,,,7.0,2026-02-11,fantástico
venecia plaza centro,austria,habitación doble estándar con vistas a la plaza del ayuntamiento,3,pareja,agradable,,,6.0,2025-11-18,fantástico
venecia plaza centro,italia,habitación estándar,2,familia,bien,,,7.0,2025-11-10,fantástico
venecia plaza centro,méxico,habitación doble estándar con vistas a la plaza del ayuntamiento,3,pareja,bien,,,7.0,2025-10-10,fantástico
venecia plaza centro,francia,,2,familia,bien,,,7.0,2025-08-25,fantástico
venecia plaza centro,italia,,2,pareja,bien,,,7.0,2025-07-01,fantástico
venecia plaza centro,bélgica,habitación doble estándar con vistas a la plaza del ayuntamiento,3,familia,bien,,,7.0,2025-05-16,fantástico
venecia plaza centro,suiza,,3,pareja,bien,,,7.0,2025-04-25,fantástico
venecia plaza centro,alemania,habitación cuádruple superior,4,grupo,agradable,,,6.0,2025-03-14,fantástico
venecia plaza centro,ucrania,,1,pareja,bien,,,7.0,2025-01-01,fantástico
venecia plaza centro,portugal,,1,pareja,bien,,,7.0,2024-11-29,fantástico
venecia plaza centro,bélgica,habitación estándar,3,pareja,bien,,,7.0,2024-11-02,fantástico
venecia plaza centro,alemania,habitación doble con balcón - plaza del ayuntamiento,4,grupo,bien,,,7.0,2024-09-23,fantástico
venecia plaza centro,países bajos,habitación doble económica con vistas al patio interior,1,familia,bien,,,7.0,2024-09-17,fantástico
venecia plaza centro,francia,habitación doble con balcón - plaza del ayuntamiento,1,pareja,bien,,,7.0,2024-07-26,fantástico
venecia plaza centro,turquía,habitación estándar,1,pareja,agradable,,,6.0,2024-07-20,fantástico
venecia plaza centro,italia,habitación doble con balcón - plaza del ayuntamiento,1,pareja,bien,,,7.0,2024-06-04,fantástico
venecia plaza centro,italia,habitación doble con balcón - plaza del ayuntamiento,3,familia,decepcionante,,,4.0,2024-05-31,fantástico
venecia plaza centro,países bajos,habitación estándar,3,pareja,bien,,,7.0,2024-04-28,fantástico
venecia plaza centro,suecia,habitación cuádruple prémium,3,familia,bien,,,7.0,2024-04-16,fantástico
venecia plaza centro,turquía,habitación estándar,3,pareja,bien,,,7.0,2024-02-15,fantástico
venecia plaza centro,francia,habitación doble deluxe - 1 o 2 camas,2,pareja,bien,,,7.0,2024-02-15,fantástico
venecia plaza centro,francia,habitación doble con balcón - plaza del ayuntamiento,1,familia,bien,,,7.0,2024-01-07,fantástico
venecia plaza centro,alemania,habitación doble económica con vistas al patio interior,2,grupo,bien,,,7.0,2023-09-28,fantástico
venecia plaza centro,taiwán,habitación cuádruple económica sin vistas,1,grupo,bien,,,7.0,2023-09-19,fantástico
venecia plaza centro,italia,habitación estándar,4,pareja,bien,,,7.0,2023-09-18,fantástico
venecia plaza centro,italia,habitación estándar,1,pareja,"struttura collocata nella piazza centrale, vicina alla stazione e al resto delle attrazioni, facilmente raggiungibili co",,,7.0,2023-08-28,fantástico
venecia plaza centro,hungría,habitación estándar,5,familia,bien,,,7.0,2023-08-06,fantástico
venecia plaza centro,italia,habitación estándar,3,pareja,bien,,,7.0,2023-07-21,fantástico
venecia plaza centro,italia,habitación doble económica con vistas al patio interior,1,pareja,agradable,,,6.0,2023-06-26,fantástico
venecia plaza centro,canadá,habitación doble con balcón - plaza del ayuntamiento,1,pareja,bien,,,7.0,2023-04-22,fantástico
venecia plaza centro,brasil,,5,pareja,bien,,,7.0,2026-04-06,fantástico
venecia plaza centro,suiza,,2,pareja,bien,,,7.0,2026-04-04,fantástico
venecia plaza centro,países bajos,habitación estándar,1,pareja,bien,,,7.0,2026-03-10,fantástico
venecia plaza centro,turquía,,2,pareja,bien,,,7.0,2026-03-08,fantástico
venecia plaza centro,italia,,2,persona que viaja sola,bien,,,7.0,2026-02-27,fantástico
venecia plaza centro,países bajos,habitación estándar,3,pareja,bien,,,7.0,2026-02-10,fantástico
venecia plaza centro,italia,habitación cuádruple estándar,3,familia,bien,,,7.0,2026-01-11,fantástico
venecia plaza centro,francia,habitación doble estándar con vistas a la plaza del ayuntamiento,2,pareja,agradable,,,6.0,2026-01-07,fantástico
venecia plaza centro,italia,,3,familia,bien,,,7.0,2026-01-05,fantástico
venecia plaza centro,italia,habitación cuádruple económica sin vistas,3,familia,bien,,,7.0,2025-12-24,fantástico
venecia plaza centro,países bajos,habitación doble estándar con vistas a la plaza del ayuntamiento,1,pareja,bien,,,7.0,2025-11-27,fantástico
venecia plaza centro,austria,habitación triple económica con vistas al patio interior,1,pareja,bien,,,7.0,2025-10-21,fantástico
venecia plaza centro,bélgica,,7,pareja,bien,,,7.0,2025-10-14,fantástico
venecia plaza centro,italia,,7,familia,bien,,,7.0,2025-09-29,fantástico
venecia plaza centro,alemania,,3,grupo,agradable,,,6.0,2025-08-30,fantástico
venecia plaza centro,bélgica,habitación cuádruple económica sin vistas,2,familia,bien,,,7.0,2025-08-24,fantástico
venecia plaza centro,turquía,,2,pareja,bien,,,7.0,2025-08-01,fantástico
venecia plaza centro,lituania,,1,familia,bien,,,7.0,2025-07-20,fantástico
venecia plaza centro,suiza,habitación doble estándar con vistas a la plaza del ayuntamiento,1,pareja,bien,,,7.0,2025-07-20,fantástico
venecia plaza centro,reunión,,2,familia,bien,,,7.0,2025-07-17,fantástico
venecia plaza centro,arabia saudí,habitación estándar,1,familia,agradable,,,6.0,2025-07-02,fantástico
venecia plaza centro,italia,,3,grupo,bien,,,7.0,2025-06-27,fantástico
venecia plaza centro,italia,,2,familia,bien,,,7.0,2025-05-19,fantástico
venecia plaza centro,italia,,2,grupo,bien,,,7.0,2025-05-16,fantástico
venecia plaza centro,italia,habitación estándar,2,pareja,bien,,,7.0,2025-04-23,fantástico
venecia plaza centro,italia,habitación doble estándar con vistas a la plaza del ayuntamiento,2,pareja,bien,,,7.0,2025-04-18,fantástico
venecia plaza centro,turquía,,2,pareja,konumu güzel ve  al  anlar  güler yüzlü .,,,7.0,2025-04-15,fantástico
venecia plaza centro,francia,,1,familia,agradable,,,6.0,2025-03-29,fantástico
venecia plaza centro,italia,,3,familia,bien,,,7.0,2025-03-13,fantástico
venecia plaza centro,italia,habitación estándar,4,pareja,bien,,,7.0,2025-01-08,fantástico
venecia plaza centro,portugal,habitación estándar,2,pareja,bien,,,7.0,2024-11-29,fantástico
venecia plaza centro,italia,habitación estándar,3,familia,bien,,,7.0,2024-11-15,fantástico
venecia plaza centro,países bajos,habitación estándar,1,grupo,bien,,,7.0,2024-09-07,fantástico
venecia plaza centro,francia,,1,familia,bon hotel bien situé.,,,7.0,2024-08-19,fantástico
venecia plaza centro,bulgaria,habitación estándar,4,pareja,bien,,,7.0,2024-08-14,fantástico
venecia plaza centro,italia,habitación doble económica con vistas al patio interior,4,pareja,bien,,,7.0,2024-07-25,fantástico
venecia plaza centro,italia,habitación cuádruple superior,3,familia,bien,,,7.0,2024-07-23,fantástico
venecia plaza centro,suiza,,1,familia,bien,,,7.0,2024-07-12,fantástico
venecia plaza centro,grecia,,4,pareja,bien,,,7.0,2024-06-27,fantástico
venecia plaza centro,alemania,habitación estándar,3,familia,bien,,,7.0,2024-06-08,fantástico
venecia plaza centro,países bajos,habitación cuádruple económica sin vistas,4,grupo,bien,,,7.0,2024-05-28,fantástico
venecia plaza centro,ucrania,habitación estándar,3,pareja,bien,,,7.0,2024-05-11,fantástico
venecia plaza centro,italia,habitación estándar,3,pareja,bien,,,7.0,2024-04-29,fantástico
venecia plaza centro,italia,habitación cuádruple económica sin vistas,3,familia,bien,,,7.0,2024-04-19,fantástico
venecia plaza centro,finlandia,habitación estándar,4,familia,bien,,,7.0,2024-04-19,fantástico
venecia plaza centro,alemania,,2,pareja,bien,,,7.0,2024-03-29,fantástico
venecia plaza centro,grecia,habitación doble deluxe - 1 o 2 camas,1,pareja,bien,,,7.0,2024-03-25,fantástico
venecia plaza centro,italia,habitación estándar,2,pareja,bien,,,7.0,2024-03-24,fantástico
venecia plaza centro,alemania,habitación estándar,6,pareja,aceptable,,,5.0,2024-03-24,fantástico
venecia plaza centro,italia,habitación estándar,2,pareja,bien,,,7.0,2024-03-20,fantástico
venecia plaza centro,italia,habitación estándar,2,pareja,agradable,,,6.0,2024-03-15,fantástico
venecia plaza centro,italia,habitación estándar,3,pareja,bien,,,7.0,2024-03-13,fantástico
venecia plaza centro,francia,habitación doble económica con vistas al patio interior,1,pareja,bien,,,7.0,2024-02-16,fantástico
venecia plaza centro,italia,,3,grupo,bien,,,7.0,2024-02-06,fantástico
venecia plaza centro,países bajos,habitación triple superior,3,grupo,bien,,,7.0,2024-02-01,fantástico
venecia plaza centro,francia,habitación doble económica con vistas al patio interior,1,pareja,agradable,,,6.0,2023-12-29,fantástico
venecia plaza centro,italia,habitación doble económica con vistas al patio interior,3,familia,bien,,,7.0,2023-12-20,fantástico
venecia plaza centro,italia,habitación cuádruple económica sin vistas,3,familia,bien,,,7.0,2023-12-03,fantástico
venecia plaza centro,italia,habitación doble económica con vistas al patio interior,1,persona que viaja sola,bien,,,7.0,2023-11-28,fantástico
venecia plaza centro,italia,habitación estándar,2,pareja,bien,,,7.0,2023-11-14,fantástico
venecia plaza centro,italia,habitación doble con balcón - plaza del ayuntamiento,1,familia,bien,,,7.0,2023-11-13,fantástico
venecia plaza centro,países bajos,habitación doble con balcón - plaza del ayuntamiento,3,grupo,bien,,,7.0,2023-11-05,fantástico
venecia plaza centro,italia,habitación doble con balcón - plaza del ayuntamiento,5,pareja,bien,,,7.0,2023-10-08,fantástico
venecia plaza centro,países bajos,habitación doble económica con vistas al patio interior,3,grupo,bien,,,7.0,2023-10-07,fantástico
venecia plaza centro,italia,habitación doble económica con vistas al patio interior,4,pareja,bien,,,7.0,2023-09-18,fantástico
venecia plaza centro,países bajos,habitación doble económica con vistas al patio interior,5,pareja,bien,,,7.0,2023-09-17,fantástico
venecia plaza centro,españa,,2,pareja,bien,,,7.0,2023-09-03,fantástico
venecia plaza centro,italia,habitación doble económica con vistas al patio interior,2,pareja,bien,,,7.0,2023-08-18,fantástico
venecia plaza centro,italia,habitación triple superior,6,familia,bien,,,7.0,2023-08-14,fantástico
venecia plaza centro,suiza,habitación estándar,2,pareja,aceptable,,,5.0,2023-08-05,fantástico
venecia plaza centro,alemania,habitación estándar,1,grupo,bien,,,7.0,2023-07-12,fantástico
venecia plaza centro,alemania,habitación doble con balcón - plaza del ayuntamiento,2,pareja,agradable,,,6.0,2023-07-08,fantástico
venecia plaza centro,bélgica,habitación doble económica con vistas al patio interior,2,familia,bien,,,7.0,2023-06-07,fantástico
venecia plaza centro,suiza,habitación doble económica con vistas al patio interior,1,pareja,aceptable,,,5.0,2023-05-01,fantástico
venecia plaza centro,italia,habitación triple económica con vistas al patio interior,2,familia,bien,,,7.0,2026-03-28,fantástico
venecia plaza centro,portugal,,3,persona que viaja sola,agradable,,,6.0,2025-11-27,fantástico
venecia plaza centro,italia,habitación estándar,3,pareja,bien,,,7.0,2025-10-07,fantástico
venecia plaza centro,suiza,habitación cuádruple económica sin vistas,1,familia,decepcionante,,,4.0,2025-09-27,fantástico
venecia plaza centro,italia,,3,familia,aceptable,,,5.0,2025-09-04,fantástico
venecia plaza centro,república checa,habitación estándar,2,familia,agradable,,,6.0,2025-03-16,fantástico
venecia plaza centro,italia,,2,familia,aceptable,,,5.0,2025-02-08,fantástico
venecia plaza centro,italia,habitación estándar,1,familia,bien,,,7.0,2025-02-06,fantástico
venecia plaza centro,países bajos,habitación cuádruple superior,3,grupo,heel centraal gelegen hotel,,,7.0,2024-10-25,fantástico
venecia plaza centro,austria,habitación triple superior,1,familia,bien,,,7.0,2024-08-05,fantástico
venecia plaza centro,suiza,habitación triple superior,1,familia,decepcionante,,,4.0,2024-07-19,fantástico
venecia plaza centro,países bajos,habitación doble deluxe - 1 o 2 camas,7,pareja,decepcionante,,,4.0,2024-01-23,fantástico
venecia plaza centro,italia,habitación doble con balcón - plaza del ayuntamiento,2,pareja,bien,,,7.0,2024-01-04,fantástico
venecia plaza centro,italia,habitación doble económica con vistas al patio interior,1,familia,aceptable,,,5.0,2023-10-30,fantástico
venecia plaza centro,italia,habitación estándar,1,pareja,bien,,,7.0,2023-10-24,fantástico
venecia plaza centro,rumanía,habitación doble con balcón - plaza del ayuntamiento,1,persona que viaja sola,bien,,,7.0,2023-07-04,fantástico
venecia plaza centro,países bajos,habitación estándar,2,persona que viaja sola,bien,,,7.0,2023-06-28,fantástico
venecia plaza centro,países bajos,habitación estándar,4,familia,agradable,,,6.0,2023-06-14,fantástico
venecia plaza centro,países bajos,habitación estándar,3,pareja,bien,,,7.0,2023-06-11,fantástico
venecia plaza centro,ucrania,habitación doble económica con vistas al patio interior,1,pareja,aceptable,,,5.0,2023-07-24,fantástico
venecia plaza centro,rusia,,3,persona que viaja sola,pésimo,,,1.0,2025-12-06,fantástico
venecia plaza centro,hungría,habitación doble estándar con vistas a la plaza del ayuntamiento,3,familia,bien,,,7.0,2025-10-15,fantástico
venecia plaza centro,italia,habitación doble estándar con vistas a la plaza del ayuntamiento,2,pareja,agradable,,,6.0,2025-06-18,fantástico
venecia plaza centro,italia,habitación estándar,1,familia,fantástico,,,9.0,2024-08-27,fantástico
venecia plaza centro,italia,habitación cuádruple económica sin vistas,2,familia,excepcional,,,10.0,2024-02-06,fantástico
venecia plaza centro,malta,habitación doble con balcón - plaza del ayuntamiento,7,pareja,fantástico,,,9.0,2023-12-30,fantástico
venecia plaza centro,italia,habitación doble con balcón - plaza del ayuntamiento,4,pareja,muy bien,,,8.0,2023-12-15,fantástico
venecia plaza centro,italia,habitación estándar,3,pareja,muy bien,,,8.0,2023-09-30,fantástico
venecia plaza centro,alemania,habitación doble con balcón - plaza del ayuntamiento,7,pareja,fantástico,,,9.0,2023-09-18,fantástico
venecia plaza centro,italia,habitación cuádruple prémium,3,grupo,excepcional,,,10.0,2023-09-03,fantástico
venecia plaza centro,italia,habitación estándar,5,pareja,fantástico,,,9.0,2023-08-14,fantástico
venecia plaza centro,suiza,habitación estándar,5,grupo,muy bien,,,8.0,2023-07-21,fantástico
venecia plaza centro,italia,habitación estándar,1,grupo,fantástico,,,9.0,2023-06-30,fantástico
venecia plaza centro,países bajos,habitación cuádruple económica sin vistas,4,grupo,fantástico,,,9.0,2023-05-04,fantástico
venecia plaza centro,italia,habitación estándar,2,grupo,fantástico,,,9.0,2024-02-27,fantástico
venecia plaza centro,españa,habitación cuádruple superior,2,familia,muy bien,,,8.0,2023-12-18,fantástico
venecia plaza centro,países bajos,habitación cuádruple económica sin vistas,2,familia,muy bien,,,8.0,2023-08-19,fantástico
venecia plaza centro,francia,habitación cuádruple superior,1,grupo,bien,,,7.0,2023-08-07,fantástico
